0.000000000000000000e+00
4.084746250302774187e-05
8.169492500605548375e-05
1.633898500121109675e-04
2.450847750181664648e-04
3.267797000242219350e-04
1.143728950084776800e-03
1.960678200145331718e-03
2.777627450205886420e-03
3.594576700266441122e-03
5.147478846689781257e-03
6.700380993113121825e-03
8.253283139536462393e-03
9.806185285959802961e-03
1.135908743238314353e-02
1.397923786281208072e-02
1.659938829324101792e-02
1.921953872366995511e-02
2.183968915409889230e-02
2.445983958452782950e-02
2.707999001495676669e-02
2.970014044538570389e-02
3.232029087581464455e-02
3.494044130624358174e-02
3.796170038688552462e-02
4.098295946752746749e-02
4.400421854816941036e-02
4.702547762881135324e-02
5.004673670945329611e-02
5.425338742467188113e-02
5.846003813989046616e-02
6.266668885510905118e-02
6.687333957032763621e-02
7.107999028554622123e-02
7.528664100076480625e-02
8.069757833929351587e-02
8.610851567782222549e-02
9.151945301635093510e-02
9.693039035487964472e-02
1.023413276934083543e-01
1.065899357195363301e-01
1.108385437456643058e-01
1.150871517717922815e-01
1.193357597979202572e-01
1.255527683367274883e-01
1.317697768755347054e-01
1.379867854143419226e-01
1.519561088834240625e-01
1.659254323525062025e-01
1.798947558215883424e-01
1.938640792906704824e-01
2.017500143368363419e-01
2.096359493830022014e-01
2.175218844291680609e-01
2.254078194753339204e-01
2.324846956102956663e-01
2.395615717452574123e-01
2.466384478802191582e-01
2.643973768638218091e-01
2.821563058474244601e-01
2.999152348310271110e-01
3.176741638146297619e-01
3.320095574712024766e-01
3.463449511277751913e-01
3.606803447843479060e-01
3.750157384409206207e-01
3.803376530520741206e-01
3.856595676632276204e-01
3.909814822743811202e-01
4.022177750839541766e-01
4.134540678935272329e-01
4.246903607031002892e-01
4.359266535126733455e-01
4.420750921580685611e-01
4.482235308034637766e-01
4.543719694488589922e-01
4.695726466058907089e-01
4.847733237629224257e-01
4.999740009199541424e-01
5.151746780769858036e-01
5.203364896294595532e-01
5.254983011819333028e-01
5.306601127344070523e-01
5.359933849960774044e-01
5.413266572577477564e-01
5.466599295194181085e-01
5.644694874178171062e-01
5.822790453162161040e-01
6.000886032146151017e-01
6.178981611130140994e-01
6.314471072484501013e-01
6.449960533838861032e-01
6.585449995193221051e-01
6.720939456547581070e-01
6.773089170546656712e-01
6.825238884545732354e-01
6.877388598544807996e-01
6.939868032894978001e-01
7.002347467245148005e-01
7.064826901595318009e-01
7.308614305382021836e-01
7.552401709168725663e-01
7.613348560115401620e-01
7.674295411062077577e-01
7.735242262008753533e-01
7.796189112955429490e-01
7.847186781078064888e-01
7.898184449200700286e-01
7.949182117323335683e-01
8.104178865586223468e-01
8.259175613849111253e-01
8.414172362111999037e-01
8.569169110374886822e-01
8.654517329032507256e-01
8.739865547690127690e-01
8.825213766347748123e-01
8.965821325865306335e-01
9.106428885382864546e-01
9.247036444900422758e-01
9.568394434911694502e-01
9.648733932414512715e-01
9.729073429917330929e-01
9.809412927420149142e-01
9.889752424922967355e-01
9.940728276375172534e-01
9.991704127827377713e-01
1.004267997927958289e+00
1.009476580926556677e+00
1.014685163925155065e+00
1.019893746923753453e+00
1.043747182905288673e+00
1.067600618886823893e+00
1.073563977882207698e+00
1.079527336877591503e+00
1.085490695872975309e+00
1.091454054868359114e+00
1.096541844783672559e+00
1.101629634698986004e+00
1.106717424614299450e+00
1.126071761477234645e+00
1.145426098340169840e+00
1.164780435203105036e+00
1.170267281529354442e+00
1.175754127855603848e+00
1.181240974181853254e+00
1.186727820508102660e+00
1.191817834791690789e+00
1.196907849075278918e+00
1.201997863358867047e+00
1.209978702220809277e+00
1.217959541082751507e+00
1.225940379944693737e+00
1.264700844509365929e+00
1.274390960650533922e+00
1.284081076791701914e+00
1.293771192932869907e+00
1.303461309074037899e+00
1.308556879733052680e+00
1.313652450392067461e+00
1.318748021051082242e+00
1.323992006888865092e+00
1.329235992726647941e+00
1.334479978564430791e+00
1.366605273373242779e+00
1.398730568182054768e+00
1.406761891884257709e+00
1.414793215586460651e+00
1.422824539288663592e+00
1.438887186693069697e+00
1.454949834097475803e+00
1.471012481501881908e+00
1.487075128906288013e+00
1.514616434172244119e+00
1.542157739438200226e+00
1.569699044704156332e+00
1.597240349970112439e+00
1.655143001298232441e+00
1.713045652626352444e+00
1.770948303954472447e+00
1.828850955282592450e+00
1.886753606610712453e+00
1.951233585906468004e+00
2.015713565202223556e+00
2.080193544497979108e+00
2.144673523793734660e+00
2.209153503089490211e+00
2.291670445949295587e+00
2.374187388809100963e+00
2.456704331668906338e+00
2.539221274528711714e+00
2.621738217388517089e+00
2.704255160248322465e+00
2.804255160248322554e+00
2.904255160248322643e+00
3.004255160248322731e+00
3.104255160248322820e+00
3.204255160248322909e+00
3.304255160248322998e+00
3.404255160248323087e+00
3.504255160248323175e+00
3.604255160248323264e+00
3.704255160248323353e+00
3.804255160248323442e+00
3.904255160248323531e+00
4.004255160248323619e+00
4.104255160248323264e+00
4.204255160248322909e+00
4.304255160248322554e+00
4.404255160248322198e+00
4.504255160248321843e+00
4.604255160248321488e+00
4.704255160248321133e+00
4.804255160248320777e+00
4.904255160248320422e+00
5.004255160248320067e+00
5.104255160248319712e+00
5.204255160248319356e+00
5.304255160248319001e+00
5.404255160248318646e+00
5.504255160248318290e+00
5.604255160248317935e+00
5.704255160248317580e+00
5.804255160248317225e+00
5.904255160248316869e+00
6.004255160248316514e+00
6.104255160248316159e+00
6.204255160248315804e+00
6.304255160248315448e+00
6.404255160248315093e+00
6.504255160248314738e+00
6.604255160248314382e+00
6.704255160248314027e+00
6.804255160248313672e+00
6.904255160248313317e+00
7.004255160248312961e+00
7.104255160248312606e+00
7.204255160248312251e+00
7.304255160248311896e+00
7.404255160248311540e+00
7.504255160248311185e+00
7.604255160248310830e+00
7.704255160248310474e+00
7.804255160248310119e+00
7.904255160248309764e+00
8.004255160248309409e+00
8.104255160248309053e+00
8.204255160248308698e+00
8.304255160248308343e+00
8.404255160248307988e+00
8.504255160248307632e+00
8.604255160248307277e+00
8.704255160248306922e+00
8.804255160248306566e+00
8.904255160248306211e+00
9.004255160248305856e+00
9.104255160248305501e+00
9.204255160248305145e+00
9.304255160248304790e+00
9.404255160248304435e+00
9.504255160248304080e+00
9.604255160248303724e+00
9.704255160248303369e+00
9.804255160248303014e+00
9.904255160248302658e+00
1.000425516024830230e+01
1.010425516024830195e+01
1.020425516024830159e+01
1.030425516024830124e+01
1.040425516024830088e+01
1.050425516024830053e+01
1.060425516024830017e+01
1.070425516024829982e+01
1.080425516024829946e+01
1.090425516024829911e+01
1.100425516024829875e+01
1.110425516024829840e+01
1.120425516024829804e+01
1.130425516024829768e+01
1.140425516024829733e+01
1.150425516024829697e+01
1.160425516024829662e+01
1.170425516024829626e+01
1.180425516024829591e+01
1.190425516024829555e+01
1.200425516024829520e+01
1.210425516024829484e+01
1.220425516024829449e+01
1.230425516024829413e+01
1.240425516024829378e+01
1.250425516024829342e+01
1.260425516024829307e+01
1.270425516024829271e+01
1.280425516024829236e+01
1.290425516024829200e+01
1.300425516024829165e+01
1.310425516024829129e+01
1.320425516024829093e+01
1.330425516024829058e+01
1.340425516024829022e+01
1.350425516024828987e+01
1.360425516024828951e+01
1.370425516024828916e+01
1.380425516024828880e+01
1.390425516024828845e+01
1.400425516024828809e+01
1.410425516024828774e+01
1.420425516024828738e+01
1.430425516024828703e+01
1.440425516024828667e+01
1.450425516024828632e+01
1.460425516024828596e+01
1.470425516024828561e+01
1.480425516024828525e+01
1.490425516024828489e+01
1.500425516024828454e+01
1.510425516024828418e+01
1.520425516024828383e+01
1.530425516024828347e+01
1.540425516024828312e+01
1.550425516024828276e+01
1.560425516024828241e+01
1.570425516024828205e+01
1.580425516024828170e+01
1.590425516024828134e+01
1.600425516024828099e+01
1.610425516024828241e+01
1.620425516024828383e+01
1.630425516024828525e+01
1.640425516024828667e+01
1.650425516024828809e+01
1.660425516024828951e+01
1.670425516024829093e+01
1.680425516024829236e+01
1.690425516024829378e+01
1.700425516024829520e+01
1.710425516024829662e+01
1.720425516024829804e+01
1.730425516024829946e+01
1.740425516024830088e+01
1.750425516024830230e+01
1.760425516024830372e+01
1.770425516024830515e+01
1.780425516024830657e+01
1.790425516024830799e+01
1.800425516024830941e+01
1.810425516024831083e+01
1.820425516024831225e+01
1.830425516024831367e+01
1.840425516024831509e+01
1.850425516024831651e+01
1.860425516024831794e+01
1.870425516024831936e+01
1.880425516024832078e+01
1.890425516024832220e+01
1.900425516024832362e+01
1.910425516024832504e+01
1.920425516024832646e+01
1.930425516024832788e+01
1.940425516024832930e+01
1.950425516024833072e+01
1.960425516024833215e+01
1.970425516024833357e+01
1.980425516024833499e+01
1.990425516024833641e+01
2.000425516024833783e+01
2.010425516024833925e+01
2.020425516024834067e+01
2.030425516024834209e+01
2.040425516024834351e+01
2.050425516024834494e+01
2.060425516024834636e+01
2.070425516024834778e+01
2.080425516024834920e+01
2.090425516024835062e+01
2.100425516024835204e+01
2.110425516024835346e+01
2.120425516024835488e+01
2.130425516024835630e+01
2.140425516024835773e+01
2.150425516024835915e+01
2.160425516024836057e+01
2.170425516024836199e+01
2.180425516024836341e+01
2.190425516024836483e+01
2.200425516024836625e+01
2.210425516024836767e+01
2.220425516024836909e+01
2.230425516024837052e+01
2.240425516024837194e+01
2.250425516024837336e+01
2.260425516024837478e+01
2.270425516024837620e+01
2.280425516024837762e+01
2.290425516024837904e+01
2.300425516024838046e+01
2.310425516024838188e+01
2.320425516024838331e+01
2.330425516024838473e+01
2.340425516024838615e+01
2.350425516024838757e+01
2.360425516024838899e+01
2.370425516024839041e+01
2.380425516024839183e+01
2.390425516024839325e+01
2.400425516024839467e+01
2.410425516024839609e+01
2.420425516024839752e+01
2.430425516024839894e+01
2.440425516024840036e+01
2.450425516024840178e+01
2.460425516024840320e+01
2.470425516024840462e+01
2.480425516024840604e+01
2.490425516024840746e+01
2.500425516024840888e+01
2.510425516024841031e+01
2.520425516024841173e+01
2.530425516024841315e+01
2.540425516024841457e+01
2.550425516024841599e+01
2.560425516024841741e+01
2.570425516024841883e+01
2.580425516024842025e+01
2.590425516024842167e+01
2.600425516024842310e+01
2.610425516024842452e+01
2.620425516024842594e+01
2.630425516024842736e+01
2.640425516024842878e+01
2.650425516024843020e+01
2.660425516024843162e+01
2.670425516024843304e+01
2.680425516024843446e+01
2.690425516024843589e+01
2.700425516024843731e+01
2.710425516024843873e+01
2.720425516024844015e+01
2.730425516024844157e+01
2.740425516024844299e+01
2.750425516024844441e+01
2.760425516024844583e+01
2.770425516024844725e+01
2.780425516024844868e+01
2.790425516024845010e+01
2.800425516024845152e+01
2.810425516024845294e+01
2.820425516024845436e+01
2.830425516024845578e+01
2.840425516024845720e+01
2.850425516024845862e+01
2.860425516024846004e+01
2.870425516024846146e+01
2.880425516024846289e+01
2.890425516024846431e+01
2.900425516024846573e+01
2.910425516024846715e+01
2.920425516024846857e+01
2.930425516024846999e+01
2.940425516024847141e+01
2.950425516024847283e+01
2.960425516024847425e+01
2.970425516024847568e+01
2.980425516024847710e+01
2.990425516024847852e+01
3.000425516024847994e+01
3.010425516024848136e+01
3.020425516024848278e+01
3.030425516024848420e+01
3.040425516024848562e+01
3.050425516024848704e+01
3.060425516024848847e+01
3.070425516024848989e+01
3.080425516024849131e+01
3.090425516024849273e+01
3.100425516024849415e+01
3.110425516024849557e+01
3.120425516024849699e+01
3.130425516024849841e+01
3.140425516024849983e+01
3.150425516024850126e+01
3.160425516024850268e+01
3.170425516024850410e+01
3.180425516024850552e+01
3.190425516024850694e+01
3.200425516024850481e+01
3.210425516024850623e+01
3.220425516024850765e+01
3.230425516024850907e+01
3.240425516024851049e+01
3.250425516024851191e+01
3.260425516024851333e+01
3.270425516024851476e+01
3.280425516024851618e+01
3.290425516024851760e+01
3.300425516024851902e+01
3.310425516024852044e+01
3.320425516024852186e+01
3.330425516024852328e+01
3.340425516024852470e+01
3.350425516024852612e+01
3.360425516024852755e+01
3.370425516024852897e+01
3.380425516024853039e+01
3.390425516024853181e+01
3.400425516024853323e+01
3.410425516024853465e+01
3.420425516024853607e+01
3.430425516024853749e+01
3.440425516024853891e+01
3.450425516024854034e+01
3.460425516024854176e+01
3.470425516024854318e+01
3.480425516024854460e+01
3.490425516024854602e+01
3.500425516024854744e+01
3.510425516024854886e+01
3.520425516024855028e+01
3.530425516024855170e+01
3.540425516024855312e+01
3.550425516024855455e+01
3.560425516024855597e+01
3.570425516024855739e+01
3.580425516024855881e+01
3.590425516024856023e+01
3.600425516024856165e+01
3.610425516024856307e+01
3.620425516024856449e+01
3.630425516024856591e+01
3.640425516024856734e+01
3.650425516024856876e+01
3.660425516024857018e+01
3.670425516024857160e+01
3.680425516024857302e+01
3.690425516024857444e+01
3.700425516024857586e+01
3.710425516024857728e+01
3.720425516024857870e+01
3.730425516024858013e+01
3.740425516024858155e+01
3.750425516024858297e+01
3.760425516024858439e+01
3.770425516024858581e+01
3.780425516024858723e+01
3.790425516024858865e+01
3.800425516024859007e+01
3.810425516024859149e+01
3.820425516024859292e+01
3.830425516024859434e+01
3.840425516024859576e+01
3.850425516024859718e+01
3.860425516024859860e+01
3.870425516024860002e+01
3.880425516024860144e+01
3.890425516024860286e+01
3.900425516024860428e+01
3.910425516024860570e+01
3.920425516024860713e+01
3.930425516024860855e+01
3.940425516024860997e+01
3.950425516024861139e+01
3.960425516024861281e+01
3.970425516024861423e+01
3.980425516024861565e+01
3.990425516024861707e+01
4.000425516024861849e+01
4.010425516024861992e+01
4.020425516024862134e+01
4.030425516024862276e+01
4.040425516024862418e+01
4.050425516024862560e+01
4.060425516024862702e+01
4.070425516024862844e+01
4.080425516024862986e+01
4.090425516024863128e+01
4.100425516024863271e+01
4.110425516024863413e+01
4.120425516024863555e+01
4.130425516024863697e+01
4.140425516024863839e+01
4.150425516024863981e+01
4.160425516024864123e+01
4.170425516024864265e+01
4.180425516024864407e+01
4.190425516024864550e+01
4.200425516024864692e+01
4.210425516024864834e+01
4.220425516024864976e+01
4.230425516024865118e+01
4.240425516024865260e+01
4.250425516024865402e+01
4.260425516024865544e+01
4.270425516024865686e+01
4.280425516024865829e+01
4.290425516024865971e+01
4.300425516024866113e+01
4.310425516024866255e+01
4.320425516024866397e+01
4.330425516024866539e+01
4.340425516024866681e+01
4.350425516024866823e+01
4.360425516024866965e+01
4.370425516024867107e+01
4.380425516024867250e+01
4.390425516024867392e+01
4.400425516024867534e+01
4.410425516024867676e+01
4.420425516024867818e+01
4.430425516024867960e+01
4.440425516024868102e+01
4.450425516024868244e+01
4.460425516024868386e+01
4.470425516024868529e+01
4.480425516024868671e+01
4.490425516024868813e+01
4.500425516024868955e+01
4.510425516024869097e+01
4.520425516024869239e+01
4.530425516024869381e+01
4.540425516024869523e+01
4.550425516024869665e+01
4.560425516024869808e+01
4.570425516024869950e+01
4.580425516024870092e+01
4.590425516024870234e+01
4.600425516024870376e+01
4.610425516024870518e+01
4.620425516024870660e+01
4.630425516024870802e+01
4.640425516024870944e+01
4.650425516024871087e+01
4.660425516024871229e+01
4.670425516024871371e+01
4.680425516024871513e+01
4.690425516024871655e+01
4.700425516024871797e+01
4.710425516024871939e+01
4.720425516024872081e+01
4.730425516024872223e+01
4.740425516024872366e+01
4.750425516024872508e+01
4.760425516024872650e+01
4.770425516024872792e+01
4.780425516024872934e+01
4.790425516024873076e+01
4.800425516024873218e+01
4.810425516024873360e+01
4.820425516024873502e+01
4.830425516024873644e+01
4.840425516024873787e+01
4.850425516024873929e+01
4.860425516024874071e+01
4.870425516024874213e+01
4.880425516024874355e+01
4.890425516024874497e+01
4.900425516024874639e+01
4.910425516024874781e+01
4.920425516024874923e+01
4.930425516024875066e+01
4.940425516024875208e+01
4.950425516024875350e+01
4.960425516024875492e+01
4.970425516024875634e+01
4.980425516024875776e+01
4.990425516024875918e+01
5.000425516024876060e+01
5.010425516024876202e+01
5.020425516024876345e+01
5.030425516024876487e+01
5.040425516024876629e+01
5.050425516024876771e+01
5.060425516024876913e+01
5.070425516024877055e+01
5.080425516024877197e+01
5.090425516024877339e+01
5.100425516024877481e+01
5.110425516024877624e+01
5.120425516024877766e+01
5.130425516024877908e+01
5.140425516024878050e+01
5.150425516024878192e+01
5.160425516024878334e+01
5.170425516024878476e+01
5.180425516024878618e+01
5.190425516024878760e+01
5.200425516024878902e+01
5.210425516024879045e+01
5.220425516024879187e+01
5.230425516024879329e+01
5.240425516024879471e+01
5.250425516024879613e+01
5.260425516024879755e+01
5.270425516024879897e+01
5.280425516024880039e+01
5.290425516024880181e+01
5.300425516024880324e+01
5.310425516024880466e+01
5.320425516024880608e+01
5.330425516024880750e+01
5.340425516024880892e+01
5.350425516024881034e+01
5.360425516024881176e+01
5.370425516024881318e+01
5.380425516024881460e+01
5.390425516024881603e+01
5.400425516024881745e+01
5.410425516024881887e+01
5.420425516024882029e+01
5.430425516024882171e+01
5.440425516024882313e+01
5.450425516024882455e+01
5.460425516024882597e+01
5.470425516024882739e+01
5.480425516024882882e+01
5.490425516024883024e+01
5.500425516024883166e+01
5.510425516024883308e+01
5.520425516024883450e+01
5.530425516024883592e+01
5.540425516024883734e+01
5.550425516024883876e+01
5.560425516024884018e+01
5.570425516024884161e+01
5.580425516024884303e+01
5.590425516024884445e+01
5.600425516024884587e+01
5.610425516024884729e+01
5.620425516024884871e+01
5.630425516024885013e+01
5.640425516024885155e+01
5.650425516024885297e+01
5.660425516024885439e+01
5.670425516024885582e+01
5.680425516024885724e+01
5.690425516024885866e+01
5.700425516024886008e+01
5.710425516024886150e+01
5.720425516024886292e+01
5.730425516024886434e+01
5.740425516024886576e+01
5.750425516024886718e+01
5.760425516024886861e+01
5.770425516024887003e+01
5.780425516024887145e+01
5.790425516024887287e+01
5.800425516024887429e+01
5.810425516024887571e+01
5.820425516024887713e+01
5.830425516024887855e+01
5.840425516024887997e+01
5.850425516024888140e+01
5.860425516024888282e+01
5.870425516024888424e+01
5.880425516024888566e+01
5.890425516024888708e+01
5.900425516024888850e+01
5.910425516024888992e+01
5.920425516024889134e+01
5.930425516024889276e+01
5.940425516024889419e+01
5.950425516024889561e+01
5.960425516024889703e+01
5.970425516024889845e+01
5.980425516024889987e+01
5.990425516024890129e+01
6.000425516024890271e+01
6.010425516024890413e+01
6.020425516024890555e+01
6.030425516024890698e+01
6.040425516024890840e+01
6.050425516024890982e+01
6.060425516024891124e+01
6.070425516024891266e+01
6.080425516024891408e+01
6.090425516024891550e+01
6.100425516024891692e+01
6.110425516024891834e+01
6.120425516024891976e+01
6.130425516024892119e+01
6.140425516024892261e+01
6.150425516024892403e+01
6.160425516024892545e+01
6.170425516024892687e+01
6.180425516024892829e+01
6.190425516024892971e+01
6.200425516024893113e+01
6.210425516024893255e+01
6.220425516024893398e+01
6.230425516024893540e+01
6.240425516024893682e+01
6.250425516024893824e+01
6.260425516024893966e+01
6.270425516024894108e+01
6.280425516024894250e+01
6.290425516024894392e+01
6.300425516024894534e+01
6.310425516024894677e+01
6.320425516024894819e+01
6.330425516024894961e+01
6.340425516024895103e+01
6.350425516024895245e+01
6.360425516024895387e+01
6.370425516024895529e+01
6.380425516024895671e+01
6.390425516024895813e+01
6.400425516024895956e+01
6.410425516024895387e+01
6.420425516024894819e+01
6.430425516024894250e+01
6.440425516024893682e+01
6.450425516024893113e+01
6.460425516024892545e+01
6.470425516024891976e+01
6.480425516024891408e+01
6.490425516024890840e+01
6.500425516024890271e+01
6.510425516024889703e+01
6.520425516024889134e+01
6.530425516024888566e+01
6.540425516024887997e+01
6.550425516024887429e+01
6.560425516024886861e+01
6.570425516024886292e+01
6.580425516024885724e+01
6.590425516024885155e+01
6.600425516024884587e+01
6.610425516024884018e+01
6.620425516024883450e+01
6.630425516024882882e+01
6.640425516024882313e+01
6.650425516024881745e+01
6.660425516024881176e+01
6.670425516024880608e+01
6.680425516024880039e+01
6.690425516024879471e+01
6.700425516024878902e+01
6.710425516024878334e+01
6.720425516024877766e+01
6.730425516024877197e+01
6.740425516024876629e+01
6.750425516024876060e+01
6.760425516024875492e+01
6.770425516024874923e+01
6.780425516024874355e+01
6.790425516024873787e+01
6.800425516024873218e+01
6.810425516024872650e+01
6.820425516024872081e+01
6.830425516024871513e+01
6.840425516024870944e+01
6.850425516024870376e+01
6.860425516024869808e+01
6.870425516024869239e+01
6.880425516024868671e+01
6.890425516024868102e+01
6.900425516024867534e+01
6.910425516024866965e+01
6.920425516024866397e+01
6.930425516024865829e+01
6.940425516024865260e+01
6.950425516024864692e+01
6.960425516024864123e+01
6.970425516024863555e+01
6.980425516024862986e+01
6.990425516024862418e+01
7.000425516024861849e+01
7.010425516024861281e+01
7.020425516024860713e+01
7.030425516024860144e+01
7.040425516024859576e+01
7.050425516024859007e+01
7.060425516024858439e+01
7.070425516024857870e+01
7.080425516024857302e+01
7.090425516024856734e+01
7.100425516024856165e+01
7.110425516024855597e+01
7.120425516024855028e+01
7.130425516024854460e+01
7.140425516024853891e+01
7.150425516024853323e+01
7.160425516024852755e+01
7.170425516024852186e+01
7.180425516024851618e+01
7.190425516024851049e+01
7.200425516024850481e+01
7.210425516024849912e+01
7.220425516024849344e+01
7.230425516024848775e+01
7.240425516024848207e+01
7.250425516024847639e+01
7.260425516024847070e+01
7.270425516024846502e+01
7.280425516024845933e+01
7.290425516024845365e+01
7.300425516024844796e+01
7.310425516024844228e+01
7.320425516024843660e+01
7.330425516024843091e+01
7.340425516024842523e+01
7.350425516024841954e+01
7.360425516024841386e+01
7.370425516024840817e+01
7.380425516024840249e+01
7.390425516024839681e+01
7.400425516024839112e+01
7.410425516024838544e+01
7.420425516024837975e+01
7.430425516024837407e+01
7.440425516024836838e+01
7.450425516024836270e+01
7.460425516024835702e+01
7.470425516024835133e+01
7.480425516024834565e+01
7.490425516024833996e+01
7.500425516024833428e+01
7.510425516024832859e+01
7.520425516024832291e+01
7.530425516024831722e+01
7.540425516024831154e+01
7.550425516024830586e+01
7.560425516024830017e+01
7.570425516024829449e+01
7.580425516024828880e+01
7.590425516024828312e+01
7.600425516024827743e+01
7.610425516024827175e+01
7.620425516024826607e+01
7.630425516024826038e+01
7.640425516024825470e+01
7.650425516024824901e+01
7.660425516024824333e+01
7.670425516024823764e+01
7.680425516024823196e+01
7.690425516024822628e+01
7.700425516024822059e+01
7.710425516024821491e+01
7.720425516024820922e+01
7.730425516024820354e+01
7.740425516024819785e+01
7.750425516024819217e+01
7.760425516024818648e+01
7.770425516024818080e+01
7.780425516024817512e+01
7.790425516024816943e+01
7.800425516024816375e+01
7.810425516024815806e+01
7.820425516024815238e+01
7.830425516024814669e+01
7.840425516024814101e+01
7.850425516024813533e+01
7.860425516024812964e+01
7.870425516024812396e+01
7.880425516024811827e+01
7.890425516024811259e+01
7.900425516024810690e+01
7.910425516024810122e+01
7.920425516024809554e+01
7.930425516024808985e+01
7.940425516024808417e+01
7.950425516024807848e+01
7.960425516024807280e+01
7.970425516024806711e+01
7.980425516024806143e+01
7.990425516024805574e+01
8.000425516024805006e+01
8.010425516024804438e+01
8.020425516024803869e+01
8.030425516024803301e+01
8.040425516024802732e+01
8.050425516024802164e+01
8.060425516024801595e+01
8.070425516024801027e+01
8.080425516024800459e+01
8.090425516024799890e+01
8.100425516024799322e+01
8.110425516024798753e+01
8.120425516024798185e+01
8.130425516024797616e+01
8.140425516024797048e+01
8.150425516024796480e+01
8.160425516024795911e+01
8.170425516024795343e+01
8.180425516024794774e+01
8.190425516024794206e+01
8.200425516024793637e+01
8.210425516024793069e+01
8.220425516024792501e+01
8.230425516024791932e+01
8.240425516024791364e+01
8.250425516024790795e+01
8.260425516024790227e+01
8.270425516024789658e+01
8.280425516024789090e+01
8.290425516024788521e+01
8.300425516024787953e+01
8.310425516024787385e+01
8.320425516024786816e+01
8.330425516024786248e+01
8.340425516024785679e+01
8.350425516024785111e+01
8.360425516024784542e+01
8.370425516024783974e+01
8.380425516024783406e+01
8.390425516024782837e+01
8.400425516024782269e+01
8.410425516024781700e+01
8.420425516024781132e+01
8.430425516024780563e+01
8.440425516024779995e+01
8.450425516024779427e+01
8.460425516024778858e+01
8.470425516024778290e+01
8.480425516024777721e+01
8.490425516024777153e+01
8.500425516024776584e+01
8.510425516024776016e+01
8.520425516024775447e+01
8.530425516024774879e+01
8.540425516024774311e+01
8.550425516024773742e+01
8.560425516024773174e+01
8.570425516024772605e+01
8.580425516024772037e+01
8.590425516024771468e+01
8.600425516024770900e+01
8.610425516024770332e+01
8.620425516024769763e+01
8.630425516024769195e+01
8.640425516024768626e+01
8.650425516024768058e+01
8.660425516024767489e+01
8.670425516024766921e+01
8.680425516024766353e+01
8.690425516024765784e+01
8.700425516024765216e+01
8.710425516024764647e+01
8.720425516024764079e+01
8.730425516024763510e+01
8.740425516024762942e+01
8.750425516024762373e+01
8.760425516024761805e+01
8.770425516024761237e+01
8.780425516024760668e+01
8.790425516024760100e+01
8.800425516024759531e+01
8.810425516024758963e+01
8.820425516024758394e+01
8.830425516024757826e+01
8.840425516024757258e+01
8.850425516024756689e+01
8.860425516024756121e+01
8.870425516024755552e+01
8.880425516024754984e+01
8.890425516024754415e+01
8.900425516024753847e+01
8.910425516024753279e+01
8.920425516024752710e+01
8.930425516024752142e+01
8.940425516024751573e+01
8.950425516024751005e+01
8.960425516024750436e+01
8.970425516024749868e+01
8.980425516024749300e+01
8.990425516024748731e+01
9.000425516024748163e+01
9.010425516024747594e+01
9.020425516024747026e+01
9.030425516024746457e+01
9.040425516024745889e+01
9.050425516024745320e+01
9.060425516024744752e+01
9.070425516024744184e+01
9.080425516024743615e+01
9.090425516024743047e+01
9.100425516024742478e+01
9.110425516024741910e+01
9.120425516024741341e+01
9.130425516024740773e+01
9.140425516024740205e+01
9.150425516024739636e+01
9.160425516024739068e+01
9.170425516024738499e+01
9.180425516024737931e+01
9.190425516024737362e+01
9.200425516024736794e+01
9.210425516024736226e+01
9.220425516024735657e+01
9.230425516024735089e+01
9.240425516024734520e+01
9.250425516024733952e+01
9.260425516024733383e+01
9.270425516024732815e+01
9.280425516024732246e+01
9.290425516024731678e+01
9.300425516024731110e+01
9.310425516024730541e+01
9.320425516024729973e+01
9.330425516024729404e+01
9.340425516024728836e+01
9.350425516024728267e+01
9.360425516024727699e+01
9.370425516024727131e+01
9.380425516024726562e+01
9.390425516024725994e+01
9.400425516024725425e+01
9.410425516024724857e+01
9.420425516024724288e+01
9.430425516024723720e+01
9.440425516024723152e+01
9.450425516024722583e+01
9.460425516024722015e+01
9.470425516024721446e+01
9.480425516024720878e+01
9.490425516024720309e+01
9.500425516024719741e+01
9.510425516024719172e+01
9.520425516024718604e+01
9.530425516024718036e+01
9.540425516024717467e+01
9.550425516024716899e+01
9.560425516024716330e+01
9.570425516024715762e+01
9.580425516024715193e+01
9.590425516024714625e+01
9.600425516024714057e+01
9.610425516024713488e+01
9.620425516024712920e+01
9.630425516024712351e+01
9.640425516024711783e+01
9.650425516024711214e+01
9.660425516024710646e+01
9.670425516024710078e+01
9.680425516024709509e+01
9.690425516024708941e+01
9.700425516024708372e+01
9.710425516024707804e+01
9.720425516024707235e+01
9.730425516024706667e+01
9.740425516024706099e+01
9.750425516024705530e+01
9.760425516024704962e+01
9.770425516024704393e+01
9.780425516024703825e+01
9.790425516024703256e+01
9.800425516024702688e+01
9.810425516024702119e+01
9.820425516024701551e+01
9.830425516024700983e+01
9.840425516024700414e+01
9.850425516024699846e+01
9.860425516024699277e+01
9.870425516024698709e+01
9.880425516024698140e+01
9.890425516024697572e+01
9.900425516024697004e+01
9.910425516024696435e+01
9.920425516024695867e+01
9.930425516024695298e+01
9.940425516024694730e+01
9.950425516024694161e+01
9.960425516024693593e+01
9.970425516024693025e+01
9.980425516024692456e+01
9.990425516024691888e+01
9.992425516024691490e+01
9.994425516024691092e+01
9.996425516024690694e+01
9.998425516024690296e+01
9.999225516024689853e+01
9.999268745669672853e+01
9.999311975314655854e+01
9.999398434604621855e+01
9.999484893894587856e+01
9.999571353184553857e+01
9.999616663263549299e+01
9.999661973342544741e+01
9.999752593500537046e+01
9.999843213658529351e+01
9.999933833816521656e+01
9.999980460638862212e+01
9.999989599603009083e+01
9.999998738567155954e+01
9.999999104125721772e+01
9.999999469684287590e+01
9.999999835242853408e+01
1.000000020080141923e+02
1.000000093191855086e+02
1.000000166303568250e+02
1.000000897420699886e+02
1.000001628537831522e+02
1.000008939709148450e+02
1.000016250880465378e+02
1.000023562051782307e+02
1.000058481669688888e+02
1.000093401287595469e+02
1.000128320905502051e+02
1.000163240523408632e+02
1.000205135195192270e+02
1.000247029866975907e+02
1.000288924538759545e+02
1.000330819210543183e+02
1.000385716961414175e+02
1.000440614712285168e+02
1.000495512463156160e+02
1.000550410214027153e+02
1.000626663976638326e+02
1.000702917739249500e+02
1.000779171501860674e+02
1.000856949061482197e+02
1.000934726621103721e+02
1.001012504180725244e+02
1.001086576456375781e+02
1.001160648732026317e+02
1.001234721007676853e+02
1.001312326058996121e+02
1.001389931110315388e+02
1.001777210403144664e+02
1.002164489695973941e+02
1.002551768988803218e+02
1.003551768988803161e+02
1.004551768988803104e+02
1.005551768988803047e+02
1.006551768988802991e+02
1.007551768988802934e+02
1.008551768988802877e+02
1.009551768988802820e+02
1.010551768988802763e+02
1.011551768988802706e+02
1.012551768988802650e+02
1.013551768988802593e+02
1.014551768988802536e+02
1.015551768988802479e+02
1.016551768988802422e+02
1.017551768988802365e+02
1.018551768988802309e+02
1.019551768988802252e+02
1.020551768988802195e+02
1.021551768988802138e+02
1.022551768988802081e+02
1.023551768988802024e+02
1.024551768988801967e+02
1.025551768988801911e+02
1.026551768988801854e+02
1.027551768988801797e+02
1.028551768988801740e+02
1.029551768988801683e+02
1.030551768988801626e+02
1.031551768988801570e+02
1.032551768988801513e+02
1.033551768988801456e+02
1.034551768988801399e+02
1.035551768988801342e+02
1.036551768988801285e+02
1.037551768988801228e+02
1.038551768988801172e+02
1.039551768988801115e+02
1.040551768988801058e+02
1.041551768988801001e+02
1.042551768988800944e+02
1.043551768988800887e+02
1.044551768988800831e+02
1.045551768988800774e+02
1.046551768988800717e+02
1.047551768988800660e+02
1.048551768988800603e+02
1.049551768988800546e+02
1.050551768988800490e+02
1.051551768988800433e+02
1.052551768988800376e+02
1.053551768988800319e+02
1.054551768988800262e+02
1.055551768988800205e+02
1.056551768988800148e+02
1.057551768988800092e+02
1.058551768988800035e+02
1.059551768988799978e+02
1.060551768988799921e+02
1.061551768988799864e+02
1.062551768988799807e+02
1.063551768988799751e+02
1.064551768988799694e+02
1.065551768988799637e+02
1.066551768988799580e+02
1.067551768988799523e+02
1.068551768988799466e+02
1.069551768988799409e+02
1.070551768988799353e+02
1.071551768988799296e+02
1.072551768988799239e+02
1.073551768988799182e+02
1.074551768988799125e+02
1.075551768988799068e+02
1.076551768988799012e+02
1.077551768988798955e+02
1.078551768988798898e+02
1.079551768988798841e+02
1.080551768988798784e+02
1.081551768988798727e+02
1.082551768988798671e+02
1.083551768988798614e+02
1.084551768988798557e+02
1.085551768988798500e+02
1.086551768988798443e+02
1.087551768988798386e+02
1.088551768988798329e+02
1.089551768988798273e+02
1.090551768988798216e+02
1.091551768988798159e+02
1.092551768988798102e+02
1.093551768988798045e+02
1.094551768988797988e+02
1.095551768988797932e+02
1.096551768988797875e+02
1.097551768988797818e+02
1.098551768988797761e+02
1.099551768988797704e+02
1.100551768988797647e+02
1.101551768988797591e+02
1.102551768988797534e+02
1.103551768988797477e+02
1.104551768988797420e+02
1.105551768988797363e+02
1.106551768988797306e+02
1.107551768988797249e+02
1.108551768988797193e+02
1.109551768988797136e+02
1.110551768988797079e+02
1.111551768988797022e+02
1.112551768988796965e+02
1.113551768988796908e+02
1.114551768988796852e+02
1.115551768988796795e+02
1.116551768988796738e+02
1.117551768988796681e+02
1.118551768988796624e+02
1.119551768988796567e+02
1.120551768988796510e+02
1.121551768988796454e+02
1.122551768988796397e+02
1.123551768988796340e+02
1.124551768988796283e+02
1.125551768988796226e+02
1.126551768988796169e+02
1.127551768988796113e+02
1.128551768988796056e+02
1.129551768988795999e+02
1.130551768988795942e+02
1.131551768988795885e+02
1.132551768988795828e+02
1.133551768988795772e+02
1.134551768988795715e+02
1.135551768988795658e+02
1.136551768988795601e+02
1.137551768988795544e+02
1.138551768988795487e+02
1.139551768988795430e+02
1.140551768988795374e+02
1.141551768988795317e+02
1.142551768988795260e+02
1.143551768988795203e+02
1.144551768988795146e+02
1.145551768988795089e+02
1.146551768988795033e+02
1.147551768988794976e+02
1.148551768988794919e+02
1.149551768988794862e+02
1.150551768988794805e+02
1.151551768988794748e+02
1.152551768988794691e+02
1.153551768988794635e+02
1.154551768988794578e+02
1.155551768988794521e+02
1.156551768988794464e+02
1.157551768988794407e+02
1.158551768988794350e+02
1.159551768988794294e+02
1.160551768988794237e+02
1.161551768988794180e+02
1.162551768988794123e+02
1.163551768988794066e+02
1.164551768988794009e+02
1.165551768988793953e+02
1.166551768988793896e+02
1.167551768988793839e+02
1.168551768988793782e+02
1.169551768988793725e+02
1.170551768988793668e+02
1.171551768988793611e+02
1.172551768988793555e+02
1.173551768988793498e+02
1.174551768988793441e+02
1.175551768988793384e+02
1.176551768988793327e+02
1.177551768988793270e+02
1.178551768988793214e+02
1.179551768988793157e+02
1.180551768988793100e+02
1.181551768988793043e+02
1.182551768988792986e+02
1.183551768988792929e+02
1.184551768988792873e+02
1.185551768988792816e+02
1.186551768988792759e+02
1.187551768988792702e+02
1.188551768988792645e+02
1.189551768988792588e+02
1.190551768988792531e+02
1.191551768988792475e+02
1.192551768988792418e+02
1.193551768988792361e+02
1.194551768988792304e+02
1.195551768988792247e+02
1.196551768988792190e+02
1.197551768988792134e+02
1.198551768988792077e+02
1.199551768988792020e+02
1.200551768988791963e+02
1.201551768988791906e+02
1.202551768988791849e+02
1.203551768988791792e+02
1.204551768988791736e+02
1.205551768988791679e+02
1.206551768988791622e+02
1.207551768988791565e+02
1.208551768988791508e+02
1.209551768988791451e+02
1.210551768988791395e+02
1.211551768988791338e+02
1.212551768988791281e+02
1.213551768988791224e+02
1.214551768988791167e+02
1.215551768988791110e+02
1.216551768988791054e+02
1.217551768988790997e+02
1.218551768988790940e+02
1.219551768988790883e+02
1.220551768988790826e+02
1.221551768988790769e+02
1.222551768988790712e+02
1.223551768988790656e+02
1.224551768988790599e+02
1.225551768988790542e+02
1.226551768988790485e+02
1.227551768988790428e+02
1.228551768988790371e+02
1.229551768988790315e+02
1.230551768988790258e+02
1.231551768988790201e+02
1.232551768988790144e+02
1.233551768988790087e+02
1.234551768988790030e+02
1.235551768988789973e+02
1.236551768988789917e+02
1.237551768988789860e+02
1.238551768988789803e+02
1.239551768988789746e+02
1.240551768988789689e+02
1.241551768988789632e+02
1.242551768988789576e+02
1.243551768988789519e+02
1.244551768988789462e+02
1.245551768988789405e+02
1.246551768988789348e+02
1.247551768988789291e+02
1.248551768988789235e+02
1.249551768988789178e+02
1.250551768988789121e+02
1.251551768988789064e+02
1.252551768988789007e+02
1.253551768988788950e+02
1.254551768988788893e+02
1.255551768988788837e+02
1.256551768988788780e+02
1.257551768988788723e+02
1.258551768988788666e+02
1.259551768988788609e+02
1.260551768988788552e+02
1.261551768988788496e+02
1.262551768988788439e+02
1.263551768988788382e+02
1.264551768988788325e+02
1.265551768988788268e+02
1.266551768988788211e+02
1.267551768988788155e+02
1.268551768988788098e+02
1.269551768988788041e+02
1.270551768988787984e+02
1.271551768988787927e+02
1.272551768988787870e+02
1.273551768988787813e+02
1.274551768988787757e+02
1.275551768988787700e+02
1.276551768988787643e+02
1.277551768988787586e+02
1.278551768988787529e+02
1.279551768988787472e+02
1.280551768988787558e+02
1.281551768988787501e+02
1.282551768988787444e+02
1.283551768988787387e+02
1.284551768988787330e+02
1.285551768988787273e+02
1.286551768988787217e+02
1.287551768988787160e+02
1.288551768988787103e+02
1.289551768988787046e+02
1.290551768988786989e+02
1.291551768988786932e+02
1.292551768988786876e+02
1.293551768988786819e+02
1.294551768988786762e+02
1.295551768988786705e+02
1.296551768988786648e+02
1.297551768988786591e+02
1.298551768988786534e+02
1.299551768988786478e+02
1.300551768988786421e+02
1.301551768988786364e+02
1.302551768988786307e+02
1.303551768988786250e+02
1.304551768988786193e+02
1.305551768988786137e+02
1.306551768988786080e+02
1.307551768988786023e+02
1.308551768988785966e+02
1.309551768988785909e+02
1.310551768988785852e+02
1.311551768988785796e+02
1.312551768988785739e+02
1.313551768988785682e+02
1.314551768988785625e+02
1.315551768988785568e+02
1.316551768988785511e+02
1.317551768988785454e+02
1.318551768988785398e+02
1.319551768988785341e+02
1.320551768988785284e+02
1.321551768988785227e+02
1.322551768988785170e+02
1.323551768988785113e+02
1.324551768988785057e+02
1.325551768988785000e+02
1.326551768988784943e+02
1.327551768988784886e+02
1.328551768988784829e+02
1.329551768988784772e+02
1.330551768988784715e+02
1.331551768988784659e+02
1.332551768988784602e+02
1.333551768988784545e+02
1.334551768988784488e+02
1.335551768988784431e+02
1.336551768988784374e+02
1.337551768988784318e+02
1.338551768988784261e+02
1.339551768988784204e+02
1.340551768988784147e+02
1.341551768988784090e+02
1.342551768988784033e+02
1.343551768988783977e+02
1.344551768988783920e+02
1.345551768988783863e+02
1.346551768988783806e+02
1.347551768988783749e+02
1.348551768988783692e+02
1.349551768988783635e+02
1.350551768988783579e+02
1.351551768988783522e+02
1.352551768988783465e+02
1.353551768988783408e+02
1.354551768988783351e+02
1.355551768988783294e+02
1.356551768988783238e+02
1.357551768988783181e+02
1.358551768988783124e+02
1.359551768988783067e+02
1.360551768988783010e+02
1.361551768988782953e+02
1.362551768988782896e+02
1.363551768988782840e+02
1.364551768988782783e+02
1.365551768988782726e+02
1.366551768988782669e+02
1.367551768988782612e+02
1.368551768988782555e+02
1.369551768988782499e+02
1.370551768988782442e+02
1.371551768988782385e+02
1.372551768988782328e+02
1.373551768988782271e+02
1.374551768988782214e+02
1.375551768988782158e+02
1.376551768988782101e+02
1.377551768988782044e+02
1.378551768988781987e+02
1.379551768988781930e+02
1.380551768988781873e+02
1.381551768988781816e+02
1.382551768988781760e+02
1.383551768988781703e+02
1.384551768988781646e+02
1.385551768988781589e+02
1.386551768988781532e+02
1.387551768988781475e+02
1.388551768988781419e+02
1.389551768988781362e+02
1.390551768988781305e+02
1.391551768988781248e+02
1.392551768988781191e+02
1.393551768988781134e+02
1.394551768988781077e+02
1.395551768988781021e+02
1.396551768988780964e+02
1.397551768988780907e+02
1.398551768988780850e+02
1.399551768988780793e+02
1.400551768988780736e+02
1.401551768988780680e+02
1.402551768988780623e+02
1.403551768988780566e+02
1.404551768988780509e+02
1.405551768988780452e+02
1.406551768988780395e+02
1.407551768988780339e+02
1.408551768988780282e+02
1.409551768988780225e+02
1.410551768988780168e+02
1.411551768988780111e+02
1.412551768988780054e+02
1.413551768988779997e+02
1.414551768988779941e+02
1.415551768988779884e+02
1.416551768988779827e+02
1.417551768988779770e+02
1.418551768988779713e+02
1.419551768988779656e+02
1.420551768988779600e+02
1.421551768988779543e+02
1.422551768988779486e+02
1.423551768988779429e+02
1.424551768988779372e+02
1.425551768988779315e+02
1.426551768988779259e+02
1.427551768988779202e+02
1.428551768988779145e+02
1.429551768988779088e+02
1.430551768988779031e+02
1.431551768988778974e+02
1.432551768988778917e+02
1.433551768988778861e+02
1.434551768988778804e+02
1.435551768988778747e+02
1.436551768988778690e+02
1.437551768988778633e+02
1.438551768988778576e+02
1.439551768988778520e+02
1.440551768988778463e+02
1.441551768988778406e+02
1.442551768988778349e+02
1.443551768988778292e+02
1.444551768988778235e+02
1.445551768988778178e+02
1.446551768988778122e+02
1.447551768988778065e+02
1.448551768988778008e+02
1.449551768988777951e+02
1.450551768988777894e+02
1.451551768988777837e+02
1.452551768988777781e+02
1.453551768988777724e+02
1.454551768988777667e+02
1.455551768988777610e+02
1.456551768988777553e+02
1.457551768988777496e+02
1.458551768988777440e+02
1.459551768988777383e+02
1.460551768988777326e+02
1.461551768988777269e+02
1.462551768988777212e+02
1.463551768988777155e+02
1.464551768988777098e+02
1.465551768988777042e+02
1.466551768988776985e+02
1.467551768988776928e+02
1.468551768988776871e+02
1.469551768988776814e+02
1.470551768988776757e+02
1.471551768988776701e+02
1.472551768988776644e+02
1.473551768988776587e+02
1.474551768988776530e+02
1.475551768988776473e+02
1.476551768988776416e+02
1.477551768988776359e+02
1.478551768988776303e+02
1.479551768988776246e+02
1.480551768988776189e+02
1.481551768988776132e+02
1.482551768988776075e+02
1.483551768988776018e+02
1.484551768988775962e+02
1.485551768988775905e+02
1.486551768988775848e+02
1.487551768988775791e+02
1.488551768988775734e+02
1.489551768988775677e+02
1.490551768988775621e+02
1.491551768988775564e+02
1.492551768988775507e+02
1.493551768988775450e+02
1.494551768988775393e+02
1.495551768988775336e+02
1.496551768988775279e+02
1.497551768988775223e+02
1.498551768988775166e+02
1.499551768988775109e+02
1.500551768988775052e+02
1.501551768988774995e+02
1.502551768988774938e+02
1.503551768988774882e+02
1.504551768988774825e+02
1.505551768988774768e+02
1.506551768988774711e+02
1.507551768988774654e+02
1.508551768988774597e+02
1.509551768988774541e+02
1.510551768988774484e+02
1.511551768988774427e+02
1.512551768988774370e+02
1.513551768988774313e+02
1.514551768988774256e+02
1.515551768988774199e+02
1.516551768988774143e+02
1.517551768988774086e+02
1.518551768988774029e+02
1.519551768988773972e+02
1.520551768988773915e+02
1.521551768988773858e+02
1.522551768988773802e+02
1.523551768988773745e+02
1.524551768988773688e+02
1.525551768988773631e+02
1.526551768988773574e+02
1.527551768988773517e+02
1.528551768988773460e+02
1.529551768988773404e+02
1.530551768988773347e+02
1.531551768988773290e+02
1.532551768988773233e+02
1.533551768988773176e+02
1.534551768988773119e+02
1.535551768988773063e+02
1.536551768988773006e+02
1.537551768988772949e+02
1.538551768988772892e+02
1.539551768988772835e+02
1.540551768988772778e+02
1.541551768988772722e+02
1.542551768988772665e+02
1.543551768988772608e+02
1.544551768988772551e+02
1.545551768988772494e+02
1.546551768988772437e+02
1.547551768988772380e+02
1.548551768988772324e+02
1.549551768988772267e+02
1.550551768988772210e+02
1.551551768988772153e+02
1.552551768988772096e+02
1.553551768988772039e+02
1.554551768988771983e+02
1.555551768988771926e+02
1.556551768988771869e+02
1.557551768988771812e+02
1.558551768988771755e+02
1.559551768988771698e+02
1.560551768988771641e+02
1.561551768988771585e+02
1.562551768988771528e+02
1.563551768988771471e+02
1.564551768988771414e+02
1.565551768988771357e+02
1.566551768988771300e+02
1.567551768988771244e+02
1.568551768988771187e+02
1.569551768988771130e+02
1.570551768988771073e+02
1.571551768988771016e+02
1.572551768988770959e+02
1.573551768988770903e+02
1.574551768988770846e+02
1.575551768988770789e+02
1.576551768988770732e+02
1.577551768988770675e+02
1.578551768988770618e+02
1.579551768988770561e+02
1.580551768988770505e+02
1.581551768988770448e+02
1.582551768988770391e+02
1.583551768988770334e+02
1.584551768988770277e+02
1.585551768988770220e+02
1.586551768988770164e+02
1.587551768988770107e+02
1.588551768988770050e+02
1.589551768988769993e+02
1.590551768988769936e+02
1.591551768988769879e+02
1.592551768988769822e+02
1.593551768988769766e+02
1.594551768988769709e+02
1.595551768988769652e+02
1.596551768988769595e+02
1.597551768988769538e+02
1.598551768988769481e+02
1.599551768988769425e+02
1.600551768988769368e+02
1.601551768988769311e+02
1.602551768988769254e+02
1.603551768988769197e+02
1.604551768988769140e+02
1.605551768988769084e+02
1.606551768988769027e+02
1.607551768988768970e+02
1.608551768988768913e+02
1.609551768988768856e+02
1.610551768988768799e+02
1.611551768988768742e+02
1.612551768988768686e+02
1.613551768988768629e+02
1.614551768988768572e+02
1.615551768988768515e+02
1.616551768988768458e+02
1.617551768988768401e+02
1.618551768988768345e+02
1.619551768988768288e+02
1.620551768988768231e+02
1.621551768988768174e+02
1.622551768988768117e+02
1.623551768988768060e+02
1.624551768988768004e+02
1.625551768988767947e+02
1.626551768988767890e+02
1.627551768988767833e+02
1.628551768988767776e+02
1.629551768988767719e+02
1.630551768988767662e+02
1.631551768988767606e+02
1.632551768988767549e+02
1.633551768988767492e+02
1.634551768988767435e+02
1.635551768988767378e+02
1.636551768988767321e+02
1.637551768988767265e+02
1.638551768988767208e+02
1.639551768988767151e+02
1.640551768988767094e+02
1.641551768988767037e+02
1.642551768988766980e+02
1.643551768988766923e+02
1.644551768988766867e+02
1.645551768988766810e+02
1.646551768988766753e+02
1.647551768988766696e+02
1.648551768988766639e+02
1.649551768988766582e+02
1.650551768988766526e+02
1.651551768988766469e+02
1.652551768988766412e+02
1.653551768988766355e+02
1.654551768988766298e+02
1.655551768988766241e+02
1.656551768988766185e+02
1.657551768988766128e+02
1.658551768988766071e+02
1.659551768988766014e+02
1.660551768988765957e+02
1.661551768988765900e+02
1.662551768988765843e+02
1.663551768988765787e+02
1.664551768988765730e+02
1.665551768988765673e+02
1.666551768988765616e+02
1.667551768988765559e+02
1.668551768988765502e+02
1.669551768988765446e+02
1.670551768988765389e+02
1.671551768988765332e+02
1.672551768988765275e+02
1.673551768988765218e+02
1.674551768988765161e+02
1.675551768988765104e+02
1.676551768988765048e+02
1.677551768988764991e+02
1.678551768988764934e+02
1.679551768988764877e+02
1.680551768988764820e+02
1.681551768988764763e+02
1.682551768988764707e+02
1.683551768988764650e+02
1.684551768988764593e+02
1.685551768988764536e+02
1.686551768988764479e+02
1.687551768988764422e+02
1.688551768988764366e+02
1.689551768988764309e+02
1.690551768988764252e+02
1.691551768988764195e+02
1.692551768988764138e+02
1.693551768988764081e+02
1.694551768988764024e+02
1.695551768988763968e+02
1.696551768988763911e+02
1.697551768988763854e+02
1.698551768988763797e+02
1.699551768988763740e+02
1.700551768988763683e+02
1.701551768988763627e+02
1.702551768988763570e+02
1.703551768988763513e+02
1.704551768988763456e+02
1.705551768988763399e+02
1.706551768988763342e+02
1.707551768988763286e+02
1.708551768988763229e+02
1.709551768988763172e+02
1.710551768988763115e+02
1.711551768988763058e+02
1.712551768988763001e+02
1.713551768988762944e+02
1.714551768988762888e+02
1.715551768988762831e+02
1.716551768988762774e+02
1.717551768988762717e+02
1.718551768988762660e+02
1.719551768988762603e+02
1.720551768988762547e+02
1.721551768988762490e+02
1.722551768988762433e+02
1.723551768988762376e+02
1.724551768988762319e+02
1.725551768988762262e+02
1.726551768988762205e+02
1.727551768988762149e+02
1.728551768988762092e+02
1.729551768988762035e+02
1.730551768988761978e+02
1.731551768988761921e+02
1.732551768988761864e+02
1.733551768988761808e+02
1.734551768988761751e+02
1.735551768988761694e+02
1.736551768988761637e+02
1.737551768988761580e+02
1.738551768988761523e+02
1.739551768988761467e+02
1.740551768988761410e+02
1.741551768988761353e+02
1.742551768988761296e+02
1.743551768988761239e+02
1.744551768988761182e+02
1.745551768988761125e+02
1.746551768988761069e+02
1.747551768988761012e+02
1.748551768988760955e+02
1.749551768988760898e+02
1.750551768988760841e+02
1.751551768988760784e+02
1.752551768988760728e+02
1.753551768988760671e+02
1.754551768988760614e+02
1.755551768988760557e+02
1.756551768988760500e+02
1.757551768988760443e+02
1.758551768988760386e+02
1.759551768988760330e+02
1.760551768988760273e+02
1.761551768988760216e+02
1.762551768988760159e+02
1.763551768988760102e+02
1.764551768988760045e+02
1.765551768988759989e+02
1.766551768988759932e+02
1.767551768988759875e+02
1.768551768988759818e+02
1.769551768988759761e+02
1.770551768988759704e+02
1.771551768988759648e+02
1.772551768988759591e+02
1.773551768988759534e+02
1.774551768988759477e+02
1.775551768988759420e+02
1.776551768988759363e+02
1.777551768988759306e+02
1.778551768988759250e+02
1.779551768988759193e+02
1.780551768988759136e+02
1.781551768988759079e+02
1.782551768988759022e+02
1.783551768988758965e+02
1.784551768988758909e+02
1.785551768988758852e+02
1.786551768988758795e+02
1.787551768988758738e+02
1.788551768988758681e+02
1.789551768988758624e+02
1.790551768988758568e+02
1.791551768988758511e+02
1.792551768988758454e+02
1.793551768988758397e+02
1.794551768988758340e+02
1.795551768988758283e+02
1.796551768988758226e+02
1.797551768988758170e+02
1.798551768988758113e+02
1.799551768988758056e+02
1.800551768988757999e+02
1.801551768988757942e+02
1.802551768988757885e+02
1.803551768988757829e+02
1.804551768988757772e+02
1.805551768988757715e+02
1.806551768988757658e+02
1.807551768988757601e+02
1.808551768988757544e+02
1.809551768988757487e+02
1.810551768988757431e+02
1.811551768988757374e+02
1.812551768988757317e+02
1.813551768988757260e+02
1.814551768988757203e+02
1.815551768988757146e+02
1.816551768988757090e+02
1.817551768988757033e+02
1.818551768988756976e+02
1.819551768988756919e+02
1.820551768988756862e+02
1.821551768988756805e+02
1.822551768988756749e+02
1.823551768988756692e+02
1.824551768988756635e+02
1.825551768988756578e+02
1.826551768988756521e+02
1.827551768988756464e+02
1.828551768988756407e+02
1.829551768988756351e+02
1.830551768988756294e+02
1.831551768988756237e+02
1.832551768988756180e+02
1.833551768988756123e+02
1.834551768988756066e+02
1.835551768988756010e+02
1.836551768988755953e+02
1.837551768988755896e+02
1.838551768988755839e+02
1.839551768988755782e+02
1.840551768988755725e+02
1.841551768988755668e+02
1.842551768988755612e+02
1.843551768988755555e+02
1.844551768988755498e+02
1.845551768988755441e+02
1.846551768988755384e+02
1.847551768988755327e+02
1.848551768988755271e+02
1.849551768988755214e+02
1.850551768988755157e+02
1.851551768988755100e+02
1.852551768988755043e+02
1.853551768988754986e+02
1.854551768988754930e+02
1.855551768988754873e+02
1.856551768988754816e+02
1.857551768988754759e+02
1.858551768988754702e+02
1.859551768988754645e+02
1.860551768988754588e+02
1.861551768988754532e+02
1.862551768988754475e+02
1.863551768988754418e+02
1.864551768988754361e+02
1.865551768988754304e+02
1.866551768988754247e+02
1.867551768988754191e+02
1.868551768988754134e+02
1.869551768988754077e+02
1.870551768988754020e+02
1.871551768988753963e+02
1.872551768988753906e+02
1.873551768988753849e+02
1.874551768988753793e+02
1.875551768988753736e+02
1.876551768988753679e+02
1.877551768988753622e+02
1.878551768988753565e+02
1.879551768988753508e+02
1.880551768988753452e+02
1.881551768988753395e+02
1.882551768988753338e+02
1.883551768988753281e+02
1.884551768988753224e+02
1.885551768988753167e+02
1.886551768988753111e+02
1.887551768988753054e+02
1.888551768988752997e+02
1.889551768988752940e+02
1.890551768988752883e+02
1.891551768988752826e+02
1.892551768988752769e+02
1.893551768988752713e+02
1.894551768988752656e+02
1.895551768988752599e+02
1.896551768988752542e+02
1.897551768988752485e+02
1.898551768988752428e+02
1.899551768988752372e+02
1.900551768988752315e+02
1.901551768988752258e+02
1.902551768988752201e+02
1.903551768988752144e+02
1.904551768988752087e+02
1.905551768988752031e+02
1.906551768988751974e+02
1.907551768988751917e+02
1.908551768988751860e+02
1.909551768988751803e+02
1.910551768988751746e+02
1.911551768988751689e+02
1.912551768988751633e+02
1.913551768988751576e+02
1.914551768988751519e+02
1.915551768988751462e+02
1.916551768988751405e+02
1.917551768988751348e+02
1.918551768988751292e+02
1.919551768988751235e+02
1.920551768988751178e+02
1.921551768988751121e+02
1.922551768988751064e+02
1.923551768988751007e+02
1.924551768988750950e+02
1.925551768988750894e+02
1.926551768988750837e+02
1.927551768988750780e+02
1.928551768988750723e+02
1.929551768988750666e+02
1.930551768988750609e+02
1.931551768988750553e+02
1.932551768988750496e+02
1.933551768988750439e+02
1.934551768988750382e+02
1.935551768988750325e+02
1.936551768988750268e+02
1.937551768988750212e+02
1.938551768988750155e+02
1.939551768988750098e+02
1.940551768988750041e+02
1.941551768988749984e+02
1.942551768988749927e+02
1.943551768988749870e+02
1.944551768988749814e+02
1.945551768988749757e+02
1.946551768988749700e+02
1.947551768988749643e+02
1.948551768988749586e+02
1.949551768988749529e+02
1.950551768988749473e+02
1.951551768988749416e+02
1.952551768988749359e+02
1.953551768988749302e+02
1.954551768988749245e+02
1.955551768988749188e+02
1.956551768988749131e+02
1.957551768988749075e+02
1.958551768988749018e+02
1.959551768988748961e+02
1.960551768988748904e+02
1.961551768988748847e+02
1.962551768988748790e+02
1.963551768988748734e+02
1.964551768988748677e+02
1.965551768988748620e+02
1.966551768988748563e+02
1.967551768988748506e+02
1.968551768988748449e+02
1.969551768988748393e+02
1.970551768988748336e+02
1.971551768988748279e+02
1.972551768988748222e+02
1.973551768988748165e+02
1.974551768988748108e+02
1.975551768988748051e+02
1.976551768988747995e+02
1.977551768988747938e+02
1.978551768988747881e+02
1.979551768988747824e+02
1.980551768988747767e+02
1.981551768988747710e+02
1.982551768988747654e+02
1.983551768988747597e+02
1.984551768988747540e+02
1.985551768988747483e+02
1.986551768988747426e+02
1.987551768988747369e+02
1.988551768988747313e+02
1.989551768988747256e+02
1.990551768988747199e+02
1.991551768988747142e+02
1.992551768988747085e+02
1.993551768988747028e+02
1.994551768988746971e+02
1.995551768988746915e+02
1.996551768988746858e+02
1.997551768988746801e+02
1.998551768988746744e+02
1.999551768988746687e+02
2.000551768988746630e+02
2.001551768988746574e+02
2.002551768988746517e+02
2.003551768988746460e+02
2.004551768988746403e+02
2.005551768988746346e+02
2.006551768988746289e+02
2.007551768988746232e+02
2.008551768988746176e+02
2.009551768988746119e+02
2.010551768988746062e+02
2.011551768988746005e+02
2.012551768988745948e+02
2.013551768988745891e+02
2.014551768988745835e+02
2.015551768988745778e+02
2.016551768988745721e+02
2.017551768988745664e+02
2.018551768988745607e+02
2.019551768988745550e+02
2.020551768988745494e+02
2.021551768988745437e+02
2.022551768988745380e+02
2.023551768988745323e+02
2.024551768988745266e+02
2.025551768988745209e+02
2.026551768988745152e+02
2.027551768988745096e+02
2.028551768988745039e+02
2.029551768988744982e+02
2.030551768988744925e+02
2.031551768988744868e+02
2.032551768988744811e+02
2.033551768988744755e+02
2.034551768988744698e+02
2.035551768988744641e+02
2.036551768988744584e+02
2.037551768988744527e+02
2.038551768988744470e+02
2.039551768988744413e+02
2.040551768988744357e+02
2.041551768988744300e+02
2.042551768988744243e+02
2.043551768988744186e+02
2.044551768988744129e+02
2.045551768988744072e+02
2.046551768988744016e+02
2.047551768988743959e+02
2.048551768988743902e+02
2.049551768988743845e+02
2.050551768988743788e+02
2.051551768988743731e+02
2.052551768988743675e+02
2.053551768988743618e+02
2.054551768988743561e+02
2.055551768988743504e+02
2.056551768988743447e+02
2.057551768988743390e+02
2.058551768988743333e+02
2.059551768988743277e+02
2.060551768988743220e+02
2.061551768988743163e+02
2.062551768988743106e+02
2.063551768988743049e+02
2.064551768988742992e+02
2.065551768988742936e+02
2.066551768988742879e+02
2.067551768988742822e+02
2.068551768988742765e+02
2.069551768988742708e+02
2.070551768988742651e+02
2.071551768988742595e+02
2.072551768988742538e+02
2.073551768988742481e+02
2.074551768988742424e+02
2.075551768988742367e+02
2.076551768988742310e+02
2.077551768988742253e+02
2.078551768988742197e+02
2.079551768988742140e+02
2.080551768988742083e+02
2.081551768988742026e+02
2.082551768988741969e+02
2.083551768988741912e+02
2.084551768988741856e+02
2.085551768988741799e+02
2.086551768988741742e+02
2.087551768988741685e+02
2.088551768988741628e+02
2.089551768988741571e+02
2.090551768988741514e+02
2.091551768988741458e+02
2.092551768988741401e+02
2.093551768988741344e+02
2.094551768988741287e+02
2.095551768988741230e+02
2.096551768988741173e+02
2.097551768988741117e+02
2.098551768988741060e+02
2.099551768988741003e+02
2.100551768988740946e+02
2.101551768988740889e+02
2.102551768988740832e+02
2.103551768988740776e+02
2.104551768988740719e+02
2.105551768988740662e+02
2.106551768988740605e+02
2.107551768988740548e+02
2.108551768988740491e+02
2.109551768988740434e+02
2.110551768988740378e+02
2.111551768988740321e+02
2.112551768988740264e+02
2.113551768988740207e+02
2.114551768988740150e+02
2.115551768988740093e+02
2.116551768988740037e+02
2.117551768988739980e+02
2.118551768988739923e+02
2.119551768988739866e+02
2.120551768988739809e+02
2.121551768988739752e+02
2.122551768988739695e+02
2.123551768988739639e+02
2.124551768988739582e+02
2.125551768988739525e+02
2.126551768988739468e+02
2.127551768988739411e+02
2.128551768988739354e+02
2.129551768988739298e+02
2.130551768988739241e+02
2.131551768988739184e+02
2.132551768988739127e+02
2.133551768988739070e+02
2.134551768988739013e+02
2.135551768988738957e+02
2.136551768988738900e+02
2.137551768988738843e+02
2.138551768988738786e+02
2.139551768988738729e+02
2.140551768988738672e+02
2.141551768988738615e+02
2.142551768988738559e+02
2.143551768988738502e+02
2.144551768988738445e+02
2.145551768988738388e+02
2.146551768988738331e+02
2.147551768988738274e+02
2.148551768988738218e+02
2.149551768988738161e+02
2.150551768988738104e+02
2.151551768988738047e+02
2.152551768988737990e+02
2.153551768988737933e+02
2.154551768988737876e+02
2.155551768988737820e+02
2.156551768988737763e+02
2.157551768988737706e+02
2.158551768988737649e+02
2.159551768988737592e+02
2.160551768988737535e+02
2.161551768988737479e+02
2.162551768988737422e+02
2.163551768988737365e+02
2.164551768988737308e+02
2.165551768988737251e+02
2.166551768988737194e+02
2.167551768988737138e+02
2.168551768988737081e+02
2.169551768988737024e+02
2.170551768988736967e+02
2.171551768988736910e+02
2.172551768988736853e+02
2.173551768988736796e+02
2.174551768988736740e+02
2.175551768988736683e+02
2.176551768988736626e+02
2.177551768988736569e+02
2.178551768988736512e+02
2.179551768988736455e+02
2.180551768988736399e+02
2.181551768988736342e+02
2.182551768988736285e+02
2.183551768988736228e+02
2.184551768988736171e+02
2.185551768988736114e+02
2.186551768988736058e+02
2.187551768988736001e+02
2.188551768988735944e+02
2.189551768988735887e+02
2.190551768988735830e+02
2.191551768988735773e+02
2.192551768988735716e+02
2.193551768988735660e+02
2.194551768988735603e+02
2.195551768988735546e+02
2.196551768988735489e+02
2.197551768988735432e+02
2.198551768988735375e+02
2.199551768988735319e+02
2.200551768988735262e+02
2.201551768988735205e+02
2.202551768988735148e+02
2.203551768988735091e+02
2.204551768988735034e+02
2.205551768988734977e+02
2.206551768988734921e+02
2.207551768988734864e+02
2.208551768988734807e+02
2.209551768988734750e+02
2.210551768988734693e+02
2.211551768988734636e+02
2.212551768988734580e+02
2.213551768988734523e+02
2.214551768988734466e+02
2.215551768988734409e+02
2.216551768988734352e+02
2.217551768988734295e+02
2.218551768988734239e+02
2.219551768988734182e+02
2.220551768988734125e+02
2.221551768988734068e+02
2.222551768988734011e+02
2.223551768988733954e+02
2.224551768988733897e+02
2.225551768988733841e+02
2.226551768988733784e+02
2.227551768988733727e+02
2.228551768988733670e+02
2.229551768988733613e+02
2.230551768988733556e+02
2.231551768988733500e+02
2.232551768988733443e+02
2.233551768988733386e+02
2.234551768988733329e+02
2.235551768988733272e+02
2.236551768988733215e+02
2.237551768988733158e+02
2.238551768988733102e+02
2.239551768988733045e+02
2.240551768988732988e+02
2.241551768988732931e+02
2.242551768988732874e+02
2.243551768988732817e+02
2.244551768988732761e+02
2.245551768988732704e+02
2.246551768988732647e+02
2.247551768988732590e+02
2.248551768988732533e+02
2.249551768988732476e+02
2.250551768988732420e+02
2.251551768988732363e+02
2.252551768988732306e+02
2.253551768988732249e+02
2.254551768988732192e+02
2.255551768988732135e+02
2.256551768988732078e+02
2.257551768988732022e+02
2.258551768988731965e+02
2.259551768988731908e+02
2.260551768988731851e+02
2.261551768988731794e+02
2.262551768988731737e+02
2.263551768988731681e+02
2.264551768988731624e+02
2.265551768988731567e+02
2.266551768988731510e+02
2.267551768988731453e+02
2.268551768988731396e+02
2.269551768988731340e+02
2.270551768988731283e+02
2.271551768988731226e+02
2.272551768988731169e+02
2.273551768988731112e+02
2.274551768988731055e+02
2.275551768988730998e+02
2.276551768988730942e+02
2.277551768988730885e+02
2.278551768988730828e+02
2.279551768988730771e+02
2.280551768988730714e+02
2.281551768988730657e+02
2.282551768988730601e+02
2.283551768988730544e+02
2.284551768988730487e+02
2.285551768988730430e+02
2.286551768988730373e+02
2.287551768988730316e+02
2.288551768988730259e+02
2.289551768988730203e+02
2.290551768988730146e+02
2.291551768988730089e+02
2.292551768988730032e+02
2.293551768988729975e+02
2.294551768988729918e+02
2.295551768988729862e+02
2.296551768988729805e+02
2.297551768988729748e+02
2.298551768988729691e+02
2.299551768988729634e+02
2.300551768988729577e+02
2.301551768988729521e+02
2.302551768988729464e+02
2.303551768988729407e+02
2.304551768988729350e+02
2.305551768988729293e+02
2.306551768988729236e+02
2.307551768988729179e+02
2.308551768988729123e+02
2.309551768988729066e+02
2.310551768988729009e+02
2.311551768988728952e+02
2.312551768988728895e+02
2.313551768988728838e+02
2.314551768988728782e+02
2.315551768988728725e+02
2.316551768988728668e+02
2.317551768988728611e+02
2.318551768988728554e+02
2.319551768988728497e+02
2.320551768988728440e+02
2.321551768988728384e+02
2.322551768988728327e+02
2.323551768988728270e+02
2.324551768988728213e+02
2.325551768988728156e+02
2.326551768988728099e+02
2.327551768988728043e+02
2.328551768988727986e+02
2.329551768988727929e+02
2.330551768988727872e+02
2.331551768988727815e+02
2.332551768988727758e+02
2.333551768988727702e+02
2.334551768988727645e+02
2.335551768988727588e+02
2.336551768988727531e+02
2.337551768988727474e+02
2.338551768988727417e+02
2.339551768988727360e+02
2.340551768988727304e+02
2.341551768988727247e+02
2.342551768988727190e+02
2.343551768988727133e+02
2.344551768988727076e+02
2.345551768988727019e+02
2.346551768988726963e+02
2.347551768988726906e+02
2.348551768988726849e+02
2.349551768988726792e+02
2.350551768988726735e+02
2.351551768988726678e+02
2.352551768988726622e+02
2.353551768988726565e+02
2.354551768988726508e+02
2.355551768988726451e+02
2.356551768988726394e+02
2.357551768988726337e+02
2.358551768988726280e+02
2.359551768988726224e+02
2.360551768988726167e+02
2.361551768988726110e+02
2.362551768988726053e+02
2.363551768988725996e+02
2.364551768988725939e+02
2.365551768988725883e+02
2.366551768988725826e+02
2.367551768988725769e+02
2.368551768988725712e+02
2.369551768988725655e+02
2.370551768988725598e+02
2.371551768988725541e+02
2.372551768988725485e+02
2.373551768988725428e+02
2.374551768988725371e+02
2.375551768988725314e+02
2.376551768988725257e+02
2.377551768988725200e+02
2.378551768988725144e+02
2.379551768988725087e+02
2.380551768988725030e+02
2.381551768988724973e+02
2.382551768988724916e+02
2.383551768988724859e+02
2.384551768988724803e+02
2.385551768988724746e+02
2.386551768988724689e+02
2.387551768988724632e+02
2.388551768988724575e+02
2.389551768988724518e+02
2.390551768988724461e+02
2.391551768988724405e+02
2.392551768988724348e+02
2.393551768988724291e+02
2.394551768988724234e+02
2.395551768988724177e+02
2.396551768988724120e+02
2.397551768988724064e+02
2.398551768988724007e+02
2.399551768988723950e+02
2.400551768988723893e+02
2.401551768988723836e+02
2.402551768988723779e+02
2.403551768988723722e+02
2.404551768988723666e+02
2.405551768988723609e+02
2.406551768988723552e+02
2.407551768988723495e+02
2.408551768988723438e+02
2.409551768988723381e+02
2.410551768988723325e+02
2.411551768988723268e+02
2.412551768988723211e+02
2.413551768988723154e+02
2.414551768988723097e+02
2.415551768988723040e+02
2.416551768988722984e+02
2.417551768988722927e+02
2.418551768988722870e+02
2.419551768988722813e+02
2.420551768988722756e+02
2.421551768988722699e+02
2.422551768988722642e+02
2.423551768988722586e+02
2.424551768988722529e+02
2.425551768988722472e+02
2.426551768988722415e+02
2.427551768988722358e+02
2.428551768988722301e+02
2.429551768988722245e+02
2.430551768988722188e+02
2.431551768988722131e+02
2.432551768988722074e+02
2.433551768988722017e+02
2.434551768988721960e+02
2.435551768988721903e+02
2.436551768988721847e+02
2.437551768988721790e+02
2.438551768988721733e+02
2.439551768988721676e+02
2.440551768988721619e+02
2.441551768988721562e+02
2.442551768988721506e+02
2.443551768988721449e+02
2.444551768988721392e+02
2.445551768988721335e+02
2.446551768988721278e+02
2.447551768988721221e+02
2.448551768988721165e+02
2.449551768988721108e+02
2.450551768988721051e+02
2.451551768988720994e+02
2.452551768988720937e+02
2.453551768988720880e+02
2.454551768988720823e+02
2.455551768988720767e+02
2.456551768988720710e+02
2.457551768988720653e+02
2.458551768988720596e+02
2.459551768988720539e+02
2.460551768988720482e+02
2.461551768988720426e+02
2.462551768988720369e+02
2.463551768988720312e+02
2.464551768988720255e+02
2.465551768988720198e+02
2.466551768988720141e+02
2.467551768988720085e+02
2.468551768988720028e+02
2.469551768988719971e+02
2.470551768988719914e+02
2.471551768988719857e+02
2.472551768988719800e+02
2.473551768988719743e+02
2.474551768988719687e+02
2.475551768988719630e+02
2.476551768988719573e+02
2.477551768988719516e+02
2.478551768988719459e+02
2.479551768988719402e+02
2.480551768988719346e+02
2.481551768988719289e+02
2.482551768988719232e+02
2.483551768988719175e+02
2.484551768988719118e+02
2.485551768988719061e+02
2.486551768988719004e+02
2.487551768988718948e+02
2.488551768988718891e+02
2.489551768988718834e+02
2.490551768988718777e+02
2.491551768988718720e+02
2.492551768988718663e+02
2.493551768988718607e+02
2.494551768988718550e+02
2.495551768988718493e+02
2.496551768988718436e+02
2.497551768988718379e+02
2.498551768988718322e+02
2.499551768988718266e+02
2.500551768988718209e+02
2.501551768988718152e+02
2.502551768988718095e+02
2.503551768988718038e+02
2.504551768988717981e+02
2.505551768988717924e+02
2.506551768988717868e+02
2.507551768988717811e+02
2.508551768988717754e+02
2.509551768988717697e+02
2.510551768988717640e+02
2.511551768988717583e+02
2.512551768988717527e+02
2.513551768988717470e+02
2.514551768988717413e+02
2.515551768988717356e+02
2.516551768988717299e+02
2.517551768988717242e+02
2.518551768988717185e+02
2.519551768988717129e+02
2.520551768988717072e+02
2.521551768988717015e+02
2.522551768988716958e+02
2.523551768988716901e+02
2.524551768988716844e+02
2.525551768988716788e+02
2.526551768988716731e+02
2.527551768988716674e+02
2.528551768988716617e+02
2.529551768988716560e+02
2.530551768988716503e+02
2.531551768988716447e+02
2.532551768988716390e+02
2.533551768988716333e+02
2.534551768988716276e+02
2.535551768988716219e+02
2.536551768988716162e+02
2.537551768988716105e+02
2.538551768988716049e+02
2.539551768988715992e+02
2.540551768988715935e+02
2.541551768988715878e+02
2.542551768988715821e+02
2.543551768988715764e+02
2.544551768988715708e+02
2.545551768988715651e+02
2.546551768988715594e+02
2.547551768988715537e+02
2.548551768988715480e+02
2.549551768988715423e+02
2.550551768988715367e+02
2.551551768988715310e+02
2.552551768988715253e+02
2.553551768988715196e+02
2.554551768988715139e+02
2.555551768988715082e+02
2.556551768988715025e+02
2.557551768988714969e+02
2.558551768988714912e+02
2.559551768988714855e+02
2.560551768988714798e+02
2.561551768988715025e+02
2.562551768988715253e+02
2.563551768988715480e+02
2.564551768988715708e+02
2.565551768988715935e+02
2.566551768988716162e+02
2.567551768988716390e+02
2.568551768988716617e+02
2.569551768988716844e+02
2.570551768988717072e+02
2.571551768988717299e+02
2.572551768988717527e+02
2.573551768988717754e+02
2.574551768988717981e+02
2.575551768988718209e+02
2.576551768988718436e+02
2.577551768988718663e+02
2.578551768988718891e+02
2.579551768988719118e+02
2.580551768988719346e+02
2.581551768988719573e+02
2.582551768988719800e+02
2.583551768988720028e+02
2.584551768988720255e+02
2.585551768988720482e+02
2.586551768988720710e+02
2.587551768988720937e+02
2.588551768988721165e+02
2.589551768988721392e+02
2.590551768988721619e+02
2.591551768988721847e+02
2.592551768988722074e+02
2.593551768988722301e+02
2.594551768988722529e+02
2.595551768988722756e+02
2.596551768988722984e+02
2.597551768988723211e+02
2.598551768988723438e+02
2.599551768988723666e+02
2.600551768988723893e+02
2.601551768988724120e+02
2.602551768988724348e+02
2.603551768988724575e+02
2.604551768988724803e+02
2.605551768988725030e+02
2.606551768988725257e+02
2.607551768988725485e+02
2.608551768988725712e+02
2.609551768988725939e+02
2.610551768988726167e+02
2.611551768988726394e+02
2.612551768988726622e+02
2.613551768988726849e+02
2.614551768988727076e+02
2.615551768988727304e+02
2.616551768988727531e+02
2.617551768988727758e+02
2.618551768988727986e+02
2.619551768988728213e+02
2.620551768988728440e+02
2.621551768988728668e+02
2.622551768988728895e+02
2.623551768988729123e+02
2.624551768988729350e+02
2.625551768988729577e+02
2.626551768988729805e+02
2.627551768988730032e+02
2.628551768988730259e+02
2.629551768988730487e+02
2.630551768988730714e+02
2.631551768988730942e+02
2.632551768988731169e+02
2.633551768988731396e+02
2.634551768988731624e+02
2.635551768988731851e+02
2.636551768988732078e+02
2.637551768988732306e+02
2.638551768988732533e+02
2.639551768988732761e+02
2.640551768988732988e+02
2.641551768988733215e+02
2.642551768988733443e+02
2.643551768988733670e+02
2.644551768988733897e+02
2.645551768988734125e+02
2.646551768988734352e+02
2.647551768988734580e+02
2.648551768988734807e+02
2.649551768988735034e+02
2.650551768988735262e+02
2.651551768988735489e+02
2.652551768988735716e+02
2.653551768988735944e+02
2.654551768988736171e+02
2.655551768988736399e+02
2.656551768988736626e+02
2.657551768988736853e+02
2.658551768988737081e+02
2.659551768988737308e+02
2.660551768988737535e+02
2.661551768988737763e+02
2.662551768988737990e+02
2.663551768988738218e+02
2.664551768988738445e+02
2.665551768988738672e+02
2.666551768988738900e+02
2.667551768988739127e+02
2.668551768988739354e+02
2.669551768988739582e+02
2.670551768988739809e+02
2.671551768988740037e+02
2.672551768988740264e+02
2.673551768988740491e+02
2.674551768988740719e+02
2.675551768988740946e+02
2.676551768988741173e+02
2.677551768988741401e+02
2.678551768988741628e+02
2.679551768988741856e+02
2.680551768988742083e+02
2.681551768988742310e+02
2.682551768988742538e+02
2.683551768988742765e+02
2.684551768988742992e+02
2.685551768988743220e+02
2.686551768988743447e+02
2.687551768988743675e+02
2.688551768988743902e+02
2.689551768988744129e+02
2.690551768988744357e+02
2.691551768988744584e+02
2.692551768988744811e+02
2.693551768988745039e+02
2.694551768988745266e+02
2.695551768988745494e+02
2.696551768988745721e+02
2.697551768988745948e+02
2.698551768988746176e+02
2.699551768988746403e+02
2.700551768988746630e+02
2.701551768988746858e+02
2.702551768988747085e+02
2.703551768988747313e+02
2.704551768988747540e+02
2.705551768988747767e+02
2.706551768988747995e+02
2.707551768988748222e+02
2.708551768988748449e+02
2.709551768988748677e+02
2.710551768988748904e+02
2.711551768988749131e+02
2.712551768988749359e+02
2.713551768988749586e+02
2.714551768988749814e+02
2.715551768988750041e+02
2.716551768988750268e+02
2.717551768988750496e+02
2.718551768988750723e+02
2.719551768988750950e+02
2.720551768988751178e+02
2.721551768988751405e+02
2.722551768988751633e+02
2.723551768988751860e+02
2.724551768988752087e+02
2.725551768988752315e+02
2.726551768988752542e+02
2.727551768988752769e+02
2.728551768988752997e+02
2.729551768988753224e+02
2.730551768988753452e+02
2.731551768988753679e+02
2.732551768988753906e+02
2.733551768988754134e+02
2.734551768988754361e+02
2.735551768988754588e+02
2.736551768988754816e+02
2.737551768988755043e+02
2.738551768988755271e+02
2.739551768988755498e+02
2.740551768988755725e+02
2.741551768988755953e+02
2.742551768988756180e+02
2.743551768988756407e+02
2.744551768988756635e+02
2.745551768988756862e+02
2.746551768988757090e+02
2.747551768988757317e+02
2.748551768988757544e+02
2.749551768988757772e+02
2.750551768988757999e+02
2.751551768988758226e+02
2.752551768988758454e+02
2.753551768988758681e+02
2.754551768988758909e+02
2.755551768988759136e+02
2.756551768988759363e+02
2.757551768988759591e+02
2.758551768988759818e+02
2.759551768988760045e+02
2.760551768988760273e+02
2.761551768988760500e+02
2.762551768988760728e+02
2.763551768988760955e+02
2.764551768988761182e+02
2.765551768988761410e+02
2.766551768988761637e+02
2.767551768988761864e+02
2.768551768988762092e+02
2.769551768988762319e+02
2.770551768988762547e+02
2.771551768988762774e+02
2.772551768988763001e+02
2.773551768988763229e+02
2.774551768988763456e+02
2.775551768988763683e+02
2.776551768988763911e+02
2.777551768988764138e+02
2.778551768988764366e+02
2.779551768988764593e+02
2.780551768988764820e+02
2.781551768988765048e+02
2.782551768988765275e+02
2.783551768988765502e+02
2.784551768988765730e+02
2.785551768988765957e+02
2.786551768988766185e+02
2.787551768988766412e+02
2.788551768988766639e+02
2.789551768988766867e+02
2.790551768988767094e+02
2.791551768988767321e+02
2.792551768988767549e+02
2.793551768988767776e+02
2.794551768988768004e+02
2.795551768988768231e+02
2.796551768988768458e+02
2.797551768988768686e+02
2.798551768988768913e+02
2.799551768988769140e+02
2.800551768988769368e+02
2.801551768988769595e+02
2.802551768988769822e+02
2.803551768988770050e+02
2.804551768988770277e+02
2.805551768988770505e+02
2.806551768988770732e+02
2.807551768988770959e+02
2.808551768988771187e+02
2.809551768988771414e+02
2.810551768988771641e+02
2.811551768988771869e+02
2.812551768988772096e+02
2.813551768988772324e+02
2.814551768988772551e+02
2.815551768988772778e+02
2.816551768988773006e+02
2.817551768988773233e+02
2.818551768988773460e+02
2.819551768988773688e+02
2.820551768988773915e+02
2.821551768988774143e+02
2.822551768988774370e+02
2.823551768988774597e+02
2.824551768988774825e+02
2.825551768988775052e+02
2.826551768988775279e+02
2.827551768988775507e+02
2.828551768988775734e+02
2.829551768988775962e+02
2.830551768988776189e+02
2.831551768988776416e+02
2.832551768988776644e+02
2.833551768988776871e+02
2.834551768988777098e+02
2.835551768988777326e+02
2.836551768988777553e+02
2.837551768988777781e+02
2.838551768988778008e+02
2.839551768988778235e+02
2.840551768988778463e+02
2.841551768988778690e+02
2.842551768988778917e+02
2.843551768988779145e+02
2.844551768988779372e+02
2.845551768988779600e+02
2.846551768988779827e+02
2.847551768988780054e+02
2.848551768988780282e+02
2.849551768988780509e+02
2.850551768988780736e+02
2.851551768988780964e+02
2.852551768988781191e+02
2.853551768988781419e+02
2.854551768988781646e+02
2.855551768988781873e+02
2.856551768988782101e+02
2.857551768988782328e+02
2.858551768988782555e+02
2.859551768988782783e+02
2.860551768988783010e+02
2.861551768988783238e+02
2.862551768988783465e+02
2.863551768988783692e+02
2.864551768988783920e+02
2.865551768988784147e+02
2.866551768988784374e+02
2.867551768988784602e+02
2.868551768988784829e+02
2.869551768988785057e+02
2.870551768988785284e+02
2.871551768988785511e+02
2.872551768988785739e+02
2.873551768988785966e+02
2.874551768988786193e+02
2.875551768988786421e+02
2.876551768988786648e+02
2.877551768988786876e+02
2.878551768988787103e+02
2.879551768988787330e+02
2.880551768988787558e+02
2.881551768988787785e+02
2.882551768988788012e+02
2.883551768988788240e+02
2.884551768988788467e+02
2.885551768988788695e+02
2.886551768988788922e+02
2.887551768988789149e+02
2.888551768988789377e+02
2.889551768988789604e+02
2.890551768988789831e+02
2.891551768988790059e+02
2.892551768988790286e+02
2.893551768988790514e+02
2.894551768988790741e+02
2.895551768988790968e+02
2.896551768988791196e+02
2.897551768988791423e+02
2.898551768988791650e+02
2.899551768988791878e+02
2.900551768988792105e+02
2.901551768988792332e+02
2.902551768988792560e+02
2.903551768988792787e+02
2.904551768988793015e+02
2.905551768988793242e+02
2.906551768988793469e+02
2.907551768988793697e+02
2.908551768988793924e+02
2.909551768988794151e+02
2.910551768988794379e+02
2.911551768988794606e+02
2.912551768988794834e+02
2.913551768988795061e+02
2.914551768988795288e+02
2.915551768988795516e+02
2.916551768988795743e+02
2.917551768988795970e+02
2.918551768988796198e+02
2.919551768988796425e+02
2.920551768988796653e+02
2.921551768988796880e+02
2.922551768988797107e+02
2.923551768988797335e+02
2.924551768988797562e+02
2.925551768988797789e+02
2.926551768988798017e+02
2.927551768988798244e+02
2.928551768988798472e+02
2.929551768988798699e+02
2.930551768988798926e+02
2.931551768988799154e+02
2.932551768988799381e+02
2.933551768988799608e+02
2.934551768988799836e+02
2.935551768988800063e+02
2.936551768988800291e+02
2.937551768988800518e+02
2.938551768988800745e+02
2.939551768988800973e+02
2.940551768988801200e+02
2.941551768988801427e+02
2.942551768988801655e+02
2.943551768988801882e+02
2.944551768988802110e+02
2.945551768988802337e+02
2.946551768988802564e+02
2.947551768988802792e+02
2.948551768988803019e+02
2.949551768988803246e+02
2.950551768988803474e+02
2.951551768988803701e+02
2.952551768988803929e+02
2.953551768988804156e+02
2.954551768988804383e+02
2.955551768988804611e+02
2.956551768988804838e+02
2.957551768988805065e+02
2.958551768988805293e+02
2.959551768988805520e+02
2.960551768988805748e+02
2.961551768988805975e+02
2.962551768988806202e+02
2.963551768988806430e+02
2.964551768988806657e+02
2.965551768988806884e+02
2.966551768988807112e+02
2.967551768988807339e+02
2.968551768988807567e+02
2.969551768988807794e+02
2.970551768988808021e+02
2.971551768988808249e+02
2.972551768988808476e+02
2.973551768988808703e+02
2.974551768988808931e+02
2.975551768988809158e+02
2.976551768988809386e+02
2.977551768988809613e+02
2.978551768988809840e+02
2.979551768988810068e+02
2.980551768988810295e+02
2.981551768988810522e+02
2.982551768988810750e+02
2.983551768988810977e+02
2.984551768988811205e+02
2.985551768988811432e+02
2.986551768988811659e+02
2.987551768988811887e+02
2.988551768988812114e+02
2.989551768988812341e+02
2.990551768988812569e+02
2.991551768988812796e+02
2.992551768988813023e+02
2.993551768988813251e+02
2.994551768988813478e+02
2.995551768988813706e+02
2.996551768988813933e+02
2.997551768988814160e+02
2.998551768988814388e+02
2.999551768988814615e+02
3.000551768988814842e+02
3.001551768988815070e+02
3.002551768988815297e+02
3.003551768988815525e+02
3.004551768988815752e+02
3.005551768988815979e+02
3.006551768988816207e+02
3.007551768988816434e+02
3.008551768988816661e+02
3.009551768988816889e+02
3.010551768988817116e+02
3.011551768988817344e+02
3.012551768988817571e+02
3.013551768988817798e+02
3.014551768988818026e+02
3.015551768988818253e+02
3.016551768988818480e+02
3.017551768988818708e+02
3.018551768988818935e+02
3.019551768988819163e+02
3.020551768988819390e+02
3.021551768988819617e+02
3.022551768988819845e+02
3.023551768988820072e+02
3.024551768988820299e+02
3.025551768988820527e+02
3.026551768988820754e+02
3.027551768988820982e+02
3.028551768988821209e+02
3.029551768988821436e+02
3.030551768988821664e+02
3.031551768988821891e+02
3.032551768988822118e+02
3.033551768988822346e+02
3.034551768988822573e+02
3.035551768988822801e+02
3.036551768988823028e+02
3.037551768988823255e+02
3.038551768988823483e+02
3.039551768988823710e+02
3.040551768988823937e+02
3.041551768988824165e+02
3.042551768988824392e+02
3.043551768988824620e+02
3.044551768988824847e+02
3.045551768988825074e+02
3.046551768988825302e+02
3.047551768988825529e+02
3.048551768988825756e+02
3.049551768988825984e+02
3.050551768988826211e+02
3.051551768988826439e+02
3.052551768988826666e+02
3.053551768988826893e+02
3.054551768988827121e+02
3.055551768988827348e+02
3.056551768988827575e+02
3.057551768988827803e+02
3.058551768988828030e+02
3.059551768988828258e+02
3.060551768988828485e+02
3.061551768988828712e+02
3.062551768988828940e+02
3.063551768988829167e+02
3.064551768988829394e+02
3.065551768988829622e+02
3.066551768988829849e+02
3.067551768988830077e+02
3.068551768988830304e+02
3.069551768988830531e+02
3.070551768988830759e+02
3.071551768988830986e+02
3.072551768988831213e+02
3.073551768988831441e+02
3.074551768988831668e+02
3.075551768988831896e+02
3.076551768988832123e+02
3.077551768988832350e+02
3.078551768988832578e+02
3.079551768988832805e+02
3.080551768988833032e+02
3.081551768988833260e+02
3.082551768988833487e+02
3.083551768988833715e+02
3.084551768988833942e+02
3.085551768988834169e+02
3.086551768988834397e+02
3.087551768988834624e+02
3.088551768988834851e+02
3.089551768988835079e+02
3.090551768988835306e+02
3.091551768988835533e+02
3.092551768988835761e+02
3.093551768988835988e+02
3.094551768988836216e+02
3.095551768988836443e+02
3.096551768988836670e+02
3.097551768988836898e+02
3.098551768988837125e+02
3.099551768988837352e+02
3.100551768988837580e+02
3.101551768988837807e+02
3.102551768988838035e+02
3.103551768988838262e+02
3.104551768988838489e+02
3.105551768988838717e+02
3.106551768988838944e+02
3.107551768988839171e+02
3.108551768988839399e+02
3.109551768988839626e+02
3.110551768988839854e+02
3.111551768988840081e+02
3.112551768988840308e+02
3.113551768988840536e+02
3.114551768988840763e+02
3.115551768988840990e+02
3.116551768988841218e+02
3.117551768988841445e+02
3.118551768988841673e+02
3.119551768988841900e+02
3.120551768988842127e+02
3.121551768988842355e+02
3.122551768988842582e+02
3.123551768988842809e+02
3.124551768988843037e+02
3.125551768988843264e+02
3.126551768988843492e+02
3.127551768988843719e+02
3.128551768988843946e+02
3.129551768988844174e+02
3.130551768988844401e+02
3.131551768988844628e+02
3.132551768988844856e+02
3.133551768988845083e+02
3.134551768988845311e+02
3.135551768988845538e+02
3.136551768988845765e+02
3.137551768988845993e+02
3.138551768988846220e+02
3.139551768988846447e+02
3.140551768988846675e+02
3.141551768988846902e+02
3.142551768988847130e+02
3.143551768988847357e+02
3.144551768988847584e+02
3.145551768988847812e+02
3.146551768988848039e+02
3.147551768988848266e+02
3.148551768988848494e+02
3.149551768988848721e+02
3.150551768988848949e+02
3.151551768988849176e+02
3.152551768988849403e+02
3.153551768988849631e+02
3.154551768988849858e+02
3.155551768988850085e+02
3.156551768988850313e+02
3.157551768988850540e+02
3.158551768988850768e+02
3.159551768988850995e+02
3.160551768988851222e+02
3.161551768988851450e+02
3.162551768988851677e+02
3.163551768988851904e+02
3.164551768988852132e+02
3.165551768988852359e+02
3.166551768988852587e+02
3.167551768988852814e+02
3.168551768988853041e+02
3.169551768988853269e+02
3.170551768988853496e+02
3.171551768988853723e+02
3.172551768988853951e+02
3.173551768988854178e+02
3.174551768988854406e+02
3.175551768988854633e+02
3.176551768988854860e+02
3.177551768988855088e+02
3.178551768988855315e+02
3.179551768988855542e+02
3.180551768988855770e+02
3.181551768988855997e+02
3.182551768988856224e+02
3.183551768988856452e+02
3.184551768988856679e+02
3.185551768988856907e+02
3.186551768988857134e+02
3.187551768988857361e+02
3.188551768988857589e+02
3.189551768988857816e+02
3.190551768988858043e+02
3.191551768988858271e+02
3.192551768988858498e+02
3.193551768988858726e+02
3.194551768988858953e+02
3.195551768988859180e+02
3.196551768988859408e+02
3.197551768988859635e+02
3.198551768988859862e+02
3.199551768988860090e+02
3.200551768988860317e+02
3.201551768988860545e+02
3.202551768988860772e+02
3.203551768988860999e+02
3.204551768988861227e+02
3.205551768988861454e+02
3.206551768988861681e+02
3.207551768988861909e+02
3.208551768988862136e+02
3.209551768988862364e+02
3.210551768988862591e+02
3.211551768988862818e+02
3.212551768988863046e+02
3.213551768988863273e+02
3.214551768988863500e+02
3.215551768988863728e+02
3.216551768988863955e+02
3.217551768988864183e+02
3.218551768988864410e+02
3.219551768988864637e+02
3.220551768988864865e+02
3.221551768988865092e+02
3.222551768988865319e+02
3.223551768988865547e+02
3.224551768988865774e+02
3.225551768988866002e+02
3.226551768988866229e+02
3.227551768988866456e+02
3.228551768988866684e+02
3.229551768988866911e+02
3.230551768988867138e+02
3.231551768988867366e+02
3.232551768988867593e+02
3.233551768988867821e+02
3.234551768988868048e+02
3.235551768988868275e+02
3.236551768988868503e+02
3.237551768988868730e+02
3.238551768988868957e+02
3.239551768988869185e+02
3.240551768988869412e+02
3.241551768988869640e+02
3.242551768988869867e+02
3.243551768988870094e+02
3.244551768988870322e+02
3.245551768988870549e+02
3.246551768988870776e+02
3.247551768988871004e+02
3.248551768988871231e+02
3.249551768988871459e+02
3.250551768988871686e+02
3.251551768988871913e+02
3.252551768988872141e+02
3.253551768988872368e+02
3.254551768988872595e+02
3.255551768988872823e+02
3.256551768988873050e+02
3.257551768988873278e+02
3.258551768988873505e+02
3.259551768988873732e+02
3.260551768988873960e+02
3.261551768988874187e+02
3.262551768988874414e+02
3.263551768988874642e+02
3.264551768988874869e+02
3.265551768988875097e+02
3.266551768988875324e+02
3.267551768988875551e+02
3.268551768988875779e+02
3.269551768988876006e+02
3.270551768988876233e+02
3.271551768988876461e+02
3.272551768988876688e+02
3.273551768988876916e+02
3.274551768988877143e+02
3.275551768988877370e+02
3.276551768988877598e+02
3.277551768988877825e+02
3.278551768988878052e+02
3.279551768988878280e+02
3.280551768988878507e+02
3.281551768988878734e+02
3.282551768988878962e+02
3.283551768988879189e+02
3.284551768988879417e+02
3.285551768988879644e+02
3.286551768988879871e+02
3.287551768988880099e+02
3.288551768988880326e+02
3.289551768988880553e+02
3.290551768988880781e+02
3.291551768988881008e+02
3.292551768988881236e+02
3.293551768988881463e+02
3.294551768988881690e+02
3.295551768988881918e+02
3.296551768988882145e+02
3.297551768988882372e+02
3.298551768988882600e+02
3.299551768988882827e+02
3.300551768988883055e+02
3.301551768988883282e+02
3.302551768988883509e+02
3.303551768988883737e+02
3.304551768988883964e+02
3.305551768988884191e+02
3.306551768988884419e+02
3.307551768988884646e+02
3.308551768988884874e+02
3.309551768988885101e+02
3.310551768988885328e+02
3.311551768988885556e+02
3.312551768988885783e+02
3.313551768988886010e+02
3.314551768988886238e+02
3.315551768988886465e+02
3.316551768988886693e+02
3.317551768988886920e+02
3.318551768988887147e+02
3.319551768988887375e+02
3.320551768988887602e+02
3.321551768988887829e+02
3.322551768988888057e+02
3.323551768988888284e+02
3.324551768988888512e+02
3.325551768988888739e+02
3.326551768988888966e+02
3.327551768988889194e+02
3.328551768988889421e+02
3.329551768988889648e+02
3.330551768988889876e+02
3.331551768988890103e+02
3.332551768988890331e+02
3.333551768988890558e+02
3.334551768988890785e+02
3.335551768988891013e+02
3.336551768988891240e+02
3.337551768988891467e+02
3.338551768988891695e+02
3.339551768988891922e+02
3.340551768988892150e+02
3.341551768988892377e+02
3.342551768988892604e+02
3.343551768988892832e+02
3.344551768988893059e+02
3.345551768988893286e+02
3.346551768988893514e+02
3.347551768988893741e+02
3.348551768988893969e+02
3.349551768988894196e+02
3.350551768988894423e+02
3.351551768988894651e+02
3.352551768988894878e+02
3.353551768988895105e+02
3.354551768988895333e+02
3.355551768988895560e+02
3.356551768988895788e+02
3.357551768988896015e+02
3.358551768988896242e+02
3.359551768988896470e+02
3.360551768988896697e+02
3.361551768988896924e+02
3.362551768988897152e+02
3.363551768988897379e+02
3.364551768988897607e+02
3.365551768988897834e+02
3.366551768988898061e+02
3.367551768988898289e+02
3.368551768988898516e+02
3.369551768988898743e+02
3.370551768988898971e+02
3.371551768988899198e+02
3.372551768988899425e+02
3.373551768988899653e+02
3.374551768988899880e+02
3.375551768988900108e+02
3.376551768988900335e+02
3.377551768988900562e+02
3.378551768988900790e+02
3.379551768988901017e+02
3.380551768988901244e+02
3.381551768988901472e+02
3.382551768988901699e+02
3.383551768988901927e+02
3.384551768988902154e+02
3.385551768988902381e+02
3.386551768988902609e+02
3.387551768988902836e+02
3.388551768988903063e+02
3.389551768988903291e+02
3.390551768988903518e+02
3.391551768988903746e+02
3.392551768988903973e+02
3.393551768988904200e+02
3.394551768988904428e+02
3.395551768988904655e+02
3.396551768988904882e+02
3.397551768988905110e+02
3.398551768988905337e+02
3.399551768988905565e+02
3.400551768988905792e+02
3.401551768988906019e+02
3.402551768988906247e+02
3.403551768988906474e+02
3.404551768988906701e+02
3.405551768988906929e+02
3.406551768988907156e+02
3.407551768988907384e+02
3.408551768988907611e+02
3.409551768988907838e+02
3.410551768988908066e+02
3.411551768988908293e+02
3.412551768988908520e+02
3.413551768988908748e+02
3.414551768988908975e+02
3.415551768988909203e+02
3.416551768988909430e+02
3.417551768988909657e+02
3.418551768988909885e+02
3.419551768988910112e+02
3.420551768988910339e+02
3.421551768988910567e+02
3.422551768988910794e+02
3.423551768988911022e+02
3.424551768988911249e+02
3.425551768988911476e+02
3.426551768988911704e+02
3.427551768988911931e+02
3.428551768988912158e+02
3.429551768988912386e+02
3.430551768988912613e+02
3.431551768988912841e+02
3.432551768988913068e+02
3.433551768988913295e+02
3.434551768988913523e+02
3.435551768988913750e+02
3.436551768988913977e+02
3.437551768988914205e+02
3.438551768988914432e+02
3.439551768988914660e+02
3.440551768988914887e+02
3.441551768988915114e+02
3.442551768988915342e+02
3.443551768988915569e+02
3.444551768988915796e+02
3.445551768988916024e+02
3.446551768988916251e+02
3.447551768988916479e+02
3.448551768988916706e+02
3.449551768988916933e+02
3.450551768988917161e+02
3.451551768988917388e+02
3.452551768988917615e+02
3.453551768988917843e+02
3.454551768988918070e+02
3.455551768988918298e+02
3.456551768988918525e+02
3.457551768988918752e+02
3.458551768988918980e+02
3.459551768988919207e+02
3.460551768988919434e+02
3.461551768988919662e+02
3.462551768988919889e+02
3.463551768988920116e+02
3.464551768988920344e+02
3.465551768988920571e+02
3.466551768988920799e+02
3.467551768988921026e+02
3.468551768988921253e+02
3.469551768988921481e+02
3.470551768988921708e+02
3.471551768988921935e+02
3.472551768988922163e+02
3.473551768988922390e+02
3.474551768988922618e+02
3.475551768988922845e+02
3.476551768988923072e+02
3.477551768988923300e+02
3.478551768988923527e+02
3.479551768988923754e+02
3.480551768988923982e+02
3.481551768988924209e+02
3.482551768988924437e+02
3.483551768988924664e+02
3.484551768988924891e+02
3.485551768988925119e+02
3.486551768988925346e+02
3.487551768988925573e+02
3.488551768988925801e+02
3.489551768988926028e+02
3.490551768988926256e+02
3.491551768988926483e+02
3.492551768988926710e+02
3.493551768988926938e+02
3.494551768988927165e+02
3.495551768988927392e+02
3.496551768988927620e+02
3.497551768988927847e+02
3.498551768988928075e+02
3.499551768988928302e+02
3.500551768988928529e+02
3.501551768988928757e+02
3.502551768988928984e+02
3.503551768988929211e+02
3.504551768988929439e+02
3.505551768988929666e+02
3.506551768988929894e+02
3.507551768988930121e+02
3.508551768988930348e+02
3.509551768988930576e+02
3.510551768988930803e+02
3.511551768988931030e+02
3.512551768988931258e+02
3.513551768988931485e+02
3.514551768988931713e+02
3.515551768988931940e+02
3.516551768988932167e+02
3.517551768988932395e+02
3.518551768988932622e+02
3.519551768988932849e+02
3.520551768988933077e+02
3.521551768988933304e+02
3.522551768988933532e+02
3.523551768988933759e+02
3.524551768988933986e+02
3.525551768988934214e+02
3.526551768988934441e+02
3.527551768988934668e+02
3.528551768988934896e+02
3.529551768988935123e+02
3.530551768988935351e+02
3.531551768988935578e+02
3.532551768988935805e+02
3.533551768988936033e+02
3.534551768988936260e+02
3.535551768988936487e+02
3.536551768988936715e+02
3.537551768988936942e+02
3.538551768988937170e+02
3.539551768988937397e+02
3.540551768988937624e+02
3.541551768988937852e+02
3.542551768988938079e+02
3.543551768988938306e+02
3.544551768988938534e+02
3.545551768988938761e+02
3.546551768988938989e+02
3.547551768988939216e+02
3.548551768988939443e+02
3.549551768988939671e+02
3.550551768988939898e+02
3.551551768988940125e+02
3.552551768988940353e+02
3.553551768988940580e+02
3.554551768988940808e+02
3.555551768988941035e+02
3.556551768988941262e+02
3.557551768988941490e+02
3.558551768988941717e+02
3.559551768988941944e+02
3.560551768988942172e+02
3.561551768988942399e+02
3.562551768988942626e+02
3.563551768988942854e+02
3.564551768988943081e+02
3.565551768988943309e+02
3.566551768988943536e+02
3.567551768988943763e+02
3.568551768988943991e+02
3.569551768988944218e+02
3.570551768988944445e+02
3.571551768988944673e+02
3.572551768988944900e+02
3.573551768988945128e+02
3.574551768988945355e+02
3.575551768988945582e+02
3.576551768988945810e+02
3.577551768988946037e+02
3.578551768988946264e+02
3.579551768988946492e+02
3.580551768988946719e+02
3.581551768988946947e+02
3.582551768988947174e+02
3.583551768988947401e+02
3.584551768988947629e+02
3.585551768988947856e+02
3.586551768988948083e+02
3.587551768988948311e+02
3.588551768988948538e+02
3.589551768988948766e+02
3.590551768988948993e+02
3.591551768988949220e+02
3.592551768988949448e+02
3.593551768988949675e+02
3.594551768988949902e+02
3.595551768988950130e+02
3.596551768988950357e+02
3.597551768988950585e+02
3.598551768988950812e+02
3.599551768988951039e+02
3.600551768988951267e+02
3.601551768988951494e+02
3.602551768988951721e+02
3.603551768988951949e+02
3.604551768988952176e+02
3.605551768988952404e+02
3.606551768988952631e+02
3.607551768988952858e+02
3.608551768988953086e+02
3.609551768988953313e+02
3.610551768988953540e+02
3.611551768988953768e+02
3.612551768988953995e+02
3.613551768988954223e+02
3.614551768988954450e+02
3.615551768988954677e+02
3.616551768988954905e+02
3.617551768988955132e+02
3.618551768988955359e+02
3.619551768988955587e+02
3.620551768988955814e+02
3.621551768988956042e+02
3.622551768988956269e+02
3.623551768988956496e+02
3.624551768988956724e+02
3.625551768988956951e+02
3.626551768988957178e+02
3.627551768988957406e+02
3.628551768988957633e+02
3.629551768988957861e+02
3.630551768988958088e+02
3.631551768988958315e+02
3.632551768988958543e+02
3.633551768988958770e+02
3.634551768988958997e+02
3.635551768988959225e+02
3.636551768988959452e+02
3.637551768988959680e+02
3.638551768988959907e+02
3.639551768988960134e+02
3.640551768988960362e+02
3.641551768988960589e+02
3.642551768988960816e+02
3.643551768988961044e+02
3.644551768988961271e+02
3.645551768988961499e+02
3.646551768988961726e+02
3.647551768988961953e+02
3.648551768988962181e+02
3.649551768988962408e+02
3.650551768988962635e+02
3.651551768988962863e+02
3.652551768988963090e+02
3.653551768988963317e+02
3.654551768988963545e+02
3.655551768988963772e+02
3.656551768988964000e+02
3.657551768988964227e+02
3.658551768988964454e+02
3.659551768988964682e+02
3.660551768988964909e+02
3.661551768988965136e+02
3.662551768988965364e+02
3.663551768988965591e+02
3.664551768988965819e+02
3.665551768988966046e+02
3.666551768988966273e+02
3.667551768988966501e+02
3.668551768988966728e+02
3.669551768988966955e+02
3.670551768988967183e+02
3.671551768988967410e+02
3.672551768988967638e+02
3.673551768988967865e+02
3.674551768988968092e+02
3.675551768988968320e+02
3.676551768988968547e+02
3.677551768988968774e+02
3.678551768988969002e+02
3.679551768988969229e+02
3.680551768988969457e+02
3.681551768988969684e+02
3.682551768988969911e+02
3.683551768988970139e+02
3.684551768988970366e+02
3.685551768988970593e+02
3.686551768988970821e+02
3.687551768988971048e+02
3.688551768988971276e+02
3.689551768988971503e+02
3.690551768988971730e+02
3.691551768988971958e+02
3.692551768988972185e+02
3.693551768988972412e+02
3.694551768988972640e+02
3.695551768988972867e+02
3.696551768988973095e+02
3.697551768988973322e+02
3.698551768988973549e+02
3.699551768988973777e+02
3.700551768988974004e+02
3.701551768988974231e+02
3.702551768988974459e+02
3.703551768988974686e+02
3.704551768988974914e+02
3.705551768988975141e+02
3.706551768988975368e+02
3.707551768988975596e+02
3.708551768988975823e+02
3.709551768988976050e+02
3.710551768988976278e+02
3.711551768988976505e+02
3.712551768988976733e+02
3.713551768988976960e+02
3.714551768988977187e+02
3.715551768988977415e+02
3.716551768988977642e+02
3.717551768988977869e+02
3.718551768988978097e+02
3.719551768988978324e+02
3.720551768988978552e+02
3.721551768988978779e+02
3.722551768988979006e+02
3.723551768988979234e+02
3.724551768988979461e+02
3.725551768988979688e+02
3.726551768988979916e+02
3.727551768988980143e+02
3.728551768988980371e+02
3.729551768988980598e+02
3.730551768988980825e+02
3.731551768988981053e+02
3.732551768988981280e+02
3.733551768988981507e+02
3.734551768988981735e+02
3.735551768988981962e+02
3.736551768988982190e+02
3.737551768988982417e+02
3.738551768988982644e+02
3.739551768988982872e+02
3.740551768988983099e+02
3.741551768988983326e+02
3.742551768988983554e+02
3.743551768988983781e+02
3.744551768988984009e+02
3.745551768988984236e+02
3.746551768988984463e+02
3.747551768988984691e+02
3.748551768988984918e+02
3.749551768988985145e+02
3.750551768988985373e+02
3.751551768988985600e+02
3.752551768988985827e+02
3.753551768988986055e+02
3.754551768988986282e+02
3.755551768988986510e+02
3.756551768988986737e+02
3.757551768988986964e+02
3.758551768988987192e+02
3.759551768988987419e+02
3.760551768988987646e+02
3.761551768988987874e+02
3.762551768988988101e+02
3.763551768988988329e+02
3.764551768988988556e+02
3.765551768988988783e+02
3.766551768988989011e+02
3.767551768988989238e+02
3.768551768988989465e+02
3.769551768988989693e+02
3.770551768988989920e+02
3.771551768988990148e+02
3.772551768988990375e+02
3.773551768988990602e+02
3.774551768988990830e+02
3.775551768988991057e+02
3.776551768988991284e+02
3.777551768988991512e+02
3.778551768988991739e+02
3.779551768988991967e+02
3.780551768988992194e+02
3.781551768988992421e+02
3.782551768988992649e+02
3.783551768988992876e+02
3.784551768988993103e+02
3.785551768988993331e+02
3.786551768988993558e+02
3.787551768988993786e+02
3.788551768988994013e+02
3.789551768988994240e+02
3.790551768988994468e+02
3.791551768988994695e+02
3.792551768988994922e+02
3.793551768988995150e+02
3.794551768988995377e+02
3.795551768988995605e+02
3.796551768988995832e+02
3.797551768988996059e+02
3.798551768988996287e+02
3.799551768988996514e+02
3.800551768988996741e+02
3.801551768988996969e+02
3.802551768988997196e+02
3.803551768988997424e+02
3.804551768988997651e+02
3.805551768988997878e+02
3.806551768988998106e+02
3.807551768988998333e+02
3.808551768988998560e+02
3.809551768988998788e+02
3.810551768988999015e+02
3.811551768988999243e+02
3.812551768988999470e+02
3.813551768988999697e+02
3.814551768988999925e+02
3.815551768989000152e+02
3.816551768989000379e+02
3.817551768989000607e+02
3.818551768989000834e+02
3.819551768989001062e+02
3.820551768989001289e+02
3.821551768989001516e+02
3.822551768989001744e+02
3.823551768989001971e+02
3.824551768989002198e+02
3.825551768989002426e+02
3.826551768989002653e+02
3.827551768989002881e+02
3.828551768989003108e+02
3.829551768989003335e+02
3.830551768989003563e+02
3.831551768989003790e+02
3.832551768989004017e+02
3.833551768989004245e+02
3.834551768989004472e+02
3.835551768989004700e+02
3.836551768989004927e+02
3.837551768989005154e+02
3.838551768989005382e+02
3.839551768989005609e+02
3.840551768989005836e+02
3.841551768989006064e+02
3.842551768989006291e+02
3.843551768989006518e+02
3.844551768989006746e+02
3.845551768989006973e+02
3.846551768989007201e+02
3.847551768989007428e+02
3.848551768989007655e+02
3.849551768989007883e+02
3.850551768989008110e+02
3.851551768989008337e+02
3.852551768989008565e+02
3.853551768989008792e+02
3.854551768989009020e+02
3.855551768989009247e+02
3.856551768989009474e+02
3.857551768989009702e+02
3.858551768989009929e+02
3.859551768989010156e+02
3.860551768989010384e+02
3.861551768989010611e+02
3.862551768989010839e+02
3.863551768989011066e+02
3.864551768989011293e+02
3.865551768989011521e+02
3.866551768989011748e+02
3.867551768989011975e+02
3.868551768989012203e+02
3.869551768989012430e+02
3.870551768989012658e+02
3.871551768989012885e+02
3.872551768989013112e+02
3.873551768989013340e+02
3.874551768989013567e+02
3.875551768989013794e+02
3.876551768989014022e+02
3.877551768989014249e+02
3.878551768989014477e+02
3.879551768989014704e+02
3.880551768989014931e+02
3.881551768989015159e+02
3.882551768989015386e+02
3.883551768989015613e+02
3.884551768989015841e+02
3.885551768989016068e+02
3.886551768989016296e+02
3.887551768989016523e+02
3.888551768989016750e+02
3.889551768989016978e+02
3.890551768989017205e+02
3.891551768989017432e+02
3.892551768989017660e+02
3.893551768989017887e+02
3.894551768989018115e+02
3.895551768989018342e+02
3.896551768989018569e+02
3.897551768989018797e+02
3.898551768989019024e+02
3.899551768989019251e+02
3.900551768989019479e+02
3.901551768989019706e+02
3.902551768989019934e+02
3.903551768989020161e+02
3.904551768989020388e+02
3.905551768989020616e+02
3.906551768989020843e+02
3.907551768989021070e+02
3.908551768989021298e+02
3.909551768989021525e+02
3.910551768989021753e+02
3.911551768989021980e+02
3.912551768989022207e+02
3.913551768989022435e+02
3.914551768989022662e+02
3.915551768989022889e+02
3.916551768989023117e+02
3.917551768989023344e+02
3.918551768989023572e+02
3.919551768989023799e+02
3.920551768989024026e+02
3.921551768989024254e+02
3.922551768989024481e+02
3.923551768989024708e+02
3.924551768989024936e+02
3.925551768989025163e+02
3.926551768989025391e+02
3.927551768989025618e+02
3.928551768989025845e+02
3.929551768989026073e+02
3.930551768989026300e+02
3.931551768989026527e+02
3.932551768989026755e+02
3.933551768989026982e+02
3.934551768989027209e+02
3.935551768989027437e+02
3.936551768989027664e+02
3.937551768989027892e+02
3.938551768989028119e+02
3.939551768989028346e+02
3.940551768989028574e+02
3.941551768989028801e+02
3.942551768989029028e+02
3.943551768989029256e+02
3.944551768989029483e+02
3.945551768989029711e+02
3.946551768989029938e+02
3.947551768989030165e+02
3.948551768989030393e+02
3.949551768989030620e+02
3.950551768989030847e+02
3.951551768989031075e+02
3.952551768989031302e+02
3.953551768989031530e+02
3.954551768989031757e+02
3.955551768989031984e+02
3.956551768989032212e+02
3.957551768989032439e+02
3.958551768989032666e+02
3.959551768989032894e+02
3.960551768989033121e+02
3.961551768989033349e+02
3.962551768989033576e+02
3.963551768989033803e+02
3.964551768989034031e+02
3.965551768989034258e+02
3.966551768989034485e+02
3.967551768989034713e+02
3.968551768989034940e+02
3.969551768989035168e+02
3.970551768989035395e+02
3.971551768989035622e+02
3.972551768989035850e+02
3.973551768989036077e+02
3.974551768989036304e+02
3.975551768989036532e+02
3.976551768989036759e+02
3.977551768989036987e+02
3.978551768989037214e+02
3.979551768989037441e+02
3.980551768989037669e+02
3.981551768989037896e+02
3.982551768989038123e+02
3.983551768989038351e+02
3.984551768989038578e+02
3.985551768989038806e+02
3.986551768989039033e+02
3.987551768989039260e+02
3.988551768989039488e+02
3.989551768989039715e+02
3.990551768989039942e+02
3.991551768989040170e+02
3.992551768989040397e+02
3.993551768989040625e+02
3.994551768989040852e+02
3.995551768989041079e+02
3.996551768989041307e+02
3.997551768989041534e+02
3.998551768989041761e+02
3.999551768989041989e+02
4.000551768989042216e+02
4.001551768989042444e+02
4.002551768989042671e+02
4.003551768989042898e+02
4.004551768989043126e+02
4.005551768989043353e+02
4.006551768989043580e+02
4.007551768989043808e+02
4.008551768989044035e+02
4.009551768989044263e+02
4.010551768989044490e+02
4.011551768989044717e+02
4.012551768989044945e+02
4.013551768989045172e+02
4.014551768989045399e+02
4.015551768989045627e+02
4.016551768989045854e+02
4.017551768989046082e+02
4.018551768989046309e+02
4.019551768989046536e+02
4.020551768989046764e+02
4.021551768989046991e+02
4.022551768989047218e+02
4.023551768989047446e+02
4.024551768989047673e+02
4.025551768989047901e+02
4.026551768989048128e+02
4.027551768989048355e+02
4.028551768989048583e+02
4.029551768989048810e+02
4.030551768989049037e+02
4.031551768989049265e+02
4.032551768989049492e+02
4.033551768989049719e+02
4.034551768989049947e+02
4.035551768989050174e+02
4.036551768989050402e+02
4.037551768989050629e+02
4.038551768989050856e+02
4.039551768989051084e+02
4.040551768989051311e+02
4.041551768989051538e+02
4.042551768989051766e+02
4.043551768989051993e+02
4.044551768989052221e+02
4.045551768989052448e+02
4.046551768989052675e+02
4.047551768989052903e+02
4.048551768989053130e+02
4.049551768989053357e+02
4.050551768989053585e+02
4.051551768989053812e+02
4.052551768989054040e+02
4.053551768989054267e+02
4.054551768989054494e+02
4.055551768989054722e+02
4.056551768989054949e+02
4.057551768989055176e+02
4.058551768989055404e+02
4.059551768989055631e+02
4.060551768989055859e+02
4.061551768989056086e+02
4.062551768989056313e+02
4.063551768989056541e+02
4.064551768989056768e+02
4.065551768989056995e+02
4.066551768989057223e+02
4.067551768989057450e+02
4.068551768989057678e+02
4.069551768989057905e+02
4.070551768989058132e+02
4.071551768989058360e+02
4.072551768989058587e+02
4.073551768989058814e+02
4.074551768989059042e+02
4.075551768989059269e+02
4.076551768989059497e+02
4.077551768989059724e+02
4.078551768989059951e+02
4.079551768989060179e+02
4.080551768989060406e+02
4.081551768989060633e+02
4.082551768989060861e+02
4.083551768989061088e+02
4.084551768989061316e+02
4.085551768989061543e+02
4.086551768989061770e+02
4.087551768989061998e+02
4.088551768989062225e+02
4.089551768989062452e+02
4.090551768989062680e+02
4.091551768989062907e+02
4.092551768989063135e+02
4.093551768989063362e+02
4.094551768989063589e+02
4.095551768989063817e+02
4.096551768989064044e+02
4.097551768989064271e+02
4.098551768989064499e+02
4.099551768989064726e+02
4.100551768989064954e+02
4.101551768989065181e+02
4.102551768989065408e+02
4.103551768989065636e+02
4.104551768989065863e+02
4.105551768989066090e+02
4.106551768989066318e+02
4.107551768989066545e+02
4.108551768989066773e+02
4.109551768989067000e+02
4.110551768989067227e+02
4.111551768989067455e+02
4.112551768989067682e+02
4.113551768989067909e+02
4.114551768989068137e+02
4.115551768989068364e+02
4.116551768989068592e+02
4.117551768989068819e+02
4.118551768989069046e+02
4.119551768989069274e+02
4.120551768989069501e+02
4.121551768989069728e+02
4.122551768989069956e+02
4.123551768989070183e+02
4.124551768989070410e+02
4.125551768989070638e+02
4.126551768989070865e+02
4.127551768989071093e+02
4.128551768989071320e+02
4.129551768989071547e+02
4.130551768989071775e+02
4.131551768989072002e+02
4.132551768989072229e+02
4.133551768989072457e+02
4.134551768989072684e+02
4.135551768989072912e+02
4.136551768989073139e+02
4.137551768989073366e+02
4.138551768989073594e+02
4.139551768989073821e+02
4.140551768989074048e+02
4.141551768989074276e+02
4.142551768989074503e+02
4.143551768989074731e+02
4.144551768989074958e+02
4.145551768989075185e+02
4.146551768989075413e+02
4.147551768989075640e+02
4.148551768989075867e+02
4.149551768989076095e+02
4.150551768989076322e+02
4.151551768989076550e+02
4.152551768989076777e+02
4.153551768989077004e+02
4.154551768989077232e+02
4.155551768989077459e+02
4.156551768989077686e+02
4.157551768989077914e+02
4.158551768989078141e+02
4.159551768989078369e+02
4.160551768989078596e+02
4.161551768989078823e+02
4.162551768989079051e+02
4.163551768989079278e+02
4.164551768989079505e+02
4.165551768989079733e+02
4.166551768989079960e+02
4.167551768989080188e+02
4.168551768989080415e+02
4.169551768989080642e+02
4.170551768989080870e+02
4.171551768989081097e+02
4.172551768989081324e+02
4.173551768989081552e+02
4.174551768989081779e+02
4.175551768989082007e+02
4.176551768989082234e+02
4.177551768989082461e+02
4.178551768989082689e+02
4.179551768989082916e+02
4.180551768989083143e+02
4.181551768989083371e+02
4.182551768989083598e+02
4.183551768989083826e+02
4.184551768989084053e+02
4.185551768989084280e+02
4.186551768989084508e+02
4.187551768989084735e+02
4.188551768989084962e+02
4.189551768989085190e+02
4.190551768989085417e+02
4.191551768989085645e+02
4.192551768989085872e+02
4.193551768989086099e+02
4.194551768989086327e+02
4.195551768989086554e+02
4.196551768989086781e+02
4.197551768989087009e+02
4.198551768989087236e+02
4.199551768989087464e+02
4.200551768989087691e+02
4.201551768989087918e+02
4.202551768989088146e+02
4.203551768989088373e+02
4.204551768989088600e+02
4.205551768989088828e+02
4.206551768989089055e+02
4.207551768989089283e+02
4.208551768989089510e+02
4.209551768989089737e+02
4.210551768989089965e+02
4.211551768989090192e+02
4.212551768989090419e+02
4.213551768989090647e+02
4.214551768989090874e+02
4.215551768989091102e+02
4.216551768989091329e+02
4.217551768989091556e+02
4.218551768989091784e+02
4.219551768989092011e+02
4.220551768989092238e+02
4.221551768989092466e+02
4.222551768989092693e+02
4.223551768989092920e+02
4.224551768989093148e+02
4.225551768989093375e+02
4.226551768989093603e+02
4.227551768989093830e+02
4.228551768989094057e+02
4.229551768989094285e+02
4.230551768989094512e+02
4.231551768989094739e+02
4.232551768989094967e+02
4.233551768989095194e+02
4.234551768989095422e+02
4.235551768989095649e+02
4.236551768989095876e+02
4.237551768989096104e+02
4.238551768989096331e+02
4.239551768989096558e+02
4.240551768989096786e+02
4.241551768989097013e+02
4.242551768989097241e+02
4.243551768989097468e+02
4.244551768989097695e+02
4.245551768989097923e+02
4.246551768989098150e+02
4.247551768989098377e+02
4.248551768989098605e+02
4.249551768989098832e+02
4.250551768989099060e+02
4.251551768989099287e+02
4.252551768989099514e+02
4.253551768989099742e+02
4.254551768989099969e+02
4.255551768989100196e+02
4.256551768989100424e+02
4.257551768989100651e+02
4.258551768989100879e+02
4.259551768989101106e+02
4.260551768989101333e+02
4.261551768989101561e+02
4.262551768989101788e+02
4.263551768989102015e+02
4.264551768989102243e+02
4.265551768989102470e+02
4.266551768989102698e+02
4.267551768989102925e+02
4.268551768989103152e+02
4.269551768989103380e+02
4.270551768989103607e+02
4.271551768989103834e+02
4.272551768989104062e+02
4.273551768989104289e+02
4.274551768989104517e+02
4.275551768989104744e+02
4.276551768989104971e+02
4.277551768989105199e+02
4.278551768989105426e+02
4.279551768989105653e+02
4.280551768989105881e+02
4.281551768989106108e+02
4.282551768989106336e+02
4.283551768989106563e+02
4.284551768989106790e+02
4.285551768989107018e+02
4.286551768989107245e+02
4.287551768989107472e+02
4.288551768989107700e+02
4.289551768989107927e+02
4.290551768989108155e+02
4.291551768989108382e+02
4.292551768989108609e+02
4.293551768989108837e+02
4.294551768989109064e+02
4.295551768989109291e+02
4.296551768989109519e+02
4.297551768989109746e+02
4.298551768989109974e+02
4.299551768989110201e+02
4.300551768989110428e+02
4.301551768989110656e+02
4.302551768989110883e+02
4.303551768989111110e+02
4.304551768989111338e+02
4.305551768989111565e+02
4.306551768989111793e+02
4.307551768989112020e+02
4.308551768989112247e+02
4.309551768989112475e+02
4.310551768989112702e+02
4.311551768989112929e+02
4.312551768989113157e+02
4.313551768989113384e+02
4.314551768989113611e+02
4.315551768989113839e+02
4.316551768989114066e+02
4.317551768989114294e+02
4.318551768989114521e+02
4.319551768989114748e+02
4.320551768989114976e+02
4.321551768989115203e+02
4.322551768989115430e+02
4.323551768989115658e+02
4.324551768989115885e+02
4.325551768989116113e+02
4.326551768989116340e+02
4.327551768989116567e+02
4.328551768989116795e+02
4.329551768989117022e+02
4.330551768989117249e+02
4.331551768989117477e+02
4.332551768989117704e+02
4.333551768989117932e+02
4.334551768989118159e+02
4.335551768989118386e+02
4.336551768989118614e+02
4.337551768989118841e+02
4.338551768989119068e+02
4.339551768989119296e+02
4.340551768989119523e+02
4.341551768989119751e+02
4.342551768989119978e+02
4.343551768989120205e+02
4.344551768989120433e+02
4.345551768989120660e+02
4.346551768989120887e+02
4.347551768989121115e+02
4.348551768989121342e+02
4.349551768989121570e+02
4.350551768989121797e+02
4.351551768989122024e+02
4.352551768989122252e+02
4.353551768989122479e+02
4.354551768989122706e+02
4.355551768989122934e+02
4.356551768989123161e+02
4.357551768989123389e+02
4.358551768989123616e+02
4.359551768989123843e+02
4.360551768989124071e+02
4.361551768989124298e+02
4.362551768989124525e+02
4.363551768989124753e+02
4.364551768989124980e+02
4.365551768989125208e+02
4.366551768989125435e+02
4.367551768989125662e+02
4.368551768989125890e+02
4.369551768989126117e+02
4.370551768989126344e+02
4.371551768989126572e+02
4.372551768989126799e+02
4.373551768989127027e+02
4.374551768989127254e+02
4.375551768989127481e+02
4.376551768989127709e+02
4.377551768989127936e+02
4.378551768989128163e+02
4.379551768989128391e+02
4.380551768989128618e+02
4.381551768989128846e+02
4.382551768989129073e+02
4.383551768989129300e+02
4.384551768989129528e+02
4.385551768989129755e+02
4.386551768989129982e+02
4.387551768989130210e+02
4.388551768989130437e+02
4.389551768989130665e+02
4.390551768989130892e+02
4.391551768989131119e+02
4.392551768989131347e+02
4.393551768989131574e+02
4.394551768989131801e+02
4.395551768989132029e+02
4.396551768989132256e+02
4.397551768989132484e+02
4.398551768989132711e+02
4.399551768989132938e+02
4.400551768989133166e+02
4.401551768989133393e+02
4.402551768989133620e+02
4.403551768989133848e+02
4.404551768989134075e+02
4.405551768989134303e+02
4.406551768989134530e+02
4.407551768989134757e+02
4.408551768989134985e+02
4.409551768989135212e+02
4.410551768989135439e+02
4.411551768989135667e+02
4.412551768989135894e+02
4.413551768989136121e+02
4.414551768989136349e+02
4.415551768989136576e+02
4.416551768989136804e+02
4.417551768989137031e+02
4.418551768989137258e+02
4.419551768989137486e+02
4.420551768989137713e+02
4.421551768989137940e+02
4.422551768989138168e+02
4.423551768989138395e+02
4.424551768989138623e+02
4.425551768989138850e+02
4.426551768989139077e+02
4.427551768989139305e+02
4.428551768989139532e+02
4.429551768989139759e+02
4.430551768989139987e+02
4.431551768989140214e+02
4.432551768989140442e+02
4.433551768989140669e+02
4.434551768989140896e+02
4.435551768989141124e+02
4.436551768989141351e+02
4.437551768989141578e+02
4.438551768989141806e+02
4.439551768989142033e+02
4.440551768989142261e+02
4.441551768989142488e+02
4.442551768989142715e+02
4.443551768989142943e+02
4.444551768989143170e+02
4.445551768989143397e+02
4.446551768989143625e+02
4.447551768989143852e+02
4.448551768989144080e+02
4.449551768989144307e+02
4.450551768989144534e+02
4.451551768989144762e+02
4.452551768989144989e+02
4.453551768989145216e+02
4.454551768989145444e+02
4.455551768989145671e+02
4.456551768989145899e+02
4.457551768989146126e+02
4.458551768989146353e+02
4.459551768989146581e+02
4.460551768989146808e+02
4.461551768989147035e+02
4.462551768989147263e+02
4.463551768989147490e+02
4.464551768989147718e+02
4.465551768989147945e+02
4.466551768989148172e+02
4.467551768989148400e+02
4.468551768989148627e+02
4.469551768989148854e+02
4.470551768989149082e+02
4.471551768989149309e+02
4.472551768989149537e+02
4.473551768989149764e+02
4.474551768989149991e+02
4.475551768989150219e+02
4.476551768989150446e+02
4.477551768989150673e+02
4.478551768989150901e+02
4.479551768989151128e+02
4.480551768989151356e+02
4.481551768989151583e+02
4.482551768989151810e+02
4.483551768989152038e+02
4.484551768989152265e+02
4.485551768989152492e+02
4.486551768989152720e+02
4.487551768989152947e+02
4.488551768989153175e+02
4.489551768989153402e+02
4.490551768989153629e+02
4.491551768989153857e+02
4.492551768989154084e+02
4.493551768989154311e+02
4.494551768989154539e+02
4.495551768989154766e+02
4.496551768989154994e+02
4.497551768989155221e+02
4.498551768989155448e+02
4.499551768989155676e+02
4.500551768989155903e+02
4.501551768989156130e+02
4.502551768989156358e+02
4.503551768989156585e+02
4.504551768989156812e+02
4.505551768989157040e+02
4.506551768989157267e+02
4.507551768989157495e+02
4.508551768989157722e+02
4.509551768989157949e+02
4.510551768989158177e+02
4.511551768989158404e+02
4.512551768989158631e+02
4.513551768989158859e+02
4.514551768989159086e+02
4.515551768989159314e+02
4.516551768989159541e+02
4.517551768989159768e+02
4.518551768989159996e+02
4.519551768989160223e+02
4.520551768989160450e+02
4.521551768989160678e+02
4.522551768989160905e+02
4.523551768989161133e+02
4.524551768989161360e+02
4.525551768989161587e+02
4.526551768989161815e+02
4.527551768989162042e+02
4.528551768989162269e+02
4.529551768989162497e+02
4.530551768989162724e+02
4.531551768989162952e+02
4.532551768989163179e+02
4.533551768989163406e+02
4.534551768989163634e+02
4.535551768989163861e+02
4.536551768989164088e+02
4.537551768989164316e+02
4.538551768989164543e+02
4.539551768989164771e+02
4.540551768989164998e+02
4.541551768989165225e+02
4.542551768989165453e+02
4.543551768989165680e+02
4.544551768989165907e+02
4.545551768989166135e+02
4.546551768989166362e+02
4.547551768989166590e+02
4.548551768989166817e+02
4.549551768989167044e+02
4.550551768989167272e+02
4.551551768989167499e+02
4.552551768989167726e+02
4.553551768989167954e+02
4.554551768989168181e+02
4.555551768989168409e+02
4.556551768989168636e+02
4.557551768989168863e+02
4.558551768989169091e+02
4.559551768989169318e+02
4.560551768989169545e+02
4.561551768989169773e+02
4.562551768989170000e+02
4.563551768989170228e+02
4.564551768989170455e+02
4.565551768989170682e+02
4.566551768989170910e+02
4.567551768989171137e+02
4.568551768989171364e+02
4.569551768989171592e+02
4.570551768989171819e+02
4.571551768989172047e+02
4.572551768989172274e+02
4.573551768989172501e+02
4.574551768989172729e+02
4.575551768989172956e+02
4.576551768989173183e+02
4.577551768989173411e+02
4.578551768989173638e+02
4.579551768989173866e+02
4.580551768989174093e+02
4.581551768989174320e+02
4.582551768989174548e+02
4.583551768989174775e+02
4.584551768989175002e+02
4.585551768989175230e+02
4.586551768989175457e+02
4.587551768989175685e+02
4.588551768989175912e+02
4.589551768989176139e+02
4.590551768989176367e+02
4.591551768989176594e+02
4.592551768989176821e+02
4.593551768989177049e+02
4.594551768989177276e+02
4.595551768989177503e+02
4.596551768989177731e+02
4.597551768989177958e+02
4.598551768989178186e+02
4.599551768989178413e+02
4.600551768989178640e+02
4.601551768989178868e+02
4.602551768989179095e+02
4.603551768989179322e+02
4.604551768989179550e+02
4.605551768989179777e+02
4.606551768989180005e+02
4.607551768989180232e+02
4.608551768989180459e+02
4.609551768989180687e+02
4.610551768989180914e+02
4.611551768989181141e+02
4.612551768989181369e+02
4.613551768989181596e+02
4.614551768989181824e+02
4.615551768989182051e+02
4.616551768989182278e+02
4.617551768989182506e+02
4.618551768989182733e+02
4.619551768989182960e+02
4.620551768989183188e+02
4.621551768989183415e+02
4.622551768989183643e+02
4.623551768989183870e+02
4.624551768989184097e+02
4.625551768989184325e+02
4.626551768989184552e+02
4.627551768989184779e+02
4.628551768989185007e+02
4.629551768989185234e+02
4.630551768989185462e+02
4.631551768989185689e+02
4.632551768989185916e+02
4.633551768989186144e+02
4.634551768989186371e+02
4.635551768989186598e+02
4.636551768989186826e+02
4.637551768989187053e+02
4.638551768989187281e+02
4.639551768989187508e+02
4.640551768989187735e+02
4.641551768989187963e+02
4.642551768989188190e+02
4.643551768989188417e+02
4.644551768989188645e+02
4.645551768989188872e+02
4.646551768989189100e+02
4.647551768989189327e+02
4.648551768989189554e+02
4.649551768989189782e+02
4.650551768989190009e+02
4.651551768989190236e+02
4.652551768989190464e+02
4.653551768989190691e+02
4.654551768989190919e+02
4.655551768989191146e+02
4.656551768989191373e+02
4.657551768989191601e+02
4.658551768989191828e+02
4.659551768989192055e+02
4.660551768989192283e+02
4.661551768989192510e+02
4.662551768989192738e+02
4.663551768989192965e+02
4.664551768989193192e+02
4.665551768989193420e+02
4.666551768989193647e+02
4.667551768989193874e+02
4.668551768989194102e+02
4.669551768989194329e+02
4.670551768989194557e+02
4.671551768989194784e+02
4.672551768989195011e+02
4.673551768989195239e+02
4.674551768989195466e+02
4.675551768989195693e+02
4.676551768989195921e+02
4.677551768989196148e+02
4.678551768989196376e+02
4.679551768989196603e+02
4.680551768989196830e+02
4.681551768989197058e+02
4.682551768989197285e+02
4.683551768989197512e+02
4.684551768989197740e+02
4.685551768989197967e+02
4.686551768989198195e+02
4.687551768989198422e+02
4.688551768989198649e+02
4.689551768989198877e+02
4.690551768989199104e+02
4.691551768989199331e+02
4.692551768989199559e+02
4.693551768989199786e+02
4.694551768989200013e+02
4.695551768989200241e+02
4.696551768989200468e+02
4.697551768989200696e+02
4.698551768989200923e+02
4.699551768989201150e+02
4.700551768989201378e+02
4.701551768989201605e+02
4.702551768989201832e+02
4.703551768989202060e+02
4.704551768989202287e+02
4.705551768989202515e+02
4.706551768989202742e+02
4.707551768989202969e+02
4.708551768989203197e+02
4.709551768989203424e+02
4.710551768989203651e+02
4.711551768989203879e+02
4.712551768989204106e+02
4.713551768989204334e+02
4.714551768989204561e+02
4.715551768989204788e+02
4.716551768989205016e+02
4.717551768989205243e+02
4.718551768989205470e+02
4.719551768989205698e+02
4.720551768989205925e+02
4.721551768989206153e+02
4.722551768989206380e+02
4.723551768989206607e+02
4.724551768989206835e+02
4.725551768989207062e+02
4.726551768989207289e+02
4.727551768989207517e+02
4.728551768989207744e+02
4.729551768989207972e+02
4.730551768989208199e+02
4.731551768989208426e+02
4.732551768989208654e+02
4.733551768989208881e+02
4.734551768989209108e+02
4.735551768989209336e+02
4.736551768989209563e+02
4.737551768989209791e+02
4.738551768989210018e+02
4.739551768989210245e+02
4.740551768989210473e+02
4.741551768989210700e+02
4.742551768989210927e+02
4.743551768989211155e+02
4.744551768989211382e+02
4.745551768989211610e+02
4.746551768989211837e+02
4.747551768989212064e+02
4.748551768989212292e+02
4.749551768989212519e+02
4.750551768989212746e+02
4.751551768989212974e+02
4.752551768989213201e+02
4.753551768989213429e+02
4.754551768989213656e+02
4.755551768989213883e+02
4.756551768989214111e+02
4.757551768989214338e+02
4.758551768989214565e+02
4.759551768989214793e+02
4.760551768989215020e+02
4.761551768989215248e+02
4.762551768989215475e+02
4.763551768989215702e+02
4.764551768989215930e+02
4.765551768989216157e+02
4.766551768989216384e+02
4.767551768989216612e+02
4.768551768989216839e+02
4.769551768989217067e+02
4.770551768989217294e+02
4.771551768989217521e+02
4.772551768989217749e+02
4.773551768989217976e+02
4.774551768989218203e+02
4.775551768989218431e+02
4.776551768989218658e+02
4.777551768989218886e+02
4.778551768989219113e+02
4.779551768989219340e+02
4.780551768989219568e+02
4.781551768989219795e+02
4.782551768989220022e+02
4.783551768989220250e+02
4.784551768989220477e+02
4.785551768989220704e+02
4.786551768989220932e+02
4.787551768989221159e+02
4.788551768989221387e+02
4.789551768989221614e+02
4.790551768989221841e+02
4.791551768989222069e+02
4.792551768989222296e+02
4.793551768989222523e+02
4.794551768989222751e+02
4.795551768989222978e+02
4.796551768989223206e+02
4.797551768989223433e+02
4.798551768989223660e+02
4.799551768989223888e+02
4.800551768989224115e+02
4.801551768989224342e+02
4.802551768989224570e+02
4.803551768989224797e+02
4.804551768989225025e+02
4.805551768989225252e+02
4.806551768989225479e+02
4.807551768989225707e+02
4.808551768989225934e+02
4.809551768989226161e+02
4.810551768989226389e+02
4.811551768989226616e+02
4.812551768989226844e+02
4.813551768989227071e+02
4.814551768989227298e+02
4.815551768989227526e+02
4.816551768989227753e+02
4.817551768989227980e+02
4.818551768989228208e+02
4.819551768989228435e+02
4.820551768989228663e+02
4.821551768989228890e+02
4.822551768989229117e+02
4.823551768989229345e+02
4.824551768989229572e+02
4.825551768989229799e+02
4.826551768989230027e+02
4.827551768989230254e+02
4.828551768989230482e+02
4.829551768989230709e+02
4.830551768989230936e+02
4.831551768989231164e+02
4.832551768989231391e+02
4.833551768989231618e+02
4.834551768989231846e+02
4.835551768989232073e+02
4.836551768989232301e+02
4.837551768989232528e+02
4.838551768989232755e+02
4.839551768989232983e+02
4.840551768989233210e+02
4.841551768989233437e+02
4.842551768989233665e+02
4.843551768989233892e+02
4.844551768989234120e+02
4.845551768989234347e+02
4.846551768989234574e+02
4.847551768989234802e+02
4.848551768989235029e+02
4.849551768989235256e+02
4.850551768989235484e+02
4.851551768989235711e+02
4.852551768989235939e+02
4.853551768989236166e+02
4.854551768989236393e+02
4.855551768989236621e+02
4.856551768989236848e+02
4.857551768989237075e+02
4.858551768989237303e+02
4.859551768989237530e+02
4.860551768989237758e+02
4.861551768989237985e+02
4.862551768989238212e+02
4.863551768989238440e+02
4.864551768989238667e+02
4.865551768989238894e+02
4.866551768989239122e+02
4.867551768989239349e+02
4.868551768989239577e+02
4.869551768989239804e+02
4.870551768989240031e+02
4.871551768989240259e+02
4.872551768989240486e+02
4.873551768989240713e+02
4.874551768989240941e+02
4.875551768989241168e+02
4.876551768989241396e+02
4.877551768989241623e+02
4.878551768989241850e+02
4.879551768989242078e+02
4.880551768989242305e+02
4.881551768989242532e+02
4.882551768989242760e+02
4.883551768989242987e+02
4.884551768989243214e+02
4.885551768989243442e+02
4.886551768989243669e+02
4.887551768989243897e+02
4.888551768989244124e+02
4.889551768989244351e+02
4.890551768989244579e+02
4.891551768989244806e+02
4.892551768989245033e+02
4.893551768989245261e+02
4.894551768989245488e+02
4.895551768989245716e+02
4.896551768989245943e+02
4.897551768989246170e+02
4.898551768989246398e+02
4.899551768989246625e+02
4.900551768989246852e+02
4.901551768989247080e+02
4.902551768989247307e+02
4.903551768989247535e+02
4.904551768989247762e+02
4.905551768989247989e+02
4.906551768989248217e+02
4.907551768989248444e+02
4.908551768989248671e+02
4.909551768989248899e+02
4.910551768989249126e+02
4.911551768989249354e+02
4.912551768989249581e+02
4.913551768989249808e+02
4.914551768989250036e+02
4.915551768989250263e+02
4.916551768989250490e+02
4.917551768989250718e+02
4.918551768989250945e+02
4.919551768989251173e+02
4.920551768989251400e+02
4.921551768989251627e+02
4.922551768989251855e+02
4.923551768989252082e+02
4.924551768989252309e+02
4.925551768989252537e+02
4.926551768989252764e+02
4.927551768989252992e+02
4.928551768989253219e+02
4.929551768989253446e+02
4.930551768989253674e+02
4.931551768989253901e+02
4.932551768989254128e+02
4.933551768989254356e+02
4.934551768989254583e+02
4.935551768989254811e+02
4.936551768989255038e+02
4.937551768989255265e+02
4.938551768989255493e+02
4.939551768989255720e+02
4.940551768989255947e+02
4.941551768989256175e+02
4.942551768989256402e+02
4.943551768989256630e+02
4.944551768989256857e+02
4.945551768989257084e+02
4.946551768989257312e+02
4.947551768989257539e+02
4.948551768989257766e+02
4.949551768989257994e+02
4.950551768989258221e+02
4.951551768989258449e+02
4.952551768989258676e+02
4.953551768989258903e+02
4.954551768989259131e+02
4.955551768989259358e+02
4.956551768989259585e+02
4.957551768989259813e+02
4.958551768989260040e+02
4.959551768989260268e+02
4.960551768989260495e+02
4.961551768989260722e+02
4.962551768989260950e+02
4.963551768989261177e+02
4.964551768989261404e+02
4.965551768989261632e+02
4.966551768989261859e+02
4.967551768989262087e+02
4.968551768989262314e+02
4.969551768989262541e+02
4.970551768989262769e+02
4.971551768989262996e+02
4.972551768989263223e+02
4.973551768989263451e+02
4.974551768989263678e+02
4.975551768989263905e+02
4.976551768989264133e+02
4.977551768989264360e+02
4.978551768989264588e+02
4.979551768989264815e+02
4.980551768989265042e+02
4.981551768989265270e+02
4.982551768989265497e+02
4.983551768989265724e+02
4.984551768989265952e+02
4.985551768989266179e+02
4.986551768989266407e+02
4.987551768989266634e+02
4.988551768989266861e+02
4.989551768989267089e+02
4.990551768989267316e+02
4.991551768989267543e+02
4.992551768989267771e+02
4.993551768989267998e+02
4.994551768989268226e+02
4.995551768989268453e+02
4.996551768989268680e+02
4.997551768989268908e+02
4.998551768989269135e+02
4.999551768989269362e+02
5.000000000000000000e+02
