0.000000000000000000e+00
1.703865294479897017e-09
6.775197803556158284e-09
2.696731620200860703e-08
7.387484725036499829e-08
1.606128323011397571e-07
5.834906421095133793e-06
2.849355329637185362e-05
7.808900655982286578e-05
1.629865345245330624e-04
4.457584146897071442e-04
9.159735340571110822e-04
1.596071687826144470e-03
2.499041503681595153e-03
3.629808104775492095e-03
6.049503433618290925e-03
9.083135264356766506e-03
1.268213567098776598e-02
1.678579457747818998e-02
2.133077939010851257e-02
2.625562093166292077e-02
3.150176981438486401e-02
3.701592534793368694e-02
4.275044441584381627e-02
4.958171566539415487e-02
5.659471223138341084e-02
6.374281245152602082e-02
7.098726628581278342e-02
7.829616304439590557e-02
8.853175029488671854e-02
9.878727681431929974e-02
1.090217947089162920e-01
1.192053896530814866e-01
1.293164409678113635e-01
1.393397389152292998e-01
1.520862946849352582e-01
1.646544986027621282e-01
1.770359840653910610e-01
1.892259359001756125e-01
2.012220803962680160e-01
2.105054732959754371e-01
2.196698308082194184e-01
2.287158602873574087e-01
2.376445550604192047e-01
2.505012169131583533e-01
2.631130227933356491e-01
2.754840607771103511e-01
3.024231749396592006e-01
3.282174369683522053e-01
3.529145538559089745e-01
3.765617717357094274e-01
3.894638584144222149e-01
4.020525367706069830e-01
4.143357873672260383e-01
4.263210432062086164e-01
4.368291972353445796e-01
4.471081399538773260e-01
4.571628596678349865e-01
4.814366448735737380e-01
5.044040286932170991e-01
5.261336458052982001e-01
5.466919253459411321e-01
5.624757375583938623e-01
5.775684909131767464e-01
5.919997667746983439e-01
6.057983090601533060e-01
6.107658088664051910e-01
6.156514433905080352e-01
6.204563589133340606e-01
6.303413613893215084e-01
6.398848442407798487e-01
6.490985586105871841e-01
6.579937286175923106e-01
6.627301734392777588e-01
6.673761088155918397e-01
6.719333429902670796e-01
6.828293078231638669e-01
6.932182789404229828e-01
7.031225978165862589e-01
7.125640159953450237e-01
7.156689360232142416e-01
7.187240388465570007e-01
7.217298904568731910e-01
7.247846455665704068e-01
7.277884910494092363e-01
7.307422747471081781e-01
7.402530409651569832e-01
7.492444377329074978e-01
7.577438555723549074e-01
7.657775047066671670e-01
7.715926950859726130e-01
7.771632992782782079e-01
7.824994713973058014e-01
7.876107223018791181e-01
7.895200097125640859e-01
7.913977982135919076e-01
7.932446558855956731e-01
7.954173206969977761e-01
7.975471074266118343e-01
7.996348251405187568e-01
8.073925329360587266e-01
8.145676094047378246e-01
8.162753809092387902e-01
8.179501232082690976e-01
8.195922499397992889e-01
8.212023665787656634e-01
8.225255747275264095e-01
8.238271832031974773e-01
8.251075168983187380e-01
8.288714112286384994e-01
8.324510176709419840e-01
8.358548330331547760e-01
8.390910270630297374e-01
8.408043726792875372e-01
8.424704727040228658e-01
8.440905925542671051e-01
8.466628353049883149e-01
8.491186228294577143e-01
8.514628256833145503e-01
8.564240678209508184e-01
8.575837748320171983e-01
8.587129320254580644e-01
8.598118987238350108e-01
8.608812807465461292e-01
8.615449674938393532e-01
8.621973499741379943e-01
8.628385490232186594e-01
8.634823338343735610e-01
8.641148087627886776e-01
8.647361560536832581e-01
8.674441444051306238e-01
8.699387282021653345e-01
8.705307728701539016e-01
8.711105805043972694e-01
8.716784493647136145e-01
8.722345941850195850e-01
8.726999589127181212e-01
8.731570520833702442e-01
8.736060049198028921e-01
8.752421610656062612e-01
8.767688892465226314e-01
8.781924857868970147e-01
8.785779063405149136e-01
8.789555561425177466e-01
8.793257110068382065e-01
8.796884842154315542e-01
8.800184790581818683e-01
8.803422780891261290e-01
8.806599823106324720e-01
8.811460868751023190e-01
8.816177743667016342e-01
8.820753862788318633e-01
8.841077150183139777e-01
8.845695533543163069e-01
8.850139321128291936e-01
8.854412990750412105e-01
8.858521064777319376e-01
8.860616805146284136e-01
8.862669016967312796e-01
8.864678226307003417e-01
8.866701725964646341e-01
8.868681071558319751e-01
8.870616961918865728e-01
8.881565552172162592e-01
8.891057953375212097e-01
8.893218649030457668e-01
8.895296642155673394e-01
8.897296579290778773e-01
8.901067792667395340e-01
8.904546462377844751e-01
8.907744822739149804e-01
8.910675424123513100e-01
8.915112659628765535e-01
8.918858045508782917e-01
8.921965683358027421e-01
8.924484913405074105e-01
8.928058667963841843e-01
8.929602197158958976e-01
8.929420716724580931e-01
8.927769528023127288e-01
8.924865898130316388e-01
8.920382291521093965e-01
8.914783434694060205e-01
8.908241270037369208e-01
8.900897052872951409e-01
8.892867407357710752e-01
8.881743775122683537e-01
8.869816387463502760e-01
8.857214562508264333e-01
8.844041418394736898e-01
8.830377488953122800e-01
8.816285723477903513e-01
8.798706870171333350e-01
8.780646138280219226e-01
8.762161128550332023e-01
8.743297248374687358e-01
8.724090799701225141e-01
8.704571177341130506e-01
8.684764211985925852e-01
8.664690122863466515e-01
8.644369604385906403e-01
8.623819565464708736e-01
8.603053653144352442e-01
8.582085113367545759e-01
8.560927282525329085e-01
8.539593441088180192e-01
8.518094032664971227e-01
8.496439155639949892e-01
8.474639391641065611e-01
8.452704505054460249e-01
8.430643768843019137e-01
8.408465896115525640e-01
8.386179680931836744e-01
8.363793372066679055e-01
8.341315222907795812e-01
8.318752589219725602e-01
8.296113593629820260e-01
8.273404455351957010e-01
8.250633783333614080e-01
8.227805808294614831e-01
8.204931139413910168e-01
8.182011829218898136e-01
8.159055228121445680e-01
8.136068890757788274e-01
8.113056815829273738e-01
8.090026828346591481e-01
8.066981229060510294e-01
8.043926801324211562e-01
8.020868644345029441e-01
7.997811353105068743e-01
7.974759573332628193e-01
7.951717840481358213e-01
7.928690513146856578e-01
7.905681794140190233e-01
7.882695742505073655e-01
7.859736298217021577e-01
7.836807239720411378e-01
7.813912189679688147e-01
7.791054651865645386e-01
7.768238017260375994e-01
7.745465555860272522e-01
7.722740413860647024e-01
7.700065619427804986e-01
7.677444088451876869e-01
7.654878626706951295e-01
7.632371933167978462e-01
7.609926605017000023e-01
7.587545138176998716e-01
7.565229930691125260e-01
7.542983286066262671e-01
7.520807415588299794e-01
7.498704441243055907e-01
7.476676398738537621e-01
7.454725239646764479e-01
7.432852833322884933e-01
7.411060969588174618e-01
7.389351361474947311e-01
7.367725647204795836e-01
7.346185392262243319e-01
7.324732091926684507e-01
7.303367173100807630e-01
7.282091995923407612e-01
7.260907856434190011e-01
7.239815988662421375e-01
7.218817565396633551e-01
7.197913700435423223e-01
7.177105451651479839e-01
7.156393820813320428e-01
7.135779756222048187e-01
7.115264153844087502e-01
7.094847859989327210e-01
7.074531671296908630e-01
7.054316337810107029e-01
7.034202562481152166e-01
7.014191005151230174e-01
6.994282280865171675e-01
6.974476964921124678e-01
6.954775589548181092e-01
6.935178650826789859e-01
6.915686602994395304e-01
6.896299868152377943e-01
6.877018826981273758e-01
6.857843832686206786e-01
6.838775196365370901e-01
6.819813207385834186e-01
6.800958110728081429e-01
6.782210134925373834e-01
6.763569470101618020e-01
6.745036279076712660e-01
6.726610694551349301e-01
6.708292830799538198e-01
6.690082771847672971e-01
6.671980580512026915e-01
6.653986289496475193e-01
6.636099914381758946e-01
6.618321441453733911e-01
6.600650843229034503e-01
6.583088062511950334e-01
6.565633031848456813e-01
6.548285653109773286e-01
6.531045821958310071e-01
6.513913401719565455e-01
6.496888254195070100e-01
6.479970206300650348e-01
6.463159088949255171e-01
6.446454694525713958e-01
6.429856823399857646e-01
6.413365245357204314e-01
6.396979720807398628e-01
6.380699997787375732e-01
6.364525810666232797e-01
6.348456881151665065e-01
6.332492920904215783e-01
6.316633628042706006e-01
6.300878687807912604e-01
6.285227775787310955e-01
6.269680558461347974e-01
6.254236692699681743e-01
6.238895825666688211e-01
6.223657595287649391e-01
6.208521630833401250e-01
6.193487553341359142e-01
6.178554975946062289e-01
6.163723504228787453e-01
6.148992736542967519e-01
6.134362264305472934e-01
6.119831672333243544e-01
6.105400539189023146e-01
6.091068437441683470e-01
6.076834933960584273e-01
6.062699590205440359e-01
6.048661962496125755e-01
6.034721602275611163e-01
6.020878056367515718e-01
6.007130867225088933e-01
5.993479573172180164e-01
5.979923708637163715e-01
5.966462804357650640e-01
5.953096387634202458e-01
5.939823982565552996e-01
5.926645110223986990e-01
5.913559288827192617e-01
5.900566033943404065e-01
5.887664858700775161e-01
5.874855273973196290e-01
5.862136788547109845e-01
5.849508909286222913e-01
5.836971141299469590e-01
5.824522988105008681e-01
5.812163951785618288e-01
5.799893533137067125e-01
5.787711231812422419e-01
5.775616546463127055e-01
5.763608974875733537e-01
5.751688014103555346e-01
5.739853160593598735e-01
5.728103910309507718e-01
5.716439758850696551e-01
5.704860201567546474e-01
5.693364733672622302e-01
5.681952850348094275e-01
5.670624046849557232e-01
5.659377818606367017e-01
5.648213661318539636e-01
5.637131071050294207e-01
5.626129544320341846e-01
5.615208578189028188e-01
5.604367670342420560e-01
5.593606319173421992e-01
5.582924023859989759e-01
5.572320284440537286e-01
5.561794601886614897e-01
5.551346478172931587e-01
5.540975416344809945e-01
5.530680920583124216e-01
5.520462496266819175e-01
5.510319650033062011e-01
5.500251889835099384e-01
5.490258724997888473e-01
5.480339666271559773e-01
5.470494225882787109e-01
5.460721917584105967e-01
5.451022256701260060e-01
5.441394760178615009e-01
5.431838946622710163e-01
5.422354336343992998e-01
5.412940451396794916e-01
5.403596815617592863e-01
5.394322954661621150e-01
5.385118396037862354e-01
5.375982669142478354e-01
5.366915305290732574e-01
5.357915837747425636e-01
5.348983801755915479e-01
5.340118734565741931e-01
5.331320175458915678e-01
5.322587665774896060e-01
5.313920748934304328e-01
5.305318970461415651e-01
5.296781878005450972e-01
5.288309021360724227e-01
5.279899952485663794e-01
5.271554225520752590e-01
5.263271396805413449e-01
5.255051024893878653e-01
5.246892670570061368e-01
5.238795896861483392e-01
5.230760269052261435e-01
5.222785354695199667e-01
5.214870723623012960e-01
5.207015947958698598e-01
5.199220602125096402e-01
5.191484262853651721e-01
5.183806509192419032e-01
5.176186922513311695e-01
5.168625086518644496e-01
5.161120587246967872e-01
5.153673013078242660e-01
5.146281954738346487e-01
5.138947005302966220e-01
5.131667760200866457e-01
5.124443817216577379e-01
5.117274776492508614e-01
5.110160240530505771e-01
5.103099814192886274e-01
5.096093104702945631e-01
5.089139721644975189e-01
5.082239276963795849e-01
5.075391384963823249e-01
5.068595662307694427e-01
5.061851728014442608e-01
5.055159203457276762e-01
5.048517712360934828e-01
5.041926880798667243e-01
5.035386337188827444e-01
5.028895712291110431e-01
5.022454639202444948e-01
5.016062753352534820e-01
5.009719692499092769e-01
5.003425096722746712e-01
4.997178608421656287e-01
4.990979872305838505e-01
4.984828535391208626e-01
4.978724246993356806e-01
4.972666658721072164e-01
4.966655424469609281e-01
4.960690200413725437e-01
4.954770645000488027e-01
4.948896418941856612e-01
4.943067185207066783e-01
4.937282609014799206e-01
4.931542357825164924e-01
4.925846101331504134e-01
4.920193511452005675e-01
4.914584262321156638e-01
4.909018030281035450e-01
4.903494493872445625e-01
4.898013333825902427e-01
4.892574233052482402e-01
4.887176876634533595e-01
4.881820951816265852e-01
4.876506147994209561e-01
4.871232156707568928e-01
4.865998671628458672e-01
4.860805388552043582e-01
4.855652005386572601e-01
4.850538222143324640e-01
4.845463740926468921e-01
4.840428265922834816e-01
4.835431503391612873e-01
4.830473161653975334e-01
4.825552951082635600e-01
4.820670584091337751e-01
4.815825775124285557e-01
4.811018240645525967e-01
4.806247699128267659e-01
4.801513871044161275e-01
4.796816478852534704e-01
4.792155246989583395e-01
4.787529901857529024e-01
4.782940171813746533e-01
4.778385787159852849e-01
4.773866480130780632e-01
4.769381984883819259e-01
4.764932037487640271e-01
4.760516375911303388e-01
4.756134740013252538e-01
4.751786871530289114e-01
4.747472514066550242e-01
4.743191413082469832e-01
4.738943315883737961e-01
4.734727971610264152e-01
4.730545131225129540e-01
4.726394547503555699e-01
4.722275975021866246e-01
4.718189170146463995e-01
4.714133891022811440e-01
4.710109897564424553e-01
4.706116951441881024e-01
4.702154816071840715e-01
4.698223256606081089e-01
4.694322039920554301e-01
4.690450934604463162e-01
4.686609710949356522e-01
4.682798140938247977e-01
4.679015998234757889e-01
4.675263058172286490e-01
4.671539097743202529e-01
4.667843895588074110e-01
4.664177231984918404e-01
4.660538888838484661e-01
4.656928649669572207e-01
4.653346299604375069e-01
4.649791625363870473e-01
4.646264415253229529e-01
4.642764459151275114e-01
4.639291548499967499e-01
4.635845476293937173e-01
4.632426037070047076e-01
4.629033026896998138e-01
4.625666243364979779e-01
4.622325485575350945e-01
4.619010554130371649e-01
4.615721251122971713e-01
4.612457380126567252e-01
4.609218746184916560e-01
4.606005155802018747e-01
4.602816416932065113e-01
4.599652338969424381e-01
4.596512732738687879e-01
4.593397410484744148e-01
4.590306185862914612e-01
4.587238873929131433e-01
4.584195291130157557e-01
4.581175255293863935e-01
4.578178585619547269e-01
4.575205102668302715e-01
4.572254628353439321e-01
4.569326985930950435e-01
4.566421999990027958e-01
4.563539496443631549e-01
4.560679302519106693e-01
4.557841246748847719e-01
4.555025158961017451e-01
4.552230870270317364e-01
4.549458213068802714e-01
4.546707021016754835e-01
4.543977129033601736e-01
4.541268373288886995e-01
4.538580591193298597e-01
4.535913621389736639e-01
4.533267303744445975e-01
4.530641479338187727e-01
4.528035990457472959e-01
4.525450680585840213e-01
4.522885394395187997e-01
4.520339977737161119e-01
4.517814277634581988e-01
4.515308142272942415e-01
4.512821420991937060e-01
4.510353964277058481e-01
4.507905623751234936e-01
4.505476252166529250e-01
4.503065703395874864e-01
4.500673832424880172e-01
4.498300495343673377e-01
4.495945549338798974e-01
4.493608852685170296e-01
4.491290264738069249e-01
4.488989645925198779e-01
4.486706857738783638e-01
4.484441762727728875e-01
4.482194224489818302e-01
4.479964107663973460e-01
4.477751277922553119e-01
4.475555601963714381e-01
4.473376947503815981e-01
4.471215183269871551e-01
4.469070178992056719e-01
4.466941805396262843e-01
4.464829934196700711e-01
4.462734438088555855e-01
4.460655190740686615e-01
4.458592066788380492e-01
4.456544941826151018e-01
4.454513692400587921e-01
4.452498196003251696e-01
4.450498331063622581e-01
4.448513976942088943e-01
4.446545013922994505e-01
4.444591323207720546e-01
4.442652786907825835e-01
4.440729288038226530e-01
4.438820710510429368e-01
4.436926939125808711e-01
4.435047859568925777e-01
4.433183358400899499e-01
4.431333323052828455e-01
4.429497641819242770e-01
4.427676203851617642e-01
4.425868899151924607e-01
4.424075618566229440e-01
4.422296253778333908e-01
4.420530697303465817e-01
4.418778842482007918e-01
4.417040583473277326e-01
4.415315815249344911e-01
4.413604433588897424e-01
4.411906335071148488e-01
4.410221417069789540e-01
4.408549577746982417e-01
4.406890716047395795e-01
4.405244731692288807e-01
4.403611525173630192e-01
4.401990997748263523e-01
4.400383051432112946e-01
4.398787588994433340e-01
4.397204513952095439e-01
4.395633730563922592e-01
4.394075143825054708e-01
4.392528659461367724e-01
4.390994183923921934e-01
4.389471624383457504e-01
4.387960888724923847e-01
4.386461885542056738e-01
4.384974524131988183e-01
4.383498714489897363e-01
4.382034367303703215e-01
4.380581393948791424e-01
4.379139706482783612e-01
4.377709217640343153e-01
4.376289840828018751e-01
4.374881490119128524e-01
4.373484080248677408e-01
4.372097526608313967e-01
4.370721745241327172e-01
4.369356652837674271e-01
4.368002166729049174e-01
4.366658204883987482e-01
4.365324685903005930e-01
4.364001529013777914e-01
4.362688654066345650e-01
4.361385981528368427e-01
4.360093432480402487e-01
4.358810928611221436e-01
4.357538392213164968e-01
4.356275746177528108e-01
4.355022913989982092e-01
4.353779819726028011e-01
4.352546388046488191e-01
4.351322544193024222e-01
4.350108213983697181e-01
4.348903323808554489e-01
4.347707800625252861e-01
4.346521571954713448e-01
4.345344565876804732e-01
4.344176711026069282e-01
4.343017936587468819e-01
4.341868172292170369e-01
4.340727348413361275e-01
4.339595395762093077e-01
4.338472245683163142e-01
4.337357830051019603e-01
4.336252081265700720e-01
4.335154932248806436e-01
4.334066316439497690e-01
4.332986167790524590e-01
4.331914420764287899e-01
4.330851010328928830e-01
4.329795871954448816e-01
4.328748941608855372e-01
4.327710155754341259e-01
4.326679451343491412e-01
4.325656765815515392e-01
4.324642037092512048e-01
4.323635203575763031e-01
4.322636204142047411e-01
4.321644978139994597e-01
4.320661465386455014e-01
4.319685606162906311e-01
4.318717341211879557e-01
4.317756611733417071e-01
4.316803359381558569e-01
4.315857526260848398e-01
4.314919054922873309e-01
4.313987888362824652e-01
4.313063970016090543e-01
4.312147243754865800e-01
4.311237653884796850e-01
4.310335145141646063e-01
4.309439662687982731e-01
4.308551152109901805e-01
4.307669559413764837e-01
4.306794831022964787e-01
4.305926913774718034e-01
4.305065754916879150e-01
4.304211302104784531e-01
4.303363503398111023e-01
4.302522307257764522e-01
4.301687662542793000e-01
4.300859518507322288e-01
4.300037824797511288e-01
4.299222531448534390e-01
4.298413588881588865e-01
4.297610947900917244e-01
4.296814559690861346e-01
4.296024375812932394e-01
4.295240348202907787e-01
4.294462429167946182e-01
4.293690571383728671e-01
4.292924727891618275e-01
4.292164852095842198e-01
4.291410897760696841e-01
4.290662819007775575e-01
4.289920570313210391e-01
4.289184106504942973e-01
4.288453382760012977e-01
4.287728354601867409e-01
4.287008977897691642e-01
4.286295208855757100e-01
4.285587004022793911e-01
4.284884320281384662e-01
4.284187114847368694e-01
4.283495345267276377e-01
4.282808969415781153e-01
4.282127945493167109e-01
4.281452232022819326e-01
4.280781787848729758e-01
4.280116572133030317e-01
4.279456544353533731e-01
4.278801664301301044e-01
4.278151892078227991e-01
4.277507188094644697e-01
4.276867513066937021e-01
4.276232828015187337e-01
4.275603094260829184e-01
4.274978273424325792e-01
4.274358327422861370e-01
4.273743218468052385e-01
4.273132909063675489e-01
4.272527362003414320e-01
4.271926540368622405e-01
4.271330407526101602e-01
4.270738927125904416e-01
4.270152063099141859e-01
4.269569779655820740e-01
4.268992041282686500e-01
4.268418812741092139e-01
4.267850059064873247e-01
4.267285745558251353e-01
4.266725837793742260e-01
4.266170301610087146e-01
4.265619103110198651e-01
4.265072208659119735e-01
4.264529584882003066e-01
4.263991198662099302e-01
4.263457017138768679e-01
4.262927007705500926e-01
4.262401138007956836e-01
4.261879375942017045e-01
4.261361689651855800e-01
4.260848047528017490e-01
4.260338418205520394e-01
4.259832770561966520e-01
4.259331073715666438e-01
4.258833297023787434e-01
4.258339410080501097e-01
4.257849382715159781e-01
4.257363184990475835e-01
4.256880787200724159e-01
4.256402159869948632e-01
4.255927273750194084e-01
4.255456099819739935e-01
4.254988609281357137e-01
4.254524773560570128e-01
4.254064564303942086e-01
4.253607953377363526e-01
4.253154912864360870e-01
4.252705415064413907e-01
4.252259432491287683e-01
4.251816937871381041e-01
4.251377904142078501e-01
4.250942304450123777e-01
4.250510112150005515e-01
4.250081300802346918e-01
4.249655844172315899e-01
4.249233716228048019e-01
4.248814891139073291e-01
4.248399343274765205e-01
4.247987047202793631e-01
4.247577977687595485e-01
4.247172109688851505e-01
4.246769418359981896e-01
4.246369879046647533e-01
4.245973467285262815e-01
4.245580158801526838e-01
4.245189929508956794e-01
4.244802755507438574e-01
4.244418613081786251e-01
4.244037478700314336e-01
4.243659329013420578e-01
4.243284140852175979e-01
4.242911891226932575e-01
4.242542557325934549e-01
4.242176116513948214e-01
4.241812546330893108e-01
4.241451824490491962e-01
4.241093928878929553e-01
4.240738837553512663e-01
4.240386528741355021e-01
4.240036980838063352e-01
4.239690172406435087e-01
4.239346082175162733e-01
4.239004689037558227e-01
4.238665972050277286e-01
4.238329910432056535e-01
4.237996483562463390e-01
4.237665670980652055e-01
4.237337452384130065e-01
4.237011807627532600e-01
4.236688716721412895e-01
4.236368159831033764e-01
4.236050117275170779e-01
4.235734569524931548e-01
4.235421497202570551e-01
4.235110881080330070e-01
4.234802702079271119e-01
4.234496941268131032e-01
4.234193579862178813e-01
4.233892599222083275e-01
4.233593980852788929e-01
4.233297706402401328e-01
4.233003757661080169e-01
4.232712116559941840e-01
4.232422765169968626e-01
4.232135685700929573e-01
4.231850860500306899e-01
4.231568272052230739e-01
4.231287902976423876e-01
4.231009736027153689e-01
4.230733754092192989e-01
4.230459940191784174e-01
4.230188277477620606e-01
4.229918749231826869e-01
4.229651338865951793e-01
4.229386029919969259e-01
4.229122806061282880e-01
4.228861651083741791e-01
4.228602548906664760e-01
4.228345483573867636e-01
4.228090439252704669e-01
4.227837400233109832e-01
4.227586350926650915e-01
4.227337275865589161e-01
4.227090159701947236e-01
4.226844987206579418e-01
4.226601743268258993e-01
4.226360412892761209e-01
4.226120981201963445e-01
4.225883433432943148e-01
4.225647754937090217e-01
4.225413931179222149e-01
4.225181947736706967e-01
4.224951790298594467e-01
4.224723444664751359e-01
4.224496896745005281e-01
4.224272132558294368e-01
4.224049138231822376e-01
4.223827900000224345e-01
4.223608404204735045e-01
4.223390637292363525e-01
4.223174585815075988e-01
4.222960236428985326e-01
4.222747575893543992e-01
4.222536591070746859e-01
4.222327268924337407e-01
4.222119596519022244e-01
4.221913561019687844e-01
4.221709149690628937e-01
4.221506349894778576e-01
4.221305149092943743e-01
4.221105534843052620e-01
4.220907494799399085e-01
4.220711016711901076e-01
4.220516088425361190e-01
4.220322697878729490e-01
4.220130833104378532e-01
4.219940482227382272e-01
4.219751633464793872e-01
4.219564275124940700e-01
4.219378395606714349e-01
4.219193983398871750e-01
4.219011027079341281e-01
4.218829515314530543e-01
4.218649436858645796e-01
4.218470780553009170e-01
4.218293535325389199e-01
4.218117690189328028e-01
4.217943234243481943e-01
4.217770156670959114e-01
4.217598446738670681e-01
4.217428093796681265e-01
4.217259087277563934e-01
4.217091416695764594e-01
4.216925071646968060e-01
4.216760041807469106e-01
4.216596316933550193e-01
4.216433886860863067e-01
4.216272741503813704e-01
4.216112870854954453e-01
4.215954264984376754e-01
4.215796914039118271e-01
4.215640808242558935e-01
4.215485937893838631e-01
4.215332293367265448e-01
4.215179865111736701e-01
4.215028643650163831e-01
4.214878619578894536e-01
4.214729783567152666e-01
4.214582126356467562e-01
4.214435638760118952e-01
4.214290311662579613e-01
4.214146136018967481e-01
4.214003102854494420e-01
4.213861203263931099e-01
4.213720428411062424e-01
4.213580769528158521e-01
4.213442217915441823e-01
4.213304764940563052e-01
4.213168402038079963e-01
4.213033120708938872e-01
4.212898912519961181e-01
4.212765769103334335e-01
4.212633682156107229e-01
4.212502643439686167e-01
4.212372644779338593e-01
4.212243678063699037e-01
4.212115735244280623e-01
4.211988808334984347e-01
4.211862889411619459e-01
4.211737970611426074e-01
4.211614044132596102e-01
4.211491102233804740e-01
4.211369137233741955e-01
4.211248141510647303e-01
4.211128107501851403e-01
4.211009027703315755e-01
4.210890894669181428e-01
4.210773701011318870e-01
4.210657439398881596e-01
4.210542102557860433e-01
4.210427683270647758e-01
4.210314174375599516e-01
4.210201568766600011e-01
4.210089859392636136e-01
4.209979039257368827e-01
4.209869101418710069e-01
4.209760038988406006e-01
4.209651845131615611e-01
4.209544513066501015e-01
4.209438036063818389e-01
4.209332407446506608e-01
4.209227620589288121e-01
4.209123668918265393e-01
4.209020545910525657e-01
4.208918245093744570e-01
4.208816760045795968e-01
4.208716084394360513e-01
4.208616211816547104e-01
4.208517136038505413e-01
4.208418850835044522e-01
4.208321350029262109e-01
4.208224627492167524e-01
4.208128677142309870e-01
4.208033492945415510e-01
4.207939068914016145e-01
4.207845399107091877e-01
4.207752477629709276e-01
4.207660298632666107e-01
4.207568856312136618e-01
4.207478144909321260e-01
4.207388158710096415e-01
4.207298892044671335e-01
4.207210339287243972e-01
4.207122494855659589e-01
4.207035353211076023e-01
4.206948908857623959e-01
4.206863156342078303e-01
4.206778090253526781e-01
4.206693705223043533e-01
4.206609995923361600e-01
4.206526957068553729e-01
4.206444583413710969e-01
4.206362869754625144e-01
4.206281810927472442e-01
4.206201401808505325e-01
4.206121637313738892e-01
4.206042512398643352e-01
4.205964022057838703e-01
4.205886161324795536e-01
4.205808925271526943e-01
4.205732309008298198e-01
4.205656307683325323e-01
4.205580916482484222e-01
4.205506130629016459e-01
4.205431945383244496e-01
4.205358356042280255e-01
4.205285357939741453e-01
4.205212946445472388e-01
4.205141116965259718e-01
4.205069864940554902e-01
4.204999185848201648e-01
4.204929075200155575e-01
4.204859528543219427e-01
4.204790541458767184e-01
4.204722109562482046e-01
4.204654228504087210e-01
4.204586893967083294e-01
4.204520101668487442e-01
4.204453847358574636e-01
4.204388126820617355e-01
4.204322935870632438e-01
4.204258270357128513e-01
4.204194126160852862e-01
4.204130499194541071e-01
4.204067385402671664e-01
4.204004780761220195e-01
4.203942681277413329e-01
4.203881082989489038e-01
4.203819981966455677e-01
4.203759374307852736e-01
4.203699256143518248e-01
4.203639623633349531e-01
4.203580472967074488e-01
4.203521800364016237e-01
4.203463602072868843e-01
4.203405874371468620e-01
4.203348613566565417e-01
4.203291815993601688e-01
4.203235478016491555e-01
4.203179596027396547e-01
4.203124166446509102e-01
4.203069185721837187e-01
4.203014650328985580e-01
4.202960556770944378e-01
4.202906901577877496e-01
4.202853681306910616e-01
4.202800892541922462e-01
4.202748531893338857e-01
4.202696595997926776e-01
4.202645081518591175e-01
4.202593985144170707e-01
4.202543303589237889e-01
4.202493033593901472e-01
4.202443171923605503e-01
4.202393715368936133e-01
4.202344660745425120e-01
4.202296004893358305e-01
4.202247744677581887e-01
4.202199876987312566e-01
4.202152398735951588e-01
4.202105306860894895e-01
4.202058598323347161e-01
4.202012270108138603e-01
4.201966319223541801e-01
4.201920742701090727e-01
4.201875537595398113e-01
4.201830700983980593e-01
4.201786229967078290e-01
4.201742121667479402e-01
4.201698373230347006e-01
4.201654981823044199e-01
4.201611944634964235e-01
4.201569258877355661e-01
4.201526921783159674e-01
4.201484930606834700e-01
4.201443282624195419e-01
4.201401975132246225e-01
4.201361005449014696e-01
4.201320370913390612e-01
4.201280068884964969e-01
4.201240096743866781e-01
4.201200451890609866e-01
4.201161131745927979e-01
4.201122133750622711e-01
4.201083455365405284e-01
4.201045094070745556e-01
4.201007047366717151e-01
4.200969312772844244e-01
4.200931887827954458e-01
4.200894770090024544e-01
4.200857957136038268e-01
4.200821446561832095e-01
4.200785235981956411e-01
4.200749323029522864e-01
4.200713705356068361e-01
4.200678380631406306e-01
4.200643346543487811e-01
4.200608600798261816e-01
4.200574141119532978e-01
4.200539965248826224e-01
4.200506070945246306e-01
4.200472455985346798e-01
4.200439118162987429e-01
4.200406055289208629e-01
4.200373265192091088e-01
4.200340745716626412e-01
4.200308494724589448e-01
4.200276510094401172e-01
4.200244789721006566e-01
4.200213331515742499e-01
4.200182133406212270e-01
4.200151193336159605e-01
4.200120509265342639e-01
4.200090079169411794e-01
4.200059901039783217e-01
4.200029972883519980e-01
4.200000292723209405e-01
4.199970858596843160e-01
4.199941668557698460e-01
4.199912720674217059e-01
4.199884013029890895e-01
4.199855543723142182e-01
4.199827310867213503e-01
4.199799312590044575e-01
4.199771547034166774e-01
4.199744012356582679e-01
4.199716706728660043e-01
4.199689628336017444e-01
4.199662775378413260e-01
4.199636146069637421e-01
4.199609738637402057e-01
4.199583551323234354e-01
4.199557582382368315e-01
4.199531830083641504e-01
4.199506292709384025e-01
4.199480968555319160e-01
4.199455855930456227e-01
4.199430953156991775e-01
4.199406258570201889e-01
4.199381770518343382e-01
4.199357487362553876e-01
4.199333407476752988e-01
4.199309529247541306e-01
4.199285851074099352e-01
4.199262371368096547e-01
4.199239088553589627e-01
4.199216001066927717e-01
4.199193107356657406e-01
4.199170405883428936e-01
4.199147895119901275e-01
4.199125573550648305e-01
4.199103439672068339e-01
4.199081491992290305e-01
4.199059729031086041e-01
4.199038149319777036e-01
4.199016751401143388e-01
4.198995533829342763e-01
4.198974495169811583e-01
4.198953633999185087e-01
4.198932948905208518e-01
4.198912438486650522e-01
4.198892101353217110e-01
4.198871936125468940e-01
4.198867923587970008e-01
4.198863917861022088e-01
4.198859918933742774e-01
4.198855926795267979e-01
4.198854332379969856e-01
4.198854246225625086e-01
4.198854160074444453e-01
4.198853987778413122e-01
4.198853815495037778e-01
4.198853643224318422e-01
4.198853552950472245e-01
4.198853462680101067e-01
4.198853282146308707e-01
4.198853101626416895e-01
4.198852921120423964e-01
4.198852828251866676e-01
4.198852810049557016e-01
4.198852791847388910e-01
4.198852791119302430e-01
4.198852790391215950e-01
4.198852789663129470e-01
4.198852788934946956e-01
4.198852787477421189e-01
4.198852786017962524e-01
4.198852770457663919e-01
4.198852753190075449e-01
4.198852319892910634e-01
4.198851036342501897e-01
4.198848287674890045e-01
4.198802002017070212e-01
4.198672648226112747e-01
4.198447240816737258e-01
4.198127116003436132e-01
4.197626470328222892e-01
4.197014438603240416e-01
4.196310764804197513e-01
4.195533234282701196e-01
4.194427340679052763e-01
4.193248617528672062e-01
4.192018971775275382e-01
4.190753939659074834e-01
4.188958862281948470e-01
4.187134254572403846e-01
4.185293605719212495e-01
4.183407683725319237e-01
4.181517402370610315e-01
4.179625300473538418e-01
4.177822963510438026e-01
4.176020923722281175e-01
4.174219547027377963e-01
4.172333252918183910e-01
4.170448168442317249e-01
4.161061449892946573e-01
4.151709721745254211e-01
4.142393521247417221e-01
4.118501307234063158e-01
4.094842765758791581e-01
4.071415540646707854e-01
4.048217933928367485e-01
4.025247142794796673e-01
4.002500528488860398e-01
3.979975714283862653e-01
3.957670395509245709e-01
3.935582290851823428e-01
3.913709136739732530e-01
3.892048677382529132e-01
3.870598663712739862e-01
3.849356865817278317e-01
3.828321090660757875e-01
3.807489173609234223e-01
3.786858947312300439e-01
3.766428246190907103e-01
3.746194957610738951e-01
3.726157024122683237e-01
3.706312360392102767e-01
3.686658829796865544e-01
3.667194442165653268e-01
3.647917195798233703e-01
3.628825069973817263e-01
3.609916077202623419e-01
3.591188259673077088e-01
3.572639673984109865e-01
3.554268393427372774e-01
3.536072511854710387e-01
3.518050142404504088e-01
3.500199416369255134e-01
3.482518483496116479e-01
3.465005512247674169e-01
3.447658689314963554e-01
3.430476219389447801e-01
3.413456325481334375e-01
3.396597248643541400e-01
3.379897247345031719e-01
3.363354598013942875e-01
3.346967594681591329e-01
3.330734548725560185e-01
3.314653788826602554e-01
3.298723660864338880e-01
3.282942527755933204e-01
3.267308769320232953e-01
3.251820782155300238e-01
3.236476979505829021e-01
3.221275791140068567e-01
3.206215663196039234e-01
3.191295058036974774e-01
3.176512454134026164e-01
3.161866345945590906e-01
3.147355243779947909e-01
3.132977673651987649e-01
3.118732177142026218e-01
3.104617311265419621e-01
3.090631648348606264e-01
3.076773775892493457e-01
3.063042296429256961e-01
3.049435827395114984e-01
3.035953001004482177e-01
3.022592464104708609e-01
3.009352878048283664e-01
2.996232918565482350e-01
2.983231275628598356e-01
2.970346653319717589e-01
2.957577769702514070e-01
2.944923356691919736e-01
2.932382159923321296e-01
2.919952938623854299e-01
2.907634465484295605e-01
2.895425526530817084e-01
2.883324920997554774e-01
2.871331461200070656e-01
2.859443972409282386e-01
2.847661292725997551e-01
2.835982272956241168e-01
2.824405776487268760e-01
2.812930679164244996e-01
2.801555869167666746e-01
2.790280246891541083e-01
2.779102724822308246e-01
2.768022227418514003e-01
2.757037690991271384e-01
2.746148063585499011e-01
2.735352304861955464e-01
2.724649385980070782e-01
2.714038289481594535e-01
2.703518009175053805e-01
2.693087550021040499e-01
2.682745928018323567e-01
2.672492170090804420e-01
2.662325313975304475e-01
2.652244408110206453e-01
2.642248511524937227e-01
2.632336693730311095e-01
2.622508034609726257e-01
2.612761624311221720e-01
2.603096563140392394e-01
2.593511961454175729e-01
2.584006939555494875e-01
2.574580627588773929e-01
2.565232165436319156e-01
2.555960702615567293e-01
2.546765398177203710e-01
2.537645420604145996e-01
2.528599947711398510e-01
2.519628166546769021e-01
2.510729273292458541e-01
2.501902473167507135e-01
2.493146980331109042e-01
2.484462017786787658e-01
2.475846817287428725e-01
2.467300619241172277e-01
2.458822672618159455e-01
2.450412234858129756e-01
2.442068571778868713e-01
2.433790957485504336e-01
2.425578674280643443e-01
2.417431012575349536e-01
2.409347270800958341e-01
2.401326755321722684e-01
2.393368780348291702e-01
2.385472667852012174e-01
2.377637747480049191e-01
2.369863356471327842e-01
2.362148839573288139e-01
2.354493548959442073e-01
2.346896844147741690e-01
2.339358091919743754e-01
2.331876666240568219e-01
2.324451948179647731e-01
2.317083325832262342e-01
2.309770194241853591e-01
2.302511955323115478e-01
2.295308017785853416e-01
2.288157797059609533e-01
2.281060715219048740e-01
2.274016200910097818e-01
2.267023689276833620e-01
2.260082621889117904e-01
2.253192446670968241e-01
2.246352617829662779e-01
2.239562595785575816e-01
2.232821847102730572e-01
2.226129844420073334e-01
2.219486066383458689e-01
2.212889997578337264e-01
2.206341128463146783e-01
2.199838955303398680e-01
2.193382980106449720e-01
2.186972710556963073e-01
2.180607659953041622e-01
2.174287347143038784e-01
2.168011296463031035e-01
2.161779037674957105e-01
2.155590105905406673e-01
2.149444041585065190e-01
2.143340390388798200e-01
2.137278703176376804e-01
2.131258535933834852e-01
2.125279449715456459e-01
2.119341010586380525e-01
2.113442789565826985e-01
2.107584362570930625e-01
2.101765310361180528e-01
2.095985218483460977e-01
2.090243677217684670e-01
2.084540281523015737e-01
2.078874630984675065e-01
2.073246329761325724e-01
2.067654986533028760e-01
2.062100214449766877e-01
2.056581631080529604e-01
2.051098858362953581e-01
2.045651522553518786e-01
2.040239254178282668e-01
2.034861687984160505e-01
2.029518462890740893e-01
2.024209221942627202e-01
2.018933612262308053e-01
2.013691285003545439e-01
2.008481895305276876e-01
2.003305102246029090e-01
1.998160568798834080e-01
1.993047961786645339e-01
1.987966951838248952e-01
1.982917213344662088e-01
1.977898424416019707e-01
1.972910266838936444e-01
1.967952426034346725e-01
1.963024591015812836e-01
1.958126454348297907e-01
1.953257712107401844e-01
1.948418063839049141e-01
1.943607212519630756e-01
1.938824864516590085e-01
1.934070729549452750e-01
1.929344520651290196e-01
1.924645954130619896e-01
1.919974749533730762e-01
1.915330629607432389e-01
1.910713320262224790e-01
1.906122550535881977e-01
1.901558052557444922e-01
1.897019561511622820e-01
1.892506815603594017e-01
1.888019556024205792e-01
1.883557526915566327e-01
1.879120475337025531e-01
1.874708151231544440e-01
1.870320307392439596e-01
1.865956699430507404e-01
1.861617085741523181e-01
1.857301227474104643e-01
1.853008888497942319e-01
1.848739835372391616e-01
1.844493837315420715e-01
1.840270666172911240e-01
1.836070096388308093e-01
1.831891904972616225e-01
1.827735871474738816e-01
1.823601777952150726e-01
1.819489408941910580e-01
1.815398551431998964e-01
1.811328994832988037e-01
1.807280530950031716e-01
1.803252953955177262e-01
1.799246060359990795e-01
1.795259648988500323e-01
1.791293520950444362e-01
1.787347479614826429e-01
1.783421330583776221e-01
1.779514881666706683e-01
1.775627942854768049e-01
1.771760326295594157e-01
1.767911846268340192e-01
1.764082319159005208e-01
1.760271563436037190e-01
1.756479399626220406e-01
1.752705650290837802e-01
1.748950140002107634e-01
1.745212695319891261e-01
1.741493144768668233e-01
1.737791318814777553e-01
1.734107049843917059e-01
1.730440172138906774e-01
1.726790521857704541e-01
1.723157937011675633e-01
1.719542257444113542e-01
1.715943324809006965e-01
1.712360982550052424e-01
1.708795075879908643e-01
1.705245451759689890e-01
1.701711958878695530e-01
1.698194447634374105e-01
1.694692770112518621e-01
1.691206780067689985e-01
1.687736332903866099e-01
1.684281285655316318e-01
1.680841496967693527e-01
1.677416827079348804e-01
1.674007137802858147e-01
1.670612292506765684e-01
1.667232156097535889e-01
1.663866595001716187e-01
1.660515477148304386e-01
1.657178671951320958e-01
1.653856050292583091e-01
1.650547484504678308e-01
1.647252848354133214e-01
1.643972017024780130e-01
1.640704867101314690e-01
1.637451276553043567e-01
1.634211124717821484e-01
1.630984292286173643e-01
1.627770661285602438e-01
1.624570115065077092e-01
1.621382538279699248e-01
1.618207816875552874e-01
1.615045838074723461e-01
1.611896490360494871e-01
1.608759663462716594e-01
1.605635248343341148e-01
1.602523137182128854e-01
1.599423223362518298e-01
1.596335401457662506e-01
1.593259567216624983e-01
1.590195617550737017e-01
1.587143450520114851e-01
1.584102965320329792e-01
1.581074062269237079e-01
1.578056642793956577e-01
1.575050609418001679e-01
1.572055865748563097e-01
1.569072316463936412e-01
1.566099867301096737e-01
1.563138425043418822e-01
1.560187897508538701e-01
1.557248193536357461e-01
1.554319222977183224e-01
1.551400896680011909e-01
1.548493126480945115e-01
1.545595825191740103e-01
1.542708906588496354e-01
1.539832285400471457e-01
1.536965877299026895e-01
1.534109598886703729e-01
1.531263367686425680e-01
1.528427102130826554e-01
1.525600721551701455e-01
1.522784146169582908e-01
1.519977297083437706e-01
1.517180096260481448e-01
1.514392466526114922e-01
1.511614331553975399e-01
1.508845615856104216e-01
1.506086244773229832e-01
1.503336144465163282e-01
1.500595241901305499e-01
1.497863464851264537e-01
1.495140741875584378e-01
1.492427002316578100e-01
1.489722176289272060e-01
1.487026194672451951e-01
1.484338989099815431e-01
1.481660491951226621e-01
1.478990636344073850e-01
1.476329356124725656e-01
1.473676585860089761e-01
1.471032260829267801e-01
1.468396317015306929e-01
1.465768691097051324e-01
1.463149320441084200e-01
1.460538143093765839e-01
1.457935097773364608e-01
1.455340123862279844e-01
1.452753161399353843e-01
1.450174151072276263e-01
1.447603034210072914e-01
1.445039752775686692e-01
1.442484249358642057e-01
1.439936467167796386e-01
1.437396350024174596e-01
1.434863842353889252e-01
1.432338889181141162e-01
1.429821436121303246e-01
1.427311429374083507e-01
1.424808815716769872e-01
1.422313542497551098e-01
1.419825557628918156e-01
1.417344809581141396e-01
1.414871247375823760e-01
1.412404820579528097e-01
1.409945479297482485e-01
1.407493174167354089e-01
1.405047856353100200e-01
1.402609477538886984e-01
1.400177989923082345e-01
1.397753346212317616e-01
1.395335499615617536e-01
1.392924403838600722e-01
1.390520013077746753e-01
1.388122282014729869e-01
1.385731165810818177e-01
1.383346620101341407e-01
1.380968600990218897e-01
1.378597065044554204e-01
1.376231969289292145e-01
1.373873271201938029e-01
1.371520928707338216e-01
1.369174900172522857e-01
1.366835144401606639e-01
1.364501620630751422e-01
1.362174288523185506e-01
1.359853108164282842e-01
1.357538040056698592e-01
1.355229045115561581e-01
1.352926084663723105e-01
1.350629120427060681e-01
1.348338114529837872e-01
1.346053029490116570e-01
1.343773828215223953e-01
1.341500473997271625e-01
1.339232930508728048e-01
1.336971161798042040e-01
1.334715132285315964e-01
1.332464806758032472e-01
1.330220150366828724e-01
1.327981128621320006e-01
1.325747707385974139e-01
1.323519852876031411e-01
1.321297531653473079e-01
1.319080710623038444e-01
1.316869357028285503e-01
1.314663438447700450e-01
1.312462922790851028e-01
1.310267778294584018e-01
1.308077973519269355e-01
1.305893477345086429e-01
1.303714258968353412e-01
1.301540287897901549e-01
1.299371533951488578e-01
1.297207967252257121e-01
1.295049558225232766e-01
1.292896277593862664e-01
1.290748096376595766e-01
1.288604985883501919e-01
1.286466917712931202e-01
1.284333863748211013e-01
1.282205796154384236e-01
1.280082687374980988e-01
1.277964510128834219e-01
1.275851237406925853e-01
1.273742842469275383e-01
1.271639298841860111e-01
1.269540580313575640e-01
1.267446660933228275e-01
1.265357515006564348e-01
1.263273117093334230e-01
1.261193442004388265e-01
1.259118464798811843e-01
1.257048160781086554e-01
1.254982505498292156e-01
1.252921474737334062e-01
1.250865044522209424e-01
1.248813191111299847e-01
1.246765890994700199e-01
1.244723120891574053e-01
1.242684857747544669e-01
1.240651078732112750e-01
1.238621761236105567e-01
1.236596882869157032e-01
1.234576421457214551e-01
1.232560355040077382e-01
1.230548661868962890e-01
1.228541320404100551e-01
1.226538309312354413e-01
1.224539607464873725e-01
1.222545193934770763e-01
1.220555047994825171e-01
1.218569149115215633e-01
1.216587476961277503e-01
1.214610011391287908e-01
1.212636732454274446e-01
1.210667620387851362e-01
1.208702655616080007e-01
1.206741818747354700e-01
1.204785090572312589e-01
1.202832452061768920e-01
1.200883884364675191e-01
1.198939368806101469e-01
1.196998886885243391e-01
1.195062420273450277e-01
1.193129950812278073e-01
1.191201460511563948e-01
1.189276931547524202e-01
1.187356346260872719e-01
1.185439687154963007e-01
1.183526936893951609e-01
1.181618078300982755e-01
1.179713094356392156e-01
1.177811968195936060e-01
1.175914683109036962e-01
1.174021222537051379e-01
1.172131570071558160e-01
1.170245709452665817e-01
1.168363624567339554e-01
1.166485299447749535e-01
1.164610718269635803e-01
1.162739865350693735e-01
1.160872725148978796e-01
1.159009282261328211e-01
1.157149521421802357e-01
1.155293427500144188e-01
1.153440985500255311e-01
1.151592180558692197e-01
1.149746997943177085e-01
1.147905423051128748e-01
1.146067441408208376e-01
1.144233038666883917e-01
1.142402200605009549e-01
1.140574913124423884e-01
1.138751162249561910e-01
1.136930934126085396e-01
1.135114215019527584e-01
1.133300991313954398e-01
1.131491249510640923e-01
1.129684976226763976e-01
1.127882158194108975e-01
1.126082782257792070e-01
1.124286835374997962e-01
1.122494304613731453e-01
1.120705177151583021e-01
1.118919440274510901e-01
1.117137081375635388e-01
1.115358087954047284e-01
1.113582447613630927e-01
1.111810148061901371e-01
1.110041177108853638e-01
1.108275522665825574e-01
1.106513172744375828e-01
1.104754115455171964e-01
1.102998339006894257e-01
1.101245831705149891e-01
1.099496581951402013e-01
1.097750578241908637e-01
1.096007809166676394e-01
1.094268263408424979e-01
1.092531929741563934e-01
1.090798797031181655e-01
1.089068854232045497e-01
1.087342090387614091e-01
1.085618494629060626e-01
1.083898056174308344e-01
1.082180764327075884e-01
1.080466608475934981e-01
1.078755578093378575e-01
1.077047662734899325e-01
1.075342852038080055e-01
1.073641135721692813e-01
1.071942503584810413e-01
1.070246945505927139e-01
1.068554451442089853e-01
1.066865011428038967e-01
1.065178615575360505e-01
1.063495254071646079e-01
1.061814917179664530e-01
1.060137595236541885e-01
1.058463278652951312e-01
1.056791957912312369e-01
1.055123623570000113e-01
1.053458266252561837e-01
1.051795876656944767e-01
1.050136445549731817e-01
1.048479963766385525e-01
1.046826422210502400e-01
1.045175811853074066e-01
1.043528123731758545e-01
1.041883348950158744e-01
1.040241478677110532e-01
1.038602504145978017e-01
1.036966416653957029e-01
1.035333207561387470e-01
1.033702868291073163e-01
1.032075390327609615e-01
1.030450765216718578e-01
1.028828984564592874e-01
1.027210040037245531e-01
1.025593923359869319e-01
1.023980626316202125e-01
1.022370140747899669e-01
1.020762458553916008e-01
1.019157571689891240e-01
1.017555472167546021e-01
1.015956152054082878e-01
1.014359603471594873e-01
1.012765818596481071e-01
1.011174789658868256e-01
1.009586508942040273e-01
1.008000968781872786e-01
1.006418161566275393e-01
1.004838079734640122e-01
1.003260715777296030e-01
1.001686062234970198e-01
1.000114111698255093e-01
9.985448568070817710e-02
9.969782902501991839e-02
9.954144047646601434e-02
9.938531931353125626e-02
9.922946481942966634e-02
9.907387628205477359e-02
9.891855299393054191e-02
9.876349425216279787e-02
9.860869935839128297e-02
9.845416761874214995e-02
9.829989834378105584e-02
9.814589084846692124e-02
9.799214445210602253e-02
9.783865847830669482e-02
9.768543225493461768e-02
9.753246511406857278e-02
9.737975639195659006e-02
9.722730542897289885e-02
9.707511156957497611e-02
9.692317416226146898e-02
9.677149255953033935e-02
9.662006611783763299e-02
9.646889419755660944e-02
9.631797616293746866e-02
9.616731138206746632e-02
9.601689922683147305e-02
9.586673907287301954e-02
9.571683029955579958e-02
9.556717228992563096e-02
9.541776443067272184e-02
9.526860611209456153e-02
9.511969672805914433e-02
9.497103567596851259e-02
9.482262235672300754e-02
9.467445617468556174e-02
9.452653653764669928e-02
9.437886285678977194e-02
9.423143454665669494e-02
9.408425102511397409e-02
9.393731171331926033e-02
9.379061603568805694e-02
9.364416341986112058e-02
9.349795329667195953e-02
9.335198510011485928e-02
9.320625826731321339e-02
9.306077223848827074e-02
9.291552645692816026e-02
9.277052036895730436e-02
9.262575342390627631e-02
9.248122507408179649e-02
9.233693477473731148e-02
9.219288198404368417e-02
9.204906616306046674e-02
9.190548677570718750e-02
9.176214328873527615e-02
9.161903517170011391e-02
9.147616189693349997e-02
9.133352293951635392e-02
9.119111777725177892e-02
9.104894589063845800e-02
9.090700676284430015e-02
9.076529987968043334e-02
9.062382472957536406e-02
9.048258080354970589e-02
9.034156759519088031e-02
9.020078460062835868e-02
9.006023131850894592e-02
8.991990724997264706e-02
8.977981189862851985e-02
8.963994477053097154e-02
8.950030537415623599e-02
8.936089322037925331e-02
8.922170782245059106e-02
8.908274869597385126e-02
8.894401535888321608e-02
8.880550733142122954e-02
8.866722413611695386e-02
8.852916529776419519e-02
8.839133034340018735e-02
8.825371880228427557e-02
8.811633020587707199e-02
8.797916408781975006e-02
8.784221998391344988e-02
8.770549743209921090e-02
8.756899597243783528e-02
8.743271514709009817e-02
8.729665450029730489e-02
8.716081357836180654e-02
8.702519192962798744e-02
8.688978910446329418e-02
8.675460465523959774e-02
8.661963813631465281e-02
8.648488910401386232e-02
8.635035711661226410e-02
8.621604173431651752e-02
8.608194251924744522e-02
8.594805903542240832e-02
8.581439084873812573e-02
8.568093752695360443e-02
8.554769863967320864e-02
8.541467375833006193e-02
8.528186245616947714e-02
8.514926430823265002e-02
8.501687889134060261e-02
8.488470578407809886e-02
8.475274456677805990e-02
8.462099482150578500e-02
8.448945613204372762e-02
8.435812808387604944e-02
8.422701026417370174e-02
8.409610226177949288e-02
8.396540366719330850e-02
8.383491407255758143e-02
8.370463307164285882e-02
8.357456025983359127e-02
8.344469523411401912e-02
8.331503759305425305e-02
8.318558693679650728e-02
8.305634286704147162e-02
8.292730498703484998e-02
8.279847290155406547e-02
8.266984621689504875e-02
8.254142454085927616e-02
8.241320748274083563e-02
8.228519465331374239e-02
8.215738566481932403e-02
8.202978013095378607e-02
8.190237766685588838e-02
8.177517788909477447e-02
8.164818041565796713e-02
8.152138486593940581e-02
8.139479086072770597e-02
8.126839802219454345e-02
8.114220597388310807e-02
8.101621434069668226e-02
8.089042274888749717e-02
8.076483082604549169e-02
8.063943820108736282e-02
8.051424450424563006e-02
8.038924936705790780e-02
8.026445242235624722e-02
8.013985330425661691e-02
8.001545164814843902e-02
7.989124709068437524e-02
7.976723926977001555e-02
7.964342782455394176e-02
7.951981239541769386e-02
7.939639262396588903e-02
7.927316815301656272e-02
7.915013862659142641e-02
7.902730368990643073e-02
7.890466298936227307e-02
7.878221617253515496e-02
7.865996288816742843e-02
7.853790278615861709e-02
7.841603551755629842e-02
7.829436073454719425e-02
7.817287809044844160e-02
7.805158723969875256e-02
7.793048783784981004e-02
7.780957954155773293e-02
7.768886200857472168e-02
7.756833489774050960e-02
7.744799786897432758e-02
7.732785058326652194e-02
7.720789270267065796e-02
7.708812389029538747e-02
7.696854381029660797e-02
7.684915212786963545e-02
7.672994850924146071e-02
7.661093262166306095e-02
7.649210413340190584e-02
7.637346271373436635e-02
7.625500803293841501e-02
7.613673976228625684e-02
7.601865757403700186e-02
7.590076114142965680e-02
7.578305013867586704e-02
7.566552424095301932e-02
7.554818312439723349e-02
7.543102646609654849e-02
7.531405394408405285e-02
7.519726523733127888e-02
7.508066002574138864e-02
7.496423799014280409e-02
7.484799881228253182e-02
7.473194217481980706e-02
7.461606776131972374e-02
7.450037525624689239e-02
7.438486434495923671e-02
7.426953471370187354e-02
7.415438604960090940e-02
7.403941804065750087e-02
7.392463037574181772e-02
7.381002274458718648e-02
7.369559483778420628e-02
7.358134634677498953e-02
7.346727696384745820e-02
7.335338638212958451e-02
7.323967429558393694e-02
7.312614039900203200e-02
7.301278438799886639e-02
7.289960595900753237e-02
7.278660480927381937e-02
7.267378063685088485e-02
7.256113314059406405e-02
7.244866202015556866e-02
7.233636697597944920e-02
7.222424770929639082e-02
7.211230392211875895e-02
7.200053531723561717e-02
7.188894159820771734e-02
7.177752246936264235e-02
7.166627763579003219e-02
7.155520680333675443e-02
7.144430967860215809e-02
7.133358596893341064e-02
7.122303538242089060e-02
7.111265762789351075e-02
7.100245241491430492e-02
7.089241945377584841e-02
7.078255845549580316e-02
7.067286913181260177e-02
7.056335119518099275e-02
7.045400435876780776e-02
7.034482833644764566e-02
7.023582284279866750e-02
7.012698759309846097e-02
7.001832230331979379e-02
6.990982669012664463e-02
6.980150047087008147e-02
6.969334336358426474e-02
6.958535508698246441e-02
6.947753536045314648e-02
6.936988390405610105e-02
6.926240043851854267e-02
6.915508468523137720e-02
6.904793636624531605e-02
6.894095520426724022e-02
6.883414092265649487e-02
6.872749324542114235e-02
6.862101189721445116e-02
6.851469660333123213e-02
6.840854708970434128e-02
6.830256308290109935e-02
6.819674431011987781e-02
6.809109049918662948e-02
6.798560137855146068e-02
6.788027667728527281e-02
6.777511612507643168e-02
6.767011945222740910e-02
6.756528638965156319e-02
6.746061666886986330e-02
6.735611002200765640e-02
6.725176618179155852e-02
6.714758488154622118e-02
6.704356585519125056e-02
6.693970883723815435e-02
6.683601356278717764e-02
6.673247976752441635e-02
6.662910718771870855e-02
6.652589556021870631e-02
6.642284462244993359e-02
6.631995411241188576e-02
6.621722376867511528e-02
6.611465333037840064e-02
6.601224253722592916e-02
6.590999112948445204e-02
6.580789884798055045e-02
6.570596543409788770e-02
6.560419062977444760e-02
6.550257417749989763e-02
6.540111582031288284e-02
6.529981530179837512e-02
6.519867236608510586e-02
6.509768675784290137e-02
6.499685822228017107e-02
6.489618650514134002e-02
6.479567135270432321e-02
6.469531251177805531e-02
6.459510972969996490e-02
6.449506275433360136e-02
6.439517133406616467e-02
6.429543521780607673e-02
6.419585415498062220e-02
6.409642789553363085e-02
6.399715618992307675e-02
6.389803878911878843e-02
6.379907544460017288e-02
6.370026590835391189e-02
6.360160993287172770e-02
6.350310727114816256e-02
6.340475767667830276e-02
6.330656090345572473e-02
6.320851670597016358e-02
6.311062483920545918e-02
6.301288505863743283e-02
6.291529712023169463e-02
6.281786078044167276e-02
6.272057579620640699e-02
6.262344192494859185e-02
6.252645892457252275e-02
6.242962655346201428e-02
6.233294457047849207e-02
6.223641273495895965e-02
6.214003080671403473e-02
6.204379854602599942e-02
6.194771571364691976e-02
6.185178207079665424e-02
6.175599737916104282e-02
6.166036140088994311e-02
6.156487389859545412e-02
6.146953463535000106e-02
6.137434337468454515e-02
6.127929988058676558e-02
6.118440391749922769e-02
6.108965525031766902e-02
6.099505364438916055e-02
6.090059886551039969e-02
6.080629067992596865e-02
6.071212885432659273e-02
6.061811315584746118e-02
6.052424335206652017e-02
6.043051921100280055e-02
6.033694050111473861e-02
6.024350699129855935e-02
6.015021845088661112e-02
6.005707464964576275e-02
5.996407535777580067e-02
5.987122034590779823e-02
5.977850938510259615e-02
5.968594224684917876e-02
5.959351870306314747e-02
5.950123852608518726e-02
5.940910148867949853e-02
5.931710736403233986e-02
5.922525592575046682e-02
5.913354694785968868e-02
5.904198020480336262e-02
5.895055547144093661e-02
5.885927252304647139e-02
5.876813113530724580e-02
5.867713108432227875e-02
5.858627214660093452e-02
5.849555409906151415e-02
5.840497671902984689e-02
5.831453978423790929e-02
5.822424307282246525e-02
5.813408636332367124e-02
5.804406943468375796e-02
5.795419206624565639e-02
5.786445403775169333e-02
5.777485512934226602e-02
5.768539512155450300e-02
5.759607379532100113e-02
5.750689093196850732e-02
5.741784631321665555e-02
5.732893972117671100e-02
5.724017093835026548e-02
5.715153974762800237e-02
5.706304593228848920e-02
5.697468927599690092e-02
5.688646956280384026e-02
5.679838657714407490e-02
5.671044010383535783e-02
5.662262992807726159e-02
5.653495583544995012e-02
5.644741761191300611e-02
5.636001504380427907e-02
5.627274791783872659e-02
5.618561602110724862e-02
5.609861914107557024e-02
5.601175706558304823e-02
5.592502958284163717e-02
5.583843648143468896e-02
5.575197755031587737e-02
5.566565257880811551e-02
5.557946135660242482e-02
5.549340367375686645e-02
5.540747932069547271e-02
5.532168808820715766e-02
5.523602976744468318e-02
5.515050414992357652e-02
5.506511102752107562e-02
5.497985019247512983e-02
5.489472143738331755e-02
5.480972455520188164e-02
5.472485933924464696e-02
5.464012558318205592e-02
5.455552308104014148e-02
5.447105162719950711e-02
5.438671101639440397e-02
5.430250104371169007e-02
5.421842150458985876e-02
5.413447219481809514e-02
5.405065291053529064e-02
5.396696344822909941e-02
5.388340360473497376e-02
5.379997317723521355e-02
5.371667196325805027e-02
5.363349976067670333e-02
5.355045636770846412e-02
5.346754158291374542e-02
5.338475520519520706e-02
5.330209703379681918e-02
5.321956686830298100e-02
5.313716450863761875e-02
5.305488975506328364e-02
5.297274240818025670e-02
5.289072226892571615e-02
5.280882913857282840e-02
5.272706281872988759e-02
5.264542311133944830e-02
5.256390981867749279e-02
5.248252274335252210e-02
5.240126168830478576e-02
5.232012645680538671e-02
5.223911685245546249e-02
5.215823267918535955e-02
5.207747374125379358e-02
5.199683984324705854e-02
5.191633079007815232e-02
5.183594638698604817e-02
5.175568643953480652e-02
5.167555075361284639e-02
5.159553913543209192e-02
5.151565139152720907e-02
5.143588732875482156e-02
5.135624675429271979e-02
5.127672947563907679e-02
5.119733530061169186e-02
5.111806403734722726e-02
5.103891549430041030e-02
5.095988948024329779e-02
5.088098580426453355e-02
5.080220427576856435e-02
5.072354470447491825e-02
5.064500690041746217e-02
5.056659067394364548e-02
5.048829583571379231e-02
5.041012219670033823e-02
5.033206956818714328e-02
5.025413776176872876e-02
5.017632658934960410e-02
5.009863586314350359e-02
5.002106539567272719e-02
4.994361499976739116e-02
4.986628448856476881e-02
4.978907367550854113e-02
4.971198237434813760e-02
4.963501039913803536e-02
4.955815756423708612e-02
4.948142368430780147e-02
4.940480857431571449e-02
4.932831204952864423e-02
4.925193392551607818e-02
4.917567401814849914e-02
4.909953214359667750e-02
4.902350811833104671e-02
4.894760175912100941e-02
4.887181288303434068e-02
4.879614130743647332e-02
4.872058684998988032e-02
4.864514932865342256e-02
4.856982856168169660e-02
4.849462436762443096e-02
4.841953656532579919e-02
4.834456497392380925e-02
4.826970941284970673e-02
4.819496970182727408e-02
4.812034566087228238e-02
4.804583711029182524e-02
4.797144387068370125e-02
4.789716576293583800e-02
4.782300260822562599e-02
4.774895422801936351e-02
4.767502044407159745e-02
4.760120107842455428e-02
4.752749595340755029e-02
4.745390489163633929e-02
4.738042771601259917e-02
4.730706424972323798e-02
4.723381431623991517e-02
4.716067773931836848e-02
4.708765434299785890e-02
4.701474395160061548e-02
4.694194638973121780e-02
4.686926148227603395e-02
4.679668905440265148e-02
4.672422893155929458e-02
4.665188093947428283e-02
4.657964490415542752e-02
4.650752065188949042e-02
4.643550800924162170e-02
4.636360680305480486e-02
4.629181686044928079e-02
4.622013800882201345e-02
4.614857007584613480e-02
4.607711288947038963e-02
4.600576627791858053e-02
4.593453006968906127e-02
4.586340409355414705e-02
4.579238817855960098e-02
4.572148215402407900e-02
4.565068584953863029e-02
4.557999909496612823e-02
4.550942172044074308e-02
4.543895355636743544e-02
4.536859443342139420e-02
4.529834418254756467e-02
4.522820263496005189e-02
4.515816962214166952e-02
4.508824497584340563e-02
4.501842852808385365e-02
4.494872011114876831e-02
4.487911955759053134e-02
4.480962670022761024e-02
4.474024137214407948e-02
4.467096340668912091e-02
4.460179263747648948e-02
4.453272889838404136e-02
4.446377202355319969e-02
4.439492184738851738e-02
4.432617820455708735e-02
4.425754092998814004e-02
4.418900985887247446e-02
4.412058482666203485e-02
4.405226566906936952e-02
4.398405222206716592e-02
4.391594432188775099e-02
4.384794180502264022e-02
4.378004450822200327e-02
4.371225226849423384e-02
4.364456492310543612e-02
4.357698230957897378e-02
4.350950426569497043e-02
4.344213062948984461e-02
4.337486123925585191e-02
4.330769593354058533e-02
4.324063455114653121e-02
4.317367693113061816e-02
4.310682291280368977e-02
4.304007233573009517e-02
4.297342503972721717e-02
4.290688086486498659e-02
4.284043965146545896e-02
4.277410124010233572e-02
4.270786547160050628e-02
4.264173218703560392e-02
4.257570122773353394e-02
4.250977243527005039e-02
4.244394565147029119e-02
4.237822071840831317e-02
4.231259747840668273e-02
4.224707577403599701e-02
4.218165544811446760e-02
4.211633634370742785e-02
4.205111830412695817e-02
4.198600117293140033e-02
4.192098479392492028e-02
4.185606901115711265e-02
4.179125366892251503e-02
4.172653861176019857e-02
4.166192368445331695e-02
4.159740873202871780e-02
4.153299359975644311e-02
4.146867813314938922e-02
4.140446217796277251e-02
4.134034558019381023e-02
4.127632818608121396e-02
4.121240984210481489e-02
4.114859039498511284e-02
4.108486969168285985e-02
4.102124757939867861e-02
4.095772390557258363e-02
4.089429851788358578e-02
4.083097126424930362e-02
4.076774199282551248e-02
4.070461055200576272e-02
4.064157679042092186e-02
4.057864055693880673e-02
4.051580170066376718e-02
4.045306007093624201e-02
4.039041551733239810e-02
4.032786788966369329e-02
4.026541703797648086e-02
4.020306281255160707e-02
4.014080506390399483e-02
4.007864364278227592e-02
4.001657840016833306e-02
3.995460918727695987e-02
3.989273585555542373e-02
3.983095825668308415e-02
3.976927624257098337e-02
3.970768966536146471e-02
3.964619837742776320e-02
3.958480223137365861e-02
3.952350108003299667e-02
3.946229477646938377e-02
3.940118317397574288e-02
3.934016612607395963e-02
3.927924348651445907e-02
3.921841510927584484e-02
3.915768084856450365e-02
3.909704055881423057e-02
3.903649409468582659e-02
3.897604131106673087e-02
3.891568206307063904e-02
3.885541620603709390e-02
3.879524359553116614e-02
3.873516408734300337e-02
3.867517753748751091e-02
3.861528380220394241e-02
3.855548273795551817e-02
3.849577420142908518e-02
3.843615804953470771e-02
3.837663413940532037e-02
3.831720232839633256e-02
3.825786247408527463e-02
3.819861443427141623e-02
3.813945806697539853e-02
3.808039323043888036e-02
3.802141978312414961e-02
3.796253758371377629e-02
3.790374649111022398e-02
3.784504636443550979e-02
3.778643706303080885e-02
3.772791844645612819e-02
3.766949037448991122e-02
3.761115270712870468e-02
3.755290530458678389e-02
3.749474802729577116e-02
3.743668073590433742e-02
3.737870329127777197e-02
3.732081555449767718e-02
3.726301738686160075e-02
3.720530864988265407e-02
3.714768920528918605e-02
3.709015891502442930e-02
3.703271764124613230e-02
3.697536524632621252e-02
3.691810159285040249e-02
3.686092654361790982e-02
3.680383996164106331e-02
3.674684171014494516e-02
3.668993165256707878e-02
3.663310965255705404e-02
3.657637557397618033e-02
3.651972928089716741e-02
3.646317063760373678e-02
3.640669950859032333e-02
3.635031575856170760e-02
3.629401925243266186e-02
3.623780985532763788e-02
3.618168743258039916e-02
3.612565184973370175e-02
3.606970297253894731e-02
3.601384066695582920e-02
3.595806479915201331e-02
3.590237523550279114e-02
3.584677184259076055e-02
3.579125448720545111e-02
3.573582303634303264e-02
3.568047735720594749e-02
3.562521731720261209e-02
3.557004278394702845e-02
3.551495362525852045e-02
3.545994970916133832e-02
3.540503090388437413e-02
3.535019707786080795e-02
3.529544809972778863e-02
3.524078383832610073e-02
3.518620416269982454e-02
3.513170894209603767e-02
3.507729804596444734e-02
3.502297134395712663e-02
3.496872870592810517e-02
3.491457000193312621e-02
3.486049510222926501e-02
3.480650387727463740e-02
3.475259619772805286e-02
3.469877193444872998e-02
3.464503095849592179e-02
3.459137314112864514e-02
3.453779835380531987e-02
3.448430646818349821e-02
3.443089735611948310e-02
3.437757088966807845e-02
3.432432694108221438e-02
3.427116538281264890e-02
3.421808608750766950e-02
3.416508892801276009e-02
3.411217377737028184e-02
3.405934050881918862e-02
3.400658899579465932e-02
3.395391911192785495e-02
3.390133073104552308e-02
3.384882372716978283e-02
3.379639797451771538e-02
3.374405334750112118e-02
3.369178972072620071e-02
3.363960696899320757e-02
3.358750496729618479e-02
3.353548359082262481e-02
3.348354271495318502e-02
3.343168221526135464e-02
3.337990196751319111e-02
3.332820184766695920e-02
3.327658173187286739e-02
3.322504149647274863e-02
3.317358101799974812e-02
3.312220017317804577e-02
3.307089883892252308e-02
3.301967689233847869e-02
3.296853421072133000e-02
3.291747067155628009e-02
3.286648615251808181e-02
3.281558053147065612e-02
3.276475368646686315e-02
3.271400549574815519e-02
3.266333583774432003e-02
3.261274459107313395e-02
3.256223163454011194e-02
3.251179684713818158e-02
3.246144010804739855e-02
3.241116129663465517e-02
3.236096029245336125e-02
3.231083697524318732e-02
3.226079122492973850e-02
3.221082292162427696e-02
3.216093194562343049e-02
3.211111817740888719e-02
3.206138149764711787e-02
3.201172178718909161e-02
3.196213892706994270e-02
3.191263279850873463e-02
3.186320328290814796e-02
3.181385026185416798e-02
3.176457361711584881e-02
3.171537323064496650e-02
3.166624898457578996e-02
3.161720076122473411e-02
3.156822844309012388e-02
3.151933191285187508e-02
3.147051105337123761e-02
3.142176574769048325e-02
3.137309587903264196e-02
3.132450133080119659e-02
3.127598198657983303e-02
3.122753773013210721e-02
3.117916844540122995e-02
3.113087401650972003e-02
3.108265432775915091e-02
3.103450926362988707e-02
3.098643870878077522e-02
3.093844254804888061e-02
3.089052066644919561e-02
3.084267294917437952e-02
3.079489928159445666e-02
3.074719954925655974e-02
3.069957363788464177e-02
3.065202143337920210e-02
3.060454282181701569e-02
3.055713768945083481e-02
3.050980592270914615e-02
3.046254740819586901e-02
3.041536203269009850e-02
3.036824968314582110e-02
3.032121024669164749e-02
3.027424361063053154e-02
3.022734966243951701e-02
3.018052828976943575e-02
3.013377938044466478e-02
3.008710282246283146e-02
3.004049850399456711e-02
2.999396631338321906e-02
2.994750613914458001e-02
2.990111786996663829e-02
2.985480139470927941e-02
2.980855660240405366e-02
2.976238338225387428e-02
2.971628162363276759e-02
2.967025121608560245e-02
2.962429204932783694e-02
2.957840401324522694e-02
2.953258699789358677e-02
2.948684089349848728e-02
2.944116559045504428e-02
2.939556097932761319e-02
2.935002695084953234e-02
2.930456339592287657e-02
2.925917020561816934e-02
2.921384727117414676e-02
2.916859448399748006e-02
2.912341173566251884e-02
2.907829891791102045e-02
2.903325592265190713e-02
2.898828264196098500e-02
2.894337896808070812e-02
2.889854479341990440e-02
2.885378001055350847e-02
2.880908451222232575e-02
2.876445819133276530e-02
2.871990094095656226e-02
2.867541265433055930e-02
2.863099322485641168e-02
2.858664254610035482e-02
2.854236051179295797e-02
2.849814701582882581e-02
2.845400195226639034e-02
2.840992521532762632e-02
2.836591669939781540e-02
2.832197629902528241e-02
2.827810390892114556e-02
2.823429942395905279e-02
2.819056273917495622e-02
2.814689374976683117e-02
2.810329235109444018e-02
2.805975843867907632e-02
2.801629190820332030e-02
2.797289265551078374e-02
2.792956057660585592e-02
2.788629556765346088e-02
2.784309752497880763e-02
2.779996634506712999e-02
2.775690192456346100e-02
2.771390416027236930e-02
2.767097294915770930e-02
2.762810818834238874e-02
2.758530977510810500e-02
2.754257760689510226e-02
2.749991158130195290e-02
2.745731159608526609e-02
2.741477754915947612e-02
2.737230933859658571e-02
2.732990686262592311e-02
2.728757001963390966e-02
2.724529870816379956e-02
2.720309282691543706e-02
2.716095227474502050e-02
2.711887695066488024e-02
2.707686675384318731e-02
2.703492158360376596e-02
2.699304133942581618e-02
2.695122592094368469e-02
2.690947522794662899e-02
2.686778916037857110e-02
2.682616761833785807e-02
2.678461050207703309e-02
2.674311771200258564e-02
2.670168914867471557e-02
2.666032471280709720e-02
2.661902430526662949e-02
2.657778782707323831e-02
2.653661517939958497e-02
2.649550626357086852e-02
2.645446098106457589e-02
2.641347923351025639e-02
2.637256092268926155e-02
2.633170595053454036e-02
2.629091421913039295e-02
2.625018563071222777e-02
2.620952008766633604e-02
2.616891749252966276e-02
2.612837774798957083e-02
2.608790075688359467e-02
2.604748642219923555e-02
2.600713464707369443e-02
2.596684533479368812e-02
2.592661838879516123e-02
2.588645371266310238e-02
2.584635121013129089e-02
2.580631078508207818e-02
2.576633234154613802e-02
2.572641578370226181e-02
2.568656101587711571e-02
2.564676794254502207e-02
2.560703646832770963e-02
2.556736649799411926e-02
2.552775793646015062e-02
2.548821068878843327e-02
2.544872466018811841e-02
2.540929975601465343e-02
2.536993588176952863e-02
2.533063294310007596e-02
2.529139084579924354e-02
2.525220949580535279e-02
2.521308879920189372e-02
2.517402866221728902e-02
2.513502899122467549e-02
2.509608969274167156e-02
2.505721067343017611e-02
2.501839184009611861e-02
2.497963309968925100e-02
2.494093435930292563e-02
2.490229552617387668e-02
2.486371650768198771e-02
2.482519721135007310e-02
2.478673754484366984e-02
2.474833741597080514e-02
2.470999673268178126e-02
2.467171540306895006e-02
2.463349333536650476e-02
2.459533043795025103e-02
2.455722661933739531e-02
2.451918178818632277e-02
2.448119585329636833e-02
2.444326872360762931e-02
2.440540030820071565e-02
2.436759051629655906e-02
2.432983925725617363e-02
2.429214644058046157e-02
2.425451197590998073e-02
2.421693577302473296e-02
2.417941774184395598e-02
2.414195779242590129e-02
2.410455583496762255e-02
2.406721177980476745e-02
2.402992553741134518e-02
2.399269701839953570e-02
2.395552613351945720e-02
2.391841279365897882e-02
2.388135690984347081e-02
2.384435839323563455e-02
2.380741715513525272e-02
2.377053310697900546e-02
2.373370616034024827e-02
2.369693622692879698e-02
2.366022321859072991e-02
2.362356704730815549e-02
2.358696762519903178e-02
2.355042486451693756e-02
2.351393867765086756e-02
2.347750897712502782e-02
2.344113567559861708e-02
2.340481868586562902e-02
2.336855792085464067e-02
2.333235329362860072e-02
2.329620471738463872e-02
2.326011210545382568e-02
2.322407537130100758e-02
2.318809442852457631e-02
2.315216919085625116e-02
2.311629957216090880e-02
2.308048548643634040e-02
2.304472684781309205e-02
2.300902357055419761e-02
2.297337556905504341e-02
2.293778275784310455e-02
2.290224505157778187e-02
2.286676236505017640e-02
2.283133461318290550e-02
2.279596171102987734e-02
2.276064357377610356e-02
2.272538011673749803e-02
2.269017125536066867e-02
2.265501690522271280e-02
2.261991698203102974e-02
2.258487140162310225e-02
2.254988007996631960e-02
2.251494293315775552e-02
2.248005987742397044e-02
2.244523082912082759e-02
2.241045570473328141e-02
2.237573442087517628e-02
2.234106689428906611e-02
2.230645304184598193e-02
2.227189278054527571e-02
2.223738602751438795e-02
2.220293270000867070e-02
2.216853271541118636e-02
2.213418599123249952e-02
2.209989244511049999e-02
2.206565199481018424e-02
2.203146455822348887e-02
2.199733005336905467e-02
2.196324839839208093e-02
2.192921951156408603e-02
2.189524331128273396e-02
2.186131971607164354e-02
2.182744864458017672e-02
2.179363001558326518e-02
2.175986374798120904e-02
2.172614976079947566e-02
2.169248797318851577e-02
2.165887830442356915e-02
2.162532067390447732e-02
2.159181500115547880e-02
2.155836120582502874e-02
2.152495920768560111e-02
2.149160892663350142e-02
2.145831028268868276e-02
2.142506319599453424e-02
2.139186758681771786e-02
2.135872337554795691e-02
2.132563048269785211e-02
2.129258882890270460e-02
2.125959833492031131e-02
2.122665892163078105e-02
2.119377051003634715e-02
2.116093302126118708e-02
2.112814637655122119e-02
2.109541049727392537e-02
2.106272530491816106e-02
2.103009072109397054e-02
2.099750666753240000e-02
2.096497306608530869e-02
2.093248983872517816e-02
2.090005690754493869e-02
2.086767419475778207e-02
2.083534162269695678e-02
2.080305911381560846e-02
2.077082659068658910e-02
2.073864397600226270e-02
2.070651119257432143e-02
2.067442816333362257e-02
2.064239481132996989e-02
2.061041105973197146e-02
2.057847683182682103e-02
2.054659205102014191e-02
2.051475664083577538e-02
2.048297052491563144e-02
2.045123362701949110e-02
2.041954587102481206e-02
2.038790718092657606e-02
2.035631748083709114e-02
2.032477669498580081e-02
2.029328474771913138e-02
2.026184156350027687e-02
2.023044706690905678e-02
2.019910118264170440e-02
2.016780383551071421e-02
2.013655495044464061e-02
2.010535445248792102e-02
2.007420226680072667e-02
2.004309831865874053e-02
2.001204253345301859e-02
1.998103483668978164e-02
1.995007515399025572e-02
1.991916341109049166e-02
1.988829953384119165e-02
1.985748344820752534e-02
1.982671508026894944e-02
1.979599435621904810e-02
1.976532120236534906e-02
1.973469554512913282e-02
1.970411731104528691e-02
1.967358642676211161e-02
1.964310281904114303e-02
1.961266641475700040e-02
1.958227714089717797e-02
1.955193492456190271e-02
1.952163969296394352e-02
1.949139137342844469e-02
1.946118989339275240e-02
1.943103518040623437e-02
1.940092716213011326e-02
1.937086576633730017e-02
1.934085092091221425e-02
1.931088255385061611e-02
1.928096059325942746e-02
1.925108496735657149e-02
1.922125560447079246e-02
1.919147243304149958e-02
1.916173538161857620e-02
1.913204437886222020e-02
1.910239935354278440e-02
1.907280023454058573e-02
1.904324695084574914e-02
1.901373943155804103e-02
1.898427760588668883e-02
1.895486140315022147e-02
1.892549075277630277e-02
1.889616558430155802e-02
1.886688582737139699e-02
1.883765141173987176e-02
1.880846226726948928e-02
1.877931832393104836e-02
1.875021951180347313e-02
1.872116576107364649e-02
1.869215700203625402e-02
1.866319316509360698e-02
1.863427418075546543e-02
1.860539997963889941e-02
1.857657049246811201e-02
1.854778565007426244e-02
1.851904538339531683e-02
1.849034962347588171e-02
1.846169830146703050e-02
1.843309134862614745e-02
1.840452869631677146e-02
1.837601027600840528e-02
1.834753601927638714e-02
1.831910585780170686e-02
1.829071972337083934e-02
1.826237754787560230e-02
1.823407926331297238e-02
1.820582480178493945e-02
1.817761409549833659e-02
1.814944707676467706e-02
1.812132367800000157e-02
1.809324383172470491e-02
1.806520747056339360e-02
1.803721452724470209e-02
1.800926493460115740e-02
1.798135862556899181e-02
1.795349553318801097e-02
1.792567559060141355e-02
1.789789873105564894e-02
1.787016488790024032e-02
1.784247399458763206e-02
1.781482598467304737e-02
1.778722079181430799e-02
1.775965834977168145e-02
1.773213859240773196e-02
1.770466145368716077e-02
1.767722686767663962e-02
1.764983476854466160e-02
1.762248509056138501e-02
1.759517776809847028e-02
1.756791273562893080e-02
1.754068992772696983e-02
1.751350927906783830e-02
1.748637072442765783e-02
1.745927419868328889e-02
1.743221963681215042e-02
1.740520697389209143e-02
1.737823614510121406e-02
1.735130708571773830e-02
1.732441973111982503e-02
1.729757401678544415e-02
1.727076987829221158e-02
1.724400725131723655e-02
1.721728607163695857e-02
1.719060627512701903e-02
1.716396779776208081e-02
1.713737057561569299e-02
1.711081454486013120e-02
1.708429964176625543e-02
1.705782580270334692e-02
1.703139296413895554e-02
1.700500106263875405e-02
1.697865003486639587e-02
1.695233981758334507e-02
1.692607034764874452e-02
1.689984156201924242e-02
1.687365339774887438e-02
1.684750579198887599e-02
1.682139868198756841e-02
1.679533200509018137e-02
1.676930569873872484e-02
1.674331970047181900e-02
1.671737394792456935e-02
1.669146837882839671e-02
1.666560293101089843e-02
1.663977754239570270e-02
1.661399215100231933e-02
1.658824669494598364e-02
1.656254111243751770e-02
1.653687534178318805e-02
1.651124932138454265e-02
1.648566298973827560e-02
1.646011628543608482e-02
1.643460914716450907e-02
1.640914151370479954e-02
1.638371332393276369e-02
1.635832451681861963e-02
1.633297503142685722e-02
1.630766480691608900e-02
1.628239378253890091e-02
1.625716189764171357e-02
1.623196909166464003e-02
1.620681530414133653e-02
1.618170047469884992e-02
1.615662454305749618e-02
1.613158744903070083e-02
1.610658913252484975e-02
1.608162953353916430e-02
1.605670859216554516e-02
1.603182624858843011e-02
1.600698244308466217e-02
1.598217711602333002e-02
1.595741020786564310e-02
1.593268165916478241e-02
1.590799141056575480e-02
1.588333940280525075e-02
1.585872557671151942e-02
1.583414987320420214e-02
1.580961223329422488e-02
1.578511259808361433e-02
1.576065090876539732e-02
1.573622710662344465e-02
1.571184113303231850e-02
1.568749292945716134e-02
1.566318243745352598e-02
1.563890959866726452e-02
1.561467435483436181e-02
1.559047664778082098e-02
1.556631641942250732e-02
1.554219361176501987e-02
1.551810816690355269e-02
1.549406002702274562e-02
1.547004913439656293e-02
1.544607543138814057e-02
1.542213886044966654e-02
1.539823936412221955e-02
1.537437688503565797e-02
1.535055136590846199e-02
1.532676274954760873e-02
1.530301097884843517e-02
1.527929599679449593e-02
1.525561774645743315e-02
1.523197617099683598e-02
1.520837121366011568e-02
1.518480281778235644e-02
1.516127092678618699e-02
1.513777548418164531e-02
1.511431643356604335e-02
1.509089371862383164e-02
1.506750728312647274e-02
1.504415707093229894e-02
1.502084302598637525e-02
1.499756509232037273e-02
1.497432321405243669e-02
1.495111733538704787e-02
1.492794740061488892e-02
1.490481335411272118e-02
1.488171514034323378e-02
1.485865270385493611e-02
1.483562598928200166e-02
1.481263494134415007e-02
1.478967950484651184e-02
1.476675962467949299e-02
1.474387524581865713e-02
1.472102631332456932e-02
1.469821277234269544e-02
1.467543456810324262e-02
1.465269164592105169e-02
1.462998395119545318e-02
1.460731142941013895e-02
1.458467402613303904e-02
1.456207168701618634e-02
1.453950435779558306e-02
1.451697198429107924e-02
1.449447451240624268e-02
1.447201188812822364e-02
1.444958405752763339e-02
1.442719096675841237e-02
1.440483256205769488e-02
1.438250878974569810e-02
1.436021959622557284e-02
1.433796492798329603e-02
1.431574473158752671e-02
1.429355895368948984e-02
1.427140754102284269e-02
1.424929044040355169e-02
1.422720759872976234e-02
1.420515896298167081e-02
1.418314448022140600e-02
1.416116409759289249e-02
1.413921776232173431e-02
1.411730542171508312e-02
1.409542702316151849e-02
1.407358251413090913e-02
1.405177184217430188e-02
1.402999495492378984e-02
1.400825180009239099e-02
1.398654232547391629e-02
1.396486647894285872e-02
1.394322420845424924e-02
1.392161546204355449e-02
1.390004018782653276e-02
1.387849833399912650e-02
1.385698984883733040e-02
1.383551468069706830e-02
1.381407277801406652e-02
1.379266408930374804e-02
1.377128856316108332e-02
1.374994614826049143e-02
1.372863679335570124e-02
1.370736044727963870e-02
1.368611705894430541e-02
1.366490657734064501e-02
1.364372895153843218e-02
1.362258413068615295e-02
1.360147206401087286e-02
1.358039270081812591e-02
1.355934599049178797e-02
1.353833188249396052e-02
1.351735032636483883e-02
1.349640127172261131e-02
1.347548466826331559e-02
1.345460046576074653e-02
1.343374861406630531e-02
1.341292906310890404e-02
1.339214176289483388e-02
1.337138666350765233e-02
1.335066371510805830e-02
1.332997286793377416e-02
1.330931407229943644e-02
1.328868727859646055e-02
1.326809243729293840e-02
1.324752949893351003e-02
1.322699841413925090e-02
1.320649913360754865e-02
1.318603160811199215e-02
1.316559578850225176e-02
1.314519162570395444e-02
1.312481907071858314e-02
1.310447807462334149e-02
1.308416858857104972e-02
1.306389056379002669e-02
1.304364395158396153e-02
1.302342870333181649e-02
1.300324477048769509e-02
1.298309210458073286e-02
1.296297065721498630e-02
1.294288038006930625e-02
1.292282122489723031e-02
1.290279314352686842e-02
1.288279608786078133e-02
1.286283000987587140e-02
1.284289486162326632e-02
1.282299059522820639e-02
1.280311716288992478e-02
1.278327451688154523e-02
1.276346260954995017e-02
1.274368139331568360e-02
1.272393082067282966e-02
1.270421084418889984e-02
1.268452141650472029e-02
1.266486249033432071e-02
1.264523401846481647e-02
1.262563595375630274e-02
1.260606824914173654e-02
1.258653085762682922e-02
1.256702373228992323e-02
1.254754682628190024e-02
1.252810009282604754e-02
1.250868348521795917e-02
1.248929695682542487e-02
1.246994046108831217e-02
1.245061395151845704e-02
1.243131738169955466e-02
1.241205070528705184e-02
1.239281387600802906e-02
1.237360684766109810e-02
1.235442957411628240e-02
1.233528200931491292e-02
1.231616410726951889e-02
1.229707582206371677e-02
1.227801710785209922e-02
1.225898791886012584e-02
1.223998820938401733e-02
1.222101793379063925e-02
1.220207704651740145e-02
1.218316550207214355e-02
1.216428325503303084e-02
1.214543026004843637e-02
1.212660647183685068e-02
1.210781184518675176e-02
1.208904633495651304e-02
1.207030989607428897e-02
1.205160248353791264e-02
1.203292405241477778e-02
1.201427455784174168e-02
1.199565395502501589e-02
1.197706219924005687e-02
1.195849924583146026e-02
1.193996505021285501e-02
1.192145956786679235e-02
1.190298275434465043e-02
1.188453456526651630e-02
1.186611495632108534e-02
1.184772388326555542e-02
1.182936130192552282e-02
1.181102716819486947e-02
1.179272143803566583e-02
1.177444406747806503e-02
1.175619501262019188e-02
1.173797422962804399e-02
1.171978167473538071e-02
1.170161730424362778e-02
1.168348107452176973e-02
1.166537294200623368e-02
1.164729286320080603e-02
1.162924079467651459e-02
1.161121669307152438e-02
1.159322051509104404e-02
1.157525221750721305e-02
1.155731175715900283e-02
1.153939909095210922e-02
1.152151417585886226e-02
1.150365696891809952e-02
1.148582742723509506e-02
1.146802550798142577e-02
1.145025116839489335e-02
1.143250436577940635e-02
1.141478505750488648e-02
1.139709320100716280e-02
1.137942875378787286e-02
1.136179167341436202e-02
1.134418191751957253e-02
1.132659944380196015e-02
1.130904421002537630e-02
1.129151617401897428e-02
1.127401529367711049e-02
1.125654152695923678e-02
1.123909483188981033e-02
1.122167516655818084e-02
1.120428248911850555e-02
1.118691675778963474e-02
1.116957793085501631e-02
1.115226596666260561e-02
1.113498082362475439e-02
1.111772246021811017e-02
1.110049083498353129e-02
1.108328590652597236e-02
1.106610763351439583e-02
1.104895597468166443e-02
1.103183088882445442e-02
1.101473233480314111e-02
1.099766027154171558e-02
1.098061465802768234e-02
1.096359545331195354e-02
1.094660261650876390e-02
1.092963610679555629e-02
1.091269588341290536e-02
1.089578190566440480e-02
1.087889413291657018e-02
1.086203252459875049e-02
1.084519704020302580e-02
1.082838763928411357e-02
1.081160428145926458e-02
1.079484692640817443e-02
1.077811553387288818e-02
1.076141006365769447e-02
1.074473047562904057e-02
1.072807672971542656e-02
1.071144878590731681e-02
1.069484660425704461e-02
1.067827014487870638e-02
1.066171936794808525e-02
1.064519423370253667e-02
1.062869470244090161e-02
1.061222073452341465e-02
1.059577229037160506e-02
1.057934933046820146e-02
1.056295181535704328e-02
1.054657970564298192e-02
1.053023296199178012e-02
1.051391154513003391e-02
1.049761541584506505e-02
1.048134453498483602e-02
1.046509886345784769e-02
1.044887836223305257e-02
1.043268299233976112e-02
1.041651271486754293e-02
1.040036749096614685e-02
1.038424728184539000e-02
1.036815204877507973e-02
1.035208175308491296e-02
1.033603635616438948e-02
1.032001581946271479e-02
1.030402010448870989e-02
1.028804917281071936e-02
1.027210298605651939e-02
1.025618150591322761e-02
1.024028469412720938e-02
1.022441251250398413e-02
1.020856492290814210e-02
1.019274188726324200e-02
1.017694336755173290e-02
1.016116932581485194e-02
1.014541972415253929e-02
1.012969452472334622e-02
1.011399368974434665e-02
1.009831718149103996e-02
1.008266496229727471e-02
1.006703699455514106e-02
1.005143324071489444e-02
1.003585366328486189e-02
1.002029822483134838e-02
1.000476688797855007e-02
9.989259615408471044e-03
9.973776369860822694e-03
9.958317114132942197e-03
9.942881811079700566e-03
9.927470423613419387e-03
9.912082914703775408e-03
9.896719247377713802e-03
9.881379384719359699e-03
9.866063289869933181e-03
9.850770926027655611e-03
9.835502256447671565e-03
9.820257244441944755e-03
9.805035853379186900e-03
9.789838046684760584e-03
9.774663787840592519e-03
9.759513040385092014e-03
9.744385767913053831e-03
9.729281934075583588e-03
9.714201502580002354e-03
9.699144437189759910e-03
9.684110701724348014e-03
9.669100260059225807e-03
9.654113076125712262e-03
9.639149113910915057e-03
9.624208337457647311e-03
9.609290710864323501e-03
9.594396198284893540e-03
9.579524763928745634e-03
9.564676372060626486e-03
9.549850987000549352e-03
9.535048573123715981e-03
9.520269094860422943e-03
9.505512516695987027e-03
9.490778803170651576e-03
9.476067918879504948e-03
9.461379828472400721e-03
9.446714496653862286e-03
9.432071888183006514e-03
9.417451967873462226e-03
9.402854700593271317e-03
9.388280051264824566e-03
9.373727984864762761e-03
9.359198466423898632e-03
9.344691461027137061e-03
9.330206933813377929e-03
9.315744849975453670e-03
9.301305174760025191e-03
9.286887873467512475e-03
9.272492911452007852e-03
9.258120254121187526e-03
9.243769866936242183e-03
9.229441715411776381e-03
9.215135765115744365e-03
9.200851981669351184e-03
9.186590330746985042e-03
9.172350778076127087e-03
9.158133289437266414e-03
9.143937830663827204e-03
9.129764367642080256e-03
9.115612866311066653e-03
9.101483292662509300e-03
9.087375612740738323e-03
9.073289792642606072e-03
9.059225798517409056e-03
9.045183596566801210e-03
9.031163153044719297e-03
9.017164434257301381e-03
9.003187406562798353e-03
8.989232036371509749e-03
8.975298290145684865e-03
8.961386134399453376e-03
8.947495535698745533e-03
8.933626460661205429e-03
8.919778875956119873e-03
8.905952748304329925e-03
8.892148044478158028e-03
8.878364731301326487e-03
8.864602775648874194e-03
8.850862144447087243e-03
8.837142804673403518e-03
8.823444723356355449e-03
8.809767867575469397e-03
8.796112204461199735e-03
8.782477701194852521e-03
8.768864325008493554e-03
8.755272043184884195e-03
8.741700823057394626e-03
8.728150632009927523e-03
8.714621437476843466e-03
8.701113206942875933e-03
8.687625907943063649e-03
8.674159508062660381e-03
8.660713974937070750e-03
8.647289276251760026e-03
8.633885379742186478e-03
8.620502253193725040e-03
8.607139864441575375e-03
8.593798181370702893e-03
8.580477171915753751e-03
8.567176804060976786e-03
8.553897045840152397e-03
8.540637865336505805e-03
8.527399230682644604e-03
8.514181110060475496e-03
8.500983471701122757e-03
8.487806283884860581e-03
8.474649514941035022e-03
8.461513133247985929e-03
8.448397107232972353e-03
8.435301405372103156e-03
8.422225996190245076e-03
8.409170848260970679e-03
8.396135930206459486e-03
8.383121210697442455e-03
8.370126658453113516e-03
8.357152242241061915e-03
8.344197930877195885e-03
8.331263693225666317e-03
8.318349498198793907e-03
8.305455314756994556e-03
8.292581111908708252e-03
8.279726858710315801e-03
8.266892524266072906e-03
8.254078077728035576e-03
8.241283488295982063e-03
8.228508725217346942e-03
8.215753757787134376e-03
8.203018555347857399e-03
8.190303087289463324e-03
8.177607323049248741e-03
8.164931232111800538e-03
8.152274784008914366e-03
8.139637948319526986e-03
8.127020694669636475e-03
8.114422992732236301e-03
8.101844812227242468e-03
8.089286122921413719e-03
8.076746894628290818e-03
8.064227097208109818e-03
8.051726700567748279e-03
8.039245674660629865e-03
8.026783989486679233e-03
8.014341615092228366e-03
8.001918521569952383e-03
7.989514679058801888e-03
7.977130057743930108e-03
7.964764627856613100e-03
7.952418359674189030e-03
7.940091223519983588e-03
7.927783189763238855e-03
7.915494228819040454e-03
7.903224311148246417e-03
7.890973407257421274e-03
7.878741487698764923e-03
7.866528523070032836e-03
7.854334484014477077e-03
7.842159341220769977e-03
7.830003065422939945e-03
7.817865627400289938e-03
7.805746997977338481e-03
7.793647148023749409e-03
7.781566048454251205e-03
7.769503670228580620e-03
7.757459984351405477e-03
7.745434961872256149e-03
7.733428573885458776e-03
7.721440791530063269e-03
7.709471585989779129e-03
7.697520928492899116e-03
7.685588790312235068e-03
7.673675142765049376e-03
7.661779957212984729e-03
7.649903205061995594e-03
7.638044857762281425e-03
7.626204886808216413e-03
7.614383263738281823e-03
7.602579960134995748e-03
7.590794947624852386e-03
7.579028197878244846e-03
7.567279682609402702e-03
7.555549373576324335e-03
7.543837242580708410e-03
7.532143261467881892e-03
7.520467402126742792e-03
7.508809636489682110e-03
7.497169936532524850e-03
7.485548274274457167e-03
7.473944621777963912e-03
7.462358951148755776e-03
7.450791234535712043e-03
7.439241444130801663e-03
7.427709552169028603e-03
7.416195530928358995e-03
7.404699352729651740e-03
7.393220989936602136e-03
7.381760414955664679e-03
7.370317600235996684e-03
7.358892518269382829e-03
7.347485141590180506e-03
7.336095442775240894e-03
7.324723394443854313e-03
7.313368969257681707e-03
7.302032139920684381e-03
7.290712879179064160e-03
7.279411159821198331e-03
7.268126954677567655e-03
7.256860236620701725e-03
7.245610978565103499e-03
7.234379153467191195e-03
7.223164734325234967e-03
7.211967694179281449e-03
7.200788006111106046e-03
7.189625643244131406e-03
7.178480578743373641e-03
7.167352785815378144e-03
7.156242237708147595e-03
7.145148907711087322e-03
7.134072769154932436e-03
7.123013795411692328e-03
7.111971959894580406e-03
7.100947236057955983e-03
7.089939597397253157e-03
7.078949017448927031e-03
7.067975469790380855e-03
7.057018928039910516e-03
7.046079365856636884e-03
7.035156756940443359e-03
7.024251075031911692e-03
7.013362293912264733e-03
7.002490387403297045e-03
6.991635329367317658e-03
6.980797093707078946e-03
6.969975654365726317e-03
6.959170985326725359e-03
6.948383060613804590e-03
6.937611854290893880e-03
6.926857340462057658e-03
6.916119493271439406e-03
6.905398286903192268e-03
6.894693695581424406e-03
6.884005693570133949e-03
6.873334255173143073e-03
6.862679354734045958e-03
6.852040966636142004e-03
6.841419065302370775e-03
6.830813625195259961e-03
6.820224620816854252e-03
6.809652026708660696e-03
6.799095817451587115e-03
6.788555967665877919e-03
6.778032452011057730e-03
6.767525245185866331e-03
6.757034321928203149e-03
6.746559657015063077e-03
6.736101225262471417e-03
6.725659001525436179e-03
6.715232960697877819e-03
6.704823077712569399e-03
6.694429327541083670e-03
6.684051685193726292e-03
6.673690125719475980e-03
6.663344624205929864e-03
6.653015155779241907e-03
6.642701695604059584e-03
6.632404218883467505e-03
6.622122700858928436e-03
6.611857116810223450e-03
6.601607442055390344e-03
6.591373651950669862e-03
6.581155721890443247e-03
6.570953627307168921e-03
6.560767343671333046e-03
6.550596846491384476e-03
6.540442111313677503e-03
6.530303113722412019e-03
6.520179829339578861e-03
6.510072233824897373e-03
6.499980302875758148e-03
6.489904012227167528e-03
6.479843337651683410e-03
6.469798254959364080e-03
6.459768739997706621e-03
6.449754768651589677e-03
6.439756316843215332e-03
6.429773360532051868e-03
6.419805875714774783e-03
6.409853838425213016e-03
6.399917224734288229e-03
6.389996010749956698e-03
6.380090172617156399e-03
6.370199686517743695e-03
6.360324528670443893e-03
6.350464675330787061e-03
6.340620102791055118e-03
6.330790787380223723e-03
6.320976705463907629e-03
6.311177833444300833e-03
6.301394147760120204e-03
6.291625624886555170e-03
6.281872241335200932e-03
6.272133973654014233e-03
6.262410798427243096e-03
6.252702692275385193e-03
6.243009631855120194e-03
6.233331593859263789e-03
6.223668555016702644e-03
6.214020492092343223e-03
6.204387381887058010e-03
6.194769201237626532e-03
6.185165927016678979e-03
6.175577536132645894e-03
6.166004005529697463e-03
6.156445312187690602e-03
6.146901433122116051e-03
6.137372345384037656e-03
6.127858026060043796e-03
6.118358452272185805e-03
6.108873601177931129e-03
6.099403449970099145e-03
6.089947975876816057e-03
6.080507156161453312e-03
6.071080968122576429e-03
6.061669389093889485e-03
6.052272396444180469e-03
6.042889967577269247e-03
6.033522079931952914e-03
6.024168710981945944e-03
6.014829838235835960e-03
6.005505439237021278e-03
5.996195491563664076e-03
5.986899972828630540e-03
5.977618860679439691e-03
5.968352132798211349e-03
5.959099766901613214e-03
5.949861740740801028e-03
5.940638032101374331e-03
5.931428618803315754e-03
5.922233478700942438e-03
5.913052589682849663e-03
5.903885929671861404e-03
5.894733476624974822e-03
5.885595208533309086e-03
5.876471103422049001e-03
5.867361139350399032e-03
5.858265294411524327e-03
5.849183546732499538e-03
5.840115874474261989e-03
5.831062255831550092e-03
5.822022669032858241e-03
5.812997092340383039e-03
5.803985504049968651e-03
5.794987882491057368e-03
5.786004206026635829e-03
5.777034453053187316e-03
5.768078602000632771e-03
5.759136631332286566e-03
5.750208519544799252e-03
5.741294245168110724e-03
5.732393786765394711e-03
5.723507122933008465e-03
5.714634232300444192e-03
5.705775093530272672e-03
5.696929685318097292e-03
5.688097986392500263e-03
5.679279975514994055e-03
5.670475631479964147e-03
5.661684933114626526e-03
5.652907859278972179e-03
5.644144388865717649e-03
5.635394500800252129e-03
5.626658174040591494e-03
5.617935387577323650e-03
5.609226120433562571e-03
5.600530351664889314e-03
5.591848060359315593e-03
5.583179225637219592e-03
5.574523826651306933e-03
5.565881842586550832e-03
5.557253252660153062e-03
5.548638036121482375e-03
5.540036172252037205e-03
5.531447640365384083e-03
5.522872419807117739e-03
5.514310489954803857e-03
5.505761830217936574e-03
5.497226420037882970e-03
5.488704238887837962e-03
5.480195266272774000e-03
5.471699481729390760e-03
5.463216864826067436e-03
5.454747395162813303e-03
5.446291052371219146e-03
5.437847816114407817e-03
5.429417666086984798e-03
5.421000582014993963e-03
5.412596543655859467e-03
5.404205530798349318e-03
5.395827523262518993e-03
5.387462500899662006e-03
5.379110443592268267e-03
5.370771331253972047e-03
5.362445143829502534e-03
5.354131861294635260e-03
5.345831463656148738e-03
5.337543930951774152e-03
5.329269243250146781e-03
5.321007380650754834e-03
5.312758323283901275e-03
5.304522051310646587e-03
5.296298544922766263e-03
5.288087784342702241e-03
5.279889749823513459e-03
5.271704421648832489e-03
5.263531780132816099e-03
5.255371805620098410e-03
5.247224478485739731e-03
5.239089779135187516e-03
5.230967688004224334e-03
5.222858185558920154e-03
5.214761252295588116e-03
5.206676868740735958e-03
5.198605015451022646e-03
5.190545673013205463e-03
5.182498822044100117e-03
5.174464443190529561e-03
5.166442517129280626e-03
5.158433024567056317e-03
5.150435946240429844e-03
5.142451262915797780e-03
5.134478955389335832e-03
5.126519004486948528e-03
5.118571391064228454e-03
5.110636096006407683e-03
5.102713100228311802e-03
5.094802384674315676e-03
5.086903930318295748e-03
5.079017718163585798e-03
5.071143729242931844e-03
5.063281944618443567e-03
5.055432345381553547e-03
5.047594912652969557e-03
5.039769627582625991e-03
5.031956471349645701e-03
5.024155425162289690e-03
5.016366470257913740e-03
5.008589587902921580e-03
5.000824759392724986e-03
4.993071966051691735e-03
4.985331189233107446e-03
4.977602410319126140e-03
4.969885610720728604e-03
4.962180771877676422e-03
4.954487875258466872e-03
4.946806902360289561e-03
4.939137834708983051e-03
4.931480653858988025e-03
4.923835341393306524e-03
4.916201878923453367e-03
4.908580248089413657e-03
4.900970430559601146e-03
4.893372408030813997e-03
4.885786162228185348e-03
4.878211674905146011e-03
4.870648927843380244e-03
4.863097902852775434e-03
4.855558581771386543e-03
4.848030946465388402e-03
4.840514978829032339e-03
4.833010660784604548e-03
4.825517974282380121e-03
4.818036901300582278e-03
4.810567423845339002e-03
4.803109523950635333e-03
4.795663183678277805e-03
4.788228385117845876e-03
4.780805110386652026e-03
4.773393341629694059e-03
4.765993061019617796e-03
4.758604250756675452e-03
4.751226893068673587e-03
4.743860970210941885e-03
4.736506464466281978e-03
4.729163358144930149e-03
4.721831633584512231e-03
4.714511273150001971e-03
4.707202259233678535e-03
4.699904574255087467e-03
4.692618200660990391e-03
4.685343120925334649e-03
4.678079317549197792e-03
4.670826773060758087e-03
4.663585470015245080e-03
4.656355390994899694e-03
4.649136518608932601e-03
4.641928835493482584e-03
4.634732324311574905e-03
4.627546967753079672e-03
4.620372748534670206e-03
4.613209649399781405e-03
4.606057653118568983e-03
4.598916742487866964e-03
4.591786900331148655e-03
4.584668109498481539e-03
4.577560352866490850e-03
4.570463613338316203e-03
4.563377873843569091e-03
4.556303117338292991e-03
4.549239326804926931e-03
4.542186485252256052e-03
4.535144575715377782e-03
4.528113581255660200e-03
4.521093484960696067e-03
4.514084269944269867e-03
4.507085919346311836e-03
4.500098416332860667e-03
4.493121744096020137e-03
4.486155885853921818e-03
4.479200824850683438e-03
4.472256544356368983e-03
4.465323027666947067e-03
4.458400258104252764e-03
4.451488219015947712e-03
4.444586893775477610e-03
4.437696265782036659e-03
4.430816318460523325e-03
4.423947035261503909e-03
4.417088399661168313e-03
4.410240395161297081e-03
4.403403005289218027e-03
4.396576213597763738e-03
4.389760003665239482e-03
4.382954359095375500e-03
4.376159263517294916e-03
4.369374700585469500e-03
4.362600653979684107e-03
4.355837107404995044e-03
4.349084044591690172e-03
4.342341449295253342e-03
4.335609305296322762e-03
4.328887596400652835e-03
4.322176306439075126e-03
4.315475419267460200e-03
4.308784918766676852e-03
4.302104788842556551e-03
4.295435013425853536e-03
4.288775576472204920e-03
4.282126461962092526e-03
4.275487653900809058e-03
4.268859136318411268e-03
4.262240893269687858e-03
4.255632908834119585e-03
4.249035167115843697e-03
4.242447652243608834e-03
4.235870348370743797e-03
4.229303239675116788e-03
4.222746310359097241e-03
4.216199544649519397e-03
4.209662926797641536e-03
4.203136441079112148e-03
4.196620071793929173e-03
4.190113803266403564e-03
4.183617619845120261e-03
4.177131505902905231e-03
4.170655445836779496e-03
4.164189424067931376e-03
4.157733425041671392e-03
4.151287433227400167e-03
4.144851433118567664e-03
4.138425409232636756e-03
4.132009346111050266e-03
4.125603228319184995e-03
4.119207040446324838e-03
4.112820767105616546e-03
4.106444392934035029e-03
4.100077902592346932e-03
4.093721280765075070e-03
4.087374512160457662e-03
4.081037581510415374e-03
4.074710473570514885e-03
4.068393173119929859e-03
4.062085664961403650e-03
4.055787933921216337e-03
4.049499964849147433e-03
4.043221742618437718e-03
4.036953252125753677e-03
4.030694478291151940e-03
4.024445406058042851e-03
4.018206020393154040e-03
4.011976306286494862e-03
4.005756248751319096e-03
3.999545832824089389e-03
3.993345043564444294e-03
3.987153866055159236e-03
3.980972285402110088e-03
3.974800286734238471e-03
3.968637855203518798e-03
3.962484975984918376e-03
3.956341634276364441e-03
3.950207815298707736e-03
3.944083504295687811e-03
3.937968686533894862e-03
3.931863347302739370e-03
3.925767471914412207e-03
3.919681045703852541e-03
3.913604054028709672e-03
3.907536482269309205e-03
3.901478315828620959e-03
3.895429540132218631e-03
3.889390140628247276e-03
3.883360102787390775e-03
3.877339412102832807e-03
3.871328054090224756e-03
3.865326014287648847e-03
3.859333278255587356e-03
3.853349831576882711e-03
3.847375659856706702e-03
3.841410748722524915e-03
3.835455083824060741e-03
3.829508650833263715e-03
3.823571435444273088e-03
3.817643423373384866e-03
3.811724600359014947e-03
3.805814952161668766e-03
3.799914464563903561e-03
3.794023123370296284e-03
3.788140914407408903e-03
3.782267823523755446e-03
3.776403836589765570e-03
3.770548939497751599e-03
3.764703118161878172e-03
3.758866358518122772e-03
3.753038646524245372e-03
3.747219968159755041e-03
3.741410309425873947e-03
3.735609656345506135e-03
3.729817994963201960e-03
3.724035311345126435e-03
3.718261591579024965e-03
3.712496821774188653e-03
3.706740988061424380e-03
3.700994076593017504e-03
3.695256073542701504e-03
3.689526965105623287e-03
3.683806737498310224e-03
3.678095376958638498e-03
3.672392869745798837e-03
3.666699202140262688e-03
3.661014360443750563e-03
3.655338330979200374e-03
3.649671100090730574e-03
3.644012654143611966e-03
3.638362979524232578e-03
3.632722062640062963e-03
3.627089889919630182e-03
3.621466447812477472e-03
3.615851722789137357e-03
3.610245701341096083e-03
3.604648369980761533e-03
3.599059715241432859e-03
3.593479723677266667e-03
3.587908381863243179e-03
3.582345676395137617e-03
3.576791593889485938e-03
3.571246120983551445e-03
3.565709244335295292e-03
3.560180950623342659e-03
3.554661226546951963e-03
3.549150058825983195e-03
3.543647434200863228e-03
3.538153339432557193e-03
3.532667761302535521e-03
3.527190686612743150e-03
3.521722102185564397e-03
3.516261994863795638e-03
3.510810351510611910e-03
3.505367159009535258e-03
3.499932404264402205e-03
3.494506074199335566e-03
3.489088155758708881e-03
3.483678635907118664e-03
3.478277501629351010e-03
3.472884739930352099e-03
3.467500337835192643e-03
3.462124282389043590e-03
3.456756560657139703e-03
3.451397159724750065e-03
3.446046066697148157e-03
3.440703268699578897e-03
3.435368752877230019e-03
3.430042506395198677e-03
3.424724516438462825e-03
3.419414770211849121e-03
3.414113254940003006e-03
3.408819957867357479e-03
3.403534866258103170e-03
3.398257967396156251e-03
3.392989248585130679e-03
3.387728697148303936e-03
3.382476300428590137e-03
3.377232045788507511e-03
3.371995920610149338e-03
3.366767912295152293e-03
3.361548008264666522e-03
3.356336195959327452e-03
3.351132462839221532e-03
3.345936796383862377e-03
3.340749184092153910e-03
3.335569613482363902e-03
3.330398072092094486e-03
3.325234547478251364e-03
3.320079027217011716e-03
3.314931498903799477e-03
3.309791950153250211e-03
3.304660368599184658e-03
3.299536741894578372e-03
3.294421057711531802e-03
3.289313303741239931e-03
3.284213467693964956e-03
3.279121537299003759e-03
3.274037500304661022e-03
3.268961344478218435e-03
3.263893057605906506e-03
3.258832627492873335e-03
3.253780041963156427e-03
3.248735288859655370e-03
3.243698356044098438e-03
3.238669231397016575e-03
3.233647902817713901e-03
3.228634358224237791e-03
3.223628585553351550e-03
3.218630572760501889e-03
3.213640307819794206e-03
3.208657778723961358e-03
3.203682973484335474e-03
3.198715880130818465e-03
3.193756486711853831e-03
3.188804781294399780e-03
3.183860751963895827e-03
3.178924386824239379e-03
3.173995673997754077e-03
3.169074601625162038e-03
3.164161157865555234e-03
3.159255330896369035e-03
3.154357108913349687e-03
3.149466480130529156e-03
3.144583432780197804e-03
3.139707955112871866e-03
3.134840035397268299e-03
3.129979661920277451e-03
3.125126822986932715e-03
3.120281506920382329e-03
3.115443702061863364e-03
3.110613396770672660e-03
3.105790579424138210e-03
3.100975238417592698e-03
3.096167362164344017e-03
3.091366939095649240e-03
3.086573957660685135e-03
3.081788406326520843e-03
3.077010273578091419e-03
3.072239547918168782e-03
3.067476217867334820e-03
3.062720271963953207e-03
3.057971698764142508e-03
3.053230486841748866e-03
3.048496624788317368e-03
3.043770101213066036e-03
3.039050904742858061e-03
3.034339024022173620e-03
3.029634447713082986e-03
3.024937164495221376e-03
3.020247163065758588e-03
3.015564432139373422e-03
3.010888960448226785e-03
3.006220736741933505e-03
3.001559749787537611e-03
2.996905988369482840e-03
2.992259441289586187e-03
2.987620097367013616e-03
2.982987945438247968e-03
2.978362974357068576e-03
2.973745172994518744e-03
2.969134530238883192e-03
2.964531034995658565e-03
2.959934676187528715e-03
2.955345442754336513e-03
2.950763323653059558e-03
2.946188307857779826e-03
2.941620384359661111e-03
2.937059542166921711e-03
2.932505770304805800e-03
2.927959057815559575e-03
2.923419393758404372e-03
2.918886767209507606e-03
2.914361167261961955e-03
2.909842583025754569e-03
2.905331003627742784e-03
2.900826418211627233e-03
2.896328815937927563e-03
2.891838185983953806e-03
2.887354517543782098e-03
2.882877799828228657e-03
2.878408022064822894e-03
2.873945173497783126e-03
2.869489243387989257e-03
2.865040221012957189e-03
2.860598095666812800e-03
2.856162856660269395e-03
2.851734493320596912e-03
2.847312994991599809e-03
2.842898351033590603e-03
2.838490550823364288e-03
2.834089583754172310e-03
2.829695439235698721e-03
2.825308106694031547e-03
2.820927575571641546e-03
2.816553835327353580e-03
2.812186875436321898e-03
2.807826685390007147e-03
2.803473254696148189e-03
2.799126572878737809e-03
2.794786629477998864e-03
2.790453414050357399e-03
2.786126916168418788e-03
2.781807125420941718e-03
2.777494031412814333e-03
2.773187623765028219e-03
2.768887892114653242e-03
2.764594826114815003e-03
2.760308415434666214e-03
2.756028649759365880e-03
2.751755518790050675e-03
2.747489012243814130e-03
2.743229119853678004e-03
2.738975831368570604e-03
2.734729136553301632e-03
2.730489025188535725e-03
2.726255487070770346e-03
2.722028512012308887e-03
2.717808089841239859e-03
2.713594210401406963e-03
2.709386863552390879e-03
2.705186039169479775e-03
2.700991727143648054e-03
2.696803917381531204e-03
2.692622599805400210e-03
2.688447764353139868e-03
2.684279400978223200e-03
2.680117499649687166e-03
2.675962050352108379e-03
2.671813043085580555e-03
2.667670467865688490e-03
2.663534314723485941e-03
2.659404573705470478e-03
2.655281234873559625e-03
2.651164288305067444e-03
2.647053724092680686e-03
2.642949532344434499e-03
2.638851703183688578e-03
2.634760226749105483e-03
2.630675093194623747e-03
2.626596292689436195e-03
2.622523815417966524e-03
2.618457651579844149e-03
2.614397791389882521e-03
2.610344225078053970e-03
2.606296942889468459e-03
2.602255935084346258e-03
2.598221191937999733e-03
2.594192703740805586e-03
2.590170460798183177e-03
2.586154453430571966e-03
2.582144671973407666e-03
2.578141106777098387e-03
2.574143748207001221e-03
2.570152586643401418e-03
2.566167612481487677e-03
2.562188816131327415e-03
2.558216188017847260e-03
2.554249718580806593e-03
2.550289398274778029e-03
2.546335217569121404e-03
2.542387166947962518e-03
2.538445236910169718e-03
2.534509417969331782e-03
2.530579700653734498e-03
2.526656075506336814e-03
2.522738533084750885e-03
2.518827063961217357e-03
2.514921658722582814e-03
2.511022307970277659e-03
2.507129002320293565e-03
2.503241732403160922e-03
2.499360488863926286e-03
2.495485262362129395e-03
2.491616043571781482e-03
2.487752823181342294e-03
2.483895591893697970e-03
2.480044340426139360e-03
2.476199059510337738e-03
2.472359739892324854e-03
2.468526372332469944e-03
2.464698947605457185e-03
2.460877456500262274e-03
2.457061889820133342e-03
2.453252238382567108e-03
2.449448493019285890e-03
2.445650644576216788e-03
2.441858683913470870e-03
2.438072601905318017e-03
2.434292389440167841e-03
2.430518037420546264e-03
2.426749536763074706e-03
2.422986878398447966e-03
2.419230053271411232e-03
2.415479052340740139e-03
2.411733866579217345e-03
2.407994486973612583e-03
2.404260904524660111e-03
2.400533110247037027e-03
2.396811095169340284e-03
2.393094850334068907e-03
2.389384366797598410e-03
2.385679635630162145e-03
2.381980647915829183e-03
2.378287394752480900e-03
2.374599867251791889e-03
2.370918056539208715e-03
2.367241953753926494e-03
2.363571550048870241e-03
2.359906836590671027e-03
2.356247804559646886e-03
2.352594445149779404e-03
2.348946749568695501e-03
2.345304709037644448e-03
2.341668314791475747e-03
2.338037558078620917e-03
2.334412430161069644e-03
2.330792922314350694e-03
2.327179025827510236e-03
2.323570732003090583e-03
2.319968032157110251e-03
2.316370917619042704e-03
2.312779379731794236e-03
2.309193409851685325e-03
2.305612999348428081e-03
2.302038139605107163e-03
2.298468822018157227e-03
2.294905037997343848e-03
2.291346778965741831e-03
2.287794036359714830e-03
2.284246801628895835e-03
2.280705066236164615e-03
2.277168821657629509e-03
2.273638059382604003e-03
2.270112770913589820e-03
2.266592947766253932e-03
2.263078581469409045e-03
2.259569663564993218e-03
2.256066185608049043e-03
2.252568139166704134e-03
2.249075515822151171e-03
2.245588307168625355e-03
2.242106504813387927e-03
2.238630100376702309e-03
2.235159085491816335e-03
2.231693451804941421e-03
2.228233190975232626e-03
2.224778294674768266e-03
2.221328754588529960e-03
2.217884562414382688e-03
2.214445709863055705e-03
2.211012188658121290e-03
2.207583990535975666e-03
2.204161107245818617e-03
2.200743530549634404e-03
2.197331252222171384e-03
2.193924264050922061e-03
2.190522557836104434e-03
2.187126125390640753e-03
2.183734958540139298e-03
2.180349049122873566e-03
2.176968388989763623e-03
2.173592970004355716e-03
2.170222784042802767e-03
2.166857822993847014e-03
2.163498078758795736e-03
2.160143543251506933e-03
2.156794208398367212e-03
2.153450066138272272e-03
2.150111108422609121e-03
2.146777327215234395e-03
2.143448714492457441e-03
2.140125262243020368e-03
2.136806962468076367e-03
2.133493807181175393e-03
2.130185788408240320e-03
2.126882898187549154e-03
2.123585128569717689e-03
2.120292471617678254e-03
2.117004919406661936e-03
2.113722464024178627e-03
2.110445097569997944e-03
2.107172812156131447e-03
2.103905599906813126e-03
2.100643452958479880e-03
2.097386363459752441e-03
2.094134323571418457e-03
2.090887325466411241e-03
2.087645361329792427e-03
2.084408423358732453e-03
2.081176503762492778e-03
2.077949594762405934e-03
2.074727688591857747e-03
2.071510777496268253e-03
2.068298853733072616e-03
2.065091909571704215e-03
2.061889937293573394e-03
2.058692929192052282e-03
2.055500877572453110e-03
2.052313774752010864e-03
2.049131613059865936e-03
2.045954384837044178e-03
2.042782082436438683e-03
2.039614698222792441e-03
2.036452224572679690e-03
2.033294653874486400e-03
2.030141978528393360e-03
2.026994190946356227e-03
2.023851283552090350e-03
2.020713248781049083e-03
2.017580079080407308e-03
2.014451766909044518e-03
2.011328304737523571e-03
2.008209685048075507e-03
2.005095900334579601e-03
2.001986943102547316e-03
1.998882805869100620e-03
1.995783481162958974e-03
1.992688961524417216e-03
1.989599239505329513e-03
1.986514307669092014e-03
1.983434158590622470e-03
1.980358784856345918e-03
1.977288179064173868e-03
1.974222333823487385e-03
1.971161241755120617e-03
1.968104895491341270e-03
1.965053287675834134e-03
1.962006410963682002e-03
1.958964258021350484e-03
1.955926821526667199e-03
1.952894094168806808e-03
1.949866068648272149e-03
1.946842737676877325e-03
1.943824093977729274e-03
1.940810130285211283e-03
1.937800839344965215e-03
1.934796213913873505e-03
1.931796246760042685e-03
1.928800930662785164e-03
1.925810258412602536e-03
1.922824222811167797e-03
1.919842816671307999e-03
1.916866032816987551e-03
1.913893864083290007e-03
1.910926303316402234e-03
1.907963343373596200e-03
1.905004977123211408e-03
1.902051197444639503e-03
1.899101997228304969e-03
1.896157369375649519e-03
1.893217306799114749e-03
1.890281802422124572e-03
1.887350849179069605e-03
1.884424440015287656e-03
1.881502567887049625e-03
1.878585225761540429e-03
1.875672406616843164e-03
1.872764103441922415e-03
1.869860309236606472e-03
1.866961017011570852e-03
1.864066219788322251e-03
1.861175910599180763e-03
1.858290082487264053e-03
1.855408728506469356e-03
1.852531841721457868e-03
1.849659415207638262e-03
1.846791442051148261e-03
1.843927915348840974e-03
1.841068828208265165e-03
1.838214173747651156e-03
1.835363945095893051e-03
1.832518135392532249e-03
1.829676737787740756e-03
1.826839745442306213e-03
1.824007151527613259e-03
1.821178949225629208e-03
1.818355131728885844e-03
1.815535692240464235e-03
1.812720623973977825e-03
1.809909920153556818e-03
1.807103574013830833e-03
1.804301578799913722e-03
1.801503927767387093e-03
1.798710614182283396e-03
1.795921631321069443e-03
1.793136972470632529e-03
1.790356630928261784e-03
1.787580600001632998e-03
1.784808873008793002e-03
1.782041443278143192e-03
1.779278304148422616e-03
1.776519448968694528e-03
1.773764871098326441e-03
1.771014563906978846e-03
1.768268520774584837e-03
1.765526735091336660e-03
1.762789200257670755e-03
1.760055909684248888e-03
1.757326856791944277e-03
1.754602035011826192e-03
1.751881437785142610e-03
1.749165058563305472e-03
1.746452890807874848e-03
1.743744927990542896e-03
1.741041163593118248e-03
1.738341591107511264e-03
1.735646204035716468e-03
1.732954995889798670e-03
1.730267960191876489e-03
1.727585090474107387e-03
1.724906380278671408e-03
1.722231823157755783e-03
1.719561412673540615e-03
1.716895142398181320e-03
1.714233005913795181e-03
1.711574996812444214e-03
1.708921108696121512e-03
1.706271335176733897e-03
1.703625669876088688e-03
1.700984106425876578e-03
1.698346638467657099e-03
1.695713259652843231e-03
1.693083963642687088e-03
1.690458744108262355e-03
1.687837594730451493e-03
1.685220509199929261e-03
1.682607481217147536e-03
1.679998504492321004e-03
1.677393572745411107e-03
1.674792679706111525e-03
1.672195819113832986e-03
1.669602984717687665e-03
1.667014170276475728e-03
1.664429369558667994e-03
1.661848576342393139e-03
1.659271784415420996e-03
1.656698987575149114e-03
1.654130179628586928e-03
1.651565354392340798e-03
1.649004505692600129e-03
1.646447627365121326e-03
1.643894713255213483e-03
1.641345757217723637e-03
1.638800753117022457e-03
1.636259694826988414e-03
1.633722576230993906e-03
1.631189391221890073e-03
1.628660133701992710e-03
1.626134797583066866e-03
1.623613376786312967e-03
1.621095865242350989e-03
1.618582256891207445e-03
1.616072545682300209e-03
1.613566725574422898e-03
1.611064790535732087e-03
1.608566734543731471e-03
1.606072551585258426e-03
1.603582235656468395e-03
1.601095780762821661e-03
1.598613180919067952e-03
1.596134430149232560e-03
1.593659522486602035e-03
1.591188451973709868e-03
1.588721212662321317e-03
1.586257798613419957e-03
1.583798203897193810e-03
1.581342422593019510e-03
1.578890448789450158e-03
1.576442276584199284e-03
1.573997900084127396e-03
1.571557313405228321e-03
1.569120510672613591e-03
1.566687486020500088e-03
1.564258233592194644e-03
1.561832747540081029e-03
1.559411022025604344e-03
1.556993051219258874e-03
1.554578829300572694e-03
1.552168350458093572e-03
1.549761608889376830e-03
1.547358598800968859e-03
1.544959314408395198e-03
1.542563749936145352e-03
1.540171899617659781e-03
1.537783757695315376e-03
1.535399318420412225e-03
1.533018576053159308e-03
1.530641524862660832e-03
1.528268159126902354e-03
1.525898473132737340e-03
1.523532461175873282e-03
1.521170117560857824e-03
1.518811436601065316e-03
1.516456412618682938e-03
1.514105039944696821e-03
1.511757312918879468e-03
1.509413225889774581e-03
1.507072773214684913e-03
1.504735949259657524e-03
1.502402748399471423e-03
1.500073165017622601e-03
1.497747193506312330e-03
1.495424828266431541e-03
1.493106063707549339e-03
1.490790894247898905e-03
1.488479314314363183e-03
1.486171318342462307e-03
1.483866900776340588e-03
1.481566056068752205e-03
1.479268778681048623e-03
1.476975063083164723e-03
1.474684903753606434e-03
1.472398295179435778e-03
1.470115231856259589e-03
1.467835708288214337e-03
1.465559718987955069e-03
1.463287258476640013e-03
1.461018321283919300e-03
1.458752901947920223e-03
1.456490995015235091e-03
1.454232595040907787e-03
1.451977696588421405e-03
1.449726294229683509e-03
1.447478382545014635e-03
1.445233956123134853e-03
1.442993009561150319e-03
1.440755537464540482e-03
1.438521534447145291e-03
1.436290995131152617e-03
1.434063914147084163e-03
1.431840286133783963e-03
1.429620105738404513e-03
1.427403367616393755e-03
1.425190066431483368e-03
1.422980196855674461e-03
1.420773753569226508e-03
1.418570731260642608e-03
1.416371124626657988e-03
1.414174928372227214e-03
1.411982137210510743e-03
1.409792745862863215e-03
1.407606749058819794e-03
1.405424141536083587e-03
1.403244918040513940e-03
1.401069073326112989e-03
1.398896602155012651e-03
1.396727499297463785e-03
1.394561759531821009e-03
1.392399377644532726e-03
1.390240348430126817e-03
1.388084666691198924e-03
1.385932327238399882e-03
1.383783324890422483e-03
1.381637654473990423e-03
1.379495310823845074e-03
1.377356288782732689e-03
1.375220583201392259e-03
1.373088188938543803e-03
1.370959100860874927e-03
1.368833313843029545e-03
1.366710822767594653e-03
1.364591622525088838e-03
1.362475708013948829e-03
1.360363074140518444e-03
1.358253715819035794e-03
1.356147627971621573e-03
1.354044805528265179e-03
1.351945243426815177e-03
1.349848936612964550e-03
1.347755880040240294e-03
1.345666068669990620e-03
1.343579497471372383e-03
1.341496161421340018e-03
1.339416055504632965e-03
1.337339174713763094e-03
1.335265514049003427e-03
1.333195068518376212e-03
1.331127833137639698e-03
1.329063802930277507e-03
1.327002972927485841e-03
1.324945338168162859e-03
1.322890893698894146e-03
1.320839634573943606e-03
1.318791555855239805e-03
1.316746652612364689e-03
1.314704919922541661e-03
1.312666352870624090e-03
1.310630946549082732e-03
1.308598696057994455e-03
1.306569596505030529e-03
1.304543643005444484e-03
1.302520830682061051e-03
1.300501154665263150e-03
1.298484610092981483e-03
1.296471192110682175e-03
1.294460895871355714e-03
1.292453716535503939e-03
1.290449649271130069e-03
1.288448689253726340e-03
1.286450831666262080e-03
1.284456071699172433e-03
1.282464404550346434e-03
1.280475825425116815e-03
1.278490329536246563e-03
1.276507912103918944e-03
1.274528568355724929e-03
1.272552293526651914e-03
1.270579082859073314e-03
1.268608931602735988e-03
1.266641835014749393e-03
1.264677788359573011e-03
1.262716786909007238e-03
1.260758825942179511e-03
1.258803900745534545e-03
1.256852006612822845e-03
1.254903138845088559e-03
1.252957292750659290e-03
1.251014463645133950e-03
1.249074646851371486e-03
1.247137837699480688e-03
1.245204031526807396e-03
1.243273223677924741e-03
1.241345409504621220e-03
1.239420584365888769e-03
1.237498743627913657e-03
1.235579882664063472e-03
1.233663996854876717e-03
1.231751081588051532e-03
1.229841132258434853e-03
1.227934144268011353e-03
1.226030113025891729e-03
1.224129033948302518e-03
1.222230902458574381e-03
1.220335713987131697e-03
1.218443463971481504e-03
1.216554147856201791e-03
1.214667761092931520e-03
1.212784299140358705e-03
1.210903757464210431e-03
1.209026131537241583e-03
1.207151416839223569e-03
1.205279608856934127e-03
1.203410703084145834e-03
1.201544695021615700e-03
1.199681580177074536e-03
1.197821354065215036e-03
1.195964012207682879e-03
1.194109550133063725e-03
1.192257963376874320e-03
1.190409247481551006e-03
1.188563397996438877e-03
1.186720410477780721e-03
1.184880280488708132e-03
1.183043003599228279e-03
1.181208575386215234e-03
1.179376991433398261e-03
1.177548247331351629e-03
1.175722338677484416e-03
1.173899261076028584e-03
1.172079010138030088e-03
1.170261581481336736e-03
1.168446970730589079e-03
1.166635173517208699e-03
1.164826185479388675e-03
1.163020002262082301e-03
1.161216619516992898e-03
1.159416032902563622e-03
1.157618238083966836e-03
1.155823230733093489e-03
1.154031006528543138e-03
1.152241561155612892e-03
1.150454890306287867e-03
1.148670989679229700e-03
1.146889854979767868e-03
1.145111481919887332e-03
1.143335866218220297e-03
1.141563003600034286e-03
1.139792889797222380e-03
1.138025520548293246e-03
1.136260891598360944e-03
1.134498998699133869e-03
1.132739837608905641e-03
1.130983404092544050e-03
1.129229693921480863e-03
1.127478702873702717e-03
1.125730426733739841e-03
1.123984861292655867e-03
1.122242002348038939e-03
1.120501845703990220e-03
1.118764387171114569e-03
1.117029622566509915e-03
1.115297547713758365e-03
1.113568158442914714e-03
1.111841450590497120e-03
1.110117419999476912e-03
1.108396062519269049e-03
1.106677374005721930e-03
1.104961350321106333e-03
1.103247987334107609e-03
1.101537280919813542e-03
1.099829226959705888e-03
1.098123821341650402e-03
1.096421059959885999e-03
1.094720938715015423e-03
1.093023453513995496e-03
1.091328600270127357e-03
1.089636374903046705e-03
1.087946773338712737e-03
1.086259791509400349e-03
1.084575425353689069e-03
1.082893670816453303e-03
1.081214523848853231e-03
1.079537980408324174e-03
1.077864036458567928e-03
1.076192687969542349e-03
1.074523930917451820e-03
1.072857761284737050e-03
1.071194175060066842e-03
1.069533168238327031e-03
1.067874736820610942e-03
1.066218876814211151e-03
1.064565584232608428e-03
1.062914855095462192e-03
1.061266685428602060e-03
1.059621071264017431e-03
1.057978008639847735e-03
1.056337493600373757e-03
1.054699522196007660e-03
1.053064090483283232e-03
1.051431194524846558e-03
1.049800830389446696e-03
1.048172994151926572e-03
1.046547681893212570e-03
1.044924889700305859e-03
1.043304613666273068e-03
1.041686849890236313e-03
1.040071594477364088e-03
1.038458843538861941e-03
1.036848593191963368e-03
1.035240839559919621e-03
1.033635578771991467e-03
1.032032806963439431e-03
1.030432520275514040e-03
1.028834714855447145e-03
1.027239386856442166e-03
1.025646532437665855e-03
1.024056147764237446e-03
1.022468229007221074e-03
1.020882772343615144e-03
1.019299773956344095e-03
1.017719230034249290e-03
1.016141136772078825e-03
1.014565490370479507e-03
1.012992287035986662e-03
1.011421522981016110e-03
1.009853194423854413e-03
1.008287297588649975e-03
1.006723828705403294e-03
1.005162784009959367e-03
1.003604159743997064e-03
1.002047952155020894e-03
1.000494157496352107e-03
9.989427720271193759e-04
9.973937920122492515e-04
9.958472137224587926e-04
9.943030334342447228e-04
9.927612474298758410e-04
9.912218519973830470e-04
9.896848434305517521e-04
9.881502180289110371e-04
9.866179720977269300e-04
9.850881019479915644e-04
9.835606038964160233e-04
9.820354742654197142e-04
9.805127093831234302e-04
9.789923055833387247e-04
9.774742592055601052e-04
9.759585665949564682e-04
9.744452241023612328e-04
9.729342280842647513e-04
9.714255749028045516e-04
9.699192609257573138e-04
9.684152825265295462e-04
9.669136360841495623e-04
9.654143179832579396e-04
9.639173246140996052e-04
9.624226523725144030e-04
9.609302976599293960e-04
9.594402568833489998e-04
9.579525264553473939e-04
9.564671027940593049e-04
9.549839823231715506e-04
9.535031614719144746e-04
9.520246366750532725e-04
9.505484043728796434e-04
9.490744610112025748e-04
9.476028030413409693e-04
9.461334269201136706e-04
9.446663291098321988e-04
9.432015060782916434e-04
9.417389542987618812e-04
9.402786702499797700e-04
9.388206504161404750e-04
9.373648912868883616e-04
9.359113893573096227e-04
9.344601411279231714e-04
9.330111431046721844e-04
9.315643917989159702e-04
9.301198837274214041e-04
9.286776154123547967e-04
9.272375833812731118e-04
9.257997841671161601e-04
9.243642143081977087e-04
9.229308703481973498e-04
9.214997488361522607e-04
9.200708463264492890e-04
9.186441593788158451e-04
9.172196845583118797e-04
9.157974184353219688e-04
9.143773575855469651e-04
9.129594985899956499e-04
9.115438380349763850e-04
9.101303725120889806e-04
9.087190986182167810e-04
9.073100129555180995e-04
9.059031121314181948e-04
9.044983927586009234e-04
9.030958514550011494e-04
9.016954848437959630e-04
9.002972895533968740e-04
8.989012622174416805e-04
8.975073994747864454e-04
8.961156979694971485e-04
8.947261543508417715e-04
8.933387652732822752e-04
8.919535273964664676e-04
8.905704373852201981e-04
8.891894919095387918e-04
8.878106876445796772e-04
8.864340212706541466e-04
8.850594894732191154e-04
8.836870889428694248e-04
8.823168163753300356e-04
8.809486684714474625e-04
8.795826419371825106e-04
8.782187334836020348e-04
8.768569398268709174e-04
8.754972576882446948e-04
8.741396837940607761e-04
8.727842148757313954e-04
8.714308476697354804e-04
8.700795789176105207e-04
8.687304053659451958e-04
8.673833237663711344e-04
8.660383308755554340e-04
8.646954234551927458e-04
8.633545982719972520e-04
8.620158520976949675e-04
8.606791817090165848e-04
8.593445838876886912e-04
8.580120554204267221e-04
8.566815930989273714e-04
8.553531937198602430e-04
8.540268540848604782e-04
8.527025710005210583e-04
8.513803412783852147e-04
8.500601617349387313e-04
8.487420291916019212e-04
8.474259404747224713e-04
8.461118924155674190e-04
8.447998818503159963e-04
8.434899056200516072e-04
8.421819605707542376e-04
8.408760435532933002e-04
8.395721514234191774e-04
8.382702810417568245e-04
8.369704292737973131e-04
8.356725929898906752e-04
8.343767690652383138e-04
8.330829543798850883e-04
8.317911458187128093e-04
8.305013402714316734e-04
8.292135346325735408e-04
8.279277258014836960e-04
8.266439106823142337e-04
8.253620861840161443e-04
8.240822492203318328e-04
8.228043967097877463e-04
8.215285255756873267e-04
8.202546327461029876e-04
8.189827151538692836e-04
8.177127697365749962e-04
8.164447934365564111e-04
8.151787832008891869e-04
8.139147359813819586e-04
8.126526487345680973e-04
8.113925184216987715e-04
8.101343420087356827e-04
8.088781164663440184e-04
8.076238387698843205e-04
8.063715058994060884e-04
8.051211148396401895e-04
8.038726625799914871e-04
8.026261461145315756e-04
8.013815624419920588e-04
8.001389085657564185e-04
7.988981814938537259e-04
7.976593782389508353e-04
7.964224958183455539e-04
7.951875312539591605e-04
7.939544815723296838e-04
7.927233438046040956e-04
7.914941149865316978e-04
7.902667921584568579e-04
7.890413723653117448e-04
7.878178526566094984e-04
7.865962300864367488e-04
7.853765017134470023e-04
7.841586646008531607e-04
7.829427158164206906e-04
7.817286524324600343e-04
7.805164715258207549e-04
7.793061701778830792e-04
7.780977454745521523e-04
7.768911945062499051e-04
7.756865143679087665e-04
7.744837021589645078e-04
7.732827549833494116e-04
7.720836699494847914e-04
7.708864441702744860e-04
7.696910747630979210e-04
7.684975588498031696e-04
7.673058935566993630e-04
7.661160760145510531e-04
7.649281033585699722e-04
7.637419727284091783e-04
7.625576812681553575e-04
7.613752261263226438e-04
7.601946044558453549e-04
7.590158134140711620e-04
7.578388501627544762e-04
7.566637118680494007e-04
7.554903957005029008e-04
7.543188988350481902e-04
7.531492184509977917e-04
7.519813517320368158e-04
7.508152958662159130e-04
7.496510480459450936e-04
7.484886054679864642e-04
7.473279653334476136e-04
7.461691248477749991e-04
7.450120812207471164e-04
7.438568316664675604e-04
7.427033734033587371e-04
7.415517036541551411e-04
7.404018196458964172e-04
7.392537186099207465e-04
7.381073977818582328e-04
7.369628544016242891e-04
7.358200857134130236e-04
7.346790889656904097e-04
7.335398614111878889e-04
7.324024003068955405e-04
7.312667029140561183e-04
7.301327664981571361e-04
7.290005883289257717e-04
7.278701656803214948e-04
7.267414958305294529e-04
7.256145760619541829e-04
7.244894036612132149e-04
7.233659759191301327e-04
7.222442901307281771e-04
7.211243435952241747e-04
7.200061336160212735e-04
7.188896575007030880e-04
7.177749125610271945e-04
7.166618961129178665e-04
7.155506054764607625e-04
7.144410379758957697e-04
7.133331909396107163e-04
7.122270617001349741e-04
7.111226475941327370e-04
7.100199459623974911e-04
7.089189541498444255e-04
7.078196695055050114e-04
7.067220893825200629e-04
7.056262111381336657e-04
7.045320321336866719e-04
7.034395497346104115e-04
7.023487613104202956e-04
7.012596642347093115e-04
7.001722558851422758e-04
6.990865336434488961e-04
6.980024948954181331e-04
6.969201370308909359e-04
6.958394574437547133e-04
6.947604535319374785e-04
6.936831226974000432e-04
6.926074623461313555e-04
6.915334698881414523e-04
6.904611427374553884e-04
6.893904783121069472e-04
6.883214740341328953e-04
6.872541273295657178e-04
6.861884356284286314e-04
6.851243963647286449e-04
6.840620069764507052e-04
6.830012649055511916e-04
6.819421675979524949e-04
6.808847125035358619e-04
6.798288970761358655e-04
6.787747187735344422e-04
6.777221750574543863e-04
6.766712633935532788e-04
6.756219812514175239e-04
6.745743261045563863e-04
6.735282954303954857e-04
6.724838867102711591e-04
6.714410974294241722e-04
6.703999250769936483e-04
6.693603671460114299e-04
6.683224211333952487e-04
6.672860845399436296e-04
6.662513548703289518e-04
6.652182296330923532e-04
6.641867063406370082e-04
6.631567825092223815e-04
6.621284556589585903e-04
6.611017233137997905e-04
6.600765830015390811e-04
6.590530322538015653e-04
6.580310686060390378e-04
6.570106895975238049e-04
6.559918927713432636e-04
6.549746756743931794e-04
6.539590358573723738e-04
6.529449708747764357e-04
6.519324782848924093e-04
6.509215556497923967e-04
6.499122005353278123e-04
6.489044105111234188e-04
6.478981831505721241e-04
6.468935160308282584e-04
6.458904067328020450e-04
6.448888528411541796e-04
6.438888519442895414e-04
6.428904016343515559e-04
6.418934995072166647e-04
6.408981431624878209e-04
6.399043302034893932e-04
6.389120582372613110e-04
6.379213248745528846e-04
6.369321277298173843e-04
6.359444644212066192e-04
6.349583325705644319e-04
6.339737298034216033e-04
6.329906537489897803e-04
6.320091020401558384e-04
6.310290723134767861e-04
6.300505622091729339e-04
6.290735693711230160e-04
6.280980914468585518e-04
6.271241260875576665e-04
6.261516709480401035e-04
6.251807236867606109e-04
6.242112819658046045e-04
6.232433434508813375e-04
6.222769058113193467e-04
6.213119667200595140e-04
6.203485238536511626e-04
6.193865748922446849e-04
6.184261175195874226e-04
6.174671494230172695e-04
6.165096682934573594e-04
6.155536718254104277e-04
6.145991577169533909e-04
6.136461236697319252e-04
6.126945673889542870e-04
6.117444865833865418e-04
6.107958789653468185e-04
6.098487422506995628e-04
6.089030741588505498e-04
6.079588724127404876e-04
6.070161347388406802e-04
6.060748588671465223e-04
6.051350425311731625e-04
6.041966834679485645e-04
6.032597794180096038e-04
6.023243281253955628e-04
6.013903273376429263e-04
6.004577748057807196e-04
5.995266682843236779e-04
5.985970055312680180e-04
5.976687843080858006e-04
5.967420023797191837e-04
5.958166575145753272e-04
5.948927474845207546e-04
5.939702700648766915e-04
5.930492230344126684e-04
5.921296041753419670e-04
5.912114112733163080e-04
5.902946421174196708e-04
5.893792945001641737e-04
5.884653662174834602e-04
5.875528550687285790e-04
5.866417588566621294e-04
5.857320753874529487e-04
5.848238024706707994e-04
5.839169379192813824e-04
5.830114795496408068e-04
5.821074251814906033e-04
5.812047726379519774e-04
5.803035197455211477e-04
5.794036643340639246e-04
5.785052042368101811e-04
5.776081372903490822e-04
5.767124613346235554e-04
5.758181742129255204e-04
5.749252737718899258e-04
5.740337578614904124e-04
5.731436243350334584e-04
5.722548710491539344e-04
5.713674958638091401e-04
5.704814966422743589e-04
5.695968712511371122e-04
5.687136175602923883e-04
5.678317334429376553e-04
5.669512167755674402e-04
5.660720654379680162e-04
5.651942773132130659e-04
5.643178502876577182e-04
5.634427822509341030e-04
5.625690710959459304e-04
5.616967147188635032e-04
5.608257110191187294e-04
5.599560578994000268e-04
5.590877532656471187e-04
5.582207950270462633e-04
5.573551810960250498e-04
5.564909093882474105e-04
5.556279778226085259e-04
5.547663843212299450e-04
5.539061268094548152e-04
5.530472032158421361e-04
5.521896114721625308e-04
5.513333495133930420e-04
5.504784152777118193e-04
5.496248067064936739e-04
5.487725217443049832e-04
5.479215583388983776e-04
5.470719144412082959e-04
5.462235880053457806e-04
5.453765769885935994e-04
5.445308793514013661e-04
5.436864930573805533e-04
5.428434160732997218e-04
5.420016463690794251e-04
5.411611819177876556e-04
5.403220206956346403e-04
5.394841606819681789e-04
5.386475998592684397e-04
5.378123362131437312e-04
5.369783677323249722e-04
5.361456924086611389e-04
5.353143082371149275e-04
5.344842132157568999e-04
5.336554053457613633e-04
5.328278826314017088e-04
5.320016430800449895e-04
5.311766847021476929e-04
5.303530055112504280e-04
5.295306035239736968e-04
5.287094767600125818e-04
5.278896232421327345e-04
5.270710409961645209e-04
5.262537280509992262e-04
5.254376824385840680e-04
5.246229021939169922e-04
5.238093853550427692e-04
5.229971299630474654e-04
5.221861340620542139e-04
5.213763956992182279e-04
5.205679129247225718e-04
5.197606837917727405e-04
5.189547063565927562e-04
5.181499786784197472e-04
5.173464988194998284e-04
5.165442648450832216e-04
5.157432748234198113e-04
5.149435268257539396e-04
5.141450189263202866e-04
5.133477492023394255e-04
5.125517157340121841e-04
5.117569166045161759e-04
5.109633499000008124e-04
5.101710137095820993e-04
5.093799061253388412e-04
5.085900252423077635e-04
5.078013691584787413e-04
5.070139359747905710e-04
5.062277237951259834e-04
5.054427307263076319e-04
5.046589548780926714e-04
5.038763943631692889e-04
5.030950472971512828e-04
5.023149117985741593e-04
5.015359859888900368e-04
5.007582679924635263e-04
4.999817559365669602e-04
4.992064479513762731e-04
4.984323421699660139e-04
4.976594367283051178e-04
4.968877297652523522e-04
4.961172194225521971e-04
4.953479038448295327e-04
4.945797811795859525e-04
4.938128495771952099e-04
4.930471071908982313e-04
4.922825521767992124e-04
4.915191826938609563e-04
4.907569969039006453e-04
4.899959929715850702e-04
4.892361690644265104e-04
4.884775233527780718e-04
4.877200540098296754e-04
4.873809140926075277e-04
