0.000000000000000000e+00
4.084746250302774187e-05
8.169492500605548375e-05
1.633898500121109675e-04
2.450847750181664648e-04
3.267797000242219350e-04
1.143728950084776800e-03
1.960678200145331718e-03
2.777627450205886420e-03
3.594576700266441122e-03
5.147478846689781257e-03
6.700380993113121825e-03
8.253283139536462393e-03
9.806185285959802961e-03
1.135908743238314353e-02
1.397923786281208072e-02
1.659938829324101792e-02
1.921953872366995511e-02
2.183968915409889230e-02
2.445983958452782950e-02
2.707999001495676669e-02
2.970014044538570389e-02
3.232029087581464455e-02
3.494044130624358174e-02
3.796170038688552462e-02
4.098295946752746749e-02
4.400421854816941036e-02
4.702547762881135324e-02
5.004673670945329611e-02
5.425338742467188113e-02
5.846003813989046616e-02
6.266668885510905118e-02
6.687333957032763621e-02
7.107999028554622123e-02
7.528664100076480625e-02
8.069757833929351587e-02
8.610851567782222549e-02
9.151945301635093510e-02
9.693039035487964472e-02
1.023413276934083543e-01
1.065899357195363301e-01
1.108385437456643058e-01
1.150871517717922815e-01
1.193357597979202572e-01
1.255527683367274883e-01
1.317697768755347054e-01
1.379867854143419226e-01
1.519561088834240625e-01
1.659254323525062025e-01
1.798947558215883424e-01
1.938640792906704824e-01
2.017500143368363419e-01
2.096359493830022014e-01
2.175218844291680609e-01
2.254078194753339204e-01
2.324846956102956663e-01
2.395615717452574123e-01
2.466384478802191582e-01
2.643973768638218091e-01
2.821563058474244601e-01
2.999152348310271110e-01
3.176741638146297619e-01
3.320095574712024766e-01
3.463449511277751913e-01
3.606803447843479060e-01
3.750157384409206207e-01
3.803376530520741206e-01
3.856595676632276204e-01
3.909814822743811202e-01
4.022177750839541766e-01
4.134540678935272329e-01
4.246903607031002892e-01
4.359266535126733455e-01
4.420750921580685611e-01
4.482235308034637766e-01
4.543719694488589922e-01
4.695726466058907089e-01
4.847733237629224257e-01
4.999740009199541424e-01
5.151746780769858036e-01
5.203364896294595532e-01
5.254983011819333028e-01
5.306601127344070523e-01
5.359933849960774044e-01
5.413266572577477564e-01
5.466599295194181085e-01
5.644694874178171062e-01
5.822790453162161040e-01
6.000886032146151017e-01
6.178981611130140994e-01
6.314471072484501013e-01
6.449960533838861032e-01
6.585449995193221051e-01
6.720939456547581070e-01
6.773089170546656712e-01
6.825238884545732354e-01
6.877388598544807996e-01
6.939868032894978001e-01
7.002347467245148005e-01
7.064826901595318009e-01
7.308614305382021836e-01
7.552401709168725663e-01
7.613348560115401620e-01
7.674295411062077577e-01
7.735242262008753533e-01
7.796189112955429490e-01
7.847186781078064888e-01
7.898184449200700286e-01
7.949182117323335683e-01
8.104178865586223468e-01
8.259175613849111253e-01
8.414172362111999037e-01
8.569169110374886822e-01
8.654517329032507256e-01
8.739865547690127690e-01
8.825213766347748123e-01
8.965821325865306335e-01
9.106428885382864546e-01
9.247036444900422758e-01
9.568394434911694502e-01
9.648733932414512715e-01
9.729073429917330929e-01
9.809412927420149142e-01
9.889752424922967355e-01
9.940728276375172534e-01
9.991704127827377713e-01
9.994890118543140467e-01
9.998076109258903221e-01
9.998450429423384467e-01
9.998824749587865712e-01
9.999573389916828203e-01
9.999699941867303821e-01
9.999826493817779438e-01
9.999877114597969241e-01
9.999927735378159044e-01
1.000002897693853976e+00
1.000013021849891937e+00
1.000023146005929897e+00
1.000124387566310391e+00
1.000225629126690885e+00
1.000326870687071379e+00
1.001339286290876096e+00
1.002351701894680813e+00
1.003364117498485530e+00
1.004376533102290248e+00
1.007125951335052116e+00
1.009875369567813985e+00
1.012624787800575854e+00
1.015374206033337723e+00
1.018123624266099592e+00
1.021565277898547119e+00
1.025006931530994647e+00
1.028448585163442175e+00
1.031890238795889703e+00
1.035331892428337230e+00
1.039449239044548001e+00
1.043566585660758772e+00
1.047683932276969543e+00
1.051801278893180314e+00
1.056274911964875773e+00
1.060748545036571233e+00
1.065222178108266693e+00
1.069695811179962153e+00
1.077098135220190045e+00
1.084500459260417937e+00
1.091902783300645829e+00
1.099305107340873722e+00
1.106769141435719250e+00
1.114233175530564779e+00
1.121697209625410308e+00
1.129508355441492418e+00
1.137319501257574528e+00
1.145130647073656638e+00
1.152949140628863667e+00
1.160767634184070696e+00
1.168586127739277725e+00
1.209607293643497394e+00
1.250628459547717064e+00
1.291649625451936734e+00
1.353017426605724882e+00
1.414385227759513031e+00
1.475753028913301179e+00
1.537120830067089328e+00
1.637120830067089416e+00
1.737120830067089505e+00
1.837120830067089594e+00
1.937120830067089683e+00
2.037120830067089550e+00
2.137120830067089639e+00
2.237120830067089727e+00
2.337120830067089816e+00
2.437120830067089905e+00
2.537120830067089994e+00
2.637120830067090083e+00
2.737120830067090171e+00
2.837120830067090260e+00
2.937120830067090349e+00
3.037120830067090438e+00
3.137120830067090527e+00
3.237120830067090616e+00
3.337120830067090704e+00
3.437120830067090793e+00
3.537120830067090882e+00
3.637120830067090971e+00
3.737120830067091060e+00
3.837120830067091148e+00
3.937120830067091237e+00
4.037120830067091326e+00
4.137120830067090971e+00
4.237120830067090616e+00
4.337120830067090260e+00
4.437120830067089905e+00
4.537120830067089550e+00
4.637120830067089194e+00
4.737120830067088839e+00
4.837120830067088484e+00
4.937120830067088129e+00
5.037120830067087773e+00
5.137120830067087418e+00
5.237120830067087063e+00
5.337120830067086708e+00
5.437120830067086352e+00
5.537120830067085997e+00
5.637120830067085642e+00
5.737120830067085286e+00
5.837120830067084931e+00
5.937120830067084576e+00
6.037120830067084221e+00
6.137120830067083865e+00
6.237120830067083510e+00
6.337120830067083155e+00
6.437120830067082800e+00
6.537120830067082444e+00
6.637120830067082089e+00
6.737120830067081734e+00
6.837120830067081378e+00
6.937120830067081023e+00
7.037120830067080668e+00
7.137120830067080313e+00
7.237120830067079957e+00
7.337120830067079602e+00
7.437120830067079247e+00
7.537120830067078892e+00
7.637120830067078536e+00
7.737120830067078181e+00
7.837120830067077826e+00
7.937120830067077470e+00
8.037120830067078003e+00
8.137120830067077648e+00
8.237120830067077293e+00
8.337120830067076938e+00
8.437120830067076582e+00
8.537120830067076227e+00
8.637120830067075872e+00
8.737120830067075516e+00
8.837120830067075161e+00
8.937120830067074806e+00
9.037120830067074451e+00
9.137120830067074095e+00
9.237120830067073740e+00
9.337120830067073385e+00
9.437120830067073030e+00
9.537120830067072674e+00
9.637120830067072319e+00
9.737120830067071964e+00
9.837120830067071608e+00
9.937120830067071253e+00
1.003712083006707090e+01
1.013712083006707054e+01
1.023712083006707019e+01
1.033712083006706983e+01
1.043712083006706948e+01
1.053712083006706912e+01
1.063712083006706877e+01
1.073712083006706841e+01
1.083712083006706806e+01
1.093712083006706770e+01
1.103712083006706735e+01
1.113712083006706699e+01
1.123712083006706663e+01
1.133712083006706628e+01
1.143712083006706592e+01
1.153712083006706557e+01
1.163712083006706521e+01
1.173712083006706486e+01
1.183712083006706450e+01
1.193712083006706415e+01
1.203712083006706379e+01
1.213712083006706344e+01
1.223712083006706308e+01
1.233712083006706273e+01
1.243712083006706237e+01
1.253712083006706202e+01
1.263712083006706166e+01
1.273712083006706131e+01
1.283712083006706095e+01
1.293712083006706060e+01
1.303712083006706024e+01
1.313712083006705988e+01
1.323712083006705953e+01
1.333712083006705917e+01
1.343712083006705882e+01
1.353712083006705846e+01
1.363712083006705811e+01
1.373712083006705775e+01
1.383712083006705740e+01
1.393712083006705704e+01
1.403712083006705669e+01
1.413712083006705633e+01
1.423712083006705598e+01
1.433712083006705562e+01
1.443712083006705527e+01
1.453712083006705491e+01
1.463712083006705456e+01
1.473712083006705420e+01
1.483712083006705384e+01
1.493712083006705349e+01
1.503712083006705313e+01
1.513712083006705278e+01
1.523712083006705242e+01
1.533712083006705207e+01
1.543712083006705171e+01
1.553712083006705136e+01
1.563712083006705100e+01
1.573712083006705065e+01
1.583712083006705029e+01
1.593712083006704994e+01
1.603712083006704958e+01
1.613712083006705100e+01
1.623712083006705242e+01
1.633712083006705384e+01
1.643712083006705527e+01
1.653712083006705669e+01
1.663712083006705811e+01
1.673712083006705953e+01
1.683712083006706095e+01
1.693712083006706237e+01
1.703712083006706379e+01
1.713712083006706521e+01
1.723712083006706663e+01
1.733712083006706806e+01
1.743712083006706948e+01
1.753712083006707090e+01
1.763712083006707232e+01
1.773712083006707374e+01
1.783712083006707516e+01
1.793712083006707658e+01
1.803712083006707800e+01
1.813712083006707942e+01
1.823712083006708085e+01
1.833712083006708227e+01
1.843712083006708369e+01
1.853712083006708511e+01
1.863712083006708653e+01
1.873712083006708795e+01
1.883712083006708937e+01
1.893712083006709079e+01
1.903712083006709221e+01
1.913712083006709364e+01
1.923712083006709506e+01
1.933712083006709648e+01
1.943712083006709790e+01
1.953712083006709932e+01
1.963712083006710074e+01
1.973712083006710216e+01
1.983712083006710358e+01
1.993712083006710500e+01
2.003712083006710643e+01
2.013712083006710785e+01
2.023712083006710927e+01
2.033712083006711069e+01
2.043712083006711211e+01
2.053712083006711353e+01
2.063712083006711495e+01
2.073712083006711637e+01
2.083712083006711779e+01
2.093712083006711921e+01
2.103712083006712064e+01
2.113712083006712206e+01
2.123712083006712348e+01
2.133712083006712490e+01
2.143712083006712632e+01
2.153712083006712774e+01
2.163712083006712916e+01
2.173712083006713058e+01
2.183712083006713200e+01
2.193712083006713343e+01
2.203712083006713485e+01
2.213712083006713627e+01
2.223712083006713769e+01
2.233712083006713911e+01
2.243712083006714053e+01
2.253712083006714195e+01
2.263712083006714337e+01
2.273712083006714479e+01
2.283712083006714622e+01
2.293712083006714764e+01
2.303712083006714906e+01
2.313712083006715048e+01
2.323712083006715190e+01
2.333712083006715332e+01
2.343712083006715474e+01
2.353712083006715616e+01
2.363712083006715758e+01
2.373712083006715901e+01
2.383712083006716043e+01
2.393712083006716185e+01
2.403712083006716327e+01
2.413712083006716469e+01
2.423712083006716611e+01
2.433712083006716753e+01
2.443712083006716895e+01
2.453712083006717037e+01
2.463712083006717180e+01
2.473712083006717322e+01
2.483712083006717464e+01
2.493712083006717606e+01
2.503712083006717748e+01
2.513712083006717890e+01
2.523712083006718032e+01
2.533712083006718174e+01
2.543712083006718316e+01
2.553712083006718458e+01
2.563712083006718601e+01
2.573712083006718743e+01
2.583712083006718885e+01
2.593712083006719027e+01
2.603712083006719169e+01
2.613712083006719311e+01
2.623712083006719453e+01
2.633712083006719595e+01
2.643712083006719737e+01
2.653712083006719880e+01
2.663712083006720022e+01
2.673712083006720164e+01
2.683712083006720306e+01
2.693712083006720448e+01
2.703712083006720590e+01
2.713712083006720732e+01
2.723712083006720874e+01
2.733712083006721016e+01
2.743712083006721159e+01
2.753712083006721301e+01
2.763712083006721443e+01
2.773712083006721585e+01
2.783712083006721727e+01
2.793712083006721869e+01
2.803712083006722011e+01
2.813712083006722153e+01
2.823712083006722295e+01
2.833712083006722438e+01
2.843712083006722580e+01
2.853712083006722722e+01
2.863712083006722864e+01
2.873712083006723006e+01
2.883712083006723148e+01
2.893712083006723290e+01
2.903712083006723432e+01
2.913712083006723574e+01
2.923712083006723716e+01
2.933712083006723859e+01
2.943712083006724001e+01
2.953712083006724143e+01
2.963712083006724285e+01
2.973712083006724427e+01
2.983712083006724569e+01
2.993712083006724711e+01
3.003712083006724853e+01
3.013712083006724995e+01
3.023712083006725138e+01
3.033712083006725280e+01
3.043712083006725422e+01
3.053712083006725564e+01
3.063712083006725706e+01
3.073712083006725848e+01
3.083712083006725990e+01
3.093712083006726132e+01
3.103712083006726274e+01
3.113712083006726417e+01
3.123712083006726559e+01
3.133712083006726701e+01
3.143712083006726843e+01
3.153712083006726985e+01
3.163712083006727127e+01
3.173712083006727269e+01
3.183712083006727411e+01
3.193712083006727553e+01
3.203712083006727340e+01
3.213712083006727482e+01
3.223712083006727624e+01
3.233712083006727767e+01
3.243712083006727909e+01
3.253712083006728051e+01
3.263712083006728193e+01
3.273712083006728335e+01
3.283712083006728477e+01
3.293712083006728619e+01
3.303712083006728761e+01
3.313712083006728903e+01
3.323712083006729046e+01
3.333712083006729188e+01
3.343712083006729330e+01
3.353712083006729472e+01
3.363712083006729614e+01
3.373712083006729756e+01
3.383712083006729898e+01
3.393712083006730040e+01
3.403712083006730182e+01
3.413712083006730325e+01
3.423712083006730467e+01
3.433712083006730609e+01
3.443712083006730751e+01
3.453712083006730893e+01
3.463712083006731035e+01
3.473712083006731177e+01
3.483712083006731319e+01
3.493712083006731461e+01
3.503712083006731604e+01
3.513712083006731746e+01
3.523712083006731888e+01
3.533712083006732030e+01
3.543712083006732172e+01
3.553712083006732314e+01
3.563712083006732456e+01
3.573712083006732598e+01
3.583712083006732740e+01
3.593712083006732882e+01
3.603712083006733025e+01
3.613712083006733167e+01
3.623712083006733309e+01
3.633712083006733451e+01
3.643712083006733593e+01
3.653712083006733735e+01
3.663712083006733877e+01
3.673712083006734019e+01
3.683712083006734161e+01
3.693712083006734304e+01
3.703712083006734446e+01
3.713712083006734588e+01
3.723712083006734730e+01
3.733712083006734872e+01
3.743712083006735014e+01
3.753712083006735156e+01
3.763712083006735298e+01
3.773712083006735440e+01
3.783712083006735583e+01
3.793712083006735725e+01
3.803712083006735867e+01
3.813712083006736009e+01
3.823712083006736151e+01
3.833712083006736293e+01
3.843712083006736435e+01
3.853712083006736577e+01
3.863712083006736719e+01
3.873712083006736862e+01
3.883712083006737004e+01
3.893712083006737146e+01
3.903712083006737288e+01
3.913712083006737430e+01
3.923712083006737572e+01
3.933712083006737714e+01
3.943712083006737856e+01
3.953712083006737998e+01
3.963712083006738141e+01
3.973712083006738283e+01
3.983712083006738425e+01
3.993712083006738567e+01
4.003712083006738709e+01
4.013712083006738851e+01
4.023712083006738993e+01
4.033712083006739135e+01
4.043712083006739277e+01
4.053712083006739419e+01
4.063712083006739562e+01
4.073712083006739704e+01
4.083712083006739846e+01
4.093712083006739988e+01
4.103712083006740130e+01
4.113712083006740272e+01
4.123712083006740414e+01
4.133712083006740556e+01
4.143712083006740698e+01
4.153712083006740841e+01
4.163712083006740983e+01
4.173712083006741125e+01
4.183712083006741267e+01
4.193712083006741409e+01
4.203712083006741551e+01
4.213712083006741693e+01
4.223712083006741835e+01
4.233712083006741977e+01
4.243712083006742120e+01
4.253712083006742262e+01
4.263712083006742404e+01
4.273712083006742546e+01
4.283712083006742688e+01
4.293712083006742830e+01
4.303712083006742972e+01
4.313712083006743114e+01
4.323712083006743256e+01
4.333712083006743399e+01
4.343712083006743541e+01
4.353712083006743683e+01
4.363712083006743825e+01
4.373712083006743967e+01
4.383712083006744109e+01
4.393712083006744251e+01
4.403712083006744393e+01
4.413712083006744535e+01
4.423712083006744678e+01
4.433712083006744820e+01
4.443712083006744962e+01
4.453712083006745104e+01
4.463712083006745246e+01
4.473712083006745388e+01
4.483712083006745530e+01
4.493712083006745672e+01
4.503712083006745814e+01
4.513712083006745956e+01
4.523712083006746099e+01
4.533712083006746241e+01
4.543712083006746383e+01
4.553712083006746525e+01
4.563712083006746667e+01
4.573712083006746809e+01
4.583712083006746951e+01
4.593712083006747093e+01
4.603712083006747235e+01
4.613712083006747378e+01
4.623712083006747520e+01
4.633712083006747662e+01
4.643712083006747804e+01
4.653712083006747946e+01
4.663712083006748088e+01
4.673712083006748230e+01
4.683712083006748372e+01
4.693712083006748514e+01
4.703712083006748657e+01
4.713712083006748799e+01
4.723712083006748941e+01
4.733712083006749083e+01
4.743712083006749225e+01
4.753712083006749367e+01
4.763712083006749509e+01
4.773712083006749651e+01
4.783712083006749793e+01
4.793712083006749936e+01
4.803712083006750078e+01
4.813712083006750220e+01
4.823712083006750362e+01
4.833712083006750504e+01
4.843712083006750646e+01
4.853712083006750788e+01
4.863712083006750930e+01
4.873712083006751072e+01
4.883712083006751214e+01
4.893712083006751357e+01
4.903712083006751499e+01
4.913712083006751641e+01
4.923712083006751783e+01
4.933712083006751925e+01
4.943712083006752067e+01
4.953712083006752209e+01
4.963712083006752351e+01
4.973712083006752493e+01
4.983712083006752636e+01
4.993712083006752778e+01
5.003712083006752920e+01
5.013712083006753062e+01
5.023712083006753204e+01
5.033712083006753346e+01
5.043712083006753488e+01
5.053712083006753630e+01
5.063712083006753772e+01
5.073712083006753915e+01
5.083712083006754057e+01
5.093712083006754199e+01
5.103712083006754341e+01
5.113712083006754483e+01
5.123712083006754625e+01
5.133712083006754767e+01
5.143712083006754909e+01
5.153712083006755051e+01
5.163712083006755194e+01
5.173712083006755336e+01
5.183712083006755478e+01
5.193712083006755620e+01
5.203712083006755762e+01
5.213712083006755904e+01
5.223712083006756046e+01
5.233712083006756188e+01
5.243712083006756330e+01
5.253712083006756473e+01
5.263712083006756615e+01
5.273712083006756757e+01
5.283712083006756899e+01
5.293712083006757041e+01
5.303712083006757183e+01
5.313712083006757325e+01
5.323712083006757467e+01
5.333712083006757609e+01
5.343712083006757751e+01
5.353712083006757894e+01
5.363712083006758036e+01
5.373712083006758178e+01
5.383712083006758320e+01
5.393712083006758462e+01
5.403712083006758604e+01
5.413712083006758746e+01
5.423712083006758888e+01
5.433712083006759030e+01
5.443712083006759173e+01
5.453712083006759315e+01
5.463712083006759457e+01
5.473712083006759599e+01
5.483712083006759741e+01
5.493712083006759883e+01
5.503712083006760025e+01
5.513712083006760167e+01
5.523712083006760309e+01
5.533712083006760452e+01
5.543712083006760594e+01
5.553712083006760736e+01
5.563712083006760878e+01
5.573712083006761020e+01
5.583712083006761162e+01
5.593712083006761304e+01
5.603712083006761446e+01
5.613712083006761588e+01
5.623712083006761731e+01
5.633712083006761873e+01
5.643712083006762015e+01
5.653712083006762157e+01
5.663712083006762299e+01
5.673712083006762441e+01
5.683712083006762583e+01
5.693712083006762725e+01
5.703712083006762867e+01
5.713712083006763010e+01
5.723712083006763152e+01
5.733712083006763294e+01
5.743712083006763436e+01
5.753712083006763578e+01
5.763712083006763720e+01
5.773712083006763862e+01
5.783712083006764004e+01
5.793712083006764146e+01
5.803712083006764288e+01
5.813712083006764431e+01
5.823712083006764573e+01
5.833712083006764715e+01
5.843712083006764857e+01
5.853712083006764999e+01
5.863712083006765141e+01
5.873712083006765283e+01
5.883712083006765425e+01
5.893712083006765567e+01
5.903712083006765710e+01
5.913712083006765852e+01
5.923712083006765994e+01
5.933712083006766136e+01
5.943712083006766278e+01
5.953712083006766420e+01
5.963712083006766562e+01
5.973712083006766704e+01
5.983712083006766846e+01
5.993712083006766989e+01
6.003712083006767131e+01
6.013712083006767273e+01
6.023712083006767415e+01
6.033712083006767557e+01
6.043712083006767699e+01
6.053712083006767841e+01
6.063712083006767983e+01
6.073712083006768125e+01
6.083712083006768268e+01
6.093712083006768410e+01
6.103712083006768552e+01
6.113712083006768694e+01
6.123712083006768836e+01
6.133712083006768978e+01
6.143712083006769120e+01
6.153712083006769262e+01
6.163712083006769404e+01
6.173712083006769547e+01
6.183712083006769689e+01
6.193712083006769831e+01
6.203712083006769973e+01
6.213712083006770115e+01
6.223712083006770257e+01
6.233712083006770399e+01
6.243712083006770541e+01
6.253712083006770683e+01
6.263712083006770825e+01
6.273712083006770968e+01
6.283712083006771110e+01
6.293712083006771252e+01
6.303712083006771394e+01
6.313712083006771536e+01
6.323712083006771678e+01
6.333712083006771820e+01
6.343712083006771962e+01
6.353712083006772104e+01
6.363712083006772247e+01
6.373712083006772389e+01
6.383712083006772531e+01
6.393712083006772673e+01
6.403712083006772104e+01
6.413712083006771536e+01
6.423712083006770968e+01
6.433712083006770399e+01
6.443712083006769831e+01
6.453712083006769262e+01
6.463712083006768694e+01
6.473712083006768125e+01
6.483712083006767557e+01
6.493712083006766989e+01
6.503712083006766420e+01
6.513712083006765852e+01
6.523712083006765283e+01
6.533712083006764715e+01
6.543712083006764146e+01
6.553712083006763578e+01
6.563712083006763010e+01
6.573712083006762441e+01
6.583712083006761873e+01
6.593712083006761304e+01
6.603712083006760736e+01
6.613712083006760167e+01
6.623712083006759599e+01
6.633712083006759030e+01
6.643712083006758462e+01
6.653712083006757894e+01
6.663712083006757325e+01
6.673712083006756757e+01
6.683712083006756188e+01
6.693712083006755620e+01
6.703712083006755051e+01
6.713712083006754483e+01
6.723712083006753915e+01
6.733712083006753346e+01
6.743712083006752778e+01
6.753712083006752209e+01
6.763712083006751641e+01
6.773712083006751072e+01
6.783712083006750504e+01
6.793712083006749936e+01
6.803712083006749367e+01
6.813712083006748799e+01
6.823712083006748230e+01
6.833712083006747662e+01
6.843712083006747093e+01
6.853712083006746525e+01
6.863712083006745956e+01
6.873712083006745388e+01
6.883712083006744820e+01
6.893712083006744251e+01
6.903712083006743683e+01
6.913712083006743114e+01
6.923712083006742546e+01
6.933712083006741977e+01
6.943712083006741409e+01
6.953712083006740841e+01
6.963712083006740272e+01
6.973712083006739704e+01
6.983712083006739135e+01
6.993712083006738567e+01
7.003712083006737998e+01
7.013712083006737430e+01
7.023712083006736862e+01
7.033712083006736293e+01
7.043712083006735725e+01
7.053712083006735156e+01
7.063712083006734588e+01
7.073712083006734019e+01
7.083712083006733451e+01
7.093712083006732882e+01
7.103712083006732314e+01
7.113712083006731746e+01
7.123712083006731177e+01
7.133712083006730609e+01
7.143712083006730040e+01
7.153712083006729472e+01
7.163712083006728903e+01
7.173712083006728335e+01
7.183712083006727767e+01
7.193712083006727198e+01
7.203712083006726630e+01
7.213712083006726061e+01
7.223712083006725493e+01
7.233712083006724924e+01
7.243712083006724356e+01
7.253712083006723788e+01
7.263712083006723219e+01
7.273712083006722651e+01
7.283712083006722082e+01
7.293712083006721514e+01
7.303712083006720945e+01
7.313712083006720377e+01
7.323712083006719809e+01
7.333712083006719240e+01
7.343712083006718672e+01
7.353712083006718103e+01
7.363712083006717535e+01
7.373712083006716966e+01
7.383712083006716398e+01
7.393712083006715829e+01
7.403712083006715261e+01
7.413712083006714693e+01
7.423712083006714124e+01
7.433712083006713556e+01
7.443712083006712987e+01
7.453712083006712419e+01
7.463712083006711850e+01
7.473712083006711282e+01
7.483712083006710714e+01
7.493712083006710145e+01
7.503712083006709577e+01
7.513712083006709008e+01
7.523712083006708440e+01
7.533712083006707871e+01
7.543712083006707303e+01
7.553712083006706735e+01
7.563712083006706166e+01
7.573712083006705598e+01
7.583712083006705029e+01
7.593712083006704461e+01
7.603712083006703892e+01
7.613712083006703324e+01
7.623712083006702755e+01
7.633712083006702187e+01
7.643712083006701619e+01
7.653712083006701050e+01
7.663712083006700482e+01
7.673712083006699913e+01
7.683712083006699345e+01
7.693712083006698776e+01
7.703712083006698208e+01
7.713712083006697640e+01
7.723712083006697071e+01
7.733712083006696503e+01
7.743712083006695934e+01
7.753712083006695366e+01
7.763712083006694797e+01
7.773712083006694229e+01
7.783712083006693661e+01
7.793712083006693092e+01
7.803712083006692524e+01
7.813712083006691955e+01
7.823712083006691387e+01
7.833712083006690818e+01
7.843712083006690250e+01
7.853712083006689681e+01
7.863712083006689113e+01
7.873712083006688545e+01
7.883712083006687976e+01
7.893712083006687408e+01
7.903712083006686839e+01
7.913712083006686271e+01
7.923712083006685702e+01
7.933712083006685134e+01
7.943712083006684566e+01
7.953712083006683997e+01
7.963712083006683429e+01
7.973712083006682860e+01
7.983712083006682292e+01
7.993712083006681723e+01
8.003712083006681155e+01
8.013712083006680587e+01
8.023712083006680018e+01
8.033712083006679450e+01
8.043712083006678881e+01
8.053712083006678313e+01
8.063712083006677744e+01
8.073712083006677176e+01
8.083712083006676608e+01
8.093712083006676039e+01
8.103712083006675471e+01
8.113712083006674902e+01
8.123712083006674334e+01
8.133712083006673765e+01
8.143712083006673197e+01
8.153712083006672628e+01
8.163712083006672060e+01
8.173712083006671492e+01
8.183712083006670923e+01
8.193712083006670355e+01
8.203712083006669786e+01
8.213712083006669218e+01
8.223712083006668649e+01
8.233712083006668081e+01
8.243712083006667513e+01
8.253712083006666944e+01
8.263712083006666376e+01
8.273712083006665807e+01
8.283712083006665239e+01
8.293712083006664670e+01
8.303712083006664102e+01
8.313712083006663534e+01
8.323712083006662965e+01
8.333712083006662397e+01
8.343712083006661828e+01
8.353712083006661260e+01
8.363712083006660691e+01
8.373712083006660123e+01
8.383712083006659554e+01
8.393712083006658986e+01
8.403712083006658418e+01
8.413712083006657849e+01
8.423712083006657281e+01
8.433712083006656712e+01
8.443712083006656144e+01
8.453712083006655575e+01
8.463712083006655007e+01
8.473712083006654439e+01
8.483712083006653870e+01
8.493712083006653302e+01
8.503712083006652733e+01
8.513712083006652165e+01
8.523712083006651596e+01
8.533712083006651028e+01
8.543712083006650460e+01
8.553712083006649891e+01
8.563712083006649323e+01
8.573712083006648754e+01
8.583712083006648186e+01
8.593712083006647617e+01
8.603712083006647049e+01
8.613712083006646480e+01
8.623712083006645912e+01
8.633712083006645344e+01
8.643712083006644775e+01
8.653712083006644207e+01
8.663712083006643638e+01
8.673712083006643070e+01
8.683712083006642501e+01
8.693712083006641933e+01
8.703712083006641365e+01
8.713712083006640796e+01
8.723712083006640228e+01
8.733712083006639659e+01
8.743712083006639091e+01
8.753712083006638522e+01
8.763712083006637954e+01
8.773712083006637386e+01
8.783712083006636817e+01
8.793712083006636249e+01
8.803712083006635680e+01
8.813712083006635112e+01
8.823712083006634543e+01
8.833712083006633975e+01
8.843712083006633407e+01
8.853712083006632838e+01
8.863712083006632270e+01
8.873712083006631701e+01
8.883712083006631133e+01
8.893712083006630564e+01
8.903712083006629996e+01
8.913712083006629427e+01
8.923712083006628859e+01
8.933712083006628291e+01
8.943712083006627722e+01
8.953712083006627154e+01
8.963712083006626585e+01
8.973712083006626017e+01
8.983712083006625448e+01
8.993712083006624880e+01
9.003712083006624312e+01
9.013712083006623743e+01
9.023712083006623175e+01
9.033712083006622606e+01
9.043712083006622038e+01
9.053712083006621469e+01
9.063712083006620901e+01
9.073712083006620333e+01
9.083712083006619764e+01
9.093712083006619196e+01
9.103712083006618627e+01
9.113712083006618059e+01
9.123712083006617490e+01
9.133712083006616922e+01
9.143712083006616353e+01
9.153712083006615785e+01
9.163712083006615217e+01
9.173712083006614648e+01
9.183712083006614080e+01
9.193712083006613511e+01
9.203712083006612943e+01
9.213712083006612374e+01
9.223712083006611806e+01
9.233712083006611238e+01
9.243712083006610669e+01
9.253712083006610101e+01
9.263712083006609532e+01
9.273712083006608964e+01
9.283712083006608395e+01
9.293712083006607827e+01
9.303712083006607259e+01
9.313712083006606690e+01
9.323712083006606122e+01
9.333712083006605553e+01
9.343712083006604985e+01
9.353712083006604416e+01
9.363712083006603848e+01
9.373712083006603280e+01
9.383712083006602711e+01
9.393712083006602143e+01
9.403712083006601574e+01
9.413712083006601006e+01
9.423712083006600437e+01
9.433712083006599869e+01
9.443712083006599300e+01
9.453712083006598732e+01
9.463712083006598164e+01
9.473712083006597595e+01
9.483712083006597027e+01
9.493712083006596458e+01
9.503712083006595890e+01
9.513712083006595321e+01
9.523712083006594753e+01
9.533712083006594185e+01
9.543712083006593616e+01
9.553712083006593048e+01
9.563712083006592479e+01
9.573712083006591911e+01
9.583712083006591342e+01
9.593712083006590774e+01
9.603712083006590206e+01
9.613712083006589637e+01
9.623712083006589069e+01
9.633712083006588500e+01
9.643712083006587932e+01
9.653712083006587363e+01
9.663712083006586795e+01
9.673712083006586226e+01
9.683712083006585658e+01
9.693712083006585090e+01
9.703712083006584521e+01
9.713712083006583953e+01
9.723712083006583384e+01
9.733712083006582816e+01
9.743712083006582247e+01
9.753712083006581679e+01
9.763712083006581111e+01
9.773712083006580542e+01
9.783712083006579974e+01
9.793712083006579405e+01
9.803712083006578837e+01
9.813712083006578268e+01
9.823712083006577700e+01
9.833712083006577132e+01
9.843712083006576563e+01
9.853712083006575995e+01
9.863712083006575426e+01
9.873712083006574858e+01
9.883712083006574289e+01
9.893712083006573721e+01
9.903712083006573152e+01
9.913712083006572584e+01
9.923712083006572016e+01
9.933712083006571447e+01
9.943712083006570879e+01
9.953712083006570310e+01
9.963712083006569742e+01
9.973712083006569173e+01
9.983712083006568605e+01
9.993712083006568037e+01
1.000371208300656747e+02
1.001371208300656690e+02
1.002371208300656633e+02
1.003371208300656576e+02
1.004371208300656519e+02
1.005371208300656463e+02
1.006371208300656406e+02
1.007371208300656349e+02
1.008371208300656292e+02
1.009371208300656235e+02
1.010371208300656178e+02
1.011371208300656122e+02
1.012371208300656065e+02
1.013371208300656008e+02
1.014371208300655951e+02
1.015371208300655894e+02
1.016371208300655837e+02
1.017371208300655780e+02
1.018371208300655724e+02
1.019371208300655667e+02
1.020371208300655610e+02
1.021371208300655553e+02
1.022371208300655496e+02
1.023371208300655439e+02
1.024371208300655383e+02
1.025371208300655326e+02
1.026371208300655269e+02
1.027371208300655212e+02
1.028371208300655155e+02
1.029371208300655098e+02
1.030371208300655042e+02
1.031371208300654985e+02
1.032371208300654928e+02
1.033371208300654871e+02
1.034371208300654814e+02
1.035371208300654757e+02
1.036371208300654700e+02
1.037371208300654644e+02
1.038371208300654587e+02
1.039371208300654530e+02
1.040371208300654473e+02
1.041371208300654416e+02
1.042371208300654359e+02
1.043371208300654303e+02
1.044371208300654246e+02
1.045371208300654189e+02
1.046371208300654132e+02
1.047371208300654075e+02
1.048371208300654018e+02
1.049371208300653961e+02
1.050371208300653905e+02
1.051371208300653848e+02
1.052371208300653791e+02
1.053371208300653734e+02
1.054371208300653677e+02
1.055371208300653620e+02
1.056371208300653564e+02
1.057371208300653507e+02
1.058371208300653450e+02
1.059371208300653393e+02
1.060371208300653336e+02
1.061371208300653279e+02
1.062371208300653223e+02
1.063371208300653166e+02
1.064371208300653109e+02
1.065371208300653052e+02
1.066371208300652995e+02
1.067371208300652938e+02
1.068371208300652881e+02
1.069371208300652825e+02
1.070371208300652768e+02
1.071371208300652711e+02
1.072371208300652654e+02
1.073371208300652597e+02
1.074371208300652540e+02
1.075371208300652484e+02
1.076371208300652427e+02
1.077371208300652370e+02
1.078371208300652313e+02
1.079371208300652256e+02
1.080371208300652199e+02
1.081371208300652142e+02
1.082371208300652086e+02
1.083371208300652029e+02
1.084371208300651972e+02
1.085371208300651915e+02
1.086371208300651858e+02
1.087371208300651801e+02
1.088371208300651745e+02
1.089371208300651688e+02
1.090371208300651631e+02
1.091371208300651574e+02
1.092371208300651517e+02
1.093371208300651460e+02
1.094371208300651404e+02
1.095371208300651347e+02
1.096371208300651290e+02
1.097371208300651233e+02
1.098371208300651176e+02
1.099371208300651119e+02
1.100371208300651062e+02
1.101371208300651006e+02
1.102371208300650949e+02
1.103371208300650892e+02
1.104371208300650835e+02
1.105371208300650778e+02
1.106371208300650721e+02
1.107371208300650665e+02
1.108371208300650608e+02
1.109371208300650551e+02
1.110371208300650494e+02
1.111371208300650437e+02
1.112371208300650380e+02
1.113371208300650324e+02
1.114371208300650267e+02
1.115371208300650210e+02
1.116371208300650153e+02
1.117371208300650096e+02
1.118371208300650039e+02
1.119371208300649982e+02
1.120371208300649926e+02
1.121371208300649869e+02
1.122371208300649812e+02
1.123371208300649755e+02
1.124371208300649698e+02
1.125371208300649641e+02
1.126371208300649585e+02
1.127371208300649528e+02
1.128371208300649471e+02
1.129371208300649414e+02
1.130371208300649357e+02
1.131371208300649300e+02
1.132371208300649243e+02
1.133371208300649187e+02
1.134371208300649130e+02
1.135371208300649073e+02
1.136371208300649016e+02
1.137371208300648959e+02
1.138371208300648902e+02
1.139371208300648846e+02
1.140371208300648789e+02
1.141371208300648732e+02
1.142371208300648675e+02
1.143371208300648618e+02
1.144371208300648561e+02
1.145371208300648505e+02
1.146371208300648448e+02
1.147371208300648391e+02
1.148371208300648334e+02
1.149371208300648277e+02
1.150371208300648220e+02
1.151371208300648163e+02
1.152371208300648107e+02
1.153371208300648050e+02
1.154371208300647993e+02
1.155371208300647936e+02
1.156371208300647879e+02
1.157371208300647822e+02
1.158371208300647766e+02
1.159371208300647709e+02
1.160371208300647652e+02
1.161371208300647595e+02
1.162371208300647538e+02
1.163371208300647481e+02
1.164371208300647424e+02
1.165371208300647368e+02
1.166371208300647311e+02
1.167371208300647254e+02
1.168371208300647197e+02
1.169371208300647140e+02
1.170371208300647083e+02
1.171371208300647027e+02
1.172371208300646970e+02
1.173371208300646913e+02
1.174371208300646856e+02
1.175371208300646799e+02
1.176371208300646742e+02
1.177371208300646686e+02
1.178371208300646629e+02
1.179371208300646572e+02
1.180371208300646515e+02
1.181371208300646458e+02
1.182371208300646401e+02
1.183371208300646344e+02
1.184371208300646288e+02
1.185371208300646231e+02
1.186371208300646174e+02
1.187371208300646117e+02
1.188371208300646060e+02
1.189371208300646003e+02
1.190371208300645947e+02
1.191371208300645890e+02
1.192371208300645833e+02
1.193371208300645776e+02
1.194371208300645719e+02
1.195371208300645662e+02
1.196371208300645606e+02
1.197371208300645549e+02
1.198371208300645492e+02
1.199371208300645435e+02
1.200371208300645378e+02
1.201371208300645321e+02
1.202371208300645264e+02
1.203371208300645208e+02
1.204371208300645151e+02
1.205371208300645094e+02
1.206371208300645037e+02
1.207371208300644980e+02
1.208371208300644923e+02
1.209371208300644867e+02
1.210371208300644810e+02
1.211371208300644753e+02
1.212371208300644696e+02
1.213371208300644639e+02
1.214371208300644582e+02
1.215371208300644525e+02
1.216371208300644469e+02
1.217371208300644412e+02
1.218371208300644355e+02
1.219371208300644298e+02
1.220371208300644241e+02
1.221371208300644184e+02
1.222371208300644128e+02
1.223371208300644071e+02
1.224371208300644014e+02
1.225371208300643957e+02
1.226371208300643900e+02
1.227371208300643843e+02
1.228371208300643787e+02
1.229371208300643730e+02
1.230371208300643673e+02
1.231371208300643616e+02
1.232371208300643559e+02
1.233371208300643502e+02
1.234371208300643445e+02
1.235371208300643389e+02
1.236371208300643332e+02
1.237371208300643275e+02
1.238371208300643218e+02
1.239371208300643161e+02
1.240371208300643104e+02
1.241371208300643048e+02
1.242371208300642991e+02
1.243371208300642934e+02
1.244371208300642877e+02
1.245371208300642820e+02
1.246371208300642763e+02
1.247371208300642706e+02
1.248371208300642650e+02
1.249371208300642593e+02
1.250371208300642536e+02
1.251371208300642479e+02
1.252371208300642422e+02
1.253371208300642365e+02
1.254371208300642309e+02
1.255371208300642252e+02
1.256371208300642195e+02
1.257371208300642138e+02
1.258371208300642081e+02
1.259371208300642024e+02
1.260371208300641968e+02
1.261371208300641911e+02
1.262371208300641854e+02
1.263371208300641797e+02
1.264371208300641740e+02
1.265371208300641683e+02
1.266371208300641626e+02
1.267371208300641570e+02
1.268371208300641513e+02
1.269371208300641456e+02
1.270371208300641399e+02
1.271371208300641342e+02
1.272371208300641285e+02
1.273371208300641229e+02
1.274371208300641172e+02
1.275371208300641115e+02
1.276371208300641058e+02
1.277371208300641001e+02
1.278371208300640944e+02
1.279371208300640888e+02
1.280371208300640831e+02
1.281371208300640774e+02
1.282371208300640717e+02
1.283371208300640660e+02
1.284371208300640603e+02
1.285371208300640546e+02
1.286371208300640490e+02
1.287371208300640433e+02
1.288371208300640376e+02
1.289371208300640319e+02
1.290371208300640262e+02
1.291371208300640205e+02
1.292371208300640149e+02
1.293371208300640092e+02
1.294371208300640035e+02
1.295371208300639978e+02
1.296371208300639921e+02
1.297371208300639864e+02
1.298371208300639807e+02
1.299371208300639751e+02
1.300371208300639694e+02
1.301371208300639637e+02
1.302371208300639580e+02
1.303371208300639523e+02
1.304371208300639466e+02
1.305371208300639410e+02
1.306371208300639353e+02
1.307371208300639296e+02
1.308371208300639239e+02
1.309371208300639182e+02
1.310371208300639125e+02
1.311371208300639069e+02
1.312371208300639012e+02
1.313371208300638955e+02
1.314371208300638898e+02
1.315371208300638841e+02
1.316371208300638784e+02
1.317371208300638727e+02
1.318371208300638671e+02
1.319371208300638614e+02
1.320371208300638557e+02
1.321371208300638500e+02
1.322371208300638443e+02
1.323371208300638386e+02
1.324371208300638330e+02
1.325371208300638273e+02
1.326371208300638216e+02
1.327371208300638159e+02
1.328371208300638102e+02
1.329371208300638045e+02
1.330371208300637988e+02
1.331371208300637932e+02
1.332371208300637875e+02
1.333371208300637818e+02
1.334371208300637761e+02
1.335371208300637704e+02
1.336371208300637647e+02
1.337371208300637591e+02
1.338371208300637534e+02
1.339371208300637477e+02
1.340371208300637420e+02
1.341371208300637363e+02
1.342371208300637306e+02
1.343371208300637250e+02
1.344371208300637193e+02
1.345371208300637136e+02
1.346371208300637079e+02
1.347371208300637022e+02
1.348371208300636965e+02
1.349371208300636908e+02
1.350371208300636852e+02
1.351371208300636795e+02
1.352371208300636738e+02
1.353371208300636681e+02
1.354371208300636624e+02
1.355371208300636567e+02
1.356371208300636511e+02
1.357371208300636454e+02
1.358371208300636397e+02
1.359371208300636340e+02
1.360371208300636283e+02
1.361371208300636226e+02
1.362371208300636169e+02
1.363371208300636113e+02
1.364371208300636056e+02
1.365371208300635999e+02
1.366371208300635942e+02
1.367371208300635885e+02
1.368371208300635828e+02
1.369371208300635772e+02
1.370371208300635715e+02
1.371371208300635658e+02
1.372371208300635601e+02
1.373371208300635544e+02
1.374371208300635487e+02
1.375371208300635431e+02
1.376371208300635374e+02
1.377371208300635317e+02
1.378371208300635260e+02
1.379371208300635203e+02
1.380371208300635146e+02
1.381371208300635089e+02
1.382371208300635033e+02
1.383371208300634976e+02
1.384371208300634919e+02
1.385371208300634862e+02
1.386371208300634805e+02
1.387371208300634748e+02
1.388371208300634692e+02
1.389371208300634635e+02
1.390371208300634578e+02
1.391371208300634521e+02
1.392371208300634464e+02
1.393371208300634407e+02
1.394371208300634351e+02
1.395371208300634294e+02
1.396371208300634237e+02
1.397371208300634180e+02
1.398371208300634123e+02
1.399371208300634066e+02
1.400371208300634009e+02
1.401371208300633953e+02
1.402371208300633896e+02
1.403371208300633839e+02
1.404371208300633782e+02
1.405371208300633725e+02
1.406371208300633668e+02
1.407371208300633612e+02
1.408371208300633555e+02
1.409371208300633498e+02
1.410371208300633441e+02
1.411371208300633384e+02
1.412371208300633327e+02
1.413371208300633270e+02
1.414371208300633214e+02
1.415371208300633157e+02
1.416371208300633100e+02
1.417371208300633043e+02
1.418371208300632986e+02
1.419371208300632929e+02
1.420371208300632873e+02
1.421371208300632816e+02
1.422371208300632759e+02
1.423371208300632702e+02
1.424371208300632645e+02
1.425371208300632588e+02
1.426371208300632532e+02
1.427371208300632475e+02
1.428371208300632418e+02
1.429371208300632361e+02
1.430371208300632304e+02
1.431371208300632247e+02
1.432371208300632190e+02
1.433371208300632134e+02
1.434371208300632077e+02
1.435371208300632020e+02
1.436371208300631963e+02
1.437371208300631906e+02
1.438371208300631849e+02
1.439371208300631793e+02
1.440371208300631736e+02
1.441371208300631679e+02
1.442371208300631622e+02
1.443371208300631565e+02
1.444371208300631508e+02
1.445371208300631451e+02
1.446371208300631395e+02
1.447371208300631338e+02
1.448371208300631281e+02
1.449371208300631224e+02
1.450371208300631167e+02
1.451371208300631110e+02
1.452371208300631054e+02
1.453371208300630997e+02
1.454371208300630940e+02
1.455371208300630883e+02
1.456371208300630826e+02
1.457371208300630769e+02
1.458371208300630713e+02
1.459371208300630656e+02
1.460371208300630599e+02
1.461371208300630542e+02
1.462371208300630485e+02
1.463371208300630428e+02
1.464371208300630371e+02
1.465371208300630315e+02
1.466371208300630258e+02
1.467371208300630201e+02
1.468371208300630144e+02
1.469371208300630087e+02
1.470371208300630030e+02
1.471371208300629974e+02
1.472371208300629917e+02
1.473371208300629860e+02
1.474371208300629803e+02
1.475371208300629746e+02
1.476371208300629689e+02
1.477371208300629633e+02
1.478371208300629576e+02
1.479371208300629519e+02
1.480371208300629462e+02
1.481371208300629405e+02
1.482371208300629348e+02
1.483371208300629291e+02
1.484371208300629235e+02
1.485371208300629178e+02
1.486371208300629121e+02
1.487371208300629064e+02
1.488371208300629007e+02
1.489371208300628950e+02
1.490371208300628894e+02
1.491371208300628837e+02
1.492371208300628780e+02
1.493371208300628723e+02
1.494371208300628666e+02
1.495371208300628609e+02
1.496371208300628552e+02
1.497371208300628496e+02
1.498371208300628439e+02
1.499371208300628382e+02
1.500371208300628325e+02
1.501371208300628268e+02
1.502371208300628211e+02
1.503371208300628155e+02
1.504371208300628098e+02
1.505371208300628041e+02
1.506371208300627984e+02
1.507371208300627927e+02
1.508371208300627870e+02
1.509371208300627814e+02
1.510371208300627757e+02
1.511371208300627700e+02
1.512371208300627643e+02
1.513371208300627586e+02
1.514371208300627529e+02
1.515371208300627472e+02
1.516371208300627416e+02
1.517371208300627359e+02
1.518371208300627302e+02
1.519371208300627245e+02
1.520371208300627188e+02
1.521371208300627131e+02
1.522371208300627075e+02
1.523371208300627018e+02
1.524371208300626961e+02
1.525371208300626904e+02
1.526371208300626847e+02
1.527371208300626790e+02
1.528371208300626733e+02
1.529371208300626677e+02
1.530371208300626620e+02
1.531371208300626563e+02
1.532371208300626506e+02
1.533371208300626449e+02
1.534371208300626392e+02
1.535371208300626336e+02
1.536371208300626279e+02
1.537371208300626222e+02
1.538371208300626165e+02
1.539371208300626108e+02
1.540371208300626051e+02
1.541371208300625995e+02
1.542371208300625938e+02
1.543371208300625881e+02
1.544371208300625824e+02
1.545371208300625767e+02
1.546371208300625710e+02
1.547371208300625653e+02
1.548371208300625597e+02
1.549371208300625540e+02
1.550371208300625483e+02
1.551371208300625426e+02
1.552371208300625369e+02
1.553371208300625312e+02
1.554371208300625256e+02
1.555371208300625199e+02
1.556371208300625142e+02
1.557371208300625085e+02
1.558371208300625028e+02
1.559371208300624971e+02
1.560371208300624915e+02
1.561371208300624858e+02
1.562371208300624801e+02
1.563371208300624744e+02
1.564371208300624687e+02
1.565371208300624630e+02
1.566371208300624573e+02
1.567371208300624517e+02
1.568371208300624460e+02
1.569371208300624403e+02
1.570371208300624346e+02
1.571371208300624289e+02
1.572371208300624232e+02
1.573371208300624176e+02
1.574371208300624119e+02
1.575371208300624062e+02
1.576371208300624005e+02
1.577371208300623948e+02
1.578371208300623891e+02
1.579371208300623834e+02
1.580371208300623778e+02
1.581371208300623721e+02
1.582371208300623664e+02
1.583371208300623607e+02
1.584371208300623550e+02
1.585371208300623493e+02
1.586371208300623437e+02
1.587371208300623380e+02
1.588371208300623323e+02
1.589371208300623266e+02
1.590371208300623209e+02
1.591371208300623152e+02
1.592371208300623096e+02
1.593371208300623039e+02
1.594371208300622982e+02
1.595371208300622925e+02
1.596371208300622868e+02
1.597371208300622811e+02
1.598371208300622754e+02
1.599371208300622698e+02
1.600371208300622641e+02
1.601371208300622584e+02
1.602371208300622527e+02
1.603371208300622470e+02
1.604371208300622413e+02
1.605371208300622357e+02
1.606371208300622300e+02
1.607371208300622243e+02
1.608371208300622186e+02
1.609371208300622129e+02
1.610371208300622072e+02
1.611371208300622015e+02
1.612371208300621959e+02
1.613371208300621902e+02
1.614371208300621845e+02
1.615371208300621788e+02
1.616371208300621731e+02
1.617371208300621674e+02
1.618371208300621618e+02
1.619371208300621561e+02
1.620371208300621504e+02
1.621371208300621447e+02
1.622371208300621390e+02
1.623371208300621333e+02
1.624371208300621277e+02
1.625371208300621220e+02
1.626371208300621163e+02
1.627371208300621106e+02
1.628371208300621049e+02
1.629371208300620992e+02
1.630371208300620935e+02
1.631371208300620879e+02
1.632371208300620822e+02
1.633371208300620765e+02
1.634371208300620708e+02
1.635371208300620651e+02
1.636371208300620594e+02
1.637371208300620538e+02
1.638371208300620481e+02
1.639371208300620424e+02
1.640371208300620367e+02
1.641371208300620310e+02
1.642371208300620253e+02
1.643371208300620196e+02
1.644371208300620140e+02
1.645371208300620083e+02
1.646371208300620026e+02
1.647371208300619969e+02
1.648371208300619912e+02
1.649371208300619855e+02
1.650371208300619799e+02
1.651371208300619742e+02
1.652371208300619685e+02
1.653371208300619628e+02
1.654371208300619571e+02
1.655371208300619514e+02
1.656371208300619458e+02
1.657371208300619401e+02
1.658371208300619344e+02
1.659371208300619287e+02
1.660371208300619230e+02
1.661371208300619173e+02
1.662371208300619116e+02
1.663371208300619060e+02
1.664371208300619003e+02
1.665371208300618946e+02
1.666371208300618889e+02
1.667371208300618832e+02
1.668371208300618775e+02
1.669371208300618719e+02
1.670371208300618662e+02
1.671371208300618605e+02
1.672371208300618548e+02
1.673371208300618491e+02
1.674371208300618434e+02
1.675371208300618378e+02
1.676371208300618321e+02
1.677371208300618264e+02
1.678371208300618207e+02
1.679371208300618150e+02
1.680371208300618093e+02
1.681371208300618036e+02
1.682371208300617980e+02
1.683371208300617923e+02
1.684371208300617866e+02
1.685371208300617809e+02
1.686371208300617752e+02
1.687371208300617695e+02
1.688371208300617639e+02
1.689371208300617582e+02
1.690371208300617525e+02
1.691371208300617468e+02
1.692371208300617411e+02
1.693371208300617354e+02
1.694371208300617297e+02
1.695371208300617241e+02
1.696371208300617184e+02
1.697371208300617127e+02
1.698371208300617070e+02
1.699371208300617013e+02
1.700371208300616956e+02
1.701371208300616900e+02
1.702371208300616843e+02
1.703371208300616786e+02
1.704371208300616729e+02
1.705371208300616672e+02
1.706371208300616615e+02
1.707371208300616559e+02
1.708371208300616502e+02
1.709371208300616445e+02
1.710371208300616388e+02
1.711371208300616331e+02
1.712371208300616274e+02
1.713371208300616217e+02
1.714371208300616161e+02
1.715371208300616104e+02
1.716371208300616047e+02
1.717371208300615990e+02
1.718371208300615933e+02
1.719371208300615876e+02
1.720371208300615820e+02
1.721371208300615763e+02
1.722371208300615706e+02
1.723371208300615649e+02
1.724371208300615592e+02
1.725371208300615535e+02
1.726371208300615478e+02
1.727371208300615422e+02
1.728371208300615365e+02
1.729371208300615308e+02
1.730371208300615251e+02
1.731371208300615194e+02
1.732371208300615137e+02
1.733371208300615081e+02
1.734371208300615024e+02
1.735371208300614967e+02
1.736371208300614910e+02
1.737371208300614853e+02
1.738371208300614796e+02
1.739371208300614740e+02
1.740371208300614683e+02
1.741371208300614626e+02
1.742371208300614569e+02
1.743371208300614512e+02
1.744371208300614455e+02
1.745371208300614398e+02
1.746371208300614342e+02
1.747371208300614285e+02
1.748371208300614228e+02
1.749371208300614171e+02
1.750371208300614114e+02
1.751371208300614057e+02
1.752371208300614001e+02
1.753371208300613944e+02
1.754371208300613887e+02
1.755371208300613830e+02
1.756371208300613773e+02
1.757371208300613716e+02
1.758371208300613660e+02
1.759371208300613603e+02
1.760371208300613546e+02
1.761371208300613489e+02
1.762371208300613432e+02
1.763371208300613375e+02
1.764371208300613318e+02
1.765371208300613262e+02
1.766371208300613205e+02
1.767371208300613148e+02
1.768371208300613091e+02
1.769371208300613034e+02
1.770371208300612977e+02
1.771371208300612921e+02
1.772371208300612864e+02
1.773371208300612807e+02
1.774371208300612750e+02
1.775371208300612693e+02
1.776371208300612636e+02
1.777371208300612579e+02
1.778371208300612523e+02
1.779371208300612466e+02
1.780371208300612409e+02
1.781371208300612352e+02
1.782371208300612295e+02
1.783371208300612238e+02
1.784371208300612182e+02
1.785371208300612125e+02
1.786371208300612068e+02
1.787371208300612011e+02
1.788371208300611954e+02
1.789371208300611897e+02
1.790371208300611841e+02
1.791371208300611784e+02
1.792371208300611727e+02
1.793371208300611670e+02
1.794371208300611613e+02
1.795371208300611556e+02
1.796371208300611499e+02
1.797371208300611443e+02
1.798371208300611386e+02
1.799371208300611329e+02
1.800371208300611272e+02
1.801371208300611215e+02
1.802371208300611158e+02
1.803371208300611102e+02
1.804371208300611045e+02
1.805371208300610988e+02
1.806371208300610931e+02
1.807371208300610874e+02
1.808371208300610817e+02
1.809371208300610760e+02
1.810371208300610704e+02
1.811371208300610647e+02
1.812371208300610590e+02
1.813371208300610533e+02
1.814371208300610476e+02
1.815371208300610419e+02
1.816371208300610363e+02
1.817371208300610306e+02
1.818371208300610249e+02
1.819371208300610192e+02
1.820371208300610135e+02
1.821371208300610078e+02
1.822371208300610022e+02
1.823371208300609965e+02
1.824371208300609908e+02
1.825371208300609851e+02
1.826371208300609794e+02
1.827371208300609737e+02
1.828371208300609680e+02
1.829371208300609624e+02
1.830371208300609567e+02
1.831371208300609510e+02
1.832371208300609453e+02
1.833371208300609396e+02
1.834371208300609339e+02
1.835371208300609283e+02
1.836371208300609226e+02
1.837371208300609169e+02
1.838371208300609112e+02
1.839371208300609055e+02
1.840371208300608998e+02
1.841371208300608941e+02
1.842371208300608885e+02
1.843371208300608828e+02
1.844371208300608771e+02
1.845371208300608714e+02
1.846371208300608657e+02
1.847371208300608600e+02
1.848371208300608544e+02
1.849371208300608487e+02
1.850371208300608430e+02
1.851371208300608373e+02
1.852371208300608316e+02
1.853371208300608259e+02
1.854371208300608203e+02
1.855371208300608146e+02
1.856371208300608089e+02
1.857371208300608032e+02
1.858371208300607975e+02
1.859371208300607918e+02
1.860371208300607861e+02
1.861371208300607805e+02
1.862371208300607748e+02
1.863371208300607691e+02
1.864371208300607634e+02
1.865371208300607577e+02
1.866371208300607520e+02
1.867371208300607464e+02
1.868371208300607407e+02
1.869371208300607350e+02
1.870371208300607293e+02
1.871371208300607236e+02
1.872371208300607179e+02
1.873371208300607123e+02
1.874371208300607066e+02
1.875371208300607009e+02
1.876371208300606952e+02
1.877371208300606895e+02
1.878371208300606838e+02
1.879371208300606781e+02
1.880371208300606725e+02
1.881371208300606668e+02
1.882371208300606611e+02
1.883371208300606554e+02
1.884371208300606497e+02
1.885371208300606440e+02
1.886371208300606384e+02
1.887371208300606327e+02
1.888371208300606270e+02
1.889371208300606213e+02
1.890371208300606156e+02
1.891371208300606099e+02
1.892371208300606042e+02
1.893371208300605986e+02
1.894371208300605929e+02
1.895371208300605872e+02
1.896371208300605815e+02
1.897371208300605758e+02
1.898371208300605701e+02
1.899371208300605645e+02
1.900371208300605588e+02
1.901371208300605531e+02
1.902371208300605474e+02
1.903371208300605417e+02
1.904371208300605360e+02
1.905371208300605304e+02
1.906371208300605247e+02
1.907371208300605190e+02
1.908371208300605133e+02
1.909371208300605076e+02
1.910371208300605019e+02
1.911371208300604962e+02
1.912371208300604906e+02
1.913371208300604849e+02
1.914371208300604792e+02
1.915371208300604735e+02
1.916371208300604678e+02
1.917371208300604621e+02
1.918371208300604565e+02
1.919371208300604508e+02
1.920371208300604451e+02
1.921371208300604394e+02
1.922371208300604337e+02
1.923371208300604280e+02
1.924371208300604223e+02
1.925371208300604167e+02
1.926371208300604110e+02
1.927371208300604053e+02
1.928371208300603996e+02
1.929371208300603939e+02
1.930371208300603882e+02
1.931371208300603826e+02
1.932371208300603769e+02
1.933371208300603712e+02
1.934371208300603655e+02
1.935371208300603598e+02
1.936371208300603541e+02
1.937371208300603485e+02
1.938371208300603428e+02
1.939371208300603371e+02
1.940371208300603314e+02
1.941371208300603257e+02
1.942371208300603200e+02
1.943371208300603143e+02
1.944371208300603087e+02
1.945371208300603030e+02
1.946371208300602973e+02
1.947371208300602916e+02
1.948371208300602859e+02
1.949371208300602802e+02
1.950371208300602746e+02
1.951371208300602689e+02
1.952371208300602632e+02
1.953371208300602575e+02
1.954371208300602518e+02
1.955371208300602461e+02
1.956371208300602405e+02
1.957371208300602348e+02
1.958371208300602291e+02
1.959371208300602234e+02
1.960371208300602177e+02
1.961371208300602120e+02
1.962371208300602063e+02
1.963371208300602007e+02
1.964371208300601950e+02
1.965371208300601893e+02
1.966371208300601836e+02
1.967371208300601779e+02
1.968371208300601722e+02
1.969371208300601666e+02
1.970371208300601609e+02
1.971371208300601552e+02
1.972371208300601495e+02
1.973371208300601438e+02
1.974371208300601381e+02
1.975371208300601324e+02
1.976371208300601268e+02
1.977371208300601211e+02
1.978371208300601154e+02
1.979371208300601097e+02
1.980371208300601040e+02
1.981371208300600983e+02
1.982371208300600927e+02
1.983371208300600870e+02
1.984371208300600813e+02
1.985371208300600756e+02
1.986371208300600699e+02
1.987371208300600642e+02
1.988371208300600586e+02
1.989371208300600529e+02
1.990371208300600472e+02
1.991371208300600415e+02
1.992371208300600358e+02
1.993371208300600301e+02
1.994371208300600244e+02
1.995371208300600188e+02
1.996371208300600131e+02
1.997371208300600074e+02
1.998371208300600017e+02
1.999371208300599960e+02
2.000371208300599903e+02
2.001371208300599847e+02
2.002371208300599790e+02
2.003371208300599733e+02
2.004371208300599676e+02
2.005371208300599619e+02
2.006371208300599562e+02
2.007371208300599505e+02
2.008371208300599449e+02
2.009371208300599392e+02
2.010371208300599335e+02
2.011371208300599278e+02
2.012371208300599221e+02
2.013371208300599164e+02
2.014371208300599108e+02
2.015371208300599051e+02
2.016371208300598994e+02
2.017371208300598937e+02
2.018371208300598880e+02
2.019371208300598823e+02
2.020371208300598767e+02
2.021371208300598710e+02
2.022371208300598653e+02
2.023371208300598596e+02
2.024371208300598539e+02
2.025371208300598482e+02
2.026371208300598425e+02
2.027371208300598369e+02
2.028371208300598312e+02
2.029371208300598255e+02
2.030371208300598198e+02
2.031371208300598141e+02
2.032371208300598084e+02
2.033371208300598028e+02
2.034371208300597971e+02
2.035371208300597914e+02
2.036371208300597857e+02
2.037371208300597800e+02
2.038371208300597743e+02
2.039371208300597687e+02
2.040371208300597630e+02
2.041371208300597573e+02
2.042371208300597516e+02
2.043371208300597459e+02
2.044371208300597402e+02
2.045371208300597345e+02
2.046371208300597289e+02
2.047371208300597232e+02
2.048371208300597175e+02
2.049371208300597118e+02
2.050371208300597061e+02
2.051371208300597004e+02
2.052371208300596948e+02
2.053371208300596891e+02
2.054371208300596834e+02
2.055371208300596777e+02
2.056371208300596720e+02
2.057371208300596663e+02
2.058371208300596606e+02
2.059371208300596550e+02
2.060371208300596493e+02
2.061371208300596436e+02
2.062371208300596379e+02
2.063371208300596322e+02
2.064371208300596265e+02
2.065371208300596209e+02
2.066371208300596152e+02
2.067371208300596095e+02
2.068371208300596038e+02
2.069371208300595981e+02
2.070371208300595924e+02
2.071371208300595868e+02
2.072371208300595811e+02
2.073371208300595754e+02
2.074371208300595697e+02
2.075371208300595640e+02
2.076371208300595583e+02
2.077371208300595526e+02
2.078371208300595470e+02
2.079371208300595413e+02
2.080371208300595356e+02
2.081371208300595299e+02
2.082371208300595242e+02
2.083371208300595185e+02
2.084371208300595129e+02
2.085371208300595072e+02
2.086371208300595015e+02
2.087371208300594958e+02
2.088371208300594901e+02
2.089371208300594844e+02
2.090371208300594787e+02
2.091371208300594731e+02
2.092371208300594674e+02
2.093371208300594617e+02
2.094371208300594560e+02
2.095371208300594503e+02
2.096371208300594446e+02
2.097371208300594390e+02
2.098371208300594333e+02
2.099371208300594276e+02
2.100371208300594219e+02
2.101371208300594162e+02
2.102371208300594105e+02
2.103371208300594049e+02
2.104371208300593992e+02
2.105371208300593935e+02
2.106371208300593878e+02
2.107371208300593821e+02
2.108371208300593764e+02
2.109371208300593707e+02
2.110371208300593651e+02
2.111371208300593594e+02
2.112371208300593537e+02
2.113371208300593480e+02
2.114371208300593423e+02
2.115371208300593366e+02
2.116371208300593310e+02
2.117371208300593253e+02
2.118371208300593196e+02
2.119371208300593139e+02
2.120371208300593082e+02
2.121371208300593025e+02
2.122371208300592968e+02
2.123371208300592912e+02
2.124371208300592855e+02
2.125371208300592798e+02
2.126371208300592741e+02
2.127371208300592684e+02
2.128371208300592627e+02
2.129371208300592571e+02
2.130371208300592514e+02
2.131371208300592457e+02
2.132371208300592400e+02
2.133371208300592343e+02
2.134371208300592286e+02
2.135371208300592230e+02
2.136371208300592173e+02
2.137371208300592116e+02
2.138371208300592059e+02
2.139371208300592002e+02
2.140371208300591945e+02
2.141371208300591888e+02
2.142371208300591832e+02
2.143371208300591775e+02
2.144371208300591718e+02
2.145371208300591661e+02
2.146371208300591604e+02
2.147371208300591547e+02
2.148371208300591491e+02
2.149371208300591434e+02
2.150371208300591377e+02
2.151371208300591320e+02
2.152371208300591263e+02
2.153371208300591206e+02
2.154371208300591150e+02
2.155371208300591093e+02
2.156371208300591036e+02
2.157371208300590979e+02
2.158371208300590922e+02
2.159371208300590865e+02
2.160371208300590808e+02
2.161371208300590752e+02
2.162371208300590695e+02
2.163371208300590638e+02
2.164371208300590581e+02
2.165371208300590524e+02
2.166371208300590467e+02
2.167371208300590411e+02
2.168371208300590354e+02
2.169371208300590297e+02
2.170371208300590240e+02
2.171371208300590183e+02
2.172371208300590126e+02
2.173371208300590069e+02
2.174371208300590013e+02
2.175371208300589956e+02
2.176371208300589899e+02
2.177371208300589842e+02
2.178371208300589785e+02
2.179371208300589728e+02
2.180371208300589672e+02
2.181371208300589615e+02
2.182371208300589558e+02
2.183371208300589501e+02
2.184371208300589444e+02
2.185371208300589387e+02
2.186371208300589331e+02
2.187371208300589274e+02
2.188371208300589217e+02
2.189371208300589160e+02
2.190371208300589103e+02
2.191371208300589046e+02
2.192371208300588989e+02
2.193371208300588933e+02
2.194371208300588876e+02
2.195371208300588819e+02
2.196371208300588762e+02
2.197371208300588705e+02
2.198371208300588648e+02
2.199371208300588592e+02
2.200371208300588535e+02
2.201371208300588478e+02
2.202371208300588421e+02
2.203371208300588364e+02
2.204371208300588307e+02
2.205371208300588250e+02
2.206371208300588194e+02
2.207371208300588137e+02
2.208371208300588080e+02
2.209371208300588023e+02
2.210371208300587966e+02
2.211371208300587909e+02
2.212371208300587853e+02
2.213371208300587796e+02
2.214371208300587739e+02
2.215371208300587682e+02
2.216371208300587625e+02
2.217371208300587568e+02
2.218371208300587512e+02
2.219371208300587455e+02
2.220371208300587398e+02
2.221371208300587341e+02
2.222371208300587284e+02
2.223371208300587227e+02
2.224371208300587170e+02
2.225371208300587114e+02
2.226371208300587057e+02
2.227371208300587000e+02
2.228371208300586943e+02
2.229371208300586886e+02
2.230371208300586829e+02
2.231371208300586773e+02
2.232371208300586716e+02
2.233371208300586659e+02
2.234371208300586602e+02
2.235371208300586545e+02
2.236371208300586488e+02
2.237371208300586432e+02
2.238371208300586375e+02
2.239371208300586318e+02
2.240371208300586261e+02
2.241371208300586204e+02
2.242371208300586147e+02
2.243371208300586090e+02
2.244371208300586034e+02
2.245371208300585977e+02
2.246371208300585920e+02
2.247371208300585863e+02
2.248371208300585806e+02
2.249371208300585749e+02
2.250371208300585693e+02
2.251371208300585636e+02
2.252371208300585579e+02
2.253371208300585522e+02
2.254371208300585465e+02
2.255371208300585408e+02
2.256371208300585351e+02
2.257371208300585295e+02
2.258371208300585238e+02
2.259371208300585181e+02
2.260371208300585124e+02
2.261371208300585067e+02
2.262371208300585010e+02
2.263371208300584954e+02
2.264371208300584897e+02
2.265371208300584840e+02
2.266371208300584783e+02
2.267371208300584726e+02
2.268371208300584669e+02
2.269371208300584613e+02
2.270371208300584556e+02
2.271371208300584499e+02
2.272371208300584442e+02
2.273371208300584385e+02
2.274371208300584328e+02
2.275371208300584271e+02
2.276371208300584215e+02
2.277371208300584158e+02
2.278371208300584101e+02
2.279371208300584044e+02
2.280371208300583987e+02
2.281371208300583930e+02
2.282371208300583874e+02
2.283371208300583817e+02
2.284371208300583760e+02
2.285371208300583703e+02
2.286371208300583646e+02
2.287371208300583589e+02
2.288371208300583532e+02
2.289371208300583476e+02
2.290371208300583419e+02
2.291371208300583362e+02
2.292371208300583305e+02
2.293371208300583248e+02
2.294371208300583191e+02
2.295371208300583135e+02
2.296371208300583078e+02
2.297371208300583021e+02
2.298371208300582964e+02
2.299371208300582907e+02
2.300371208300582850e+02
2.301371208300582794e+02
2.302371208300582737e+02
2.303371208300582680e+02
2.304371208300582623e+02
2.305371208300582566e+02
2.306371208300582509e+02
2.307371208300582452e+02
2.308371208300582396e+02
2.309371208300582339e+02
2.310371208300582282e+02
2.311371208300582225e+02
2.312371208300582168e+02
2.313371208300582111e+02
2.314371208300582055e+02
2.315371208300581998e+02
2.316371208300581941e+02
2.317371208300581884e+02
2.318371208300581827e+02
2.319371208300581770e+02
2.320371208300581714e+02
2.321371208300581657e+02
2.322371208300581600e+02
2.323371208300581543e+02
2.324371208300581486e+02
2.325371208300581429e+02
2.326371208300581372e+02
2.327371208300581316e+02
2.328371208300581259e+02
2.329371208300581202e+02
2.330371208300581145e+02
2.331371208300581088e+02
2.332371208300581031e+02
2.333371208300580975e+02
2.334371208300580918e+02
2.335371208300580861e+02
2.336371208300580804e+02
2.337371208300580747e+02
2.338371208300580690e+02
2.339371208300580633e+02
2.340371208300580577e+02
2.341371208300580520e+02
2.342371208300580463e+02
2.343371208300580406e+02
2.344371208300580349e+02
2.345371208300580292e+02
2.346371208300580236e+02
2.347371208300580179e+02
2.348371208300580122e+02
2.349371208300580065e+02
2.350371208300580008e+02
2.351371208300579951e+02
2.352371208300579895e+02
2.353371208300579838e+02
2.354371208300579781e+02
2.355371208300579724e+02
2.356371208300579667e+02
2.357371208300579610e+02
2.358371208300579553e+02
2.359371208300579497e+02
2.360371208300579440e+02
2.361371208300579383e+02
2.362371208300579326e+02
2.363371208300579269e+02
2.364371208300579212e+02
2.365371208300579156e+02
2.366371208300579099e+02
2.367371208300579042e+02
2.368371208300578985e+02
2.369371208300578928e+02
2.370371208300578871e+02
2.371371208300578814e+02
2.372371208300578758e+02
2.373371208300578701e+02
2.374371208300578644e+02
2.375371208300578587e+02
2.376371208300578530e+02
2.377371208300578473e+02
2.378371208300578417e+02
2.379371208300578360e+02
2.380371208300578303e+02
2.381371208300578246e+02
2.382371208300578189e+02
2.383371208300578132e+02
2.384371208300578076e+02
2.385371208300578019e+02
2.386371208300577962e+02
2.387371208300577905e+02
2.388371208300577848e+02
2.389371208300577791e+02
2.390371208300577734e+02
2.391371208300577678e+02
2.392371208300577621e+02
2.393371208300577564e+02
2.394371208300577507e+02
2.395371208300577450e+02
2.396371208300577393e+02
2.397371208300577337e+02
2.398371208300577280e+02
2.399371208300577223e+02
2.400371208300577166e+02
2.401371208300577109e+02
2.402371208300577052e+02
2.403371208300576995e+02
2.404371208300576939e+02
2.405371208300576882e+02
2.406371208300576825e+02
2.407371208300576768e+02
2.408371208300576711e+02
2.409371208300576654e+02
2.410371208300576598e+02
2.411371208300576541e+02
2.412371208300576484e+02
2.413371208300576427e+02
2.414371208300576370e+02
2.415371208300576313e+02
2.416371208300576257e+02
2.417371208300576200e+02
2.418371208300576143e+02
2.419371208300576086e+02
2.420371208300576029e+02
2.421371208300575972e+02
2.422371208300575915e+02
2.423371208300575859e+02
2.424371208300575802e+02
2.425371208300575745e+02
2.426371208300575688e+02
2.427371208300575631e+02
2.428371208300575574e+02
2.429371208300575518e+02
2.430371208300575461e+02
2.431371208300575404e+02
2.432371208300575347e+02
2.433371208300575290e+02
2.434371208300575233e+02
2.435371208300575177e+02
2.436371208300575120e+02
2.437371208300575063e+02
2.438371208300575006e+02
2.439371208300574949e+02
2.440371208300574892e+02
2.441371208300574835e+02
2.442371208300574779e+02
2.443371208300574722e+02
2.444371208300574665e+02
2.445371208300574608e+02
2.446371208300574551e+02
2.447371208300574494e+02
2.448371208300574438e+02
2.449371208300574381e+02
2.450371208300574324e+02
2.451371208300574267e+02
2.452371208300574210e+02
2.453371208300574153e+02
2.454371208300574096e+02
2.455371208300574040e+02
2.456371208300573983e+02
2.457371208300573926e+02
2.458371208300573869e+02
2.459371208300573812e+02
2.460371208300573755e+02
2.461371208300573699e+02
2.462371208300573642e+02
2.463371208300573585e+02
2.464371208300573528e+02
2.465371208300573471e+02
2.466371208300573414e+02
2.467371208300573358e+02
2.468371208300573301e+02
2.469371208300573244e+02
2.470371208300573187e+02
2.471371208300573130e+02
2.472371208300573073e+02
2.473371208300573016e+02
2.474371208300572960e+02
2.475371208300572903e+02
2.476371208300572846e+02
2.477371208300572789e+02
2.478371208300572732e+02
2.479371208300572675e+02
2.480371208300572619e+02
2.481371208300572562e+02
2.482371208300572505e+02
2.483371208300572448e+02
2.484371208300572391e+02
2.485371208300572334e+02
2.486371208300572277e+02
2.487371208300572221e+02
2.488371208300572164e+02
2.489371208300572107e+02
2.490371208300572050e+02
2.491371208300571993e+02
2.492371208300571936e+02
2.493371208300571880e+02
2.494371208300571823e+02
2.495371208300571766e+02
2.496371208300571709e+02
2.497371208300571652e+02
2.498371208300571595e+02
2.499371208300571539e+02
2.500371208300571482e+02
2.501371208300571425e+02
2.502371208300571368e+02
2.503371208300571311e+02
2.504371208300571254e+02
2.505371208300571197e+02
2.506371208300571141e+02
2.507371208300571084e+02
2.508371208300571027e+02
2.509371208300570970e+02
2.510371208300570913e+02
2.511371208300570856e+02
2.512371208300570800e+02
2.513371208300570743e+02
2.514371208300570686e+02
2.515371208300570629e+02
2.516371208300570572e+02
2.517371208300570515e+02
2.518371208300570459e+02
2.519371208300570402e+02
2.520371208300570345e+02
2.521371208300570288e+02
2.522371208300570231e+02
2.523371208300570174e+02
2.524371208300570117e+02
2.525371208300570061e+02
2.526371208300570004e+02
2.527371208300569947e+02
2.528371208300569890e+02
2.529371208300569833e+02
2.530371208300569776e+02
2.531371208300569720e+02
2.532371208300569663e+02
2.533371208300569606e+02
2.534371208300569549e+02
2.535371208300569492e+02
2.536371208300569435e+02
2.537371208300569378e+02
2.538371208300569322e+02
2.539371208300569265e+02
2.540371208300569208e+02
2.541371208300569151e+02
2.542371208300569094e+02
2.543371208300569037e+02
2.544371208300568981e+02
2.545371208300568924e+02
2.546371208300568867e+02
2.547371208300568810e+02
2.548371208300568753e+02
2.549371208300568696e+02
2.550371208300568640e+02
2.551371208300568583e+02
2.552371208300568526e+02
2.553371208300568469e+02
2.554371208300568412e+02
2.555371208300568355e+02
2.556371208300568298e+02
2.557371208300568242e+02
2.558371208300568185e+02
2.559371208300568128e+02
2.560371208300568355e+02
2.561371208300568583e+02
2.562371208300568810e+02
2.563371208300569037e+02
2.564371208300569265e+02
2.565371208300569492e+02
2.566371208300569720e+02
2.567371208300569947e+02
2.568371208300570174e+02
2.569371208300570402e+02
2.570371208300570629e+02
2.571371208300570856e+02
2.572371208300571084e+02
2.573371208300571311e+02
2.574371208300571539e+02
2.575371208300571766e+02
2.576371208300571993e+02
2.577371208300572221e+02
2.578371208300572448e+02
2.579371208300572675e+02
2.580371208300572903e+02
2.581371208300573130e+02
2.582371208300573358e+02
2.583371208300573585e+02
2.584371208300573812e+02
2.585371208300574040e+02
2.586371208300574267e+02
2.587371208300574494e+02
2.588371208300574722e+02
2.589371208300574949e+02
2.590371208300575177e+02
2.591371208300575404e+02
2.592371208300575631e+02
2.593371208300575859e+02
2.594371208300576086e+02
2.595371208300576313e+02
2.596371208300576541e+02
2.597371208300576768e+02
2.598371208300576995e+02
2.599371208300577223e+02
2.600371208300577450e+02
2.601371208300577678e+02
2.602371208300577905e+02
2.603371208300578132e+02
2.604371208300578360e+02
2.605371208300578587e+02
2.606371208300578814e+02
2.607371208300579042e+02
2.608371208300579269e+02
2.609371208300579497e+02
2.610371208300579724e+02
2.611371208300579951e+02
2.612371208300580179e+02
2.613371208300580406e+02
2.614371208300580633e+02
2.615371208300580861e+02
2.616371208300581088e+02
2.617371208300581316e+02
2.618371208300581543e+02
2.619371208300581770e+02
2.620371208300581998e+02
2.621371208300582225e+02
2.622371208300582452e+02
2.623371208300582680e+02
2.624371208300582907e+02
2.625371208300583135e+02
2.626371208300583362e+02
2.627371208300583589e+02
2.628371208300583817e+02
2.629371208300584044e+02
2.630371208300584271e+02
2.631371208300584499e+02
2.632371208300584726e+02
2.633371208300584954e+02
2.634371208300585181e+02
2.635371208300585408e+02
2.636371208300585636e+02
2.637371208300585863e+02
2.638371208300586090e+02
2.639371208300586318e+02
2.640371208300586545e+02
2.641371208300586773e+02
2.642371208300587000e+02
2.643371208300587227e+02
2.644371208300587455e+02
2.645371208300587682e+02
2.646371208300587909e+02
2.647371208300588137e+02
2.648371208300588364e+02
2.649371208300588592e+02
2.650371208300588819e+02
2.651371208300589046e+02
2.652371208300589274e+02
2.653371208300589501e+02
2.654371208300589728e+02
2.655371208300589956e+02
2.656371208300590183e+02
2.657371208300590411e+02
2.658371208300590638e+02
2.659371208300590865e+02
2.660371208300591093e+02
2.661371208300591320e+02
2.662371208300591547e+02
2.663371208300591775e+02
2.664371208300592002e+02
2.665371208300592230e+02
2.666371208300592457e+02
2.667371208300592684e+02
2.668371208300592912e+02
2.669371208300593139e+02
2.670371208300593366e+02
2.671371208300593594e+02
2.672371208300593821e+02
2.673371208300594049e+02
2.674371208300594276e+02
2.675371208300594503e+02
2.676371208300594731e+02
2.677371208300594958e+02
2.678371208300595185e+02
2.679371208300595413e+02
2.680371208300595640e+02
2.681371208300595868e+02
2.682371208300596095e+02
2.683371208300596322e+02
2.684371208300596550e+02
2.685371208300596777e+02
2.686371208300597004e+02
2.687371208300597232e+02
2.688371208300597459e+02
2.689371208300597687e+02
2.690371208300597914e+02
2.691371208300598141e+02
2.692371208300598369e+02
2.693371208300598596e+02
2.694371208300598823e+02
2.695371208300599051e+02
2.696371208300599278e+02
2.697371208300599505e+02
2.698371208300599733e+02
2.699371208300599960e+02
2.700371208300600188e+02
2.701371208300600415e+02
2.702371208300600642e+02
2.703371208300600870e+02
2.704371208300601097e+02
2.705371208300601324e+02
2.706371208300601552e+02
2.707371208300601779e+02
2.708371208300602007e+02
2.709371208300602234e+02
2.710371208300602461e+02
2.711371208300602689e+02
2.712371208300602916e+02
2.713371208300603143e+02
2.714371208300603371e+02
2.715371208300603598e+02
2.716371208300603826e+02
2.717371208300604053e+02
2.718371208300604280e+02
2.719371208300604508e+02
2.720371208300604735e+02
2.721371208300604962e+02
2.722371208300605190e+02
2.723371208300605417e+02
2.724371208300605645e+02
2.725371208300605872e+02
2.726371208300606099e+02
2.727371208300606327e+02
2.728371208300606554e+02
2.729371208300606781e+02
2.730371208300607009e+02
2.731371208300607236e+02
2.732371208300607464e+02
2.733371208300607691e+02
2.734371208300607918e+02
2.735371208300608146e+02
2.736371208300608373e+02
2.737371208300608600e+02
2.738371208300608828e+02
2.739371208300609055e+02
2.740371208300609283e+02
2.741371208300609510e+02
2.742371208300609737e+02
2.743371208300609965e+02
2.744371208300610192e+02
2.745371208300610419e+02
2.746371208300610647e+02
2.747371208300610874e+02
2.748371208300611102e+02
2.749371208300611329e+02
2.750371208300611556e+02
2.751371208300611784e+02
2.752371208300612011e+02
2.753371208300612238e+02
2.754371208300612466e+02
2.755371208300612693e+02
2.756371208300612921e+02
2.757371208300613148e+02
2.758371208300613375e+02
2.759371208300613603e+02
2.760371208300613830e+02
2.761371208300614057e+02
2.762371208300614285e+02
2.763371208300614512e+02
2.764371208300614740e+02
2.765371208300614967e+02
2.766371208300615194e+02
2.767371208300615422e+02
2.768371208300615649e+02
2.769371208300615876e+02
2.770371208300616104e+02
2.771371208300616331e+02
2.772371208300616559e+02
2.773371208300616786e+02
2.774371208300617013e+02
2.775371208300617241e+02
2.776371208300617468e+02
2.777371208300617695e+02
2.778371208300617923e+02
2.779371208300618150e+02
2.780371208300618378e+02
2.781371208300618605e+02
2.782371208300618832e+02
2.783371208300619060e+02
2.784371208300619287e+02
2.785371208300619514e+02
2.786371208300619742e+02
2.787371208300619969e+02
2.788371208300620196e+02
2.789371208300620424e+02
2.790371208300620651e+02
2.791371208300620879e+02
2.792371208300621106e+02
2.793371208300621333e+02
2.794371208300621561e+02
2.795371208300621788e+02
2.796371208300622015e+02
2.797371208300622243e+02
2.798371208300622470e+02
2.799371208300622698e+02
2.800371208300622925e+02
2.801371208300623152e+02
2.802371208300623380e+02
2.803371208300623607e+02
2.804371208300623834e+02
2.805371208300624062e+02
2.806371208300624289e+02
2.807371208300624517e+02
2.808371208300624744e+02
2.809371208300624971e+02
2.810371208300625199e+02
2.811371208300625426e+02
2.812371208300625653e+02
2.813371208300625881e+02
2.814371208300626108e+02
2.815371208300626336e+02
2.816371208300626563e+02
2.817371208300626790e+02
2.818371208300627018e+02
2.819371208300627245e+02
2.820371208300627472e+02
2.821371208300627700e+02
2.822371208300627927e+02
2.823371208300628155e+02
2.824371208300628382e+02
2.825371208300628609e+02
2.826371208300628837e+02
2.827371208300629064e+02
2.828371208300629291e+02
2.829371208300629519e+02
2.830371208300629746e+02
2.831371208300629974e+02
2.832371208300630201e+02
2.833371208300630428e+02
2.834371208300630656e+02
2.835371208300630883e+02
2.836371208300631110e+02
2.837371208300631338e+02
2.838371208300631565e+02
2.839371208300631793e+02
2.840371208300632020e+02
2.841371208300632247e+02
2.842371208300632475e+02
2.843371208300632702e+02
2.844371208300632929e+02
2.845371208300633157e+02
2.846371208300633384e+02
2.847371208300633612e+02
2.848371208300633839e+02
2.849371208300634066e+02
2.850371208300634294e+02
2.851371208300634521e+02
2.852371208300634748e+02
2.853371208300634976e+02
2.854371208300635203e+02
2.855371208300635431e+02
2.856371208300635658e+02
2.857371208300635885e+02
2.858371208300636113e+02
2.859371208300636340e+02
2.860371208300636567e+02
2.861371208300636795e+02
2.862371208300637022e+02
2.863371208300637250e+02
2.864371208300637477e+02
2.865371208300637704e+02
2.866371208300637932e+02
2.867371208300638159e+02
2.868371208300638386e+02
2.869371208300638614e+02
2.870371208300638841e+02
2.871371208300639069e+02
2.872371208300639296e+02
2.873371208300639523e+02
2.874371208300639751e+02
2.875371208300639978e+02
2.876371208300640205e+02
2.877371208300640433e+02
2.878371208300640660e+02
2.879371208300640888e+02
2.880371208300641115e+02
2.881371208300641342e+02
2.882371208300641570e+02
2.883371208300641797e+02
2.884371208300642024e+02
2.885371208300642252e+02
2.886371208300642479e+02
2.887371208300642706e+02
2.888371208300642934e+02
2.889371208300643161e+02
2.890371208300643389e+02
2.891371208300643616e+02
2.892371208300643843e+02
2.893371208300644071e+02
2.894371208300644298e+02
2.895371208300644525e+02
2.896371208300644753e+02
2.897371208300644980e+02
2.898371208300645208e+02
2.899371208300645435e+02
2.900371208300645662e+02
2.901371208300645890e+02
2.902371208300646117e+02
2.903371208300646344e+02
2.904371208300646572e+02
2.905371208300646799e+02
2.906371208300647027e+02
2.907371208300647254e+02
2.908371208300647481e+02
2.909371208300647709e+02
2.910371208300647936e+02
2.911371208300648163e+02
2.912371208300648391e+02
2.913371208300648618e+02
2.914371208300648846e+02
2.915371208300649073e+02
2.916371208300649300e+02
2.917371208300649528e+02
2.918371208300649755e+02
2.919371208300649982e+02
2.920371208300650210e+02
2.921371208300650437e+02
2.922371208300650665e+02
2.923371208300650892e+02
2.924371208300651119e+02
2.925371208300651347e+02
2.926371208300651574e+02
2.927371208300651801e+02
2.928371208300652029e+02
2.929371208300652256e+02
2.930371208300652484e+02
2.931371208300652711e+02
2.932371208300652938e+02
2.933371208300653166e+02
2.934371208300653393e+02
2.935371208300653620e+02
2.936371208300653848e+02
2.937371208300654075e+02
2.938371208300654303e+02
2.939371208300654530e+02
2.940371208300654757e+02
2.941371208300654985e+02
2.942371208300655212e+02
2.943371208300655439e+02
2.944371208300655667e+02
2.945371208300655894e+02
2.946371208300656122e+02
2.947371208300656349e+02
2.948371208300656576e+02
2.949371208300656804e+02
2.950371208300657031e+02
2.951371208300657258e+02
2.952371208300657486e+02
2.953371208300657713e+02
2.954371208300657941e+02
2.955371208300658168e+02
2.956371208300658395e+02
2.957371208300658623e+02
2.958371208300658850e+02
2.959371208300659077e+02
2.960371208300659305e+02
2.961371208300659532e+02
2.962371208300659760e+02
2.963371208300659987e+02
2.964371208300660214e+02
2.965371208300660442e+02
2.966371208300660669e+02
2.967371208300660896e+02
2.968371208300661124e+02
2.969371208300661351e+02
2.970371208300661579e+02
2.971371208300661806e+02
2.972371208300662033e+02
2.973371208300662261e+02
2.974371208300662488e+02
2.975371208300662715e+02
2.976371208300662943e+02
2.977371208300663170e+02
2.978371208300663397e+02
2.979371208300663625e+02
2.980371208300663852e+02
2.981371208300664080e+02
2.982371208300664307e+02
2.983371208300664534e+02
2.984371208300664762e+02
2.985371208300664989e+02
2.986371208300665216e+02
2.987371208300665444e+02
2.988371208300665671e+02
2.989371208300665899e+02
2.990371208300666126e+02
2.991371208300666353e+02
2.992371208300666581e+02
2.993371208300666808e+02
2.994371208300667035e+02
2.995371208300667263e+02
2.996371208300667490e+02
2.997371208300667718e+02
2.998371208300667945e+02
2.999371208300668172e+02
3.000371208300668400e+02
3.001371208300668627e+02
3.002371208300668854e+02
3.003371208300669082e+02
3.004371208300669309e+02
3.005371208300669537e+02
3.006371208300669764e+02
3.007371208300669991e+02
3.008371208300670219e+02
3.009371208300670446e+02
3.010371208300670673e+02
3.011371208300670901e+02
3.012371208300671128e+02
3.013371208300671356e+02
3.014371208300671583e+02
3.015371208300671810e+02
3.016371208300672038e+02
3.017371208300672265e+02
3.018371208300672492e+02
3.019371208300672720e+02
3.020371208300672947e+02
3.021371208300673175e+02
3.022371208300673402e+02
3.023371208300673629e+02
3.024371208300673857e+02
3.025371208300674084e+02
3.026371208300674311e+02
3.027371208300674539e+02
3.028371208300674766e+02
3.029371208300674994e+02
3.030371208300675221e+02
3.031371208300675448e+02
3.032371208300675676e+02
3.033371208300675903e+02
3.034371208300676130e+02
3.035371208300676358e+02
3.036371208300676585e+02
3.037371208300676813e+02
3.038371208300677040e+02
3.039371208300677267e+02
3.040371208300677495e+02
3.041371208300677722e+02
3.042371208300677949e+02
3.043371208300678177e+02
3.044371208300678404e+02
3.045371208300678632e+02
3.046371208300678859e+02
3.047371208300679086e+02
3.048371208300679314e+02
3.049371208300679541e+02
3.050371208300679768e+02
3.051371208300679996e+02
3.052371208300680223e+02
3.053371208300680451e+02
3.054371208300680678e+02
3.055371208300680905e+02
3.056371208300681133e+02
3.057371208300681360e+02
3.058371208300681587e+02
3.059371208300681815e+02
3.060371208300682042e+02
3.061371208300682270e+02
3.062371208300682497e+02
3.063371208300682724e+02
3.064371208300682952e+02
3.065371208300683179e+02
3.066371208300683406e+02
3.067371208300683634e+02
3.068371208300683861e+02
3.069371208300684088e+02
3.070371208300684316e+02
3.071371208300684543e+02
3.072371208300684771e+02
3.073371208300684998e+02
3.074371208300685225e+02
3.075371208300685453e+02
3.076371208300685680e+02
3.077371208300685907e+02
3.078371208300686135e+02
3.079371208300686362e+02
3.080371208300686590e+02
3.081371208300686817e+02
3.082371208300687044e+02
3.083371208300687272e+02
3.084371208300687499e+02
3.085371208300687726e+02
3.086371208300687954e+02
3.087371208300688181e+02
3.088371208300688409e+02
3.089371208300688636e+02
3.090371208300688863e+02
3.091371208300689091e+02
3.092371208300689318e+02
3.093371208300689545e+02
3.094371208300689773e+02
3.095371208300690000e+02
3.096371208300690228e+02
3.097371208300690455e+02
3.098371208300690682e+02
3.099371208300690910e+02
3.100371208300691137e+02
3.101371208300691364e+02
3.102371208300691592e+02
3.103371208300691819e+02
3.104371208300692047e+02
3.105371208300692274e+02
3.106371208300692501e+02
3.107371208300692729e+02
3.108371208300692956e+02
3.109371208300693183e+02
3.110371208300693411e+02
3.111371208300693638e+02
3.112371208300693866e+02
3.113371208300694093e+02
3.114371208300694320e+02
3.115371208300694548e+02
3.116371208300694775e+02
3.117371208300695002e+02
3.118371208300695230e+02
3.119371208300695457e+02
3.120371208300695685e+02
3.121371208300695912e+02
3.122371208300696139e+02
3.123371208300696367e+02
3.124371208300696594e+02
3.125371208300696821e+02
3.126371208300697049e+02
3.127371208300697276e+02
3.128371208300697504e+02
3.129371208300697731e+02
3.130371208300697958e+02
3.131371208300698186e+02
3.132371208300698413e+02
3.133371208300698640e+02
3.134371208300698868e+02
3.135371208300699095e+02
3.136371208300699323e+02
3.137371208300699550e+02
3.138371208300699777e+02
3.139371208300700005e+02
3.140371208300700232e+02
3.141371208300700459e+02
3.142371208300700687e+02
3.143371208300700914e+02
3.144371208300701142e+02
3.145371208300701369e+02
3.146371208300701596e+02
3.147371208300701824e+02
3.148371208300702051e+02
3.149371208300702278e+02
3.150371208300702506e+02
3.151371208300702733e+02
3.152371208300702961e+02
3.153371208300703188e+02
3.154371208300703415e+02
3.155371208300703643e+02
3.156371208300703870e+02
3.157371208300704097e+02
3.158371208300704325e+02
3.159371208300704552e+02
3.160371208300704780e+02
3.161371208300705007e+02
3.162371208300705234e+02
3.163371208300705462e+02
3.164371208300705689e+02
3.165371208300705916e+02
3.166371208300706144e+02
3.167371208300706371e+02
3.168371208300706598e+02
3.169371208300706826e+02
3.170371208300707053e+02
3.171371208300707281e+02
3.172371208300707508e+02
3.173371208300707735e+02
3.174371208300707963e+02
3.175371208300708190e+02
3.176371208300708417e+02
3.177371208300708645e+02
3.178371208300708872e+02
3.179371208300709100e+02
3.180371208300709327e+02
3.181371208300709554e+02
3.182371208300709782e+02
3.183371208300710009e+02
3.184371208300710236e+02
3.185371208300710464e+02
3.186371208300710691e+02
3.187371208300710919e+02
3.188371208300711146e+02
3.189371208300711373e+02
3.190371208300711601e+02
3.191371208300711828e+02
3.192371208300712055e+02
3.193371208300712283e+02
3.194371208300712510e+02
3.195371208300712738e+02
3.196371208300712965e+02
3.197371208300713192e+02
3.198371208300713420e+02
3.199371208300713647e+02
3.200371208300713874e+02
3.201371208300714102e+02
3.202371208300714329e+02
3.203371208300714557e+02
3.204371208300714784e+02
3.205371208300715011e+02
3.206371208300715239e+02
3.207371208300715466e+02
3.208371208300715693e+02
3.209371208300715921e+02
3.210371208300716148e+02
3.211371208300716376e+02
3.212371208300716603e+02
3.213371208300716830e+02
3.214371208300717058e+02
3.215371208300717285e+02
3.216371208300717512e+02
3.217371208300717740e+02
3.218371208300717967e+02
3.219371208300718195e+02
3.220371208300718422e+02
3.221371208300718649e+02
3.222371208300718877e+02
3.223371208300719104e+02
3.224371208300719331e+02
3.225371208300719559e+02
3.226371208300719786e+02
3.227371208300720014e+02
3.228371208300720241e+02
3.229371208300720468e+02
3.230371208300720696e+02
3.231371208300720923e+02
3.232371208300721150e+02
3.233371208300721378e+02
3.234371208300721605e+02
3.235371208300721833e+02
3.236371208300722060e+02
3.237371208300722287e+02
3.238371208300722515e+02
3.239371208300722742e+02
3.240371208300722969e+02
3.241371208300723197e+02
3.242371208300723424e+02
3.243371208300723652e+02
3.244371208300723879e+02
3.245371208300724106e+02
3.246371208300724334e+02
3.247371208300724561e+02
3.248371208300724788e+02
3.249371208300725016e+02
3.250371208300725243e+02
3.251371208300725471e+02
3.252371208300725698e+02
3.253371208300725925e+02
3.254371208300726153e+02
3.255371208300726380e+02
3.256371208300726607e+02
3.257371208300726835e+02
3.258371208300727062e+02
3.259371208300727289e+02
3.260371208300727517e+02
3.261371208300727744e+02
3.262371208300727972e+02
3.263371208300728199e+02
3.264371208300728426e+02
3.265371208300728654e+02
3.266371208300728881e+02
3.267371208300729108e+02
3.268371208300729336e+02
3.269371208300729563e+02
3.270371208300729791e+02
3.271371208300730018e+02
3.272371208300730245e+02
3.273371208300730473e+02
3.274371208300730700e+02
3.275371208300730927e+02
3.276371208300731155e+02
3.277371208300731382e+02
3.278371208300731610e+02
3.279371208300731837e+02
3.280371208300732064e+02
3.281371208300732292e+02
3.282371208300732519e+02
3.283371208300732746e+02
3.284371208300732974e+02
3.285371208300733201e+02
3.286371208300733429e+02
3.287371208300733656e+02
3.288371208300733883e+02
3.289371208300734111e+02
3.290371208300734338e+02
3.291371208300734565e+02
3.292371208300734793e+02
3.293371208300735020e+02
3.294371208300735248e+02
3.295371208300735475e+02
3.296371208300735702e+02
3.297371208300735930e+02
3.298371208300736157e+02
3.299371208300736384e+02
3.300371208300736612e+02
3.301371208300736839e+02
3.302371208300737067e+02
3.303371208300737294e+02
3.304371208300737521e+02
3.305371208300737749e+02
3.306371208300737976e+02
3.307371208300738203e+02
3.308371208300738431e+02
3.309371208300738658e+02
3.310371208300738886e+02
3.311371208300739113e+02
3.312371208300739340e+02
3.313371208300739568e+02
3.314371208300739795e+02
3.315371208300740022e+02
3.316371208300740250e+02
3.317371208300740477e+02
3.318371208300740705e+02
3.319371208300740932e+02
3.320371208300741159e+02
3.321371208300741387e+02
3.322371208300741614e+02
3.323371208300741841e+02
3.324371208300742069e+02
3.325371208300742296e+02
3.326371208300742524e+02
3.327371208300742751e+02
3.328371208300742978e+02
3.329371208300743206e+02
3.330371208300743433e+02
3.331371208300743660e+02
3.332371208300743888e+02
3.333371208300744115e+02
3.334371208300744343e+02
3.335371208300744570e+02
3.336371208300744797e+02
3.337371208300745025e+02
3.338371208300745252e+02
3.339371208300745479e+02
3.340371208300745707e+02
3.341371208300745934e+02
3.342371208300746162e+02
3.343371208300746389e+02
3.344371208300746616e+02
3.345371208300746844e+02
3.346371208300747071e+02
3.347371208300747298e+02
3.348371208300747526e+02
3.349371208300747753e+02
3.350371208300747981e+02
3.351371208300748208e+02
3.352371208300748435e+02
3.353371208300748663e+02
3.354371208300748890e+02
3.355371208300749117e+02
3.356371208300749345e+02
3.357371208300749572e+02
3.358371208300749799e+02
3.359371208300750027e+02
3.360371208300750254e+02
3.361371208300750482e+02
3.362371208300750709e+02
3.363371208300750936e+02
3.364371208300751164e+02
3.365371208300751391e+02
3.366371208300751618e+02
3.367371208300751846e+02
3.368371208300752073e+02
3.369371208300752301e+02
3.370371208300752528e+02
3.371371208300752755e+02
3.372371208300752983e+02
3.373371208300753210e+02
3.374371208300753437e+02
3.375371208300753665e+02
3.376371208300753892e+02
3.377371208300754120e+02
3.378371208300754347e+02
3.379371208300754574e+02
3.380371208300754802e+02
3.381371208300755029e+02
3.382371208300755256e+02
3.383371208300755484e+02
3.384371208300755711e+02
3.385371208300755939e+02
3.386371208300756166e+02
3.387371208300756393e+02
3.388371208300756621e+02
3.389371208300756848e+02
3.390371208300757075e+02
3.391371208300757303e+02
3.392371208300757530e+02
3.393371208300757758e+02
3.394371208300757985e+02
3.395371208300758212e+02
3.396371208300758440e+02
3.397371208300758667e+02
3.398371208300758894e+02
3.399371208300759122e+02
3.400371208300759349e+02
3.401371208300759577e+02
3.402371208300759804e+02
3.403371208300760031e+02
3.404371208300760259e+02
3.405371208300760486e+02
3.406371208300760713e+02
3.407371208300760941e+02
3.408371208300761168e+02
3.409371208300761396e+02
3.410371208300761623e+02
3.411371208300761850e+02
3.412371208300762078e+02
3.413371208300762305e+02
3.414371208300762532e+02
3.415371208300762760e+02
3.416371208300762987e+02
3.417371208300763215e+02
3.418371208300763442e+02
3.419371208300763669e+02
3.420371208300763897e+02
3.421371208300764124e+02
3.422371208300764351e+02
3.423371208300764579e+02
3.424371208300764806e+02
3.425371208300765034e+02
3.426371208300765261e+02
3.427371208300765488e+02
3.428371208300765716e+02
3.429371208300765943e+02
3.430371208300766170e+02
3.431371208300766398e+02
3.432371208300766625e+02
3.433371208300766853e+02
3.434371208300767080e+02
3.435371208300767307e+02
3.436371208300767535e+02
3.437371208300767762e+02
3.438371208300767989e+02
3.439371208300768217e+02
3.440371208300768444e+02
3.441371208300768672e+02
3.442371208300768899e+02
3.443371208300769126e+02
3.444371208300769354e+02
3.445371208300769581e+02
3.446371208300769808e+02
3.447371208300770036e+02
3.448371208300770263e+02
3.449371208300770490e+02
3.450371208300770718e+02
3.451371208300770945e+02
3.452371208300771173e+02
3.453371208300771400e+02
3.454371208300771627e+02
3.455371208300771855e+02
3.456371208300772082e+02
3.457371208300772309e+02
3.458371208300772537e+02
3.459371208300772764e+02
3.460371208300772992e+02
3.461371208300773219e+02
3.462371208300773446e+02
3.463371208300773674e+02
3.464371208300773901e+02
3.465371208300774128e+02
3.466371208300774356e+02
3.467371208300774583e+02
3.468371208300774811e+02
3.469371208300775038e+02
3.470371208300775265e+02
3.471371208300775493e+02
3.472371208300775720e+02
3.473371208300775947e+02
3.474371208300776175e+02
3.475371208300776402e+02
3.476371208300776630e+02
3.477371208300776857e+02
3.478371208300777084e+02
3.479371208300777312e+02
3.480371208300777539e+02
3.481371208300777766e+02
3.482371208300777994e+02
3.483371208300778221e+02
3.484371208300778449e+02
3.485371208300778676e+02
3.486371208300778903e+02
3.487371208300779131e+02
3.488371208300779358e+02
3.489371208300779585e+02
3.490371208300779813e+02
3.491371208300780040e+02
3.492371208300780268e+02
3.493371208300780495e+02
3.494371208300780722e+02
3.495371208300780950e+02
3.496371208300781177e+02
3.497371208300781404e+02
3.498371208300781632e+02
3.499371208300781859e+02
3.500371208300782087e+02
3.501371208300782314e+02
3.502371208300782541e+02
3.503371208300782769e+02
3.504371208300782996e+02
3.505371208300783223e+02
3.506371208300783451e+02
3.507371208300783678e+02
3.508371208300783906e+02
3.509371208300784133e+02
3.510371208300784360e+02
3.511371208300784588e+02
3.512371208300784815e+02
3.513371208300785042e+02
3.514371208300785270e+02
3.515371208300785497e+02
3.516371208300785725e+02
3.517371208300785952e+02
3.518371208300786179e+02
3.519371208300786407e+02
3.520371208300786634e+02
3.521371208300786861e+02
3.522371208300787089e+02
3.523371208300787316e+02
3.524371208300787544e+02
3.525371208300787771e+02
3.526371208300787998e+02
3.527371208300788226e+02
3.528371208300788453e+02
3.529371208300788680e+02
3.530371208300788908e+02
3.531371208300789135e+02
3.532371208300789363e+02
3.533371208300789590e+02
3.534371208300789817e+02
3.535371208300790045e+02
3.536371208300790272e+02
3.537371208300790499e+02
3.538371208300790727e+02
3.539371208300790954e+02
3.540371208300791182e+02
3.541371208300791409e+02
3.542371208300791636e+02
3.543371208300791864e+02
3.544371208300792091e+02
3.545371208300792318e+02
3.546371208300792546e+02
3.547371208300792773e+02
3.548371208300793000e+02
3.549371208300793228e+02
3.550371208300793455e+02
3.551371208300793683e+02
3.552371208300793910e+02
3.553371208300794137e+02
3.554371208300794365e+02
3.555371208300794592e+02
3.556371208300794819e+02
3.557371208300795047e+02
3.558371208300795274e+02
3.559371208300795502e+02
3.560371208300795729e+02
3.561371208300795956e+02
3.562371208300796184e+02
3.563371208300796411e+02
3.564371208300796638e+02
3.565371208300796866e+02
3.566371208300797093e+02
3.567371208300797321e+02
3.568371208300797548e+02
3.569371208300797775e+02
3.570371208300798003e+02
3.571371208300798230e+02
3.572371208300798457e+02
3.573371208300798685e+02
3.574371208300798912e+02
3.575371208300799140e+02
3.576371208300799367e+02
3.577371208300799594e+02
3.578371208300799822e+02
3.579371208300800049e+02
3.580371208300800276e+02
3.581371208300800504e+02
3.582371208300800731e+02
3.583371208300800959e+02
3.584371208300801186e+02
3.585371208300801413e+02
3.586371208300801641e+02
3.587371208300801868e+02
3.588371208300802095e+02
3.589371208300802323e+02
3.590371208300802550e+02
3.591371208300802778e+02
3.592371208300803005e+02
3.593371208300803232e+02
3.594371208300803460e+02
3.595371208300803687e+02
3.596371208300803914e+02
3.597371208300804142e+02
3.598371208300804369e+02
3.599371208300804597e+02
3.600371208300804824e+02
3.601371208300805051e+02
3.602371208300805279e+02
3.603371208300805506e+02
3.604371208300805733e+02
3.605371208300805961e+02
3.606371208300806188e+02
3.607371208300806416e+02
3.608371208300806643e+02
3.609371208300806870e+02
3.610371208300807098e+02
3.611371208300807325e+02
3.612371208300807552e+02
3.613371208300807780e+02
3.614371208300808007e+02
3.615371208300808235e+02
3.616371208300808462e+02
3.617371208300808689e+02
3.618371208300808917e+02
3.619371208300809144e+02
3.620371208300809371e+02
3.621371208300809599e+02
3.622371208300809826e+02
3.623371208300810054e+02
3.624371208300810281e+02
3.625371208300810508e+02
3.626371208300810736e+02
3.627371208300810963e+02
3.628371208300811190e+02
3.629371208300811418e+02
3.630371208300811645e+02
3.631371208300811873e+02
3.632371208300812100e+02
3.633371208300812327e+02
3.634371208300812555e+02
3.635371208300812782e+02
3.636371208300813009e+02
3.637371208300813237e+02
3.638371208300813464e+02
3.639371208300813691e+02
3.640371208300813919e+02
3.641371208300814146e+02
3.642371208300814374e+02
3.643371208300814601e+02
3.644371208300814828e+02
3.645371208300815056e+02
3.646371208300815283e+02
3.647371208300815510e+02
3.648371208300815738e+02
3.649371208300815965e+02
3.650371208300816193e+02
3.651371208300816420e+02
3.652371208300816647e+02
3.653371208300816875e+02
3.654371208300817102e+02
3.655371208300817329e+02
3.656371208300817557e+02
3.657371208300817784e+02
3.658371208300818012e+02
3.659371208300818239e+02
3.660371208300818466e+02
3.661371208300818694e+02
3.662371208300818921e+02
3.663371208300819148e+02
3.664371208300819376e+02
3.665371208300819603e+02
3.666371208300819831e+02
3.667371208300820058e+02
3.668371208300820285e+02
3.669371208300820513e+02
3.670371208300820740e+02
3.671371208300820967e+02
3.672371208300821195e+02
3.673371208300821422e+02
3.674371208300821650e+02
3.675371208300821877e+02
3.676371208300822104e+02
3.677371208300822332e+02
3.678371208300822559e+02
3.679371208300822786e+02
3.680371208300823014e+02
3.681371208300823241e+02
3.682371208300823469e+02
3.683371208300823696e+02
3.684371208300823923e+02
3.685371208300824151e+02
3.686371208300824378e+02
3.687371208300824605e+02
3.688371208300824833e+02
3.689371208300825060e+02
3.690371208300825288e+02
3.691371208300825515e+02
3.692371208300825742e+02
3.693371208300825970e+02
3.694371208300826197e+02
3.695371208300826424e+02
3.696371208300826652e+02
3.697371208300826879e+02
3.698371208300827107e+02
3.699371208300827334e+02
3.700371208300827561e+02
3.701371208300827789e+02
3.702371208300828016e+02
3.703371208300828243e+02
3.704371208300828471e+02
3.705371208300828698e+02
3.706371208300828926e+02
3.707371208300829153e+02
3.708371208300829380e+02
3.709371208300829608e+02
3.710371208300829835e+02
3.711371208300830062e+02
3.712371208300830290e+02
3.713371208300830517e+02
3.714371208300830745e+02
3.715371208300830972e+02
3.716371208300831199e+02
3.717371208300831427e+02
3.718371208300831654e+02
3.719371208300831881e+02
3.720371208300832109e+02
3.721371208300832336e+02
3.722371208300832564e+02
3.723371208300832791e+02
3.724371208300833018e+02
3.725371208300833246e+02
3.726371208300833473e+02
3.727371208300833700e+02
3.728371208300833928e+02
3.729371208300834155e+02
3.730371208300834382e+02
3.731371208300834610e+02
3.732371208300834837e+02
3.733371208300835065e+02
3.734371208300835292e+02
3.735371208300835519e+02
3.736371208300835747e+02
3.737371208300835974e+02
3.738371208300836201e+02
3.739371208300836429e+02
3.740371208300836656e+02
3.741371208300836884e+02
3.742371208300837111e+02
3.743371208300837338e+02
3.744371208300837566e+02
3.745371208300837793e+02
3.746371208300838020e+02
3.747371208300838248e+02
3.748371208300838475e+02
3.749371208300838703e+02
3.750371208300838930e+02
3.751371208300839157e+02
3.752371208300839385e+02
3.753371208300839612e+02
3.754371208300839839e+02
3.755371208300840067e+02
3.756371208300840294e+02
3.757371208300840522e+02
3.758371208300840749e+02
3.759371208300840976e+02
3.760371208300841204e+02
3.761371208300841431e+02
3.762371208300841658e+02
3.763371208300841886e+02
3.764371208300842113e+02
3.765371208300842341e+02
3.766371208300842568e+02
3.767371208300842795e+02
3.768371208300843023e+02
3.769371208300843250e+02
3.770371208300843477e+02
3.771371208300843705e+02
3.772371208300843932e+02
3.773371208300844160e+02
3.774371208300844387e+02
3.775371208300844614e+02
3.776371208300844842e+02
3.777371208300845069e+02
3.778371208300845296e+02
3.779371208300845524e+02
3.780371208300845751e+02
3.781371208300845979e+02
3.782371208300846206e+02
3.783371208300846433e+02
3.784371208300846661e+02
3.785371208300846888e+02
3.786371208300847115e+02
3.787371208300847343e+02
3.788371208300847570e+02
3.789371208300847798e+02
3.790371208300848025e+02
3.791371208300848252e+02
3.792371208300848480e+02
3.793371208300848707e+02
3.794371208300848934e+02
3.795371208300849162e+02
3.796371208300849389e+02
3.797371208300849617e+02
3.798371208300849844e+02
3.799371208300850071e+02
3.800371208300850299e+02
3.801371208300850526e+02
3.802371208300850753e+02
3.803371208300850981e+02
3.804371208300851208e+02
3.805371208300851436e+02
3.806371208300851663e+02
3.807371208300851890e+02
3.808371208300852118e+02
3.809371208300852345e+02
3.810371208300852572e+02
3.811371208300852800e+02
3.812371208300853027e+02
3.813371208300853255e+02
3.814371208300853482e+02
3.815371208300853709e+02
3.816371208300853937e+02
3.817371208300854164e+02
3.818371208300854391e+02
3.819371208300854619e+02
3.820371208300854846e+02
3.821371208300855074e+02
3.822371208300855301e+02
3.823371208300855528e+02
3.824371208300855756e+02
3.825371208300855983e+02
3.826371208300856210e+02
3.827371208300856438e+02
3.828371208300856665e+02
3.829371208300856892e+02
3.830371208300857120e+02
3.831371208300857347e+02
3.832371208300857575e+02
3.833371208300857802e+02
3.834371208300858029e+02
3.835371208300858257e+02
3.836371208300858484e+02
3.837371208300858711e+02
3.838371208300858939e+02
3.839371208300859166e+02
3.840371208300859394e+02
3.841371208300859621e+02
3.842371208300859848e+02
3.843371208300860076e+02
3.844371208300860303e+02
3.845371208300860530e+02
3.846371208300860758e+02
3.847371208300860985e+02
3.848371208300861213e+02
3.849371208300861440e+02
3.850371208300861667e+02
3.851371208300861895e+02
3.852371208300862122e+02
3.853371208300862349e+02
3.854371208300862577e+02
3.855371208300862804e+02
3.856371208300863032e+02
3.857371208300863259e+02
3.858371208300863486e+02
3.859371208300863714e+02
3.860371208300863941e+02
3.861371208300864168e+02
3.862371208300864396e+02
3.863371208300864623e+02
3.864371208300864851e+02
3.865371208300865078e+02
3.866371208300865305e+02
3.867371208300865533e+02
3.868371208300865760e+02
3.869371208300865987e+02
3.870371208300866215e+02
3.871371208300866442e+02
3.872371208300866670e+02
3.873371208300866897e+02
3.874371208300867124e+02
3.875371208300867352e+02
3.876371208300867579e+02
3.877371208300867806e+02
3.878371208300868034e+02
3.879371208300868261e+02
3.880371208300868489e+02
3.881371208300868716e+02
3.882371208300868943e+02
3.883371208300869171e+02
3.884371208300869398e+02
3.885371208300869625e+02
3.886371208300869853e+02
3.887371208300870080e+02
3.888371208300870308e+02
3.889371208300870535e+02
3.890371208300870762e+02
3.891371208300870990e+02
3.892371208300871217e+02
3.893371208300871444e+02
3.894371208300871672e+02
3.895371208300871899e+02
3.896371208300872127e+02
3.897371208300872354e+02
3.898371208300872581e+02
3.899371208300872809e+02
3.900371208300873036e+02
3.901371208300873263e+02
3.902371208300873491e+02
3.903371208300873718e+02
3.904371208300873946e+02
3.905371208300874173e+02
3.906371208300874400e+02
3.907371208300874628e+02
3.908371208300874855e+02
3.909371208300875082e+02
3.910371208300875310e+02
3.911371208300875537e+02
3.912371208300875765e+02
3.913371208300875992e+02
3.914371208300876219e+02
3.915371208300876447e+02
3.916371208300876674e+02
3.917371208300876901e+02
3.918371208300877129e+02
3.919371208300877356e+02
3.920371208300877583e+02
3.921371208300877811e+02
3.922371208300878038e+02
3.923371208300878266e+02
3.924371208300878493e+02
3.925371208300878720e+02
3.926371208300878948e+02
3.927371208300879175e+02
3.928371208300879402e+02
3.929371208300879630e+02
3.930371208300879857e+02
3.931371208300880085e+02
3.932371208300880312e+02
3.933371208300880539e+02
3.934371208300880767e+02
3.935371208300880994e+02
3.936371208300881221e+02
3.937371208300881449e+02
3.938371208300881676e+02
3.939371208300881904e+02
3.940371208300882131e+02
3.941371208300882358e+02
3.942371208300882586e+02
3.943371208300882813e+02
3.944371208300883040e+02
3.945371208300883268e+02
3.946371208300883495e+02
3.947371208300883723e+02
3.948371208300883950e+02
3.949371208300884177e+02
3.950371208300884405e+02
3.951371208300884632e+02
3.952371208300884859e+02
3.953371208300885087e+02
3.954371208300885314e+02
3.955371208300885542e+02
3.956371208300885769e+02
3.957371208300885996e+02
3.958371208300886224e+02
3.959371208300886451e+02
3.960371208300886678e+02
3.961371208300886906e+02
3.962371208300887133e+02
3.963371208300887361e+02
3.964371208300887588e+02
3.965371208300887815e+02
3.966371208300888043e+02
3.967371208300888270e+02
3.968371208300888497e+02
3.969371208300888725e+02
3.970371208300888952e+02
3.971371208300889180e+02
3.972371208300889407e+02
3.973371208300889634e+02
3.974371208300889862e+02
3.975371208300890089e+02
3.976371208300890316e+02
3.977371208300890544e+02
3.978371208300890771e+02
3.979371208300890999e+02
3.980371208300891226e+02
3.981371208300891453e+02
3.982371208300891681e+02
3.983371208300891908e+02
3.984371208300892135e+02
3.985371208300892363e+02
3.986371208300892590e+02
3.987371208300892818e+02
3.988371208300893045e+02
3.989371208300893272e+02
3.990371208300893500e+02
3.991371208300893727e+02
3.992371208300893954e+02
3.993371208300894182e+02
3.994371208300894409e+02
3.995371208300894637e+02
3.996371208300894864e+02
3.997371208300895091e+02
3.998371208300895319e+02
3.999371208300895546e+02
4.000371208300895773e+02
4.001371208300896001e+02
4.002371208300896228e+02
4.003371208300896456e+02
4.004371208300896683e+02
4.005371208300896910e+02
4.006371208300897138e+02
4.007371208300897365e+02
4.008371208300897592e+02
4.009371208300897820e+02
4.010371208300898047e+02
4.011371208300898275e+02
4.012371208300898502e+02
4.013371208300898729e+02
4.014371208300898957e+02
4.015371208300899184e+02
4.016371208300899411e+02
4.017371208300899639e+02
4.018371208300899866e+02
4.019371208300900093e+02
4.020371208300900321e+02
4.021371208300900548e+02
4.022371208300900776e+02
4.023371208300901003e+02
4.024371208300901230e+02
4.025371208300901458e+02
4.026371208300901685e+02
4.027371208300901912e+02
4.028371208300902140e+02
4.029371208300902367e+02
4.030371208300902595e+02
4.031371208300902822e+02
4.032371208300903049e+02
4.033371208300903277e+02
4.034371208300903504e+02
4.035371208300903731e+02
4.036371208300903959e+02
4.037371208300904186e+02
4.038371208300904414e+02
4.039371208300904641e+02
4.040371208300904868e+02
4.041371208300905096e+02
4.042371208300905323e+02
4.043371208300905550e+02
4.044371208300905778e+02
4.045371208300906005e+02
4.046371208300906233e+02
4.047371208300906460e+02
4.048371208300906687e+02
4.049371208300906915e+02
4.050371208300907142e+02
4.051371208300907369e+02
4.052371208300907597e+02
4.053371208300907824e+02
4.054371208300908052e+02
4.055371208300908279e+02
4.056371208300908506e+02
4.057371208300908734e+02
4.058371208300908961e+02
4.059371208300909188e+02
4.060371208300909416e+02
4.061371208300909643e+02
4.062371208300909871e+02
4.063371208300910098e+02
4.064371208300910325e+02
4.065371208300910553e+02
4.066371208300910780e+02
4.067371208300911007e+02
4.068371208300911235e+02
4.069371208300911462e+02
4.070371208300911690e+02
4.071371208300911917e+02
4.072371208300912144e+02
4.073371208300912372e+02
4.074371208300912599e+02
4.075371208300912826e+02
4.076371208300913054e+02
4.077371208300913281e+02
4.078371208300913509e+02
4.079371208300913736e+02
4.080371208300913963e+02
4.081371208300914191e+02
4.082371208300914418e+02
4.083371208300914645e+02
4.084371208300914873e+02
4.085371208300915100e+02
4.086371208300915328e+02
4.087371208300915555e+02
4.088371208300915782e+02
4.089371208300916010e+02
4.090371208300916237e+02
4.091371208300916464e+02
4.092371208300916692e+02
4.093371208300916919e+02
4.094371208300917147e+02
4.095371208300917374e+02
4.096371208300917601e+02
4.097371208300917829e+02
4.098371208300918056e+02
4.099371208300918283e+02
4.100371208300918511e+02
4.101371208300918738e+02
4.102371208300918966e+02
4.103371208300919193e+02
4.104371208300919420e+02
4.105371208300919648e+02
4.106371208300919875e+02
4.107371208300920102e+02
4.108371208300920330e+02
4.109371208300920557e+02
4.110371208300920784e+02
4.111371208300921012e+02
4.112371208300921239e+02
4.113371208300921467e+02
4.114371208300921694e+02
4.115371208300921921e+02
4.116371208300922149e+02
4.117371208300922376e+02
4.118371208300922603e+02
4.119371208300922831e+02
4.120371208300923058e+02
4.121371208300923286e+02
4.122371208300923513e+02
4.123371208300923740e+02
4.124371208300923968e+02
4.125371208300924195e+02
4.126371208300924422e+02
4.127371208300924650e+02
4.128371208300924877e+02
4.129371208300925105e+02
4.130371208300925332e+02
4.131371208300925559e+02
4.132371208300925787e+02
4.133371208300926014e+02
4.134371208300926241e+02
4.135371208300926469e+02
4.136371208300926696e+02
4.137371208300926924e+02
4.138371208300927151e+02
4.139371208300927378e+02
4.140371208300927606e+02
4.141371208300927833e+02
4.142371208300928060e+02
4.143371208300928288e+02
4.144371208300928515e+02
4.145371208300928743e+02
4.146371208300928970e+02
4.147371208300929197e+02
4.148371208300929425e+02
4.149371208300929652e+02
4.150371208300929879e+02
4.151371208300930107e+02
4.152371208300930334e+02
4.153371208300930562e+02
4.154371208300930789e+02
4.155371208300931016e+02
4.156371208300931244e+02
4.157371208300931471e+02
4.158371208300931698e+02
4.159371208300931926e+02
4.160371208300932153e+02
4.161371208300932381e+02
4.162371208300932608e+02
4.163371208300932835e+02
4.164371208300933063e+02
4.165371208300933290e+02
4.166371208300933517e+02
4.167371208300933745e+02
4.168371208300933972e+02
4.169371208300934200e+02
4.170371208300934427e+02
4.171371208300934654e+02
4.172371208300934882e+02
4.173371208300935109e+02
4.174371208300935336e+02
4.175371208300935564e+02
4.176371208300935791e+02
4.177371208300936019e+02
4.178371208300936246e+02
4.179371208300936473e+02
4.180371208300936701e+02
4.181371208300936928e+02
4.182371208300937155e+02
4.183371208300937383e+02
4.184371208300937610e+02
4.185371208300937838e+02
4.186371208300938065e+02
4.187371208300938292e+02
4.188371208300938520e+02
4.189371208300938747e+02
4.190371208300938974e+02
4.191371208300939202e+02
4.192371208300939429e+02
4.193371208300939657e+02
4.194371208300939884e+02
4.195371208300940111e+02
4.196371208300940339e+02
4.197371208300940566e+02
4.198371208300940793e+02
4.199371208300941021e+02
4.200371208300941248e+02
4.201371208300941475e+02
4.202371208300941703e+02
4.203371208300941930e+02
4.204371208300942158e+02
4.205371208300942385e+02
4.206371208300942612e+02
4.207371208300942840e+02
4.208371208300943067e+02
4.209371208300943294e+02
4.210371208300943522e+02
4.211371208300943749e+02
4.212371208300943977e+02
4.213371208300944204e+02
4.214371208300944431e+02
4.215371208300944659e+02
4.216371208300944886e+02
4.217371208300945113e+02
4.218371208300945341e+02
4.219371208300945568e+02
4.220371208300945796e+02
4.221371208300946023e+02
4.222371208300946250e+02
4.223371208300946478e+02
4.224371208300946705e+02
4.225371208300946932e+02
4.226371208300947160e+02
4.227371208300947387e+02
4.228371208300947615e+02
4.229371208300947842e+02
4.230371208300948069e+02
4.231371208300948297e+02
4.232371208300948524e+02
4.233371208300948751e+02
4.234371208300948979e+02
4.235371208300949206e+02
4.236371208300949434e+02
4.237371208300949661e+02
4.238371208300949888e+02
4.239371208300950116e+02
4.240371208300950343e+02
4.241371208300950570e+02
4.242371208300950798e+02
4.243371208300951025e+02
4.244371208300951253e+02
4.245371208300951480e+02
4.246371208300951707e+02
4.247371208300951935e+02
4.248371208300952162e+02
4.249371208300952389e+02
4.250371208300952617e+02
4.251371208300952844e+02
4.252371208300953072e+02
4.253371208300953299e+02
4.254371208300953526e+02
4.255371208300953754e+02
4.256371208300953981e+02
4.257371208300954208e+02
4.258371208300954436e+02
4.259371208300954663e+02
4.260371208300954891e+02
4.261371208300955118e+02
4.262371208300955345e+02
4.263371208300955573e+02
4.264371208300955800e+02
4.265371208300956027e+02
4.266371208300956255e+02
4.267371208300956482e+02
4.268371208300956710e+02
4.269371208300956937e+02
4.270371208300957164e+02
4.271371208300957392e+02
4.272371208300957619e+02
4.273371208300957846e+02
4.274371208300958074e+02
4.275371208300958301e+02
4.276371208300958529e+02
4.277371208300958756e+02
4.278371208300958983e+02
4.279371208300959211e+02
4.280371208300959438e+02
4.281371208300959665e+02
4.282371208300959893e+02
4.283371208300960120e+02
4.284371208300960348e+02
4.285371208300960575e+02
4.286371208300960802e+02
4.287371208300961030e+02
4.288371208300961257e+02
4.289371208300961484e+02
4.290371208300961712e+02
4.291371208300961939e+02
4.292371208300962167e+02
4.293371208300962394e+02
4.294371208300962621e+02
4.295371208300962849e+02
4.296371208300963076e+02
4.297371208300963303e+02
4.298371208300963531e+02
4.299371208300963758e+02
4.300371208300963985e+02
4.301371208300964213e+02
4.302371208300964440e+02
4.303371208300964668e+02
4.304371208300964895e+02
4.305371208300965122e+02
4.306371208300965350e+02
4.307371208300965577e+02
4.308371208300965804e+02
4.309371208300966032e+02
4.310371208300966259e+02
4.311371208300966487e+02
4.312371208300966714e+02
4.313371208300966941e+02
4.314371208300967169e+02
4.315371208300967396e+02
4.316371208300967623e+02
4.317371208300967851e+02
4.318371208300968078e+02
4.319371208300968306e+02
4.320371208300968533e+02
4.321371208300968760e+02
4.322371208300968988e+02
4.323371208300969215e+02
4.324371208300969442e+02
4.325371208300969670e+02
4.326371208300969897e+02
4.327371208300970125e+02
4.328371208300970352e+02
4.329371208300970579e+02
4.330371208300970807e+02
4.331371208300971034e+02
4.332371208300971261e+02
4.333371208300971489e+02
4.334371208300971716e+02
4.335371208300971944e+02
4.336371208300972171e+02
4.337371208300972398e+02
4.338371208300972626e+02
4.339371208300972853e+02
4.340371208300973080e+02
4.341371208300973308e+02
4.342371208300973535e+02
4.343371208300973763e+02
4.344371208300973990e+02
4.345371208300974217e+02
4.346371208300974445e+02
4.347371208300974672e+02
4.348371208300974899e+02
4.349371208300975127e+02
4.350371208300975354e+02
4.351371208300975582e+02
4.352371208300975809e+02
4.353371208300976036e+02
4.354371208300976264e+02
4.355371208300976491e+02
4.356371208300976718e+02
4.357371208300976946e+02
4.358371208300977173e+02
4.359371208300977401e+02
4.360371208300977628e+02
4.361371208300977855e+02
4.362371208300978083e+02
4.363371208300978310e+02
4.364371208300978537e+02
4.365371208300978765e+02
4.366371208300978992e+02
4.367371208300979220e+02
4.368371208300979447e+02
4.369371208300979674e+02
4.370371208300979902e+02
4.371371208300980129e+02
4.372371208300980356e+02
4.373371208300980584e+02
4.374371208300980811e+02
4.375371208300981039e+02
4.376371208300981266e+02
4.377371208300981493e+02
4.378371208300981721e+02
4.379371208300981948e+02
4.380371208300982175e+02
4.381371208300982403e+02
4.382371208300982630e+02
4.383371208300982858e+02
4.384371208300983085e+02
4.385371208300983312e+02
4.386371208300983540e+02
4.387371208300983767e+02
4.388371208300983994e+02
4.389371208300984222e+02
4.390371208300984449e+02
4.391371208300984676e+02
4.392371208300984904e+02
4.393371208300985131e+02
4.394371208300985359e+02
4.395371208300985586e+02
4.396371208300985813e+02
4.397371208300986041e+02
4.398371208300986268e+02
4.399371208300986495e+02
4.400371208300986723e+02
4.401371208300986950e+02
4.402371208300987178e+02
4.403371208300987405e+02
4.404371208300987632e+02
4.405371208300987860e+02
4.406371208300988087e+02
4.407371208300988314e+02
4.408371208300988542e+02
4.409371208300988769e+02
4.410371208300988997e+02
4.411371208300989224e+02
4.412371208300989451e+02
4.413371208300989679e+02
4.414371208300989906e+02
4.415371208300990133e+02
4.416371208300990361e+02
4.417371208300990588e+02
4.418371208300990816e+02
4.419371208300991043e+02
4.420371208300991270e+02
4.421371208300991498e+02
4.422371208300991725e+02
4.423371208300991952e+02
4.424371208300992180e+02
4.425371208300992407e+02
4.426371208300992635e+02
4.427371208300992862e+02
4.428371208300993089e+02
4.429371208300993317e+02
4.430371208300993544e+02
4.431371208300993771e+02
4.432371208300993999e+02
4.433371208300994226e+02
4.434371208300994454e+02
4.435371208300994681e+02
4.436371208300994908e+02
4.437371208300995136e+02
4.438371208300995363e+02
4.439371208300995590e+02
4.440371208300995818e+02
4.441371208300996045e+02
4.442371208300996273e+02
4.443371208300996500e+02
4.444371208300996727e+02
4.445371208300996955e+02
4.446371208300997182e+02
4.447371208300997409e+02
4.448371208300997637e+02
4.449371208300997864e+02
4.450371208300998092e+02
4.451371208300998319e+02
4.452371208300998546e+02
4.453371208300998774e+02
4.454371208300999001e+02
4.455371208300999228e+02
4.456371208300999456e+02
4.457371208300999683e+02
4.458371208300999911e+02
4.459371208301000138e+02
4.460371208301000365e+02
4.461371208301000593e+02
4.462371208301000820e+02
4.463371208301001047e+02
4.464371208301001275e+02
4.465371208301001502e+02
4.466371208301001730e+02
4.467371208301001957e+02
4.468371208301002184e+02
4.469371208301002412e+02
4.470371208301002639e+02
4.471371208301002866e+02
4.472371208301003094e+02
4.473371208301003321e+02
4.474371208301003549e+02
4.475371208301003776e+02
4.476371208301004003e+02
4.477371208301004231e+02
4.478371208301004458e+02
4.479371208301004685e+02
4.480371208301004913e+02
4.481371208301005140e+02
4.482371208301005368e+02
4.483371208301005595e+02
4.484371208301005822e+02
4.485371208301006050e+02
4.486371208301006277e+02
4.487371208301006504e+02
4.488371208301006732e+02
4.489371208301006959e+02
4.490371208301007186e+02
4.491371208301007414e+02
4.492371208301007641e+02
4.493371208301007869e+02
4.494371208301008096e+02
4.495371208301008323e+02
4.496371208301008551e+02
4.497371208301008778e+02
4.498371208301009005e+02
4.499371208301009233e+02
4.500371208301009460e+02
4.501371208301009688e+02
4.502371208301009915e+02
4.503371208301010142e+02
4.504371208301010370e+02
4.505371208301010597e+02
4.506371208301010824e+02
4.507371208301011052e+02
4.508371208301011279e+02
4.509371208301011507e+02
4.510371208301011734e+02
4.511371208301011961e+02
4.512371208301012189e+02
4.513371208301012416e+02
4.514371208301012643e+02
4.515371208301012871e+02
4.516371208301013098e+02
4.517371208301013326e+02
4.518371208301013553e+02
4.519371208301013780e+02
4.520371208301014008e+02
4.521371208301014235e+02
4.522371208301014462e+02
4.523371208301014690e+02
4.524371208301014917e+02
4.525371208301015145e+02
4.526371208301015372e+02
4.527371208301015599e+02
4.528371208301015827e+02
4.529371208301016054e+02
4.530371208301016281e+02
4.531371208301016509e+02
4.532371208301016736e+02
4.533371208301016964e+02
4.534371208301017191e+02
4.535371208301017418e+02
4.536371208301017646e+02
4.537371208301017873e+02
4.538371208301018100e+02
4.539371208301018328e+02
4.540371208301018555e+02
4.541371208301018783e+02
4.542371208301019010e+02
4.543371208301019237e+02
4.544371208301019465e+02
4.545371208301019692e+02
4.546371208301019919e+02
4.547371208301020147e+02
4.548371208301020374e+02
4.549371208301020602e+02
4.550371208301020829e+02
4.551371208301021056e+02
4.552371208301021284e+02
4.553371208301021511e+02
4.554371208301021738e+02
4.555371208301021966e+02
4.556371208301022193e+02
4.557371208301022421e+02
4.558371208301022648e+02
4.559371208301022875e+02
4.560371208301023103e+02
4.561371208301023330e+02
4.562371208301023557e+02
4.563371208301023785e+02
4.564371208301024012e+02
4.565371208301024240e+02
4.566371208301024467e+02
4.567371208301024694e+02
4.568371208301024922e+02
4.569371208301025149e+02
4.570371208301025376e+02
4.571371208301025604e+02
4.572371208301025831e+02
4.573371208301026059e+02
4.574371208301026286e+02
4.575371208301026513e+02
4.576371208301026741e+02
4.577371208301026968e+02
4.578371208301027195e+02
4.579371208301027423e+02
4.580371208301027650e+02
4.581371208301027877e+02
4.582371208301028105e+02
4.583371208301028332e+02
4.584371208301028560e+02
4.585371208301028787e+02
4.586371208301029014e+02
4.587371208301029242e+02
4.588371208301029469e+02
4.589371208301029696e+02
4.590371208301029924e+02
4.591371208301030151e+02
4.592371208301030379e+02
4.593371208301030606e+02
4.594371208301030833e+02
4.595371208301031061e+02
4.596371208301031288e+02
4.597371208301031515e+02
4.598371208301031743e+02
4.599371208301031970e+02
4.600371208301032198e+02
4.601371208301032425e+02
4.602371208301032652e+02
4.603371208301032880e+02
4.604371208301033107e+02
4.605371208301033334e+02
4.606371208301033562e+02
4.607371208301033789e+02
4.608371208301034017e+02
4.609371208301034244e+02
4.610371208301034471e+02
4.611371208301034699e+02
4.612371208301034926e+02
4.613371208301035153e+02
4.614371208301035381e+02
4.615371208301035608e+02
4.616371208301035836e+02
4.617371208301036063e+02
4.618371208301036290e+02
4.619371208301036518e+02
4.620371208301036745e+02
4.621371208301036972e+02
4.622371208301037200e+02
4.623371208301037427e+02
4.624371208301037655e+02
4.625371208301037882e+02
4.626371208301038109e+02
4.627371208301038337e+02
4.628371208301038564e+02
4.629371208301038791e+02
4.630371208301039019e+02
4.631371208301039246e+02
4.632371208301039474e+02
4.633371208301039701e+02
4.634371208301039928e+02
4.635371208301040156e+02
4.636371208301040383e+02
4.637371208301040610e+02
4.638371208301040838e+02
4.639371208301041065e+02
4.640371208301041293e+02
4.641371208301041520e+02
4.642371208301041747e+02
4.643371208301041975e+02
4.644371208301042202e+02
4.645371208301042429e+02
4.646371208301042657e+02
4.647371208301042884e+02
4.648371208301043112e+02
4.649371208301043339e+02
4.650371208301043566e+02
4.651371208301043794e+02
4.652371208301044021e+02
4.653371208301044248e+02
4.654371208301044476e+02
4.655371208301044703e+02
4.656371208301044931e+02
4.657371208301045158e+02
4.658371208301045385e+02
4.659371208301045613e+02
4.660371208301045840e+02
4.661371208301046067e+02
4.662371208301046295e+02
4.663371208301046522e+02
4.664371208301046750e+02
4.665371208301046977e+02
4.666371208301047204e+02
4.667371208301047432e+02
4.668371208301047659e+02
4.669371208301047886e+02
4.670371208301048114e+02
4.671371208301048341e+02
4.672371208301048569e+02
4.673371208301048796e+02
4.674371208301049023e+02
4.675371208301049251e+02
4.676371208301049478e+02
4.677371208301049705e+02
4.678371208301049933e+02
4.679371208301050160e+02
4.680371208301050387e+02
4.681371208301050615e+02
4.682371208301050842e+02
4.683371208301051070e+02
4.684371208301051297e+02
4.685371208301051524e+02
4.686371208301051752e+02
4.687371208301051979e+02
4.688371208301052206e+02
4.689371208301052434e+02
4.690371208301052661e+02
4.691371208301052889e+02
4.692371208301053116e+02
4.693371208301053343e+02
4.694371208301053571e+02
4.695371208301053798e+02
4.696371208301054025e+02
4.697371208301054253e+02
4.698371208301054480e+02
4.699371208301054708e+02
4.700371208301054935e+02
4.701371208301055162e+02
4.702371208301055390e+02
4.703371208301055617e+02
4.704371208301055844e+02
4.705371208301056072e+02
4.706371208301056299e+02
4.707371208301056527e+02
4.708371208301056754e+02
4.709371208301056981e+02
4.710371208301057209e+02
4.711371208301057436e+02
4.712371208301057663e+02
4.713371208301057891e+02
4.714371208301058118e+02
4.715371208301058346e+02
4.716371208301058573e+02
4.717371208301058800e+02
4.718371208301059028e+02
4.719371208301059255e+02
4.720371208301059482e+02
4.721371208301059710e+02
4.722371208301059937e+02
4.723371208301060165e+02
4.724371208301060392e+02
4.725371208301060619e+02
4.726371208301060847e+02
4.727371208301061074e+02
4.728371208301061301e+02
4.729371208301061529e+02
4.730371208301061756e+02
4.731371208301061984e+02
4.732371208301062211e+02
4.733371208301062438e+02
4.734371208301062666e+02
4.735371208301062893e+02
4.736371208301063120e+02
4.737371208301063348e+02
4.738371208301063575e+02
4.739371208301063803e+02
4.740371208301064030e+02
4.741371208301064257e+02
4.742371208301064485e+02
4.743371208301064712e+02
4.744371208301064939e+02
4.745371208301065167e+02
4.746371208301065394e+02
4.747371208301065622e+02
4.748371208301065849e+02
4.749371208301066076e+02
4.750371208301066304e+02
4.751371208301066531e+02
4.752371208301066758e+02
4.753371208301066986e+02
4.754371208301067213e+02
4.755371208301067441e+02
4.756371208301067668e+02
4.757371208301067895e+02
4.758371208301068123e+02
4.759371208301068350e+02
4.760371208301068577e+02
4.761371208301068805e+02
4.762371208301069032e+02
4.763371208301069260e+02
4.764371208301069487e+02
4.765371208301069714e+02
4.766371208301069942e+02
4.767371208301070169e+02
4.768371208301070396e+02
4.769371208301070624e+02
4.770371208301070851e+02
4.771371208301071078e+02
4.772371208301071306e+02
4.773371208301071533e+02
4.774371208301071761e+02
4.775371208301071988e+02
4.776371208301072215e+02
4.777371208301072443e+02
4.778371208301072670e+02
4.779371208301072897e+02
4.780371208301073125e+02
4.781371208301073352e+02
4.782371208301073580e+02
4.783371208301073807e+02
4.784371208301074034e+02
4.785371208301074262e+02
4.786371208301074489e+02
4.787371208301074716e+02
4.788371208301074944e+02
4.789371208301075171e+02
4.790371208301075399e+02
4.791371208301075626e+02
4.792371208301075853e+02
4.793371208301076081e+02
4.794371208301076308e+02
4.795371208301076535e+02
4.796371208301076763e+02
4.797371208301076990e+02
4.798371208301077218e+02
4.799371208301077445e+02
4.800371208301077672e+02
4.801371208301077900e+02
4.802371208301078127e+02
4.803371208301078354e+02
4.804371208301078582e+02
4.805371208301078809e+02
4.806371208301079037e+02
4.807371208301079264e+02
4.808371208301079491e+02
4.809371208301079719e+02
4.810371208301079946e+02
4.811371208301080173e+02
4.812371208301080401e+02
4.813371208301080628e+02
4.814371208301080856e+02
4.815371208301081083e+02
4.816371208301081310e+02
4.817371208301081538e+02
4.818371208301081765e+02
4.819371208301081992e+02
4.820371208301082220e+02
4.821371208301082447e+02
4.822371208301082675e+02
4.823371208301082902e+02
4.824371208301083129e+02
4.825371208301083357e+02
4.826371208301083584e+02
4.827371208301083811e+02
4.828371208301084039e+02
4.829371208301084266e+02
4.830371208301084494e+02
4.831371208301084721e+02
4.832371208301084948e+02
4.833371208301085176e+02
4.834371208301085403e+02
4.835371208301085630e+02
4.836371208301085858e+02
4.837371208301086085e+02
4.838371208301086313e+02
4.839371208301086540e+02
4.840371208301086767e+02
4.841371208301086995e+02
4.842371208301087222e+02
4.843371208301087449e+02
4.844371208301087677e+02
4.845371208301087904e+02
4.846371208301088132e+02
4.847371208301088359e+02
4.848371208301088586e+02
4.849371208301088814e+02
4.850371208301089041e+02
4.851371208301089268e+02
4.852371208301089496e+02
4.853371208301089723e+02
4.854371208301089951e+02
4.855371208301090178e+02
4.856371208301090405e+02
4.857371208301090633e+02
4.858371208301090860e+02
4.859371208301091087e+02
4.860371208301091315e+02
4.861371208301091542e+02
4.862371208301091769e+02
4.863371208301091997e+02
4.864371208301092224e+02
4.865371208301092452e+02
4.866371208301092679e+02
4.867371208301092906e+02
4.868371208301093134e+02
4.869371208301093361e+02
4.870371208301093588e+02
4.871371208301093816e+02
4.872371208301094043e+02
4.873371208301094271e+02
4.874371208301094498e+02
4.875371208301094725e+02
4.876371208301094953e+02
4.877371208301095180e+02
4.878371208301095407e+02
4.879371208301095635e+02
4.880371208301095862e+02
4.881371208301096090e+02
4.882371208301096317e+02
4.883371208301096544e+02
4.884371208301096772e+02
4.885371208301096999e+02
4.886371208301097226e+02
4.887371208301097454e+02
4.888371208301097681e+02
4.889371208301097909e+02
4.890371208301098136e+02
4.891371208301098363e+02
4.892371208301098591e+02
4.893371208301098818e+02
4.894371208301099045e+02
4.895371208301099273e+02
4.896371208301099500e+02
4.897371208301099728e+02
4.898371208301099955e+02
4.899371208301100182e+02
4.900371208301100410e+02
4.901371208301100637e+02
4.902371208301100864e+02
4.903371208301101092e+02
4.904371208301101319e+02
4.905371208301101547e+02
4.906371208301101774e+02
4.907371208301102001e+02
4.908371208301102229e+02
4.909371208301102456e+02
4.910371208301102683e+02
4.911371208301102911e+02
4.912371208301103138e+02
4.913371208301103366e+02
4.914371208301103593e+02
4.915371208301103820e+02
4.916371208301104048e+02
4.917371208301104275e+02
4.918371208301104502e+02
4.919371208301104730e+02
4.920371208301104957e+02
4.921371208301105185e+02
4.922371208301105412e+02
4.923371208301105639e+02
4.924371208301105867e+02
4.925371208301106094e+02
4.926371208301106321e+02
4.927371208301106549e+02
4.928371208301106776e+02
4.929371208301107004e+02
4.930371208301107231e+02
4.931371208301107458e+02
4.932371208301107686e+02
4.933371208301107913e+02
4.934371208301108140e+02
4.935371208301108368e+02
4.936371208301108595e+02
4.937371208301108823e+02
4.938371208301109050e+02
4.939371208301109277e+02
4.940371208301109505e+02
4.941371208301109732e+02
4.942371208301109959e+02
4.943371208301110187e+02
4.944371208301110414e+02
4.945371208301110642e+02
4.946371208301110869e+02
4.947371208301111096e+02
4.948371208301111324e+02
4.949371208301111551e+02
4.950371208301111778e+02
4.951371208301112006e+02
4.952371208301112233e+02
4.953371208301112461e+02
4.954371208301112688e+02
4.955371208301112915e+02
4.956371208301113143e+02
4.957371208301113370e+02
4.958371208301113597e+02
4.959371208301113825e+02
4.960371208301114052e+02
4.961371208301114279e+02
4.962371208301114507e+02
4.963371208301114734e+02
4.964371208301114962e+02
4.965371208301115189e+02
4.966371208301115416e+02
4.967371208301115644e+02
4.968371208301115871e+02
4.969371208301116098e+02
4.970371208301116326e+02
4.971371208301116553e+02
4.972371208301116781e+02
4.973371208301117008e+02
4.974371208301117235e+02
4.975371208301117463e+02
4.976371208301117690e+02
4.977371208301117917e+02
4.978371208301118145e+02
4.979371208301118372e+02
4.980371208301118600e+02
4.981371208301118827e+02
4.982371208301119054e+02
4.983371208301119282e+02
4.984371208301119509e+02
4.985371208301119736e+02
4.986371208301119964e+02
4.987371208301120191e+02
4.988371208301120419e+02
4.989371208301120646e+02
4.990371208301120873e+02
4.991371208301121101e+02
4.992371208301121328e+02
4.993371208301121555e+02
4.994371208301121783e+02
4.995371208301122010e+02
4.996371208301122238e+02
4.997371208301122465e+02
4.998371208301122692e+02
4.999371208301122920e+02
5.000000000000000000e+02
