0.000000000000000000e+00
5.023179680789916261e-05
1.004635936157988402e-04
2.009271872315975178e-04
3.013907808473961412e-04
4.018543744631950356e-04
1.406490310621182245e-03
2.410167381139576015e-03
3.413671705710146637e-03
4.416602498092265724e-03
6.468414999205385554e-03
8.517234275722318504e-03
1.056306288658905371e-02
1.260590397685873096e-02
1.464575949709099288e-02
1.864681888758408512e-02
2.263637850655410635e-02
2.581011620688593300e-02
2.897656592551172555e-02
3.213573976875967048e-02
3.528764984295797852e-02
3.843230825443483267e-02
4.156972710951841593e-02
4.582681398574631887e-02
5.007054755389803852e-02
5.430095722802470021e-02
5.851807244000289954e-02
6.272192262170923904e-02
6.691253720502032820e-02
7.179771193714862276e-02
7.666486506016251257e-02
8.151404485913571474e-02
8.634529902021442771e-02
9.115867522954482216e-02
9.697331616334382842e-02
1.027618080893021035e-01
1.085242379370565113e-01
1.142606918039510422e-01
1.199712555754568200e-01
1.269358847082766029e-01
1.338619014367956328e-01
1.407494647910735863e-01
1.475987336851302123e-01
1.597251518879341803e-01
1.717310683209617717e-01
1.836173946194235851e-01
1.953850462413600497e-01
2.070349424676415917e-01
2.216117308310297518e-01
2.360031730977693032e-01
2.502111154744938171e-01
2.642374093528559453e-01
2.780839096782649067e-01
2.841543152251275739e-01
2.901900372769979919e-01
2.961912256923183717e-01
3.021580364140418751e-01
3.083200480295076873e-01
3.144453106268571552e-01
3.205340008947407116e-01
3.342639936294512504e-01
3.478073227522232580e-01
3.611660658216644393e-01
3.743422654073443878e-01
3.928166895480652010e-01
4.109300581158730203e-01
4.286882265135132375e-01
4.460969640679718351e-01
4.660397648084257383e-01
4.855206376973152937e-01
4.903197367907562998e-01
4.950906640077269438e-01
4.998335568803611295e-01
5.045485535105826980e-01
5.092357915867564699e-01
5.139452219563369617e-01
5.186265768406477239e-01
5.232799971169217468e-01
5.279056232308084740e-01
5.326706094876859643e-01
5.374060450243500764e-01
5.421120847369662599e-01
5.594961958113615630e-01
5.764773582689665110e-01
5.930634294781422788e-01
6.092621885324419617e-01
6.346321218284954879e-01
6.408235279245131366e-01
6.469554788362020803e-01
6.530284563046161450e-01
6.590429404013370407e-01
6.649994079976164763e-01
6.687554357815278516e-01
6.724883375506724992e-01
6.761982337408289911e-01
6.798852442654419459e-01
6.836042838182225800e-01
6.872999932245265065e-01
6.909724962248176006e-01
7.075798224509377565e-01
7.237099888936280312e-01
7.393745980773404058e-01
7.545850037493393447e-01
7.583179425576616062e-01
7.620233599442794992e-01
7.657014271207891465e-01
7.693523138590372401e-01
7.725545105900528675e-01
7.757357496203453051e-01
7.788961458203825794e-01
7.853029251072108918e-01
7.916237666314214216e-01
7.978596337279417749e-01
8.148988915770266628e-01
8.190579913154124592e-01
8.231774025937397266e-01
8.272560526047623153e-01
8.282699190254189103e-01
8.292813686141982110e-01
8.302903877068334992e-01
8.305422603501958490e-01
8.307939649512866565e-01
8.308044929608364715e-01
8.308150209703865086e-01
8.308360768969211829e-01
8.308571318905693115e-01
8.308781860889382642e-01
8.308823968189679166e-01
8.308836894152231700e-01
8.308847971686529332e-01
8.308864374110171980e-01
8.308873106340538550e-01
8.308874168377631264e-01
8.308829284789958081e-01
8.308784205494367248e-01
8.308739126198778635e-01
8.308288345623905391e-01
8.307837590333219113e-01
8.307386862990788767e-01
8.306936163596614353e-01
8.305032685121342961e-01
8.303129705143570405e-01
8.301227223552614110e-01
8.299325240219281863e-01
8.297423755003560109e-01
8.294527784287650807e-01
8.291632968921476277e-01
8.288739308410342232e-01
8.285846802259553279e-01
8.282955449986966201e-01
8.280065251169730356e-01
8.276519024564372717e-01
8.272974534450943107e-01
8.269431779960025874e-01
8.265890760222225353e-01
8.262351474371949500e-01
8.258170567636603510e-01
8.253992080375852636e-01
8.249816011157954376e-01
8.245642358552419671e-01
8.240840044725528113e-01
8.236040930270782656e-01
8.231245013008713363e-01
8.226452290763803799e-01
8.221430667643019330e-01
8.216412551923357732e-01
8.211397941100864184e-01
8.206386832673627785e-01
8.195288109804839127e-01
8.184206566900263935e-01
8.173142176793002367e-01
8.162094912365519539e-01
8.151064746549432360e-01
8.143577475109026187e-01
8.136098081727188847e-01
8.128626557938818387e-01
8.121162895288928096e-01
8.115980405916877194e-01
8.110801706569238378e-01
8.105626794416502801e-01
8.089123117804639662e-01
8.072657957580287036e-01
8.056231221875290727e-01
8.039842819036541188e-01
8.027290431042501950e-01
8.014760529032762815e-01
8.002253071855200961e-01
7.996294878513249271e-01
7.990341778272909146e-01
7.984393766685513594e-01
7.977086861788822425e-01
7.969787635951950389e-01
7.962496080928584963e-01
7.945539208698870759e-01
7.928623818439529680e-01
7.911749806450154576e-01
7.901949487168745678e-01
7.892163124463452695e-01
7.882390698020986797e-01
7.872632187558028516e-01
7.867853372208337692e-01
7.863077893940386698e-01
7.858305750372427401e-01
7.853576560951703867e-01
7.848850646368958905e-01
7.844128004305450652e-01
7.815825758763452757e-01
7.787641031937447833e-01
7.780613154025867173e-01
7.773592582072588186e-01
7.766579308313186214e-01
7.759573324990853838e-01
7.754877529810066950e-01
7.750185009669926517e-01
7.745495762234914094e-01
7.740856012995459556e-01
7.736219467634299907e-01
7.731586123889199191e-01
7.713386484369283425e-01
7.695236238638245574e-01
7.677135249618183277e-01
7.629836208687750254e-01
7.618064084043776329e-01
7.606312936917369871e-01
7.594582729072241190e-01
7.591653444399502071e-01
7.588725465450437691e-01
7.585798791629650983e-01
7.582873422342015779e-01
7.578320809332809160e-01
7.573771355717717757e-01
7.569225059253750221e-01
7.564692696543884320e-01
7.560163471562066917e-01
7.555637382086004550e-01
7.510548452362095784e-01
7.499324918140255480e-01
7.488120794289627735e-01
7.476936046461060137e-01
7.465770640366373723e-01
7.461284810804038603e-01
7.456802103057419417e-01
7.452322514903173545e-01
7.447865977814258631e-01
7.443412528194288669e-01
7.438962163854192511e-01
7.426776730417984362e-01
7.414614426094692234e-01
7.402475205952747661e-01
7.389516334604735448e-01
7.376583767572242323e-01
7.363677450202474883e-01
7.337943346409432355e-01
7.312313588277985499e-01
7.286787742671805290e-01
7.261365378258562986e-01
7.210247534802821656e-01
7.159547951362316143e-01
7.109263123150663111e-01
7.059389574849950222e-01
7.009923860362439196e-01
6.947914793977619796e-01
6.886546322859138369e-01
6.825811663821020892e-01
6.765704105745806718e-01
6.706217008829251647e-01
6.645225296732166775e-01
6.584885470308441402e-01
6.525190379846036448e-01
6.466132954340064742e-01
6.407706200626550608e-01
6.349903204628029041e-01
6.292717125201673367e-01
6.236141196517775986e-01
6.180168728296062675e-01
6.124793103901536861e-01
6.070007779534822845e-01
6.015806283430099599e-01
5.962182215061690993e-01
5.909129244359418998e-01
5.856641110932601091e-01
5.804711623302595269e-01
5.753334658143798297e-01
5.702504159532999495e-01
5.652214138207016791e-01
5.602458670828487364e-01
5.553231899259768456e-01
5.504528029844824033e-01
5.456341332699020663e-01
5.408666141006754913e-01
5.361496850326805674e-01
5.314827917905348142e-01
5.268653861996527299e-01
5.222969261190524293e-01
5.177768753749011355e-01
5.133047036947941955e-01
5.088798866427568512e-01
5.045019055549618825e-01
5.001702474760282291e-01
4.958844047459412541e-01
4.916438760749450854e-01
4.874481652178160873e-01
4.832967813921018596e-01
4.791892392561488134e-01
4.751250589556820225e-01
4.711037656971239773e-01
4.671248899126128062e-01
4.631879672762819755e-01
4.592925382551602542e-01
4.554381490821886591e-01
4.516243505562836935e-01
4.478506984208921460e-01
4.441167533441047199e-01
4.404220809608178078e-01
4.367662514865308099e-01
4.331488398667098227e-01
4.295694257915239622e-01
4.260275932893505813e-01
4.225229316074853303e-01
4.190550341260405043e-01
4.156234987005882897e-01
4.122279276441244145e-01
4.088679276472647617e-01
4.055431097256759210e-01
4.022530891759196203e-01
3.989974855289506461e-01
3.957759225018535054e-01
3.925880279520923555e-01
3.894334338316425836e-01
3.863117761420773455e-01
3.832226948912787479e-01
3.801658340475059239e-01
3.771408414963361433e-01
3.741473689989944784e-01
3.711850721456953495e-01
3.682536103165663932e-01
3.653526466404653505e-01
3.624818479522674552e-01
3.596408847523601127e-01
3.568294311663183227e-01
3.540471649049796166e-01
3.512937672249586418e-01
3.485689228895968994e-01
3.458723201303418593e-01
3.432036506085520133e-01
3.405626093777147090e-01
3.379488948461094600e-01
3.353622087398472340e-01
3.328022560663256857e-01
3.302687450780960599e-01
3.277613872371266668e-01
3.252798971794556571e-01
3.228239926802350945e-01
3.203933946191592219e-01
3.179878269462745877e-01
3.156070166481657058e-01
3.132506937145140280e-01
3.109185911050247886e-01
3.086104447167182241e-01
3.063259933515813382e-01
3.040649786845754932e-01
3.018271452319968295e-01
2.996122403201849638e-01
2.974200140545765203e-01
2.952502192890991140e-01
2.931026115959033396e-01
2.909769492354269960e-01
2.888729931267898787e-01
2.867905068185144790e-01
2.847292564595690356e-01
2.826890107707297206e-01
2.806695410162580173e-01
2.786706209758904040e-01
2.766920269171367353e-01
2.747335375678856551e-01
2.727949340893018881e-01
2.708760000490350039e-01
2.689765213947188371e-01
2.670962864277611204e-01
2.652350857774218307e-01
2.633927123751784172e-01
2.615689614293725263e-01
2.597636304001362806e-01
2.579765189745948373e-01
2.562074290423420608e-01
2.544561646711804848e-01
2.527225320831489874e-01
2.510063396307904426e-01
2.493073977736867120e-01
2.476255190552585916e-01
2.459605180798196400e-01
2.443122114898805819e-01
2.426804179437041797e-01
2.410649580931078784e-01
2.394656545615103660e-01
2.378823319222205246e-01
2.363148166769649117e-01
2.347629372346524690e-01
2.332265238903722948e-01
2.317054088046236471e-01
2.301994259827739031e-01
2.287084112547432824e-01
2.272322022549133624e-01
2.257706384022564183e-01
2.243235608806841141e-01
2.228908126196126882e-01
2.214722382747417728e-01
2.200676842090472651e-01
2.186769984739758144e-01
2.173000307908558026e-01
2.159366325325101643e-01
2.145866567050699891e-01
2.132499579299853565e-01
2.119263924262487220e-01
2.106158179927971053e-01
2.093180939911123140e-01
2.080330813280171220e-01
2.067606424386604635e-01
2.055006412696878115e-01
2.042529432625977692e-01
2.030174153372819035e-01
2.017939258757459609e-01
2.005823447060103848e-01
1.993825430861879133e-01
1.981943936887370361e-01
1.970177705848885075e-01
1.958525492292435000e-01
1.946986064445412890e-01
1.935558204065952193e-01
1.924240706293936787e-01
1.913032379503661895e-01
1.901932045158110096e-01
1.890938537664836883e-01
1.880050704233443004e-01
1.869267404734628879e-01
1.858587511560747529e-01
1.848009909487963176e-01
1.837533495539903083e-01
1.827157178852800712e-01
1.816879880542102976e-01
1.806700533570650691e-01
1.796618082618183787e-01
1.786631483952321187e-01
1.776739705300985350e-01
1.766941725726235979e-01
1.757236535499472341e-01
1.747623135978016440e-01
1.738100539483058982e-01
1.728667769178944547e-01
1.719323858953790696e-01
1.710067853301419916e-01
1.700898807204591634e-01
1.691815786019522649e-01
1.682817865361677656e-01
1.673904130992829031e-01
1.665073678709317884e-01
1.656325614231597965e-01
1.647659053094982229e-01
1.639073120541579276e-01
1.630566951413428556e-01
1.622139690046807137e-01
1.613790490167709979e-01
1.605518514788471518e-01
1.597322936105532720e-01
1.589202935398331129e-01
1.581157702929305020e-01
1.573186437844999452e-01
1.565288348078262282e-01
1.557462650251514313e-01
1.549708569581088324e-01
1.542025339782621129e-01
1.534412202977484541e-01
1.526868409600252163e-01
1.519393218307180105e-01
1.511985895885699649e-01
1.504645717164904140e-01
1.497371964927023402e-01
1.490163929819873778e-01
1.483020910270269055e-01
1.475942212398388964e-01
1.468927149933089427e-01
1.461975044128144274e-01
1.455085223679412065e-01
1.448257024642913005e-01
1.441489790353808198e-01
1.434782871346274580e-01
1.428135625274256637e-01
1.421547416833096877e-01
1.415017617682026163e-01
1.408545606367506420e-01
1.402130768247422110e-01
1.395772495416103265e-01
1.389470186630175075e-01
1.383223247235222941e-01
1.377031089093270766e-01
1.370893130511047775e-01
1.364808796169056926e-01
1.358777517051416306e-01
1.352798730376476577e-01
1.346871879528201976e-01
1.340996413988307101e-01
1.335171789269142817e-01
1.329397466847316300e-01
1.323672914098049103e-01
1.317997604230252695e-01
1.312371016222322051e-01
1.306792634758635052e-01
1.301261950166751058e-01
1.295778458355303642e-01
1.290341660752573061e-01
1.284951064245740127e-01
1.279606181120804542e-01
1.274306529003168542e-01
1.269051630798873620e-01
1.263841014636483129e-01
1.258674213809607700e-01
1.253550766720060716e-01
1.248470216821643136e-01
1.243432112564543945e-01
1.238436007340354972e-01
1.233481459427692856e-01
1.228568031938414851e-01
1.223695292764433035e-01
1.218862814525110139e-01
1.214070174515236300e-01
1.209316954653578691e-01
1.204602741431996804e-01
1.199927125865120764e-01
1.195289703440580165e-01
1.190690074069784277e-01
1.186127842039242652e-01
1.181602615962422109e-01
1.177114008732134676e-01
1.172661637473448176e-01
1.168245123497118759e-01
1.163864092253531490e-01
1.159518173287152759e-01
1.155207000191482425e-01
1.150930210564500011e-01
1.146687445964607033e-01
1.142478351867047826e-01
1.138302577620816103e-01
1.134159776406033077e-01
1.130049605191794926e-01
1.125971724694485726e-01
1.121925799336549595e-01
1.117911497205714977e-01
1.113928490014670092e-01
1.109976453061182339e-01
1.106055065188654291e-01
1.102164008747118507e-01
1.098302969554657699e-01
1.094471636859252195e-01
1.090669703301047067e-01
1.086896864875034896e-01
1.083152820894148355e-01
1.079437273952761622e-01
1.075749929890591344e-01
1.072090497756996857e-01
1.068458689775671766e-01
1.064854221309727844e-01
1.061276810827158079e-01
1.057726179866685934e-01
1.054202053003985839e-01
1.050704157818278528e-01
1.047232224859294680e-01
1.043785987614599120e-01
1.040365182477278327e-01
1.036969548713981837e-01
1.033598828433316408e-01
1.030252766554588528e-01
1.026931110776889422e-01
1.023633611548523392e-01
1.020360022036769926e-01
1.017110098097980531e-01
1.013883598248004614e-01
1.010680283632940657e-01
1.007499918000209216e-01
1.004342267669946775e-01
1.001207101506711022e-01
9.980941908915000327e-02
9.950033096940794075e-02
9.919342342456138883e-02
9.888867433116002581e-02
9.858606180650979212e-02
9.828556420602556354e-02
9.798716012061284286e-02
9.769082837407831732e-02
9.739654802056900429e-02
9.710429834203947175e-02
9.681405884574709186e-02
9.652580926177475873e-02
9.623952954058093145e-02
9.595519985057673895e-02
9.567280057572956353e-02
9.539231231319326987e-02
9.511371587096424662e-02
9.483699226556360773e-02
9.456212271974452632e-02
9.428908866022517321e-02
9.401787171544631616e-02
9.374845371335389921e-02
9.348081667920576932e-02
9.321494283340281406e-02
9.295081458934366381e-02
9.268841455130343021e-02
9.242772551233542633e-02
9.216873045219614591e-02
9.191141253529321042e-02
9.165575510865567321e-02
9.140174169992686115e-02
9.114935601537922649e-02
9.089858193795108399e-02
9.064940352530498346e-02
9.040180500790746809e-02
9.015577078712991299e-02
8.991128543337030543e-02
8.966833368419580008e-02
8.942690044250564685e-02
8.918697077471428314e-02
8.894852990895442402e-02
8.871156323330020577e-02
8.847605629400963345e-02
8.824199479378641575e-02
8.800936459006102053e-02
8.777815169329057643e-02
8.754834226527752339e-02
8.731992261750685935e-02
8.709287920950158080e-02
8.686719864719619211e-02
8.664286768132838101e-02
8.641987320584806898e-02
8.619820225634414190e-02
8.597784200848868075e-02
8.575877977649794259e-02
8.554100301161056408e-02
8.532449930058244592e-02
8.510925636419822138e-02
8.489526205579904505e-02
8.468250435982677127e-02
8.447097139038386993e-02
8.426065138980945446e-02
8.405153272727099167e-02
8.384360389737122166e-02
8.363685351877081509e-02
8.343127033282592142e-02
8.322684320224080223e-02
8.302356110973524439e-02
8.282141315672683635e-02
8.262038856202748305e-02
8.242047666055447863e-02
8.222166690205563733e-02
8.202394884984860746e-02
8.182731217957386893e-02
8.163174667796166406e-02
8.143724224161237590e-02
8.124378887579035424e-02
8.105137669323099481e-02
8.085999591296112732e-02
8.066963685913210169e-02
8.048028995986598877e-02
8.029194574611432655e-02
8.010459485052949524e-02
7.991822800634845736e-02
7.973283604628883525e-02
7.954840990145722879e-02
7.936494060026932917e-02
7.918241926738210645e-02
7.900083712263776536e-02
7.882018548001913649e-02
7.864045574661679416e-02
7.846163942160740146e-02
7.828372809524328235e-02
7.810671344785333203e-02
7.793058724885461308e-02
7.775534135577512329e-02
7.758096771328708285e-02
7.740745835225104621e-02
7.723480538877043611e-02
7.706300102325648604e-02
7.689203753950363263e-02
7.672190730377476120e-02
7.655260276389685981e-02
7.638411644836645698e-02
7.621644096546487113e-02
7.604956900238341033e-02
7.588349332435792571e-02
7.571820677381299602e-02
7.555370226951571566e-02
7.538997280573857263e-02
7.522701145143155521e-02
7.506481134940343192e-02
7.490336571551217681e-02
7.474266783786392976e-02
7.458271107602133798e-02
7.442348886021994681e-02
7.426499469059381908e-02
7.410722213640925926e-02
7.395016483530716944e-02
7.379381649255381537e-02
7.363817088029958602e-02
7.348322183684603826e-02
7.332896326592117098e-02
7.317538913596248473e-02
7.302249347940788227e-02
7.287027039199456269e-02
7.271871403206550677e-02
7.256781861988369220e-02
7.241757843695370567e-02
7.226798782535097387e-02
7.211904118705825262e-02
7.197073298330958213e-02
7.182305773394123682e-02
7.167601001675005801e-02
7.152958446685867000e-02
7.138377577608777391e-02
7.123857869233526929e-02
7.109398801896234243e-02
7.094999861418617437e-02
7.080660539047944901e-02
7.066380331397630055e-02
7.052158740388503322e-02
7.037995273190709999e-02
7.023889442166264541e-02
7.009840764812212688e-02
6.995848763704448636e-02
6.981912966442130331e-02
6.968032905592715098e-02
6.954208118637593417e-02
6.940438147918330525e-02
6.926722540583486742e-02
6.913060848536042857e-02
6.899452628381376462e-02
6.885897441375840589e-02
6.872394853375876633e-02
6.858944434787725419e-02
6.845545760517651734e-02
6.832198409922746185e-02
6.818901966762247469e-02
6.805656019149430858e-02
6.792460159503979633e-02
6.779313984504921342e-02
6.766217095044066432e-02
6.753169096179956199e-02
6.740169597092324216e-02
6.727218211037054585e-02
6.714314555301638399e-02
6.701458251161110380e-02
6.688648923834490667e-02
6.675886202441692896e-02
6.663169719960895798e-02
6.650499113186410238e-02
6.637874022686982012e-02
6.625294092764577591e-02
6.612758971413605635e-02
6.600268310280593687e-02
6.587821764624313126e-02
6.575418993276335722e-02
6.563059658602024560e-02
6.550743426461953789e-02
6.538469966173766912e-02
6.526238950474427813e-02
6.514050055482918655e-02
6.501902960663312470e-02
6.489797348788288456e-02
6.477732905903017813e-02
6.465709321289472844e-02
6.453726287431105213e-02
6.441783499977930816e-02
6.429880657711989356e-02
6.418017462513184168e-02
6.406193619325500910e-02
6.394408836123603723e-02
6.382662823879775571e-02
6.370955296531255474e-02
6.359285970947907429e-02
6.347654566900257089e-02
6.336060807027658892e-02
6.324504416807158469e-02
6.312985124523487479e-02
6.301502661237194658e-02
6.290056760754821064e-02
6.278647159599025362e-02
6.267273596979003325e-02
6.255935814761234837e-02
6.244633557440540383e-02
6.233366572111461584e-02
6.222134608439964382e-02
6.210937418635441298e-02
6.199774757423031496e-02
6.188646382016230879e-02
6.177552052089827633e-02
6.166491529753104217e-02
6.155464579523363400e-02
6.144470968299729774e-02
6.133510465337235068e-02
6.122582842221203914e-02
6.111687872841909536e-02
6.100825333369511161e-02
6.089995002229265514e-02
6.079196660077017950e-02
6.068430089774950326e-02
6.057695076367609205e-02
6.046991407058188023e-02
6.036318871185073626e-02
6.025677260198648855e-02
6.015066367638354644e-02
6.004485989110001226e-02
5.993935922263322197e-02
5.983415966769790179e-02
5.972925924300664241e-02
5.962465598505279490e-02
5.952034794989585764e-02
5.941633321294904901e-02
5.931260986876944058e-02
5.920917603085010944e-02
5.910602983141487882e-02
5.900316942121507785e-02
5.890059296932868144e-02
5.879829866296155949e-02
5.869628470725098829e-02
5.859454932507131286e-02
5.849309075684163556e-02
5.839190726033580831e-02
5.829099711049429144e-02
5.819035859923832321e-02
5.808999003528588639e-02
5.798988974396990931e-02
5.789005606705831947e-02
5.779048736257613034e-02
5.769118200462947793e-02
5.759213838323161416e-02
5.749335490413075983e-02
5.739482998863990049e-02
5.729656207346843499e-02
5.719854961055562820e-02
5.710079106690595790e-02
5.700328492442630762e-02
5.690602967976475524e-02
5.680902384415136702e-02
5.671226594324065007e-02
5.661575451695561451e-02
5.651948811933377170e-02
5.642346531837468676e-02
5.632768469588913390e-02
5.623214484735013924e-02
5.613684438174543212e-02
5.604178192143167286e-02
5.594695610199013069e-02
5.585236557208413111e-02
5.575800899331789795e-02
5.566388504009707472e-02
5.556999239949066138e-02
5.547632977109460267e-02
5.538289586689671556e-02
5.528968941114325436e-02
5.519670914020681496e-02
5.510395380245580732e-02
5.501142215812523939e-02
5.491911297918898593e-02
5.482702504923352843e-02
5.473515716333290232e-02
5.464350812792516388e-02
5.455207676069019629e-02
5.446086189042877862e-02
5.436986235694310499e-02
5.427907701091842785e-02
5.418850471380628336e-02
5.409814433770866043e-02
5.400799476526372406e-02
5.391805488953266279e-02
5.382832361388775050e-02
5.373879985190176817e-02
5.364948252723843874e-02
5.356037057354430531e-02
5.347146293434157371e-02
5.338275856292225979e-02
5.329425642224348836e-02
5.320595548482390941e-02
5.311785473264118984e-02
5.302995315703084439e-02
5.294224975858589227e-02
5.285474354705781835e-02
5.276743354125855434e-02
5.268031876896355631e-02
5.259339826681585367e-02
5.250667108023131247e-02
5.242013626330481457e-02
5.233379287871745694e-02
5.224763999764490269e-02
5.216167669966655096e-02
5.207590207267586563e-02
5.199031521279161294e-02
5.190491522427001514e-02
5.181970121941804897e-02
5.173467231850749359e-02
5.164982764968997081e-02
5.156516634891308154e-02
5.148068755983722239e-02
5.139639043375344302e-02
5.131227412950224026e-02
5.122833781339308085e-02
5.114458065912506207e-02
5.106100184770812067e-02
5.097760056738542822e-02
5.089437601355638330e-02
5.081132738870058202e-02
5.072845390230264206e-02
5.064575477077767895e-02
5.056322921739783705e-02
5.048087647221947277e-02
5.039869577201110812e-02
5.031668636018230695e-02
5.023484748671323830e-02
5.015317840808501682e-02
5.007167838721083425e-02
4.999034669336783338e-02
4.990918260212971053e-02
4.982818539530008140e-02
4.974735436084661011e-02
4.966668879283570731e-02
4.958618799136819966e-02
4.950585126251540874e-02
4.942567791825621532e-02
4.934566727641456069e-02
4.926581866059782933e-02
4.918613140013577967e-02
4.910660483002019655e-02
4.902723829084521673e-02
4.894803112874826501e-02
4.886898269535164263e-02
4.879009234770485121e-02
4.871135944822731212e-02
4.863278336465205742e-02
4.855436346996971214e-02
4.847609914237325374e-02
4.839798976520338220e-02
4.832003472689443135e-02
4.824223342092087696e-02
4.816458524574447619e-02
4.808708960476193450e-02
4.800974590625317617e-02
4.793255356333015610e-02
4.785551199388626137e-02
4.777862062054623327e-02
4.770187887061669990e-02
4.762528617603711822e-02
4.754884197333142382e-02
4.747254570356006925e-02
4.739639681227268003e-02
4.732039474946112684e-02
4.724453896951324311e-02
4.716882893116697284e-02
4.709326409746492775e-02
4.701784393570965920e-02
4.694256791741925616e-02
4.686743551828342208e-02
4.679244621812012755e-02
4.671759950083270024e-02
4.664289485436733801e-02
4.656833177067113555e-02
4.649390974565052043e-02
4.641962827913020950e-02
4.634548687481261642e-02
4.627148504023756437e-02
4.619762228674263033e-02
4.612389812942380846e-02
4.605031208709660373e-02
4.597686368225756270e-02
4.590355244104630389e-02
4.583037789320783262e-02
4.575733957205531388e-02
4.568443701443333088e-02
4.561166976068142809e-02
4.553903735459810531e-02
4.546653934340522119e-02
4.539417527771274358e-02
4.532194471148394410e-02
4.524984720200087712e-02
4.517788230983033060e-02
4.510604959879013082e-02
4.503434863591575243e-02
4.496277899151449736e-02
4.489134023891327985e-02
4.482003195455944861e-02
4.474885371803295070e-02
4.467780511196996207e-02
4.460688572203171803e-02
4.453609513687362131e-02
4.446543294811472480e-02
4.439489875030748489e-02
4.432449214090786876e-02
4.425421272024580854e-02
4.418406009149597469e-02
4.411403386064879917e-02
4.404413363648194968e-02
4.397435903053195649e-02
4.390470965706626955e-02
4.383518513305554448e-02
4.376578507814628954e-02
4.369650911463377613e-02
4.362735686743521996e-02
4.355832796406332308e-02
4.348942203460003098e-02
4.342063871167062966e-02
4.335197763041807179e-02
4.328343842847767742e-02
4.321502074595195281e-02
4.314672422538588098e-02
4.307854851174224703e-02
4.301049325237747689e-02
4.294255809701757326e-02
4.287474269773432212e-02
4.280704670892188785e-02
4.273946978727347079e-02
4.267201159175838809e-02
4.260467178359932799e-02
4.253745002624979149e-02
4.247034598537192257e-02
4.240335932881450498e-02
4.233648972659109083e-02
4.226973685085855942e-02
4.220310037589584257e-02
4.213657997808273326e-02
4.207017533587917302e-02
4.200388612980459485e-02
4.193771204241749512e-02
4.187165275829533156e-02
4.180570796401451850e-02
4.173987734813070644e-02
4.167416060115929077e-02
4.160855741555605919e-02
4.154306748569815827e-02
4.147769050786510869e-02
4.141242618022019512e-02
4.134727420279193238e-02
4.128223427745583013e-02
4.121730610791624061e-02
4.115248939968853270e-02
4.108778386008133526e-02
4.102318919817908582e-02
4.095870512482465559e-02
4.089433135260226587e-02
4.083006759582052253e-02
4.076591357049565156e-02
4.070186899433494987e-02
4.063793358672033312e-02
4.057410706869212652e-02
4.051038916293309144e-02
4.044677959375237580e-02
4.038327808707004724e-02
4.031988437040131407e-02
4.025659817284135689e-02
4.019341922505001441e-02
4.013034725923678159e-02
4.006738200914592568e-02
4.000452321004177580e-02
3.994177059869420676e-02
3.987912391336413676e-02
3.981658289378941368e-02
3.975414728117062507e-02
3.969181681815720647e-02
3.962959124883366768e-02
3.956747031870586073e-02
3.950545377468764330e-02
3.944354136508737563e-02
3.938173283959483378e-02
3.932002794926806738e-02
3.925842644652054181e-02
3.919692808510828741e-02
3.913553262011732620e-02
3.907423980795111940e-02
3.901304940631819540e-02
3.895196117421993731e-02
3.889097487193843988e-02
3.883009026102453992e-02
3.876930710428598548e-02
3.870862516577569523e-02
3.864804421078016361e-02
3.858756400580795609e-02
3.852718431857844045e-02
3.846690491801045553e-02
3.840672557421128536e-02
3.834664605846565405e-02
3.828666614322478318e-02
3.822678560209576137e-02
3.816700420983080988e-02
3.810732174231677705e-02
3.804773797656473694e-02
3.798825269069971283e-02
3.792886566395041459e-02
3.786957667663923971e-02
3.781038551017223276e-02
3.775129194702925989e-02
3.769229577075423193e-02
3.763339676594545241e-02
3.757459471824605574e-02
3.751588941433453561e-02
3.745728064191545387e-02
3.739876818971010763e-02
3.734035184744746022e-02
3.728203140585502340e-02
3.722380665664991317e-02
3.716567739253001657e-02
3.710764340716518617e-02
3.704970449518857345e-02
3.699186045218805230e-02
3.693411107469773969e-02
3.687645616018957184e-02
3.681889550706499842e-02
3.676142891464677376e-02
3.670405618317079677e-02
3.664677711377809649e-02
3.658959150850682462e-02
3.653249917028441457e-02
3.647549990291975436e-02
3.641859351109551918e-02
3.636177980036047613e-02
3.630505857712200413e-02
3.624842964863857209e-02
3.619189282301235600e-02
3.613544790918196692e-02
3.607909471691515130e-02
3.602283305680169245e-02
3.596666274024631210e-02
3.591058357946162738e-02
3.585459538746126745e-02
3.579869797805297627e-02
3.574289116583184711e-02
3.568717476617360579e-02
3.563154859522795620e-02
3.557601246991200228e-02
3.552056620790376706e-02
3.546520962763572565e-02
3.540994254828845611e-02
3.535476478978434589e-02
3.529967617278130521e-02
3.524467651866668161e-02
3.518976564955109132e-02
3.513494338826238239e-02
3.508020955833970889e-02
3.502556398402754262e-02
3.497100649026989305e-02
3.491653690270446475e-02
3.486215504765695361e-02
3.480786075213538472e-02
3.475365384382447798e-02
3.469953415108010392e-02
3.464550150292380892e-02
3.459155572903736126e-02
3.453769665975740116e-02
3.448392412607005630e-02
3.443023795960576533e-02
3.437663799263397657e-02
3.432312405805806182e-02
3.426969598941016770e-02
3.421635362084619186e-02
3.416309678714079395e-02
3.410992532368240654e-02
3.405683906646838482e-02
3.400383785210016330e-02
3.395092151777843320e-02
3.389808990129842409e-02
3.384534284104522006e-02
3.379268017598908991e-02
3.374010174568090048e-02
3.368760739024759948e-02
3.363519695038764967e-02
3.358287026736667125e-02
3.353062718301291767e-02
3.347846753971303602e-02
3.342639118040763302e-02
3.337439794858711173e-02
3.332248768828735552e-02
3.327066024408558559e-02
3.321891546109625309e-02
3.316725318496685504e-02
3.311567326187395827e-02
3.306417553851915409e-02
3.301275986212505453e-02
3.296142608043146904e-02
3.291017404169137989e-02
3.285900359466714660e-02
3.280791458862674509e-02
3.275690687333990964e-02
3.270598029907446913e-02
3.265513471659260702e-02
3.260436997714723228e-02
3.255368593247835035e-02
3.250308243480944798e-02
3.245255933684403071e-02
3.240211649176203551e-02
3.235175375321638208e-02
3.230147097532954509e-02
3.225126801269015409e-02
3.220114472034960734e-02
3.215110095381873423e-02
3.210113656906452700e-02
3.205125142250683096e-02
3.200144537101519415e-02
3.195171827190554370e-02
3.190206998293711183e-02
3.185250036230929255e-02
3.180300926865849143e-02
3.175359656105510714e-02
3.170426209900044368e-02
3.165500574242373355e-02
3.160582735167914714e-02
3.155672678754287142e-02
3.150770391121010539e-02
3.145875858429228455e-02
3.140989066881412495e-02
3.136110002721085449e-02
3.131238652232537500e-02
3.126375001740547971e-02
3.121519037610116440e-02
3.116670746246183454e-02
3.111830114093365116e-02
3.106997127635686626e-02
3.102171773396316876e-02
3.097354037937308929e-02
3.092543907859339816e-02
3.087741369801456567e-02
3.082946410440819476e-02
3.078159016492454034e-02
3.073379174709002862e-02
3.068606871880475914e-02
3.063842094834012125e-02
3.059084830433633426e-02
3.054335065580009861e-02
3.049592787210221589e-02
3.044857982297525037e-02
3.040130637851121143e-02
3.035410740915925332e-02
3.030698278572343390e-02
3.025993237936042135e-02
3.021295606157730837e-02
3.016605370422937790e-02
3.011922517951793818e-02
3.007247035998816126e-02
3.002578911852692850e-02
2.997918132836073155e-02
2.993264686305355596e-02
2.988618559650480649e-02
2.983979740294728095e-02
2.979348215694507113e-02
2.974723973339161304e-02
2.970107000750764337e-02
2.965497285483923579e-02
2.960894815125585111e-02
2.956299577294837361e-02
2.951711559642722707e-02
2.947130749852043541e-02
2.942557135637176302e-02
2.937990704743883436e-02
2.933431444949129857e-02
2.928879344060900114e-02
2.924334389918014157e-02
2.919796570389952828e-02
2.915265873376677100e-02
2.910742286808451831e-02
2.906225798645672292e-02
2.901716396878692428e-02
2.897214069527651037e-02
2.892718804642306282e-02
2.888230590301864992e-02
2.883749414614817513e-02
2.879275265718772570e-02
2.874808131780296622e-02
2.870348000994748724e-02
2.865894861586123360e-02
2.861448701806892231e-02
2.857009509937844666e-02
2.852577274287935311e-02
2.848151983194128350e-02
2.843733625021245895e-02
2.839322188161817404e-02
2.834917661035927031e-02
2.830520032091070684e-02
2.826129289802004063e-02
2.821745422670601106e-02
2.817368419225707230e-02
2.812998268022997433e-02
2.808634957644835783e-02
2.804278476700135248e-02
2.799928813824217183e-02
2.795585957678675335e-02
2.791249896951240178e-02
2.786920620355642225e-02
2.782598116631479837e-02
2.778282374544086344e-02
2.773973382884397862e-02
2.769671130468825612e-02
2.765375606139123740e-02
2.761086798762266148e-02
2.756804697230314655e-02
2.752529290460297567e-02
2.748260567394086168e-02
2.743998516998267037e-02
2.739743128264025135e-02
2.735494390207019594e-02
2.731252291867267493e-02
2.727016822309020344e-02
2.722787970620650991e-02
2.718565725914535991e-02
2.714350077326938698e-02
2.710141014017895811e-02
2.705938525171104267e-02
2.701742599993810223e-02
2.697553227716693522e-02
2.693370397593762566e-02
2.689194098902241564e-02
2.685024320942462628e-02
2.680861053037759956e-02
2.676704284534361239e-02
2.672554004801284272e-02
2.668410203230230440e-02
2.664272869235482719e-02
2.660141992253801241e-02
2.656017561744324421e-02
2.651899567188463480e-02
2.647787998089807388e-02
2.643682843974019467e-02
2.639584094388742683e-02
2.635491738903498332e-02
2.631405767109593410e-02
2.627326168620023120e-02
2.623252933069374765e-02
2.619186050113735467e-02
2.615125509430597447e-02
2.611071300718767821e-02
2.607023413698274575e-02
2.602981838110276364e-02
2.598946563716973343e-02
2.594917580301515578e-02
2.590894877667918039e-02
2.586878445640969360e-02
2.582868274066145789e-02
2.578864352809526542e-02
2.574866671757705672e-02
2.570875220817709847e-02
2.566889989916910919e-02
2.562910969002945433e-02
2.558938148043629970e-02
2.554971517026881009e-02
2.551011065960631652e-02
2.547056784872751486e-02
2.543108663810967479e-02
2.539166692842783485e-02
2.535230862055401491e-02
2.531301161555645288e-02
2.527377581469881368e-02
2.523460111943942250e-02
2.519548743143050842e-02
2.515643465251746203e-02
2.511744268473805469e-02
2.507851143032172048e-02
2.503964079168882056e-02
2.500083067144989735e-02
2.496208097240495624e-02
2.492339159754276487e-02
2.488476245004010018e-02
2.484619343326107885e-02
2.480768445075642870e-02
2.476923540626282949e-02
2.473084620370216702e-02
2.469251674718089470e-02
2.465424694098934666e-02
2.461603668960103339e-02
2.457788589767201035e-02
2.453979447004019446e-02
2.450176231172471533e-02
2.446378932792524219e-02
2.442587542402135936e-02
2.438802050557192444e-02
2.435022447831440215e-02
2.431248724816425719e-02
2.427480872121431932e-02
2.423718880373415541e-02
2.419962740216945879e-02
2.416212442314143519e-02
2.412467977344617126e-02
2.408729336005406910e-02
2.404996509010921824e-02
2.401269487092880239e-02
2.397548261000252701e-02
2.393832821499201555e-02
2.390123159373023012e-02
2.386419265422089903e-02
2.382721130463794079e-02
2.379028745332490216e-02
2.375342100879437868e-02
2.371661187972747345e-02
2.367985997497322123e-02
2.364316520354804718e-02
2.360652747463522563e-02
2.356994669758431804e-02
2.353342278191065604e-02
2.349695563729477590e-02
2.346054517358191899e-02
2.342419130078148004e-02
2.338789392906648335e-02
2.335165296877308311e-02
2.331546833040002917e-02
2.327933992460814311e-02
2.324326766221984295e-02
2.320725145421860189e-02
2.317129121174846609e-02
2.313538684611356200e-02
2.309953826877756550e-02
2.306374539136325785e-02
2.302800812565200528e-02
2.299232638358329056e-02
2.295670007725421000e-02
2.292112911891901889e-02
2.288561342098865622e-02
2.285015289603024510e-02
2.281474745676665208e-02
2.277939701607602924e-02
2.274410148699131801e-02
2.270886078269981900e-02
2.267367481654273056e-02
2.263854350201467691e-02
2.260346675276329528e-02
2.256844448258875022e-02
2.253347660544331721e-02
2.249856303543094557e-02
2.246370368680679699e-02
2.242889847397681186e-02
2.239414731149732413e-02
2.235945011407456176e-02
2.232480679656427894e-02
2.229021727397130156e-02
2.225568146144910747e-02
2.222119927429944478e-02
2.218677062797185656e-02
2.215239543806332007e-02
2.211807362031781646e-02
2.208380509062591451e-02
2.204958976502439591e-02
2.201542755969582502e-02
2.198131839096814644e-02
2.194726217531432766e-02
2.191325882935191149e-02
2.187930826984267260e-02
2.184541041369218728e-02
2.181156517794947958e-02
2.177777247980662925e-02
2.174403223659835890e-02
2.171034436580170437e-02
2.167670878503559148e-02
2.164312541206050294e-02
2.160959416477806899e-02
2.157611496123071002e-02
2.154268771960127574e-02
2.150931235821267745e-02
2.147598879552752027e-02
2.144271695014772494e-02
2.140949674081420520e-02
2.137632808640648266e-02
2.134321090594233292e-02
2.131014511857744903e-02
2.127713064360507375e-02
2.124416740045566299e-02
2.121125530869651804e-02
2.117839428803147336e-02
2.114558425830052532e-02
2.111282513947949913e-02
2.108011685167971924e-02
2.104745931514766591e-02
2.101485245026462820e-02
2.098229617754639523e-02
2.094979041764289882e-02
2.091733509133790470e-02
2.088493011954867251e-02
2.085257542332564357e-02
2.082027092385209041e-02
2.078801654244383235e-02
2.075581220054887460e-02
2.072365781974712037e-02
2.069155332175004816e-02
2.065949862840038218e-02
2.062749366167178355e-02
2.059553834366855546e-02
2.056363259662532042e-02
2.053177634290669420e-02
2.049996950500703255e-02
2.046821200555005299e-02
2.043650376728858506e-02
2.040484471310426151e-02
2.037323476600719566e-02
2.034167384913569687e-02
2.031016188575597917e-02
2.027869879926186281e-02
2.024728451317446901e-02
2.021591895114191809e-02
2.018460203693909008e-02
2.015333369446728126e-02
2.012211384775392312e-02
2.009094242095232907e-02
2.005981933834138572e-02
2.002874452432525446e-02
1.999771790343311817e-02
1.996673940031888986e-02
1.993580893976092810e-02
1.990492644666175606e-02
1.987409184604779777e-02
1.984330506306910061e-02
1.981256602299903344e-02
1.978187465123406805e-02
1.975123087329346341e-02
1.972063461481899163e-02
1.969008580157470892e-02
1.965958435944667113e-02
1.962913021444263190e-02
1.959872329269182756e-02
1.956836352044469610e-02
1.953805082407260654e-02
1.950778513006760223e-02
1.947756636504213018e-02
1.944739445572881212e-02
1.941726932898017385e-02
1.938719091176836079e-02
1.935715913118491935e-02
1.932717391444053676e-02
1.929723518886475656e-02
1.926734288190577044e-02
1.923749692113014068e-02
1.920769723422256423e-02
1.917794374898560208e-02
1.914823639333946420e-02
1.911857509532174579e-02
1.908895978308716712e-02
1.905939038490736537e-02
1.902986682917061703e-02
1.900038904438162979e-02
1.897095695916124758e-02
1.894157050224628408e-02
1.891222960248923127e-02
1.888293418885802002e-02
1.885368419043582239e-02
1.882447953642079133e-02
1.879532015612580750e-02
1.876620597897827800e-02
1.873713693451990389e-02
1.870811295240641312e-02
1.867913396240736268e-02
1.865019989440589929e-02
1.862131067839852688e-02
1.859246624449488114e-02
1.856366652291749353e-02
1.853491144400159357e-02
1.850620093819484516e-02
1.847753493605714878e-02
1.844891336826041256e-02
1.842033616558832673e-02
1.839180325893613119e-02
1.836331457931042119e-02
1.833487005782890450e-02
1.830646962572018630e-02
1.827811321432357139e-02
1.824980075508881791e-02
1.822153217957592566e-02
1.819330741945494184e-02
1.816512640650571817e-02
1.813698907261773394e-02
1.810889534978983931e-02
1.808084517013006445e-02
1.805283846585542529e-02
1.802487516929167366e-02
1.799695521287312389e-02
1.796907852914240294e-02
1.794124505075030129e-02
1.791345471045550919e-02
1.788570744112443628e-02
1.785800317573099302e-02
1.783034184735640681e-02
1.780272338918899647e-02
1.777514773452397098e-02
1.774761481676324221e-02
1.772012456941518890e-02
1.769267692609450063e-02
1.766527182052194181e-02
1.763790918652415746e-02
1.761058895803349622e-02
1.758331106908777100e-02
1.755607545383010282e-02
1.752888204650869183e-02
1.750173078147664041e-02
1.747462159319174840e-02
1.744755441621631195e-02
1.742052918521693958e-02
1.739354583496436832e-02
1.736660430033322780e-02
1.733970451630189452e-02
1.731284641795227328e-02
1.728602994046962715e-02
1.725925501914235202e-02
1.723252158936181694e-02
1.720582958662216985e-02
1.717917894652012945e-02
1.715256960475482206e-02
1.712600149712758049e-02
1.709947455954174966e-02
1.707298872800252360e-02
1.704654393861673375e-02
1.702014012759267558e-02
1.699377723123993503e-02
1.696745518596917690e-02
1.694117392829198876e-02
1.691493339482067967e-02
1.688873352226810329e-02
1.686257424744748781e-02
1.683645550727222440e-02
1.681037723875572834e-02
1.678433937901122053e-02
1.675834186525157130e-02
1.673238463478910615e-02
1.670646762503544616e-02
1.668059077350131369e-02
1.665475401779635892e-02
1.662895729562898980e-02
1.660320054480618132e-02
1.657748370323331930e-02
1.655180670891400613e-02
1.652616949994989773e-02
1.650057201454053005e-02
1.647501419098313519e-02
1.644949596767248182e-02
1.642401728310068088e-02
1.639857807585704680e-02
1.637317828462788935e-02
1.634781784819637832e-02
1.632249670544233533e-02
1.629721479534209164e-02
1.627197205696831114e-02
1.624676842948982389e-02
1.622160385217143522e-02
1.619647826437379048e-02
1.617139160555319116e-02
1.614634381526142831e-02
1.612133483314560564e-02
1.609636459894799726e-02
1.607143305250586032e-02
1.604654013375127544e-02
1.602168578271099750e-02
1.599686993950625094e-02
1.597209254435261530e-02
1.594735353755983437e-02
1.592265285953164272e-02
1.589799045076564082e-02
1.587336625185308686e-02
1.584878020347876490e-02
1.582423224642081142e-02
1.579972232155057305e-02
1.577525036983241577e-02
1.575081633232359307e-02
1.572642015017405859e-02
1.570206176462633774e-02
1.567774111701534037e-02
1.565345814876822200e-02
1.562921280140421726e-02
1.560500501653448377e-02
1.558083473586194430e-02
1.555670190118112889e-02
1.553260645437802394e-02
1.550854833742991434e-02
1.548452749240522043e-02
1.546054386146334877e-02
1.543659738685453607e-02
1.541268801091970689e-02
1.538881567609028979e-02
1.536498032488809937e-02
1.534118189992515063e-02
1.531742034390353932e-02
1.529369559961525279e-02
1.527000760994205210e-02
1.524635631785529327e-02
1.522274166641579204e-02
1.519916359877367291e-02
1.517562205816820782e-02
1.515211698792767042e-02
1.512864833146919732e-02
1.510521603229862155e-02
1.508182003401033200e-02
1.505846028028712084e-02
1.503513671490004470e-02
1.501184928170826854e-02
1.498859792465891301e-02
1.496538258778691913e-02
1.494220321521488870e-02
1.491905975115295768e-02
1.489595213989862096e-02
1.487288032583661095e-02
1.484984425343874141e-02
1.482684386726376181e-02
1.480387911195721849e-02
1.478094993225129855e-02
1.475805627296470149e-02
1.473519807900247960e-02
1.471237529535590789e-02
1.468958786710232965e-02
1.466683573940501598e-02
1.464411885751303391e-02
1.462143716676108512e-02
1.459879061256938448e-02
1.457617914044350045e-02
1.455360269597422672e-02
1.453106122483743302e-02
1.450855467279393157e-02
1.448608298568932612e-02
1.446364610945388533e-02
1.444124399010239188e-02
1.441887657373401403e-02
1.439654380653214785e-02
1.437424563476430092e-02
1.435198200478193624e-02
1.432975286302034905e-02
1.430755815599851419e-02
1.428539783031895598e-02
1.426327183266761292e-02
1.424118010981369718e-02
1.421912260860955755e-02
1.419709927599054414e-02
1.417511005897487651e-02
1.415315490466349628e-02
1.413123376023994564e-02
1.410934657297021992e-02
1.408749329020264618e-02
1.406567385936773225e-02
1.404388822797804706e-02
1.402213634362807493e-02
1.400041815399409063e-02
1.397873360683401893e-02
1.395708264998731310e-02
1.393546523137480231e-02
1.391388129899857884e-02
1.389233080094185238e-02
1.387081368536883033e-02
1.384932990052456687e-02
1.382787939473484849e-02
1.380646211640605865e-02
1.378507801402504597e-02
1.376372703615898717e-02
1.374240913145526391e-02
1.372112424864134136e-02
1.369987233652460862e-02
1.367865334399228673e-02
1.365746722001126741e-02
1.363631391362800371e-02
1.361519337396837823e-02
1.359410555023755733e-02
1.357305039171988886e-02
1.355202784777876160e-02
1.353103786785646821e-02
1.351008040147409425e-02
1.348915539823138110e-02
1.346826280780660454e-02
1.344740257995643770e-02
1.342657466451584007e-02
1.340577901139791347e-02
1.338501557059379281e-02
1.336428429217250899e-02
1.334358512628086579e-02
1.332291802314331669e-02
1.330228293306184514e-02
1.328167980641582237e-02
1.326110859366189977e-02
1.324056924533388233e-02
1.322006171204259499e-02
1.319958594447576301e-02
1.317914189339789745e-02
1.315872950965016157e-02
1.313834874415024771e-02
1.311799954789225932e-02
1.309768187194659123e-02
1.307739566745979437e-02
1.305714088565446129e-02
1.303691747782911685e-02
1.301672539535806902e-02
1.299656458969131526e-02
1.297643501235439326e-02
1.295633661494829426e-02
1.293626934914930693e-02
1.291623316670892363e-02
1.289622801945370691e-02
1.287625385928517323e-02
1.285631063817966636e-02
1.283639830818824983e-02
1.281651682143658197e-02
1.279666613012479109e-02
1.277684618652736442e-02
1.275705694299302841e-02
1.273729835194462208e-02
1.271757036587899126e-02
1.269787293736685842e-02
1.267820601905271863e-02
1.265856956365470944e-02
1.263896352396449811e-02
1.261938785284715848e-02
1.259984250324107380e-02
1.258032742815779273e-02
1.256084258068193224e-02
1.254138791397105789e-02
1.252196338125555718e-02
1.250256893583853723e-02
1.248320453109570509e-02
1.246387012047524452e-02
1.244456565749771371e-02
1.242529109575591859e-02
1.240604638891480184e-02
1.238683149071133534e-02
1.236764635495439524e-02
1.234849093552465443e-02
1.232936518637446112e-02
1.231026906152773819e-02
1.229120251507985657e-02
1.227216550119752947e-02
1.225315797411869259e-02
1.223417988815240012e-02
1.221523119767871021e-02
1.219631185714855834e-02
1.217742182108366711e-02
1.215856104407641788e-02
1.213972948078974497e-02
1.212092708595702284e-02
1.210215381438195514e-02
1.208340962093845672e-02
1.206469446057056860e-02
1.204600828829230190e-02
1.202735105918757014e-02
1.200872272841004874e-02
1.199012325118308485e-02
1.197155258279957758e-02
1.195301067862186879e-02
1.193449749408163722e-02
1.191601298467977535e-02
1.189755710598630785e-02
1.187912981364025108e-02
1.186073106334952117e-02
1.184236081089082467e-02
1.182401901210954932e-02
1.180570562291964609e-02
1.178742059930353546e-02
1.176916389731199122e-02
1.175093547306403294e-02
1.173273528274681836e-02
1.171456328261554110e-02
1.169641942899331613e-02
1.167830367827106877e-02
1.166021598690744968e-02
1.164215631142869953e-02
1.162412460842856751e-02
1.160612083456818641e-02
1.158814494657597199e-02
1.157019690124752240e-02
1.155227665544551058e-02
1.153438416609957849e-02
1.151651939020621566e-02
1.149868228482868633e-02
1.148087280709689240e-02
1.146309091420729190e-02
1.144533656342278105e-02
1.142760971207259189e-02
1.140991031755219168e-02
1.139223833732317531e-02
1.137459372891316302e-02
1.135697644991569624e-02
1.133938645799013184e-02
1.132182371086154667e-02
1.130428816632061788e-02
1.128677978222354140e-02
1.126929851649191572e-02
1.125184432711263255e-02
1.123441717213778841e-02
1.121701700968458053e-02
1.119964379793519753e-02
1.118229749513672058e-02
1.116497805960102105e-02
1.114768544970465812e-02
1.113041962388878342e-02
1.111318054065903171e-02
1.109596815858542376e-02
1.107878243630225704e-02
1.106162333250802939e-02
1.104449080596530026e-02
1.102738481550062828e-02
1.101030532000444109e-02
1.099325227843095734e-02
1.097622564979807043e-02
1.095922539318726352e-02
1.094225146774348810e-02
1.092530383267509113e-02
1.090838244725369881e-02
1.089148727081411597e-02
1.087461826275423933e-02
1.085777538253495170e-02
1.084095858968001612e-02
1.082416784377599264e-02
1.080740310447212381e-02
1.079066433148025833e-02
1.077395148457472099e-02
1.075726452359225017e-02
1.074060340843186953e-02
1.072396809905481509e-02
1.070735855548441903e-02
1.069077473780602819e-02
1.067421660616688778e-02
1.065768412077606857e-02
1.064117724190435064e-02
1.062469592988413321e-02
1.060824014510934610e-02
1.059180984803533183e-02
1.057540499917878143e-02
1.055902555911760431e-02
1.054267148849086580e-02
1.052634274799865884e-02
1.051003929840203799e-02
1.049376110052290499e-02
1.047750811524391680e-02
1.046128030350839885e-02
1.044507762632023926e-02
1.042890004474380898e-02
1.041274751990384738e-02
1.039662001298537891e-02
1.038051748523362988e-02
1.036443989795391048e-02
1.034838721251154017e-02
1.033235939033174712e-02
1.031635639289957100e-02
1.030037818175977629e-02
1.028442471851675859e-02
1.026849596483444226e-02
1.025259188243619717e-02
1.023671243310474675e-02
1.022085757868206740e-02
1.020502728106929997e-02
1.018922150222665787e-02
1.017344020417334204e-02
1.015768334898742645e-02
1.014195089880579569e-02
1.012624281582402697e-02
1.011055906229632248e-02
1.009489960053539317e-02
1.007926439291239110e-02
1.006365340185679663e-02
1.004806658985634739e-02
1.003250391945693237e-02
1.001696535326250873e-02
1.000145085393501325e-02
9.985960384194256592e-03
9.970493906817857327e-03
9.955051384641129195e-03
9.939632780557011715e-03
9.924238057515957431e-03
9.908867178525862518e-03
9.893520106651966170e-03
9.878196805016767335e-03
9.862897236799922362e-03
9.847621365238179089e-03
9.832369153625265812e-03
9.817140565311816697e-03
9.801935563705274634e-03
9.786754112269802769e-03
9.771596174526204701e-03
9.756461714051827341e-03
9.741350694480477648e-03
9.726263079502334152e-03
9.711198832863855018e-03
9.696157918367696513e-03
9.681140299872614124e-03
9.666145941293400115e-03
9.651174806600767292e-03
9.636226859821272681e-03
9.621302065037237727e-03
9.606400386386658094e-03
9.591521788063106513e-03
9.576666234315659929e-03
9.561833689448812762e-03
9.547024117822372827e-03
9.532237483851397145e-03
9.517473752006093066e-03
9.502732886811738472e-03
9.488014852848593306e-03
9.473319614751809364e-03
9.458647137211355707e-03
9.443997384971928449e-03
9.429370322832857088e-03
9.414765915648035111e-03
9.400184128325817651e-03
9.385624925828957299e-03
9.371088273174503491e-03
9.356574135433717507e-03
9.342082477731997875e-03
9.327613265248795374e-03
9.313166463217517621e-03
9.298742036925457949e-03
9.284339951713703465e-03
9.269960172977053520e-03
9.255602666163943379e-03
9.241267396776347079e-03
9.226954330369701099e-03
9.212663432552826298e-03
9.198394668987842915e-03
9.184148005390073422e-03
9.169923407527978340e-03
9.155720841223069506e-03
9.141540272349818128e-03
9.127381666835583662e-03
9.113244990660520142e-03
9.099130209857508519e-03
9.085037290512062991e-03
9.070966198762254670e-03
9.056916900798623118e-03
9.042889362864106953e-03
9.028883551253950174e-03
9.014899432315632774e-03
9.000936972448770126e-03
8.986996138105060941e-03
8.973076895788176244e-03
8.959179212053698660e-03
8.945303053509035679e-03
8.931448386813338122e-03
8.917615178677416876e-03
8.903803395863671769e-03
8.890013005186003098e-03
8.876243973509728366e-03
8.862496267751526768e-03
8.848769854879316027e-03
8.835064701912219431e-03
8.821380775920447878e-03
8.807718044025249562e-03
8.794076473398809365e-03
8.780456031264184669e-03
8.766856684895218618e-03
8.753278401616465532e-03
8.739721148803097223e-03
8.726184893880850960e-03
8.712669604325932321e-03
8.699175247664937133e-03
8.685701791474782080e-03
8.672249203382614499e-03
8.658817451065753401e-03
8.645406502251585384e-03
8.632016324717510861e-03
8.618646886290853848e-03
8.605298154848785644e-03
8.591970098318253701e-03
8.578662684675893157e-03
8.565375881947959180e-03
8.552109658210248905e-03
8.538863981588016433e-03
8.525638820255906913e-03
8.512434142437873275e-03
8.499249916407101632e-03
8.486086110485933226e-03
8.472942693045795032e-03
8.459819632507111289e-03
8.446716897339230645e-03
8.433634456060365436e-03
8.420572277237496281e-03
8.407530329486304424e-03
8.394508581471098879e-03
8.381507001904731427e-03
8.368525559548534165e-03
8.355564223212239711e-03
8.342622961753890995e-03
8.329701744079796161e-03
8.316800539144424478e-03
8.303919315950350835e-03
8.291058043548167264e-03
8.278216691036425698e-03
8.265395227561546029e-03
8.252593622317744987e-03
8.239811844546971950e-03
8.227049863538834357e-03
8.214307648630505762e-03
8.201585169206672063e-03
8.188882394699451700e-03
8.176199294588310656e-03
8.163535838400008682e-03
8.150891995708512555e-03
8.138267736134928432e-03
8.125663029347423780e-03
8.113077845061154522e-03
8.100512153038202587e-03
8.087965923087490905e-03
8.075439125064710552e-03
8.062931728872261769e-03
8.050443704459165489e-03
8.037975021821000890e-03
8.025525650999829064e-03
8.013095562084121895e-03
8.000684725208692671e-03
7.988293110554618021e-03
7.975920688349173726e-03
7.963567428865753195e-03
7.951233302423810212e-03
7.938918279388770469e-03
7.926622330171974318e-03
7.914345425230598710e-03
7.902087535067586072e-03
7.889848630231578383e-03
7.877628681316839118e-03
7.865427658963185589e-03
7.853245533855924762e-03
7.841082276725763051e-03
7.828937858348768153e-03
7.816812249546263233e-03
7.804705421184782686e-03
7.792617344175991473e-03
7.780547989476614863e-03
7.768497328088370783e-03
7.756465331057898691e-03
7.744451969476691053e-03
7.732457214481023959e-03
7.720481037251885129e-03
7.708523409014908859e-03
7.696584301040302299e-03
7.684663684642780400e-03
7.672761531181492185e-03
7.660877812059955702e-03
7.649012498725988630e-03
7.637165562671639762e-03
7.625336975433116143e-03
7.613526708590720622e-03
7.601734733768782462e-03
7.589961022635583615e-03
7.578205546903298007e-03
7.566468278327916942e-03
7.554749188709185791e-03
7.543048249890534594e-03
7.531365433759009548e-03
7.519700712245204477e-03
7.508054057323199255e-03
7.496425441010483477e-03
7.484814835367895741e-03
7.473222212499554262e-03
7.461647544552788350e-03
7.450090803718075957e-03
7.438551962228970825e-03
7.427030992362039161e-03
7.415527866436792855e-03
7.404042556815621824e-03
7.392575035903730697e-03
7.381125276149064218e-03
7.369693250042250871e-03
7.358278930116534354e-03
7.346882288947699860e-03
7.335503299154017692e-03
7.324141933396172144e-03
7.312798164377196444e-03
7.301471964842412045e-03
7.290163307579353158e-03
7.278872165417709511e-03
7.267598511229257825e-03
7.256342317927800233e-03
7.245103558469089683e-03
7.233882205850777902e-03
7.222678233112341667e-03
7.211491613335016017e-03
7.200322319641740479e-03
7.189170325197081005e-03
7.178035603207178796e-03
7.166918126919671374e-03
7.155817869623643142e-03
7.144734804649549922e-03
7.133668905369158243e-03
7.122620145195486356e-03
7.111588497582728777e-03
7.100573936026206845e-03
7.089576434062292397e-03
7.078595965268352254e-03
7.067632503262679701e-03
7.056686021704435506e-03
7.045756494293579399e-03
7.034843894770812824e-03
7.023948196917508685e-03
7.013069374555655836e-03
7.002207401547791421e-03
6.991362251796937564e-03
6.980533899246541517e-03
6.969722317880413208e-03
6.958927481722656724e-03
6.948149364837618268e-03
6.937387941329809828e-03
6.926643185343863210e-03
6.915915071064453711e-03
6.905203572716247205e-03
6.894508664563832497e-03
6.883830320911664066e-03
6.873168516103994423e-03
6.862523224524818589e-03
6.851894420597811654e-03
6.841282078786261114e-03
6.830686173593012236e-03
6.820106679560405602e-03
6.809543571270211190e-03
6.798996823343575469e-03
6.788466410440950269e-03
6.777952307262042481e-03
6.767454488545743795e-03
6.756972929070075191e-03
6.746507603652127961e-03
6.736058487147996918e-03
6.725625554452725752e-03
6.715208780500244584e-03
6.704808140263309249e-03
6.694423608753437109e-03
6.684055161020857616e-03
6.673702772154443789e-03
6.663366417281654103e-03
6.653046071568472636e-03
6.642741710219349227e-03
6.632453308477143095e-03
6.622180841623059519e-03
6.611924284976590863e-03
6.601683613895459324e-03
6.591458803775555354e-03
6.581249830050878678e-03
6.571056668193481914e-03
6.560879293713408125e-03
6.550717682158636174e-03
6.540571809115014804e-03
6.530441650206214935e-03
6.520327181093658539e-03
6.510228377476469201e-03
6.500145215091410536e-03
6.490077669712826340e-03
6.480025717152587683e-03
6.469989333260027856e-03
6.459968493921887725e-03
6.449963175062261092e-03
6.439973352642528771e-03
6.429999002661308284e-03
6.420040101154392276e-03
6.410096624194694739e-03
6.400168547892183361e-03
6.390255848393837888e-03
6.380358501883579871e-03
6.370476484582219753e-03
6.360609772747401365e-03
6.350758342673542070e-03
6.340922170691778992e-03
6.331101233169908298e-03
6.321295506512329687e-03
6.311504967159992617e-03
6.301729591590336452e-03
6.291969356317233218e-03
6.282224237890932962e-03
6.272494212898009971e-03
6.262779257961301194e-03
6.253079349739852459e-03
6.243394464928862971e-03
6.233724580259628056e-03
6.224069672499486262e-03
6.214429718451756901e-03
6.204804694955694949e-03
6.195194578886420791e-03
6.185599347154882056e-03
6.176018976707781626e-03
6.166453444527530796e-03
6.156902727632197238e-03
6.147366803075438209e-03
6.137845647946458053e-03
6.128339239369946616e-03
6.118847554506021136e-03
6.109370570550180270e-03
6.099908264733241645e-03
6.090460614321290683e-03
6.081027596615624226e-03
6.071609188952697619e-03
6.062205368704069210e-03
6.052816113276347429e-03
6.043441400111132684e-03
6.034081206684969653e-03
6.024735510509283964e-03
6.015404289130339699e-03
6.006087520129174337e-03
5.996785181121550186e-03
5.987497249757902339e-03
5.978223703723280560e-03
5.968964520737300716e-03
5.959719678554084056e-03
5.950489154962210377e-03
5.941272927784665980e-03
5.932070974878778623e-03
5.922883274136180216e-03
5.913709803482740911e-03
5.904550540878519653e-03
5.895405464317719953e-03
5.886274551828622227e-03
5.877157781473542168e-03
5.868055131348771762e-03
5.858966579584530716e-03
5.849892104344910949e-03
5.840831683827829753e-03
5.831785296264966473e-03
5.822752919921721747e-03
5.813734533097157653e-03
5.804730114123948272e-03
5.795739641368331113e-03
5.786763093230047270e-03
5.777800448142296312e-03
5.768851684571679912e-03
5.759916781018156740e-03
5.750995716014979144e-03
5.742088468128653256e-03
5.733195015958880876e-03
5.724315338138515237e-03
5.715449413333494218e-03
5.706597220242809985e-03
5.697758737598440475e-03
5.688933944165309488e-03
5.680122818741224246e-03
5.671325340156838958e-03
5.662541487275590639e-03
5.653771238993657473e-03
5.645014574239902438e-03
5.636271471975825599e-03
5.627541911195513800e-03
5.618825870925586892e-03
5.610123330225152624e-03
5.601434268185750270e-03
5.592758663931303789e-03
5.584096496618073252e-03
5.575447745434600200e-03
5.566812389601662539e-03
5.558190408372222502e-03
5.549581781031373735e-03
5.540986486896294465e-03
5.532404505316201523e-03
5.523835815672293106e-03
5.515280397377703668e-03
5.506738229877457952e-03
5.498209292648409408e-03
5.489693565199208099e-03
5.481191027070232182e-03
5.472701657833555812e-03
5.464225437092893635e-03
5.455762344483546140e-03
5.447312359672360632e-03
5.438875462357673982e-03
5.430451632269268393e-03
5.422040849168322831e-03
5.413643092847361844e-03
5.405258343130209600e-03
5.396886579871938705e-03
5.388527782958824237e-03
5.380181932308294307e-03
5.371849007868881483e-03
5.363528989620176823e-03
5.355221857572776099e-03
5.346927591768239896e-03
5.338646172279038968e-03
5.330377579208510873e-03
5.322121792690807929e-03
5.313878792890853846e-03
5.305648560004290817e-03
5.297431074257437020e-03
5.289226315907236305e-03
5.281034265241214831e-03
5.272854902577423820e-03
5.264688208264404860e-03
5.256534162681133528e-03
5.248392746236976020e-03
5.240263939371641450e-03
5.232147722555135876e-03
5.224044076287711995e-03
5.215952981099825775e-03
5.207874417552091351e-03
5.199808366235225514e-03
5.191754807770011283e-03
5.183713722807246731e-03
5.175685092027699011e-03
5.167668896142054054e-03
5.159665115890880137e-03
5.151673732044569770e-03
5.143694725403301533e-03
5.135728076796992371e-03
5.127773767085249887e-03
5.119831777157325507e-03
5.111902087932072847e-03
5.103984680357895667e-03
5.096079535412712316e-03
5.088186634103895878e-03
5.080305957468238612e-03
5.072437486571907718e-03
5.064581202510388958e-03
5.056737086408452826e-03
5.048905119420102512e-03
5.041085282728533130e-03
5.033277557546082283e-03
5.025481925114184956e-03
5.017698366703334488e-03
5.009926863613029663e-03
5.002167397171733941e-03
4.994419948736830359e-03
4.986684499694577291e-03
4.978961031460060749e-03
4.971249525477153611e-03
4.963549963218468787e-03
4.955862326185314116e-03
4.948186595907653335e-03
4.940522753944048828e-03
4.932870781881633013e-03
4.925230661336052820e-03
4.917602373951433271e-03
4.909985901400326300e-03
4.902381225383671721e-03
4.894788327630750398e-03
4.887207189899143468e-03
4.879637793974685514e-03
4.872080121671420322e-03
4.864534154831561853e-03
4.856999875325443937e-03
4.849477265051484708e-03
4.841966305936134564e-03
4.834466979933838005e-03
4.826979269026991128e-03
4.819503155225893926e-03
4.812038620568711254e-03
4.804585647121425995e-03
4.797144216977800024e-03
4.789714312259326506e-03
4.782295915115191733e-03
4.774889007722229149e-03
4.767493572284875122e-03
4.760109591035135111e-03
4.752737046232523820e-03
4.745375920164042645e-03
4.738026195144122432e-03
4.730687853514585310e-03
4.723360877644609129e-03
4.716045249930673686e-03
4.708740952796519955e-03
4.701447968693121468e-03
4.694166280098625334e-03
4.686895869518319276e-03
4.679636719484587398e-03
4.672388812556865084e-03
4.665152131321604299e-03
4.657926658392228490e-03
4.650712376409085747e-03
4.643509268039414106e-03
4.636317315977294719e-03
4.629136502943615415e-03
4.621966811686028208e-03
4.614808224978900718e-03
4.607660725623280613e-03
4.600524296446859181e-03
4.593398920303921017e-03
4.586284580075305865e-03
4.579181258668371321e-03
4.572088939016943389e-03
4.565007604081284392e-03
4.557937236848049606e-03
4.550877820330243018e-03
4.543829337567179168e-03
4.536791771624439779e-03
4.529765105593837327e-03
4.522749322593372541e-03
4.515744405767191036e-03
4.508750338285548616e-03
4.501767103344764438e-03
4.494794684167185451e-03
4.487833064001143894e-03
4.480882226120916530e-03
4.473942153826687348e-03
4.467012830444504201e-03
4.460094239326238899e-03
4.453186363849551653e-03
4.446289187417845103e-03
4.439402693460227020e-03
4.432526865431473881e-03
4.425661686811984026e-03
4.418807141107743836e-03
4.411963211850283492e-03
4.405129882596644890e-03
4.398307136929333928e-03
4.391494958456284084e-03
4.384693330810818246e-03
4.377902237651607950e-03
4.371121662662636083e-03
4.364351589553156115e-03
4.357592002057650467e-03
4.350842883935794950e-03
4.344104218972420599e-03
4.337375990977472909e-03
4.330658183785971067e-03
4.323950781257972394e-03
4.317253767278531572e-03
4.310567125757661620e-03
4.303890840630297462e-03
4.297224895856257762e-03
4.290569275420200689e-03
4.283923963331590958e-03
4.277288943624662533e-03
4.270664200358376128e-03
4.264049717616377570e-03
4.257445479506971782e-03
4.250851470163071605e-03
4.244267673742167443e-03
4.237694074426288232e-03
4.231130656421960672e-03
4.224577403960171063e-03
4.218034301296334082e-03
4.211501332710245946e-03
4.204978482506048845e-03
4.198465735012201459e-03
4.191963074581431248e-03
4.185470485590699757e-03
4.178987952441167060e-03
4.172515459558153589e-03
4.166052991391101974e-03
4.159600532413538013e-03
4.153158067123040309e-03
4.146725580041191704e-03
4.140303055713551519e-03
4.133890478709616526e-03
4.127487833622778442e-03
4.121095105070297047e-03
4.114712277693254212e-03
4.108339336156518334e-03
4.101976265148709645e-03
4.095623049382167251e-03
4.089279673592903161e-03
4.082946122540573666e-03
4.076622381008436838e-03
4.070308433803323904e-03
4.064004265755592413e-03
4.057709861719096742e-03
4.051425206571149934e-03
4.045150285212489004e-03
4.038885082567233303e-03
4.032629583582857634e-03
4.026383773230147144e-03
4.020147636503161766e-03
4.013921158419209330e-03
4.007704324018797858e-03
4.001497118365607807e-03
3.995299526546452172e-03
3.989111533671243527e-03
3.982933124872953257e-03
3.976764285307583802e-03
3.970605000154123557e-03
3.964455254614519981e-03
3.958315033913635365e-03
3.952184323299223409e-03
3.946063108041878917e-03
3.939951373435013511e-03
3.933849104794816601e-03
3.927756287460220687e-03
3.921672906792864066e-03
3.915598948177058738e-03
3.909534397019751376e-03
3.903479238750495999e-03
3.897433458821407577e-03
3.891397042707136437e-03
3.885369975904828799e-03
3.879352243934094686e-03
3.873343832336970625e-03
3.867344726677887125e-03
3.861354912543630939e-03
3.855374375543312547e-03
3.849403101308333623e-03
3.843441075492348442e-03
3.837488283771230049e-03
3.831544711843041205e-03
3.825610345427990586e-03
3.819685170268407627e-03
3.813769172128702190e-03
3.807862336795334642e-03
3.801964650076777256e-03
3.796076097803482985e-03
3.790196665827852505e-03
3.784326340024197783e-03
3.778465106288706951e-03
3.772612950539415682e-03
3.766769858716168592e-03
3.760935816780586281e-03
3.755110810716032806e-03
3.749294826527582725e-03
3.743487850241983793e-03
3.737689867907628347e-03
3.731900865594516004e-03
3.726120829394220704e-03
3.720349745419860351e-03
3.714587599806059518e-03
3.708834378708917353e-03
3.703090068305976354e-03
3.697354654796186375e-03
3.691628124399871230e-03
3.685910463358700942e-03
3.680201657935651838e-03
3.674501694414975331e-03
3.668810559102170157e-03
3.663128238323942049e-03
3.657454718428175110e-03
3.651789985783897990e-03
3.646134026781251789e-03
3.640486827831456666e-03
3.634848375366778878e-03
3.629218655840499123e-03
3.623597655726880449e-03
3.617985361521133120e-03
3.612381759739384697e-03
3.606786836918646211e-03
3.601200579616781802e-03
3.595622974412474027e-03
3.590054007905192635e-03
3.584493666715164208e-03
3.578941937483335299e-03
3.573398806871344677e-03
3.567864261561490800e-03
3.562338288256696687e-03
3.556820873680482161e-03
3.551312004576929159e-03
3.545811667710650067e-03
3.540319849866757802e-03
3.534836537850831115e-03
3.529361718488886399e-03
3.523895378627342999e-03
3.518437505132993286e-03
3.512988084892969265e-03
3.507547104814715249e-03
3.502114551825951001e-03
3.496690412874643109e-03
3.491274674928975062e-03
3.485867324977312120e-03
3.480468350028174430e-03
3.475077737110203631e-03
3.469695473272128589e-03
3.464321545582740684e-03
3.458955941130857376e-03
3.453598647025294885e-03
3.448249650394833062e-03
3.442908938388190669e-03
3.437576498173987652e-03
3.432252316940718247e-03
3.426936381896719761e-03
3.421628680270142209e-03
3.416329199308915359e-03
3.411037926280720538e-03
3.405754848472959413e-03
3.400479953192722324e-03
3.395213227766758369e-03
3.389954659541447209e-03
3.384704235882765241e-03
3.379461944176256113e-03
3.374227771827002093e-03
3.369001706259592849e-03
3.363783734918094660e-03
3.358573845266019618e-03
3.353372024786298311e-03
3.348178260981247295e-03
3.342992541372539171e-03
3.337814853501175263e-03
3.332645184927451789e-03
3.327483523230931241e-03
3.322329856010414629e-03
3.317184170883910252e-03
3.312046455488603779e-03
3.306916697480826589e-03
3.301794884536031049e-03
3.296681004348757122e-03
3.291575044632602445e-03
3.286476993120195436e-03
3.281386837563164075e-03
3.276304565732107276e-03
3.271230165416563664e-03
3.266163624424985121e-03
3.261104930584705561e-03
3.256054071741913171e-03
3.251011035761617457e-03
3.245975810527625821e-03
3.240948383942509736e-03
3.235928743927578288e-03
3.230916878422847392e-03
3.225912775387013327e-03
3.220916422797419354e-03
3.215927808650032287e-03
3.210946920959411709e-03
3.205973747758675708e-03
3.201008277099482227e-03
3.196050497051993074e-03
3.191100395704845726e-03
3.186157961165128616e-03
3.181223181558348601e-03
3.176296045027804729e-03
3.171376538752010508e-03
3.166464651898964408e-03
3.161560372668455882e-03
3.156663690747085922e-03
3.151774592405243332e-03
3.146893066388313249e-03
3.142019100968080920e-03
3.137152684434550958e-03
3.132293805095870149e-03
3.127442451278291888e-03
3.122598611326149725e-03
3.117762273600704643e-03
3.112933426483750245e-03
3.108112058373563476e-03
3.103298157686399522e-03
3.098491712856578113e-03
3.093692712336326527e-03
3.088901144595763114e-03
3.084116998122860866e-03
3.079340261423423996e-03
3.074570923021059752e-03
3.069808971457148490e-03
3.065054395290820258e-03
3.060307183098922700e-03
3.055567323475996775e-03
3.050834805034248996e-03
3.046109616403523245e-03
3.041391746231272581e-03
3.036681183182534521e-03
3.031977915939900250e-03
3.027281933203493803e-03
3.022593223690935634e-03
3.017911776137324406e-03
3.013237579295203594e-03
3.008570621934538065e-03
3.003910892842687631e-03
2.999258380824374511e-03
2.994613074701663394e-03
2.989974963313930638e-03
2.985344035517838689e-03
2.980720280187309189e-03
2.976103686213495223e-03
2.971494242504756165e-03
2.966891937986629920e-03
2.962296761601806907e-03
2.957708702310103601e-03
2.953127749088435648e-03
2.948553890930791406e-03
2.943987116848204195e-03
2.939427415868729309e-03
2.934874777037415391e-03
2.930329189416277114e-03
2.925790642084270463e-03
2.921259124137266273e-03
2.916734624688024219e-03
2.912217132866167218e-03
2.907706637818151512e-03
2.903203128707246717e-03
2.898706594713505030e-03
2.894217025033736512e-03
2.889734408881484366e-03
2.885258735486996746e-03
2.880789994097203779e-03
2.876328173975689802e-03
2.871873264402666041e-03
2.867425254674949801e-03
2.862984134105933231e-03
2.858549892025560781e-03
2.854122517780303611e-03
2.849702000733132703e-03
2.845288330263493273e-03
2.840881495767281356e-03
2.836481486656815178e-03
2.832088292360812609e-03
2.827701902324364271e-03
2.823322306008906220e-03
2.818949492892201727e-03
2.814583452468307021e-03
2.810224174247549604e-03
2.805871647756507867e-03
2.801525862537977696e-03
2.797186808150952959e-03
2.792854474170597748e-03
2.788528850188224696e-03
2.784209925811264620e-03
2.779897690663245269e-03
2.775592134383767905e-03
2.771293246628477817e-03
2.767001017069042629e-03
2.762715435393125855e-03
2.758436491304363906e-03
2.754164174522341375e-03
2.749898474782562410e-03
2.745639381836432070e-03
2.741386885451225965e-03
2.737140975410070742e-03
2.732901641511916325e-03
2.728668873571510767e-03
2.724442661419379866e-03
2.720222994901797236e-03
2.716009863880764798e-03
2.711803258233986321e-03
2.707603167854841838e-03
2.703409582652365958e-03
2.699222492551221417e-03
2.695041887491676520e-03
2.690867757429579992e-03
2.686700092336337560e-03
2.682538882198887229e-03
2.678384117019674566e-03
2.674235786816630146e-03
2.670093881623146134e-03
2.665958391488048966e-03
2.661829306475579394e-03
2.657706616665365604e-03
2.653590312152402392e-03
2.649480383047022984e-03
2.645376819474880379e-03
2.641279611576920032e-03
2.637188749509356868e-03
2.633104223443653597e-03
2.629026023566493394e-03
2.624954140079760814e-03
2.620888563200512739e-03
2.616829283160962763e-03
2.612776290208448232e-03
2.608729574605415068e-03
2.604689126629388275e-03
2.600654936572953727e-03
2.596626994743729978e-03
2.592605291464348746e-03
2.588589817072429328e-03
2.584580561920557344e-03
2.580577516376260459e-03
2.576580670821983655e-03
2.572590015655070589e-03
2.568605541287734099e-03
2.564627238147040161e-03
2.560655096674879696e-03
2.556689107327946887e-03
2.552729260577719234e-03
2.548775546910429356e-03
2.544827956827045486e-03
2.540886480843251079e-03
2.536951109489414893e-03
2.533021833310574941e-03
2.529098642866412904e-03
2.525181528731232014e-03
2.521270481493932767e-03
2.517365491757992974e-03
2.513466550141444777e-03
2.509573647276849059e-03
2.505686773811276365e-03
2.501805920406283915e-03
2.497931077737890887e-03
2.494062236496559330e-03
2.490199387387169450e-03
2.486342521128996185e-03
2.482491628455690998e-03
2.478646700115256715e-03
2.474807726870024548e-03
2.470974699496635875e-03
2.467147608786014051e-03
2.463326445543348800e-03
2.459511200588067586e-03
2.455701864753820005e-03
2.451898428888450894e-03
2.448100883853980385e-03
2.444309220526581349e-03
2.440523429796559451e-03
2.436743502568327994e-03
2.432969429760387971e-03
2.429201202305306378e-03
2.425438811149693667e-03
2.421682247254183361e-03
2.417931501593407768e-03
2.414186565155977595e-03
2.410447428944463306e-03
2.406714083975367794e-03
2.402986521279109906e-03
2.399264731899999285e-03
2.395548706896215990e-03
2.391838437339790981e-03
2.388133914316581830e-03
2.384435128926253641e-03
2.380742072282253895e-03
2.377054735511797273e-03
2.373373109755838768e-03
2.369697186169054601e-03
2.366026955919820537e-03
2.362362410190191071e-03
2.358703540175879909e-03
2.355050337086233951e-03
2.351402792144217241e-03
2.347760896586387116e-03
2.344124641662873824e-03
2.340494018637360573e-03
2.336869018787060114e-03
2.333249633402696525e-03
2.329635853788481793e-03
2.326027671262096731e-03
2.322425077154669296e-03
2.318828062810755070e-03
2.315236619588313845e-03
2.311650738858690105e-03
2.308070412006593512e-03
2.304495630430077654e-03
2.300926385540518360e-03
2.297362668762592888e-03
2.293804471534261272e-03
2.290251785306745506e-03
2.286704601544505694e-03
2.283162911725223568e-03
2.279626707339779505e-03
2.276095979892232141e-03
2.272570720899801892e-03
2.269050921892844935e-03
2.265536574414835861e-03
2.262027670022346421e-03
2.258524200285027747e-03
2.255026156785585201e-03
2.251533531119763194e-03
2.248046314896321764e-03
2.244564499737017934e-03
2.241088077276584458e-03
2.237617039162711173e-03
2.234151377056023749e-03
2.230691082630063739e-03
2.227236147571269934e-03
2.223786563578955804e-03
2.220342322365291728e-03
2.216903415655284600e-03
2.213469835186758321e-03
2.210041572710332546e-03
2.206618619989403601e-03
2.203200968800124969e-03
2.199788610931388208e-03
2.196381538184800832e-03
2.192979742374671134e-03
2.189583215327981294e-03
2.186191948884375243e-03
2.182805934896134802e-03
2.179425165228161040e-03
2.176049631757954756e-03
2.172679326375597398e-03
2.169314240983731545e-03
2.165954367497539227e-03
2.162599697844726741e-03
2.159250223965502105e-03
2.155905937812555538e-03
2.152566831351042115e-03
2.149232896558561385e-03
2.145904125425137417e-03
2.142580509953201026e-03
2.139262042157569817e-03
2.135948714065427807e-03
2.132640517716308942e-03
2.129337445162075848e-03
2.126039488466902050e-03
2.122746639707250287e-03
2.119458890971858203e-03
2.116176234361714058e-03
2.112898661990041116e-03
2.109626165982278131e-03
2.106358738476060265e-03
2.103096371621200871e-03
2.099839057579668510e-03
2.096586788525574372e-03
2.093339556645151464e-03
2.090097354136729885e-03
2.086860173210729891e-03
2.083628006089630665e-03
2.080400845007960783e-03
2.077178682212273923e-03
2.073961509961133251e-03
2.070749320525094514e-03
2.067542106186680446e-03
2.064339859240369498e-03
2.061142571992574581e-03
2.057950236761623992e-03
2.054762845877742324e-03
2.051580391683036596e-03
2.048402866531471526e-03
2.045230262788854357e-03
2.042062572832818376e-03
2.038899789052799495e-03
2.035741903850024105e-03
2.032588909637486532e-03
2.029440798839929946e-03
2.026297563893835092e-03
2.023159197247390365e-03
2.020025691360487468e-03
2.016897038704691929e-03
2.013773231763230954e-03
2.010654263030973478e-03
2.007540125014413684e-03
2.004430810231650189e-03
2.001326311212369563e-03
1.998226620497830716e-03
1.995131730640843214e-03
1.992041634205751668e-03
1.988956323768414913e-03
1.985875791916193872e-03
1.982800031247928564e-03
1.979729034373921628e-03
1.976662793915922277e-03
1.973601302507105044e-03
1.970544552792056342e-03
1.967492537426756248e-03
1.964445249078554650e-03
1.961402680426163007e-03
1.958364824159629630e-03
1.955331672980324502e-03
1.952303219600924318e-03
1.949279456745389499e-03
1.946260377148951396e-03
1.943245973558093212e-03
1.940236238730531568e-03
1.937231165435200674e-03
1.934230746452234549e-03
1.931234974572949240e-03
1.928243842599825257e-03
1.925257343346491960e-03
1.922275469637708045e-03
1.919298214309345064e-03
1.916325570208372246e-03
1.913357530192835243e-03
1.910394087131843562e-03
1.907435233905549086e-03
1.904480963405132858e-03
1.901531268532784692e-03
1.898586142201688642e-03
1.895645577336004580e-03
1.892709566870851706e-03
1.889778103752291208e-03
1.886851180937309776e-03
1.883928791393801828e-03
1.881010928100553892e-03
1.878097584047227261e-03
1.875188752234340861e-03
1.872284425673253257e-03
1.869384597386149855e-03
1.866489260406021004e-03
1.863598407776648116e-03
1.860712032552587188e-03
1.857830127799151021e-03
1.854952686592393173e-03
1.852079702019091478e-03
1.849211167176729401e-03
1.846347075173483026e-03
1.843487419128202187e-03
1.840632192170394430e-03
1.837781387440208308e-03
1.834934998088416473e-03
1.832093017276400929e-03
1.829255438176133949e-03
1.826422253970164632e-03
1.823593457851600038e-03
1.820769043024090660e-03
1.817949002701812642e-03
1.815133330109452601e-03
1.812322018482190713e-03
1.809515061065684232e-03
1.806712451116052748e-03
1.803914181899859753e-03
1.801120246694098330e-03
1.798330638786173157e-03
1.795545351473887491e-03
1.792764378065423662e-03
1.789987711879327884e-03
1.787215346244496383e-03
1.784447274500156749e-03
1.781683489995852321e-03
1.778923986091428310e-03
1.776168756157013150e-03
1.773417793573004190e-03
1.770671091730051210e-03
1.767928644029040808e-03
1.765190443881079927e-03
1.762456484707480885e-03
1.759726759939744898e-03
1.757001263019547987e-03
1.754279987398721678e-03
1.751562926539240424e-03
1.748850073913205995e-03
1.746141423002828177e-03
1.743436967300414147e-03
1.740736700308348527e-03
1.738040615539080801e-03
1.735348706515107541e-03
1.732660966768958524e-03
1.729977389843179820e-03
1.727297969290319483e-03
1.724622698672911500e-03
1.721951571563459750e-03
1.719284581544423688e-03
1.716621722208201651e-03
1.713962987157117632e-03
1.711308370003402409e-03
1.708657864369182494e-03
1.706011463886461044e-03
1.703369162197103989e-03
1.700730952952825498e-03
1.698096829815172373e-03
1.695466786455507996e-03
1.692840816554997373e-03
1.690218913804592601e-03
1.687601071905017909e-03
1.684987284566752961e-03
1.682377545510019192e-03
1.679771848464764634e-03
1.677170187170647867e-03
1.674572555377023923e-03
1.671978946842928894e-03
1.669389355337064750e-03
1.666803774637785028e-03
1.664222198533079223e-03
1.661644620820558471e-03
1.659071035307439507e-03
1.656501435810531220e-03
1.653935816156218820e-03
1.651374170180449751e-03
1.648816491728718504e-03
1.646262774656050360e-03
1.643713012826989893e-03
1.641167200115583842e-03
1.638625330405365718e-03
1.636087397589344305e-03
1.633553395569985450e-03
1.631023318259199268e-03
1.628497159578326265e-03
1.625974913458120858e-03
1.623456573838737279e-03
1.620942134669715916e-03
1.618431589909967916e-03
1.615924933527761089e-03
1.613422159500705385e-03
1.610923261815738142e-03
1.608428234469110431e-03
1.605937071466370788e-03
1.603449766822353292e-03
1.600966314561161948e-03
1.598486708716155081e-03
1.596010943329933618e-03
1.593539012454324834e-03
1.591070910150368901e-03
1.588606630488304146e-03
1.586146167547552305e-03
1.583689515416707031e-03
1.581236668193515028e-03
1.578787619984867163e-03
1.576342364906779814e-03
1.573900897084382728e-03
1.571463210651905581e-03
1.569029299752662792e-03
1.566599158539039001e-03
1.564172781172476706e-03
1.561750161823461085e-03
1.559331294671505467e-03
1.556916173905138539e-03
1.554504793721890685e-03
1.552097148328277941e-03
1.549693231939790064e-03
1.547293038780875579e-03
1.544896563084929191e-03
1.542503799094275749e-03
1.540114741060158747e-03
1.537729383242724930e-03
1.535347719911011070e-03
1.532969745342930516e-03
1.530595453825258669e-03
1.528224839653619539e-03
1.525857897132472949e-03
1.523494620575099575e-03
1.521135004303587283e-03
1.518779042648819204e-03
1.516426729950457689e-03
1.514078060556933031e-03
1.511733028825427635e-03
1.509391629121864748e-03
1.507053855820892621e-03
1.504719703305873240e-03
1.502389165968866496e-03
1.500062238210620206e-03
1.497738914440551470e-03
1.495419189076738209e-03
1.493103056545902474e-03
1.490790511283399816e-03
1.488481547733203243e-03
1.486176160347891075e-03
1.483874343588634150e-03
1.481576091925181733e-03
1.479281399835848283e-03
1.476990261807500449e-03
1.474702672335543620e-03
1.472418625923909135e-03
1.470138117085040188e-03
1.467861140339879683e-03
1.465587690217856360e-03
1.463317761256871996e-03
1.461051348003288399e-03
1.458788445011913312e-03
1.456529046845987836e-03
1.454273148077175806e-03
1.452020743285546440e-03
1.449771827059564153e-03
1.447526393996075109e-03
1.445284438700292912e-03
1.443045955785788627e-03
1.440810939874473872e-03
1.438579385596590841e-03
1.436351287590698859e-03
1.434126640503660720e-03
1.431905438990630115e-03
1.429687677715039268e-03
1.427473351348585925e-03
1.425262454571219481e-03
1.423054982071130133e-03
1.420850928544734352e-03
1.418650288696664047e-03
1.416453057239751593e-03
1.414259228895018783e-03
1.412068798391663159e-03
1.409881760467045653e-03
1.407698109866678884e-03
1.405517841344212839e-03
1.403340949661423817e-03
1.401167429588200336e-03
1.398997275902532722e-03
1.396830483390498366e-03
1.394667046846249795e-03
1.392506961072003183e-03
1.390350220878024470e-03
1.388196821082618090e-03
1.386046756512113740e-03
1.383900022000854671e-03
1.381756612391183379e-03
1.379616522533432714e-03
1.377479747285909615e-03
1.375346281514884918e-03
1.373216120094582085e-03
1.371089257907161588e-03
1.368965689842711365e-03
1.366845410799234252e-03
1.364728415682634095e-03
1.362614699406704917e-03
1.360504256893118550e-03
1.358397083071412065e-03
1.356293172878975844e-03
1.354192521261041648e-03
1.352095123170669617e-03
1.350000973568736768e-03
1.347910067423924206e-03
1.345822399712707802e-03
1.343737965419341488e-03
1.341656759535848811e-03
1.339578777062010130e-03
1.337504013005349395e-03
1.335432462381123085e-03
1.333364120212309151e-03
1.331298981529592702e-03
1.329237041371356034e-03
1.327178294783666265e-03
1.325122736820263198e-03
1.323070362542546306e-03
1.321021167019566928e-03
1.318975145328010485e-03
1.316932292552188896e-03
1.314892603784028214e-03
1.312856074123055182e-03
1.310822698676387260e-03
1.308792472558719180e-03
1.306765390892313189e-03
1.304741448806985820e-03
1.302720641440096618e-03
1.300702963936535995e-03
1.298688411448715042e-03
1.296676979136552081e-03
1.294668662167462259e-03
1.292663455716344971e-03
1.290661354965573666e-03
1.288662355104982626e-03
1.286666451331856982e-03
1.284673638850919279e-03
1.282683912874320580e-03
1.280697268621626157e-03
1.278713701319805947e-03
1.276733206203221980e-03
1.274755778513618184e-03
1.272781413500107374e-03
1.270810106419160848e-03
1.268841852534596890e-03
1.266876647117569496e-03
1.264914485446556013e-03
1.262955362807347383e-03
1.260999274493036001e-03
1.259046215804003350e-03
1.257096182047911332e-03
1.255149168539688173e-03
1.253205170601518663e-03
1.251264183562833315e-03
1.249326202760295788e-03
1.247391223537792481e-03
1.245459241246421904e-03
1.243530251244481886e-03
1.241604248897460469e-03
1.239681229578022898e-03
1.237761188666001424e-03
1.235844121548384687e-03
1.233930023619305349e-03
1.232018890280030341e-03
1.230110716938948717e-03
1.228205499011561248e-03
1.226303231920468926e-03
1.224403911095362993e-03
1.222507531973013447e-03
1.220614089997256249e-03
1.218723580618985948e-03
1.216835999296141807e-03
1.214951341493698041e-03
1.213069602683652980e-03
1.211190778345018221e-03
1.209314863963806275e-03
1.207441855033023186e-03
1.205571747052653795e-03
1.203704535529653060e-03
1.201840215977934999e-03
1.199978783918362064e-03
1.198120234878733217e-03
1.196264564393774823e-03
1.194411768005128934e-03
1.192561841261342674e-03
1.190714779717857389e-03
1.188870578936998892e-03
1.187029234487965972e-03
1.185190741946819766e-03
1.183355096896472700e-03
1.181522294926679387e-03
1.179692331634024692e-03
1.177865202621914201e-03
1.176040903500561851e-03
1.174219429886981698e-03
1.172400777404975121e-03
1.170584941685122362e-03
1.168771918364771038e-03
1.166961703088025080e-03
1.165154291505736059e-03
1.163349679275489960e-03
1.161547862061599809e-03
1.159748835535092662e-03
1.157952595373701364e-03
1.156159137261852628e-03
1.154368456890657270e-03
1.152580549957900021e-03
1.150795412168028903e-03
1.149013039232144604e-03
1.147233426867990931e-03
1.145456570799944411e-03
1.143682466759002791e-03
1.141911110482777018e-03
1.140142497715477795e-03
1.138376624207909074e-03
1.136613485717455265e-03
1.134853078008072561e-03
1.133095396850276578e-03
1.131340438021134981e-03
1.129588197304254912e-03
1.127838670489774743e-03
1.126091853374353675e-03
1.124347741761159373e-03
1.122606331459860812e-03
1.120867618286617434e-03
1.119131598064066792e-03
1.117398266621319339e-03
1.115667619793942605e-03
1.113939653423955557e-03
1.112214363359817319e-03
1.110491745456416122e-03
1.108771795575061274e-03
1.107054509583470800e-03
1.105339883355763641e-03
1.103627912772449024e-03
1.101918593720417139e-03
1.100211922092927215e-03
1.098507893789600143e-03
1.096806504716406772e-03
1.095107750785659882e-03
1.093411627916002259e-03
1.091718132032399105e-03
1.090027259066125680e-03
1.088339004954760143e-03
1.086653365642172497e-03
1.084970337078514395e-03
1.083289915220210032e-03
1.081612096029947040e-03
1.079936875476665212e-03
1.078264249535548476e-03
1.076594214188014275e-03
1.074926765421703586e-03
1.073261899230472686e-03
1.071599611614381655e-03
1.069939898579686573e-03
1.068282756138828459e-03
1.066628180310425682e-03
1.064976167119260518e-03
1.063326712596274811e-03
1.061679812778556315e-03
1.060035463709330670e-03
1.058393661437951857e-03
1.056754402019893313e-03
1.055117681516737306e-03
1.053483495996166254e-03
1.051851841531952544e-03
1.050222714203950065e-03
1.048596110098083808e-03
1.046972025306341838e-03
1.045350455926764019e-03
1.043731398063434427e-03
1.042114847826470505e-03
1.040500801332015042e-03
1.038889254702226195e-03
1.037280204065267088e-03
1.035673645555299080e-03
1.034069575312470714e-03
1.032467989482907739e-03
1.030868884218705955e-03
1.029272255677920588e-03
1.027678100024556748e-03
1.026086413428561406e-03
1.024497192065814072e-03
1.022910432118115300e-03
1.021326129773181485e-03
1.019744281224632719e-03
1.018164882671983903e-03
1.016587930320636069e-03
1.015013420381869445e-03
1.013441349072830011e-03
1.011871712616523207e-03
1.010304507241805696e-03
1.008739729183373004e-03
1.007177374681753881e-03
1.005617439983299242e-03
1.004059921340173930e-03
1.002504815010346736e-03
1.000952117257583682e-03
9.994018243514358763e-04
9.978539325672338735e-04
9.963084381860751008e-04
9.947653374948184357e-04
9.932246267860737974e-04
9.916863023581917388e-04
9.901503605152580257e-04
9.886167975670801921e-04
9.870856098291836377e-04
9.855567936227992674e-04
9.840303452748552521e-04
9.825062611179698722e-04
9.809845374904402424e-04
9.794651707362360231e-04
9.779481572049883616e-04
9.764334932519827363e-04
9.749211752381496329e-04
9.734111995300553282e-04
9.719035624998943008e-04
9.703982605254792568e-04
9.688952899902333231e-04
9.673946472831807235e-04
9.658963287989392977e-04
9.644003309377096591e-04
9.629066501052689067e-04
9.614152827129605417e-04
9.599262251776862279e-04
9.584394739218971178e-04
9.569550253735855045e-04
9.554728759662759309e-04
9.539930221390172755e-04
9.525154603363728857e-04
9.510401870084135307e-04
9.495671986107075352e-04
9.480964916043132986e-04
9.466280624557702958e-04
9.451619076370907290e-04
9.436980236257511796e-04
9.422364069046836087e-04
9.407770539622675515e-04
9.393199612923212264e-04
9.378651253940934037e-04
9.364125427722548405e-04
9.349622099368899318e-04
9.335141234034885797e-04
9.320682796929370857e-04
9.306246753315103445e-04
9.291833068508639293e-04
9.277441707880246594e-04
9.263072636853830104e-04
9.248725820906849833e-04
9.234401225570231051e-04
9.220098816428288395e-04
9.205818559118635882e-04
9.191560419332114266e-04
9.177324362812699964e-04
9.163110355357423744e-04
9.148918362816294827e-04
9.134748351092210903e-04
9.120600286140882230e-04
9.106474133970747075e-04
9.092369860642888222e-04
9.078287432270954914e-04
9.064226815021085874e-04
9.050187975111810643e-04
9.036170878813988864e-04
9.022175492450721377e-04
9.008201782397263482e-04
8.994249715080947965e-04
8.980319256981112450e-04
8.966410374629006164e-04
8.952523034607719459e-04
8.938657203552094910e-04
8.924812848148654673e-04
8.910989935135518085e-04
8.897188431302317096e-04
8.883408303490124714e-04
8.869649518591370433e-04
8.855912043549758923e-04
8.842195845360195216e-04
8.828500891068701223e-04
8.814827147772343096e-04
8.801174582619140149e-04
8.787543162808000895e-04
8.773932855588630888e-04
8.760343628261464417e-04
8.746775448177581021e-04
8.733228282738625262e-04
8.719702099396730828e-04
8.706196865654443557e-04
8.692712549064642285e-04
8.679249117230456454e-04
8.665806537805197801e-04
8.652384778492272542e-04
8.638983807045115234e-04
8.625603591267095530e-04
8.612244099011455304e-04
8.598905298181225157e-04
8.585587156729150701e-04
8.572289642657606899e-04
8.559012724018529765e-04
8.545756368913339385e-04
8.532520545492859685e-04
8.519305221957241452e-04
8.506110366555890779e-04
8.492935947587384495e-04
8.479781933399402945e-04
8.466648292388651931e-04
8.453534993000782474e-04
8.440442003730316009e-04
8.427369293120572829e-04
8.414316829763592931e-04
8.401284582300063385e-04
8.388272519419235924e-04
8.375280609858866236e-04
8.362308822405118552e-04
8.349357125892507099e-04
8.336425489203819119e-04
8.323513881270030307e-04
8.310622271070240838e-04
8.297750627631596222e-04
8.284898920029210327e-04
8.272067117386098156e-04
8.259255188873093449e-04
8.246463103708781463e-04
8.233690831159423077e-04
8.220938340538877813e-04
8.208205601208533363e-04
8.195492582577231866e-04
8.182799254101190758e-04
8.170125585283942058e-04
8.157471545676247800e-04
8.144837104876025222e-04
8.132222232528289307e-04
8.119626898325062788e-04
8.107051072005307850e-04
8.094494723354859990e-04
8.081957822206353205e-04
8.069440338439135430e-04
8.056942241979214324e-04
8.044463502799175953e-04
8.032004090918112155e-04
8.019563976401547891e-04
8.007143129361371861e-04
7.994741519955769283e-04
7.982359118389137321e-04
7.969995894912023293e-04
7.957651819821056358e-04
7.945326863458862954e-04
7.933020996214009335e-04
7.920734188520919166e-04
7.908466410859813899e-04
7.896217633756632539e-04
7.883987827782964423e-04
7.871776963555977662e-04
7.859585011738345417e-04
7.847411943038190606e-04
7.835257728208987237e-04
7.823122338049523549e-04
7.811005743403803348e-04
7.798907915160992882e-04
7.786828824255344946e-04
7.774768441666129494e-04
7.762726738417565333e-04
7.750703685578748565e-04
7.738699254263584288e-04
7.726713415630715029e-04
7.714746140883458952e-04
7.702797401269726374e-04
7.690867168081969886e-04
7.678955412657093287e-04
7.667062106376403875e-04
7.655187220665530048e-04
7.643330726994357338e-04
7.631492596876956851e-04
7.619672801871523469e-04
7.607871313580299956e-04
7.596088103649515158e-04
7.584323143769309194e-04
7.572576405673671655e-04
7.560847861140370047e-04
7.549137481990880402e-04
7.537445240090328734e-04
7.525771107347410801e-04
7.514115055714332483e-04
7.502477057186740387e-04
7.490857083803657878e-04
7.479255107647409190e-04
7.467671100843564129e-04
7.456105035560858926e-04
7.444556884011138773e-04
7.433026618449287354e-04
7.421514211173160704e-04
7.410019634523519992e-04
7.398542860883964298e-04
7.387083862680868815e-04
7.375642612383311123e-04
7.364219082503012642e-04
7.352813245594267072e-04
7.341425074253878601e-04
7.330054541121088169e-04
7.318701618877522519e-04
7.307366280247113962e-04
7.296048497996039661e-04
7.284748244932662004e-04
7.273465493907452705e-04
7.262200217812936429e-04
7.250952389583623569e-04
7.239721982195938691e-04
7.228508968668167405e-04
7.217313322060381559e-04
7.206135015474374184e-04
7.194974022053608536e-04
7.183830314983135701e-04
7.172703867489541463e-04
7.161594652840878004e-04
7.150502644346601018e-04
7.139427815357503575e-04
7.128370139265656491e-04
7.117329589504337852e-04
7.106306139547972304e-04
7.095299762912074667e-04
7.084310433153172964e-04
7.073338123868749871e-04
7.062382808697187419e-04
7.051444461317692191e-04
7.040523055450237854e-04
7.029618564855503364e-04
7.018730963334802488e-04
7.007860224730031763e-04
6.997006322923598944e-04
6.986169231838361198e-04
6.975348925437568730e-04
6.964545377724797558e-04
6.953758562743881213e-04
6.942988454578863031e-04
6.932235027353922429e-04
6.921498255233313104e-04
6.910778112421303403e-04
6.900074573162119944e-04
6.889387611739877142e-04
6.878717202478517581e-04
6.868063319741751294e-04
6.857425937932995052e-04
6.846805031495313814e-04
6.836200574911349172e-04
6.825612542703267307e-04
6.815040909432698276e-04
6.804485649700666621e-04
6.793946738147536076e-04
6.783424149452948852e-04
6.772917858335764920e-04
6.762427839553998045e-04
6.751954067904759405e-04
6.741496518224192542e-04
6.731055165387415896e-04
6.720629984308463178e-04
6.710220949940220482e-04
6.699828037274368825e-04
6.689451221341320176e-04
6.679090477210160000e-04
6.668745779988588702e-04
6.658417104822859835e-04
6.648104426897722633e-04
6.637807721436356960e-04
6.627526963700321270e-04
6.617262128989486467e-04
6.607013192641980615e-04
6.596780130034130387e-04
6.586562916580392764e-04
6.576361527733313832e-04
6.566175938983451806e-04
6.556006125859329325e-04
6.545852063927366229e-04
6.535713728791830773e-04
6.525591096094773488e-04
6.515484141515970806e-04
6.505392840772866508e-04
6.495317169620516435e-04
6.485257103851523432e-04
6.475212619295984224e-04
6.465183691821434122e-04
6.455170297332778716e-04
6.445172411772247256e-04
6.435190011119330854e-04
6.425223071390717428e-04
6.415271568640249422e-04
6.405335478958851161e-04
6.395414778474480064e-04
6.385509443352069183e-04
6.375619449793463230e-04
6.365744774037368709e-04
6.355885392359294280e-04
6.346041281071491133e-04
6.336212416522900943e-04
6.326398775099097323e-04
6.316600333222225109e-04
6.306817067350950490e-04
6.297048953980393781e-04
6.287295969642093651e-04
6.277558090903922550e-04
6.267835294370054187e-04
6.258127556680894137e-04
6.248434854513028889e-04
6.238757164579168376e-04
6.229094463628090687e-04
6.219446728444586771e-04
6.209813935849401887e-04
6.200196062699182484e-04
6.190593085886419815e-04
6.181004982339395734e-04
6.171431729022123060e-04
6.161873302934296791e-04
6.152329681111230134e-04
6.142800840623812222e-04
6.133286758578437642e-04
6.123787412116961978e-04
6.114302778416645439e-04
6.104832834690094310e-04
6.095377558185209989e-04
6.085936926185130449e-04
6.076510916008179275e-04
6.067099505007812537e-04
6.057702670572556996e-04
6.048320390125961309e-04
6.038952641126542906e-04
6.029599401067733781e-04
6.020260647477819775e-04
6.010936357919895038e-04
6.001626509991800232e-04
5.992331081326076996e-04
5.983050049589909393e-04
5.973783392485068622e-04
5.964531087747866394e-04
5.955293113149090966e-04
5.946069446493963771e-04
5.936860065622078702e-04
5.927664948407357663e-04
5.918484072757982262e-04
5.909317416616361287e-04
5.900164957959061311e-04
5.891026674796755744e-04
5.881902545174182541e-04
5.872792547170079154e-04
5.863696658897139162e-04
5.854614858501951558e-04
5.845547124164955210e-04
5.836493434100382483e-04
5.827453766556206114e-04
5.818428099814093677e-04
5.809416412189346863e-04
5.800418682030850526e-04
5.791434887721028232e-04
5.782465007675784792e-04
5.773509020344449886e-04
5.764566904209737948e-04
5.755638637787684198e-04
5.746724199627602355e-04
5.737823568312027181e-04
5.728936722456666767e-04
5.720063640710348332e-04
5.711204301754966173e-04
5.702358684305438305e-04
5.693526767109645739e-04
5.684708528948383697e-04
5.675903948635316072e-04
5.667113005016915801e-04
5.658335676972422578e-04
5.649571943413786478e-04
5.640821783285623501e-04
5.632085175565150524e-04
5.623362099262157110e-04
5.614652533418931779e-04
5.605956457110232742e-04
5.597273849443217420e-04
5.588604689557412093e-04
5.579948956624644673e-04
5.571306629849010015e-04
5.562677688466801610e-04
5.554062111746480143e-04
5.545459878988613861e-04
5.536870969525830872e-04
5.528295362722767097e-04
5.519733037976020740e-04
5.511183974714102410e-04
5.502648152397378745e-04
5.494125550518035549e-04
5.485616148600014905e-04
5.477119926198979402e-04
5.468636862902249247e-04
5.460166938328766487e-04
5.451710132129036464e-04
5.443266423985080107e-04
5.434835793610392736e-04
5.426418220749882259e-04
5.418013685179835564e-04
5.409622166707861056e-04
5.401243645172836613e-04
5.392878100444868390e-04
5.384525512425243111e-04
5.376185861046376031e-04
5.367859126271757805e-04
5.359545288095916545e-04
5.351244326544366860e-04
5.342956221673556732e-04
5.334680953570824146e-04
5.326418502354351558e-04
5.318168848173109508e-04
5.309931971206814346e-04
5.301707851665885939e-04
5.293496469791386964e-04
5.285297805854989291e-04
5.277111840158919777e-04
5.268938553035910390e-04
5.260777924849154843e-04
5.252629935992264142e-04
5.244494566889211290e-04
5.236371797994291170e-04
5.228261609792075014e-04
5.220163982797351851e-04
5.212078897555098150e-04
5.204006334640416025e-04
5.195946274658495281e-04
5.187898698244567883e-04
5.179863586063855911e-04
5.171840918811526026e-04
5.163830677212647184e-04
5.155832842022140764e-04
5.147847394024731779e-04
5.139874314034914181e-04
5.131913582896891228e-04
5.123965181484531036e-04
5.116029090701336218e-04
5.108105291480375581e-04
5.100193764784253765e-04
5.092294491605058124e-04
5.084407452964325108e-04
5.076532629912970879e-04
5.068670003531271792e-04
5.060819554928802600e-04
5.052981265244395250e-04
5.045155115646097685e-04
5.037341087331119634e-04
5.029539161525801170e-04
5.021749319485548741e-04
5.013971542494810238e-04
5.006205811867017524e-04
4.998452108944543074e-04
4.990710415098654432e-04
4.982980711729477355e-04
4.975262980265943765e-04
4.967557202165746215e-04
4.959863358915295607e-04
4.952181432029681071e-04
4.944511403052620100e-04
4.936853253556411922e-04
4.929206965141902808e-04
4.921572519438429695e-04
4.913949898103787657e-04
4.906339082824178952e-04
4.898740055314169646e-04
4.891152797316645172e-04
4.883577290602772372e-04
4.876013516971948003e-04
4.868461458251758080e-04
4.860921096297935048e-04
4.853392412994314955e-04
4.845875390252791376e-04
4.838370010013271503e-04
4.830876254243637109e-04
4.823394104939694683e-04
4.815923544125141811e-04
4.808464553851512428e-04
4.801017116198142125e-04
4.793581213272122069e-04
4.786156827208255631e-04
4.778743940169017193e-04
4.771342534344505523e-04
4.763952591952407998e-04
4.756574095237951273e-04
4.749207026473860078e-04
4.741851367960317107e-04
4.734507102024916396e-04
4.727174211022625917e-04
4.719852677335742582e-04
4.712542483373848338e-04
4.705243611573769504e-04
4.697956044399536116e-04
4.690679764342336393e-04
4.683414753920479325e-04
4.676160995679345348e-04
4.668918472191354360e-04
4.661687166055913673e-04
4.654467059899384412e-04
4.647258136375033259e-04
4.640060378162997223e-04
4.632873767970235391e-04
4.625698288530493145e-04
4.618533922604255550e-04
4.611380652978711568e-04
4.604238462467707981e-04
4.597107333911710364e-04
4.589987250177758626e-04
4.582878194159433947e-04
4.575780148776807275e-04
4.568693096976405178e-04
4.561617021731166470e-04
4.554551906040403726e-04
4.547497732929757746e-04
4.540454485451161232e-04
4.533422146682795960e-04
4.526400699729051587e-04
4.519390127720487697e-04
4.512390413813790438e-04
4.505401541191733487e-04
4.498423493063138478e-04
4.491456252662829468e-04
4.484499803251603117e-04
4.477554128116176106e-04
4.470619210569154781e-04
4.463695033948989616e-04
4.456781581619935094e-04
4.449878836972017185e-04
4.442986783420981847e-04
4.436105404408263579e-04
4.429234683400942057e-04
4.422374603891704730e-04
4.415525149398803989e-04
4.408686303466022478e-04
4.401858049662627013e-04
4.395040371583334971e-04
4.388233252848270922e-04
4.381436677102931395e-04
4.374650628018140423e-04
4.367875089290014848e-04
4.361110044639921498e-04
4.354355477814441408e-04
4.347611372585328073e-04
4.340877712749471678e-04
4.334154482128854094e-04
4.327441664570517987e-04
4.320739243946522903e-04
4.314047204153905694e-04
4.307365529114646368e-04
4.300694202775625806e-04
4.294033209108587268e-04
4.287382532110101162e-04
4.280742155801521131e-04
4.274112064228953694e-04
4.267492241463208920e-04
4.260882671599773314e-04
4.254283338758762666e-04
4.247694227084892766e-04
4.241115320747431707e-04
4.234546603940166814e-04
4.227988060881369948e-04
4.221439675813753057e-04
4.214901433004434564e-04
4.208373316744898709e-04
4.201855311350959771e-04
4.195347401162727915e-04
4.188849570544560404e-04
4.182361803885037204e-04
4.175884085596914363e-04
4.169416400117093111e-04
4.162958731906574324e-04
4.156511065450430335e-04
4.150073385257759939e-04
4.143645675861657492e-04
4.137227921819169548e-04
4.130820107711264495e-04
4.124422218142790274e-04
4.118034237742437516e-04
4.111656151162707017e-04
4.105287943079869079e-04
4.098929598193926105e-04
4.092581101228579530e-04
4.086242436931190793e-04
4.079913590072742845e-04
4.073594545447808708e-04
4.067285287874509731e-04
4.060985802194480359e-04
4.054696073272835602e-04
4.048416085998128751e-04
4.042145825282320482e-04
4.035885276060738737e-04
4.029634423292043489e-04
4.023393251958190964e-04
4.017161747064400029e-04
4.010939893639109909e-04
4.004727676733951455e-04
3.998525081423705404e-04
3.992332092806270935e-04
3.986148696002626639e-04
3.979974876156795282e-04
3.973810618435811822e-04
3.967655908029680037e-04
3.961510730151346512e-04
3.955375070036658888e-04
3.949248912944329005e-04
3.943132244155904170e-04
3.937025048975725415e-04
3.930927312730894967e-04
3.924839020771241560e-04
3.918760158469284109e-04
3.912690711220196478e-04
3.906630664441772781e-04
3.900580003574393231e-04
3.894538714080986739e-04
3.888506781446998922e-04
3.882484191180353081e-04
3.876470928811422546e-04
3.870466979892988940e-04
3.864472330000209648e-04
3.858486964730583127e-04
3.852510869703916919e-04
3.846544030562289163e-04
3.840586432970016610e-04
3.834638062613617763e-04
3.828698905201783059e-04
3.822768946465333667e-04
3.816848172157194931e-04
3.810936568052355707e-04
3.805034119947839095e-04
3.799140813662663400e-04
3.793256635037811782e-04
3.787381569936199726e-04
3.781515604242633301e-04
3.775658723863784764e-04
3.769810914728151906e-04
3.763972162786029317e-04
3.758142454009468815e-04
3.752321774392251255e-04
3.746510109949848584e-04
3.740707446719396191e-04
3.734913770759651168e-04
3.729129068150963035e-04
3.723353324995245009e-04
3.717586527415930094e-04
3.711828661557948854e-04
3.706079713587685505e-04
3.700339669692955143e-04
3.694608516082962006e-04
3.688886238988270199e-04
3.683172824660772252e-04
3.677468259373651714e-04
3.671772529421354968e-04
3.666085621119551650e-04
3.660407520805110263e-04
3.654738214836058597e-04
3.649077689591553918e-04
3.643425931471850438e-04
3.637782926898264625e-04
3.632148662313144840e-04
3.626523124179838273e-04
3.620906298982655707e-04
3.615298173226842780e-04
3.609698733438546385e-04
3.604107966164781592e-04
3.598525857973399128e-04
3.592952395453055019e-04
3.587387565213175349e-04
3.581831353883926450e-04
3.576283748116183456e-04
3.570744734581494527e-04
3.565214299972052658e-04
3.559692431000661527e-04
3.554179114400705139e-04
3.548674336926114755e-04
3.543178085351336368e-04
3.537690346471301429e-04
3.532211107101392695e-04
3.526740354077413328e-04
3.521278074255556538e-04
3.515824254512373058e-04
3.510378881744735907e-04
3.504941942869818704e-04
3.499513424825051759e-04
3.494093314568100933e-04
3.488681599076829689e-04
3.483278265349273070e-04
3.477883300403603007e-04
3.472496691278095793e-04
3.467118425031106058e-04
3.461748488741030454e-04
3.456386869506280005e-04
3.451033554445248120e-04
3.445688530696277532e-04
3.440351785417633730e-04
3.435023305787471347e-04
3.429703079003802724e-04
3.424391092284467006e-04
3.419087332867104122e-04
3.413791788009119007e-04
3.408504444987650161e-04
3.403225291099545250e-04
3.397954313661324249e-04
3.392691500009152876e-04
3.387436837498809523e-04
3.382190313505658154e-04
3.376951915424612522e-04
3.371721630670115031e-04
3.366499446676095536e-04
3.361285350895948571e-04
3.356079330802500286e-04
3.350881373887980253e-04
3.345691467663990028e-04
3.340509599661472791e-04
3.335335757430685157e-04
3.330169928541165192e-04
3.325012100581702600e-04
3.319862261160312156e-04
3.314720397904199014e-04
3.309586498459734312e-04
3.304460550492421562e-04
3.299342541686866833e-04
3.294232459746750563e-04
3.289130292394800998e-04
3.284036027372757866e-04
3.278949652441349072e-04
3.273871155380257626e-04
3.268800523988095084e-04
3.263737746082369558e-04
3.258682809499458075e-04
3.253635702094576218e-04
3.248596411741750474e-04
3.243564926333788426e-04
3.238541233782247846e-04
3.233525322017411765e-04
3.228517178988255399e-04
3.223516792662419047e-04
3.218524151026178818e-04
3.213539242084417899e-04
3.208562053860598904e-04
3.203592574396732441e-04
3.198630791753349998e-04
3.193676694009476300e-04
3.188730269262597867e-04
3.183791505628638619e-04
3.178860391241924098e-04
3.173936914255163578e-04
3.169021062839411031e-04
3.164112825184042907e-04
3.159212189496728856e-04
3.154319144003401914e-04
3.149433676948231397e-04
3.144555776593593627e-04
3.139685431220044830e-04
3.134822629126292402e-04
3.129967358629166178e-04
3.125119608063593496e-04
3.120279365782565044e-04
3.115446620157113719e-04
3.110621359576283182e-04
3.105803572447098592e-04
3.100993247194542743e-04
3.096190372261524632e-04
3.091394936108852890e-04
3.086606927215208135e-04
3.081826334077118041e-04
3.077053145208923177e-04
3.072287349142756416e-04
3.067528934428509859e-04
3.062777889633812615e-04
3.058034203343996645e-04
3.053297864162077247e-04
3.048568860708718905e-04
3.043847181622211977e-04
3.039132815558441797e-04
3.034425751190866988e-04
3.029725977210485314e-04
3.025033482325814160e-04
3.020348255262855840e-04
3.015670284765075912e-04
3.010999559593374448e-04
3.006336068526057302e-04
3.001679800358811713e-04
2.997030743904678662e-04
2.992388887994025222e-04
2.987754221474517996e-04
2.983126733211097096e-04
2.978506412085948495e-04
2.973893246998477466e-04
2.969287226865281477e-04
2.964688340620126334e-04
2.960096577213914204e-04
2.955511925614664093e-04
2.950934374807478240e-04
2.946363913794521516e-04
2.941800531594990524e-04
2.937244217245089202e-04
2.932694959798004433e-04
2.928152748323875143e-04
2.923617571909770075e-04
2.919089419659661225e-04
2.914568280694393486e-04
2.910054144151663505e-04
2.905546999185992037e-04
2.901046834968696838e-04
2.896553640687867187e-04
2.892067405548338953e-04
2.887588118771666399e-04
2.883115769596099418e-04
2.878650347276553718e-04
2.874191841084588052e-04
2.869740240308377112e-04
2.865295534252689847e-04
2.860857712238855312e-04
2.856426763604743148e-04
2.852002677704739190e-04
2.847585443909715110e-04
2.843175051607004563e-04
2.838771490200379878e-04
2.834374749110025495e-04
2.829984817772509772e-04
2.825601685640764392e-04
2.821225342184055084e-04
2.816855776887958315e-04
2.812492979254334184e-04
2.808136938801304196e-04
2.803787645063224158e-04
2.799445087590657615e-04
2.795109255950355793e-04
2.790780139725224530e-04
2.786457728514306928e-04
2.782142011932755166e-04
2.777832979611804479e-04
2.773530621198751472e-04
2.769234926356924304e-04
2.764945884765662091e-04
2.760663486120289428e-04
2.756387720132090903e-04
2.752118576528286712e-04
2.747856045052005005e-04
2.743600115462263458e-04
2.739350777533938915e-04
2.735108021057746784e-04
2.730871835840212856e-04
2.726642211703652697e-04
2.722419138486143462e-04
2.718202606041503298e-04
2.713992604239263149e-04
2.709789122964644534e-04
2.705592152118535695e-04
2.701401681617466655e-04
2.697217701393584289e-04
2.693040201394627923e-04
2.688869171583907112e-04
2.684704601940276700e-04
2.680546482458112971e-04
2.676394803147285999e-04
2.672249554033142302e-04
2.668110725156475570e-04
2.663978306573504978e-04
2.659852288355850250e-04
2.655732660590509435e-04
2.651619413379833427e-04
2.647512536841502653e-04
2.643412021108502681e-04
2.639317856329101994e-04
2.635230032666829219e-04
2.631148540300444938e-04
2.627073369423922719e-04
2.623004510246424717e-04
2.618941952992276194e-04
2.614885687900942758e-04
2.610835705227007044e-04
2.606791995240147035e-04
2.602754548225111124e-04
2.598723354481693179e-04
2.594698404324713025e-04
2.590679688083988796e-04
2.586667196104318507e-04
2.582660918745452948e-04
2.578660846382073457e-04
2.574666969403769149e-04
2.570679278215016864e-04
2.566697763235149723e-04
2.562722414898344655e-04
2.558753223653592590e-04
2.554790179964675141e-04
2.550833274310148344e-04
2.546882497183310676e-04
2.542937839092186789e-04
2.538999290559502573e-04
2.535066842122663477e-04
2.531140484333727395e-04
2.527220207759389497e-04
2.523306002980954033e-04
2.519397860594311026e-04
2.515495771209918380e-04
2.511599725452776403e-04
2.507709713962403956e-04
2.503825727392818392e-04
2.499947756412513873e-04
2.496075791704433725e-04
2.492209823965956341e-04
2.488349843908863740e-04
2.484495842259327471e-04
2.480647809757879343e-04
2.476805737159394074e-04
2.472969615233065440e-04
2.469139434762384049e-04
2.465315186545115117e-04
2.461496861393275694e-04
2.457684450133113528e-04
2.453877943605087004e-04
2.450077332663836956e-04
2.446282608178172572e-04
2.442493761031044289e-04
2.438710782119521837e-04
2.434933662354774996e-04
2.431162392662051099e-04
2.427396963980651176e-04
2.423637367263909901e-04
2.419883593479174989e-04
2.416135633607782262e-04
2.412393478645037215e-04
2.408657119600190620e-04
2.404926547496420101e-04
2.401201753370804919e-04
2.397482728274307818e-04
2.393769463271750082e-04
2.390061949441794193e-04
2.386360177876918620e-04
2.382664139683398036e-04
2.378973825981282983e-04
2.375289227904376840e-04
2.371610336600214134e-04
2.367937143230041568e-04
2.364269638968794982e-04
2.360607815005078209e-04
2.356951662541143292e-04
2.353301172792867713e-04
2.349656336989734066e-04
2.346017146374808912e-04
2.342383592204721641e-04
2.338755665749643869e-04
2.335133358293268026e-04
2.331516661132785673e-04
2.327905565578869071e-04
2.324300062955646782e-04
2.320700144600686327e-04
2.317105801864970875e-04
2.313517026112880265e-04
2.309933808722167429e-04
2.306356141083941587e-04
2.302784014602644663e-04
2.299217420696032040e-04
2.295656350795150609e-04
2.292100796344319520e-04
2.288550748801109586e-04
2.285006199636321325e-04
2.281467140333965716e-04
2.277933562391244141e-04
2.274405457318526161e-04
2.270882816639331354e-04
2.267365631890307087e-04
2.263853894621209277e-04
2.260347596394881242e-04
2.256846728787234460e-04
2.253351283387227701e-04
2.249861251796846963e-04
2.246376625631084877e-04
2.242897396517921460e-04
2.239423556098302703e-04
2.235955096026121869e-04
2.232492007968198892e-04
2.229034283604259777e-04
2.225581914626917086e-04
2.222134892741651233e-04
2.218693209666787447e-04
2.215256857133479781e-04
2.211825826885687526e-04
2.208400110680157867e-04
2.204979700286404743e-04
2.201564587486691223e-04
2.198154764076005931e-04
2.194750221862046236e-04
2.191350952665199552e-04
2.187956948318520026e-04
2.184568200667711736e-04
2.181184701571108086e-04
2.177806442899652567e-04
2.174433416536878966e-04
2.171065614378892396e-04
2.167703028334348964e-04
2.164345650324437070e-04
2.160993472282857620e-04
2.157646486155804784e-04
2.154304683901946474e-04
2.150968057492405377e-04
2.147636598910739167e-04
2.144310300152922340e-04
2.140989153227324806e-04
2.137673150154695083e-04
2.134362282968139967e-04
2.131056543713105288e-04
2.127755924447357748e-04
2.124460417240963241e-04
2.121170014176271669e-04
2.117884707347894991e-04
2.114604488862689604e-04
2.111329350839736554e-04
2.108059285410323106e-04
2.104794284717924043e-04
2.101534340918182690e-04
2.098279446178890587e-04
2.095029592679970953e-04
2.091784772613458903e-04
2.088544978183482469e-04
2.085310201606243902e-04
2.082080435110001239e-04
2.078855670935050143e-04
2.075635901333703574e-04
2.072421118570274981e-04
2.069211314921058794e-04
2.066006482674311712e-04
2.062806614130235363e-04
2.059611701600956243e-04
2.056421737410508370e-04
2.053236713894814036e-04
2.050056623401666197e-04
2.046881458290709759e-04
2.043711210933422072e-04
2.040545873713096934e-04
2.037385439024824805e-04
2.034229899275474102e-04
2.031079246883675212e-04
2.027933474279797991e-04
2.024792573905938753e-04
2.021656538215898863e-04
2.018525359675166296e-04
2.015399030760901280e-04
2.012277543961912168e-04
2.009160891778642699e-04
2.006049066723152757e-04
2.002942061319098034e-04
1.999839868101714591e-04
1.996742479617800146e-04
1.993649888425695106e-04
1.990562087095267116e-04
1.987479068207890457e-04
1.984400824356430870e-04
1.981327348145224413e-04
1.978258632190063636e-04
1.975194669118176985e-04
1.972135451568212262e-04
1.969080972190218471e-04
1.966031223645627653e-04
1.962986198607240252e-04
1.959945889759201801e-04
1.956910289796991815e-04
1.953879391427401288e-04
1.950853187368518330e-04
1.947831670349708922e-04
1.944814833111599298e-04
1.941802668406060223e-04
1.938795168996187480e-04
1.935792327656286687e-04
1.932794137171853514e-04
1.929800590339558232e-04
1.926811679967227551e-04
1.923827398873828359e-04
1.920847739889447936e-04
1.917872695855280126e-04
1.914902259623605285e-04
1.911936424057775912e-04
1.908975182032195237e-04
1.906018526432305834e-04
1.903066450154566587e-04
1.900118946106441032e-04
1.897176007206375400e-04
1.894237626383786152e-04
1.891303796579038837e-04
1.888374510743434534e-04
1.885449761839190345e-04
1.882529542839424209e-04
1.879613846728137830e-04
1.876702666500198514e-04
1.873795995161324263e-04
1.870893825728065071e-04
1.867996151227787477e-04
1.865102964698657484e-04
1.862214259189622404e-04
1.859330027760398114e-04
1.856450263481446833e-04
1.853574959433965466e-04
1.850704108709865544e-04
1.847837704411759406e-04
1.844975739652940133e-04
1.842118207557369360e-04
1.839265101259656939e-04
1.836416413905045766e-04
1.833572138649397412e-04
1.830732268659171524e-04
1.827896797111412544e-04
1.825065717193733177e-04
1.822239022104296495e-04
1.819416705051799682e-04
1.816598759255459933e-04
1.813785177944996570e-04
1.810975954360612877e-04
1.808171081752984175e-04
1.805370553383237498e-04
1.802574362522938573e-04
1.799782502454073398e-04
1.796994966469032788e-04
1.794211747870596923e-04
1.791432839971919360e-04
1.788658236096508870e-04
1.785887929578216160e-04
1.783121913761215706e-04
1.780360181999990853e-04
1.777602727659318360e-04
1.774849544114251324e-04
1.772100624750102920e-04
1.769355962962432304e-04
1.766615552157027537e-04
1.763879385749889323e-04
1.761147457167216101e-04
1.758419759845388593e-04
1.755696287230952188e-04
1.752977032780603391e-04
1.750261989961172200e-04
1.747551152249608285e-04
1.744844513132963373e-04
1.742142066108377145e-04
1.739443804683061796e-04
1.736749722374283326e-04
1.734059812709350969e-04
1.731374069225597139e-04
1.728692485470364961e-04
1.726015055000990376e-04
1.723341771384789139e-04
1.720672628199038112e-04
1.718007619030964420e-04
1.715346737477725398e-04
1.712689977146396119e-04
1.710037331653952591e-04
1.707388794627257120e-04
1.704744359703043129e-04
1.702104020527899712e-04
1.699467770758255909e-04
1.696835604060365800e-04
1.694207514110293057e-04
1.691583494593896576e-04
1.688963539206814212e-04
1.686347641654448420e-04
1.683735795651950526e-04
1.681127994924206369e-04
1.678524233205820572e-04
1.675924504241102183e-04
1.673328801784047869e-04
1.670737119598329171e-04
1.668149451457276791e-04
1.665565791143865679e-04
1.662986132450698228e-04
1.660410469179992351e-04
1.657838795143565214e-04
1.655271104162817249e-04
1.652707390068719679e-04
1.650147646701797719e-04
1.647591867912116749e-04
1.645040047559266866e-04
1.642492179512349600e-04
1.639948257649960571e-04
1.637408275860177285e-04
1.634872228040543964e-04
1.632340108098054732e-04
1.629811909949143052e-04
1.627287627519662745e-04
1.624767254744876341e-04
1.622250785569439354e-04
1.619738213947385648e-04
1.617229533842113611e-04
1.614724739226370707e-04
1.612223824082240195e-04
1.609726782401125404e-04
1.607233608183735916e-04
1.604744295440074006e-04
1.602258838189418385e-04
1.599777230460310918e-04
1.597299466290542523e-04
1.594825539727138814e-04
1.592355444826344104e-04
1.589889175653610022e-04
1.587426726283578976e-04
1.584968090800070609e-04
1.582513263296068506e-04
1.580062237873703940e-04
1.577615008644243672e-04
1.575171569728074498e-04
1.572731915254691056e-04
1.570296039362678478e-04
1.567863936199701002e-04
1.565435599922487342e-04
1.563011024696816045e-04
1.560590204697501128e-04
1.558173134108380696e-04
1.555759807122299046e-04
1.553350217941095292e-04
1.550944360775589263e-04
1.548542229845567412e-04
1.546143819379767364e-04
1.543749123615866805e-04
1.541358136800467760e-04
1.538970853189082770e-04
1.536587267046121610e-04
1.534207372644878276e-04
1.531831164267515543e-04
1.529458636205052215e-04
1.527089782757349852e-04
1.524724598233097859e-04
1.522363076949800203e-04
1.520005213233763220e-04
1.517651001420079889e-04
1.515300435852616554e-04
1.512953510884000998e-04
1.510610220875607259e-04
1.508270560197542086e-04
1.505934523228633277e-04
1.503602104356413689e-04
1.501273297977108771e-04
1.498948098495623822e-04
1.496626500325529358e-04
1.494308497889049452e-04
1.491994085617045476e-04
1.489683257949005527e-04
1.487376009333029518e-04
1.485072334225816173e-04
1.482772227092649738e-04
1.480475682407387248e-04
1.478182694652444159e-04
1.475893258318782149e-04
1.473607367905894756e-04
1.471325017921795448e-04
1.469046202883003260e-04
1.466770917314530595e-04
1.464499155749869402e-04
1.462230912730977893e-04
1.459966182808268619e-04
1.457704960540594100e-04
1.455447240495234091e-04
1.453193017247882569e-04
1.450942285382635262e-04
1.448695039491975289e-04
1.446451274176762585e-04
1.444210984046217366e-04
1.441974163717910920e-04
1.439740807817749876e-04
1.437510910979964557e-04
1.435284467847096508e-04
1.433061473069983862e-04
1.430841921307751034e-04
1.428625807227793551e-04
1.426413125505765847e-04
1.424203870825569882e-04
1.421998037879340236e-04
1.419795621367433535e-04
1.417596615998413273e-04
1.415401016489039785e-04
1.413208817564255064e-04
1.411020013957171653e-04
1.408834600409059631e-04
1.406652571669333876e-04
1.404473922495541322e-04
1.402298647653348767e-04
1.400126741916529315e-04
1.397958200066951268e-04
1.395793016894564568e-04
1.393631187197389148e-04
1.391472705781501102e-04
1.389317567461021579e-04
1.387165767058102953e-04
1.385017299402917441e-04
1.382872159333645449e-04
1.380730341696460395e-04
1.378591841345519215e-04
1.376456653142948277e-04
1.374324771958831178e-04
1.372196192671198175e-04
1.370070910166011819e-04
1.367948919337154759e-04
1.365830215086418897e-04
1.363714792323491567e-04
1.361602645965945507e-04
1.359493770939223677e-04
1.357388162176628959e-04
1.355285814619311966e-04
1.353186723216259107e-04
1.351090882924279040e-04
1.348998288707991015e-04
1.346908935539813763e-04
1.344822818399953838e-04
1.342739932276390709e-04
1.340660272164867278e-04
1.338583833068877405e-04
1.336510609999653446e-04
1.334440597976154863e-04
1.332373792025054677e-04
1.330310187180730247e-04
1.328249778485248638e-04
1.326192560988356318e-04
1.324138529747466149e-04
1.322087679827647357e-04
1.320040006301611169e-04
1.317995504249701592e-04
1.315954168759881054e-04
1.313915994927720369e-04
1.311880977856387086e-04
1.309849112656631665e-04
1.307820394446778257e-04
1.305794818352712242e-04
1.303772379507865860e-04
1.301753073053211432e-04
1.299736894137245376e-04
1.297723837915978440e-04
1.295713899552924052e-04
1.293707074219087479e-04
1.291703357092951457e-04
1.289702743360467520e-04
1.287705228215042449e-04
1.285710806857528782e-04
1.283719474496210450e-04
1.281731226346794644e-04
1.279746057632397181e-04
1.277763963583533017e-04
1.275784939438103774e-04
1.273808980441387716e-04
1.271836081846025655e-04
1.269866238912013086e-04
1.267899446906685281e-04
1.265935701104708348e-04
1.263974996788067300e-04
1.262017329246053587e-04
1.260062693775255613e-04
1.258111085679545994e-04
1.256162500270070986e-04
1.254216932865239104e-04
1.252274378790709734e-04
1.250334833379381210e-04
1.248398291971382682e-04
1.246464749914057038e-04
1.244534202561956026e-04
1.242606645276826162e-04
1.240682073427596256e-04
1.238760482390369015e-04
1.236841867548408842e-04
1.234926224292129100e-04
1.233013548019085061e-04
1.231103834133957645e-04
1.229197078048547187e-04
1.227293275181759338e-04
1.225392420959594772e-04
1.223494510815139691e-04
1.221599540188552009e-04
1.219707504527053215e-04
1.217818399284916045e-04
1.215932219923453091e-04
1.214048961911006917e-04
1.212168620722939207e-04
1.210291191841618983e-04
1.208416670756412299e-04
1.206545052963671537e-04
1.204676333966724566e-04
1.202810509275863219e-04
1.200947574408333540e-04
1.199087524888324394e-04
1.197230356246956903e-04
1.195376064022273731e-04
1.193524643759228115e-04
1.191676091009673559e-04
1.189830401332352995e-04
1.187987570292887670e-04
1.186147593463767250e-04
1.184310466424338168e-04
1.182476184760794676e-04
1.180644744066166381e-04
1.178816139940309026e-04
1.176990367989893242e-04
1.175167423828393434e-04
1.173347303076079112e-04
1.171530001360002415e-04
1.169715514313988361e-04
1.167903837578624813e-04
1.166094966801251232e-04
1.164288897635948783e-04
1.162485625743529631e-04
1.160685146791526232e-04
1.158887456454181709e-04
1.157092550412438744e-04
1.155300424353929411e-04
1.153511073972964874e-04
1.151724494970525226e-04
1.149940683054249052e-04
1.148159633938422586e-04
1.146381343343970090e-04
1.144605806998443286e-04
1.142833020636011319e-04
1.141062979997449923e-04
1.139295680830132066e-04
1.137531118888016838e-04
1.135769289931640099e-04
1.134010189728103636e-04
1.132253814051065275e-04
1.130500158680728437e-04
1.128749219403832657e-04
1.127000992013643151e-04
1.125255472309939558e-04
1.123512656099007954e-04
1.121772539193629733e-04
1.120035117413070632e-04
1.118300386583072733e-04
1.116568342535842131e-04
1.114838981110041077e-04
1.113112298150776452e-04
1.111388289509590148e-04
1.109666951044449719e-04
1.107948278619738213e-04
1.106232268106242925e-04
1.104518915381147263e-04
1.102808216328020184e-04
1.101100166836806019e-04
1.099394762803815133e-04
1.097692000131713345e-04
1.095991874729512988e-04
1.094294382512561796e-04
1.092599519402534769e-04
1.090907281327423064e-04
1.089217664221524642e-04
1.087530664025434781e-04
1.085846276686035640e-04
1.084164498156486910e-04
1.082485324396216460e-04
1.080808751370910040e-04
1.079134775052502062e-04
1.077463391419165303e-04
1.075794596455302094e-04
1.074128386151533478e-04
1.072464756504691081e-04
1.070803703517806131e-04
1.069145223200100787e-04
1.067489311566978107e-04
1.065835964640012430e-04
1.064185178446940157e-04
1.062536949021649724e-04
1.060891272404343417e-04
1.059248144641101118e-04
1.057607561784126420e-04
1.055969519891820349e-04
1.054334015028690293e-04
1.052701043265339028e-04
1.051070600678455358e-04
1.049442683350804774e-04
1.047817287371219554e-04
1.046194408834589954e-04
1.044574043841854319e-04
1.042956188499989862e-04
1.041340838922003725e-04
1.039727991226922944e-04
1.038117641539785781e-04
1.036509785991631826e-04
1.034904420719493190e-04
1.033301541866384749e-04
1.031701145581295466e-04
1.030103228019178639e-04
1.028507785340942950e-04
1.026914813713443117e-04
1.025324309309470679e-04
1.023736268307744510e-04
1.022150686892902411e-04
1.020567561255491764e-04
1.018986887591958961e-04
1.017408662104642760e-04
1.015832881001762632e-04
1.014259540497411443e-04
1.012688636811545965e-04
1.011120166169976985e-04
1.009554124804361308e-04
1.007990508952191864e-04
1.006429314856789305e-04
1.004870538767292247e-04
1.003314176938649140e-04
1.001760225631608914e-04
1.000208681112711495e-04
9.986595396542795365e-05
9.971127975344093398e-05
9.955684510369612313e-05
9.940264964515515666e-05
9.924869300735436508e-05
9.909497482040378446e-05
9.894149471498641106e-05
9.878825232235721200e-05
9.863524727434227145e-05
9.848247920333796392e-05
9.832994774230992426e-05
9.817765252479231585e-05
9.802559318488688190e-05
9.787376935726207810e-05
9.772218067715216460e-05
9.757082678035640638e-05
9.741970730323812463e-05
9.726882188272382935e-05
9.711817015630237911e-05
9.696775176202408655e-05
9.681756633849990528e-05
9.666761352490044049e-05
9.651789296095521719e-05
9.636840428695173143e-05
9.621914714373461014e-05
9.607012117270475726e-05
9.592132601581844574e-05
9.577276131558653150e-05
9.562442671507354541e-05
9.547632185789681235e-05
9.532844638822571943e-05
9.518079995078067236e-05
9.503338219083237726e-05
9.488619275420097322e-05
9.473923128725513789e-05
9.459249743691123364e-05
9.444599085063254862e-05
9.429971117642832099e-05
9.415365806285302063e-05
9.400783115900540046e-05
9.386223011452769684e-05
9.371685457960480289e-05
9.357170420496338753e-05
9.342677864187112302e-05
9.328207754213576339e-05
9.313760055810437193e-05
9.299334734266244027e-05
9.284931754923312947e-05
9.270551083177630775e-05
9.256192684478788645e-05
9.241856524329879002e-05
9.227542568287434616e-05
9.213250781961328294e-05
9.198981131014699695e-05
9.184733581163868595e-05
9.170508098178254926e-05
9.156304647880293397e-05
9.142123196145356242e-05
9.127963708901670552e-05
9.113826152130227471e-05
9.099710491864713079e-05
9.085616694191417592e-05
9.071544725249162174e-05
9.057494551229208139e-05
9.043466138375182411e-05
9.029459452982993497e-05
9.015474461400751528e-05
9.001511130028689656e-05
8.987569425319078670e-05
8.973649313776147038e-05
8.959750761956007724e-05
8.945873736466564672e-05
8.932018203967445049e-05
8.918184131169916570e-05
8.904371484836796696e-05
8.890580231782390297e-05
8.876810338872394778e-05
8.863061773023829613e-05
8.849334501204953666e-05
8.835628490435183885e-05
8.821943707785018045e-05
8.808280120375961569e-05
8.794637695380432658e-05
8.781016400021704016e-05
8.767416201573805272e-05
8.753837067361457927e-05
8.740278964759985909e-05
8.726741861195250519e-05
8.713225724143559630e-05
8.699730521131593148e-05
8.686256219736329827e-05
8.672802787584965958e-05
8.659370192354834048e-05
8.645958401773330996e-05
8.632567383617834066e-05
8.619197105715633125e-05
8.605847535943847969e-05
8.592518642229345657e-05
8.579210392548670039e-05
8.565922754927965854e-05
8.552655697442900135e-05
8.539409188218582243e-05
8.526183195429490682e-05
8.512977687299395858e-05
8.499792632101284176e-05
8.486627998157283503e-05
8.473483753838579149e-05
8.460359867565348804e-05
8.447256307806681231e-05
8.434173043080499016e-05
8.421110041953485379e-05
8.408067273041008286e-05
8.395044705007041839e-05
8.382042306564101229e-05
8.369060046473153285e-05
8.356097893543552781e-05
8.343155816632958407e-05
8.330233784647267717e-05
8.317331766540534462e-05
8.304449731314899469e-05
8.291587648020509326e-05
8.278745485755449975e-05
8.265923213665668111e-05
8.253120800944895280e-05
8.240338216834580123e-05
8.227575430623809769e-05
8.214832411649232587e-05
8.202109129294997197e-05
8.189405552992663024e-05
8.176721652221135249e-05
8.164057396506597042e-05
8.151412755422422828e-05
8.138787698589114591e-05
8.126182195674230043e-05
8.113596216392301313e-05
8.101029730504768535e-05
8.088482707819910731e-05
8.075955118192760433e-05
8.063446931525042696e-05
8.050958117765103265e-05
8.038488646907828621e-05
8.026038488994576860e-05
8.013607614113105865e-05
8.001195992397506899e-05
7.988803594028127356e-05
7.976430389231494865e-05
7.964076348280250885e-05
7.951741441493087007e-05
7.939425639234658216e-05
7.927128911915521910e-05
7.914851229992064710e-05
7.902592563966429279e-05
7.890352884386447917e-05
7.878132161845565308e-05
7.865930366982774825e-05
7.853747470482541279e-05
7.841583443074734514e-05
7.829438255534565709e-05
7.817311878682497929e-05
7.805204283384198697e-05
7.793115440550450539e-05
7.781045321137099494e-05
7.768993896144964304e-05
7.756961136619788984e-05
7.744947013652156084e-05
7.732951498377422996e-05
7.720974561975656896e-05
7.709016175671564277e-05
7.697076310734410982e-05
7.685154938477966647e-05
7.673252030260427445e-05
7.661367557484356457e-05
7.649501491596605069e-05
7.637653804088249271e-05
7.625824466494517833e-05
7.614013450394727252e-05
7.602220727412216698e-05
7.590446269214268054e-05
7.578690047512054418e-05
7.566952034060556078e-05
7.555232200658503589e-05
7.543530519148301881e-05
7.531846961415970625e-05
7.520181499391072409e-05
7.508534105046646325e-05
7.496904750399136148e-05
7.485293407508332051e-05
7.473700048477294720e-05
7.462124645452298426e-05
7.450567170622749715e-05
7.439027596221131839e-05
7.427505894522938351e-05
7.416002037846595855e-05
7.404515998553412505e-05
7.393047749047500759e-05
7.381597261775706901e-05
7.370164509227566322e-05
7.358749463935212716e-05
7.347352098473322515e-05
7.335972385459055257e-05
7.324610297551974983e-05
7.313265807453997382e-05
7.301938887909311185e-05
7.290629511704326666e-05
7.279337651667595682e-05
7.268063280669757463e-05
7.256806371623470851e-05
7.245566897483346534e-05
7.234344831245883352e-05
7.223140145949404599e-05
7.211952814673988903e-05
7.200782810541413311e-05
7.189630106715084166e-05
7.178494676399970701e-05
7.167376492842542697e-05
7.156275529330708145e-05
7.145191759193745477e-05
7.134125155802242585e-05
7.123075692568029056e-05
7.112043342944119250e-05
7.101028080424639122e-05
7.090029878544770649e-05
7.079048710880682718e-05
7.068084551049471493e-05
7.057137372709096715e-05
7.046207149558313945e-05
7.035293855336616285e-05
7.024397463824167971e-05
7.013517948841747451e-05
7.002655284250674204e-05
6.991809443952754530e-05
6.980980401890220558e-05
6.970168132045653005e-05
6.959372608441937802e-05
6.948593805142191558e-05
6.937831696249701925e-05
6.927086255907863907e-05
6.916357458300127000e-05
6.905645277649916590e-05
6.894949688220587875e-05
6.884270664315355389e-05
6.873608180277232017e-05
6.862962210488969365e-05
6.852332729372995418e-05
6.841719711391354907e-05
6.831123131045645615e-05
6.820542962876954677e-05
6.809979181465807083e-05
6.799431761432088428e-05
6.788900677435001543e-05
6.778385904172994666e-05
6.767887416383704525e-05
6.757405188843892637e-05
6.746939196369387034e-05
6.736489413815022632e-05
6.726055816074581598e-05
6.715638378080725592e-05
6.705237074804944262e-05
6.694851881257494260e-05
6.684482772487334191e-05
6.674129723582066334e-05
6.663792709667877014e-05
6.653471705909482393e-05
6.643166687510060700e-05
6.632877629711196675e-05
6.622604507792817865e-05
6.612347297073144486e-05
6.602105972908621652e-05
6.591880510693861109e-05
6.581670885861585661e-05
6.571477073882569543e-05
6.561299050265576081e-05
6.551136790557302123e-05
6.540990270342319764e-05
6.530859465243014006e-05
6.520744350919524480e-05
6.510644903069692595e-05
6.500561097429001902e-05
6.490492909770508977e-05
6.480440315904800058e-05
6.470403291679921920e-05
6.460381812981331735e-05
6.450375855731836086e-05
6.440385395891529976e-05
6.430410409457742624e-05
6.420450872464981897e-05
6.410506760984870610e-05
6.400578051126092321e-05
6.390664719034334408e-05
6.380766740892233858e-05
6.370884092919309506e-05
6.361016751371918667e-05
6.351164692543188016e-05
6.341327892762962091e-05
6.331506328397753147e-05
6.321699975850669328e-05
6.311908811561369945e-05
6.302132812006001775e-05
6.292371953697154343e-05
6.282626213183781314e-05
6.272895567051167969e-05
6.263179991920864794e-05
6.253479464450626497e-05
6.243793961334360510e-05
6.234123459302074127e-05
6.224467935119817592e-05
6.214827365589620397e-05
6.205201727549443846e-05
6.195590997873126854e-05
6.185995153470322239e-05
6.176414171286442520e-05
6.167121151313781455e-05
