0.000000000000000000e+00
3.701228261799854727e-05
7.402456523599741981e-05
1.480491304719948396e-04
2.220736957079922594e-04
2.960982609439894624e-04
1.036343913303963823e-03
1.776275826487113242e-03
2.515711685337289425e-03
3.255119291492871401e-03
4.768361184812408907e-03
6.279916490439825874e-03
7.789786793483650246e-03
9.297972893112464027e-03
1.080447642269051489e-02
1.376091286712391448e-02
1.671085908879628781e-02
1.905901080450945681e-02
2.140304506873230705e-02
2.374296679262274598e-02
2.607878088733869143e-02
2.841049226403806471e-02
3.073810583387878020e-02
3.389842609854408495e-02
3.705118211427036595e-02
4.019638625052514291e-02
4.333405048972185231e-02
4.646418594290726428e-02
4.958680459480623720e-02
5.322993519678310970e-02
5.686281638205531452e-02
6.048546743372296142e-02
6.409790763488611154e-02
6.770015626864483993e-02
7.205598991194432645e-02
7.639689356082488003e-02
8.072290258940845176e-02
8.503405213142982422e-02
8.933037732062382164e-02
9.457650016818268390e-02
9.980046708419160195e-02
1.050023452658565976e-01
1.101822009193947072e-01
1.193700374501022454e-01
1.284883446801254603e-01
1.375375003627271053e-01
1.465178823037742162e-01
1.554298696713694583e-01
1.666114839987237195e-01
1.776849356149238501e-01
1.886510081957344376e-01
1.995104910127185605e-01
2.102641577456054733e-01
2.149892579259832792e-01
2.196938539479044994e-01
2.243780137508022410e-01
2.290418053830904910e-01
2.338649964897376310e-01
2.386663588114799339e-01
2.434459689996137655e-01
2.542496194874052096e-01
2.649417729450628811e-01
2.755233355681164786e-01
2.859951735558077801e-01
3.007374957332372700e-01
3.152611581853282940e-01
3.295687455150824730e-01
3.436628331714666751e-01
3.598938537391840886e-01
3.758398304441882276e-01
3.797822624279604264e-01
3.837071961350645433e-01
3.876146947574088952e-01
3.915048214250430036e-01
3.953776392061571499e-01
3.992744589194188176e-01
4.031537228005106499e-01
4.070154945951340308e-01
4.108598384295068517e-01
4.148259335798602510e-01
4.187734475208317875e-01
4.227024512816571211e-01
4.372689032390185693e-01
4.515799033884756453e-01
4.656391379647966677e-01
4.794502401987915663e-01
5.012466854966940444e-01
5.065978479805565149e-01
5.119102955043947079e-01
5.171842586382298101e-01
5.224199705137347882e-01
5.276176611997519528e-01
5.309016869880980316e-01
5.341705029607162203e-01
5.374241672840290862e-01
5.406627379317999749e-01
5.439345153574655090e-01
5.471908625983821217e-01
5.504318396505748501e-01
5.651522697113732230e-01
5.795541386457276900e-01
5.936431892564790758e-01
6.074250626341018977e-01
6.108231871448854822e-01
6.142025464720255457e-01
6.175632261964529857e-01
6.209053115570997150e-01
6.238418319689579272e-01
6.267639712752731684e-01
6.296717876901909428e-01
6.355814832410706661e-01
6.414318639947476086e-01
6.472234217352398344e-01
6.631523990590245665e-01
6.670642340089596445e-01
6.709482338486932873e-01
6.748045617696134535e-01
6.757643391138244970e-01
6.767223996966181820e-01
6.776787460644896344e-01
6.779175523428717653e-01
6.781562452317140277e-01
6.781662297152694086e-01
6.781762141988250114e-01
6.781961831659358841e-01
6.782161520044474035e-01
6.782361202685264212e-01
6.782396380294660743e-01
6.782403868035069561e-01
6.782409421048460896e-01
6.782414722894201109e-01
6.782412731267659645e-01
6.782409050466655653e-01
6.782372242582156430e-01
6.782335434925901296e-01
6.782298627497889143e-01
6.781930565770926123e-01
6.781562526866924401e-01
6.781194510784412932e-01
6.780826517521874042e-01
6.779272339150668181e-01
6.777718567816997108e-01
6.776165203412052307e-01
6.774612245827044132e-01
6.773059694953197374e-01
6.770695152857104659e-01
6.768331554131894467e-01
6.765968898393276421e-01
6.763607185257133336e-01
6.761246414339507904e-01
6.758886585256589363e-01
6.755991113681697469e-01
6.753097060001910235e-01
6.750204423508342488e-01
6.747313203492463218e-01
6.744423399245990103e-01
6.741009715730078566e-01
6.737598007784071363e-01
6.734188274240582306e-01
6.730780513932910214e-01
6.726859455915532582e-01
6.722941010276224372e-01
6.719025175237763881e-01
6.715111949024135107e-01
6.711011826864268226e-01
6.706914568592604597e-01
6.702820172166373824e-01
6.698728635544285437e-01
6.689666602757036173e-01
6.680618597911630596e-01
6.671584598832279722e-01
6.662564583378421945e-01
6.653558529444665304e-01
6.647445224570440736e-01
6.641338352371288778e-01
6.635237905933748515e-01
6.629143878351939634e-01
6.624912412731603917e-01
6.620684041777447071e-01
6.616458763177668345e-01
6.602983630670968829e-01
6.589539947828928490e-01
6.576127639673038372e-01
6.562746631405675934e-01
6.552497701490201942e-01
6.542267132025419984e-01
6.532054889406956333e-01
6.527190070640009889e-01
6.522329410536781280e-01
6.517472905464906097e-01
6.511506874858784544e-01
6.505547114425580535e-01
6.499593617431769221e-01
6.485748466486338515e-01
6.471937186753806692e-01
6.458159693557768977e-01
6.450157813477688240e-01
6.442167329342050053e-01
6.434188224564000302e-01
6.426220482580886628e-01
6.422318620098127484e-01
6.418419482437577317e-01
6.414523067654304134e-01
6.410661724689437069e-01
6.406803055722531948e-01
6.402947058860800622e-01
6.379838519934588614e-01
6.356825938388341868e-01
6.351087738572208652e-01
6.345355504279466263e-01
6.339629229169566615e-01
6.333908906908745085e-01
6.330074832604156709e-01
6.326243432463323213e-01
6.322414704579233380e-01
6.318626391642535589e-01
6.314840694763536044e-01
6.311057612095078984e-01
6.296197774531446800e-01
6.281378268403324805e-01
6.266598981779284427e-01
6.227979770292957351e-01
6.218367945872562697e-01
6.208773250189808524e-01
6.199195652023485881e-01
6.196803920315546721e-01
6.194413254767967558e-01
6.192023654894585061e-01
6.189635120209460162e-01
6.185917957444660997e-01
6.182203374414594332e-01
6.178491369287788526e-01
6.174790741051154885e-01
6.171092674858263960e-01
6.167397168894528381e-01
6.130582523572218889e-01
6.121418625705605798e-01
6.112270576955239898e-01
6.103138349273836694e-01
6.094021914663955153e-01
6.090359283035269300e-01
6.086699200457170722e-01
6.083041665114221619e-01
6.079402950837901054e-01
6.075766757567026000e-01
6.072133083514138496e-01
6.062183810338193091e-01
6.052253422734609201e-01
6.042341884015196563e-01
6.031761110169863160e-01
6.021201814538382768e-01
6.010663952494916806e-01
5.989652351133575303e-01
5.968725950936318858e-01
5.947884398232790026e-01
5.927127340825482094e-01
5.885390243740821203e-01
5.843994667658545250e-01
5.802937750802205086e-01
5.762216655457309544e-01
5.721828567768852958e-01
5.671199026605368010e-01
5.621092549234949498e-01
5.571503596938283120e-01
5.522426689872209637e-01
5.473856406413875053e-01
5.424057656120879756e-01
5.374791188327652236e-01
5.326051165053312664e-01
5.277831812584097282e-01
5.230127420765503521e-01
5.182932342302239981e-01
5.136240993627140261e-01
5.090047850438544907e-01
5.044347448982220428e-01
4.999134386504351935e-01
4.954403319772914260e-01
4.910148964373559077e-01
4.866366094061993497e-01
4.823049540123275913e-01
4.780194190738186744e-01
4.737794990356566927e-01
4.695846939077569226e-01
4.654345092036736298e-01
4.613284558799822799e-01
4.572660502763298829e-01
4.532468140561458636e-01
4.492702741480058548e-01
4.453359626876408628e-01
4.414434169605860880e-01
4.375921793454610187e-01
4.337817972578740244e-01
4.300118230949454001e-01
4.262818141804409211e-01
4.225913327105103034e-01
4.189399457000226867e-01
4.153272249294943652e-01
4.117527468925994971e-01
4.082160927442604614e-01
4.047168482493089803e-01
4.012546034703096676e-01
3.978289535430642454e-01
3.944394977575412797e-01
3.910858397829389821e-01
3.877675876808485689e-01
3.844843539369440233e-01
3.812357551491302732e-01
3.780214121164899854e-01
3.748409498707137022e-01
3.716939973369011163e-01
3.685801880320863089e-01
3.654991592333777795e-01
3.624505521816671072e-01
3.594340120935436977e-01
3.564491880919261613e-01
3.534957331610614761e-01
3.505733041039973408e-01
3.476815615005195426e-01
3.448201696655562865e-01
3.419887966080414343e-01
3.391871139902293830e-01
3.364147970874594717e-01
3.336715247483627023e-01
3.309569793555068307e-01
3.282708467876224168e-01
3.256128163779471452e-01
3.229825808783812757e-01
3.203798364225811102e-01
3.178042824875544348e-01
3.152556218569905755e-01
3.127335605849028144e-01
3.102378079596147531e-01
3.077680764681396397e-01
3.053240817609517155e-01
3.029055426171455845e-01
3.005121809099799979e-01
2.981437215728003354e-01
2.957998925653368416e-01
2.934804248403740656e-01
2.911850523107872846e-01
2.889135118169426919e-01
2.866655430944552441e-01
2.844408887422968935e-01
2.822392941912775233e-01
2.800605076728485132e-01
2.779042801882535274e-01
2.757703654780273017e-01
2.736585199918292188e-01
2.715685028586073413e-01
2.695000758570899602e-01
2.674530033866038270e-01
2.654270524382129071e-01
2.634219925661757111e-01
2.614375958597164873e-01
2.594736369151075528e-01
2.575298928080591021e-01
2.556061430664136047e-01
2.537021696431427387e-01
2.518177568896325935e-01
2.499526915292744067e-01
2.481067626313430696e-01
2.462797615851614608e-01
2.444714820745495509e-01
2.426817200525555607e-01
2.409102737164650898e-01
2.391569434830862484e-01
2.374215319643061539e-01
2.357038439429170462e-01
2.340036863487089946e-01
2.323208682348252008e-01
2.306552007543785365e-01
2.290064971373250158e-01
2.273745726675924228e-01
2.257592446604606007e-01
2.241603324401910124e-01
2.225776573179026330e-01
2.210110425696917291e-01
2.194603134149924195e-01
2.179252969951755436e-01
2.164058223523835367e-01
2.149017204085982846e-01
2.134128239449394615e-01
2.119389675811909624e-01
2.104799877555528775e-01
2.090357227046164834e-01
2.076060124435598064e-01
2.061906987465612351e-01
2.047896251274289314e-01
2.034026368204437385e-01
2.020295807614128358e-01
2.006703055689323389e-01
1.993246615258561227e-01
1.979925005609687316e-01
1.966736762308603503e-01
1.953680437020011984e-01
1.940754597330136555e-01
1.927957826571391475e-01
1.915288723648988500e-01
1.902745902869447114e-01
1.890327993770997694e-01
1.878033640955852068e-01
1.865861503924320652e-01
1.853810256910756737e-01
1.841878588721309051e-01
1.830065202573460392e-01
1.818368815937334293e-01
1.806788160378747787e-01
1.795321981403996126e-01
1.783969038306344457e-01
1.772728104014211492e-01
1.761597964941025718e-01
1.750577420836733622e-01
1.739665284640945497e-01
1.728860382337697732e-01
1.718161552811815762e-01
1.707567647706857150e-01
1.697077531284621743e-01
1.686690080286208371e-01
1.676404183794600322e-01
1.666218743098767385e-01
1.656132671559262803e-01
1.646144894475300435e-01
1.636254348953298243e-01
1.626459983776864515e-01
1.616760759278224047e-01
1.607155647211053195e-01
1.597643630624720201e-01
1.588223703739907455e-01
1.578894871825606283e-01
1.569656151077466755e-01
1.560506568497482816e-01
1.551445161775010517e-01
1.542470979169088818e-01
1.533583079392061566e-01
1.524780531494479563e-01
1.516062414751270793e-01
1.507427818549164633e-01
1.498875842275355086e-01
1.490405595207390244e-01
1.482016196404277730e-01
1.473706774598784464e-01
1.465476468090926021e-01
1.457324424642629235e-01
1.449249801373553859e-01
1.441251764658061651e-01
1.433329490023320385e-01
1.425482162048532231e-01
1.417708974265268207e-01
1.410009129058903410e-01
1.402381837571137491e-01
1.394826319603587883e-01
1.387341803522445516e-01
1.379927526164179130e-01
1.372582732742281819e-01
1.365306676755040916e-01
1.358098619894325954e-01
1.350957831955379440e-01
1.343883590747604329e-01
1.336875182006330709e-01
1.329931899305555609e-01
1.323053043971644249e-01
1.316237924997983588e-01
1.309485858960570681e-01
1.302796169934535842e-01
1.296168189411583682e-01
1.289601256218342873e-01
1.283094716435615179e-01
1.276647923318514899e-01
1.270260237217486488e-01
1.263931025500193706e-01
1.257659662474268913e-01
1.251445529310911131e-01
1.245288013969328422e-01
1.239186511122010170e-01
1.233140422080824250e-01
1.227149154723927160e-01
1.221212123423479484e-01
1.215328748974156547e-01
1.209498458522449138e-01
1.203720685496738885e-01
1.197994869538148016e-01
1.192320456432147957e-01
1.186696898040921905e-01
1.181123652236472366e-01
1.175600182834466018e-01
1.170125959528806464e-01
1.164700457826928492e-01
1.159323158985803293e-01
1.153993549948650887e-01
1.148711123282347424e-01
1.143475377115523162e-01
1.138285815077342278e-01
1.133141946236956438e-01
1.128043285043624777e-01
1.122989351267494607e-01
1.117979669941033538e-01
1.113013771301107763e-01
1.108091190731695097e-01
1.103211468707234605e-01
1.098374150736593502e-01
1.093578787307657590e-01
1.088824933832526487e-01
1.084112150593316420e-01
1.079440002688557831e-01
1.074808059980184721e-01
1.070215897041105618e-01
1.065663093103355191e-01
1.061149232006814297e-01
1.056673902148495547e-01
1.052236696432388569e-01
1.047837212219854819e-01
1.043475051280573496e-01
1.039149819744022291e-01
1.034861128051496187e-01
1.030608590908653616e-01
1.026391827238585241e-01
1.022210460135399290e-01
1.018064116818318821e-01
1.013952428586284010e-01
1.009875030773054738e-01
1.005831562702807214e-01
1.001821667646220909e-01
9.978449927770464967e-02
9.939011891291554823e-02
9.899899115540600203e-02
9.861108186789027674e-02
9.822635728649078968e-02
9.784478401662900782e-02
9.746632902896167072e-02
9.709095965536168604e-02
9.671864358494336456e-02
9.634934886013130084e-02
9.598304387277276084e-02
9.561969736029264644e-02
9.525927840189102325e-02
9.490175641478242052e-02
9.454710115047638974e-02
9.419528269109947449e-02
9.384627144575717617e-02
9.350003814693633175e-02
9.315655384694700170e-02
9.281578991440345150e-02
9.247771803074412988e-02
9.214231018678965823e-02
9.180953867933909496e-02
9.147937610780326745e-02
9.115179537087557404e-02
9.082676966323920131e-02
9.050427247231067340e-02
9.018427757501934483e-02
8.986675903462221227e-02
8.955169119755397589e-02
8.923904869031160092e-02
8.892880641637333772e-02
8.862093955315165916e-02
8.831542354897968516e-02
8.801223412013084446e-02
8.771134724787132964e-02
8.741273917554505390e-02
8.711638640569069336e-02
8.682226569719049547e-02
8.653035406245038197e-02
8.624062876461129068e-02
8.595306731479110396e-02
8.566764746935695563e-02
8.538434722722765269e-02
8.510314482720565676e-02
8.482401874533869457e-02
8.454694769231010931e-02
8.427191061085825829e-02
8.399888667322415181e-02
8.372785527862716681e-02
8.345879605076873820e-02
8.319168883536336156e-02
8.292651369769689362e-02
8.266325092021173382e-02
8.240188100011851258e-02
8.214238464703418896e-02
8.188474278064608591e-02
8.162893652840177983e-02
8.137494722322416441e-02
8.112275640125193865e-02
8.087234579960490832e-02
8.062369735417380945e-02
8.037679319743457063e-02
8.013161565628659777e-02
7.988814724991488703e-02
7.964637068767564665e-02
7.940626886700520581e-02
7.916782487135204383e-02
7.893102196813148175e-02
7.869584360670292544e-02
7.846227341636939634e-02
7.823029520439914175e-02
7.799989295406883905e-02
7.777105082272871284e-02
7.754375313988849661e-02
7.731798440532491878e-02
7.709372928720967244e-02
7.687097262025824329e-02
7.664969940389909642e-02
7.642989480046258333e-02
7.621154413339063793e-02
7.599463288546551287e-02
7.577914669705819450e-02
7.556507136439616357e-02
7.535239283785021003e-02
7.514109722024017723e-02
7.493117076515917740e-02
7.472259987531640335e-02
7.451537110089823113e-02
7.430947113794719727e-02
7.410488682675907268e-02
7.390160515029725596e-02
7.369961323262495811e-02
7.349889833735451239e-02
7.329944786611361507e-02
7.310124935702877469e-02
7.290429048322513705e-02
7.270855905134304686e-02
7.251404300007091575e-02
7.232073039869403586e-02
7.212860944565974153e-02
7.193766846715804464e-02
7.174789591571800740e-02
7.155928036881969989e-02
7.137181052752122890e-02
7.118547521510099063e-02
7.100026337571486990e-02
7.081616407306833005e-02
7.063316648910279716e-02
7.045125992269696269e-02
7.027043378838195020e-02
7.009067761507098426e-02
6.991198104480281228e-02
6.973433383149908737e-02
6.955772583973528211e-02
6.938214704352539675e-02
6.920758752511978196e-02
6.903403747381635369e-02
6.886148718478486697e-02
6.868992705790409603e-02
6.851934759661183760e-02
6.834973940676761228e-02
6.818109319552784209e-02
6.801339977023340699e-02
6.784665003730953881e-02
6.768083500117769158e-02
6.751594576317951346e-02
6.735197352051255915e-02
6.718890956517785396e-02
6.702674528293887934e-02
6.686547215229217411e-02
6.670508174344919050e-02
6.654556571732934966e-02
6.638691582456422713e-02
6.622912390451268783e-02
6.607218188428684580e-02
6.591608177778873756e-02
6.576081568475770911e-02
6.560637578982810025e-02
6.545275436159746218e-02
6.529994375170501686e-02
6.514793639392016389e-02
6.499672480324109047e-02
6.484630157500337333e-02
6.469665938399821181e-02
6.454779098360059753e-02
6.439968920490683757e-02
6.425234695588180611e-02
6.410575722051542469e-02
6.395991305798846838e-02
6.381480760184761458e-02
6.367043405918949850e-02
6.352678570985374751e-02
6.338385590562500838e-02
6.324163806944363420e-02
6.310012569462510046e-02
6.295931234408803923e-02
6.281919164959078039e-02
6.267975731097620573e-02
6.254100309542506841e-02
6.240292283671738938e-02
6.226551043450204159e-02
6.212875985357439734e-02
6.199266512316191358e-02
6.185722033621755128e-02
6.172241964872100806e-02
6.158825727898759039e-02
6.145472750698482978e-02
6.132182467365641237e-02
6.118954318025374844e-02
6.105787748767477902e-02
6.092682211581008922e-02
6.079637164289624501e-02
6.066652070487624226e-02
6.053726399476693637e-02
6.040859626203353566e-02
6.028051231196698140e-02
6.015300700507359571e-02
6.002607525648755854e-02
5.989971203534999455e-02
5.977391236422280318e-02
5.964867131850473680e-02
5.952398402585257209e-02
5.939984566560855411e-02
5.927625146823414792e-02
5.915319671475004204e-02
5.903067673618223737e-02
5.890868691301437421e-02
5.878722267464592255e-02
5.866627949885649257e-02
5.854585291127588353e-02
5.842593848486013486e-02
5.830653183937319073e-02
5.818762864087435177e-02
5.806922460121135415e-02
5.795131547751907614e-02
5.783389707172360145e-02
5.771696523005193785e-02
5.760051584254702317e-02
5.748454484258807423e-02
5.736904820641625796e-02
5.725402195266550420e-02
5.713946214189856432e-02
5.702536487614816990e-02
5.691172629846318054e-02
5.679854259245973452e-02
5.668580998187746495e-02
5.657352473014035099e-02
5.646168313992270399e-02
5.635028155271965683e-02
5.623931634842255223e-02
5.612878394489897310e-02
5.601868079757731100e-02
5.590900339903601135e-02
5.579974827859730119e-02
5.569091200192530233e-02
5.558249117062877970e-02
5.547448242186799050e-02
5.536688242796607845e-02
5.525968789602464515e-02
5.515289556754353339e-02
5.504650221804486404e-02
5.494050465670118066e-02
5.483489972596762574e-02
5.472968430121828709e-02
5.462485529038640930e-02
5.452040963360867132e-02
5.441634430287331514e-02
5.431265630167220193e-02
5.420934266465660817e-02
5.410640045729689374e-02
5.400382677554587535e-02
5.390161874550593313e-02
5.379977352309971844e-02
5.369828829374456713e-02
5.359716027203038913e-02
5.349638670140124258e-02
5.339596485384025953e-02
5.329589202955816590e-02
5.319616555668513214e-02
5.309678279096608638e-02
5.299774111545931671e-02
5.289903794023844558e-02
5.280067070209763791e-02
5.270263686426010508e-02
5.260493391608972447e-02
5.250755937280591340e-02
5.241051077520167412e-02
5.231378568936456003e-02
5.221738170640093796e-02
5.212129644216311614e-02
5.202552753697958776e-02
5.193007265538809869e-02
5.183492948587184457e-02
5.174009574059838801e-02
5.164556915516156643e-02
5.155134748832618241e-02
5.145742852177553894e-02
5.136381005986167397e-02
5.127048992935844679e-02
5.117746597921728202e-02
5.108473608032559898e-02
5.099229812526790556e-02
5.090015002808952888e-02
5.080828972406291333e-02
5.071671516945658320e-02
5.062542434130645752e-02
5.053441523718987805e-02
5.044368587500205892e-02
5.035323429273489554e-02
5.026305854825834779e-02
5.017315671910415470e-02
5.008352690225191528e-02
4.999416721391758411e-02
4.990507578934422206e-02
4.981625078259507150e-02
4.972769036634896306e-02
4.963939273169786642e-02
4.955135608794675184e-02
4.946357866241561652e-02
4.937605870024371069e-02
4.928879446419587307e-02
4.920178423447103822e-02
4.911502630851284634e-02
4.902851900082227932e-02
4.894226064277246158e-02
4.885624958242536925e-02
4.877048418435068339e-02
4.868496282944650977e-02
4.859968391476220118e-02
4.851464585332293522e-02
4.842984707395651955e-02
4.834528602112175139e-02
4.826096115473896969e-02
4.817687095002220338e-02
4.809301389731343579e-02
4.800938850191845131e-02
4.792599328394462482e-02
4.784282677814044593e-02
4.775988753373683338e-02
4.767717411429014257e-02
4.759468509752695642e-02
4.751241907519057617e-02
4.743037465288913596e-02
4.734855044994547291e-02
4.726694509924856541e-02
4.718555724710668531e-02
4.710438555310206971e-02
4.702342868994732056e-02
4.694268534334321286e-02
4.686215421183823754e-02
4.678183400668953218e-02
4.670172345172547701e-02
4.662182128320969260e-02
4.654212624970660572e-02
4.646263711194844465e-02
4.638335264270374014e-02
4.630427162664717960e-02
4.622539286023103627e-02
4.614671515155788217e-02
4.606823732025475127e-02
4.598995819734870427e-02
4.591187662514371881e-02
4.583399145709893263e-02
4.575630155770829544e-02
4.567880580238142113e-02
4.560150307732586950e-02
4.552439227943065603e-02
4.544747231615101773e-02
4.537074210539451813e-02
4.529420057540835959e-02
4.521784666466792391e-02
4.514167932176655490e-02
4.506569750530654145e-02
4.498990018379132871e-02
4.491428633551886734e-02
4.483885494847613534e-02
4.476360502023485344e-02
4.468853555784835230e-02
4.461364557774951528e-02
4.453893410564988692e-02
4.446440017643987080e-02
4.439004283409005852e-02
4.431586113155352308e-02
4.424185413066940992e-02
4.416802090206733977e-02
4.409436052507300502e-02
4.402087208761477216e-02
4.394755468613131821e-02
4.387440742548025241e-02
4.380142941884773711e-02
4.372861978765916341e-02
4.365597766149073578e-02
4.358350217798204196e-02
4.351119248274963602e-02
4.343904772930148178e-02
4.336706707895243013e-02
4.329524970074052209e-02
4.322359477134431194e-02
4.315210147500102289e-02
4.308076900342562576e-02
4.300959655573080576e-02
4.293858333834783825e-02
4.286772856494825562e-02
4.279703145636645084e-02
4.272649124052307207e-02
4.265610715234933320e-02
4.258587843371205300e-02
4.251580433333958936e-02
4.244588410674855761e-02
4.237611701617139542e-02
4.230650233048463549e-02
4.223703932513805936e-02
4.216772728208455223e-02
4.209856548971076945e-02
4.202955324276856641e-02
4.196068984230715698e-02
4.189197459560601439e-02
4.182340681610856314e-02
4.175498582335647468e-02
4.168671094292484419e-02
4.161858150635792952e-02
4.155059685110572276e-02
4.148275632046111161e-02
4.141505926349778322e-02
4.134750503500879415e-02
4.128009299544583427e-02
4.121282251085912895e-02
4.114569295283800748e-02
4.107870369845211672e-02
4.101185413019332870e-02
4.094514363605299828e-02
4.087857160913902638e-02
4.081213744778862396e-02
4.074584055560961232e-02
4.067968034106009961e-02
4.061365621832096345e-02
4.054776760626197657e-02
4.048201392869749116e-02
4.041639461440339059e-02
4.035090909703284434e-02
4.028555681506227476e-02
4.022033721174042564e-02
4.015524973503797890e-02
4.009029383759771942e-02
4.002546897668526893e-02
3.996077461414035414e-02
3.989621021632854675e-02
3.983177525409363484e-02
3.976746920271044539e-02
3.970329154183818710e-02
3.963924175547432760e-02
3.957531933190897022e-02
3.951152376367972341e-02
3.944785454752704201e-02
3.938431118435015144e-02
3.932089317916324239e-02
3.925760004105247059e-02
3.919443128313308822e-02
3.913138642250726246e-02
3.906846498022230330e-02
3.900566648122930774e-02
3.894299045434228279e-02
3.888043643219771250e-02
3.881800395121461772e-02
3.875569255155496967e-02
3.869350177708454075e-02
3.863143117533426873e-02
3.856948029746199574e-02
3.850764869821455411e-02
3.844593593589040043e-02
3.838434157230254801e-02
3.832286517274196419e-02
3.826150630594133545e-02
3.820026454403926963e-02
3.813913946254482434e-02
3.807813064030246553e-02
3.801723765945746319e-02
3.795646010542151616e-02
3.789579756683890410e-02
3.783524963563332510e-02
3.777481590678027218e-02
3.771449597837497891e-02
3.765428945165773256e-02
3.759419593093980827e-02
3.753421502356921180e-02
3.747434633989929487e-02
3.741458949325764116e-02
3.735494409991539644e-02
3.729540977905689697e-02
3.723598615274954782e-02
3.717667284591413823e-02
3.711746948629545545e-02
3.705837570443316908e-02
3.699939113363306942e-02
3.694051540993867344e-02
3.688174817210296969e-02
3.682308906156072509e-02
3.676453772240085432e-02
3.670609380133921240e-02
3.664775694769168563e-02
3.658952681334755319e-02
3.653140305274309163e-02
3.647338532283554702e-02
3.641547328307738474e-02
3.635766659539072659e-02
3.629996492414218345e-02
3.624236793611788909e-02
3.618487530049884632e-02
3.612748668883648817e-02
3.607020177502857916e-02
3.601302023529531077e-02
3.595594174815569533e-02
3.589896599440423053e-02
3.584209265708772352e-02
3.578532142148253825e-02
3.572865197507192614e-02
3.567208400752366892e-02
3.561561721066800607e-02
3.555925127847570782e-02
3.550298590703646062e-02
3.544682079453747442e-02
3.539075564124233297e-02
3.533479014947000368e-02
3.527892402357418050e-02
3.522315696992273093e-02
3.516748869687750384e-02
3.511191891477428301e-02
3.505644733590288636e-02
3.500107367448763995e-02
3.494579764666794902e-02
3.489061897047911198e-02
3.483553736583334254e-02
3.478055255450100691e-02
3.472566426009204149e-02
3.467087220803759251e-02
3.461617612557187779e-02
3.456157574171418723e-02
3.450707078725109150e-02
3.445266099471890747e-02
3.439834609838628154e-02
3.434412583423698123e-02
3.428999993995291568e-02
3.423596815489723943e-02
3.418203022009776854e-02
3.412818587823047978e-02
3.407443487360323903e-02
3.402077695213966829e-02
3.396721186136322790e-02
3.391373935038141663e-02
3.386035916987023553e-02
3.380707107205872114e-02
3.375387481071366602e-02
3.370077014112458219e-02
3.364775682008872004e-02
3.359483460589633708e-02
3.354200325831607071e-02
3.348926253858049151e-02
3.343661220937178824e-02
3.338405203480766803e-02
3.333158178042736064e-02
3.327920121317773372e-02
3.322691010139967871e-02
3.317470821481451060e-02
3.312259532451063831e-02
3.307057120293025593e-02
3.301863562385626977e-02
3.296678836239935739e-02
3.291502919498507512e-02
3.286335789934126395e-02
3.281177425448544155e-02
3.276027804071238864e-02
3.270886903958192954e-02
3.265754703390671282e-02
3.260631180774024862e-02
3.255516314636500153e-02
3.250410083628064301e-02
3.245312466519240796e-02
3.240223442199962472e-02
3.235142989678429365e-02
3.230071088079983221e-02
3.225007716645999362e-02
3.219952854732777842e-02
3.214906481810455435e-02
3.209868577461933575e-02
3.204839121381803518e-02
3.199818093375296491e-02
3.194805473357237302e-02
3.189801241351014616e-02
3.184805377487557460e-02
3.179817862004327006e-02
3.174838675244315289e-02
3.169867797655053637e-02
3.164905209787644003e-02
3.159950892295780578e-02
3.155004825934798474e-02
3.150066991560725865e-02
3.145137370129347937e-02
3.140215942695277068e-02
3.135302690411038984e-02
3.130397594526165839e-02
3.125500636386295550e-02
3.120611797432290210e-02
3.115731059199352768e-02
3.110858403316158274e-02
3.105993811504000057e-02
3.101137265575932764e-02
3.096288747435935185e-02
3.091448239078077934e-02
3.086615722585699453e-02
3.081791180130591737e-02
3.076974593972193334e-02
3.072165946456795887e-02
3.067365220016752062e-02
3.062572397169697688e-02
3.057787460517778083e-02
3.053010392746886500e-02
3.048241176625907448e-02
3.043479795005970059e-02
3.038726230819708066e-02
3.033980467080528085e-02
3.029242486881887977e-02
3.024512273396578674e-02
3.019789809876016751e-02
3.015075079649543952e-02
3.010368066123733297e-02
3.005668752781703174e-02
3.000977123182438713e-02
2.996293160960122187e-02
2.991616849823464097e-02
2.986948173555053002e-02
2.982287116010698402e-02
2.977633661118791325e-02
2.972987792879666982e-02
2.968349495364975416e-02
2.963718752717056995e-02
2.959095549148327287e-02
2.954479868940668164e-02
2.949871696444821001e-02
2.945271016079793747e-02
2.940677812332267646e-02
2.936092069756012987e-02
2.931513772971312132e-02
2.926942906664386015e-02
2.922379455586828975e-02
2.917823404555048086e-02
2.913274738449709439e-02
2.908733442215189618e-02
2.904199500859033084e-02
2.899672899451415792e-02
2.895153623124614023e-02
2.890641657072477722e-02
2.886136986549912159e-02
2.881639596872363415e-02
2.877149473415306635e-02
2.872666601613746429e-02
2.868190966961714841e-02
2.863722555011780427e-02
2.859261351374559751e-02
2.854807341718234789e-02
2.850360511768073798e-02
2.845920847305959470e-02
2.841488334169922983e-02
2.837062958253678061e-02
2.832644705506163693e-02
2.828233561931093112e-02
2.823829513586502762e-02
2.819432546584310639e-02
2.815042647089874631e-02
2.810659801321561263e-02
2.806283995550312368e-02
2.801915216099223199e-02
2.797553449343118115e-02
2.793198681708135636e-02
2.788850899671316275e-02
2.784510089760193832e-02
2.780176238552392598e-02
2.775849332675227321e-02
2.771529358805307347e-02
2.767216303668147692e-02
2.762910154037777691e-02
2.758610896736362131e-02
2.754318518633821003e-02
2.750033006647452719e-02
2.745754347741564613e-02
2.741482528927103798e-02
2.737217537261295644e-02
2.732959359847283304e-02
2.728707983833770015e-02
2.724463396414669031e-02
2.720225584828752166e-02
2.715994536359309444e-02
2.711770238333800417e-02
2.707552678123522488e-02
2.703341843143273332e-02
2.699137720851020605e-02
2.694940298747574431e-02
2.690749564376260922e-02
2.686565505322605074e-02
2.682388109214010191e-02
2.678217363719443897e-02
2.674053256549129357e-02
2.669895775454233719e-02
2.665744908226565582e-02
2.661600642698273150e-02
2.657462966741545515e-02
2.653331868268316365e-02
2.649207335229973592e-02
2.645089355617067511e-02
2.640977917459025326e-02
2.636873008823867326e-02
2.632774617817927945e-02
2.628682732585575429e-02
2.624597341308938445e-02
2.620518432207632337e-02
2.616445993538491638e-02
2.612380013595304307e-02
2.608320480708543540e-02
2.604267383245109646e-02
2.600220709608072958e-02
2.596180448236413973e-02
2.592146587604771818e-02
2.588119116223195487e-02
2.584098022636891964e-02
2.580083295425983358e-02
2.576074923205262657e-02
2.572072894623950168e-02
2.568077198365462457e-02
2.564087823147168793e-02
2.560104757720160426e-02
2.556127990869021607e-02
2.552157511411596788e-02
2.548193308198767187e-02
2.544235370114224931e-02
2.540283686074251007e-02
2.536338245027497038e-02
2.532399035954764968e-02
2.528466047868794739e-02
2.524539269814047790e-02
2.520618690866499242e-02
2.516704300133425914e-02
2.512796086753202318e-02
2.508894039895091799e-02
2.504998148759048776e-02
2.501108402575514741e-02
2.497224790605218417e-02
2.493347302138982161e-02
2.489475926497525943e-02
2.485610653031272363e-02
2.481751471120158606e-02
2.477898370173444928e-02
2.474051339629530083e-02
2.470210368955763972e-02
2.466375447648261679e-02
2.462546565231728962e-02
2.458723711259274552e-02
2.454906875312237724e-02
2.451096047000005801e-02
2.447291215959846930e-02
2.443492371856731057e-02
2.439699504383161660e-02
2.435912603259004702e-02
2.432131658231322102e-02
2.428356659074204157e-02
2.424587595588605093e-02
2.420824457602181387e-02
2.417067234969127315e-02
2.413315917570018829e-02
2.409570495311652572e-02
2.405830958126889407e-02
2.402097295974500377e-02
2.398369498839011613e-02
2.394647556730551685e-02
2.390931459684703109e-02
2.387221197762350727e-02
2.383516761049534610e-02
2.379818139657304682e-02
2.376125323721572577e-02
2.372438303402971474e-02
2.368757068886711767e-02
2.365081610382440205e-02
2.361411918124100770e-02
2.357747982369797282e-02
2.354089793401654973e-02
2.350437341525684828e-02
2.346790617071651402e-02
2.343149610392937510e-02
2.339514311866412732e-02
2.335884711892304358e-02
2.332260800894065886e-02
2.328642569318251782e-02
2.325030007634389106e-02
2.321423106334850536e-02
2.317821855934731889e-02
2.314226246971728615e-02
2.310636270006012974e-02
2.307051915620112956e-02
2.303473174418793970e-02
2.299900037028937069e-02
2.296332494099425151e-02
2.292770536301024301e-02
2.289214154326268263e-02
2.285663338889344642e-02
2.282118080725980755e-02
2.278578370593334346e-02
2.275044199269878054e-02
2.271515557555292553e-02
2.267992436270355877e-02
2.264474826256836562e-02
2.260962718377384356e-02
2.257456103515427526e-02
2.253954972575063567e-02
2.250459316480959635e-02
2.246969126178244291e-02
2.243484392632408633e-02
2.240005106829204631e-02
2.236531259774544173e-02
2.233062842494398792e-02
2.229599846034702182e-02
2.226142261461252700e-02
2.222690079859614837e-02
2.219243292335024847e-02
2.215801890012296729e-02
2.212365864035724730e-02
2.208935205568992102e-02
2.205509905795079509e-02
2.202089955916170655e-02
2.198675347153564164e-02
2.195266070747581288e-02
2.191862117957478831e-02
2.188463480061358241e-02
2.185070148356079919e-02
2.181682114157175445e-02
2.178299368798762223e-02
2.174921903633456402e-02
2.171549710032290997e-02
2.168182779384629499e-02
2.164821103098083649e-02
2.161464672598432946e-02
2.158113479329538606e-02
2.154767514753267929e-02
2.151426770349409295e-02
2.148091237615596186e-02
2.144760908067227037e-02
2.141435773237385792e-02
2.138115824676766266e-02
2.134801053953596164e-02
2.131491452653556593e-02
2.128187012379713361e-02
2.124887724752434412e-02
2.121593581409322166e-02
2.118304574005136845e-02
2.115020694211723271e-02
2.111741933717940778e-02
2.108468284229588624e-02
2.105199737469338334e-02
2.101936285176659799e-02
2.098677919107753628e-02
2.095424631035481405e-02
2.092176412749296999e-02
2.088933256055177171e-02
2.085695152775556699e-02
2.082462094749259682e-02
2.079234073831431884e-02
2.076011081893478286e-02
2.072793110822995083e-02
2.069580152523705155e-02
2.066372198915395614e-02
2.063169241933851539e-02
2.059971273530795260e-02
2.056778285673822176e-02
2.053590270346338995e-02
2.050407219547502324e-02
2.047229125292157267e-02
2.044055979610777743e-02
2.040887774549405079e-02
2.037724502169588336e-02
2.034566154548326025e-02
2.031412723778008161e-02
2.028264201966355554e-02
2.025120581236364986e-02
2.021981853726249889e-02
2.018848011589383790e-02
2.015719046994244104e-02
2.012594952124358016e-02
2.009475719178244191e-02
2.006361340369360036e-02
2.003251807926044806e-02
2.000147114091467906e-02
1.997047251123574424e-02
1.993952211295029267e-02
1.990861986893168942e-02
1.987776570219945693e-02
1.984695953591876158e-02
1.981620129339990363e-02
1.978549089809779685e-02
1.975482827361145846e-02
1.972421334368352347e-02
1.969364603219971727e-02
1.966312626318837686e-02
1.963265396081994782e-02
1.960222904940649505e-02
1.957185145340123791e-02
1.954152109739804369e-02
1.951123790613094183e-02
1.948100180447368684e-02
1.945081271743924825e-02
1.942067057017937345e-02
1.939057528798409161e-02
1.936052679628129033e-02
1.933052502063622655e-02
1.930056988675109622e-02
1.927066132046455563e-02
1.924079924775130498e-02
1.921098359472163050e-02
1.918121428762096375e-02
1.915149125282943759e-02
1.912181441686146288e-02
1.909218370636530174e-02
1.906259904812262693e-02
1.903306036904809512e-02
1.900356759618894095e-02
1.897412065672454337e-02
1.894471947796601968e-02
1.891536398735580923e-02
1.888605411246726401e-02
1.885678978100423231e-02
1.882757092080066669e-02
1.879839745982023191e-02
1.876926932615588517e-02
1.874018644802948400e-02
1.871114875379140466e-02
1.868215617192014663e-02
1.865320863102194748e-02
1.862430605983038737e-02
1.859544838720603166e-02
1.856663554213601464e-02
1.853786745373369946e-02
1.850914405123827225e-02
1.848046526401440556e-02
1.845183102155185592e-02
1.842324125346511687e-02
1.839469588949304082e-02
1.836619485949850250e-02
1.833773809346799302e-02
1.830932552151132500e-02
1.828095707386122315e-02
1.825263268087301202e-02
1.822435227302423091e-02
1.819611578091431467e-02
1.816792313526423633e-02
1.813977426691616018e-02
1.811166910683311218e-02
1.808360758609863644e-02
1.805558963591644833e-02
1.802761518761011872e-02
1.799968417262273745e-02
1.797179652251656296e-02
1.794395216897273077e-02
1.791615104379088233e-02
1.788839307888889091e-02
1.786067820630250769e-02
1.783300635818504259e-02
1.780537746680705552e-02
1.777779146455604753e-02
1.775024828393614168e-02
1.772274785756775689e-02
1.769529011818730610e-02
1.766787499864691524e-02
1.764050243191407283e-02
1.761317235107135240e-02
1.758588468931611068e-02
1.755863937996017879e-02
1.753143635642956735e-02
1.750427555226416118e-02
1.747715690111744866e-02
1.745008033675618866e-02
1.742304579306017120e-02
1.739605320402186003e-02
1.736910250374618797e-02
1.734219362645018567e-02
1.731532650646276303e-02
1.728850107822439003e-02
1.726171727628681915e-02
1.723497503531282518e-02
1.720827429007591031e-02
1.718161497546002656e-02
1.715499702645930519e-02
1.712842037817778260e-02
1.710188496582913664e-02
1.707539072473641256e-02
1.704893759033172460e-02
1.702252549815604088e-02
1.699615438385889202e-02
1.696982418319807964e-02
1.694353483203947519e-02
1.691728626635669724e-02
1.689107842223089642e-02
1.686491123585046395e-02
1.683878464351079574e-02
1.681269858161402869e-02
1.678665298666879094e-02
1.676064779528995893e-02
1.673468294419835564e-02
1.670875837022057012e-02
1.668287401028866954e-02
1.665702980143995635e-02
1.663122568081671498e-02
1.660546158566599331e-02
1.657973745333932505e-02
1.655405322129251469e-02
1.652840882708538073e-02
1.650280420838153017e-02
1.647723930294808445e-02
1.645171404865550246e-02
1.642622838347728570e-02
1.640078224548978392e-02
1.637537557287192455e-02
1.635000830390502188e-02
1.632468037697251337e-02
1.629939173055973758e-02
1.627414230325372260e-02
1.624893203374292230e-02
1.622376086081702209e-02
1.619862872336671339e-02
1.617353556038342646e-02
1.614848131095916739e-02
1.612346591428625089e-02
1.609848930965709912e-02
1.607355143646401613e-02
1.604865223419896236e-02
1.602379164245335691e-02
1.599896960091783463e-02
1.597418604938203798e-02
1.594944092773441929e-02
1.592473417596200480e-02
1.590006573415018651e-02
1.587543554248253136e-02
1.585084354124052797e-02
1.582628967080342008e-02
1.580177387164797415e-02
1.577729608434826070e-02
1.575285624957548439e-02
1.572845430809774459e-02
1.570409020077983067e-02
1.567976386858304511e-02
1.565547525256497444e-02
1.563122429387929502e-02
1.560701093377557351e-02
1.558283511359905178e-02
1.555869677479047690e-02
1.553459585888587041e-02
1.551053230751634794e-02
1.548650606240792142e-02
1.546251706538129614e-02
1.543856525835167644e-02
1.541465058332857144e-02
1.539077298241560768e-02
1.536693239781032616e-02
1.534312877180400020e-02
1.531936204678142552e-02
1.529563216522075546e-02
1.527193906969329627e-02
1.524828270286331458e-02
1.522466300748785521e-02
1.520107992641655734e-02
1.517753340259146537e-02
1.515402337904682775e-02
1.513054979890894082e-02
1.510711260539593717e-02
1.508371174181762087e-02
1.506034715157527140e-02
1.503701877816147545e-02
1.501372656515992561e-02
1.499047045624526259e-02
1.496725039518287392e-02
1.494406632582872922e-02
1.492091819212919800e-02
1.489780593812087099e-02
1.487472950793037631e-02
1.485168884577421633e-02
1.482868389595857692e-02
1.480571460287916953e-02
1.478278091102103869e-02
1.475988276495840239e-02
1.473702010935446297e-02
1.471419288896126318e-02
1.469140104861947627e-02
1.466864453325826372e-02
1.464592328789509658e-02
1.462323725763557854e-02
1.460058638767328804e-02
1.457797062328959614e-02
1.455538990985351736e-02
1.453284419282151532e-02
1.451033341773736579e-02
1.448785753023196579e-02
1.446541647602318618e-02
1.444301020091568952e-02
1.442063865080078257e-02
1.439830177165624114e-02
1.437599950954615048e-02
1.435373181062074045e-02
1.433149862111622770e-02
1.430929988735464911e-02
1.428713555574370742e-02
1.426500557277659599e-02
1.424290988503186008e-02
1.422084843917322504e-02
1.419882118194942811e-02
1.417682806019408825e-02
1.415486902082551714e-02
1.413294401084658376e-02
1.411105297734454450e-02
1.408919586749090257e-02
1.406737262854122934e-02
1.404558320783502734e-02
1.402382755279557407e-02
1.400210561092976071e-02
1.398041732982794640e-02
1.395876265716379343e-02
1.393714154069413021e-02
1.391555392825878298e-02
1.389399976778044055e-02
1.387247900726448942e-02
1.385099159479886988e-02
1.382953747855393024e-02
1.380811660678225687e-02
1.378672892781856313e-02
1.376537439007949684e-02
1.374405294206352060e-02
1.372276453235075910e-02
1.370150910960283609e-02
1.368028662256275813e-02
1.365909702005473417e-02
1.363794025098405936e-02
1.361681626433694503e-02
1.359572500918038683e-02
1.357466643466202251e-02
1.355364049000997578e-02
1.353264712453272622e-02
1.351168628761895488e-02
1.349075792873740721e-02
1.346986199743674915e-02
1.344899844334542655e-02
1.342816721617152119e-02
1.340736826570261206e-02
1.338660154180562785e-02
1.336586699442671861e-02
1.334516457359110654e-02
1.332449422940294899e-02
1.330385591204519789e-02
1.328324957177946797e-02
1.326267515894588231e-02
1.324213262396295269e-02
1.322162191732743561e-02
1.320114298961418825e-02
1.318069579147604364e-02
1.316028027364366144e-02
1.313989638692540478e-02
1.311954408220718758e-02
1.309922331045236532e-02
1.307893402270156845e-02
1.305867617007260006e-02
1.303844970376027458e-02
1.301825457503629803e-02
1.299809073524913448e-02
1.297795813582387076e-02
1.295785672826207935e-02
1.293778646414169356e-02
1.291774729511687217e-02
1.289773917291786934e-02
1.287776204935089583e-02
1.285781587629800105e-02
1.283790060571693252e-02
1.281801618964100928e-02
1.279816258017899173e-02
1.277833972951495332e-02
1.275854758990815040e-02
1.273878611369288864e-02
1.271905525327840687e-02
1.269935496114873129e-02
1.267968518986256274e-02
1.266004589205314661e-02
1.264043702042813924e-02
1.262085852776948826e-02
1.260131036693329550e-02
1.258179249084970079e-02
1.256230485252276055e-02
1.254284740503030376e-02
1.252342010152382792e-02
1.250402289522835331e-02
1.248465573944231889e-02
1.246531858753744185e-02
1.244601139295860304e-02
1.242673410922371692e-02
1.240748668992361706e-02
1.238826908872192080e-02
1.236908125935492174e-02
1.234992315563145093e-02
1.233079473143276240e-02
1.231169594071241519e-02
1.229262673749614843e-02
1.227358707588175647e-02
1.225457691003896919e-02
1.223559619420934268e-02
1.221664488270611526e-02
1.219772292991411038e-02
1.217883029028960819e-02
1.215996691836022069e-02
1.214113276872477720e-02
1.212232779605321338e-02
1.210355195508643240e-02
1.208480520063620611e-02
1.206608748758505184e-02
1.204739877088610578e-02
1.202873900556301369e-02
1.201010814670981294e-02
1.199150614949081456e-02
1.197293296914048524e-02
1.195438856096332943e-02
1.193587288033377304e-02
1.191738588269605770e-02
1.189892752356411405e-02
1.188049775852144212e-02
1.186209654322101237e-02
1.184372383338513565e-02
1.182537958480535736e-02
1.180706375334233602e-02
1.178877629492574089e-02
1.177051716555412540e-02
1.175228632129481261e-02
1.173408371828379808e-02
1.171590931272562322e-02
1.169776306089325563e-02
1.167964491912800405e-02
1.166155484383937270e-02
1.164349279150497102e-02
1.162545871867040094e-02
1.160745258194911984e-02
1.158947433802237116e-02
1.157152394363903866e-02
1.155360135561555104e-02
1.153570653083576744e-02
1.151783942625086814e-02
1.149999999887924354e-02
1.148218820580637969e-02
1.146440400418475766e-02
1.144664735123374424e-02
1.142891820423946707e-02
1.141121652055471919e-02
1.139354225759885327e-02
1.137589537285766186e-02
1.135827582388327685e-02
1.134068356829405662e-02
1.132311856377448030e-02
1.130558076807504538e-02
1.128807013901214455e-02
1.127058663446797900e-02
1.125313021239043344e-02
1.123570083079298426e-02
1.121829844775457802e-02
1.120092302141953780e-02
1.118357450999745220e-02
1.116625287176306776e-02
1.114895806505618835e-02
1.113169004828155895e-02
1.111444877990877197e-02
1.109723421847215799e-02
1.108004632257068335e-02
1.106288505086783745e-02
1.104575036209153559e-02
1.102864221503402006e-02
1.101156056855173357e-02
1.099450538156524458e-02
1.097747661305912593e-02
1.096047422208185594e-02
1.094349816774571604e-02
1.092654840922667979e-02
1.090962490576432610e-02
1.089272761666172651e-02
1.087585650128534281e-02
1.085901151906491779e-02
1.084219262949339367e-02
1.082539979212679242e-02
1.080863296658411861e-02
1.079189211254726923e-02
1.077517718976090874e-02
1.075848815803239454e-02
1.074182497723165548e-02
1.072518760729110170e-02
1.070857600820552917e-02
1.069199014003200353e-02
1.067542996288977503e-02
1.065889543696017100e-02
1.064238652248649698e-02
1.062590317977394477e-02
1.060944536918947793e-02
1.059301305116174853e-02
1.057660618618099131e-02
1.056022473479892483e-02
1.054386865762865083e-02
1.052753791534456404e-02
1.051123246868224462e-02
1.049495227843836448e-02
1.047869730547059883e-02
1.046246751069750472e-02
1.044626285509845515e-02
1.043008329971351067e-02
1.041392880564334308e-02
1.039779933404913655e-02
1.038169484615248175e-02
1.036561530323528747e-02
1.034956066663968340e-02
1.033353089776791432e-02
1.031752595808226904e-02
1.030154580910494846e-02
1.028559041241800323e-02
1.026965972966321743e-02
1.025375372254202881e-02
1.023787235281541780e-02
1.022201558230382938e-02
1.020618337288705692e-02
1.019037568650417620e-02
1.017459248515342578e-02
1.015883373089212192e-02
1.014309938583657193e-02
1.012738941216197001e-02
1.011170377210230883e-02
1.009604242795028237e-02
1.008040534205719742e-02
1.006479247683287996e-02
1.004920379474557798e-02
1.003363925832186608e-02
1.001809883014657607e-02
1.000258247286266167e-02
9.987090149171155146e-03
9.971621821831032004e-03
9.956177453659150259e-03
9.940757007530142894e-03
9.925360446376331122e-03
9.909987733187632444e-03
9.894638831011465241e-03
9.879313702952667239e-03
9.864012312173396635e-03
9.848734621893040150e-03
9.833480595388131504e-03
9.818250195992250795e-03
9.803043387095942973e-03
9.787860132146622427e-03
9.772700394648479311e-03
9.757564138162403214e-03
9.742451326305877346e-03
9.727361922752898737e-03
9.712295891233891504e-03
9.697253195535602763e-03
9.682233799501036714e-03
9.667237667029343617e-03
9.652264762075746934e-03
9.637315048651444449e-03
9.622388490823518062e-03
9.607485052714860932e-03
9.592604698504083802e-03
9.577747392425407444e-03
9.562913098768601947e-03
9.548101781878887834e-03
9.533313406156838921e-03
9.518547936058318129e-03
9.503805336094368200e-03
9.489085570831133631e-03
9.474388604889777410e-03
9.459714402946385603e-03
9.445062929731894499e-03
9.430434150031983057e-03
9.415828028687010451e-03
9.401244530591908524e-03
9.386683620696117600e-03
9.372145264003477194e-03
9.357629425572158363e-03
9.343136070514573496e-03
9.328665163997286111e-03
9.314216671240932791e-03
9.299790557520127773e-03
9.285386788163390095e-03
9.271005328553051650e-03
9.256646144125177389e-03
9.242309200369471650e-03
9.227994462829207031e-03
9.213701897101128982e-03
9.199431468835372536e-03
9.185183143735394656e-03
9.170956887557864950e-03
9.156752666112598013e-03
9.142570445262466691e-03
9.128410190923322287e-03
9.114271869063907822e-03
9.100155445705764359e-03
9.086060886923177232e-03
9.071988158843056343e-03
9.057937227644887596e-03
9.043908059560623602e-03
9.029900620874619505e-03
9.015914877923539295e-03
9.001950797096281223e-03
8.988008344833891064e-03
8.974087487629485785e-03
8.960188192028163343e-03
8.946310424626931559e-03
8.932454152074616183e-03
8.918619341071789761e-03
8.904805958370684907e-03
8.891013970775109299e-03
8.877243345140376288e-03
8.863494048373214695e-03
8.849766047431687280e-03
8.836059309325119612e-03
8.822373801114015077e-03
8.808709489909966397e-03
8.795066342875593191e-03
8.781444327224444818e-03
8.767843410220932734e-03
8.754263559180240281e-03
8.740704741468255032e-03
8.727166924501476852e-03
8.713650075746957185e-03
8.700154162722194967e-03
8.686679152995075912e-03
8.673225014183792714e-03
8.659791713956751374e-03
8.646379220032512219e-03
8.632987500179704898e-03
8.619616522216936444e-03
8.606266254012735761e-03
8.592936663485459953e-03
8.579627718603217990e-03
8.566339387383803058e-03
8.553071637894595416e-03
8.539824438252510350e-03
8.526597756623899294e-03
8.513391561224483914e-03
8.500205820319274574e-03
8.487040502222490540e-03
8.473895575297492322e-03
8.460771007956703615e-03
8.447666768661519360e-03
8.434582825922250227e-03
8.421519148298027210e-03
8.408475704396746117e-03
8.395452462874965216e-03
8.382449392437861871e-03
8.369466461839121518e-03
8.356503639880894299e-03
8.343560895413690975e-03
8.330638197336327419e-03
8.317735514595843080e-03
8.304852816187424658e-03
8.291990071154328040e-03
8.279147248587810648e-03
8.266324317627048168e-03
8.253521247459066901e-03
8.240738007318669164e-03
8.227974566488350031e-03
8.215230894298233139e-03
8.202506960125989163e-03
8.189802733396766427e-03
8.177118183583116304e-03
8.164453280204915162e-03
8.151807992829293234e-03
8.139182291070561764e-03
8.126576144590140147e-03
8.113989523096477863e-03
8.101422396344990298e-03
8.088874734137973740e-03
8.076346506324537725e-03
8.063837682800539114e-03
8.051348233508490160e-03
8.038878128437513398e-03
8.026427337623244507e-03
8.013995831147768117e-03
8.001583579139550165e-03
7.989190551773365026e-03
7.976816719270208786e-03
7.964462051897250663e-03
7.952126519967737603e-03
7.939810093840947436e-03
7.927512743922093472e-03
7.915234440662263782e-03
7.902975154558357015e-03
7.890734856152992194e-03
7.878513516034454933e-03
7.866311104836614179e-03
7.854127593238866695e-03
7.841962951966050324e-03
7.829817151788376339e-03
7.817690163521365254e-03
7.805581958025772232e-03
7.793492506207512494e-03
7.781421779017605803e-03
7.769369747452086264e-03
7.757336382551945943e-03
7.745321655403060272e-03
7.733325537136119532e-03
7.721347998926558591e-03
7.709389011994484051e-03
7.697448547604613528e-03
7.685526577066193257e-03
7.673623071732941711e-03
7.661738003002972405e-03
7.649871342318727979e-03
7.638023061166909072e-03
7.626193131078404935e-03
7.614381523628232715e-03
7.602588210435454186e-03
7.590813163163121977e-03
7.579056353518204107e-03
7.567317753251512000e-03
7.555597334157640628e-03
7.543895068074893927e-03
7.532210926885220606e-03
7.520544882514146497e-03
7.508896906930698223e-03
7.497266972147351161e-03
7.485655050219948772e-03
7.474061113247639290e-03
7.462485133372809797e-03
7.450927082781018569e-03
7.439386933700926560e-03
7.427864658404228007e-03
7.416360229205593187e-03
7.404873618462586016e-03
7.393404798575616346e-03
7.381953741987854964e-03
7.370520421185179812e-03
7.359104808696103998e-03
7.347706877091711615e-03
7.336326598985590079e-03
7.324963947033763349e-03
7.313618893934629474e-03
7.302291412428892070e-03
7.290981475299495272e-03
7.279689055371555209e-03
7.268414125512301892e-03
7.257156658631004620e-03
7.245916627678914736e-03
7.234694005649192766e-03
7.223488765576850310e-03
7.212300880538681513e-03
7.201130323653196288e-03
7.189977068080561327e-03
7.178841087022528981e-03
7.167722353722374810e-03
7.156620841464837735e-03
7.145536523576048044e-03
7.134469373423468416e-03
7.123419364415827133e-03
7.112386470003053893e-03
7.101370663676220829e-03
7.090371918967467053e-03
7.079390209449950948e-03
7.068425508737770369e-03
7.057477790485913206e-03
7.046547028390180191e-03
7.035633196187132850e-03
7.024736267654024986e-03
7.013856216608742832e-03
7.002993016909733054e-03
6.992146642455949850e-03
6.981317067186790758e-03
6.970504265082028139e-03
6.959708210161750196e-03
6.948928876486297652e-03
6.938166238156203910e-03
6.927420269312128259e-03
6.916690944134795162e-03
6.905978236844934406e-03
6.895282121703212586e-03
6.884602573010181921e-03
6.873939565106206538e-03
6.863293072371408690e-03
6.852663069225605440e-03
6.842049530128241873e-03
6.831452429578339924e-03
6.820871742114422917e-03
6.810307442314469592e-03
6.799759504795840383e-03
6.789227904215225373e-03
6.778712615268571440e-03
6.768213612691039750e-03
6.757730871256925100e-03
6.747264365779606470e-03
6.736814071111488916e-03
6.726379962143930712e-03
6.715962013807195638e-03
6.705560201070385334e-03
6.695174498941380316e-03
6.684804882466781860e-03
6.674451326731850424e-03
6.664113806860444064e-03
6.653792298014962921e-03
6.643486775396284169e-03
6.633197214243705640e-03
6.622923589834885973e-03
6.612665877485781295e-03
6.602424052550596653e-03
6.592198090421710552e-03
6.581987966529628115e-03
6.571793656342917768e-03
6.561615135368153127e-03
6.551452379149850548e-03
6.541305363270416215e-03
6.531174063350081091e-03
6.521058455046847141e-03
6.510958514056428351e-03
6.500874216112184807e-03
6.490805536985076729e-03
6.480752452483596812e-03
6.470714938453717320e-03
6.460692970778822430e-03
6.450686525379666601e-03
6.440695578214298243e-03
6.430720105278018954e-03
6.420760082603310659e-03
6.410815486259789642e-03
6.400886292354141492e-03
6.390972477030067329e-03
6.381074016468223954e-03
6.371190886886170072e-03
6.361323064538305580e-03
6.351470525715814316e-03
6.341633246746612891e-03
6.331811203995284763e-03
6.322004373863027334e-03
6.312212732787599034e-03
6.302436257243258615e-03
6.292674923740707894e-03
6.282928708827035386e-03
6.273197589085663384e-03
6.263481541136288119e-03
6.253780541634823380e-03
6.244094567273349335e-03
6.234423594780047484e-03
6.224767600919152086e-03
6.215126562490893777e-03
6.205500456331438860e-03
6.195889259312839861e-03
6.186292948342973948e-03
6.176711500365490021e-03
6.167144892359756672e-03
6.157593101340799735e-03
6.148056104359251976e-03
6.138533878501297586e-03
6.129026400888614931e-03
6.119533648678322779e-03
6.110055599062924787e-03
6.100592229270255726e-03
6.091143516563425966e-03
6.081709438240765972e-03
6.072289971635775122e-03
6.062885094117062730e-03
6.053494783088293404e-03
6.044119015988139339e-03
6.034757770290216997e-03
6.025411023503040274e-03
6.016078753169962386e-03
6.006760936869123824e-03
5.997457552213395979e-03
5.988168576850333436e-03
5.978893988462108053e-03
5.969633764765467331e-03
5.960387883511678031e-03
5.951156322486468066e-03
5.941939059509976188e-03
5.932736072436699953e-03
5.923547339155440204e-03
5.914372837589249900e-03
5.905212545695374265e-03
5.896066441465210896e-03
5.886934502924245569e-03
5.877816708132001938e-03
5.868713035181992096e-03
5.859623462201659326e-03
5.850547967352331263e-03
5.841486528829160051e-03
5.832439124861075498e-03
5.823405733710733043e-03
5.814386333674453899e-03
5.805380903082184296e-03
5.796389420297433891e-03
5.787411863717228933e-03
5.778448211772056753e-03
5.769498442925819794e-03
5.760562535675774025e-03
5.751640468552488179e-03
5.742732220119785638e-03
5.733837768974690656e-03
5.724957093747386726e-03
5.716090173101153263e-03
5.707236985732322236e-03
5.698397510370227861e-03
5.689571725777145886e-03
5.680759610748252822e-03
5.671961144111569569e-03
5.663176304727915444e-03
5.654405071490850067e-03
5.645647423326627390e-03
5.636903339194141924e-03
5.628172798084884500e-03
5.619455779022886760e-03
5.610752261064669115e-03
5.602062223299192172e-03
5.593385644847811630e-03
5.584722504864220172e-03
5.576072782534398885e-03
5.567436457076573031e-03
5.558813507741156533e-03
5.550203913810703403e-03
5.541607654599856568e-03
5.533024709455301032e-03
5.524455057755714438e-03
5.515898678911712420e-03
5.507355552365807844e-03
5.498825657592350084e-03
5.490308974097484265e-03
5.481805481419101816e-03
5.473315159126786698e-03
5.464837986821766830e-03
5.456373944136868985e-03
5.447923010736467619e-03
5.439485166316435430e-03
5.431060390604096517e-03
5.422648663358172610e-03
5.414249964368738829e-03
5.405864273457178584e-03
5.397491570476124594e-03
5.389131835309421588e-03
5.380785047872070799e-03
5.372451188110183122e-03
5.364130236000933145e-03
5.355822171552505374e-03
5.347526974804056935e-03
5.339244625825657724e-03
5.330975104718250514e-03
5.322718391613597173e-03
5.314474466674239637e-03
5.306243310093439192e-03
5.298024902095141778e-03
5.289819222933920748e-03
5.281626252894939567e-03
5.273445972293892836e-03
5.265278361476967255e-03
5.257123400820791319e-03
5.248981070732388482e-03
5.240851351649128582e-03
5.232734224038684476e-03
5.224629668398981727e-03
5.216537665258153510e-03
5.208458195174493766e-03
5.200391238736407767e-03
5.192336776562370484e-03
5.184294789300875408e-03
5.176265257630390318e-03
5.168248162259309574e-03
5.160243483925909883e-03
5.152251203398302594e-03
5.144271301474385126e-03
5.136303758981797599e-03
5.128348556777880332e-03
5.120405675749617469e-03
5.112475096813604881e-03
5.104556800915988589e-03
5.096650769032434400e-03
5.088756982168068065e-03
5.080875421357444917e-03
5.073006067664487424e-03
5.065148902182453963e-03
5.057303906033883308e-03
5.049471060370557332e-03
5.041650346373449838e-03
5.033841745252682319e-03
5.026045238247482325e-03
5.018260806626134891e-03
5.010488431685937438e-03
5.002728094753156399e-03
4.994979777182983853e-03
4.987243460359487221e-03
4.979519125695570231e-03
4.971806754632924347e-03
4.964106328641988003e-03
4.956417829221898899e-03
4.948741237900448897e-03
4.941076536234044123e-03
4.933423705807655525e-03
4.925782728234778113e-03
4.918153585157382379e-03
4.910536258245881344e-03
4.902930729199068104e-03
4.895336979744088941e-03
4.887754991636390420e-03
4.880184746659677747e-03
4.872626226625871408e-03
4.865079413375064665e-03
4.857544288775474985e-03
4.850020834723404138e-03
4.842509033143199172e-03
4.835008865987198631e-03
4.827520315235695261e-03
4.820043362896896978e-03
4.812577991006873959e-03
4.805124181629520479e-03
4.797681916856514142e-03
4.790251178807268181e-03
4.782831949628892423e-03
4.775424211496146452e-03
4.768027946611402314e-03
4.760643137204592472e-03
4.753269765533178585e-03
4.745907813882102068e-03
4.738557264563740719e-03
4.731218099917868826e-03
4.723890302311615531e-03
4.716573854139419729e-03
4.709268737822989298e-03
4.701974935811260338e-03
4.694692430580347728e-03
4.687421204633515637e-03
4.680161240501123747e-03
4.672912520740590825e-03
4.665675027936354823e-03
4.658448744699823438e-03
4.651233653669337685e-03
4.644029737510133732e-03
4.636836978914292591e-03
4.629655360600704560e-03
4.622484865315025851e-03
4.615325475829636093e-03
4.608177174943601899e-03
4.601039945482626563e-03
4.593913770299017964e-03
4.586798632271641731e-03
4.579694514305883944e-03
4.572601399333603434e-03
4.565519270313098815e-03
4.558448110229064258e-03
4.551387902092545248e-03
4.544338628940902160e-03
4.537300273837769488e-03
4.530272819873012481e-03
4.523256250162687245e-03
4.516250547849001706e-03
4.509255696100275719e-03
4.502271678110894224e-03
4.495298477101276891e-03
4.488336076317828681e-03
4.481384459032906886e-03
4.474443608544772556e-03
4.467513508177561009e-03
4.460594141281234125e-03
4.453685491231539582e-03
4.446787541429976162e-03
4.439900275303750379e-03
4.433023676305739187e-03
4.426157727914447476e-03
4.419302413633967308e-03
4.412457716993945823e-03
4.405623621549534068e-03
4.398800110881358368e-03
4.391987168595474361e-03
4.385184778323329702e-03
4.378392923721725026e-03
4.371611588472774923e-03
4.364840756283864566e-03
4.358080410887614151e-03
4.351330536041844201e-03
4.344591115529531332e-03
4.337862133158763150e-03
4.331143572762713966e-03
4.324435418199593616e-03
4.317737653352612774e-03
4.311050262129949122e-03
4.304373228464700510e-03
4.297706536314849397e-03
4.291050169663226423e-03
4.284404112517471372e-03
4.277768348909989811e-03
4.271142862897922728e-03
4.264527638563104031e-03
4.257922660012018051e-03
4.251327911375772650e-03
4.244743376810045446e-03
4.238169040495063863e-03
4.231604886635551357e-03
4.225050899460695321e-03
4.218507063224115859e-03
4.211973362203814616e-03
4.205449780702147887e-03
4.198936303045786717e-03
4.192432913585674402e-03
4.185939596696992664e-03
4.179456336779125217e-03
4.172983118255617005e-03
4.166519925574139506e-03
4.160066743206451700e-03
4.153623555648363642e-03
4.147190347419700898e-03
4.140767103064261177e-03
4.134353807149783976e-03
4.127950444267911544e-03
4.121556999034150723e-03
4.115173456087833047e-03
4.108799800092086986e-03
4.102436015733792844e-03
4.096082087723547198e-03
4.089738000795627333e-03
4.083403739707958287e-03
4.077079289242071213e-03
4.070764634203063483e-03
4.064459759419573534e-03
4.058164649743734899e-03
4.051879290051139774e-03
4.045603665240813870e-03
4.039337760235162632e-03
4.033081559979949555e-03
4.026835049444252822e-03
4.020598213620433202e-03
4.014371037524093293e-03
4.008153506194044556e-03
4.001945604692272625e-03
3.995747318103898271e-03
3.989558631537142713e-03
3.983379530123292919e-03
3.977209999016665179e-03
3.971050023394568675e-03
3.964899588457269919e-03
3.958758679427959795e-03
3.952627281552714526e-03
3.946505380100460980e-03
3.940392960362944577e-03
3.934290007654689392e-03
3.928196507312965192e-03
3.922112444697753615e-03
3.916037805191707397e-03
3.909972574200125221e-03
3.903916737150902282e-03
3.897870279494510329e-03
3.891833186703954305e-03
3.885805444274737647e-03
3.879787037724829763e-03
3.873777952594630036e-03
3.867778174446933996e-03
3.861787688866897758e-03
3.855806481462002461e-03
3.849834537862022177e-03
3.843871843718987911e-03
3.837918384707153345e-03
3.831974146522960142e-03
3.826039114885002815e-03
3.820113275533997075e-03
3.814196614232742526e-03
3.808289116766090578e-03
3.802390768940909754e-03
3.796501556586050121e-03
3.790621465552312074e-03
3.784750481712409031e-03
3.778888590960936215e-03
3.773035779214336822e-03
3.767192032410863426e-03
3.761357336510553692e-03
3.755531677495184406e-03
3.749715041368248923e-03
3.743907414154916402e-03
3.738108781902001448e-03
3.732319130677930284e-03
3.726538446572705623e-03
3.720766715697875881e-03
3.715003924186498739e-03
3.709250058193109927e-03
3.703505103893690257e-03
3.697769047485630935e-03
3.692041875187701029e-03
3.686323573240014514e-03
3.680614127903996877e-03
3.674913525462353021e-03
3.669221752219032576e-03
3.663538794499197806e-03
3.657864638649193680e-03
3.652199271036508411e-03
3.646542678049747004e-03
3.640894846098596122e-03
3.635255761613791561e-03
3.629625411047083562e-03
3.624003780871208613e-03
3.618390857579854326e-03
3.612786627687626911e-03
3.607191077730018645e-03
3.601604194263376656e-03
3.596025963864869085e-03
3.590456373132454738e-03
3.584895408684849686e-03
3.579343057161495176e-03
3.573799305222524671e-03
3.568264139548734792e-03
3.562737546841549755e-03
3.557219513822991019e-03
3.551710027235647788e-03
3.546209073842637987e-03
3.540716640427585271e-03
3.535232713794581733e-03
3.529757280768157975e-03
3.524290328193250589e-03
3.518831842935170925e-03
3.513381811879574736e-03
3.507940221932428354e-03
3.502507060019979194e-03
3.497082313088724966e-03
3.491665968105377247e-03
3.486258012056838492e-03
3.480858431950163007e-03
3.475467214812530056e-03
3.470084347691210474e-03
3.464709817653539338e-03
3.459343611786878676e-03
3.453985717198591876e-03
3.448636121016011597e-03
3.443294810386406373e-03
3.437961772476951991e-03
3.432636994474698965e-03
3.427320463586545646e-03
3.422012167039201799e-03
3.416712092079161271e-03
3.411420225972673376e-03
3.406136556005706899e-03
3.400861069483922337e-03
3.395593753732644143e-03
3.390334596096826036e-03
3.385083583941021074e-03
3.379840704649353465e-03
3.374605945625488209e-03
3.369379294292599008e-03
3.364160738093338772e-03
3.358950264489808830e-03
3.353747860963529875e-03
3.348553515015413335e-03
3.343367214165727554e-03
3.338188945954069162e-03
3.333018697939335324e-03
3.327856457699693380e-03
3.322702212832547020e-03
3.317555950954510259e-03
3.312417659701378386e-03
3.307287326728095000e-03
3.302164939708725124e-03
3.297050486336423111e-03
3.291943954323406189e-03
3.286845331400921940e-03
3.281754605319219670e-03
3.276671763847523525e-03
3.271596794773999096e-03
3.266529685905725667e-03
3.261470425068669753e-03
3.256419000107649547e-03
3.251375398886311927e-03
3.246339609287101236e-03
3.241311619211229358e-03
3.236291416578645358e-03
3.231278989328009461e-03
3.226274325416663129e-03
3.221277412820599574e-03
3.216288239534434695e-03
3.211306793571378892e-03
3.206333062963207577e-03
3.201367035760233851e-03
3.196408700031277278e-03
3.191458043863637864e-03
3.186515055363065268e-03
3.181579722653733212e-03
3.176652033878206525e-03
3.171731977197415984e-03
3.166819540790630997e-03
3.161914712855424473e-03
3.157017481607655475e-03
3.152127835281428019e-03
3.147245762129075031e-03
3.142371250421121046e-03
3.137504288446258793e-03
3.132644864511318836e-03
3.127792966941243553e-03
3.122948584079056778e-03
3.118111704285839083e-03
3.113282315029600265e-03
3.108460405565638754e-03
3.103645964364920747e-03
3.098838981221636521e-03
3.094039442850896396e-03
3.089247338065397985e-03
3.084462655379605241e-03
3.079685383298024805e-03
3.074915510342974591e-03
3.070153025054547791e-03
3.065397915990588154e-03
3.060650171725638313e-03
3.055909780854123865e-03
3.051176731986965460e-03
3.046451013752601855e-03
3.041732614797205449e-03
3.037021523784538303e-03
3.032317729395921785e-03
3.027621220330208376e-03
3.022931985303753052e-03
3.018250013050387259e-03
3.013575292321392894e-03
3.008907811885473682e-03
3.004247560528726987e-03
2.999594527054620392e-03
2.994948700283963077e-03
2.990310069054877631e-03
2.985678622222773596e-03
2.981054348660324479e-03
2.976437237257434799e-03
2.971827276921219264e-03
2.967224456575971985e-03
2.962628765163141751e-03
2.958040191641304276e-03
2.953458724986137481e-03
2.948884354190394168e-03
2.944317068263875136e-03
2.939756856233402289e-03
2.935203707142793050e-03
2.930657610052835645e-03
2.926118554041259173e-03
2.921586528202710625e-03
2.917061521648727559e-03
2.912543523507709915e-03
2.908032522924897893e-03
2.903528509062343766e-03
2.899031471098884993e-03
2.894541398230119061e-03
2.890058279668377035e-03
2.885582104642699704e-03
2.881112862398808091e-03
2.876650542199082200e-03
2.872195133322530229e-03
2.867746625064767317e-03
2.863305006737986054e-03
2.858870267670933496e-03
2.854442397208885145e-03
2.850021384713617625e-03
2.845607219563383531e-03
2.841199891152888877e-03
2.836799388893263604e-03
2.832405702212039030e-03
2.828018820553120528e-03
2.823638733376762806e-03
2.819265430159546056e-03
2.814898900394347762e-03
2.810539133590320149e-03
2.806186119272862864e-03
2.801839846983600422e-03
2.797500306280354017e-03
2.793167486737118538e-03
2.788841377944036980e-03
2.784521969507374860e-03
2.780209251049496361e-03
2.775903212208837879e-03
2.771603842639885039e-03
2.767311132013145370e-03
2.763025070015127059e-03
2.758745646348310324e-03
2.754472850731124866e-03
2.750206672897924278e-03
2.745947102598962630e-03
2.741694129600368880e-03
2.737447743684121287e-03
2.733207934648025292e-03
2.728974692305687934e-03
2.724748006486491392e-03
2.720527867035572173e-03
2.716314263813793782e-03
2.712107186697722879e-03
2.707906625579607155e-03
2.703712570367348446e-03
2.699525010984478880e-03
2.695343937370138759e-03
2.691169339479049238e-03
2.687001207281491510e-03
2.682839530763278177e-03
2.678684299925735476e-03
2.674535504785673350e-03
2.670393135375364203e-03
2.666257181742520341e-03
2.662127633950266657e-03
2.658004482077118511e-03
2.653887716216959177e-03
2.649777326479012957e-03
2.645673302987824795e-03
2.641575635883233828e-03
2.637484315320351262e-03
2.633399331469535656e-03
2.629320674516371237e-03
2.625248334661641880e-03
2.621182302121309853e-03
2.617122567126488938e-03
2.613069119923425339e-03
2.609021950773471234e-03
2.604981049953061789e-03
2.600946407753692603e-03
2.596918014481896294e-03
2.592895860459218643e-03
2.588879936022195610e-03
2.584870231522329916e-03
2.580866737326068493e-03
2.576869443814779059e-03
2.572878341384726274e-03
2.568893420447048749e-03
2.564914671427738230e-03
2.560942084767612714e-03
2.556975650922297793e-03
2.553015360362200208e-03
2.549061203572486594e-03
2.545113171053060928e-03
2.541171253318540244e-03
2.537235440898232951e-03
2.533305724336116279e-03
2.529382094190812860e-03
2.525464541035568611e-03
2.521553055458227582e-03
2.517647628061216343e-03
2.513748249461512322e-03
2.509854910290626896e-03
2.505967601194580667e-03
2.502086312833885252e-03
2.498211035883512489e-03
2.494341761032880991e-03
2.490478478985827960e-03
2.486621180460588370e-03
2.482769856189774582e-03
2.478924496920351193e-03
2.475085093413614216e-03
2.471251636445168532e-03
2.467424116804906638e-03
2.463602525296986097e-03
2.459786852739805681e-03
2.455977089965985429e-03
2.452173227822344957e-03
2.448375257169880040e-03
2.444583168883740065e-03
2.440796953853208943e-03
2.437016602981679960e-03
2.433242107186635392e-03
2.429473457399625690e-03
2.425710644566246490e-03
2.421953659646116502e-03
2.418202493612856257e-03
2.414457137454067287e-03
2.410717582171309579e-03
2.406983818780079019e-03
2.403255838309788749e-03
2.399533631803743572e-03
2.395817190319122179e-03
2.392106504926953727e-03
2.388401566712095719e-03
2.384702366773215360e-03
2.381008896222765268e-03
2.377321146186962657e-03
2.373639107805770258e-03
2.369962772232872029e-03
2.366292130635654512e-03
2.362627174195182540e-03
2.358967894106183197e-03
2.355314281577017190e-03
2.351666327829663675e-03
2.348024024099698570e-03
2.344387361636271136e-03
2.340756331702084029e-03
2.337130925573373350e-03
2.333511134539884360e-03
2.329896949904855432e-03
2.326288362984994633e-03
2.322685365110455872e-03
2.319087947624826323e-03
2.315496101885095200e-03
2.311909819261640311e-03
2.308329091138205946e-03
2.304753908911880318e-03
2.301184263993075619e-03
2.297620147805509369e-03
2.294061551786181000e-03
2.290508467385351903e-03
2.286960886066527216e-03
2.283418799306431973e-03
2.279882198594994618e-03
2.276351075435320125e-03
2.272825421343677415e-03
2.269305227849472469e-03
2.265790486495233153e-03
2.262281188836584057e-03
2.258777326442230893e-03
2.255278890893935764e-03
2.251785873786499824e-03
2.248298266727743328e-03
2.244816061338483076e-03
2.241339249252515507e-03
2.237867822116592839e-03
2.234401771590405292e-03
2.230941089346562441e-03
2.227485767070569358e-03
2.224035796460809705e-03
2.220591169228524047e-03
2.217151877097793371e-03
2.213717911805513066e-03
2.210289265101378613e-03
2.206865928747863033e-03
2.203447894520198236e-03
2.200035154206355509e-03
2.196627699607022963e-03
2.193225522535589920e-03
2.189828614818123929e-03
2.186436968293352986e-03
2.183050574812646014e-03
2.179669426239991183e-03
2.176293514451980299e-03
2.172922831337784945e-03
2.169557368799138273e-03
2.166197118750318520e-03
2.162842073118126027e-03
2.159492223841864150e-03
2.156147562873322356e-03
2.152808082176754095e-03
2.149473773728860330e-03
2.146144629518766979e-03
2.142820641548007568e-03
2.139501801830505021e-03
2.136188102392549536e-03
2.132879535272782980e-03
2.129576092522176764e-03
2.126277766204013632e-03
2.122984548393869880e-03
2.119696431179594106e-03
2.116413406661290728e-03
2.113135466951299602e-03
2.109862604174175208e-03
2.106594810466671901e-03
2.103332077977721794e-03
2.100074398868416112e-03
2.096821765311988710e-03
2.093574169493795691e-03
2.090331603611295021e-03
2.087094059874030055e-03
2.083861530503610879e-03
2.080634007733693936e-03
2.077411483809965976e-03
2.074193950990120203e-03
2.070981401543845867e-03
2.067773827752801379e-03
2.064571221910602161e-03
2.061373576322797670e-03
2.058180883306854475e-03
2.054993135192138918e-03
2.051810324319897592e-03
2.048632443043239999e-03
2.045459483727116862e-03
2.042291438748306247e-03
2.039128300495393186e-03
2.035970061368750153e-03
2.032816713780521024e-03
2.029668250154601124e-03
2.026524662926621617e-03
2.023385944543927388e-03
2.020252087465560994e-03
2.017123084162247056e-03
2.013998927116368836e-03
2.010879608821954361e-03
2.007765121784657342e-03
2.004655458521738091e-03
2.001550611562046174e-03
1.998450573446003929e-03
1.995355336725585654e-03
1.992264893964302425e-03
1.989179237737182578e-03
1.986098360630753502e-03
1.983022255243027752e-03
1.979950914183478770e-03
1.976884330073028304e-03
1.973822495544026896e-03
1.970765403240235664e-03
1.967713045816808955e-03
1.964665415940278301e-03
1.961622506288532037e-03
1.958584309550800116e-03
1.955550818427635468e-03
1.952522025630895565e-03
1.949497923883726589e-03
1.946478505920545658e-03
1.943463764487022172e-03
1.940453692340061553e-03
1.937448282247787460e-03
1.934447526989524447e-03
1.931451419355780181e-03
1.928459952148229607e-03
1.925473118179694791e-03
1.922490910274131251e-03
1.919513321266607796e-03
1.916540344003290911e-03
1.913571971341426325e-03
1.910608196149323618e-03
1.907649011306337570e-03
1.904694409702851251e-03
1.901744384240260403e-03
1.898798927830953279e-03
1.895858033398297414e-03
1.892921693876619457e-03
1.889989902211190861e-03
1.887062651358207719e-03
1.884139934284777534e-03
1.881221743968899485e-03
1.878308073399448386e-03
1.875398915576158851e-03
1.872494263509606434e-03
1.869594110221193531e-03
1.866698448743130297e-03
1.863807272118418170e-03
1.860920573400835125e-03
1.858038345654916155e-03
1.855160581955938529e-03
1.852287275389905528e-03
1.849418419053527581e-03
1.846554006054207950e-03
1.843694029510025171e-03
1.840838482549715703e-03
1.837987358312660052e-03
1.835140649948863037e-03
1.832298350618939914e-03
1.829460453494097943e-03
1.826626951756121862e-03
1.823797838597355885e-03
1.820973107220688527e-03
1.818152750839535691e-03
1.815336762677824184e-03
1.812525135969976541e-03
1.809717863960892160e-03
1.806914939905934943e-03
1.804116357070913992e-03
1.801322108732068437e-03
1.798532188176051169e-03
1.795746588699913661e-03
1.792965303611087973e-03
1.790188326227372438e-03
1.787415649876914533e-03
1.784647267898195914e-03
1.781883173640014207e-03
1.779123360461470210e-03
1.776367821731949462e-03
1.773616550831107284e-03
1.770869541148852077e-03
1.768126786085331449e-03
1.765388279050913783e-03
1.762654013466174356e-03
1.759923982761877779e-03
1.757198180378963899e-03
1.754476599768531970e-03
1.751759234391823310e-03
1.749046077720206984e-03
1.746337123235164194e-03
1.743632364428271148e-03
1.740931794801184535e-03
1.738235407865626556e-03
1.735543197143368235e-03
1.732855156166213800e-03
1.730171278475986160e-03
1.727491557624509771e-03
1.724815987173597626e-03
1.722144560695033260e-03
1.719477271770556868e-03
1.716814113991848830e-03
1.714155080960515177e-03
1.711500166288071985e-03
1.708849363595929755e-03
1.706202666515378458e-03
1.703560068687571703e-03
1.700921563763511772e-03
1.698287145404034880e-03
1.695656807279795125e-03
1.693030543071249528e-03
1.690408346468643287e-03
1.687790211171993947e-03
1.685176130891076441e-03
1.682566099345408342e-03
1.679960110264234682e-03
1.677358157386512998e-03
1.674760234460897059e-03
1.672166335245723863e-03
1.669576453508996939e-03
1.666990583028372464e-03
1.664408717591143658e-03
1.661830850994226467e-03
1.659256977044143953e-03
1.656687089557010899e-03
1.654121182358521880e-03
1.651559249283932398e-03
1.649001284178047179e-03
1.646447280895203466e-03
1.643897233299257583e-03
1.641351135263569971e-03
1.638808980670989138e-03
1.636270763413838220e-03
1.633736477393900235e-03
1.631206116522403334e-03
1.628679674720005842e-03
1.626157145916782166e-03
1.623638524052207393e-03
1.621123803075143850e-03
1.618612976943825709e-03
1.616106039625844456e-03
1.613602985098135665e-03
1.611103807346962085e-03
1.608608500367901930e-03
1.606117058165832615e-03
1.603629474754917099e-03
1.601145744158588916e-03
1.598665860409538304e-03
1.596189817549698107e-03
1.593717609630229464e-03
1.591249230711506198e-03
1.588784674863102020e-03
1.586323936163776217e-03
1.583867008701458261e-03
1.581413886573234794e-03
1.578964563885334668e-03
1.576519034753115934e-03
1.574077293301050012e-03
1.571639333662708466e-03
1.569205149980749340e-03
1.566774736406902633e-03
1.564348087101955767e-03
1.561925196235740146e-03
1.559506057987117928e-03
1.557090666543965761e-03
1.554679016103163074e-03
1.552271100870577765e-03
1.549866915061050374e-03
1.547466452898382805e-03
1.545069708615322713e-03
1.542676676453550062e-03
1.540287350663663898e-03
1.537901725505168033e-03
1.535519795246456307e-03
1.533141554164801088e-03
1.530766996546337232e-03
1.528396116686049936e-03
1.526028908887759996e-03
1.523665367464111225e-03
1.521305486736554847e-03
1.518949261035338434e-03
1.516596684699490077e-03
1.514247752076806897e-03
1.511902457523838774e-03
1.509560795405877082e-03
1.507222760096940152e-03
1.504888345979760048e-03
1.502557547445768473e-03
1.500230358895084408e-03
1.497906774736499800e-03
1.495586789387466772e-03
1.493270397274083306e-03
1.490957592831080236e-03
1.488648370501808021e-03
1.486342724738223299e-03
1.484040650000876312e-03
1.481742140758896377e-03
1.479447191489978875e-03
1.477155796680372675e-03
1.474867950824866256e-03
1.472583648426774913e-03
1.470302883997927313e-03
1.468025652058651837e-03
1.465751947137763998e-03
1.463481763772553432e-03
1.461215096508770243e-03
1.458951939900613066e-03
1.456692288510713466e-03
1.454436136910126172e-03
1.452183479678313032e-03
1.449934311403132392e-03
1.447688626680824131e-03
1.445446420115998384e-03
1.443207686321620799e-03
1.440972419919001480e-03
1.438740615537780669e-03
1.436512267815916177e-03
1.434287371399671452e-03
1.432065920943601054e-03
1.429847911110538944e-03
1.427633336571585256e-03
1.425422192006094374e-03
1.423214472101659968e-03
1.421010171554105235e-03
1.418809285067467504e-03
1.416611807353986528e-03
1.414417733134092558e-03
1.412227057136392679e-03
1.410039774097658020e-03
1.407855878762812258e-03
1.405675365884917526e-03
1.403498230225162704e-03
1.401324466552850622e-03
1.399154069645385705e-03
1.396987034288260958e-03
1.394823355275045824e-03
1.392663027407373827e-03
1.390506045494929559e-03
1.388352404355436536e-03
1.386202098814644842e-03
1.384055123706318113e-03
1.381911473872221184e-03
1.379771144162109456e-03
1.377634129433713940e-03
1.375500424552730631e-03
1.373370024392806844e-03
1.371242923835530808e-03
1.369119117770417789e-03
1.366998601094897726e-03
1.364881368714304394e-03
1.362767415541861525e-03
1.360656736498671747e-03
1.358549326513704006e-03
1.356445180523781647e-03
1.354344293473568961e-03
1.352246660315561001e-03
1.350152276010070347e-03
1.348061135525214106e-03
1.345973233836904575e-03
1.343888565928833857e-03
1.341807126792464964e-03
1.339728911427015990e-03
1.337653914839452736e-03
1.335582132044473101e-03
1.333513558064496236e-03
1.331448187929650841e-03
1.329386016677763446e-03
1.327327039354345845e-03
1.325271251012582726e-03
1.323218646713321270e-03
1.321169221525058356e-03
1.319122970523929281e-03
1.317079888793694972e-03
1.315039971425730056e-03
1.313003213519013321e-03
1.310969610180113187e-03
1.308939156523177298e-03
1.306911847669921028e-03
1.304887678749615341e-03
1.302866644899073776e-03
1.300848741262644213e-03
1.298833962992192821e-03
1.296822305247096255e-03
1.294813763194228211e-03
1.292808332007947284e-03
1.290806006870086559e-03
1.288806782969941682e-03
1.286810655504258940e-03
1.284817619677224194e-03
1.282827670700450963e-03
1.280840803792969137e-03
1.278857014181214360e-03
1.276876297099013933e-03
1.274898647787578356e-03
1.272924061495487886e-03
1.270952533478682776e-03
1.268984059000450269e-03
1.267018633331413752e-03
1.265056251749522567e-03
1.263096909540038131e-03
1.261140601995526132e-03
1.259187324415840916e-03
1.257237072108118546e-03
1.255289840386761844e-03
1.253345624573432146e-03
1.251404419997035646e-03
1.249466221993713634e-03
1.247531025906831008e-03
1.245598827086964993e-03
1.243669620891893219e-03
1.241743402686584395e-03
1.239820167843184865e-03
1.237899911741009501e-03
1.235982629766529993e-03
1.234068317313362492e-03
1.232156969782257630e-03
1.230248582581091417e-03
1.228343151124849843e-03
1.226440670835621293e-03
1.224541137142584613e-03
1.222644545481998274e-03
1.220750891297188011e-03
1.218860170038537933e-03
1.216972377163478593e-03
1.215087508136475933e-03
1.213205558429020876e-03
1.211326523519617830e-03
1.209450398893774717e-03
1.207577180043990610e-03
1.205706862469747061e-03
1.203839441677495526e-03
1.201974913180647170e-03
1.200113272499561809e-03
1.198254515161537720e-03
1.196398636700800799e-03
1.194545632658493284e-03
1.192695498582663129e-03
1.190848230028254467e-03
1.189003822557095028e-03
1.187162271737886819e-03
1.185323573146195497e-03
1.183487722364438659e-03
1.181654714981876519e-03
1.179824546594600634e-03
1.177997212805522841e-03
1.176172709224365936e-03
1.174351031467652396e-03
1.172532175158693107e-03
1.170716135927579336e-03
1.168902909411169075e-03
1.167092491253078363e-03
1.165284877103670231e-03
1.163480062620045590e-03
1.161678043466030444e-03
1.159878815312166992e-03
1.158082373835704311e-03
1.156288714720584690e-03
1.154497833657436258e-03
1.152709726343561928e-03
1.150924388482927468e-03
1.149141815786153481e-03
1.147362003970503691e-03
1.145584948759875406e-03
1.143810645884788023e-03
1.142039091082374140e-03
1.140270280096368277e-03
1.138504208677097989e-03
1.136740872581472588e-03
1.134980267572971869e-03
1.133222389421639168e-03
1.131467233904067705e-03
1.129714796803393210e-03
1.127965073909281994e-03
1.126218061017920762e-03
1.124473753932008152e-03
1.122732148460743465e-03
1.120993240419816466e-03
1.119257025631397633e-03
1.117523499924128610e-03
1.115792659133111372e-03
1.114064499099898459e-03
1.112339015672483659e-03
1.110616204705290730e-03
1.108896062059164288e-03
1.107178583601360709e-03
1.105463765205535543e-03
1.103751602751737015e-03
1.102042092126393445e-03
1.100335229222304360e-03
1.098631009938630734e-03
1.096929430180885231e-03
1.095230485860921796e-03
1.093534172896926332e-03
1.091840487213406726e-03
1.090149424741183089e-03
1.088460981417377349e-03
1.086775153185405443e-03
1.085091935994964962e-03
1.083411325802026903e-03
1.081733318568826570e-03
1.080057910263852077e-03
1.078385096861835457e-03
1.076714874343744641e-03
1.075047238696770447e-03
1.073382185914320509e-03
1.071719711996006481e-03
1.070059812947636883e-03
1.068402484781205610e-03
1.066747723514884557e-03
1.065095525173011476e-03
1.063445885786082389e-03
1.061798801390741176e-03
1.060154268029770254e-03
1.058512281752081252e-03
1.056872838612704386e-03
1.055235934672781300e-03
1.053601565999553579e-03
1.051969728666353205e-03
1.050340418752595184e-03
1.048713632343765620e-03
1.047089365531414778e-03
1.045467614413145155e-03
1.043848375092603460e-03
1.042231643679472370e-03
1.040617416289458825e-03
1.039005689044285785e-03
1.037396458071683557e-03
1.035789719505379606e-03
1.034185469485089442e-03
1.032583704156507954e-03
1.030984419671298778e-03
1.029387612187086928e-03
1.027793277867447303e-03
1.026201412881898615e-03
1.024612013405889945e-03
1.023025075620795973e-03
1.021440595713904182e-03
1.019858569878408791e-03
1.018278994313398826e-03
1.016701865223850528e-03
1.015127178820618252e-03
1.013554931320424920e-03
1.011985118945852918e-03
1.010417737925334769e-03
1.008852784493145327e-03
1.007290254889391589e-03
1.005730145360004017e-03
1.004172452156726347e-03
1.002617171537109955e-03
1.001064299764500192e-03
9.995138331080313972e-04
9.979657678426156250e-04
9.964201002489341853e-04
9.948768266134300556e-04
9.933359432282968214e-04
9.917974463914704369e-04
9.902613324066222855e-04
9.887275975831474710e-04
9.871962382361574445e-04
9.856672506864706806e-04
9.841406312606042206e-04
9.826163762907649986e-04
9.810944821148400840e-04
9.795749450763886583e-04
9.780577615246335583e-04
9.765429278144514098e-04
9.750304403063647131e-04
9.735202953665327355e-04
9.720124893667432715e-04
9.705070186844031018e-04
9.690038797025300786e-04
9.675030688097438014e-04
9.660045824002573773e-04
9.645084168738690721e-04
9.630145686359522280e-04
9.615230340974483241e-04
9.600338096748578694e-04
9.585468917902308615e-04
9.570622768711591977e-04
9.555799613507677840e-04
9.540999416677061872e-04
9.526222142661393104e-04
9.511467755957399121e-04
9.496736221116797161e-04
9.482027502746198698e-04
9.467341565507043314e-04
9.452678374115493524e-04
9.438037893342371898e-04
9.423420088013052635e-04
9.408824923007397603e-04
9.394252363259657668e-04
9.379702373758400059e-04
9.365174919546414038e-04
9.350669965720630672e-04
9.336187477432043684e-04
9.321727419885617299e-04
9.307289758340207093e-04
9.292874458108481934e-04
9.278481484556829655e-04
9.264110803105278990e-04
9.249762379227419347e-04
9.235436178450316235e-04
9.221132166354423449e-04
9.206850308573506086e-04
9.192590570794559237e-04
9.178352918757720158e-04
9.164137318256188047e-04
9.149943735136140555e-04
9.135772135296656811e-04
9.121622484689631766e-04
9.107494749319690547e-04
9.093388895244115810e-04
9.079304888572759923e-04
9.065242695467964733e-04
9.051202282144480251e-04
9.037183614869381170e-04
9.023186659961994222e-04
9.009211383793804939e-04
8.995257752788389342e-04
8.981325733421323962e-04
8.967415292220104516e-04
8.953526395764081942e-04
8.939659010684352898e-04
8.925813103663712052e-04
8.911988641436546918e-04
8.898185590788769547e-04
8.884403918557735218e-04
8.870643591632163287e-04
8.856904576952052618e-04
8.843186841508611116e-04
8.829490352344168983e-04
8.815815076552098494e-04
8.802160981276744602e-04
8.788528033713332785e-04
8.774916201107902909e-04
8.761325450757224661e-04
8.747755750008714059e-04
8.734207066260364074e-04
8.720679366960662222e-04
8.707172619608509250e-04
8.693686791753147585e-04
8.680221850994081093e-04
8.666777764980990520e-04
8.653354501413666267e-04
8.639952028041923823e-04
8.626570312665528956e-04
8.613209323134119648e-04
8.599869027347130206e-04
8.586549393253711023e-04
8.573250388852652693e-04
8.559971982192312277e-04
8.546714141370530910e-04
8.533476834534567661e-04
8.520260029881007377e-04
8.507063695655695630e-04
8.493887800153658487e-04
8.480732311719029869e-04
8.467597198744971319e-04
8.454482429673597192e-04
8.441387972995899845e-04
8.428313797251673744e-04
8.415259871029437400e-04
8.402226162966362896e-04
8.389212641748197826e-04
8.376219276109186148e-04
8.363246034831998792e-04
8.350292886747657769e-04
8.337359800735461360e-04
8.324446745722901718e-04
8.311553690685605233e-04
8.298680604647241466e-04
8.285827456679463509e-04
8.272994215901822339e-04
8.260180851481697430e-04
8.247387332634227358e-04
8.234613628622221987e-04
8.221859708756107171e-04
8.209125542393833682e-04
8.196411098940817579e-04
8.183716347849854557e-04
8.171041258621053807e-04
8.158385800801766464e-04
8.145749943986505372e-04
8.133133657816878949e-04
8.120536911981515293e-04
8.107959676215986287e-04
8.095401920302739297e-04
8.082863614071025609e-04
8.070344727396821290e-04
8.057845230202764298e-04
8.045365092458070999e-04
8.032904284178473287e-04
8.020462775426142688e-04
8.008040536309622053e-04
7.995637536983744246e-04
7.983253747649572511e-04
7.970889138554320243e-04
7.958543679991282680e-04
7.946217342299767518e-04
7.933910095865020096e-04
7.921621911118152930e-04
7.909352758536074149e-04
7.897102608641422446e-04
7.884871432002487929e-04
7.872659199233145990e-04
7.860465880992785741e-04
7.848291447986238461e-04
7.836135870963710373e-04
7.823999120720708921e-04
7.811881168097973378e-04
7.799781983981409796e-04
7.787701539302009689e-04
7.775639805035790405e-04
7.763596752203724650e-04
7.751572351871666763e-04
7.739566575150283326e-04
7.727579393194987031e-04
7.715610777205862952e-04
7.703660698427604574e-04
7.691729128149441160e-04
7.679816037705071603e-04
7.667921398472591797e-04
7.656045181874426321e-04
7.644187359377263395e-04
7.632347902491985487e-04
7.620526782773594503e-04
7.608723971821155412e-04
7.596939441277716009e-04
7.585173162830244039e-04
7.573425108209562136e-04
7.561695249190273022e-04
7.549983557590699869e-04
7.538290005272809324e-04
7.526614564142148625e-04
7.514957206147784884e-04
7.503317903282223774e-04
7.491696627581355319e-04
7.480093351124373659e-04
7.468508046033722845e-04
7.456940684475024195e-04
7.445391238657006906e-04
7.433859680831442999e-04
7.422345983293088777e-04
7.410850118379600253e-04
7.399372058471483278e-04
7.387911775992023070e-04
7.376469243407211569e-04
7.365044433225688891e-04
7.353637317998673942e-04
7.342247870319897193e-04
7.330876062825537800e-04
7.319521868194156381e-04
7.308185259146629965e-04
7.296866208446081518e-04
7.285564688897827905e-04
7.274280673349298567e-04
7.263014134689979150e-04
7.251765045851343199e-04
7.240533379806794690e-04
7.229319109571588891e-04
7.218122208202778145e-04
7.206942648799145737e-04
7.195780404501141928e-04
7.184635448490811309e-04
7.173507753991739677e-04
7.162397294268983564e-04
7.151304042629008434e-04
7.140227972419619295e-04
7.129169057029905408e-04
7.118127269890166557e-04
7.107102584471857755e-04
7.096094974287520942e-04
7.085104412890722101e-04
7.074130873875986202e-04
7.063174330878737575e-04
7.052234757575237024e-04
7.041312127682511357e-04
7.030406414958297002e-04
7.019517593200973876e-04
7.008645636249504667e-04
6.997790517983370866e-04
6.986952212322508800e-04
6.976130693227247832e-04
6.965325934698249647e-04
6.954537910776444282e-04
6.943766595542963990e-04
6.933011963119091198e-04
6.922273987666184786e-04
6.911552643385621532e-04
6.900847904518741908e-04
6.890159745346775269e-04
6.879488140190787807e-04
6.868833063411617507e-04
6.858194489409815591e-04
6.847572392625576052e-04
6.836966747538683609e-04
6.826377528668451907e-04
6.815804710573653046e-04
6.805248267852470959e-04
6.794708175142423348e-04
6.784184407120319405e-04
6.773676938502182828e-04
6.763185744043196529e-04
6.752710798537648424e-04
6.742252076818864214e-04
6.731809553759142330e-04
6.721383204269709482e-04
6.710973003300641513e-04
6.700578925840813523e-04
6.690200946917845663e-04
6.679839041598025070e-04
6.669493184986266835e-04
6.659163352226034858e-04
6.648849518499295227e-04
6.638551659026456584e-04
6.628269749066301826e-04
6.618003763915931720e-04
6.607753678910712868e-04
6.597519469424210480e-04
6.587301110868130916e-04
6.577098578692263135e-04
6.566911848384421237e-04
6.556740895470384830e-04
6.546585695513836142e-04
6.536446224116307987e-04
6.526322456917120875e-04
6.516214369593327721e-04
6.506121937859648792e-04
6.496045137468420749e-04
6.485983944209537016e-04
6.475938333910383812e-04
6.465908282435790279e-04
6.455893765687965597e-04
6.445894759606439353e-04
6.435911240168010585e-04
6.425943183386682725e-04
6.415990565313609397e-04
6.406053362037040198e-04
6.396131549682253486e-04
6.386225104411510835e-04
6.376334002423993076e-04
6.366458219955741741e-04
6.356597733279604860e-04
6.346752518705182748e-04
6.336922552578762953e-04
6.327107811283273634e-04
6.317308271238217428e-04
6.307523908899619405e-04
6.297754700759972861e-04
6.288000623348175347e-04
6.278261653229483133e-04
6.268537767005442907e-04
6.258828941313841895e-04
6.249135152828655827e-04
6.239456378259981709e-04
6.229792594353993377e-04
6.220143777892877526e-04
6.210509905694784919e-04
6.200890954613764256e-04
6.191286901539722054e-04
6.181697723398348922e-04
6.172123397151080531e-04
6.162563899795029309e-04
6.153019208362942158e-04
6.143489299923129976e-04
6.133974151579425381e-04
6.124473740471125241e-04
6.114988043772925626e-04
6.105517038694881693e-04
6.096060702482346966e-04
6.086619012415910458e-04
6.077191945811356551e-04
6.067779480019598864e-04
6.058381592426632543e-04
6.048998260453477887e-04
6.039629461556123968e-04
6.030275173225480923e-04
6.020935372987313823e-04
6.011610038402203640e-04
6.002299147065481106e-04
5.993002676607182269e-04
5.983720604691984517e-04
5.974452909019164299e-04
5.965199567322534242e-04
5.955960557370392188e-04
5.946735856965471327e-04
5.937525443944884898e-04
5.928329296180071982e-04
5.919147391576742205e-04
5.909979708074826954e-04
5.900826223648427326e-04
5.891686916305752340e-04
5.882561764089078811e-04
5.873450745074688473e-04
5.864353837372821357e-04
5.855271019127616158e-04
5.846202268517064699e-04
5.837147563752962060e-04
5.828106883080842607e-04
5.819080204779935542e-04
5.810067507163113945e-04
5.801068768576840562e-04
5.792083967401110344e-04
5.783113082049410334e-04
5.774156090968657860e-04
5.765212972639152840e-04
5.756283705574523563e-04
5.747368268321681158e-04
5.738466639460757792e-04
5.729578797605064389e-04
5.720704721401037498e-04
5.711844389528181838e-04
5.702997780699029092e-04
5.694164873659077197e-04
5.685345647186744802e-04
5.676540080093321399e-04
5.667748151222907690e-04
5.658969839452378725e-04
5.650205123691319931e-04
5.641453982881983751e-04
5.632716395999240845e-04
5.623992342050517217e-04
5.615281800075759512e-04
5.606584749147375387e-04
5.597901168370187979e-04
5.589231036881379521e-04
5.580574333850445807e-04
5.571931038479147405e-04
5.563301130001457612e-04
5.554684587683509332e-04
5.546081390823551704e-04
5.537491518751894810e-04
5.528914950830863054e-04
5.520351666454748540e-04
5.511801645049749275e-04
5.503264866073938810e-04
5.494741309017196849e-04
5.486230953401175642e-04
5.477733778779242521e-04
5.469249764736434363e-04
5.460778890889404465e-04
5.452321136886379175e-04
5.443876482407103683e-04
5.435444907162797568e-04
5.427026390896102755e-04
5.418620913381033645e-04
5.410228454422936996e-04
5.401848993858435546e-04
5.393482511555374890e-04
5.385128987412790948e-04
5.376788401360847085e-04
5.368460733360791827e-04
5.360145963404912240e-04
5.351844071516481888e-04
5.343555037749714211e-04
5.335278842189712656e-04
5.327015464952434892e-04
5.318764886184623427e-04
5.310527086063779583e-04
5.302302044798097363e-04
5.294089742626429838e-04
5.285890159818239275e-04
5.277703276673539673e-04
5.269529073522862071e-04
5.261367530727199251e-04
5.253218628677963457e-04
5.245082347796935435e-04
5.236958668536218896e-04
5.228847571378196068e-04
5.220749036835474564e-04
5.212663045450846187e-04
5.204589577797241393e-04
5.196528614477675077e-04
5.188480136125207549e-04
5.180444123402894651e-04
5.172420557003738978e-04
5.164409417650648671e-04
5.156410686096387546e-04
5.148424343123531727e-04
5.140450369544420856e-04
5.132488746201108220e-04
5.124539453965327139e-04
5.116602473738431339e-04
5.108677786451358083e-04
5.100765373064577220e-04
5.092865214568046729e-04
5.084977291981170435e-04
5.077101586352749220e-04
5.069238078760933321e-04
5.061386750313178959e-04
5.053547582146210391e-04
5.045720555425958114e-04
5.037905651347529589e-04
5.030102851135158284e-04
5.022312136042152717e-04
5.014533487350859593e-04
5.006766886372616097e-04
4.999012314447707616e-04
4.991269752945313521e-04
4.983539183263471393e-04
4.975820586829032572e-04
4.968113945097612279e-04
4.960419239553549506e-04
4.952736451709856052e-04
4.945065563108184004e-04
4.937406555318768269e-04
4.929759409940390798e-04
4.922124108600332880e-04
4.914500632954329606e-04
4.906888964686533005e-04
4.899289085509458920e-04
4.891700977163947976e-04
4.884124621419125463e-04
4.876560000072342792e-04
4.869007094949153640e-04
4.861465887903256488e-04
4.853936360816455049e-04
4.846418495598617065e-04
4.838912274187625521e-04
4.831417678549340157e-04
4.823934690677553010e-04
4.816463292593942884e-04
4.809003466348034687e-04
4.801555194017153899e-04
4.794118457706387539e-04
4.786693239548536457e-04
4.779279521704075224e-04
4.771877286361108218e-04
4.764486515735327885e-04
4.757107192069971908e-04
4.749739297635778221e-04
4.742382814730944883e-04
4.735037725681087262e-04
4.727704012839194659e-04
4.720381658585588573e-04
4.713070645327880411e-04
4.705770955500927582e-04
4.698482571566796090e-04
4.691205476014710662e-04
4.683939651361020595e-04
4.676685080149152593e-04
4.669441744949569565e-04
4.662209628359731059e-04
4.654988713004050427e-04
4.647778981533851462e-04
4.640580416627327199e-04
4.633393000989501965e-04
4.626216717352182590e-04
4.619051548473925343e-04
4.611897477139987136e-04
4.604754486162290295e-04
4.597622558379375391e-04
4.590501676656366008e-04
4.583391823884923203e-04
4.576292982983203223e-04
4.569205136895823898e-04
4.562128268593813136e-04
4.555062361074578570e-04
4.548007397361860933e-04
4.540963360505690153e-04
4.533930233582352822e-04
4.526907999694346121e-04
4.519896641970337701e-04
4.512896143565126657e-04
4.505906487659601238e-04
4.498927657460700903e-04
4.491959636201373497e-04
4.485002407140535130e-04
4.478055953563032238e-04
4.471120258779599831e-04
4.464195306126822471e-04
4.457281078967089815e-04
4.450377560688564631e-04
4.443484734705135638e-04
4.436602584456380096e-04
4.429731093407526408e-04
4.422870245049410746e-04
4.416020022898440190e-04
4.409180410496550987e-04
4.402351391411168436e-04
4.395532949235172733e-04
4.388725067586852894e-04
4.381927730109869894e-04
4.375140920473220341e-04
4.368364622371192574e-04
4.361598819523329249e-04
4.354843495674389398e-04
4.348098634594308853e-04
4.341364220078160674e-04
4.334640235946113948e-04
4.327926666043400723e-04
4.321223494240273178e-04
4.314530704431962971e-04
4.307848280538649250e-04
4.301176206505413118e-04
4.294514466302202398e-04
4.287863043923790976e-04
4.281221923389745185e-04
4.274591088744380445e-04
4.267970524056723851e-04
4.261360213420478942e-04
4.254760140953982870e-04
4.248170290800170083e-04
4.241590647126538172e-04
4.235021194125102874e-04
4.228461916012367177e-04
4.221912797029274693e-04
4.215373821441183101e-04
4.208844973537815355e-04
4.202326237633228242e-04
4.195817598065774978e-04
4.189319039198063466e-04
4.182830545416922141e-04
4.176352101133360946e-04
4.169883690782535002e-04
4.163425298823706126e-04
4.156976909740205421e-04
4.150538508039398585e-04
4.144110078252643083e-04
4.137691604935257793e-04
4.131283072666480172e-04
4.124884466049433740e-04
4.118495769711087414e-04
4.112116968302220277e-04
4.105748046497386880e-04
4.099388988994874419e-04
4.093039780516671291e-04
4.086700405808430230e-04
4.080370849639427654e-04
4.074051096802531677e-04
4.067741132114161451e-04
4.061440940414255186e-04
4.055150506566229489e-04
4.048869815456945212e-04
4.042598851996670050e-04
4.036337601119044925e-04
4.030086047781044961e-04
4.023844176962941533e-04
4.017611973668273537e-04
4.011389422923802937e-04
4.005176509779484408e-04
3.998973219308426847e-04
3.992779536606858135e-04
3.986595446794089902e-04
3.980420935012479581e-04
3.974255986427399504e-04
3.968100586227195706e-04
3.961954719623154856e-04
3.955818371849469561e-04
3.949691528163202050e-04
3.943574173844247846e-04
3.937466294195302702e-04
3.931367874541823572e-04
3.925278900231998248e-04
3.919199356636703080e-04
3.913129229149479122e-04
3.907068503186483886e-04
3.901017164186465860e-04
3.894975197610724940e-04
3.888942588943079901e-04
3.882919323689832075e-04
3.876905387379730116e-04
3.870900765563936390e-04
3.864905443815993364e-04
3.858919407731785118e-04
3.852942642929506442e-04
3.846975135049627063e-04
3.841016869754856943e-04
3.835067832730110508e-04
3.829128009682475201e-04
3.823197386341175164e-04
3.817275948457538710e-04
3.811363681804958749e-04
3.805460572178866771e-04
3.799566605396693269e-04
3.793681767297833588e-04
3.787806043743617026e-04
3.781939420617272136e-04
3.776081883823888242e-04
3.770233419290386161e-04
3.764394012965486765e-04
3.758563650819669779e-04
3.752742318845146132e-04
3.746930003055821100e-04
3.741126689487261773e-04
3.735332364196666160e-04
3.729547013262824698e-04
3.723770622786089354e-04
3.718003178888341096e-04
3.712244667712954658e-04
3.706495075424766556e-04
3.700754388210043106e-04
3.695022592276442472e-04
3.689299673852985940e-04
3.683585619190024303e-04
3.677880414559203713e-04
3.672184046253433153e-04
3.666496500586850283e-04
3.660817763894792169e-04
3.655147822533756793e-04
3.649486662881374862e-04
3.643834271336376203e-04
3.638190634318556145e-04
3.632555738268743542e-04
3.626929569648766616e-04
3.621312114941424229e-04
3.615703360650448475e-04
3.610103293300475410e-04
3.604511899437013063e-04
3.598929165626407289e-04
3.593355078455809240e-04
3.587789624533146093e-04
3.582232790487085267e-04
3.576684562967005158e-04
3.571144928642960435e-04
3.565613874205652775e-04
3.560091386366396704e-04
3.554577451857089242e-04
3.549072057430176837e-04
3.543575189858623920e-04
3.538086835935880920e-04
3.532606982475853911e-04
3.527135616312869915e-04
3.521672724301649795e-04
3.516218293317271396e-04
3.510772310255142977e-04
3.505334762030967439e-04
3.499905635580714673e-04
3.494484917860587949e-04
3.489072595846991393e-04
3.483668656536501257e-04
3.478273086945835556e-04
3.472885874111818292e-04
3.467507005091352893e-04
3.462136466961388058e-04
3.456774246818890110e-04
3.451420331780806678e-04
3.446074708984040672e-04
3.440737365585417218e-04
3.435408288761653841e-04
3.430087465709328481e-04
3.424774883644848594e-04
3.419470529804422964e-04
3.414174391444028088e-04
3.408886455839377824e-04
3.403606710285894113e-04
3.398335142098676625e-04
3.393071738612471857e-04
3.387816487181640607e-04
3.382569375180131412e-04
3.377330390001447480e-04
3.372099519058617957e-04
3.366876749784166486e-04
3.361662069630079225e-04
3.356455466067780448e-04
3.351256926588097856e-04
3.346066438701231671e-04
3.340883989936729707e-04
3.335709567843450499e-04
3.330543159989541083e-04
3.325384753962400673e-04
3.320234337368652470e-04
3.315091897834118728e-04
3.309957423003782265e-04
3.304830900541765319e-04
3.299712318131294854e-04
3.294601663474673830e-04
3.289498924293252470e-04
3.284404088327397362e-04
3.279317143336464894e-04
3.274238077098769271e-04
3.269166877411552700e-04
3.264103532090959370e-04
3.259048028972001839e-04
3.254000355908536098e-04
3.248960500773227962e-04
3.243928451457529761e-04
3.238904195871644015e-04
3.233887721944499584e-04
3.228879017623721855e-04
3.223878070875602921e-04
3.218884869685072854e-04
3.213899402055670428e-04
3.208921656009515477e-04
3.203951619587277989e-04
3.198989280848151548e-04
3.194034627869825685e-04
3.189087648748453350e-04
3.184148331598623269e-04
3.179216664553335546e-04
3.174292635763968054e-04
3.169376233400250957e-04
3.164467445650237434e-04
3.159566260720274408e-04
3.154672666834974900e-04
3.149786652237190920e-04
3.144908205187983111e-04
3.140037313966595814e-04
3.135173966870423456e-04
3.130318152214987782e-04
3.125469858333906957e-04
3.120629073578868456e-04
3.115795786319600340e-04
3.110969984943845229e-04
3.106151657857329404e-04
3.101340793483737331e-04
3.096537380264683466e-04
3.091741406659682988e-04
3.086952861146126858e-04
3.082171732219251463e-04
3.077398008392110969e-04
3.072631678195551839e-04
3.067872730178184651e-04
3.063121152906355901e-04
3.058376934964119817e-04
3.053640064953212340e-04
3.048910531493023474e-04
3.044188323220569639e-04
3.039473428790467110e-04
3.034765836874901658e-04
3.030065536163607407e-04
3.025372515363832144e-04
3.020686763200317797e-04
3.016008268415267370e-04
3.011337019768320009e-04
3.006673006036526060e-04
3.002016216014315631e-04
2.997366638513475822e-04
2.992724262363121454e-04
2.988089076409670671e-04
2.983461069516814583e-04
2.978840230565493958e-04
2.974226548453869404e-04
2.969620012097296436e-04
2.965020610428299990e-04
2.960428332396545701e-04
2.955843166968814958e-04
2.951265103128974552e-04
2.946694129877957700e-04
2.942130236233729892e-04
2.937573411231267752e-04
2.933023643922528676e-04
2.928480923376430237e-04
2.923945238678814945e-04
2.919416578932433441e-04
2.914894933256913603e-04
2.910380290788733976e-04
2.905872640681199381e-04
2.901371972104413270e-04
2.896878274245255494e-04
2.892391536307348699e-04
2.887911747511041514e-04
2.883438897093376575e-04
2.878972974308066125e-04
2.874513968425465994e-04
2.870061868732552289e-04
2.865616664532891580e-04
2.861178345146618129e-04
2.856746899910407329e-04
2.852322318177450767e-04
2.847904589317428034e-04
2.843493702716485584e-04
2.839089647777207461e-04
2.834692413918591986e-04
2.830301990576023570e-04
2.825918367201252115e-04
2.821541533262362112e-04
2.817171478243752584e-04
2.812808191646107812e-04
2.808451662986373486e-04
2.804101881797731221e-04
2.799758837629576333e-04
2.795422520047487485e-04
2.791092918633206080e-04
2.786770022984608078e-04
2.782453822715681767e-04
2.778144307456500116e-04
2.773841466853198550e-04
2.769545290567948926e-04
2.765255768278933519e-04
2.760972889680320618e-04
2.756696644482242308e-04
2.752427022410765733e-04
2.748164013207872501e-04
2.743907606631431034e-04
2.739657792455172714e-04
2.735414560468667493e-04
2.731177900477299494e-04
2.726947802302243703e-04
2.722724255780438864e-04
2.718507250764565252e-04
2.714296777123018653e-04
2.710092824739887053e-04
2.705895383514926242e-04
2.701704443363537591e-04
2.697519994216737152e-04
2.693342026021139390e-04
2.689170528738929001e-04
2.685005492347838137e-04
2.680846906841119308e-04
2.676694762227525858e-04
2.672549048531284326e-04
2.668409755792073299e-04
2.664276874064996849e-04
2.660150393420562852e-04
2.656030303944658050e-04
2.651916595738522029e-04
2.647809258918729872e-04
2.643708283617161804e-04
2.639613659980982047e-04
2.635525378172613883e-04
2.631443428369721225e-04
2.627367800765176092e-04
2.623298485567042882e-04
2.619235472998552357e-04
2.615178753298076707e-04
2.611128316719106232e-04
2.607084153530227124e-04
2.603046254015099780e-04
2.599014608472431155e-04
2.594989207215954159e-04
2.590970040574405980e-04
2.586957098891499887e-04
2.582950372525907347e-04
2.578949851851229831e-04
2.574955527255980928e-04
2.570967389143560323e-04
2.566985427932229943e-04
2.563009634055092275e-04
2.559039997960068681e-04
2.555076510109872837e-04
2.551119160981991213e-04
2.547167941068659226e-04
2.543222840876836841e-04
2.539283850928187431e-04
2.535350961759056092e-04
2.531424163920442541e-04
2.527503447977983765e-04
2.523588804511928000e-04
2.519680224117113593e-04
2.515777697402944062e-04
2.511881214993368582e-04
2.507990767526858673e-04
2.504106345656383265e-04
2.500227940049390266e-04
2.496355541387781083e-04
2.492489140367888396e-04
2.488628727700455015e-04
2.484774294110612199e-04
2.480925830337855258e-04
2.477083327136021329e-04
2.473246775273270945e-04
2.469416165532061468e-04
2.465591488709125410e-04
2.461772735615451999e-04
2.457959897076261160e-04
2.454152963930981827e-04
2.450351927033232432e-04
2.446556777250797590e-04
2.442767505465605880e-04
2.438984102573707880e-04
2.435206559485253409e-04
2.431434867124473358e-04
2.427669016429653403e-04
2.423908998353114489e-04
2.420154803861191415e-04
2.416406423934209255e-04
2.412663849566464925e-04
2.408927071766201432e-04
2.405196081555589175e-04
2.401470869970704258e-04
2.397751428061505724e-04
2.394037746891814139e-04
2.390329817539291538e-04
2.386627631095417567e-04
2.382931178665471602e-04
2.379240451368507805e-04
2.375555440337335611e-04
2.371876136718498586e-04
2.368202531672252201e-04
2.364534616372542962e-04
2.360872382006987808e-04
2.357215819776851886e-04
2.353564920897028765e-04
2.349919676596018208e-04
2.346280078115905033e-04
2.342646116712339052e-04
2.339017783654512577e-04
2.335395070225141983e-04
2.331777967720443864e-04
2.328166467450115240e-04
2.324560560737313499e-04
2.320960238918634989e-04
2.317365493344093329e-04
2.313776315377099897e-04
2.310192696394442954e-04
2.306614627786265697e-04
2.303042100956047007e-04
2.299475107320580038e-04
2.295913638309951890e-04
2.292357685367523009e-04
2.288807239949905230e-04
2.285262293526944973e-04
2.281722837581698306e-04
2.278188863610412784e-04
2.274660363122507666e-04
2.271137327640551683e-04
2.267619748700244070e-04
2.264107617850393689e-04
2.260600926652897894e-04
2.257099666682724367e-04
2.253603829527889432e-04
2.250113406789437187e-04
2.246628390081421075e-04
2.243148771030881920e-04
2.239674541277830049e-04
2.236205692475222787e-04
2.232742216288946297e-04
2.229284104397793629e-04
2.225831348493447100e-04
2.222383940280456337e-04
2.218941871476219846e-04
2.215505133810963603e-04
2.212073719027722346e-04
2.208647618882318979e-04
2.205226825143346138e-04
2.201811329592143695e-04
2.198401124022782225e-04
2.194996200242041321e-04
2.191596550069390618e-04
2.188202165336969199e-04
2.184813037889567428e-04
2.181429159584606355e-04
2.178050522292118197e-04
2.174677117894727369e-04
2.171308938287630421e-04
2.167945975378576795e-04
2.164588221087849313e-04
2.161235667348244385e-04
2.157888306105054394e-04
2.154546129316045741e-04
2.151209128951440952e-04
2.147877296993899710e-04
2.144550625438499064e-04
2.141229106292713374e-04
2.137912731576397231e-04
2.134601493321763778e-04
2.131295383573368445e-04
2.127994394388086177e-04
2.124698517835095447e-04
2.121407745995858741e-04
2.118122070964101138e-04
2.114841484845795139e-04
2.111565979759138438e-04
2.108295547834536301e-04
2.105030181214583409e-04
2.101769872054042444e-04
2.098514612519828640e-04
2.095264394790988640e-04
2.092019211058682062e-04
2.088779053526163346e-04
2.085543914408761958e-04
2.082313785933865864e-04
2.079088660340900111e-04
2.075868529881309485e-04
2.072653386818541158e-04
2.069443223428023282e-04
2.066238031997148447e-04
2.063037804825254714e-04
2.059842534223608264e-04
2.056652212515381716e-04
2.053466832035638677e-04
2.050286385131315037e-04
2.047110864161198372e-04
2.043940261495911950e-04
2.040774569517895762e-04
2.037613780621387268e-04
2.034457887212405146e-04
2.031306881708728411e-04
2.028160756539880427e-04
2.025019504147109123e-04
2.021883116983369912e-04
2.018751587513308075e-04
2.015624908213238433e-04
2.012503071571128811e-04
2.009386070086582963e-04
2.006273896270819972e-04
2.003166542646659071e-04
2.000064001748498772e-04
1.996966266122301959e-04
1.993873328325574746e-04
1.990785180927352109e-04
1.987701816508177289e-04
1.984623227660084986e-04
1.981549406986582928e-04
1.978480347102636147e-04
1.975416040634646656e-04
1.972356480220437721e-04
1.969301658509233540e-04
1.966251568161644600e-04
1.963206201849648704e-04
1.960165552256573629e-04
1.957129612077078960e-04
1.954098374017139016e-04
1.951071830794024690e-04
1.948049975136287456e-04
1.945032799783740667e-04
1.942020297487441667e-04
1.939012461009676609e-04
1.936009283123939315e-04
1.933010756614918539e-04
1.930016874278476548e-04
1.927027628921634491e-04
1.924043013362553424e-04
1.921063020430518044e-04
1.918087642965919345e-04
1.915116873820237270e-04
1.912150705856023093e-04
1.909189131946883425e-04
1.906232144977461243e-04
1.903279737843421252e-04
1.900331903451430641e-04
1.897388634719142820e-04
1.894449924575180883e-04
1.891515765959120537e-04
1.888586151821471939e-04
1.885661075123663702e-04
1.882740528838026364e-04
1.879824505947775041e-04
1.876912999446992347e-04
1.874006002340611592e-04
1.871103507644400520e-04
1.868205508384944229e-04
1.865311997599628370e-04
1.862422968336621795e-04
1.859538413654861385e-04
1.856658326624033880e-04
1.853782700324560441e-04
1.850911527847578207e-04
1.848044802294925937e-04
1.845182516779126389e-04
1.842324664423368702e-04
1.839471238361494300e-04
1.836622231737978464e-04
1.833777637707913796e-04
1.830937449436995850e-04
1.828101660101503893e-04
1.825270262888286808e-04
1.822443250994745475e-04
1.819620617628816238e-04
1.816802356008955996e-04
1.813988459364124857e-04
1.811178920933769604e-04
1.808373733967808244e-04
1.805572891726613203e-04
1.802776387480995335e-04
1.799984214512188201e-04
1.797196366111830992e-04
1.794412835581953079e-04
1.791633616234958293e-04
1.788858701393607577e-04
1.786088084391004350e-04
1.783321758570576888e-04
1.780559717286064230e-04
1.777801953901499100e-04
1.775048461791192190e-04
1.772299234339715893e-04
1.769554264941888583e-04
1.766813547002758626e-04
1.764077073937590009e-04
1.761344839171843913e-04
1.758616836141165430e-04
1.755893058291365673e-04
1.753173499078407413e-04
1.750458151968388811e-04
1.747747010437528245e-04
1.745040067972147770e-04
1.742337318068657944e-04
1.739638754233542920e-04
1.736944369983343093e-04
1.734254158844641827e-04
1.731568114354047018e-04
1.728886230058178624e-04
1.726208499513650512e-04
1.723534916287057441e-04
1.720865473954957445e-04
1.718200166103857470e-04
1.715538986330197922e-04
1.712881928240337487e-04
1.710228985450536329e-04
1.707580151586943348e-04
1.704935420285578292e-04
1.702294785192317932e-04
1.699658239962880345e-04
1.697025778262810001e-04
1.694397393767462043e-04
1.691773080161987114e-04
1.689152831141316983e-04
1.686536640410148558e-04
1.683924501682928436e-04
1.681316408683839890e-04
1.678712355146784983e-04
1.676112334815371013e-04
1.673516341442895334e-04
1.670924368792330722e-04
1.668336410636309650e-04
1.665752460757109928e-04
1.663172512946638974e-04
1.660596561006419457e-04
1.658024598747575467e-04
1.655456619990814629e-04
1.652892618566416990e-04
1.650332588314217669e-04
1.647776523083592222e-04
1.645224416733443362e-04
1.642676263132184151e-04
1.640132056157725263e-04
1.637591789697459262e-04
1.635055457648245422e-04
1.632523053916395907e-04
1.629994572417662213e-04
1.627470007077217286e-04
1.624949351829643859e-04
1.622432600618918736e-04
1.619919747398398426e-04
1.617410786130803961e-04
1.614905710788208974e-04
1.612404515352020451e-04
1.609907193812969790e-04
1.607413740171093552e-04
1.604924148435721808e-04
1.602438412625464587e-04
1.599956526768193444e-04
1.597478484901031161e-04
1.595004281070336565e-04
1.592533909331687457e-04
1.590067363749870578e-04
1.587604638398863992e-04
1.585145727361824894e-04
1.582690624731073880e-04
1.580239324608081943e-04
1.577791821103455836e-04
1.575348108336923432e-04
1.572908180437320445e-04
1.570472031542576605e-04
1.568039655799699397e-04
1.565611047364762133e-04
1.563186200402890671e-04
1.560765109088245526e-04
1.558347767604012382e-04
1.555934170142385831e-04
1.553524310904554192e-04
1.551118184100689485e-04
1.548715783949928995e-04
1.546317104680364977e-04
1.543922140529028662e-04
1.541530885741876702e-04
1.539143334573778708e-04
1.536759481288501521e-04
1.534379320158696749e-04
1.532002845465886944e-04
1.529630051500450690e-04
1.527260932561610410e-04
1.524895482957418268e-04
1.522533697004741263e-04
1.520175569029249304e-04
1.517821093365401112e-04
1.515470264356428773e-04
1.513123076354327165e-04
1.510779523719838510e-04
1.508439600822438821e-04
1.506103302040325161e-04
1.503770621760401550e-04
1.501441554378265956e-04
1.499116094298196466e-04
1.496794235933137469e-04
1.494475973704686913e-04
1.492161302043083023e-04
1.489850215387190750e-04
1.487542708184487407e-04
1.485238774891050738e-04
1.482938409971544828e-04
1.480641607899206818e-04
1.478348363155833898e-04
1.476058670231770293e-04
1.473772523625893442e-04
1.471489917845600988e-04
1.469210847406797222e-04
1.466935306833881702e-04
1.464663290659732719e-04
1.462394793425697537e-04
1.460129809681577759e-04
1.457868333985615499e-04
1.455610360904482274e-04
1.453355885013264096e-04
1.451104900895449539e-04
1.448857403142915653e-04
1.446613386355917387e-04
1.444372845143070789e-04
1.442135774121343513e-04
1.439902167916040459e-04
1.437672021160790216e-04
1.435445328497533953e-04
1.433222084576510509e-04
1.431002284056245280e-04
1.428785921603536123e-04
1.426572991893441434e-04
1.424363489609266863e-04
1.422157409442552031e-04
1.419954746093059965e-04
1.417755494268760558e-04
1.415559648685822171e-04
1.413367204068595906e-04
1.411178155149604230e-04
1.408992496669527416e-04
1.406810223377191890e-04
1.404631330029557220e-04
1.402455811391703109e-04
1.400283662236817463e-04
1.398114877346183927e-04
1.395949451509168060e-04
1.393787379523207034e-04
1.391628656193794186e-04
1.389473276334469802e-04
1.387321234766806480e-04
1.385172526320396932e-04
1.383027145832842056e-04
1.380885088149738746e-04
1.378746348124666602e-04
1.376610920619176007e-04
1.374478800502777016e-04
1.372349982652924176e-04
1.370224461955007306e-04
1.368102233302336869e-04
1.365983291596133934e-04
1.363867631745515003e-04
1.361755248667482522e-04
1.359646137286911602e-04
1.357540292536537274e-04
1.355437709356942840e-04
1.353338382696548216e-04
1.351242307511597190e-04
1.349149478766144684e-04
1.347059891432046729e-04
1.344973540488945550e-04
1.342890420924260358e-04
1.340810527733172434e-04
1.338733855918616464e-04
1.336660400491264812e-04
1.334590156469519118e-04
1.332523118879495123e-04
1.330459282755013179e-04
1.328398643137585508e-04
1.326341195076402655e-04
1.324286933628324267e-04
1.322235853857866086e-04
1.320187950837188021e-04
1.318143219646081678e-04
1.316101655371959523e-04
1.314063253109842681e-04
1.312028007962349552e-04
1.309995915039682802e-04
1.307966969459619603e-04
1.305941166347498355e-04
1.303918500836207027e-04
1.301898968066172589e-04
1.299882563185347729e-04
1.297869281349200825e-04
1.295859117720703202e-04
1.293852067470318027e-04
1.291848125775988375e-04
1.289847287823126117e-04
1.287849548804599457e-04
1.285854903920722627e-04
1.283863348379243418e-04
1.281874877395331803e-04
1.279889486191568542e-04
1.277907169997934622e-04
1.275927924051797424e-04
1.273951743597902058e-04
1.271978623888358345e-04
1.270008560182629166e-04
1.268041547747520163e-04
1.266077581857167538e-04
1.264116657793027754e-04
1.262158770843864258e-04
1.260203916305738529e-04
1.258252089481996534e-04
1.256303285683259231e-04
1.254357500227410111e-04
1.252414728439584619e-04
1.250474965652159046e-04
1.248538207204738602e-04
1.246604448444146569e-04
1.244673684724412926e-04
1.242745911406764039e-04
1.240821123859610743e-04
1.238899317458536683e-04
1.236980487586288827e-04
1.235064629632765269e-04
1.233151738995003305e-04
1.231241811077170756e-04
1.229334841290552688e-04
1.227430825053541115e-04
1.225529757791625235e-04
1.223631634937378154e-04
1.221736451930447397e-04
1.219844204217544607e-04
1.217954887252431859e-04
1.216068496495913934e-04
1.214185027415825581e-04
1.212304475487020809e-04
1.210426836191362722e-04
1.208552105017711729e-04
1.206680277461915518e-04
1.204811349026797801e-04
1.202945315222147616e-04
1.201082171564708069e-04
1.199221913578166855e-04
1.197364536793144057e-04
1.195510036747182117e-04
1.193658408984735268e-04
1.191809649057158415e-04
1.189963752522696301e-04
1.188120714946473743e-04
1.186280531900483842e-04
1.184443198963578092e-04
1.182608711721455538e-04
1.180777065766652203e-04
1.178948256698530381e-04
1.177122280123268070e-04
1.175299131653848939e-04
1.173478806910050945e-04
1.171661301518436171e-04
1.169846611112340657e-04
1.168034731331863563e-04
1.166225657823856187e-04
1.164419386241912754e-04
1.162615912246359298e-04
1.160815231504242688e-04
1.159017339689321003e-04
1.157222232482053100e-04
1.155429905569587768e-04
1.153640354645753567e-04
1.151853575411048797e-04
1.150069563572630522e-04
1.148288314844305081e-04
1.146509824946517249e-04
1.144734089606339663e-04
1.142961104557463473e-04
1.141190865540186956e-04
1.139423368301406710e-04
1.137658608594605859e-04
1.135896582179844977e-04
1.134137284823751377e-04
1.132380712299509357e-04
1.130626860386849494e-04
1.128875724872039016e-04
1.127127301547871510e-04
1.125381586213656209e-04
1.123638574675209185e-04
1.121898262744841967e-04
1.120160646241352595e-04
1.118425720990014503e-04
1.116693482822567174e-04
1.114963927577206245e-04
1.113237051098573066e-04
1.111512849237744545e-04
1.109791317852224060e-04
1.108072452805930756e-04
1.106356249969189651e-04
1.104642705218722150e-04
1.102931814437635471e-04
1.101223573515413569e-04
1.099517978347906835e-04
1.097815024837321793e-04
1.096114708892212023e-04
1.094417026427468132e-04
1.092721973364307587e-04
1.091029545630265097e-04
1.089339739159183256e-04
1.087652549891201978e-04
1.085967973772749548e-04
1.084286006756532053e-04
1.082606644801524574e-04
1.080929883872960476e-04
1.079255719942322738e-04
1.077584148987333513e-04
1.075915166991944647e-04
1.074248769946328596e-04
1.072584953846867582e-04
1.070923714696145465e-04
1.069265048502936899e-04
1.067608951282198387e-04
1.065955419055058254e-04
1.064304447848807972e-04
1.062656033696891453e-04
1.061010172638896242e-04
1.059366860720543756e-04
1.057726093993680206e-04
1.056087868516266434e-04
1.054452180352369100e-04
1.052819025572150386e-04
1.051188400251859860e-04
1.049560300473823367e-04
1.047934722326435440e-04
1.046311661904148046e-04
1.044691115307463003e-04
1.043073078642920998e-04
1.041457548023247550e-04
1.039844519566973538e-04
1.038233989398616264e-04
1.036625953648775402e-04
1.035020408454049386e-04
1.033417349957020898e-04
1.031816774306247526e-04
1.030218677656251326e-04
1.028623056167510822e-04
1.027029906006451254e-04
1.025439223345434817e-04
1.023851004362752529e-04
1.022265245242614883e-04
1.020681942175141407e-04
1.019101091356353078e-04
1.017522688988162292e-04
1.015946731278364056e-04
1.014373214440627039e-04
1.012802134694483822e-04
1.011233488265322487e-04
1.009667271384377408e-04
1.008103480288720030e-04
1.006542111221249522e-04
1.004983160430684779e-04
1.003426624171554257e-04
1.001872498704187571e-04
1.000320780294706416e-04
9.987714652150157574e-05
9.972245497427944779e-05
9.956800301614867059e-05
9.941379027602928703e-05
9.925981638341607554e-05
9.910608096837766922e-05
9.895258366155563427e-05
9.879932409416362969e-05
9.864630189798647222e-05
9.849351670537930957e-05
9.834096814926668534e-05
9.818865586314167164e-05
9.803657948106500174e-05
9.788473863766420269e-05
9.773313296813263310e-05
9.758176210822873777e-05
9.743062569427507187e-05
9.727972336315747427e-05
9.712905475232418661e-05
9.697861949978495882e-05
9.682841724411019534e-05
9.667844762443010131e-05
9.652871028043384226e-05
9.637920485236854131e-05
9.622993098103858791e-05
9.608088830780471632e-05
9.593207647458308401e-05
9.578349512384444497e-05
9.563514389861333656e-05
9.548702244246718503e-05
9.533913039953541106e-05
9.519146741449867083e-05
9.504403313258792088e-05
9.489682719958353720e-05
9.474984926181459694e-05
9.460309896615792975e-05
9.445657596003726396e-05
9.431027989142244054e-05
9.416421040882847794e-05
9.401836716131482677e-05
9.387274979848446172e-05
9.372735797048306844e-05
9.358219132799820326e-05
9.343724952225838519e-05
9.329253220503239119e-05
9.314803902862830748e-05
9.300376964589275705e-05
9.285972371020999165e-05
9.271590087550114637e-05
9.257230079622337233e-05
9.242892312736900994e-05
9.228576752446468088e-05
9.214283364357063759e-05
9.200012114127974682e-05
9.185762967471683914e-05
9.171535890153771956e-05
9.157330847992842216e-05
9.143147806860442406e-05
9.128986732680981870e-05
9.114847591431639426e-05
9.100730349142294249e-05
9.086634971895436426e-05
9.072561425826091059e-05
9.058509677121730176e-05
9.044479692022196833e-05
9.030471436819623805e-05
9.016484877858348200e-05
9.002519981534838275e-05
8.988576714297602641e-05
8.974655042647118424e-05
8.960754933135747248e-05
8.946876352367656628e-05
8.933019266998733232e-05
8.919183643736512408e-05
8.905369449340090095e-05
8.891576650620049637e-05
8.877805214438373694e-05
8.864055107708376476e-05
8.850326297394614300e-05
8.836618750512804270e-05
8.822932434129760588e-05
8.809267315363295610e-05
8.795623361382154805e-05
8.782000539405935430e-05
8.768398816704997089e-05
8.754818160600403459e-05
8.741258538463819283e-05
8.727719917717454811e-05
8.714202265833972288e-05
8.700705550336414120e-05
8.687229738798124274e-05
8.673774798842671030e-05
8.660340698143765658e-05
8.646927404425185180e-05
8.633534885460697819e-05
8.620163109073988470e-05
8.606812043138570604e-05
8.593481655577723925e-05
8.580171914364400861e-05
8.566882787521162867e-05
8.553614243120096394e-05
8.540366249282741070e-05
8.527138774180007018e-05
8.513931786032104395e-05
8.500745253108464778e-05
8.487579143727661207e-05
8.474433426257339070e-05
8.461308069114137494e-05
8.448203040763606678e-05
8.435118309720142837e-05
8.422053844546908247e-05
8.409009613855748572e-05
8.395985586307131874e-05
8.382981730610064596e-05
8.369998015522010239e-05
8.357034409848828379e-05
8.344090882444690641e-05
8.331167402212006159e-05
8.318263938101351106e-05
8.305380459111390084e-05
8.292516934288802946e-05
8.279673332728212964e-05
8.266849623572105515e-05
8.254045776010764384e-05
8.241261759282186383e-05
8.228497542672019011e-05
8.215753095513476424e-05
8.203028387187267611e-05
8.190323387121534052e-05
8.177638064791758912e-05
8.164972389720706060e-05
8.152326331478342816e-05
8.139699859681768124e-05
8.127092943995135302e-05
8.114505554129586989e-05
8.101937659843172479e-05
8.089389230940784018e-05
8.076860237274082269e-05
8.064350648741413640e-05
8.051860435287757430e-05
8.039389566904636382e-05
8.026938013630051632e-05
8.014505745548410878e-05
8.002092732790455198e-05
7.989698945533188577e-05
7.977324353999804723e-05
7.964968928459615239e-05
7.952632639227979149e-05
7.940315456666235136e-05
7.928017351181622938e-05
7.915738293227215583e-05
7.903478253301854340e-05
7.891237201950067402e-05
7.879015109762003478e-05
7.866811947373365387e-05
7.854627685465334164e-05
7.842462294764502651e-05
7.830315746042794183e-05
7.818188010117416511e-05
7.806079057850761509e-05
7.793988860150356389e-05
7.781917387968789160e-05
7.769864612303631379e-05
7.757830504197377164e-05
7.745815034737372725e-05
7.733818175055744528e-05
7.721839896329323407e-05
7.709880169779588998e-05
7.697938966672593841e-05
7.686016258318888845e-05
7.674112016073463655e-05
7.662226211335670760e-05
7.650358815549164503e-05
7.638509800201823835e-05
7.626679136825689970e-05
7.614866796996894562e-05
7.603072752335593291e-05
7.591296974505896749e-05
7.579539435215802679e-05
7.567800106217129562e-05
7.556078959305443439e-05
7.544375966319994211e-05
7.532691099143656009e-05
7.521024329702839101e-05
7.509375629967443816e-05
7.497744971950779226e-05
7.486132327709502164e-05
7.474537669343550811e-05
7.462960968996068805e-05
7.451402198853355097e-05
7.439861331144775858e-05
7.428338338142717048e-05
7.416833192162505806e-05
7.405345865562349469e-05
7.393876330743269162e-05
7.382424560149026616e-05
7.370990526266067244e-05
7.359574201623449673e-05
7.348175558792779331e-05
7.336794570388139333e-05
7.325431209066038982e-05
7.314085447525327027e-05
7.302757258507140171e-05
7.291446614794836660e-05
7.280153489213927163e-05
7.268877854632009724e-05
7.257619683958704707e-05
7.246378950145592455e-05
7.235155626186145529e-05
7.223949685115666364e-05
7.212761100011216798e-05
7.201589843991561149e-05
7.190435890217094389e-05
7.179299211889787931e-05
7.168179782253111029e-05
7.157077574591977917e-05
7.145992562232675988e-05
7.134924718542812931e-05
7.123874016931235423e-05
7.112840430847981689e-05
7.101823933784209679e-05
7.090824499272133368e-05
7.079842100884961771e-05
7.068876712236832533e-05
7.057928306982753659e-05
7.046996858818533032e-05
7.036082341480721502e-05
7.025184728746543760e-05
7.014303994433842779e-05
7.003440112401013401e-05
6.992593056546931869e-05
6.981762800810909744e-05
6.970949319172615305e-05
6.960152585652023400e-05
6.949372574309339553e-05
6.938609259244951177e-05
6.927862614599358457e-05
6.917132614553110647e-05
6.906419233326749156e-05
6.895722445180743848e-05
6.885042224415427990e-05
6.874378545370938621e-05
6.863731382427159633e-05
6.853100710003652649e-05
6.842486502559597399e-05
6.831888734593733435e-05
6.821307380644296443e-05
6.810742415288958604e-05
6.800193813144766260e-05
6.789661548868080275e-05
6.779145597154512346e-05
6.768645932738866721e-05
6.758162530395081925e-05
6.747695364936160290e-05
6.737244411214120515e-05
6.726809644119928554e-05
6.716391038583439336e-05
6.705988569573335782e-05
6.695602212097074592e-05
6.685231941200815774e-05
6.674877731969372497e-05
6.664539559526144687e-05
6.654217399033060748e-05
6.643911225690520646e-05
6.633621014737333559e-05
6.623346741450660967e-05
6.613088381145952946e-05
6.602845909176892607e-05
6.592619300935336467e-05
6.582408531851250745e-05
6.572213577392663935e-05
6.562034413065594976e-05
6.551871014413997683e-05
6.541723357019707898e-05
6.531591416502378433e-05
6.521475168519422151e-05
6.511374588765956402e-05
6.501289652974742033e-05
6.491220336916125118e-05
6.481166616397975966e-05
6.471128467265637623e-05
6.461105865401867599e-05
6.451098786726768746e-05
6.441107207197744537e-05
6.431131102809434013e-05
6.421170449593656220e-05
6.411225223619355994e-05
6.401295400992537557e-05
6.391380957856215731e-05
6.381481870390356297e-05
6.371598114811815022e-05
6.361729667374284791e-05
6.351876504368237340e-05
6.342038602120870399e-05
6.332215936996035861e-05
6.322408485394205905e-05
6.312616223752394386e-05
6.302839128544116183e-05
6.293077176279323498e-05
6.283330343504347582e-05
6.273598606801845880e-05
6.263881942790747821e-05
6.254180328126189765e-05
6.244493739499472991e-05
6.234822153637995933e-05
6.225165547305199973e-05
6.215523897300520649e-05
6.205897180459319892e-05
6.196285373652844015e-05
6.186688453788157308e-05
6.177106397808095951e-05
6.167539182691202972e-05
6.157986785451678095e-05
6.148449183139320824e-05
6.138926352839480297e-05
6.129418271672994298e-05
6.119924916796135050e-05
6.110446265400556359e-05
6.100982294713236690e-05
6.091532981996429708e-05
6.082098304547602606e-05
6.072678239699383254e-05
6.063272764819511410e-05
6.053881857310776377e-05
6.044505494610969570e-05
6.035143654192823531e-05
6.025796313563963814e-05
6.016463450266853422e-05
6.007145041878736566e-05
5.997841066011585126e-05
5.988551500312047838e-05
5.979276322461394720e-05
5.970015510175462190e-05
5.960769041204601565e-05
5.951536893333624171e-05
5.942319044381749846e-05
5.933115472202552730e-05
5.923926154683905020e-05
5.914751069747928861e-05
5.905590195350940777e-05
5.896443509483398143e-05
5.887310990169847003e-05
5.878192615468871932e-05
5.869088363473037753e-05
5.859998212308840753e-05
5.850922140136655824e-05
5.841860125150683615e-05
5.832812145578897668e-05
5.823778179682991571e-05
5.814758205758328131e-05
5.805752202133888554e-05
5.796760147172216204e-05
5.787782019269366453e-05
5.778817796854857222e-05
5.769867458391615439e-05
5.760930982375922163e-05
5.752008347337367170e-05
5.743099531838792045e-05
5.734204514476240027e-05
5.725323273878907228e-05
5.716455788709088416e-05
5.707602037662126200e-05
5.698761999466360879e-05
5.689935652883076916e-05
5.681122976706456853e-05
5.672323949763523717e-05
5.663538550914095618e-05
5.654766759050734926e-05
5.646008553098689998e-05
5.637263912015855872e-05
5.628532814792714637e-05
5.619815240452287323e-05
5.611111168050089855e-05
5.602420576674072065e-05
5.593743445444575004e-05
5.585079753514277405e-05
5.576429480068148255e-05
5.567792604323393258e-05
5.559169105529409438e-05
5.550558962967730247e-05
5.541962155951980166e-05
5.533378663827821851e-05
5.524808465972908022e-05
5.516251541796832669e-05
5.507707870741079559e-05
5.499177432278972767e-05
5.490660205915630593e-05
5.482156171187914069e-05
5.473665307664376812e-05
5.465187594945216911e-05
5.456723012662228816e-05
5.448271540478753197e-05
5.439833158089628828e-05
5.431407845221144479e-05
5.422995581630985379e-05
5.414596347108195277e-05
5.406210121473112735e-05
5.397836884577337255e-05
5.389476616303671676e-05
5.381129296566078131e-05
5.372794905309625867e-05
5.364473422510449235e-05
5.356164828175692124e-05
5.347869102343467978e-05
5.339586225082804235e-05
5.331316176493597602e-05
5.323058936706569330e-05
5.314814485883212361e-05
5.306582804215746605e-05
5.298363871927068793e-05
5.290157669270709791e-05
5.281964176530783774e-05
5.273783374021937404e-05
5.265615242089311887e-05
5.257459761108486049e-05
5.249316911485436355e-05
5.241186673656483380e-05
5.233069028088250472e-05
5.224963955277616318e-05
5.216871435751662767e-05
5.208791450067634172e-05
5.200723978812886569e-05
5.192669002604844309e-05
5.184626502090951944e-05
5.176596457948623410e-05
5.168578850885208138e-05
5.160573661637926689e-05
5.152580870973841608e-05
5.144600459689799152e-05
5.136632408612390666e-05
5.128676698597902435e-05
5.120733310532270965e-05
5.112802225331036901e-05
5.104883423939298950e-05
5.096976887331669835e-05
5.089082596512227506e-05
5.081200532514472450e-05
5.073330676401278222e-05
5.065473009264852825e-05
5.057627512226684494e-05
5.049794166437504431e-05
5.041972953077235303e-05
5.034163853354949909e-05
5.026589460844853958e-05
