0.000000000000000000e+00
4.758789324702759069e-05
9.517578649405550664e-05
1.903515729881112030e-04
2.855273594821667368e-04
3.807031459762220266e-04
1.332461010916777310e-03
2.283389331866817699e-03
3.234104690224407809e-03
4.184374244077475498e-03
6.128551415842582034e-03
8.070026198558375580e-03
1.000880087691227022e-02
1.194487841154315277e-02
1.387826014497765478e-02
1.767086640359424171e-02
2.145308701068372390e-02
2.446225298888880448e-02
2.746483565996422904e-02
3.046084533657360260e-02
3.345029233138051977e-02
3.643318695704857169e-02
3.940953952624136336e-02
4.344860193041400614e-02
4.747559602192592126e-02
5.149054636000587049e-02
5.549347805043580717e-02
5.948441619899768468e-02
6.346338591147344943e-02
6.810259331106145730e-02
7.272549904852655678e-02
7.733214478495881172e-02
8.192257155786013267e-02
8.649682009739023680e-02
9.202367334164088253e-02
9.752685552597828433e-02
1.030064397754000272e-01
1.084625006300599104e-01
1.138951116411519443e-01
1.205223460213215025e-01
1.271145924883900213e-01
1.336719868217184914e-01
1.401946651941743949e-01
1.517471690563549636e-01
1.631903572286894644e-01
1.745250085040829513e-01
1.857519051829775725e-01
1.968718330733528199e-01
2.107931657282444970e-01
2.245459878751557559e-01
2.381318643825453274e-01
2.515523818843093395e-01
2.648091306154736757e-01
2.706236070846996244e-01
2.764064645856139091e-01
2.821578415937474049e-01
2.878778748469313364e-01
2.937867176919265466e-01
2.996620267071889998e-01
3.055039539086771283e-01
3.186837778797554921e-01
3.316930663227514731e-01
3.445336083353832679e-01
3.572071898824937808e-01
3.749914022172672334e-01
3.924448496419996602e-01
4.095725929660269382e-01
4.263796628298741065e-01
4.456536532966020592e-01
4.645028620227594218e-01
4.691497099338640675e-01
4.737706194538303661e-01
4.783657117336624354e-01
4.829351076343565419e-01
4.874789261947209407e-01
4.920455960449915400e-01
4.965863807990934520e-01
5.011014031799797541e-01
5.055907855154468944e-01
5.102168176844795733e-01
5.148155735327266669e-01
5.193871878432715361e-01
5.362870563228790965e-01
5.528143300688117545e-01
5.689759221743685424e-01
5.847786824148080154e-01
6.095666251621896237e-01
6.156232840659526806e-01
6.216246659274347053e-01
6.275711918484684348e-01
6.334632909205253348e-01
6.393013889753439427e-01
6.429842418645297375e-01
6.466455538829423144e-01
6.502854311961477896e-01
6.539039795236196717e-01
6.575551072375684925e-01
6.611844793063320624e-01
6.647922048593920552e-01
6.811210882487739315e-01
6.970041649893761182e-01
7.124517200402034067e-01
7.274738225003998249e-01
7.311640309488717238e-01
7.348284177313524346e-01
7.384671340171575782e-01
7.420803301565715993e-01
7.452506022192052493e-01
7.484011850008844835e-01
7.515321809932380415e-01
7.578826259862274650e-01
7.641522411475286658e-01
7.703418856463828401e-01
7.872773330995974650e-01
7.914161706307999422e-01
7.955164885362691063e-01
7.995768113972548941e-01
8.005871083178128789e-01
8.015951037215358621e-01
8.026008036434424397e-01
8.028518701485153342e-01
8.031027907169643321e-01
8.031132862686479745e-01
8.031237815698011318e-01
8.031447714205153243e-01
8.031657601083623810e-01
8.031867478965977192e-01
8.031909453456718140e-01
8.031922850053523355e-01
8.031936246604360896e-01
8.031933082113507094e-01
8.031928724093584382e-01
8.031924366076365063e-01
8.031880786052794097e-01
8.031837206299455856e-01
8.031793626816347009e-01
8.031357846847489990e-01
8.030922093899677261e-01
8.030486367971193529e-01
8.030050669060333490e-01
8.028210543448958125e-01
8.026370899747817811e-01
8.024531737828067834e-01
8.022693057560889018e-01
8.020854858817489941e-01
8.018055273675066541e-01
8.015256805432220411e-01
8.012459453633995476e-01
8.009663217825617743e-01
8.006868097552519714e-01
8.004074092360322634e-01
8.000645893768911776e-01
7.997219373887926031e-01
7.993794531878004594e-01
7.990371366900231864e-01
7.986949878116118562e-01
7.982908123352845386e-01
7.978868707556484585e-01
7.974831629344919515e-01
7.970796887336845105e-01
7.966154407698637918e-01
7.961515020973478629e-01
7.956878725057204838e-01
7.952245517847102985e-01
7.947391028234936927e-01
7.942539929310066249e-01
7.937692218654035514e-01
7.932847893850114573e-01
7.922118567443505732e-01
7.911405849355230835e-01
7.900709713330588135e-01
7.890030133156551440e-01
7.879367082661502542e-01
7.872129009025803370e-01
7.864898551326585663e-01
7.857675701378905586e-01
7.850460451006624485e-01
7.845450449912746427e-01
7.840444112734991089e-01
7.835441436736321208e-01
7.819487050764709624e-01
7.803569899482953875e-01
7.787689894122841183e-01
7.771846946127617395e-01
7.759712339203765907e-01
7.747599470054669091e-01
7.735508298894753221e-01
7.729748412320365247e-01
7.723993449377772880e-01
7.718243405766475052e-01
7.711179697022489954e-01
7.704123411822447753e-01
7.697074542194257685e-01
7.680682047123378320e-01
7.664329653728534364e-01
7.648017261758069951e-01
7.638543127992617476e-01
7.629082486406777441e-01
7.619635317362705162e-01
7.610201601251223025e-01
7.605581840161581564e-01
7.600965305113608350e-01
7.596351993804612013e-01
7.591780207018861137e-01
7.587211586101665350e-01
7.582646128812086106e-01
7.555285873967851895e-01
7.528039227460218141e-01
7.521245260578870440e-01
7.514458356554073459e-01
7.507678507879019802e-01
7.500905707054895677e-01
7.496366203639549530e-01
7.491829866289299034e-01
7.487296692746348015e-01
7.482811369961250847e-01
7.478329144446858034e-01
7.473850014016244492e-01
7.456256120187436665e-01
7.438709976596101781e-01
7.421211450722278169e-01
7.375486686567873651e-01
7.364106379693130533e-01
7.352746352318602074e-01
7.341406567480242007e-01
7.338574779841641194e-01
7.335744254479346083e-01
7.332914990817767098e-01
7.330086988281592220e-01
7.325685902537584226e-01
7.321287871060264685e-01
7.316892891681271438e-01
7.312511382319386577e-01
7.308132906279057872e-01
7.303757461411917173e-01
7.260169255716218961e-01
7.249319282089707883e-01
7.238488072962681041e-01
7.227675595128899566e-01
7.216881815441045234e-01
7.212545291086668309e-01
7.208211784670910394e-01
7.203881294044400807e-01
7.199573087285565665e-01
7.195267865261447682e-01
7.190965625855801902e-01
7.179185769814571128e-01
7.167428273274666362e-01
7.155693092799513266e-01
7.143165542480254260e-01
7.130663421211126396e-01
7.118186676157809423e-01
7.093309103911961122e-01
7.068532405267196062e-01
7.043856161498992519e-01
7.019279955626945844e-01
6.969863522564974101e-01
6.920851432070198594e-01
6.872240295971923096e-01
6.824026754587354526e-01
6.776207476481954650e-01
6.716262349991805047e-01
6.656936503164307961e-01
6.598223378491840929e-01
6.540116488169134268e-01
6.482609413321408498e-01
6.423647810827244342e-01
6.365316402659348949e-01
6.307608277000069652e-01
6.250516598120077205e-01
6.194034605540319482e-01
6.138155613244727915e-01
6.082873010742798625e-01
6.028180257291083644e-01
5.974070884218617428e-01
5.920538495049146865e-01
5.867576763717214927e-01
5.815179433794012143e-01
5.763340317720522243e-01
5.712053296048952289e-01
5.661312316692557189e-01
5.611111394183714296e-01
5.561444608940175893e-01
5.512306106539410777e-01
5.463690097000919454e-01
5.415590854076476335e-01
5.368002714548179011e-01
5.320920077534228021e-01
5.274337403802354940e-01
5.228249215090821078e-01
5.182650093436884653e-01
5.137534680512668706e-01
5.092897676968342058e-01
5.048733841782545584e-01
5.005037991619958326e-01
4.961805000195947946e-01
4.919029797648225566e-01
4.876707369915405099e-01
4.834832758122424856e-01
4.793401057893752482e-01
4.752407415727446516e-01
4.711847038766002194e-01
4.671715182466555372e-01
4.632007154531889714e-01
4.592718314701757509e-01
4.553844075119006796e-01
4.515379896321731756e-01
4.477321288856629389e-01
4.439663813292323291e-01
4.402403076243749380e-01
4.365534739216970217e-01
4.329054507449247025e-01
4.292958133467071336e-01
4.257241416871201389e-01
4.221900203485938752e-01
4.186930384851478282e-01
4.152327897720258787e-01
4.118088723558988029e-01
4.084208888056177766e-01
4.050684460635101125e-01
4.017511553972116789e-01
3.984686323520295614e-01
3.952204967038294714e-01
3.920063724124717153e-01
3.888258875771113399e-01
3.856786743864999423e-01
3.825643690772144723e-01
3.794826118896176270e-01
3.764330470222783109e-01
3.734153225887030247e-01
3.704290905742667617e-01
3.674740067935696741e-01
3.645497308482650300e-01
3.616559260853504654e-01
3.587922595559190908e-01
3.559584019743648464e-01
3.531540276780373855e-01
3.503788145873408810e-01
3.476324441662729803e-01
3.449146013833979674e-01
3.422249746732499709e-01
3.395632558981612759e-01
3.369291403105110216e-01
3.343223265153899559e-01
3.317425164336760823e-01
3.291894152655172601e-01
3.266627314542159821e-01
3.241621766505121682e-01
3.216874656772589214e-01
3.192383164944878060e-01
3.168144501648584854e-01
3.144155908194895543e-01
3.120414656241649598e-01
3.096918047459136791e-01
3.073663413199561045e-01
3.050648114170160796e-01
3.027869540109915381e-01
3.005325109469826339e-01
2.983012269096707025e-01
2.960928493920464422e-01
2.939071286644822090e-01
2.917438177441450953e-01
2.896026723647466272e-01
2.874834509466261401e-01
2.853859145671633346e-01
2.833098269315166284e-01
2.812549543436841937e-01
2.792210656778837397e-01
2.772079323502467663e-01
2.752153282908259557e-01
2.732430299159095410e-01
2.712908161006415408e-01
2.693584681519431978e-01
2.674457697817326229e-01
2.655525070804397592e-01
2.636784684908126675e-01
2.618234447820125821e-01
2.599872290239942929e-01
2.581696165621685246e-01
2.563704049923437034e-01
2.545893941359434476e-01
2.528263860154972842e-01
2.510811848304010385e-01
2.493535969329445934e-01
2.476434308046032429e-01
2.459504970325907536e-01
2.442746082866698032e-01
2.426155792962192970e-01
2.409732268275525113e-01
2.393473696614863699e-01
2.377378285711575223e-01
2.361444263000821997e-01
2.345669875404584048e-01
2.330053389117069940e-01
2.314593089392486536e-01
2.299287280335152728e-01
2.284134284691918260e-01
2.269132443646877106e-01
2.254280116618334606e-01
2.239575681058014189e-01
2.225017532252476227e-01
2.210604083126723740e-01
2.196333764049970272e-01
2.182205022643546877e-01
2.168216323590930195e-01
2.154366148449852747e-01
2.140652995466494346e-01
2.127075379391710763e-01
2.113631831299294106e-01
2.100320898406226044e-01
2.087141143894921669e-01
2.074091146737422897e-01
2.061169501521530889e-01
2.048374818278854703e-01
2.035705722314753996e-01
2.023160854040151613e-01
2.010738868805202195e-01
1.998438436734792378e-01
1.986258242565850374e-01
1.974196985486451617e-01
1.962253378976691331e-01
1.950426150651315971e-01
1.938714042104082158e-01
1.927115808753833981e-01
1.915630219692274205e-01
1.904256057533411373e-01
1.892992118264668067e-01
1.881837211099623430e-01
1.870790158332386877e-01
1.859849795193565525e-01
1.849014969707824529e-01
1.838284542553015877e-01
1.827657386920855942e-01
1.817132388379139873e-01
1.806708444735473373e-01
1.796384465902504946e-01
1.786159373764641400e-01
1.776032102046234962e-01
1.766001596181218658e-01
1.756066813184178343e-01
1.746226721522846081e-01
1.736480300991998238e-01
1.726826542588738578e-01
1.717264448389160814e-01
1.707793031426365626e-01
1.698411315569822166e-01
1.689118335406059324e-01
1.679913136120669837e-01
1.670794773381614196e-01
1.661762313223811849e-01
1.652814831935000006e-01
1.643951415942852823e-01
1.635171161703342924e-01
1.626473175590331111e-01
1.617856573786373986e-01
1.609320482174735334e-01
1.600864036232582110e-01
1.592486380925361988e-01
1.584186670602342195e-01
1.575964068893298264e-01
1.567817748606342154e-01
1.559746891626873910e-01
1.551750688817648549e-01
1.543828339919941506e-01
1.535979053455803767e-01
1.528202046631394473e-01
1.520496545241375175e-01
1.512861783574361296e-01
1.505297004319410825e-01
1.497801458473547453e-01
1.490374405250296796e-01
1.483015111989235690e-01
1.475722854066532919e-01
1.468496914806479148e-01
1.461336585393988585e-01
1.454241164788065421e-01
1.447209959636223120e-01
1.440242284189847122e-01
1.433337460220488468e-01
1.426494816937080301e-01
1.419713690904065295e-01
1.412993425960426819e-01
1.406333373139609100e-01
1.399732890590320578e-01
1.393191343498211276e-01
1.386708104008409770e-01
1.380282551148916959e-01
1.373914070754837791e-01
1.367602055393455640e-01
1.361345904290124365e-01
1.355145023254980541e-01
1.348998824610463110e-01
1.342906727119628219e-01
1.336868155915258427e-01
1.330882542429747406e-01
1.324949324325760402e-01
1.319067945427658262e-01
1.313237855653674457e-01
1.307458510948841524e-01
1.301729373218655783e-01
1.296049910263470384e-01
1.290419595713614975e-01
1.284837908965225928e-01
1.279304335116786540e-01
1.273818364906362799e-01
1.268379494649535533e-01
1.262987226178010070e-01
1.257641066778906747e-01
1.252340529134717273e-01
1.247085131263924729e-01
1.241874396462274155e-01
1.236707853244694982e-01
1.231585035287858232e-01
1.226505481373368900e-01
1.221468735331583122e-01
1.216474345986046091e-01
1.211521867098538235e-01
1.206610857314730084e-01
1.201740880110434007e-01
1.196911503738448540e-01
1.192122301175986970e-01
1.187372850072686975e-01
1.182662732699191199e-01
1.177991535896294184e-01
1.173358851024651206e-01
1.168764273915038066e-01
1.164207404819161684e-01
1.159687848361009715e-01
1.155205213488738614e-01
1.150759113427089475e-01
1.146349165630329014e-01
1.141974991735708878e-01
1.137636217517436626e-01
1.133332472841154376e-01
1.129063391618919387e-01
1.124828611764678993e-01
1.120627775150236927e-01
1.116460527561704830e-01
1.112326518656431562e-01
1.108225401920410746e-01
1.104156834626151551e-01
1.100120477791019374e-01
1.096115996136032000e-01
1.092143058045109971e-01
1.088201335524776187e-01
1.084290504164299868e-01
1.080410243096277534e-01
1.076560234957650991e-01
1.072740165851151506e-01
1.068949725307171833e-01
1.065188606246054853e-01
1.061456504940799517e-01
1.057753120980178818e-01
1.054078157232259810e-01
1.050431319808329822e-01
1.046812318027216804e-01
1.043220864380004220e-01
1.039656674495134936e-01
1.036119467103897018e-01
1.032608964006292568e-01
1.029124890037280693e-01
1.025666973033392687e-01
1.022234943799714690e-01
1.018828536077234503e-01
1.015447486510547143e-01
1.012091534615917471e-01
1.008760422749692548e-01
1.005453896077063980e-01
1.002171702541172355e-01
9.989135928325530711e-02
9.956793203589191232e-02
9.924686412152755599e-02
9.892813141543620181e-02
9.861171005574251303e-02
9.829757644053072063e-02
9.798570722498572971e-02
9.767607931856556180e-02
9.736866988220496677e-02
9.706345632554974623e-02
9.676041630422173301e-02
9.645952771711358009e-02
9.616076870371366436e-02
9.586411764146035575e-02
9.556955314312519378e-02
9.527705405422516594e-02
9.498659945046346309e-02
9.469816863519815719e-02
9.441174113693907854e-02
9.412729670687210171e-02
9.384481531641059027e-02
9.356427715477405593e-02
9.328566262659333808e-02
9.300895234954204005e-02
9.273412715199430556e-02
9.246116807070828281e-02
9.219005634853491560e-02
9.192077343215228347e-02
9.165330096982468588e-02
9.138762080918635955e-02
9.112371499504985650e-02
9.086156576723826428e-02
9.060115555844149016e-02
9.034246699209605436e-02
9.008548288028832285e-02
8.983018622168065237e-02
8.957656019946068360e-02
8.932458817931279715e-02
8.907425370741234305e-02
8.882554050844163052e-02
8.857843248362790023e-02
8.833291370880289040e-02
8.808896843248384401e-02
8.784658107397545768e-02
8.760573622149289696e-02
8.736641863030539246e-02
8.712861322090047211e-02
8.689230507716801111e-02
8.665747944460455710e-02
8.642412172853757013e-02
8.619221749236889718e-02
8.596175245583774494e-02
8.573271249330272070e-02
8.550508363204296913e-02
8.527885205057766926e-02
8.505400407700444698e-02
8.483052618735571759e-02
8.460840500397341646e-02
8.438762729390138218e-02
8.416817996729566986e-02
8.395005007585218393e-02
8.373322481125167194e-02
8.351769150362201022e-02
8.330343762001710117e-02
8.309045076291278475e-02
8.287871866871922288e-02
8.266822920630964577e-02
8.245897037556530751e-02
8.225093030593652599e-02
8.204409725501940476e-02
8.183845960714845880e-02
8.163400587200447811e-02
8.143072468323794832e-02
8.122860479710754256e-02
8.102763509113349027e-02
8.082780456276601744e-02
8.062910232806816402e-02
8.043151762041333974e-02
8.023503978919709068e-02
8.003965829856311831e-02
7.984536272614330132e-02
7.965214276181145636e-02
7.945998820645112926e-02
7.926888897073663953e-02
7.907883507392775291e-02
7.888981664267752381e-02
7.870182390985325238e-02
7.851484721337048667e-02
7.832887699503982004e-02
7.814390379942645626e-02
7.795991827272222285e-02
7.777691116162999130e-02
7.759487331226058715e-02
7.741379566904157961e-02
7.723366927363824186e-02
7.705448526388636310e-02
7.687623487273685663e-02
7.669890942721176164e-02
7.652250034737206885e-02
7.634699914529673170e-02
7.617239742407279357e-02
7.599868687679700585e-02
7.582585928558800703e-02
7.565390652060964560e-02
7.548282053910500278e-02
7.531259338444104556e-02
7.514321718516368820e-02
7.497468415406347009e-02
7.480698658725136452e-02
7.464011686324473205e-02
7.447406744206350182e-02
7.430883086433612283e-02
7.414439975041545172e-02
7.398076679950445211e-02
7.381792478879121988e-02
7.365586657258778314e-02
7.349458508148853930e-02
7.333407332155683633e-02
7.317432437346454988e-02
7.301533139168417397e-02
7.285708760368124481e-02
7.269958630911386999e-02
7.254282087904136145e-02
7.238678475514140342e-02
7.223147144893599103e-02
7.207687454102565394e-02
7.192298768033239531e-02
7.176980458335076307e-02
7.161731903340713690e-02
7.146552487992745284e-02
7.131441603771260240e-02
7.116398648622210277e-02
7.101423026886553858e-02
7.086514149230171977e-02
7.071671432574574978e-02
7.056894300028361544e-02
7.042182180819421544e-02
7.027534510227906317e-02
7.012950729519917825e-02
6.998430285881945823e-02
6.983972632356003074e-02
6.969577227775503037e-02
6.955243536701813389e-02
6.940971029361539535e-02
6.926759181584464520e-02
6.912607474742202274e-02
6.898515395687505880e-02
6.884482436694250307e-02
6.870508095398084047e-02
6.856591874737717751e-02
6.842733282896872049e-02
6.828931833246855432e-02
6.815187044289783280e-02
6.801498439602413071e-02
6.787865547780602693e-02
6.774287902384382165e-02
6.760765041883615156e-02
6.747296509604283621e-02
6.733881853675346973e-02
6.720520626976177192e-02
6.707212387084597605e-02
6.693956696225472625e-02
6.680753121219873414e-02
6.667601233434797270e-02
6.654500608733443512e-02
6.641450827426044479e-02
6.628451474221214168e-02
6.615502138177858926e-02
6.602602412657600228e-02
6.589751895277733140e-02
6.576950187864684383e-02
6.564196896408000526e-02
6.551491631014844108e-02
6.538834005864962995e-02
6.526223639166188473e-02
6.513660153110406581e-02
6.501143173830011002e-02
6.488672331354851386e-02
6.476247259569631320e-02
6.463867596171794794e-02
6.451532982629869239e-02
6.439243064142262385e-02
6.426997489596525392e-02
6.414795911529047601e-02
6.402637986085205068e-02
6.390523372979947658e-02
6.378451735458819105e-02
6.366422740259393420e-02
6.354436057573160934e-02
6.342491361007808470e-02
6.330588327549931116e-02
6.318726637528140899e-02
6.306905974576602902e-02
6.295126025598939135e-02
6.283386480732565393e-02
6.271687033313390336e-02
6.260027379840928108e-02
6.248407219943773183e-02
6.236826256345471414e-02
6.225284194830753987e-02
6.213780744212152318e-02
6.202315616296977252e-02
6.190888525854655600e-02
6.179499190584435836e-02
6.168147331083443513e-02
6.156832670815085007e-02
6.145554936077805841e-02
6.134313855974189017e-02
6.123109162380392656e-02
6.111940589915924871e-02
6.100807875913748235e-02
6.089710760390721483e-02
6.078648986018354849e-02
6.067622298093895000e-02
6.056630444511726385e-02
6.045673175735082755e-02
6.034750244768077865e-02
6.023861407128033169e-02
6.013006420818124004e-02
6.002185046300313742e-02
5.991397046468587007e-02
5.980642186622487505e-02
5.969920234440934809e-02
5.959230959956336726e-02
5.948574135528980622e-02
5.937949535821716168e-02
5.927356937774898998e-02
5.916796120581630652e-02
5.906266865663255955e-02
5.895768956645135173e-02
5.885302179332681238e-02
5.874866321687661347e-02
5.864461173804762228e-02
5.854086527888405223e-02
5.843742178229820172e-02
5.833427921184378834e-02
5.823143555149162126e-02
5.812888880540790365e-02
5.802663699773480399e-02
5.792467817237362260e-02
5.782301039277017857e-02
5.772163174170263228e-02
5.762054032107169488e-02
5.751973425169301657e-02
5.741921167309194107e-02
5.731897074330050829e-02
5.721900963865667045e-02
5.711932655360571487e-02
5.701991970050388631e-02
5.692078730942416037e-02
5.682192762796415414e-02
5.672333892105612535e-02
5.662501947077907410e-02
5.652696757617294704e-02
5.642918155305481909e-02
5.633165973383711528e-02
5.623440046734792114e-02
5.613740211865304863e-02
5.604066306888031562e-02
5.594418171504560167e-02
5.584795646988080509e-02
5.575198576166381925e-02
5.565626803405021583e-02
5.556080174590687093e-02
5.546558537114745779e-02
5.537061739856962567e-02
5.527589633169405214e-02
5.518142068860526495e-02
5.508718900179419148e-02
5.499319981800240842e-02
5.489945169806818154e-02
5.480594321677409453e-02
5.471267296269643338e-02
5.461963953805622218e-02
5.452684155857183412e-02
5.443427765331326079e-02
5.434194646455799832e-02
5.424984664764850167e-02
5.415797687085116552e-02
5.406633581521692877e-02
5.397492217444333634e-02
5.388373465473816903e-02
5.379277197468455840e-02
5.370203286510757956e-02
5.361151606894225263e-02
5.352122034110310539e-02
5.343114444835510984e-02
5.334128716918601354e-02
5.325164729368004474e-02
5.316222362339315805e-02
5.307301497122950129e-02
5.298402016131924935e-02
5.289523802889784659e-02
5.280666742018653992e-02
5.271830719227421636e-02
5.263015621300057983e-02
5.254221336084050065e-02
5.245447752478978737e-02
5.236694760425212453e-02
5.227962250892720375e-02
5.219250115870020801e-02
5.210558248353243382e-02
5.201886542335308616e-02
5.193234892795231539e-02
5.184603195687541993e-02
5.175991347931821474e-02
5.167399247402348905e-02
5.158826792917865084e-02
5.150273884231457155e-02
5.141740422020529833e-02
5.133226307876919553e-02
5.124731444297091210e-02
5.116255734672447986e-02
5.107799083279761926e-02
5.099361395271685693e-02
5.090942576667392000e-02
5.082542534343297003e-02
5.074161176023897490e-02
5.065798410272705221e-02
5.057454146483274238e-02
5.049128294870337819e-02
5.040820766461036329e-02
5.032531473086240131e-02
5.024260327371968954e-02
5.016007242730905619e-02
5.007772133354009003e-02
4.999554914202204714e-02
4.991355500998181233e-02
4.983173810218265859e-02
4.975009759084396410e-02
4.966863265556178270e-02
4.958734248323027477e-02
4.950622626796402637e-02
4.942528321102116623e-02
4.934451252073137478e-02
4.926391341259956508e-02
4.918348510875951429e-02
4.910322683819736550e-02
4.902313783675601305e-02
4.894321734659277945e-02
4.886346461739489444e-02
4.878387890485212652e-02
4.870445947114698804e-02
4.862520558492777062e-02
4.854611652119451837e-02
4.846719156123181077e-02
4.838842999254220484e-02
4.830983110878035031e-02
4.823139420968785424e-02
4.815311860102888114e-02
4.807500359452639149e-02
4.799704850779912962e-02
4.791925266429929164e-02
4.784161539325092194e-02
4.776413602958887866e-02
4.768681391389852781e-02
4.760964839235615198e-02
4.753263881666991431e-02
4.745578454402148844e-02
4.737908493700843798e-02
4.730253936358701228e-02
4.722614719701580949e-02
4.714990781579987689e-02
4.707382060363551196e-02
4.699788494935561861e-02
4.692210024687570868e-02
4.684646589514048637e-02
4.677098129807094606e-02
4.669564586451217109e-02
4.662045900818156952e-02
4.654542014761781782e-02
4.647052870613019998e-02
4.639578411174870298e-02
4.632118579717440371e-02
4.624673319973070240e-02
4.617242576131477122e-02
4.609826292834980771e-02
4.602424415173760747e-02
4.595036888681181680e-02
4.587663659329151850e-02
4.580304673523553916e-02
4.572959878099706194e-02
4.565629220317884984e-02
4.558312647858890621e-02
4.551010108819665556e-02
4.543721551708960332e-02
4.536446925443036321e-02
4.529186179341437857e-02
4.521939263122781716e-02
4.514706126900623617e-02
4.507486721179342071e-02
4.500280996850081205e-02
4.493088905186744947e-02
4.485910397842008540e-02
4.478745426843410565e-02
4.471593944589455361e-02
4.464455903845773038e-02
4.457331257741321134e-02
4.450219959764625116e-02
4.443121963760056359e-02
4.436037223924162859e-02
4.428965694802023539e-02
4.421907331283659454e-02
4.414862088600463724e-02
4.407829922321695321e-02
4.400810788350986713e-02
4.393804642922910508e-02
4.386811442599564820e-02
4.379831144267391091e-02
4.372863705142058383e-02
4.365909082743496539e-02
4.358967234906267058e-02
4.352038119780331227e-02
4.345121695823509628e-02
4.338217921798325633e-02
4.331326756768893310e-02
4.324448160097831700e-02
4.317582091443206843e-02
4.310728510755520992e-02
4.303887378274719872e-02
4.297058654527243643e-02
4.290242300323104246e-02
4.283438276752994656e-02
4.276646545185436993e-02
4.269867067263945909e-02
4.263099804904241230e-02
4.256344720291477951e-02
4.249601775877512311e-02
4.242870934378194930e-02
4.236152158770697257e-02
4.229445412290862988e-02
4.222750658430584475e-02
4.216067860935225620e-02
4.209396983801044073e-02
4.202737991272673113e-02
4.196090847840603516e-02
4.189455518238711235e-02
4.182831967441801024e-02
4.176220160663186159e-02
4.169620063352283412e-02
4.163031641192246890e-02
4.156454860097613668e-02
4.149889686211988282e-02
4.143336085905739707e-02
4.136794025773739281e-02
4.130263472633103478e-02
4.123744393520981100e-02
4.117236755692344624e-02
4.110740526617825963e-02
4.104255673981559160e-02
4.097782165679054317e-02
4.091319969815095797e-02
4.084869054701655705e-02
4.078429388855839277e-02
4.072000940997846236e-02
4.065583680048959203e-02
4.059177575129543913e-02
4.052782595557085504e-02
4.046398710844234525e-02
4.040025890696883476e-02
4.033664105012248896e-02
4.027313323876997170e-02
4.020973517565367555e-02
4.014644656537330603e-02
4.008326711436761836e-02
4.002019653089634171e-02
3.995723452502229073e-02
3.989438080859372682e-02
3.983163509522686524e-02
3.976899710028854174e-02
3.970646654087913591e-02
3.964404313581565420e-02
3.958172660561494471e-02
3.951951667247720346e-02
3.945741306026954304e-02
3.939541549450979036e-02
3.933352370235048551e-02
3.927173741256299172e-02
3.921005635552188284e-02
3.914848026318930307e-02
3.908700886909974304e-02
3.902564190834479502e-02
3.896437911755815803e-02
3.890322023490074693e-02
3.884216500004604444e-02
3.878121315416554332e-02
3.872036443991437593e-02
3.865961860141707562e-02
3.859897538425349772e-02
3.853843453544491399e-02
3.847799580344025278e-02
3.841765893810247801e-02
3.835742369069509300e-02
3.829728981386882475e-02
3.823725706164843308e-02
3.817732518941970021e-02
3.811749395391643425e-02
3.805776311320784727e-02
3.799813242668579477e-02
3.793860165505238274e-02
3.787917056030753321e-02
3.781983890573681339e-02
3.776060645589933429e-02
3.770147297661577412e-02
3.764243823495654062e-02
3.758350199923009283e-02
3.752466403897135316e-02
3.746592412493019580e-02
3.740728202906021260e-02
3.734873752450741657e-02
3.729029038559918824e-02
3.723194038783330523e-02
3.717368730786706210e-02
3.711553092350657057e-02
3.705747101369608748e-02
3.699950735850756484e-02
3.694163973913019289e-02
3.688386793786017220e-02
3.682619173809048574e-02
3.676861092430087907e-02
3.671112528204784065e-02
3.665373459795484568e-02
3.659643865970249599e-02
3.653923725601897904e-02
3.648213017667047142e-02
3.642511721245170891e-02
3.636819815517665366e-02
3.631137279766927933e-02
3.625464093375440483e-02
3.619800235824866680e-02
3.614145686695155457e-02
3.608500425663662553e-02
3.602864432504265108e-02
3.597237687086506791e-02
3.591620169374729749e-02
3.586011859427237769e-02
3.580412737395449047e-02
3.574822783523071146e-02
3.569241978145277355e-02
3.563670301687899000e-02
3.558107734666616367e-02
3.552554257686167671e-02
3.547009851439560796e-02
3.541474496707294750e-02
3.535948174356591533e-02
3.530430865340634938e-02
3.524922550697813517e-02
3.519423211550976732e-02
3.513932829106699435e-02
3.508451384654549809e-02
3.502978859566369119e-02
3.497515235295552138e-02
3.492060493376346331e-02
3.486614615423149627e-02
3.481177583129818620e-02
3.475749378268986473e-02
3.470329982691380127e-02
3.464919378325155563e-02
3.459517547175228885e-02
3.454124471322628925e-02
3.448740132923838742e-02
3.443364514210156546e-02
3.437997597487064960e-02
3.432639365133592635e-02
3.427289799601702935e-02
3.421948883415668746e-02
3.416616599171468788e-02
3.411292929536183238e-02
3.405977857247398377e-02
3.400671365112614003e-02
3.395373436008661955e-02
3.390084052881126714e-02
3.384803198743776415e-02
3.379530856677994549e-02
3.374267009832219305e-02
3.369011641421391923e-02
3.363764734726411298e-02
3.358526273093582343e-02
3.353296239934091399e-02
3.348074618723467094e-02
3.342861393001057141e-02
3.337656546369508620e-02
3.332460062494251724e-02
3.327271925102995992e-02
3.322092117985219611e-02
3.316920624991676059e-02
3.311757430033901439e-02
3.306602517083717663e-02
3.301455870172760598e-02
3.296317473391993658e-02
3.291187310891244278e-02
3.286065366878723054e-02
3.280951625620570633e-02
3.275846071440396967e-02
3.270748688718825431e-02
3.265659461893044568e-02
3.260578375456366779e-02
3.255505413957783534e-02
3.250440562001536554e-02
3.245383804246683435e-02
3.240335125406670208e-02
3.235294510248913624e-02
3.230261943594381346e-02
3.225237410317180475e-02
3.220220895344146766e-02
3.215212383654443562e-02
3.210211860279155172e-02
3.205219310300901764e-02
3.200234718853434135e-02
3.195258071121257620e-02
3.190289352339237966e-02
3.185328547792228016e-02
3.180375642814690929e-02
3.175430622790324786e-02
3.170493473151696912e-02
3.165564179379878190e-02
3.160642727004082247e-02
3.155729101601308095e-02
3.150823288795988331e-02
3.145925274259635251e-02
3.141035043710500851e-02
3.136152582913226405e-02
3.131277877678510790e-02
3.126410913862769786e-02
3.121551677367804395e-02
3.116700154140473328e-02
3.111856330172367915e-02
3.107020191499485981e-02
3.102191724201918202e-02
3.097370914403528921e-02
3.092557748271644591e-02
3.087752212016743950e-02
3.082954291892152365e-02
3.078163974193739647e-02
3.073381245259618200e-02
3.068606091469846392e-02
3.063838499246137465e-02
3.059078455051563589e-02
3.054325945390272412e-02
3.049580956807199442e-02
3.044843475887787018e-02
3.040113489257703291e-02
3.035390983582567440e-02
3.030675945567676277e-02
3.025968361957730515e-02
3.021268219536569696e-02
3.016575505126904005e-02
3.011890205590053368e-02
3.007212307825685854e-02
3.002541798771559897e-02
2.997878665403271373e-02
2.993222894733997899e-02
2.988574473814251467e-02
2.983933389731629332e-02
2.979299629610569766e-02
2.974673180612109197e-02
2.970054029933642467e-02
2.965442164808685180e-02
2.960837572506636386e-02
2.956240240332548563e-02
2.951650155626894811e-02
2.947067305765340220e-02
2.942491678158517740e-02
2.937923260251801283e-02
2.933362039525086798e-02
2.928808003492571616e-02
2.924261139702536219e-02
2.919721435737130527e-02
2.915188879212160522e-02
2.910663457776875226e-02
2.906145159113760965e-02
2.901633970938332849e-02
2.897129880998928000e-02
2.892632877076507444e-02
2.888142946984451759e-02
2.883660078568361929e-02
2.879184259705864710e-02
2.874715478306416258e-02
2.870253722311109576e-02
2.865798979692481957e-02
2.861351238454326942e-02
2.856910486631507318e-02
2.852476712289768457e-02
2.848049903525554441e-02
2.843630048465825219e-02
2.839217135267878625e-02
2.834811152119169272e-02
2.830412087237133695e-02
2.826019928869013750e-02
2.821634665291684191e-02
2.817256284811480577e-02
2.812884775764026846e-02
2.808520126514071902e-02
2.804162325455317531e-02
2.799811361010256724e-02
2.795467221630007493e-02
2.791129895794152230e-02
2.786799372010576731e-02
2.782475638815311292e-02
2.778158684772372156e-02
2.773848498473607815e-02
2.769545068538540461e-02
2.765248383614218874e-02
2.760958432375060223e-02
2.756675203522702955e-02
2.752398685785860735e-02
2.748128867920168403e-02
2.743865738708042845e-02
2.739609286958534506e-02
2.735359501507184446e-02
2.731116371215883826e-02
2.726879884972731663e-02
2.722650031691897787e-02
2.718426800313481287e-02
2.714210179803377282e-02
2.710000159153141616e-02
2.705796727379852426e-02
2.701599873525983506e-02
2.697409586659266570e-02
2.693225855872564620e-02
2.689048670283742185e-02
2.684878019035536259e-02
2.680713891295430015e-02
2.676556276255527902e-02
2.672405163132429012e-02
2.668260541167105648e-02
2.664122399624781895e-02
2.659990727794808024e-02
2.655865514990546350e-02
2.651746750549247023e-02
2.647634423831935271e-02
2.643528524223289281e-02
2.639429041131529513e-02
2.635335963988300403e-02
2.631249282248557947e-02
2.627168985390459024e-02
2.623095062915245523e-02
2.619027504347138172e-02
2.614966299233224128e-02
2.610911437143350125e-02
2.606862907670014218e-02
2.602820700428257542e-02
2.598784805055561614e-02
2.594755211211742171e-02
2.590731908578843695e-02
2.586714886861039842e-02
2.582704135784529009e-02
2.578699645097433726e-02
2.574701404569700730e-02
2.570709403993001740e-02
2.566723633180635969e-02
2.562744081967430199e-02
2.558770740209643027e-02
2.554803597784871885e-02
2.550842644591952771e-02
2.546887870550870042e-02
2.542939265602661703e-02
2.538996819709328154e-02
2.535060522853737480e-02
2.531130365039537325e-02
2.527206336291063296e-02
2.523288426653251537e-02
2.519376626191545746e-02
2.515470924991814947e-02
2.511571313160261554e-02
2.507677780823338101e-02
2.503790318127660855e-02
2.499908915239924465e-02
2.496033562346816961e-02
2.492164249654938921e-02
2.488300967390718113e-02
2.484443705800328667e-02
2.480592455149610576e-02
2.476747205723985393e-02
2.472907947828382330e-02
2.469074671787152911e-02
2.465247367943995682e-02
2.461426026661878499e-02
2.457610638322957688e-02
2.453801193328505881e-02
2.449997682098833257e-02
2.446200095073211914e-02
2.442408422709803351e-02
2.438622655485581797e-02
2.434842783896261006e-02
2.431068798456222785e-02
2.427300689698443786e-02
2.423538448174422655e-02
2.419782064454110634e-02
2.416031529125839059e-02
2.412286832796251695e-02
2.408547966090232931e-02
2.404814919650838725e-02
2.401087684139232431e-02
2.397366250234610544e-02
2.393650608634140253e-02
2.389940750052891097e-02
2.386236665223769038e-02
2.382538344897449159e-02
2.378845779842312866e-02
2.375158960844382314e-02
2.371477878707256223e-02
2.367802524252045349e-02
2.364132888317311068e-02
2.360468961759001547e-02
2.356810735450388591e-02
2.353158200282011100e-02
2.349511347161605673e-02
2.345870167014053181e-02
2.342234650781313543e-02
2.338604789422370558e-02
2.334980573913167726e-02
2.331361995246552729e-02
2.327749044432217418e-02
2.324141712496641254e-02
2.320539990483033027e-02
2.316943869451272564e-02
2.313353340477855916e-02
2.309768394655838109e-02
2.306189023094778676e-02
2.302615216920683716e-02
2.299046967275952813e-02
2.295484265319324563e-02
2.291927102225821758e-02
2.288375469186697611e-02
2.284829357409382325e-02
2.281288758117431051e-02
2.277753662550470459e-02
2.274224061964145657e-02
2.270699947630070575e-02
2.267181310835774885e-02
2.263668142884653692e-02
2.260160435095917228e-02
2.256658178804537424e-02
2.253161365361203497e-02
2.249669986132268179e-02
2.246184032499698446e-02
2.242703495861028684e-02
2.239228367629311073e-02
2.235758639233067363e-02
2.232294302116241691e-02
2.228835347738150965e-02
2.225381767573441152e-02
2.221933553112038010e-02
2.218490695859100248e-02
2.215053187334974083e-02
2.211621019075147437e-02
2.208194182630205532e-02
2.204772669565783008e-02
2.201356471462521253e-02
2.197945579916021214e-02
2.194539986536802809e-02
2.191139682950257739e-02
2.187744660796607163e-02
2.184354911730856941e-02
2.180970427422757388e-02
2.177591199556755744e-02
2.174217219831959397e-02
2.170848479962088004e-02
2.167484971675436023e-02
2.164126686714827261e-02
2.160773616837576711e-02
2.157425753815446490e-02
2.154083089434607676e-02
2.150745615495596938e-02
2.147413323813277680e-02
2.144086206216801530e-02
2.140764254549563581e-02
2.137447460669168395e-02
2.134135816447387327e-02
2.130829313770120359e-02
2.127527944537357593e-02
2.124231700663139349e-02
2.120940574075519044e-02
2.117654556716525374e-02
2.114373640542123456e-02
2.111097817522177358e-02
2.107827079640412979e-02
2.104561418894381614e-02
2.101300827295421447e-02
2.098045296868621470e-02
2.094794819652785398e-02
2.091549387700396279e-02
2.088308993077577641e-02
2.085073627864060877e-02
2.081843284153146387e-02
2.078617954051672698e-02
2.075397629679976916e-02
2.072182303171860723e-02
2.068971966674558113e-02
2.065766612348697920e-02
2.062566232368271205e-02
2.059370818920596563e-02
2.056180364206286124e-02
2.052994860439212241e-02
2.049814299846472801e-02
2.046638674668359303e-02
2.043467977158323207e-02
2.040302199582942622e-02
2.037141334221890046e-02
2.033985373367899058e-02
2.030834309326733089e-02
2.027688134417152122e-02
2.024546840970881806e-02
2.021410421332579463e-02
2.018278867859804593e-02
2.015152172922987303e-02
2.012030328905396043e-02
2.008913328203105336e-02
2.005801163224968375e-02
2.002693826392582324e-02
1.999591310140260217e-02
1.996493606915000774e-02
1.993400709176454746e-02
1.990312609396898552e-02
1.987229300061203047e-02
1.984150773666802647e-02
1.981077022723667230e-02
1.978008039754271946e-02
1.974943817293567036e-02
1.971884347888951117e-02
1.968829624100238568e-02
1.965779638499634899e-02
1.962734383671703442e-02
1.959693852213341414e-02
1.956658036733747302e-02
1.953626929854395539e-02
1.950600524209007355e-02
1.947578812443522336e-02
1.944561787216071355e-02
1.941549441196947084e-02
1.938541767068580751e-02
1.935538757525509523e-02
1.932540405274351877e-02
1.929546703033781577e-02
1.926557643534496794e-02
1.923573219519197561e-02
1.920593423742556274e-02
1.917618248971191680e-02
1.914647687983642849e-02
1.911681733570343156e-02
1.908720378533593220e-02
1.905763615687533150e-02
1.902811437858121374e-02
1.899863837883103770e-02
1.896920808611991457e-02
1.893982342906031999e-02
1.891048433638187892e-02
1.888119073693106387e-02
1.885194255967099358e-02
1.882273973368114167e-02
1.879358218815710413e-02
1.876446985241034260e-02
1.873540265586795539e-02
1.870638052807241034e-02
1.867740339868129151e-02
1.864847119746708762e-02
1.861958385431692481e-02
1.859074129923232038e-02
1.856194346232896766e-02
1.853319027383645845e-02
1.850448166409808873e-02
1.847581756357057764e-02
1.844719790282384891e-02
1.841862261254080882e-02
1.839009162351708943e-02
1.836160486666083003e-02
1.833316227299243081e-02
1.830476377364433083e-02
1.827640929986077203e-02
1.824809878299757729e-02
1.821983215452191093e-02
1.819160934601206023e-02
1.816343028915719249e-02
1.813529491575716773e-02
1.810720315772225766e-02
1.807915494707296178e-02
1.805115021593978880e-02
1.802318889656298953e-02
1.799527092129238684e-02
1.796739622258712935e-02
1.793956473301547977e-02
1.791177638525457555e-02
1.788403111209024149e-02
1.785632884641677118e-02
1.782866952123667373e-02
1.780105306966050030e-02
1.777347942490661512e-02
1.774594852030097689e-02
1.771846028927692718e-02
1.769101466537498918e-02
1.766361158224264913e-02
1.763625097363414468e-02
1.760893277341026020e-02
1.758165691553810819e-02
1.755442333409092809e-02
1.752723196324790234e-02
1.750008273729390662e-02
1.747297559061932945e-02
1.744591045771986745e-02
1.741888727319633456e-02
1.739190597175441916e-02
1.736496648820451752e-02
1.733806875746153262e-02
1.731121271454463123e-02
1.728439829457710172e-02
1.725762543278612851e-02
1.723089406450256655e-02
1.720420412516080605e-02
1.717755555029850875e-02
1.715094827555645532e-02
1.712438223667833367e-02
1.709785736951055513e-02
1.707137361000203232e-02
1.704493089420403007e-02
1.701852915826992246e-02
1.699216833845504718e-02
1.696584837111647648e-02
1.693956919271284722e-02
1.691333073980417351e-02
1.688713294905164197e-02
1.686097575721742098e-02
1.683485910116449755e-02
1.680878291785646919e-02
1.678274714435736004e-02
1.675675171783143694e-02
1.673079657554301519e-02
1.670488165485629548e-02
1.667900689323515220e-02
1.665317222824297047e-02
1.662737759754244135e-02
1.660162293889541965e-02
1.657590819016269493e-02
1.655023328930381454e-02
1.652459817437695530e-02
1.649900278353867711e-02
1.647344705504378767e-02
1.644793092724513781e-02
1.642245433859346529e-02
1.639701722763719713e-02
1.637161953302226566e-02
1.634626119349197326e-02
1.632094214788677375e-02
1.629566233514410933e-02
1.627042169429824409e-02
1.624522016448007658e-02
1.622005768491697683e-02
1.619493419493260936e-02
1.616984963394674582e-02
1.614480394147513320e-02
1.611979705712926134e-02
1.609482892061624149e-02
1.606989947173862246e-02
1.604500865039420673e-02
1.602015639657588392e-02
1.599534265037148503e-02
1.597056735196358476e-02
1.594583044162934879e-02
1.592113185974034645e-02
1.589647154676242929e-02
1.587184944325549865e-02
1.584726548987339459e-02
1.582271962736370857e-02
1.579821179656760652e-02
1.577374193841968655e-02
1.574930999394780207e-02
1.572491590427289171e-02
1.570055961060884062e-02
1.567624105426227918e-02
1.565196017663246508e-02
1.562771691921107514e-02
1.560351122358208040e-02
1.557934303142156744e-02
1.555521228449758056e-02
1.553111892466995866e-02
1.550706289389018784e-02
1.548304413420122094e-02
1.545906258773734054e-02
1.543511819672398373e-02
1.541121090347758946e-02
1.538734065040544760e-02
1.536350738000553245e-02
1.533971103486635179e-02
1.531595155766678380e-02
1.529222889117592792e-02
1.526854297825294519e-02
1.524489376184690742e-02
1.522128118499663924e-02
1.519770519083055507e-02
1.517416572256652732e-02
1.515066272351171459e-02
1.512719613706241251e-02
1.510376590670389763e-02
1.508037197601028688e-02
1.505701428864437974e-02
1.503369278835749688e-02
1.501040741898934661e-02
1.498715812446786005e-02
1.496394484880904201e-02
1.494076753611683038e-02
1.491762613058294530e-02
1.489452057648672258e-02
1.487145081819498879e-02
1.484841680016189651e-02
1.482541846692878203e-02
1.480245576312401966e-02
1.477952863346287254e-02
1.475663702274733827e-02
1.473378087586601354e-02
1.471096013779394328e-02
1.468817475359247664e-02
1.466542466840910913e-02
1.464270982747736469e-02
1.462003017611662042e-02
1.459738565973198177e-02
1.457477622381412805e-02
1.455220181393918066e-02
1.452966237576853829e-02
1.450715785504876412e-02
1.448468819761141411e-02
1.446225334937290864e-02
1.443985325633439544e-02
1.441748786458159348e-02
1.439515712028466288e-02
1.437286096969805742e-02
1.435059935916039101e-02
1.432837223509428673e-02
1.430617954400625023e-02
1.428402123248651533e-02
1.426189724720891387e-02
1.423980753493073702e-02
1.421775204249259121e-02
1.419573071681826462e-02
1.417374350491458490e-02
1.415179035387128387e-02
1.412987121086086220e-02
1.410798602313844720e-02
1.408613473804165572e-02
1.406431730299046237e-02
1.404253366548706070e-02
1.402078377311573483e-02
1.399906757354269990e-02
1.397738501451600140e-02
1.395573604386534522e-02
1.393412060950199351e-02
1.391253865941861033e-02
1.389099014168913501e-02
1.386947500446864337e-02
1.384799319599322454e-02
1.382654466457983178e-02
1.380512935862616454e-02
1.378374722661052966e-02
1.376239821709170953e-02
1.374108227870882507e-02
1.371979936018121425e-02
1.369854941030828992e-02
1.367733237796941483e-02
1.365614821212377157e-02
1.363499686181022554e-02
1.361387827614720346e-02
1.359279240433255466e-02
1.357173919564342440e-02
1.355071859943612553e-02
1.352973056514600834e-02
1.350877504228733747e-02
1.348785198045314784e-02
1.346696132931513024e-02
1.344610303862349941e-02
1.342527705820686403e-02
1.340448333797209998e-02
1.338372182790422554e-02
1.336299247806626601e-02
1.334229523859914272e-02
1.332163005972152384e-02
1.330099689172972027e-02
1.328039568499754866e-02
1.325982638997620644e-02
1.323928895719414002e-02
1.321878333725693376e-02
1.319830948084717639e-02
1.317786733872433787e-02
1.315745686172463749e-02
1.313707800076093467e-02
1.311673070682258836e-02
1.309641493097534783e-02
1.307613062436122249e-02
1.305587773819835359e-02
1.303565622378089796e-02
1.301546603247890829e-02
1.299530711573819788e-02
1.297517942508023478e-02
1.295508291210200648e-02
1.293501752847590024e-02
1.291498322594959204e-02
1.289497995634590957e-02
1.287500767156272638e-02
1.285506632357282311e-02
1.283515586442378863e-02
1.281527624623788122e-02
1.279542742121191935e-02
1.277560934161715324e-02
1.275582195979915560e-02
1.273606522817769329e-02
1.271633909924661104e-02
1.269664352557371527e-02
1.267697845980065088e-02
1.265734385464278161e-02
1.263773966288908243e-02
1.261816583740200948e-02
1.259862233111738207e-02
1.257910909704428211e-02
1.255962608826491356e-02
1.254017325793449836e-02
1.252075055928116021e-02
1.250135794560579966e-02
1.248199537028199003e-02
1.246266278675584038e-02
1.244336014854591568e-02
1.242408740924307725e-02
1.240484452251039600e-02
1.238563144208302928e-02
1.236644812176810812e-02
1.234729451544461579e-02
1.232817057706327678e-02
1.230907626064644753e-02
1.229001152028799670e-02
1.227097631015318380e-02
1.225197058447855848e-02
1.223299429757184961e-02
1.221404740381182991e-02
1.219512985764822227e-02
1.217624161360158358e-02
1.215738262626318844e-02
1.213855285029491471e-02
1.211975224042913420e-02
1.210098075146860165e-02
1.208223833828634200e-02
1.206352495582553759e-02
1.204484055909941891e-02
1.202618510319114313e-02
1.200755854325370221e-02
1.198896083450978929e-02
1.197039193225170849e-02
1.195185179184125000e-02
1.193334036870958952e-02
1.191485761835717194e-02
1.189640349635359522e-02
1.187797795833752355e-02
1.185958096001654694e-02
1.184121245716710132e-02
1.182287240563433504e-02
1.180456076133201519e-02
1.178627748024241827e-02
1.176802251841620704e-02
1.174979583197234209e-02
1.173159737709796209e-02
1.171342711004827626e-02
1.169528498714645683e-02
1.167717096478353492e-02
1.165908499941829303e-02
1.164102704757715226e-02
1.162299706585407169e-02
1.160499501091043911e-02
1.158702083947495479e-02
1.156907450834355165e-02
1.155115597437925655e-02
1.153326519451211042e-02
1.151540212573903821e-02
1.149756672512376558e-02
1.147975894979670446e-02
1.146197875695484543e-02
1.144422610386165370e-02
1.142650094784695980e-02
1.140880324630687108e-02
1.139113295670364512e-02
1.137349003656560990e-02
1.135587444348702853e-02
1.133828613512802286e-02
1.132072506921446252e-02
1.130319120353785040e-02
1.128568449595522723e-02
1.126820490438907273e-02
1.125075238682719282e-02
1.123332690132262252e-02
1.121592840599352700e-02
1.119855685902308891e-02
1.118121221865940942e-02
1.116389444321541288e-02
1.114660349106873574e-02
1.112933932066163291e-02
1.111210189050086672e-02
1.109489115915761152e-02
1.107770708526734961e-02
1.106054962752977926e-02
1.104341874470869678e-02
1.102631439563190804e-02
1.100923653919112441e-02
1.099218513434186209e-02
1.097516014010334329e-02
1.095816151555839731e-02
1.094118921985335474e-02
1.092424321219794860e-02
1.090732345186522581e-02
1.089042989819142757e-02
1.087356251057591122e-02
1.085672124848104277e-02
1.083990607143208405e-02
1.082311693901712168e-02
1.080635381088694037e-02
1.078961664675494661e-02
1.077290540639705939e-02
1.075622004965160784e-02
1.073956053641924799e-02
1.072292682666285170e-02
1.070631888040741303e-02
1.068973665773995281e-02
1.067318011880942150e-02
1.065664922382659509e-02
1.064014393306399013e-02
1.062366420685576136e-02
1.060721000559759417e-02
1.059078128974662997e-02
1.057437801982134482e-02
1.055800015640147999e-02
1.054164766012792055e-02
1.052532049170262253e-02
1.050901861188849838e-02
1.049274198150933375e-02
1.047649056144967818e-02
1.046026431265477223e-02
1.044406319613043303e-02
1.042788717294296230e-02
1.041173620421906310e-02
1.039561025114573226e-02
1.037950927497016847e-02
1.036343323699969246e-02
1.034738209860162905e-02
1.033135582120323082e-02
1.031535436629157573e-02
1.029937769541348046e-02
1.028342577017540144e-02
1.026749855224333950e-02
1.025159600334276007e-02
1.023571808525847691e-02
1.021986475983458452e-02
1.020403598897435052e-02
1.018823173464012376e-02
1.017245195885325103e-02
1.015669662369396778e-02
1.014096569130132179e-02
1.012525912387308297e-02
1.010957688366563925e-02
1.009391893299390469e-02
1.007828523423124484e-02
1.006267574980936573e-02
1.004709044221823409e-02
1.003152927400598540e-02
1.001599220777883020e-02
1.000047920620096217e-02
9.984990231994474857e-03
9.969525247939255846e-03
9.954084216872922594e-03
9.938667101690702721e-03
9.923273865345362890e-03
9.907904470847116868e-03
9.892558881263528378e-03
9.877237059719426102e-03
9.861938969396816940e-03
9.846664573534790604e-03
9.831413835429438086e-03
9.816186718433763184e-03
9.800983185957573215e-03
9.785803201467421775e-03
9.770646728486494237e-03
9.755513730594536637e-03
9.740404171427761992e-03
9.725318014678753162e-03
9.710255224096386514e-03
9.695215763485741725e-03
9.680199596708011570e-03
9.665206687680415187e-03
9.650237000376111346e-03
9.635290498824111705e-03
9.620367147109190609e-03
9.605466909371803558e-03
9.590589749807993530e-03
9.575735632669307718e-03
9.560904522262717725e-03
9.546096382950520695e-03
9.531311179150259508e-03
9.516548875334642985e-03
9.501809436031443540e-03
9.487092825823426057e-03
9.472399009348259416e-03
9.457727951298421087e-03
9.443079616421129474e-03
9.428453969518245034e-03
9.413850975446181810e-03
9.399270599115836303e-03
9.384712805492495535e-03
9.370177559595750313e-03
9.355664826499411960e-03
9.341174571331430782e-03
9.326706759273805866e-03
9.312261355562510487e-03
9.297838325487400163e-03
9.283437634392127658e-03
9.269059247674063182e-03
9.254703130784211126e-03
9.240369249227126797e-03
9.226057568560829675e-03
9.211768054396721889e-03
9.197500672399504945e-03
9.183255388287098198e-03
9.169032167830557314e-03
9.154830976853982338e-03
9.140651781234448298e-03
9.126494546901909796e-03
9.112359239839135094e-03
9.098245826081607229e-03
9.084154271717451157e-03
9.070084542887347015e-03
9.056036605784453797e-03
9.042010426654324348e-03
9.028005971794822102e-03
9.014023207556043013e-03
9.000062100340235766e-03
8.986122616601716767e-03
8.972204722846786884e-03
8.958308385633658583e-03
8.944433571572370928e-03
8.930580247324704582e-03
8.916748379604105476e-03
8.902937935175608483e-03
8.889148880855755885e-03
8.875381183512507169e-03
8.861634810065169635e-03
8.847909727484315132e-03
8.834205902791700260e-03
8.820523303060191778e-03
8.806861895413671190e-03
8.793221647026982710e-03
8.779602525125823967e-03
8.766004496986685296e-03
8.752427529936771672e-03
8.738871591353910770e-03
8.725336648666488781e-03
8.711822669353361942e-03
8.698329620943778470e-03
8.684857471017309177e-03
8.671406187203764201e-03
8.657975737183102802e-03
8.644566088685379582e-03
8.631177209490645610e-03
8.617809067428880768e-03
8.604461630379915682e-03
8.591134866273350199e-03
8.577828743088477051e-03
8.564543228854214207e-03
8.551278291649007726e-03
8.538033899600779714e-03
8.524810020886827711e-03
8.511606623733762242e-03
8.498423676417425285e-03
8.485261147262822615e-03
8.472119004644026660e-03
8.458997216984127931e-03
8.445895752755137875e-03
8.432814580477916017e-03
8.419753668722102305e-03
8.406712986106033847e-03
8.393692501296675518e-03
8.380692183009540164e-03
8.367712000008608805e-03
8.354751921106266452e-03
8.341811915163218835e-03
8.328891951088417817e-03
8.315991997838993732e-03
8.303112024420168658e-03
8.290251999885188752e-03
8.277411893335254872e-03
8.264591673919434098e-03
8.251791310834604223e-03
8.239010773325354878e-03
8.226250030683937217e-03
8.213509052250178924e-03
8.200787807411407879e-03
8.188086265602386241e-03
8.175404396305228916e-03
8.162742169049335902e-03
8.150099553411315964e-03
8.137476519014913770e-03
8.124873035530938772e-03
8.112289072677187143e-03
8.099724600218374121e-03
8.087179587966057681e-03
8.074654005778569149e-03
8.062147823560935136e-03
8.049661011264818561e-03
8.037193538888419767e-03
8.024745376476434891e-03
8.012316494119963925e-03
7.999906861956444792e-03
7.987516450169577023e-03
7.975145228989266241e-03
7.962793168691523552e-03
7.950460239598423906e-03
7.938146412078014164e-03
7.925851656544250640e-03
7.913575943456929718e-03
7.901319243321604582e-03
7.889081526689531443e-03
7.876862764157584532e-03
7.864662926368190185e-03
7.852481984009262658e-03
7.840319907814122594e-03
7.828176668561429366e-03
7.816052237075115164e-03
7.803946584224315600e-03
7.791859680923291648e-03
7.779791498131367194e-03
7.767742006852855312e-03
7.755711178136986267e-03
7.743698983077847674e-03
7.731705392814302961e-03
7.719730378529927189e-03
7.707773911452939393e-03
7.695835962856133194e-03
7.683916504056801343e-03
7.672015506416673264e-03
7.660132941341845671e-03
7.648268780282711440e-03
7.636422994733891093e-03
7.624595556234164268e-03
7.612786436366403807e-03
7.600995606757502895e-03
7.589223039078310876e-03
7.577468705043562125e-03
7.565732576411809268e-03
7.554014624985355524e-03
7.542314822610186181e-03
7.530633141175902684e-03
7.518969552615650635e-03
7.507324028906056483e-03
7.495696542067159865e-03
7.484087064162342484e-03
7.472495567298264793e-03
7.460922023624796603e-03
7.449366405334952035e-03
7.437828684664821860e-03
7.426308833893504116e-03
7.414806825343042522e-03
7.403322631378353620e-03
7.391856224407168663e-03
7.380407576879956418e-03
7.368976661289866788e-03
7.357563450172657088e-03
7.346167916106634797e-03
7.334790031712579497e-03
7.323429769653689962e-03
7.312087102635505230e-03
7.300762003405851693e-03
7.289454444754771105e-03
7.278164399514451197e-03
7.266891840559169292e-03
7.255636740805221190e-03
7.244399073210856972e-03
7.233178810776213358e-03
7.221975926543259053e-03
7.210790393595714956e-03
7.199622185059002116e-03
7.188471274100170609e-03
7.177337633927834484e-03
7.166221237792110184e-03
7.155122058984550622e-03
7.144040070838085336e-03
7.132975246726948500e-03
7.121927560066616467e-03
7.110896984313754866e-03
7.099883492966137070e-03
7.088887059562597355e-03
7.077907657682950236e-03
7.066945260947944500e-03
7.055999843019187742e-03
7.045071377599085652e-03
7.034159838430782165e-03
7.023265199298091808e-03
7.012387434025438987e-03
7.001526516477797266e-03
6.990682420560619982e-03
6.979855120219784735e-03
6.969044589441524863e-03
6.958250802252372198e-03
6.947473732719089412e-03
6.936713354948611035e-03
6.925969643087981874e-03
6.915242571324290224e-03
6.904532113884610627e-03
6.893838245035939678e-03
6.883160939085136189e-03
6.872500170378852656e-03
6.861855913303485828e-03
6.851228142285101241e-03
6.840616831789384650e-03
6.830021956321566563e-03
6.819443490426377145e-03
6.808881408687969886e-03
6.798335685729870424e-03
6.787806296214912369e-03
6.777293214845176578e-03
6.766796416361928711e-03
6.756315875545560248e-03
6.745851567215524307e-03
6.735403466230285331e-03
6.724971547487246237e-03
6.714555785922694635e-03
6.704156156511740378e-03
6.693772634268258317e-03
6.683405194244821518e-03
6.673053811532652681e-03
6.662718461261553891e-03
6.652399118599850239e-03
6.642095758754328234e-03
6.631808356970184636e-03
6.621536888530952722e-03
6.611281328758458926e-03
6.601041653012745640e-03
6.590817836692029578e-03
6.580609855232631526e-03
6.570417684108921692e-03
6.560241298833254658e-03
6.550080674955921674e-03
6.539935788065084736e-03
6.529806613786712406e-03
6.519693127784535573e-03
6.509595305759974596e-03
6.499513123452088995e-03
6.489446556637520208e-03
6.479395581130425671e-03
6.469360172782427643e-03
6.459340307482551620e-03
6.449335961157175168e-03
6.439347109769955925e-03
6.429373729321788238e-03
6.419415795850737239e-03
6.409473285431985939e-03
6.399546174177771045e-03
6.389634438237335248e-03
6.379738053796859577e-03
6.369856997079415689e-03
6.359991244344901686e-03
6.350140771889985734e-03
6.340305556048054028e-03
6.330485573189149201e-03
6.320680799719913950e-03
6.310891212083537261e-03
6.301116786759696289e-03
6.291357500264497388e-03
6.281613329150422323e-03
6.271884250006270166e-03
6.262170239457106984e-03
6.252471274164200787e-03
6.242787330824966022e-03
6.233118386172918461e-03
6.223464416977609291e-03
6.213825400044566995e-03
6.204201312215252249e-03
6.194592130366992876e-03
6.184997831412935264e-03
6.175418392301980190e-03
6.165853790018735979e-03
6.156304001583462124e-03
6.146769004052005970e-03
6.137248774515756747e-03
6.127743290101586582e-03
6.118252527971797597e-03
6.108776465324061190e-03
6.099315079391370333e-03
6.089868347441983187e-03
6.080436246779363264e-03
6.071018754742130846e-03
6.061615848704010948e-03
6.052227506073764793e-03
6.042853704295155122e-03
6.033494420846876802e-03
6.024149633242506519e-03
6.014819319030455941e-03
6.005503455793906667e-03
5.996202021150763388e-03
5.986914992753599243e-03
5.977642348289600310e-03
5.968384065480512694e-03
5.959140122082589620e-03
5.949910495886537656e-03
5.940695164717462069e-03
5.931494106434817386e-03
5.922307298932347544e-03
5.913134720138041658e-03
5.903976348014070702e-03
5.894832160556741536e-03
5.885702135796446605e-03
5.876586251797599747e-03
5.867484486658596302e-03
5.858396818511752389e-03
5.849323225523252005e-03
5.840263685893104517e-03
5.831218177855077012e-03
5.822186679676653528e-03
5.813169169658980416e-03
5.804165626136812556e-03
5.795176027478459585e-03
5.786200352085738192e-03
5.777238578393915740e-03
5.768290684871663423e-03
5.759356650021001632e-03
5.750436452377247903e-03
5.741530070508964016e-03
5.732637483017910020e-03
5.723758668538987855e-03
5.714893605740190181e-03
5.706042273322550935e-03
5.697204650020095025e-03
5.688380714599783686e-03
5.679570445861465040e-03
5.670773822637828997e-03
5.661990823794341328e-03
5.653221428229211580e-03
5.644465614873328888e-03
5.635723362690216870e-03
5.626994650675979856e-03
5.618279457859258648e-03
5.609577763301173275e-03
5.600889546095274424e-03
5.592214785367496596e-03
5.583553460276103469e-03
5.574905550011641925e-03
5.566271033796890005e-03
5.557649890886804007e-03
5.549042100568473378e-03
5.540447642161069539e-03
5.531866495015794714e-03
5.523298638515834226e-03
5.514744052076304449e-03
5.506202715144209447e-03
5.497674607198381122e-03
5.489159707749440183e-03
5.480657996339739768e-03
5.472169452543322946e-03
5.463694055965864597e-03
5.455231786244632390e-03
5.446782623048430395e-03
5.438346546077550518e-03
5.429923535063735200e-03
5.421513569770110633e-03
5.413116629991146858e-03
5.404732695552617872e-03
5.396361746311536568e-03
5.388003762156116580e-03
5.379658723005725438e-03
5.371326608810828192e-03
5.363007399552944914e-03
5.354701075244602988e-03
5.346407615929287677e-03
5.338127001681391808e-03
5.329859212606172410e-03
5.321604228839696936e-03
5.313362030548805966e-03
5.305132597931050756e-03
5.296915911214659413e-03
5.288711950658482250e-03
5.280520696551944948e-03
5.272342129215002587e-03
5.264176228998089339e-03
5.256022976282077701e-03
5.247882351478227320e-03
5.239754335028132086e-03
5.231638907403687172e-03
5.223536049107027450e-03
5.215445740670489327e-03
5.207367962656562176e-03
5.199302695657841492e-03
5.191249920296981193e-03
5.183209617226645048e-03
5.175181767129470242e-03
5.167166350718006666e-03
5.159163348734681354e-03
5.151172741951745571e-03
5.143194511171233184e-03
5.135228637224914690e-03
5.127275100974246040e-03
5.119333883310327876e-03
5.111404965153856957e-03
5.103488327455078452e-03
5.095583951193749517e-03
5.087691817379077705e-03
5.079811907049693216e-03
5.071944201273588179e-03
5.064088681148081091e-03
5.056245327799764773e-03
5.048414122384465609e-03
5.040595046087198439e-03
5.032788080122117987e-03
5.024993205732473760e-03
5.017210404190570149e-03
5.009439656797713518e-03
5.001680944884174911e-03
4.993934249809142342e-03
4.986199552960671362e-03
4.978476835755649491e-03
4.970766079639743311e-03
4.963067266087356835e-03
4.955380376601591606e-03
4.947705392714194655e-03
4.940042295985515135e-03
4.932391068004465286e-03
4.924751690388474469e-03
4.917124144783441460e-03
4.909508412863693681e-03
4.901904476331941235e-03
4.894312316919234400e-03
4.886731916384917662e-03
4.879163256516591551e-03
4.871606319130058864e-03
4.864061086069292571e-03
4.856527539206382908e-03
4.849005660441499214e-03
4.841495431702842224e-03
4.833996834946602435e-03
4.826509852156921077e-03
4.819034465345841539e-03
4.811570656553266871e-03
4.804118407846917280e-03
4.796677701322288496e-03
4.789248519102604941e-03
4.781830843338784158e-03
4.774424656209383042e-03
4.767029939920564008e-03
4.759646676706049892e-03
4.752274848827079713e-03
4.744914438572366173e-03
4.737565428258054892e-03
4.730227800227680170e-03
4.722901536852125957e-03
4.715586620529574682e-03
4.708283033685479492e-03
4.700990758772506141e-03
4.693709778270502633e-03
4.686440074686450651e-03
4.679181630554428255e-03
4.671934428435561316e-03
4.664698450917989687e-03
4.657473680616818629e-03
4.650260100174083248e-03
4.643057692258697328e-03
4.635866439566422963e-03
4.628686324819821125e-03
4.621517330768213500e-03
4.614359440187640847e-03
4.607212635880820507e-03
4.600076900677101295e-03
4.592952217432435744e-03
4.585838569029320258e-03
4.578735938376770828e-03
4.571644308410268386e-03
4.564563662091728445e-03
4.557493982409453401e-03
4.550435252378094361e-03
4.543387455038610384e-03
4.536350573458225975e-03
4.529324590730393792e-03
4.522309489974750407e-03
4.515305254337077280e-03
4.508311866989259988e-03
4.501329311129250929e-03
4.494357569981020754e-03
4.487396626794528005e-03
4.480446464845672279e-03
4.473507067436255195e-03
4.466578417893943102e-03
4.459660499572222839e-03
4.452753295850367908e-03
4.445856790133388171e-03
4.438970965852000357e-03
4.432095806462584692e-03
4.425231295447141534e-03
4.418377416313258414e-03
4.411534152594065797e-03
4.404701487848197185e-03
4.397879405659751821e-03
4.391067889638254791e-03
4.384266923418615389e-03
4.377476490661092422e-03
4.370696575051249977e-03
4.363927160299920123e-03
4.357168230143169084e-03
4.350419768342245197e-03
4.343681758683552892e-03
4.336954184978608455e-03
4.330237031064000999e-03
4.323530280801352564e-03
4.316833918077282554e-03
4.310147926803364372e-03
4.303472290916095927e-03
4.296806994376845858e-03
4.290152021171830983e-03
4.283507355312068596e-03
4.276872980833339166e-03
4.270248881796149046e-03
4.263635042285694905e-03
4.257031446411819499e-03
4.250438078308976103e-03
4.243854922136196424e-03
4.237281962077039422e-03
4.230719182339568764e-03
4.224166567156300775e-03
4.217624100784174955e-03
4.211091767504515811e-03
4.204569551622993825e-03
4.198057437469582091e-03
4.191555409398528553e-03
4.185063451788314376e-03
4.178581549041611443e-03
4.172109685585252865e-03
4.165647845870189617e-03
4.159196014371457570e-03
4.152754175588136733e-03
4.146322314043315686e-03
4.139900414284053420e-03
4.133488460881343772e-03
4.127086438430078129e-03
4.120694331549002928e-03
4.114312124880697107e-03
4.107939803091515719e-03
4.101577350871566524e-03
4.095224752934671815e-03
4.088881994018326790e-03
4.082549058883667460e-03
4.076225932315430747e-03
4.069912599121919793e-03
4.063609044134968394e-03
4.057315252209899373e-03
4.051031208225496817e-03
4.044756897083960981e-03
4.038492303710877925e-03
4.032237413055183954e-03
4.025992210089121386e-03
4.019756679808209922e-03
4.013530807231211091e-03
4.007314577400087480e-03
4.001107975379967173e-03
3.994910986259114262e-03
3.988723595148886344e-03
3.982545787183698963e-03
3.976377547520995245e-03
3.970218861341205142e-03
3.964069713847709862e-03
3.957930090266811515e-03
3.951799975847692346e-03
3.945679355862380042e-03
3.939568215605714768e-03
3.933466540395312745e-03
3.927374315571528079e-03
3.921291526497423276e-03
3.915218158558728470e-03
3.909154197163810206e-03
3.903099627743634135e-03
3.897054435751730762e-03
3.891018606664160308e-03
3.884992125979479325e-03
3.878974979218704263e-03
3.872967151925275041e-03
3.866968629665023822e-03
3.860979398026139018e-03
3.854999442619130162e-03
3.849028749076791912e-03
3.843067303054173260e-03
3.837115090228540235e-03
3.831172096299343376e-03
3.825238306988179571e-03
3.819313708038762564e-03
3.813398285216886962e-03
3.807492024310391368e-03
3.801594911129128895e-03
3.795706931504929001e-03
3.789828071291565827e-03
3.783958316364723507e-03
3.778097652621963207e-03
3.772246065982685394e-03
3.766403542388102078e-03
3.760570067801197788e-03
3.754745628206698771e-03
3.748930209611039607e-03
3.743123798042324608e-03
3.737326379550303095e-03
3.731537940206326471e-03
3.725758466103322192e-03
3.719987943355755611e-03
3.714226358099599612e-03
3.708473696492298188e-03
3.702729944712736514e-03
3.696995088961205819e-03
3.691269115459369990e-03
3.685552010450234353e-03
3.679843760198109673e-03
3.674144350988583097e-03
3.668453769128481728e-03
3.662772000945839230e-03
3.657099032789867636e-03
3.651434851030920491e-03
3.645779442060461187e-03
3.640132792291030442e-03
3.634494888156212036e-03
3.628865716110604191e-03
3.623245262629782703e-03
3.617633514210272325e-03
3.612030457369509468e-03
3.606436078645815745e-03
3.600850364598358940e-03
3.595273301807127425e-03
3.589704876872893292e-03
3.584145076417181996e-03
3.578593887082238967e-03
3.573051295531000544e-03
3.567517288447057990e-03
3.561991852534627124e-03
3.556474974518518406e-03
3.550966641144101370e-03
3.545466839177275568e-03
3.539975555404437178e-03
3.534492776632448211e-03
3.529018489688604855e-03
3.523552681420604946e-03
3.518095338696517176e-03
3.512646448404748573e-03
3.507205997454015435e-03
3.501773972773307344e-03
3.496350361311861572e-03
3.490935150039126654e-03
3.485528325944733333e-03
3.480129876038463334e-03
3.474739787350219003e-03
3.469358046929989052e-03
3.463984641847820366e-03
3.458619559193787212e-03
3.453262786077956545e-03
3.447914309630361988e-03
3.442574117000969571e-03
3.437242195359645636e-03
3.431918531896132121e-03
3.426603113820007526e-03
3.421295928360664797e-03
3.415996962767271859e-03
3.410706204308748633e-03
3.405423640273731040e-03
3.400149257970544979e-03
3.394883044727170767e-03
3.389624987891218418e-03
3.384375074829891212e-03
3.379133292929959679e-03
3.373899629597730369e-03
3.368674072259015932e-03
3.363456608359101287e-03
3.358247225362719340e-03
3.353045910754016284e-03
3.347852652036523418e-03
3.342667436733127214e-03
3.337490252386038966e-03
3.332321086556763561e-03
3.327159926826073026e-03
3.322006760793973137e-03
3.316861576079674356e-03
3.311724360321564951e-03
3.306595101177177160e-03
3.301473786323160312e-03
3.296360403455250460e-03
3.291254940288240900e-03
3.286157384555951372e-03
3.281067724011202044e-03
3.275985946425777513e-03
3.270912039590405992e-03
3.265845991314724611e-03
3.260787789427249499e-03
3.255737421775351057e-03
3.250694876225218403e-03
3.245660140661836383e-03
3.240633202988952612e-03
3.235614051129050584e-03
3.230602673023318886e-03
3.225599056631623437e-03
3.220603189932477999e-03
3.215615060923014256e-03
3.210634657618957524e-03
3.205661968054590756e-03
3.200696980282732428e-03
3.195739682374703142e-03
3.190790062420299604e-03
3.185848108527766440e-03
3.180913808823764531e-03
3.175987151453345866e-03
3.171068124579921876e-03
3.166156716349971794e-03
3.161252914052329731e-03
3.156356706854848444e-03
3.151468083046781842e-03
3.146587032226715389e-03
3.141713540795297837e-03
3.136847597516547858e-03
3.131989190699689500e-03
3.127138308672108499e-03
3.122294939779273783e-03
3.117459072384702774e-03
3.112630694869909787e-03
3.107809795633364753e-03
3.102996363093916705e-03
3.098190385686878500e-03
3.093391851865482690e-03
3.088600750100966956e-03
3.083817068882424052e-03
3.079040796716775788e-03
3.074271922128744405e-03
3.069510433660825686e-03
3.064756319873260335e-03
3.060009569344007089e-03
3.055270170668717561e-03
3.050538112460702417e-03
3.045813383350912725e-03
3.041095971987903962e-03
3.036385867037817796e-03
3.031683057184344360e-03
3.026987531128705767e-03
3.022299277589621420e-03
3.017618285303283725e-03
3.012944543023330767e-03
3.008278039520818990e-03
3.003618763584196306e-03
2.998966704019276081e-03
2.994321849649208937e-03
2.989684189314457171e-03
2.985053711872764828e-03
2.980430406199136018e-03
2.975814261185804992e-03
2.971205265742208387e-03
2.966603408794961372e-03
2.962008679287829460e-03
2.957421066181702054e-03
2.952840558454566857e-03
2.948267145101482120e-03
2.943700815134551053e-03
2.939141557582893634e-03
2.934589361492624931e-03
2.930044215926823001e-03
2.925506109965505044e-03
2.920975032705603117e-03
2.916450973260935504e-03
2.911933920762179405e-03
2.907423864356850109e-03
2.902920793209268907e-03
2.898424696500540108e-03
2.893935563428524579e-03
2.889453383207813298e-03
2.884978145069703927e-03
2.880509838262169595e-03
2.876048452049839808e-03
2.871593975713968797e-03
2.867146398552412098e-03
2.862705709879603561e-03
2.858271899026525002e-03
2.853844955340681475e-03
2.849424868186079159e-03
2.845011626943197165e-03
2.840605221008960218e-03
2.836205639796717838e-03
2.831812872736215719e-03
2.827426909273569270e-03
2.823047738871242371e-03
2.818675351008017443e-03
2.814309735178975071e-03
2.809950880895461904e-03
2.805598777685074617e-03
2.801253415091626078e-03
2.796914782675124968e-03
2.792582870011750193e-03
2.788257666693824428e-03
2.783939162329790266e-03
2.779627346544185935e-03
2.775322208977616667e-03
2.771023739286736058e-03
2.766731927144214839e-03
2.762446762238720925e-03
2.758168234274890798e-03
2.753896332973307815e-03
2.749631048070475762e-03
2.745372369318794994e-03
2.741120286486537286e-03
2.736874789357822413e-03
2.732635867732591262e-03
2.728403511426583713e-03
2.724177710271313054e-03
2.719958454114040393e-03
2.715745732817755140e-03
2.711539536261143354e-03
2.707339854338568219e-03
2.703146676960046201e-03
2.698959994051219283e-03
2.694779795553335026e-03
2.690606071423217067e-03
2.686438811633247350e-03
2.682278006171337492e-03
2.678123645040904506e-03
2.673975718260850846e-03
2.669834215865536219e-03
2.665699127904756337e-03
2.661570444443717327e-03
2.657448155563011880e-03
2.653332251358597998e-03
2.649222721941770810e-03
2.645119557439142618e-03
2.641022747992618613e-03
2.636932283759372154e-03
2.632848154911819182e-03
2.628770351637597837e-03
2.624698864139545472e-03
2.620633682635671331e-03
2.616574797359137467e-03
2.612522198558230122e-03
2.608475876496341508e-03
2.604435821451943790e-03
2.600402023718564794e-03
2.596374473604765899e-03
2.592353161434120777e-03
2.588338077545188510e-03
2.584329212291491904e-03
2.580326556041494940e-03
2.576330099178579351e-03
2.572339832101020775e-03
2.568355745221966198e-03
2.564377828969410973e-03
2.560406073786176268e-03
2.556440470129884776e-03
2.552481008472938170e-03
2.548527679302496716e-03
2.544580473120451949e-03
2.540639380443408899e-03
2.536704391802657894e-03
2.532775497744155484e-03
2.528852688828502320e-03
2.524935955630916700e-03
2.521025288741214621e-03
2.517120678763789827e-03
2.513222116317584322e-03
2.509329592036070589e-03
2.505443096567229466e-03
2.501562620573525436e-03
2.497688154731883634e-03
2.493819689733673371e-03
2.489957216284676908e-03
2.486100725105072975e-03
2.482250206929413790e-03
2.478405652506601633e-03
2.474567052599867169e-03
2.470734397986746027e-03
2.466907679459059283e-03
2.463086887822889173e-03
2.459272013898557846e-03
2.455463048520604812e-03
2.451659982537765254e-03
2.447862806812947049e-03
2.444071512223212114e-03
2.440286089659751689e-03
2.436506530027862487e-03
2.432732824246928906e-03
2.428964963250400486e-03
2.425202937985767183e-03
2.421446739414541589e-03
2.417696358512233350e-03
2.413951786268331810e-03
2.410213013686279566e-03
2.406480031783454245e-03
2.402752831591146825e-03
2.399031404154536914e-03
2.395315740532676270e-03
2.391605831798461913e-03
2.387901669038620077e-03
2.384203243353679759e-03
2.380510545857954068e-03
2.376823567679519841e-03
2.373142299960192929e-03
2.369466733855510408e-03
2.365796860534706298e-03
2.362132671180694216e-03
2.358474156990041787e-03
2.354821309172952862e-03
2.351174118953242801e-03
2.347532577568322426e-03
2.343896676269173300e-03
2.340266406320327345e-03
2.336641758999845591e-03
2.333022725599299529e-03
2.329409297423746823e-03
2.325801465791712229e-03
2.322199222035166780e-03
2.318602557499507399e-03
2.315011463543534785e-03
2.311425931539432595e-03
2.307845952872748796e-03
2.304271518942371810e-03
2.300702621160514039e-03
2.297139250952686708e-03
2.293581399757681650e-03
2.290029059027551359e-03
2.286482220227588173e-03
2.282940874836300853e-03
2.279405014345397672e-03
2.275874630259765597e-03
2.272349714097445569e-03
2.268830257389622095e-03
2.265316251680588987e-03
2.261807688527740258e-03
2.258304559501546262e-03
2.254806856185531151e-03
2.251314570176257690e-03
2.247827693083300805e-03
2.244346216529231539e-03
2.240870132149598397e-03
2.237399431592901767e-03
2.233934106520578302e-03
2.230474148606980105e-03
2.227019549539352612e-03
2.223570301017818978e-03
2.220126394755354057e-03
2.216687822477769656e-03
2.213254575923693721e-03
2.209826646844546480e-03
2.206404027004526570e-03
2.202986708180587616e-03
2.199574682162418714e-03
2.196167940752425784e-03
2.192766475765711189e-03
2.189370279030053781e-03
2.185979342385889826e-03
2.182593657686295215e-03
2.179213216796959882e-03
2.175838011596177828e-03
2.172468033974815031e-03
2.169103275836304669e-03
2.165743729096613300e-03
2.162389385684233053e-03
2.159040237540155172e-03
2.155696276617852670e-03
2.152357494883261682e-03
2.149023884314762382e-03
2.145695436903157730e-03
2.142372144651656131e-03
2.139053999575850611e-03
2.135740993703703211e-03
2.132433119075520262e-03
2.129130367743937210e-03
2.125832731773898230e-03
2.122540203242640183e-03
2.119252774239666591e-03
2.115970436866735499e-03
2.112693183237836919e-03
2.109421005479175486e-03
2.106153895729150505e-03
2.102891846138338176e-03
2.099634848869469904e-03
2.096382896097419291e-03
2.093135980009176115e-03
2.089894092803832888e-03
2.086657226692564468e-03
2.083425373898607682e-03
2.080198526657245708e-03
2.076976677215787263e-03
2.073759817833548819e-03
2.070547940781834219e-03
2.067341038343919937e-03
2.064139102815032954e-03
2.060942126502334285e-03
2.057750101724899455e-03
2.054563020813699424e-03
2.051380876111584105e-03
2.048203659973263716e-03
2.045031364765286658e-03
2.041863982866027813e-03
2.038701506665664253e-03
2.035543928566160062e-03
2.032391240981245954e-03
2.029243436336406262e-03
2.026100507068852481e-03
2.022962445627511131e-03
2.019829244473005537e-03
2.016700896077632411e-03
2.013577392925351445e-03
2.010458727511760593e-03
2.007344892344082622e-03
2.004235879941145167e-03
2.001131682833359911e-03
1.998032293562711746e-03
1.994937704682733619e-03
1.991847908758493085e-03
1.988762898366573228e-03
1.985682666095053145e-03
1.982607204543494067e-03
1.979536506322916375e-03
1.976470564055787457e-03
1.973409370375998721e-03
1.970352917928851720e-03
1.967301199371039068e-03
1.964254207370626226e-03
1.961211934607034590e-03
1.958174373771024140e-03
1.955141517564676530e-03
1.952113358701373187e-03
1.949089889905784899e-03
1.946071103913848618e-03
1.943056993472752928e-03
1.940047551340918965e-03
1.937042770287984370e-03
1.934042643094784856e-03
1.931047162553337733e-03
1.928056321466823687e-03
1.925070112649569874e-03
1.922088528927033213e-03
1.919111563135782834e-03
1.916139208123482721e-03
1.913171456748874368e-03
1.910208301881759219e-03
1.907249736402982397e-03
1.904295753204415798e-03
1.901346345188939654e-03
1.898401505270427142e-03
1.895461226373726816e-03
1.892525501434643960e-03
1.889594323399926062e-03
1.886667685227245029e-03
1.883745579885179192e-03
1.880828000353197910e-03
1.877914939621643789e-03
1.875006390691716634e-03
1.872102346575455455e-03
1.869202800295722416e-03
1.866307744886186362e-03
1.863417173391305245e-03
1.860531078866310738e-03
1.857649454377189799e-03
1.854772293000669274e-03
1.851899587824198772e-03
1.849031331945934394e-03
1.846167518474722043e-03
1.843308140530080510e-03
1.840453191242184556e-03
1.837602663751851037e-03
1.834756551210517872e-03
1.831914846780232330e-03
1.829077543633631084e-03
1.826244634953926114e-03
1.823416113934886061e-03
1.820591973780822347e-03
1.817772207706571394e-03
1.814956808937478582e-03
1.812145770709381763e-03
1.809339086268595435e-03
1.806536748871894697e-03
1.803738751786498331e-03
1.800945088290052329e-03
1.798155751670615357e-03
1.795370735226641630e-03
1.792590032266964213e-03
1.789813636110779626e-03
1.787041540087632449e-03
1.784273737537397540e-03
1.781510221810266590e-03
1.778750986266728826e-03
1.775996024277558434e-03
1.773245329223796345e-03
1.770498894496734402e-03
1.767756713497901921e-03
1.765018779639045956e-03
1.762285086342118938e-03
1.759555627039260895e-03
1.756830395172785143e-03
1.754109384195160718e-03
1.751392587568997850e-03
1.748679998767031915e-03
1.745971611272108476e-03
1.743267418577166151e-03
1.740567414185222733e-03
1.737871591609357631e-03
1.735179944372696901e-03
1.732492466008400027e-03
1.729809150059640832e-03
1.727129990079594906e-03
1.724454979631420953e-03
1.721784112288249086e-03
1.719117381633162396e-03
1.716454781259182851e-03
1.713796304769255475e-03
1.711141945776233813e-03
1.708491697902863454e-03
1.705845554781766638e-03
1.703203510055428371e-03
1.700565557376180386e-03
1.697931690406185527e-03
1.695301902817422136e-03
1.692676188291670396e-03
1.690054540520496279e-03
1.687436953205235504e-03
1.684823420056979874e-03
1.682213934796562317e-03
1.679608491154539317e-03
1.677007082871178776e-03
1.674409703696443964e-03
1.671816347389977258e-03
1.669227007721087565e-03
1.666641678468732323e-03
1.664060353421506228e-03
1.661483026377622583e-03
1.658909691144901371e-03
1.656340341540751913e-03
1.653774971392160285e-03
1.651213574535673493e-03
1.648656144817383642e-03
1.646102676092914925e-03
1.643553162227407360e-03
1.641007597095503999e-03
1.638465974581333794e-03
1.635928288578498155e-03
1.633394532990056422e-03
1.630864701728511551e-03
1.628338788715794289e-03
1.625816787883249291e-03
1.623298693171619945e-03
1.620784498531035794e-03
1.618274197920994972e-03
1.615767785310352062e-03
1.613265254677302913e-03
1.610766600009369250e-03
1.608271815303385661e-03
1.605780894565484850e-03
1.603293831811082462e-03
1.600810621064862769e-03
1.598331256360765442e-03
1.595855731741970375e-03
1.593384041260883588e-03
1.590916178979121616e-03
1.588452138967500447e-03
1.585991915306018182e-03
1.583535502083841581e-03
1.581082893399292843e-03
1.578634083359835294e-03
1.576189066082057336e-03
1.573747835691660744e-03
1.571310386323445264e-03
1.568876712121294740e-03
1.566446807238162800e-03
1.564020665836059632e-03
1.561598282086036583e-03
1.559179650168174454e-03
1.556764764271566367e-03
1.554353618594306926e-03
1.551946207343475083e-03
1.549542524735123732e-03
1.547142564994263446e-03
1.544746322354849030e-03
1.542353791059765432e-03
1.539964965360815377e-03
1.537579839518703976e-03
1.535198407803024844e-03
1.532820664492247961e-03
1.530446603873704273e-03
1.528076220243573336e-03
1.525709507906867915e-03
1.523346461177421413e-03
1.520987074377875290e-03
1.518631341839662800e-03
1.516279257902997070e-03
1.513930816916858081e-03
1.511586013238976631e-03
1.509244841235823920e-03
1.506907295282595939e-03
1.504573369763200245e-03
1.502243059070242949e-03
1.499916357605014187e-03
1.497593259777477495e-03
1.495273760006251814e-03
1.492957852718602377e-03
1.490645532350425538e-03
1.488336793346234019e-03
1.486031630159146289e-03
1.483730037250871603e-03
1.481432009091697205e-03
1.479137540160474235e-03
1.476846624944605805e-03
1.474559257940032250e-03
1.472275433651219637e-03
1.469995146591144804e-03
1.467718391281283433e-03
1.465445162251596605e-03
1.463175454040516708e-03
1.460909261194935941e-03
1.458646578270192222e-03
1.456387399830055525e-03
1.454131720446716824e-03
1.451879534700772694e-03
1.449630837181214039e-03
1.447385622485412209e-03
1.445143885219106212e-03
1.442905619996389267e-03
1.440670821439697527e-03
1.438439484179794472e-03
1.436211602855761143e-03
1.433987172114980970e-03
1.431766186613127193e-03
1.429548641014151585e-03
1.427334529990269274e-03
1.425123848221947903e-03
1.422916590397893533e-03
1.420712751215039366e-03
1.418512325378531004e-03
1.416315307601715822e-03
1.414121692606128003e-03
1.411931475121478785e-03
1.409744649885640412e-03
1.407561211644636160e-03
1.405381155152626675e-03
1.403204475171897616e-03
1.401031166472846640e-03
1.398861223833971264e-03
1.396694642041855202e-03
1.394531415891158820e-03
1.392371540184602881e-03
1.390215009732958780e-03
1.388061819355034237e-03
1.385911963877662235e-03
1.383765438135688012e-03
1.381622236971956266e-03
1.379482355237300313e-03
1.377345787790526478e-03
1.375212529498406715e-03
1.373082575235660832e-03
1.370955919884948469e-03
1.368832558336853696e-03
1.366712485489875693e-03
1.364595696250413791e-03
1.362482185532756839e-03
1.360371948259070417e-03
1.358264979359384691e-03
1.356161273771582269e-03
1.354060826441386492e-03
1.351963632322348424e-03
1.349869686375835143e-03
1.347778983571017598e-03
1.345691518884858896e-03
1.343607287302101732e-03
1.341526283815257323e-03
1.339448503424590453e-03
1.337373941138111444e-03
1.335302591971562281e-03
1.333234450948403600e-03
1.331169513099804934e-03
1.329107773464630179e-03
1.327049227089428926e-03
1.324993869028421060e-03
1.322941694343488092e-03
1.320892698104158625e-03
1.318846875387597950e-03
1.316804221278596769e-03
1.314764730869557099e-03
1.312728399260483167e-03
1.310695221558967529e-03
1.308665192880181100e-03
1.306638308346859921e-03
1.304614563089293673e-03
1.302593952245315045e-03
1.300576470960286947e-03
1.298562114387091446e-03
1.296550877686118491e-03
1.294542756025251606e-03
1.292537744579860945e-03
1.290535838532787683e-03
1.288537033074334476e-03
1.286541323402252881e-03
1.284548704721732515e-03
1.282559172245388698e-03
1.280572721193253124e-03
1.278589346792758904e-03
1.276609044278731887e-03
1.274631808893378739e-03
1.272657635886274364e-03
1.270686520514351060e-03
1.268718458041888332e-03
1.266753443740499009e-03
1.264791472889121009e-03
1.262832540774003025e-03
1.260876642688694548e-03
1.258923773934035031e-03
1.256973929818142174e-03
1.255027105656400218e-03
1.253083296771448666e-03
1.251142498493172097e-03
1.249204706158687367e-03
1.247269915112334720e-03
1.245338120705663911e-03
1.243409318297424449e-03
1.241483503253555188e-03
1.239560670947171313e-03
1.237640816758554590e-03
1.235723936075141648e-03
1.233810024291513794e-03
1.231899076809384866e-03
1.229991089037589524e-03
1.228086056392076100e-03
1.226183974295889890e-03
1.224284838179166444e-03
1.222388643479119632e-03
1.220495385640028635e-03
1.218605060113230358e-03
1.216717662357105550e-03
1.214833187837069915e-03
1.212951632025561968e-03
1.211072990402032408e-03
1.209197258452934364e-03
1.207324431671710383e-03
1.205454505558783756e-03
1.203587475621546374e-03
1.201723337374348104e-03
1.199862086338486815e-03
1.198003718042197534e-03
1.196148228020639656e-03
1.194295611815889349e-03
1.192445864976926550e-03
1.190598983059625634e-03
1.188754961626742410e-03
1.186913796247907179e-03
1.185075482499611723e-03
1.183240015965198247e-03
1.181407392234849188e-03
1.179577606905578757e-03
1.177750655581219280e-03
1.175926533872412088e-03
1.174105237396597329e-03
1.172286761778001821e-03
1.170471102647630815e-03
1.168658255643255850e-03
1.166848216409405647e-03
1.165040980597353100e-03
1.163236543865107464e-03
1.161434901877402871e-03
1.159636050305688348e-03
1.157839984828116543e-03
1.156046701129533755e-03
1.154256194901469735e-03
1.152468461842128585e-03
1.150683497656374444e-03
1.148901298055726499e-03
1.147121858758344678e-03
1.145345175489020321e-03
1.143571243979167725e-03
1.141800059966810920e-03
1.140031619196575858e-03
1.138265917419678920e-03
1.136502950393917600e-03
1.134742713883659000e-03
1.132985203659831602e-03
1.131230415499912467e-03
1.129478345187919647e-03
1.127728988514400694e-03
1.125982341276422901e-03
1.124238399277563329e-03
1.122497158327897312e-03
1.120758614243991301e-03
1.119022762848890075e-03
1.117289599972108496e-03
1.115559121449619800e-03
1.113831323123847363e-03
1.112106200843653416e-03
1.110383750464329728e-03
1.108663967847587414e-03
1.106946848861548038e-03
1.105232389380730613e-03
1.103520585286045085e-03
1.101811432464781066e-03
1.100104926810598072e-03
1.098401064223515329e-03
1.096699840609902457e-03
1.095001251882468836e-03
1.093305293960254937e-03
1.091611962768621481e-03
1.089921254239239893e-03
1.088233164310083850e-03
1.086547688925417138e-03
1.084864824035785408e-03
1.083184565598005987e-03
1.081506909575159422e-03
1.079831851936577120e-03
1.078159388657835057e-03
1.076489515720740553e-03
1.074822229113325985e-03
1.073157524829835771e-03
1.071495398870720307e-03
1.069835847242623381e-03
1.068178865958373941e-03
1.066524451036976982e-03
1.064872598503602708e-03
1.063223304389578072e-03
1.061576564732375936e-03
1.059932375575607481e-03
1.058290732969010498e-03
1.056651632968442231e-03
1.055015071635867670e-03
1.053381045039351307e-03
1.051749549253048035e-03
1.050120580357193165e-03
1.048494134438091811e-03
1.046870207588112374e-03
1.045248795905673756e-03
1.043629895495239287e-03
1.042013502467304580e-03
1.040399612938389942e-03
1.038788223031030617e-03
1.037179328873767247e-03
1.035572926601135892e-03
1.033969012353660880e-03
1.032367582277843093e-03
1.030768632526151730e-03
1.029172159257016285e-03
1.027578158634815048e-03
1.025986626829867524e-03
1.024397560018424020e-03
1.022810954382657837e-03
1.021226806110655302e-03
1.019645111396406869e-03
1.018065866439796718e-03
1.016489067446596029e-03
1.014914710628451924e-03
1.013342792202879010e-03
1.011773308393251140e-03
1.010206255428789269e-03
1.008641629544557118e-03
1.007079426981447945e-03
1.005519643986178260e-03
1.003962276811277629e-03
1.002407321715077836e-03
1.000854774961708977e-03
9.993046328210849344e-04
9.977568915688979530e-04
9.962115474866078003e-04
9.946685968614341761e-04
9.931280359863469548e-04
9.915898611600577287e-04
9.900540686870107007e-04
9.885206548773735769e-04
9.869896160470288931e-04
9.854609485175655579e-04
9.839346486162693119e-04
9.824107126761144875e-04
9.808891370357546852e-04
9.793699180395151836e-04
9.778530520373818809e-04
9.763385353849950068e-04
9.748263644436386049e-04
9.733165355802326189e-04
9.718090451673241101e-04
9.703038895830780417e-04
9.688010652112694727e-04
9.673005684412738000e-04
9.658023956680588436e-04
9.643065432921760650e-04
9.628130077197518929e-04
9.613217853624785080e-04
9.598328726376063619e-04
9.583462659679344194e-04
9.568619617818024600e-04
9.553799565130818633e-04
9.539002466011674763e-04
9.524228284909687240e-04
9.509476986329015854e-04
9.494748534828789449e-04
9.480042895023034358e-04
9.465360031580582253e-04
9.450699909224986655e-04
9.436062492734435120e-04
9.421447746941672254e-04
9.406855636733904309e-04
9.392286127052728705e-04
9.377739182894032121e-04
9.363214769307925435e-04
9.348712851398645069e-04
9.334233394324476006e-04
9.319776363297666141e-04
9.305341723584346046e-04
9.290929440504441155e-04
9.276539479431588275e-04
9.262171805793055360e-04
9.247826385069656940e-04
9.233503182795673890e-04
9.219202164558764527e-04
9.204923295999887633e-04
9.190666542813218966e-04
9.176431870746065613e-04
9.162219245598786843e-04
9.148028633224710620e-04
9.133859999530052291e-04
9.119713310473830017e-04
9.105588532067789963e-04
9.091485630376316312e-04
9.077404571516355363e-04
9.063345321657329890e-04
9.049307847021059985e-04
9.035292113881685004e-04
9.021298088565578993e-04
9.007325737451267206e-04
8.993375026969349130e-04
8.979445923602420417e-04
8.965538393884987236e-04
8.951652404403386042e-04
8.937787921795708763e-04
8.923944912751713898e-04
8.910123344012754959e-04
8.896323182371695905e-04
8.882544394672837410e-04
8.868786947811821463e-04
8.855050808735570643e-04
8.841335944442202475e-04
8.827642321980940518e-04
8.813969908452048236e-04
8.800318671006746593e-04
8.786688576847129489e-04
8.773079593226091114e-04
8.759491687447241385e-04
8.745924826864835471e-04
8.732378978883688142e-04
8.718854110959103291e-04
8.705350190596781784e-04
8.691867185352756403e-04
8.678405062833312702e-04
8.664963790694905519e-04
8.651543336644083090e-04
8.638143668437412229e-04
8.624764753881397020e-04
8.611406560832407259e-04
8.598069057196593883e-04
8.584752210929813077e-04
8.571455990037557971e-04
8.558180362574869735e-04
8.544925296646272523e-04
8.531690760405685661e-04
8.518476722056352078e-04
8.505283149850764593e-04
8.492110012090585674e-04
8.478957277126573716e-04
8.465824913358504979e-04
8.452712889235102032e-04
8.439621173253948096e-04
8.426549733961425249e-04
8.413498539952625520e-04
8.400467559871288006e-04
8.387456762409707797e-04
8.374466116308677431e-04
8.361495590357401241e-04
8.348545153393425967e-04
8.335614774302560525e-04
8.322704422018804447e-04
8.309814065524274160e-04
8.296943673849127088e-04
8.284093216071484675e-04
8.271262661317362996e-04
8.258451978760595778e-04
8.245661137622761760e-04
8.232890107173112051e-04
8.220138856728486645e-04
8.207407355653255875e-04
8.194695573359235844e-04
8.182003479305615789e-04
8.169331042998891936e-04
8.156678233992786190e-04
8.144045021888176748e-04
8.131431376333025452e-04
8.118837267022302982e-04
8.106262663697920553e-04
8.093707536148647512e-04
8.081171854210046288e-04
8.068655587764404086e-04
8.056158706740648321e-04
8.043681181114284819e-04
8.031222980907321918e-04
8.018784076188194580e-04
8.006364437071703671e-04
7.993964033718927061e-04
7.981582836337164323e-04
7.969220815179859762e-04
7.956877940546524348e-04
7.944554182782673918e-04
7.932249512279748943e-04
7.919963899475055986e-04
7.907697314851680958e-04
7.895449728938431664e-04
7.883221112309758650e-04
7.871011435585686901e-04
7.858820669431745365e-04
7.846648784558900823e-04
7.834495751723478734e-04
7.822361541727098190e-04
7.810246125416605775e-04
7.798149473683995336e-04
7.786071557466345099e-04
7.774012347745752616e-04
7.761971815549250199e-04
7.749949931948747458e-04
7.737946668060958653e-04
7.725961995047333315e-04
7.713995884113986849e-04
7.702048306511631148e-04
7.690119233535504121e-04
7.678208636525303554e-04
7.666316486865113388e-04
7.654442755983344084e-04
7.642587415352657815e-04
7.630750436489890402e-04
7.618931790956007949e-04
7.607131450356012514e-04
7.595349386338890070e-04
7.583585570597535692e-04
7.571839974868684172e-04
7.560112570932852553e-04
7.548403330614256645e-04
7.536712225780752483e-04
7.525039228343773437e-04
7.513384310258251070e-04
7.501747443522556588e-04
7.490128600178431453e-04
7.478527752310915825e-04
7.466944872048287846e-04
7.455379931561993169e-04
7.443832903066577734e-04
7.432303758819625971e-04
7.420792471121685991e-04
7.409299012316207782e-04
7.397823354789477080e-04
7.386365470970551392e-04
7.374925333331183025e-04
7.363502914385769210e-04
7.352098186691274039e-04
7.340711122847160160e-04
7.329341695495338906e-04
7.317989877320087893e-04
7.306655641047991390e-04
7.295338959447877436e-04
7.284039805330751703e-04
7.272758151549723769e-04
7.261493970999961583e-04
7.250247236618599309e-04
7.239017921384696122e-04
7.227805998319155982e-04
7.216611440484674506e-04
7.205434220985660904e-04
7.194274312968188109e-04
7.183131689619915794e-04
7.172006324170032915e-04
7.160898189889192654e-04
7.149807260089443032e-04
7.138733508124174868e-04
7.127676907388039379e-04
7.116637431316902643e-04
7.105615053387769704e-04
7.094609747118728197e-04
7.083621486068876786e-04
7.072650243838273128e-04
7.061695994067853635e-04
7.050758710439391196e-04
7.039838366675410606e-04
7.028934936539145200e-04
7.018048393834455537e-04
7.007178712405782777e-04
6.996325866138073876e-04
6.985489828956724118e-04
6.974670574827514236e-04
6.963868077756546439e-04
6.953082311790182617e-04
6.942313251014982541e-04
6.931560869557642059e-04
6.920825141584930219e-04
6.910106041303624210e-04
6.899403542960454074e-04
6.888717620842031144e-04
6.878048249274800342e-04
6.867395402624964281e-04
6.856759055298427977e-04
6.846139181740741380e-04
6.835535756437025653e-04
6.824948753911931967e-04
6.814378148729554772e-04
6.803823915493394927e-04
6.793286028846278390e-04
6.782764463470316099e-04
6.772259194086821575e-04
6.761770195456263217e-04
6.751297442378204668e-04
6.740840909691236515e-04
6.730400572272920989e-04
6.719976405039729088e-04
6.709568382946986360e-04
6.699176480988801351e-04
6.688800674198015729e-04
6.678440937646143568e-04
6.668097246443301963e-04
6.657769575738164405e-04
6.647457900717890309e-04
6.637162196608071890e-04
6.626882438672670192e-04
6.616618602213958714e-04
6.606370662572468109e-04
6.596138595126911381e-04
6.585922375294148102e-04
6.575721978529103099e-04
6.565537380324719830e-04
6.555368556211900758e-04
6.545215481759442296e-04
6.535078132573986015e-04
6.524956484299949261e-04
6.514850512619476362e-04
6.504760193252371410e-04
6.494685501956046214e-04
6.484626414525458508e-04
6.474582906793057736e-04
6.464554954628723253e-04
6.454542533939706863e-04
6.444545620670575356e-04
6.434564190803153047e-04
6.424598220356467562e-04
6.414647685386683706e-04
6.404712561987054671e-04
6.394792826287856984e-04
6.384888454456342805e-04
6.374999422696670534e-04
6.365125707249859278e-04
6.355267284393720543e-04
6.345424130442817038e-04
6.335596221748382439e-04
6.325783534698289955e-04
6.315986045716978593e-04
6.306203731265401123e-04
6.296436567840967696e-04
6.286684531977494890e-04
6.276947600245138485e-04
6.267225749250342507e-04
6.257518955635788275e-04
6.247827196080328258e-04
6.238150447298935119e-04
6.228488686042655100e-04
6.218841889098531035e-04
6.209210033289561158e-04
6.199593095474647056e-04
6.189991052548526450e-04
6.180403881441722241e-04
6.170831559120490461e-04
6.161274062586759564e-04
6.151731368878079467e-04
6.142203455067565170e-04
6.132690298263843631e-04
6.123191875610989798e-04
6.113708164288479989e-04
6.104239141511140932e-04
6.094784784529086886e-04
6.085345070627662173e-04
6.075919977127399981e-04
6.066509481383955144e-04
6.057113560788054268e-04
6.047732192765443689e-04
6.038365354776834178e-04
6.029013024317841311e-04
6.019675178918938848e-04
6.010351796145401273e-04
6.001042853597251744e-04
5.991748328909203558e-04
5.982468199750612435e-04
5.973202443825422316e-04
5.963951038872105726e-04
5.954713962663616073e-04
5.945491193007329100e-04
5.936282707744997347e-04
5.927088484752691608e-04
5.917908501940746715e-04
5.908742737253709501e-04
5.899591168670293264e-04
5.890453774203311624e-04
5.881330531899630829e-04
5.872221419840127458e-04
5.863126416139619046e-04
5.854045498946820704e-04
5.844978646444293083e-04
5.835925836848387081e-04
5.826887048409196135e-04
5.817862259410492252e-04
5.808851448169686984e-04
5.799854593037773957e-04
5.790871672399280088e-04
5.781902664672203783e-04
5.772947548307975907e-04
5.764006301791399067e-04
5.755078903640602076e-04
5.746165332406982492e-04
5.737265566675157826e-04
5.728379585062915672e-04
5.719507366221159494e-04
5.710648888833858754e-04
5.701804131617999039e-04
5.692973073323530017e-04
5.684155692733307980e-04
5.675351968663057889e-04
5.666561879961312664e-04
5.657785405509363312e-04
5.649022524221212300e-04
5.640273215043520435e-04
5.631537456955552651e-04
5.622815228969135727e-04
5.614106510128602989e-04
5.605411279510739021e-04
5.596729516224738460e-04
5.588061199412156128e-04
5.579406308246845228e-04
5.570764821934920483e-04
5.562136719714697421e-04
5.553521980856652258e-04
5.544920584663364438e-04
5.536332510469474345e-04
5.527757737641624761e-04
5.519196245578414243e-04
5.510648013710357004e-04
5.502113021499816783e-04
5.493591248440973232e-04
5.485082674059761198e-04
5.476587277913828444e-04
5.468105039592484687e-04
5.459635938716649560e-04
5.451179954938807073e-04
5.442737067942958994e-04
5.434307257444567383e-04
5.425890503190519904e-04
5.417486784959059344e-04
5.409096082559761934e-04
5.400718375833466877e-04
5.392353644652239479e-04
5.384001868919314777e-04
5.375663028569066092e-04
5.367337103566929141e-04
5.359024073909382513e-04
5.350723919623877204e-04
5.342436620768803001e-04
5.334162157433434276e-04
5.325900509737884446e-04
5.317651657833059355e-04
5.309415581900601977e-04
5.301192262152854473e-04
5.292981678832802891e-04
5.284783812214037058e-04
5.276598642600698530e-04
5.268426150327431808e-04
5.260266315759343139e-04
5.252119119291947386e-04
5.243984541351121411e-04
5.235862562393063958e-04
5.227753162904238190e-04
5.219656323401333743e-04
5.211572024431215767e-04
5.203500246570878307e-04
5.195440970427397682e-04
5.187394176637883693e-04
5.179359845869441680e-04
5.171337958819118312e-04
5.163328496213853876e-04
5.155331438810442169e-04
5.147346767395478452e-04
5.139374462785319337e-04
5.131414505826030741e-04
5.123466877393348861e-04
5.115531558392623791e-04
5.107608529758780489e-04
5.099697772456278670e-04
5.091799267479055332e-04
5.083912995850483566e-04
5.076038938623332435e-04
5.068177076879712764e-04
5.060327391731037029e-04
5.052489864317972730e-04
5.044664475810396861e-04
5.036851207407351452e-04
5.029050040336996950e-04
5.021260955856568856e-04
5.013483935252333263e-04
5.005718959839535907e-04
4.997966010962365301e-04
4.990225069993901776e-04
4.982496118336081706e-04
4.974779137419637872e-04
4.967074108704070193e-04
4.959381013677590429e-04
4.951699833857083153e-04
4.944030550788059124e-04
4.936373146044614095e-04
4.928727601229381102e-04
4.921093897973483847e-04
4.913472017936500917e-04
4.905861942806415913e-04
4.898263654299574079e-04
4.890677134160635684e-04
4.883102364162539158e-04
4.875539326106451761e-04
4.867988001821727299e-04
4.860448373165864380e-04
4.852920422024458716e-04
4.845404130311162455e-04
4.837899479967640282e-04
4.830406452963526584e-04
4.822925031296382086e-04
4.815455196991647773e-04
4.807996932102605856e-04
4.800550218710333697e-04
4.793115038923663148e-04
4.785691374879135558e-04
4.778279208740957864e-04
4.770878522700964098e-04
4.763489298978567689e-04
4.756111519820724592e-04
4.748745167501880709e-04
4.741390224323941533e-04
4.734046672616220642e-04
4.726714494735402301e-04
4.719393673065493751e-04
4.712084190017789436e-04
4.704786028030824921e-04
4.697499169570332981e-04
4.690223597129207283e-04
4.682959293227454138e-04
4.675706240412154553e-04
4.668464421257420322e-04
4.661233818364352824e-04
4.654014414361000744e-04
4.646806191902321036e-04
4.639609133670131763e-04
4.632423222373075237e-04
4.625248440746575185e-04
4.618084771552795017e-04
4.610932197580596076e-04
4.603790701645496444e-04
4.596660266589631906e-04
4.589540875281707165e-04
4.582432510616967110e-04
4.575335155517144771e-04
4.568248792930423917e-04
4.561173405831400567e-04
4.554108977221038536e-04
4.547055490126632031e-04
4.540012927601759030e-04
4.532981272726249299e-04
4.525960508606135060e-04
4.518950618373615753e-04
4.511951585187015754e-04
4.504963392230744261e-04
4.497986022715255174e-04
4.491019459877005357e-04
4.484063686978416148e-04
4.477118687307832701e-04
4.470184444179481158e-04
4.463260940933435044e-04
4.456348160935565930e-04
4.449446087577513080e-04
4.442554704276637369e-04
4.435673994475982252e-04
4.428803941644236905e-04
4.421944529275692853e-04
4.415095740890207106e-04
4.408257560033159881e-04
4.401429970275417733e-04
4.394612955213292359e-04
4.387806498468502648e-04
4.381010583688134570e-04
4.374225194544601055e-04
4.367450314735602966e-04
4.360685927984091150e-04
4.353932018038228491e-04
4.347188568671344917e-04
4.340455563681905955e-04
4.333732986893468826e-04
4.327020822154645577e-04
4.320319053339064051e-04
4.313627664345328857e-04
4.306946639096982340e-04
4.300275961542465004e-04
4.293615615655080819e-04
4.286965585432956022e-04
4.280325854898999003e-04
4.273696408100866148e-04
4.267077229110918476e-04
4.260468302026187482e-04
4.253869610968335027e-04
4.247281140083615926e-04
4.240702873542841634e-04
4.234134795541334706e-04
4.227576890298900608e-04
4.221029142059785975e-04
4.214491535092636872e-04
4.207964053690467347e-04
4.201446682170617152e-04
4.194939404874716503e-04
4.188442206168645427e-04
4.181955070442502313e-04
4.175477982110557839e-04
4.169010925611226783e-04
4.162553885407023024e-04
4.156106845984524852e-04
4.149669791854341356e-04
4.143242707551066887e-04
4.136825577633253411e-04
4.130418386683364974e-04
4.124021119307749511e-04
4.117633760136592768e-04
4.111256293823886319e-04
4.104888705047391785e-04
4.098530978508600178e-04
4.092183098932697209e-04
4.085845051068526961e-04
4.079516819688555574e-04
4.073198389588833295e-04
4.066889745588957617e-04
4.060590872532039122e-04
4.054301755284663543e-04
4.048022378736853264e-04
4.041752727802035887e-04
4.035492787417005196e-04
4.029242542541884293e-04
4.023001978160089826e-04
4.016771079278297287e-04
4.010549830926404694e-04
4.004338218157493020e-04
3.998136226047798000e-04
3.991943839696666225e-04
3.985761044226523693e-04
3.979587824782837872e-04
3.973424166534084622e-04
3.967270054671711340e-04
3.961125474410100633e-04
3.954990410986535085e-04
3.948864849661163105e-04
3.942748775716959893e-04
3.936642174459697085e-04
3.930545031217904804e-04
3.924457331342834799e-04
3.918379060208429542e-04
3.912310203211283202e-04
3.906250745770608029e-04
3.900200673328198578e-04
3.894159971348400270e-04
3.888128625318068186e-04
3.882106620746536172e-04
3.876093943165585397e-04
3.870090578129398813e-04
3.864096511214540016e-04
3.858111728019908253e-04
3.852136214166707517e-04
3.846169955298413485e-04
3.840212937080735565e-04
3.834265145201586544e-04
3.828326565371044637e-04
3.822397183321320419e-04
3.816476984806723219e-04
3.810565955603626418e-04
3.804664081510433305e-04
3.798771348347542375e-04
3.792887741957314267e-04
3.787013248204035981e-04
3.781147852973891065e-04
3.775291542174918414e-04
3.769444301736986792e-04
3.763606117611754173e-04
3.757776975772639553e-04
3.751956862214785005e-04
3.746145762955023148e-04
3.740343664031844624e-04
3.734550551505364489e-04
3.728766411457286431e-04
3.722991229990872957e-04
3.717224993230909612e-04
3.711467687323671371e-04
3.705719298436890114e-04
3.699979812759722096e-04
3.694249216502714880e-04
3.688527495897770477e-04
3.682814637198117153e-04
3.677110626678276365e-04
3.671415450634024267e-04
3.665729095382363524e-04
3.660051547261490784e-04
3.654382792630759278e-04
3.648722817870652790e-04
3.643071609382746634e-04
3.637429153589678377e-04
3.631795436935115855e-04
3.626170445883719769e-04
3.620554166921118207e-04
3.614946586553868693e-04
3.609347691309428376e-04
3.603757467736118793e-04
3.598175902403099842e-04
3.592602981900329135e-04
3.587038692838536509e-04
3.581483021849188255e-04
3.575935955584457295e-04
3.570397480717187955e-04
3.564867583940868850e-04
3.559346251969594402e-04
3.553833471538038816e-04
3.548329229401421384e-04
3.542833512335475592e-04
3.537346307136416041e-04
3.531867600620907017e-04
3.526397379626034292e-04
3.520935631009266642e-04
3.515482341648431988e-04
3.510037498441678913e-04
3.504601088307450637e-04
3.499173098184450324e-04
3.493753515031611267e-04
3.488342325828063819e-04
3.482939517573107203e-04
3.477545077286174277e-04
3.472158992006803345e-04
3.466781248794608339e-04
3.461411834729240873e-04
3.456050736910367478e-04
3.450697942457633277e-04
3.445353438510634337e-04
3.440017212228882980e-04
3.434689250791781215e-04
3.429369541398585505e-04
3.424058071268380743e-04
3.418754827640045017e-04
3.413459797772223046e-04
3.408172968943292574e-04
3.402894328451334547e-04
3.397623863614103847e-04
3.392361561768995675e-04
3.387107410273020622e-04
3.381861396502767255e-04
3.376623507854380440e-04
3.371393731743520142e-04
3.366172055605341903e-04
3.360958466894459987e-04
3.355752953084918644e-04
3.350555501670163922e-04
3.345366100163011682e-04
3.340184736095618326e-04
3.335011397019449898e-04
3.329846070505253349e-04
3.324688744143027811e-04
3.319539405541990437e-04
3.314398042330550932e-04
3.309264642156281729e-04
3.304139192685885467e-04
3.299021681605165176e-04
3.293912096618998794e-04
3.288810425451307732e-04
3.283716655845023797e-04
3.278630775562065892e-04
3.273552772383304769e-04
3.268482634108537560e-04
3.263420348556459035e-04
3.258365903564628004e-04
3.253319286989441285e-04
3.248280486706104980e-04
3.243249490608603029e-04
3.238226286609671191e-04
3.233210862640763434e-04
3.228203206652028082e-04
3.223203306612275830e-04
3.218211150508951015e-04
3.213226726348102883e-04
3.208250022154359566e-04
3.203281025970893393e-04
3.198319725859399202e-04
3.193366109900058563e-04
3.188420166191517548e-04
3.183481882850853670e-04
3.178551248013548772e-04
3.173628249833461922e-04
3.168712876482799061e-04
3.163805116152084806e-04
3.158904957050135353e-04
3.154012387404028653e-04
3.149127395459077315e-04
3.144249969478798783e-04
3.139380097744890949e-04
3.134517768557196910e-04
3.129662970233683828e-04
3.124815691110412576e-04
3.119975919541508459e-04
3.115143643899133028e-04
3.110318852573460227e-04
3.105501533972642781e-04
3.100691676522787806e-04
3.095889268667929156e-04
3.091094298869997612e-04
3.086306755608795400e-04
3.081526627381966921e-04
3.076753902704971642e-04
3.071988570111054825e-04
3.067230618151225302e-04
3.062480035394222404e-04
3.057736810426489398e-04
3.053000931852146928e-04
3.048272388292970242e-04
3.043551168388350164e-04
3.038837260795278997e-04
3.034130654188314747e-04
3.029431337259557810e-04
3.024739298718619532e-04
3.020054527292601065e-04
3.015377011726061928e-04
3.010706740780995610e-04
3.006043703236798673e-04
3.001387887890249063e-04
2.996739283555474673e-04
2.992097879063929490e-04
2.987463663264363235e-04
2.982836625022801304e-04
2.978216753222508455e-04
2.973604036763971450e-04
2.968998464564863828e-04
2.964400025560029093e-04
2.959808708701444397e-04
2.955224502958199396e-04
2.950647397316469691e-04
2.946077380779488089e-04
2.941514442367520218e-04
2.936958571117835788e-04
2.932409756084685282e-04
2.927867986339271773e-04
2.923333250969725977e-04
2.918805539081077531e-04
2.914284839795230051e-04
2.909771142250937824e-04
2.905264435603774906e-04
2.900764709026112899e-04
2.896271951707091673e-04
2.891786152852597689e-04
2.887307301685233091e-04
2.882835387444294029e-04
2.878370399385741379e-04
2.873912326782177983e-04
2.869461158922820450e-04
2.865016885113475854e-04
2.860579494676513540e-04
2.856148976950838563e-04
2.851725321291873798e-04
2.847308517071523077e-04
2.842898553678153842e-04
2.838495420516567330e-04
2.834099107007976887e-04
2.829709602589980323e-04
2.825326896716531724e-04
2.820950978857923556e-04
2.816581838500753065e-04
2.812219465147902209e-04
2.807863848318512185e-04
2.803514977547955783e-04
2.799172842387814071e-04
2.794837432405849293e-04
2.790508737185984269e-04
2.786186746328272578e-04
2.781871449448875791e-04
2.777562836180039077e-04
2.773260896170061927e-04
2.768965619083280810e-04
2.764676994600039355e-04
2.760395012416662331e-04
2.756119662245436132e-04
2.751850933814577876e-04
2.747588816868215891e-04
2.743333301166361524e-04
2.739084376484887998e-04
2.734842032615502770e-04
2.730606259365722047e-04
2.726377046558852899e-04
2.722154384033960190e-04
2.717938261645846520e-04
2.713728669265030543e-04
2.709525596777717150e-04
2.705329034085776326e-04
2.701138971106718757e-04
2.696955397773669809e-04
2.692778304035346759e-04
2.688607679856036027e-04
2.684443515215566073e-04
2.680285800109286250e-04
2.676134524548039162e-04
2.671989678558140064e-04
2.667851252181351919e-04
2.663719235474859928e-04
2.659593618511252007e-04
2.655474391378486810e-04
2.651361544179879626e-04
2.647255067034070945e-04
2.643154950075007480e-04
2.639061183451915605e-04
2.634973757329278589e-04
2.630892661886813822e-04
2.626817887319449511e-04
2.622749423837296488e-04
2.618687261665633573e-04
2.614631391044874506e-04
2.610581802230550600e-04
2.606538485493285263e-04
2.602501431118771770e-04
2.598470629407747786e-04
2.594446070675974765e-04
2.590427745254210846e-04
2.586415643488192964e-04
2.582409755738609741e-04
2.578410072381078725e-04
2.574416583806124156e-04
2.570429280419154203e-04
2.566448152640436026e-04
2.562473190905075718e-04
2.558504385662992283e-04
2.554541727378896497e-04
2.550585206532268137e-04
2.546634813617331588e-04
2.542690539143034698e-04
2.538752373633024933e-04
2.534820307625627682e-04
2.530894331673819706e-04
2.526974436345214492e-04
2.523060612222029729e-04
2.519152849901073218e-04
2.515251139993713594e-04
2.511355473125863520e-04
2.507465839937952044e-04
2.503582231084906708e-04
2.499704637236126984e-04
2.495833049075464757e-04
2.491967457301201018e-04
2.488107852626022555e-04
2.484254225777000262e-04
2.480406567495569087e-04
2.476564868537503095e-04
2.472729119672891613e-04
2.468899311686122968e-04
2.465075435375856301e-04
2.461257481555002586e-04
2.457445441050702954e-04
2.453639304704304837e-04
2.449839063371339739e-04
2.446044707921503727e-04
2.442256229238634656e-04
2.438473618220687237e-04
2.434696865779715418e-04
2.430925962841847714e-04
2.427160900347267970e-04
2.423401669250190417e-04
2.419648260518840162e-04
2.415900665135431230e-04
2.412158874096143794e-04
2.408422878411104666e-04
2.404692669104362352e-04
2.400968237213869168e-04
2.397249573791457116e-04
2.393536669902817553e-04
2.389829516627479781e-04
2.386128105058788547e-04
2.382432426303883986e-04
2.378742471483679939e-04
2.375058231732841724e-04
2.371379698199764996e-04
2.367706862046555958e-04
2.364039714449008868e-04
2.360378246596584622e-04
2.356722449692390427e-04
2.353072314953157844e-04
2.349427833609222735e-04
2.345788996904503302e-04
2.342155796096479761e-04
2.338528222456171576e-04
2.334906267268119023e-04
2.331289921830360966e-04
2.327679177454413718e-04
2.324074025465250163e-04
2.320474457201279978e-04
2.316880464014327398e-04
2.313292037269611980e-04
2.309709168345725828e-04
2.306131848634614351e-04
2.302560069541556478e-04
2.298993822485141073e-04
2.295433098897249320e-04
2.291877890223032225e-04
2.288328187920890826e-04
2.284783983462455057e-04
2.281245268332565039e-04
2.277712034029247777e-04
2.274184272063699806e-04
2.270661973960263883e-04
2.267145131256411100e-04
2.263633735502719197e-04
2.260127778262851421e-04
2.256627251113539449e-04
2.253132145644558997e-04
2.249642453458713010e-04
2.246158166171810522e-04
2.242679275412644431e-04
2.239205772822973881e-04
2.235737650057504744e-04
2.232274898783865767e-04
2.228817510682593126e-04
2.225365477447107927e-04
2.221918790783695876e-04
2.218477442411488578e-04
2.215041424062443205e-04
2.211610727481323529e-04
2.208185344425676877e-04
2.204765266665818140e-04
2.201350485984809174e-04
2.197940994178436847e-04
2.194536783055196230e-04
2.191137844436268371e-04
2.187744170155503224e-04
2.184355752059396875e-04
2.180972582007075010e-04
2.177594651870271231e-04
2.174221953533309168e-04
2.170854478893081605e-04
2.167492219859031781e-04
2.164135168353133870e-04
2.160783316309872659e-04
2.157436655676226193e-04
2.154095178411643825e-04
2.150758876488029409e-04
2.147427741889720431e-04
2.144101766613469302e-04
2.140780942668423306e-04
2.137465262076106978e-04
2.134154716870401776e-04
2.130849299097527379e-04
2.127549000816022172e-04
2.124253814096723999e-04
2.120963731022752817e-04
2.117678743689488743e-04
2.114398844204556059e-04
2.111124024687802614e-04
2.107854277271280306e-04
2.104589594099228551e-04
2.101329967328052870e-04
2.098075389126306724e-04
2.094825851674674173e-04
2.091581347165949272e-04
2.088341867805018181e-04
2.085107405808840739e-04
2.081877953406430129e-04
2.078653502838836617e-04
2.075434046359126957e-04
2.072219576232366492e-04
2.069010084735601273e-04
2.065805564157837998e-04
2.062606006800026665e-04
2.059411404975041327e-04
2.056221751007663288e-04
2.053037037234559689e-04
2.049857256004267245e-04
2.046682399677173816e-04
2.043512460625499427e-04
2.040347431233278388e-04
2.037187303896340312e-04
2.034032071022293044e-04
2.030881725030502329e-04
2.027736258352076095e-04
2.024595663429844933e-04
2.021459932718343668e-04
2.018329058683794282e-04
2.015203033804086399e-04
2.012081850568760751e-04
2.008965501478990746e-04
2.005853979047562410e-04
2.002747275798859750e-04
1.999645384268844699e-04
1.996548297005040036e-04
1.993456006566509601e-04
1.990368505523843119e-04
1.987285786459137490e-04
1.984207841965977554e-04
1.981134664649419278e-04
1.978066247125973497e-04
1.975002582023585313e-04
1.971943661981617833e-04
1.968889479650836173e-04
1.965840027693384969e-04
1.962795298782777254e-04
1.959755285603871156e-04
1.956719980852855527e-04
1.953689377237230701e-04
1.950663467475793585e-04
1.947642244298615976e-04
1.944625700447031279e-04
1.941613828673614719e-04
1.938606621742165726e-04
1.935604072427692481e-04
1.932606173516393218e-04
1.929612917805637517e-04
1.926624298103952213e-04
1.923640307231002419e-04
1.920660938017572557e-04
1.917686183305553343e-04
1.914716035947919563e-04
1.911750488808717065e-04
1.908789534763044051e-04
1.905833166697032649e-04
1.902881377507834276e-04
1.899934160103601479e-04
1.896991507403469500e-04
1.894053412337541641e-04
1.891119867846870835e-04
1.888190866883443107e-04
1.885266402410160774e-04
1.882346467400824823e-04
1.879431054840118649e-04
1.876520157723591794e-04
1.873613769057640968e-04
1.870711881859497046e-04
1.867814489157203109e-04
1.864921583989603057e-04
1.862033159406320743e-04
1.859149208467745335e-04
1.856269724245014510e-04
1.853394699819997107e-04
1.850524128285277404e-04
1.847658002744136964e-04
1.844796316310540532e-04
1.841939062109116526e-04
1.839086233275143752e-04
1.836237822954531348e-04
1.833393824303806042e-04
1.830554230490092911e-04
1.827719034691099658e-04
1.824888230095100892e-04
1.822061809900921050e-04
1.819239767317919220e-04
1.816422095565971252e-04
1.813608787875453762e-04
1.810799837487228961e-04
1.807995237652627299e-04
1.805194981633432834e-04
1.802399062701863985e-04
1.799607474140560795e-04
1.796820209242566224e-04
1.794037261311312874e-04
1.791258623660602111e-04
1.788484289614594312e-04
1.785714252507786639e-04
1.782948505685002464e-04
1.780187042501370773e-04
1.777429856322313697e-04
1.774676940523528079e-04
1.771928288490971109e-04
1.769183893620843520e-04
1.766443749319575221e-04
1.763707849003806594e-04
1.760976186100376842e-04
1.758248754046302844e-04
1.755525546288768854e-04
1.752806556285106719e-04
1.750091777502783407e-04
1.747381203419380948e-04
1.744674827522586140e-04
1.741972643310170214e-04
1.739274644289976368e-04
1.736580823979902151e-04
1.733891175907885363e-04
1.731205693611887256e-04
1.728524370639878435e-04
1.725847200549821242e-04
1.723174176909657014e-04
1.720505293297288198e-04
1.717840543300563981e-04
1.715179920517265113e-04
1.712523418555088187e-04
1.709871031031630459e-04
1.707222751574373584e-04
1.704578573820670609e-04
1.701938491417727265e-04
1.699302498022590047e-04
1.696670587302128862e-04
1.694042752933023208e-04
1.691418988601744555e-04
1.688799288004544960e-04
1.686183644847438637e-04
1.683572052846188675e-04
1.680964505726290504e-04
1.678360997222957799e-04
1.675761521081108659e-04
1.673166071055346902e-04
1.670574640909950682e-04
1.667987224418856498e-04
1.665403815365642658e-04
1.662824407543516542e-04
1.660248994755298335e-04
1.657677570813406937e-04
1.655110129539843697e-04
1.652546664766179946e-04
1.649987170333539648e-04
1.647431640092586664e-04
1.644880067903507943e-04
1.642332447636001057e-04
1.639788773169257121e-04
1.637249038391948330e-04
1.634713237202211147e-04
1.632181363507634385e-04
1.629653411225241309e-04
1.627129374281477176e-04
1.624609246612194319e-04
1.622093022162636705e-04
1.619580694887426647e-04
1.617072258750549088e-04
1.614567707725338315e-04
1.612067035794461972e-04
1.609570236949908588e-04
1.607077305192970772e-04
1.604588234534233830e-04
1.602103018993557065e-04
1.599621652600063742e-04
1.597144129392124830e-04
1.594670443417344093e-04
1.592200588732544536e-04
1.589734559403754312e-04
1.587272349506192899e-04
1.584813953124254563e-04
1.582359364351497791e-04
1.579908577290627396e-04
1.577461586053482056e-04
1.575018384761022112e-04
1.572578967543310593e-04
1.570143328539504548e-04
1.567711461897836880e-04
1.565283361775604424e-04
1.562859022339153036e-04
1.560438437763864042e-04
1.558021602234139873e-04
1.555608509943389698e-04
1.553199155094018040e-04
1.550793531897406616e-04
1.548391634573903226e-04
1.545993457352808737e-04
1.543598994472359742e-04
1.541208240179717443e-04
1.538821188730954100e-04
1.536437834391037309e-04
1.534058171433816994e-04
1.531682194142012935e-04
1.529309896807199050e-04
1.526941273729790925e-04
1.524576319219030909e-04
1.522215027592976454e-04
1.519857393178485213e-04
1.517503410311200397e-04
1.515153073335540209e-04
1.512806376604680495e-04
1.510463314480543361e-04
1.508123881333784430e-04
1.505788071543776312e-04
1.503455879498599116e-04
1.501127299595022017e-04
1.498802326238495941e-04
1.496480953843134045e-04
1.494163176831701963e-04
1.491848989635603708e-04
1.489538386694868124e-04
1.487231362458134244e-04
1.484927911382640181e-04
1.482628027934209303e-04
1.480331706587234781e-04
1.478038941824669564e-04
1.475749728138010385e-04
1.473464060027286377e-04
1.471181932001044978e-04
1.468903338576338109e-04
1.466628274278710244e-04
1.464356733642185947e-04
1.462088711209254689e-04
1.459824201530857569e-04
1.457563199166376469e-04
1.455305698683619694e-04
1.453051694658809225e-04
1.450801181676566901e-04
1.448554154329901949e-04
1.446310607220199058e-04
1.444070534957203470e-04
1.441833932159009327e-04
1.439600793452045847e-04
1.437371113471065122e-04
1.435144886859129930e-04
1.432922108267599361e-04
1.430702772356115809e-04
1.428486873792593590e-04
1.426274407253205929e-04
1.424065367422370869e-04
1.421859748992739881e-04
1.419657546665184587e-04
1.417458755148783207e-04
1.415263369160809173e-04
1.413071383426718391e-04
1.410882792680135419e-04
1.408697591662841809e-04
1.406515775124762553e-04
1.404337337823954434e-04
1.402162274526594094e-04
1.399990580006961775e-04
1.397822249047434538e-04
1.395657276438468379e-04
1.393495656978588468e-04
1.391337385474376409e-04
1.389182456740458045e-04
1.387030865599489363e-04
1.384882606882145110e-04
1.382737675427107133e-04
1.380596066081050564e-04
1.378457773698632701e-04
1.376322793142479726e-04
1.374191119283174785e-04
1.372062746999244698e-04
1.369937671177149936e-04
1.367815886711270525e-04
1.365697388503893308e-04
1.363582171465201368e-04
1.361470230513261027e-04
1.359361560574008285e-04
1.357256156581240422e-04
1.355154013476598922e-04
1.353055126209561066e-04
1.350959489737426115e-04
1.348867099025303920e-04
1.346777949046101916e-04
1.344692034780513464e-04
1.342609351217006737e-04
1.340529893351810901e-04
1.338453656188906082e-04
1.336380634740009545e-04
1.334310824024564847e-04
1.332244219069729377e-04
1.330180814910362965e-04
1.328120606589014603e-04
1.326063589155911874e-04
1.324009757668949568e-04
1.321959107193676128e-04
1.319911632803281727e-04
1.317867329578589048e-04
1.315826192608038380e-04
1.313788216987677587e-04
1.311753397821149370e-04
1.309721730219681236e-04
1.307693209302070593e-04
1.305667830194677428e-04
1.303645588031408049e-04
1.301626477953706136e-04
1.299610495110540274e-04
1.297597634658392569e-04
1.295587891761246994e-04
1.293581261590577732e-04
1.291577739325336708e-04
1.289577320151943289e-04
1.287579999264272632e-04
1.285585771863643209e-04
1.283594633158805160e-04
1.281606578365930798e-04
1.279621602708601064e-04
1.277639701417794137e-04
1.275660869731875136e-04
1.273685102896584197e-04
1.271712396165024543e-04
1.269742744797651640e-04
1.267776144062262092e-04
1.265812589233980350e-04
1.263852075595251400e-04
1.261894598435824499e-04
1.259940153052745040e-04
1.257988734750342902e-04
1.256040338840219977e-04
1.254094960641239872e-04
1.252152595479516799e-04
1.250213238688403913e-04
1.248276885608481121e-04
1.246343531587546405e-04
1.244413171980602000e-04
1.242485802149844907e-04
1.240561417464655777e-04
1.238640013301585906e-04
1.236721585044348829e-04
1.234806128083806495e-04
1.232893637817961141e-04
1.230984109651941461e-04
1.229077538997993668e-04
1.227173921275468750e-04
1.225273251910812444e-04
1.223375526337554936e-04
1.221480739996297577e-04
1.219588888334704753e-04
1.217699966807490739e-04
1.215813970876410214e-04
1.213930896010246061e-04
1.212050737684800152e-04
1.210173491382880744e-04
1.208299152594292589e-04
1.206427716815825949e-04
1.204559179551246035e-04
1.202693536311281476e-04
1.200830782613614031e-04
1.198970913982868008e-04
1.197113925950599156e-04
1.195259814055283824e-04
1.193408573842308655e-04
1.191560200863959616e-04
1.189714690679411423e-04
1.187872038854716970e-04
1.186032240962796080e-04
1.184195292583425886e-04
1.182361189303229035e-04
1.180529926715664072e-04
1.178701500421014593e-04
1.176875906026378133e-04
1.175053139145656409e-04
1.173233195399544344e-04
1.171416070415519356e-04
1.169601759827831471e-04
1.167790259277492066e-04
1.165981564412264121e-04
1.164175670886651232e-04
1.162372574361887590e-04
1.160572270505927269e-04
1.158774754993433659e-04
1.156980023505769839e-04
1.155188071730987062e-04
1.153398895363815402e-04
1.151612490105652912e-04
1.149828851664555458e-04
1.148047975755226287e-04
1.146269858099005588e-04
1.144494494423860736e-04
1.142721880464375722e-04
1.140952011961740445e-04
1.139184884663741224e-04
1.137420494324750773e-04
1.135658836705716405e-04
1.133899907574151906e-04
1.132143702704126013e-04
1.130390217876252925e-04
1.128639448877681735e-04
1.126891391502085995e-04
1.125146041549654767e-04
1.123403394827081922e-04
1.121663447147555430e-04
1.119926194330748281e-04
1.118191632202808049e-04
1.116459756596346187e-04
1.114730563350429892e-04
1.113004048310569776e-04
1.111280207328711734e-04
1.109559036263225692e-04
1.107840530978896395e-04
1.106124687346913513e-04
1.104411501244861339e-04
1.102700968556708763e-04
1.100993085172800190e-04
1.099287846989844696e-04
1.097585249910906817e-04
1.095885289845396248e-04
1.094187962709058893e-04
1.092493264423965760e-04
1.090801190918503873e-04
1.089111738127366928e-04
1.087424901991544717e-04
1.085740678458313777e-04
1.084059063481227365e-04
1.082380053020106102e-04
1.080703643041028083e-04
1.079029829516319660e-04
1.077358608424544735e-04
1.075689975750495546e-04
1.074023927485183856e-04
1.072360459625830111e-04
1.070699568175854498e-04
1.069041249144867185e-04
1.067385498548658831e-04
1.065732312409190430e-04
1.064081686754584765e-04
1.062433617619116247e-04
1.060788101043201294e-04
1.059145133073388976e-04
1.057504709762355325e-04
1.055866827169052007e-04
1.054231481358283213e-04
1.052598668400951768e-04
1.050968384374126357e-04
1.049340625360953430e-04
1.047715387450645278e-04
1.046092666738472171e-04
1.044472459325751788e-04
1.042854761319839867e-04
1.041239568834121391e-04
1.039626877988000835e-04
1.038016684906893357e-04
1.036408985722214764e-04
1.034803776571372846e-04
1.033201053597757610e-04
1.031600812950732749e-04
1.030003050785625201e-04
1.028407763263717022e-04
1.026814946552235625e-04
1.025224596824344836e-04
1.023636710259135410e-04
1.022051283041615946e-04
1.020468311362703946e-04
1.018887791419216462e-04
1.017309719413860881e-04
1.015734091555225846e-04
1.014160904057772445e-04
1.012590153141824722e-04
1.011021835033560604e-04
1.009455945965003490e-04
1.007892482174011959e-04
1.006331439904272173e-04
1.004772815405287719e-04
1.003216604932371066e-04
1.001662804746634761e-04
1.000111411114981800e-04
9.985624203100976377e-05
9.970158286104398868e-05
9.954716323002308612e-05
9.939298276694476849e-05
9.923904110138133470e-05
9.908533786347887055e-05
9.893187268395625938e-05
9.877864519410430120e-05
9.862565502578494016e-05
9.847290181143023458e-05
9.832038518404155733e-05
9.816810477718870137e-05
9.801606022500901241e-05
9.786425116220642665e-05
9.771267722405073896e-05
9.756133804637657288e-05
9.741023326558263524e-05
9.725936251863075393e-05
9.710872544304503763e-05
9.695832167691099490e-05
9.680815085887472106e-05
9.665821262814193590e-05
9.650850662447718414e-05
9.635903248820294092e-05
9.620978986019874447e-05
9.606077838190038294e-05
9.591199769529897283e-05
9.576344744294010519e-05
9.561512726792305956e-05
9.546703681389980109e-05
9.531917572507428936e-05
9.517154364620151617e-05
9.502414022258667879e-05
9.487696510008435330e-05
9.473001792509760011e-05
9.458329834457715078e-05
9.443680600602052716e-05
9.429054055747126885e-05
9.414450164751795745e-05
9.399868892529351179e-05
9.385310204047421219e-05
9.370774064327899570e-05
9.356260438446848033e-05
9.341769291534427388e-05
9.327300588774797103e-05
9.312854295406043507e-05
9.298430376720094408e-05
9.284028798062633715e-05
9.269649524833017409e-05
9.255292522484190874e-05
9.240957756522606226e-05
9.226645192508145066e-05
9.212354796054020897e-05
9.198086532826718143e-05
9.183840368545886435e-05
9.169616268984274207e-05
9.155414199967643312e-05
9.141234127374683644e-05
9.127076017136933174e-05
9.112939835238693931e-05
9.098825547716956101e-05
9.084733120661307227e-05
9.070662520213860385e-05
9.056613712569164731e-05
9.042586663974129611e-05
9.028581340727943243e-05
9.014597709181985984e-05
9.000635735739759855e-05
8.986695386856799093e-05
8.972776629040588839e-05
8.958879428850493308e-05
8.945003752897666340e-05
8.931149567844975511e-05
8.917316840406924879e-05
8.903505537349568251e-05
8.889715625490431929e-05
8.875947071698441534e-05
8.862199842893828485e-05
8.848473906048066309e-05
8.834769228183782545e-05
8.821085776374673366e-05
8.807423517745439879e-05
8.793782419471697328e-05
8.780162448779904615e-05
8.766563572947273504e-05
8.752985759301702207e-05
8.739428975221690010e-05
8.725893188136262728e-05
8.712378365524892749e-05
8.698884474917419074e-05
8.685411483893974130e-05
8.671959360084897039e-05
8.658528071170669914e-05
8.645117584881823001e-05
8.631727868998873682e-05
8.618358891352235682e-05
8.605010619822152655e-05
8.591683022338611453e-05
8.578376066881271650e-05
8.565089721479389646e-05
8.551823954211730582e-05
8.538578733206508701e-05
8.525354026641293842e-05
8.512149802742950450e-05
8.498966029787548130e-05
8.485802676100295241e-05
8.472659710055453514e-05
8.459537100076272998e-05
8.446434814634906684e-05
8.433352822252340026e-05
8.420291091498312340e-05
8.407249590991243621e-05
8.394228289398161357e-05
8.381227155434612438e-05
8.368246157864611657e-05
8.355285265500540066e-05
8.342344447203088056e-05
8.329423671881178105e-05
8.316522908491882113e-05
8.303642126040353632e-05
8.290781293579750622e-05
8.277940380211164977e-05
8.265119355083541208e-05
8.252318187393610038e-05
8.239536846385809795e-05
8.226775301352214585e-05
8.214033521632457043e-05
8.201311476613655147e-05
8.188609135730348524e-05
8.175926468464411712e-05
8.163263444344986399e-05
8.150620032948408238e-05
8.137996203898135018e-05
8.125391926864672127e-05
8.112807171565496655e-05
8.100241907764992348e-05
8.087696105274370993e-05
8.075169733951595181e-05
8.062662763701325440e-05
8.050175164474821312e-05
8.037706906269889847e-05
8.025257959130804289e-05
8.012828293148233604e-05
8.000417878459167940e-05
7.988026685246854932e-05
7.975654683740719740e-05
7.963301844216298642e-05
7.950968136995163141e-05
7.938653532444853557e-05
7.926358000978803132e-05
7.914081513056274333e-05
7.901824039182274830e-05
7.889585549907504635e-05
7.877366015828266661e-05
7.865165407586408443e-05
7.852983695869247599e-05
7.840820851409502714e-05
7.828676844985221512e-05
7.816551647419707667e-05
7.804445229581459824e-05
7.792357562384095700e-05
7.780288616786276191e-05
7.768238363791649809e-05
7.756206774448771361e-05
7.744193819851034194e-05
7.732199471136607847e-05
7.720223699488358094e-05
7.708266476133787313e-05
7.696327772344957235e-05
7.684407559438429316e-05
7.672505808775186128e-05
7.660622491760570377e-05
7.648757579844209004e-05
7.636911044519952203e-05
7.625082857325793460e-05
7.613272989843819407e-05
7.601481413700123088e-05
7.589708100564745681e-05
7.577953022151607382e-05
7.566216150218436931e-05
7.554497456566706558e-05
7.542796913041562869e-05
7.531114491531759082e-05
7.519450163969584552e-05
7.507803902330805140e-05
7.496175678634587323e-05
7.484565464943435846e-05
7.472973233363131387e-05
7.461398956042645169e-05
7.449842605174096955e-05
7.438304152992669660e-05
7.426783571776551080e-05
7.415280833846860705e-05
7.403795911567594157e-05
7.392328777345545936e-05
7.380879403630247085e-05
7.369447762913902840e-05
7.358033827731318101e-05
7.346637570659843210e-05
7.335258964319291294e-05
7.323897981371894884e-05
7.312554594522216477e-05
7.301228776517098391e-05
7.289920500145594996e-05
7.278629738238903604e-05
7.267356463670303476e-05
7.256100649355082645e-05
7.244862268250486410e-05
7.233641293355637381e-05
7.222437697711481263e-05
7.211251454400716392e-05
7.200082536547732740e-05
7.188930917318545511e-05
7.177796569920727378e-05
7.166679467603354276e-05
7.155579583656930857e-05
7.144496891413326797e-05
7.133431364245722587e-05
7.122382975568533636e-05
7.111351698837354706e-05
7.100337507548889441e-05
7.089340375240893444e-05
7.078360275492106516e-05
7.067397181922188958e-05
7.056451068191661941e-05
7.045521908001838387e-05
7.034609675094768760e-05
7.023714343253165170e-05
7.012835886300349876e-05
7.001974278100187520e-05
6.991129492557022790e-05
6.980301503615618075e-05
6.969490285261088411e-05
6.958695811518843212e-05
6.947918056454521209e-05
6.937156994173930829e-05
6.926412598822983776e-05
6.915684844587634056e-05
6.904973705693816981e-05
6.894279156407388191e-05
6.883601171034065371e-05
6.872939723919352362e-05
6.862294789448495789e-05
6.851666342046409171e-05
6.841054356177622773e-05
6.830458806346209068e-05
6.819879667095738016e-05
6.809316913009198454e-05
6.798770518708952026e-05
6.788240458856661344e-05
6.777726708153237144e-05
6.767229241338771869e-05
6.756748033192478688e-05
6.746283058532638642e-05
6.735834292216530167e-05
6.725401709140373531e-05
6.714985284239273911e-05
6.704584992487153637e-05
6.694200808896697973e-05
6.683832708519292780e-05
6.673480666444960821e-05
6.663144657802311612e-05
6.652824657758473663e-05
6.642520641519036200e-05
6.632232584327990891e-05
6.621960461467672212e-05
6.611704248258700530e-05
6.601463920059917048e-05
6.591239452268325531e-05
6.581030820319038095e-05
6.570837999685215575e-05
6.560660965878001120e-05
6.550499694446472758e-05
6.540354160977572919e-05
6.530224341096059655e-05
6.520110210464440223e-05
6.510011744782919592e-05
6.499928919789336741e-05
6.489861711259107744e-05
6.479810095005171554e-05
6.469774046877924958e-05
6.459753542765168358e-05
6.449748558592048858e-05
6.439759070320999273e-05
6.429785053951685278e-05
6.419826485520945772e-05
6.409883341102726477e-05
6.399955596808039272e-05
6.390043228784889019e-05
6.380146213218228831e-05
6.370264526329889605e-05
6.360398144378538005e-05
6.350547043659605993e-05
6.340711200505246101e-05
6.330890591284259606e-05
6.321085192402053161e-05
6.311294980300577809e-05
6.301519931458270704e-05
6.291760022389996840e-05
6.282015229647001616e-05
6.272285529816841714e-05
6.262570899523340381e-05
6.252871315426521018e-05
6.243186754222561103e-05
6.233517192643731205e-05
6.223862607458338061e-05
6.214222975470670371e-05
6.204598273520941869e-05
6.194988478485235768e-05
6.185393567275451895e-05
6.175813516839251133e-05
6.166248304159997144e-05
6.156697906256696732e-05
6.147162300183959193e-05
6.137641463031925839e-05
6.128135371926222562e-05
6.118644004027902917e-05
6.109167336533395264e-05
6.099705346674444493e-05
6.090258011718063238e-05
6.080825308966470209e-05
6.071407215757039370e-05
6.062003709462244377e-05
6.052614767489605720e-05
6.043240367281637872e-05
6.033880486315786940e-05
6.024535102104387307e-05
6.015204192194601991e-05
6.005887734168367087e-05
5.996585705642342974e-05
5.987298084267854008e-05
5.978024847730844474e-05
5.968765973751812861e-05
5.959785380827230505e-05
