0.000000000000000000e+00
1.840362262852779027e-09
3.680724525705558053e-09
8.754707999834078361e-09
1.951827625886539691e-08
3.073016995986366720e-08
5.539494470350623064e-07
2.420690342431783385e-06
6.522453368805903626e-06
1.373214699567991388e-05
4.042079152314077519e-05
8.642369538315532347e-05
1.544630449598187471e-04
2.463282405906761559e-04
3.627251486779163266e-04
6.631185891780628670e-04
1.055119415851050839e-03
1.428729940731961840e-03
1.851355061933269118e-03
2.318060484523703536e-03
2.823905104848834294e-03
3.364221200267893553e-03
3.934642567562251884e-03
4.751917654686375024e-03
5.608593289584533695e-03
6.497140072971901298e-03
7.411176362698594471e-03
8.345407254482522727e-03
9.295523800918092244e-03
1.042244290086313460e-02
1.156191571880326417e-02
1.271050218340905730e-02
1.386555435200654586e-02
1.502504481114887505e-02
1.643533996468217462e-02
1.784770279561779388e-02
1.926080401547154014e-02
2.067359486534261354e-02
2.208536505207593648e-02
2.381371532593965640e-02
2.553901478623325783e-02
2.726095800166167607e-02
2.897920005605497326e-02
3.203517638623885888e-02
3.507814523755609093e-02
3.810791512039284762e-02
4.112441902953386380e-02
4.412765365298868675e-02
4.790959505244574840e-02
5.167042406030530888e-02
5.541027587460743697e-02
5.912922120152508398e-02
6.282739590308214495e-02
6.445729001305300354e-02
6.608315496467141725e-02
6.770499087746047195e-02
6.932279793360189568e-02
7.099909793373994360e-02
7.267107399605780838e-02
7.433873872422043505e-02
7.812042267022392683e-02
8.187996263230545857e-02
8.561751214356685957e-02
8.933328716216362708e-02
9.459353000268214129e-02
9.980977518103466284e-02
1.049826216713102972e-01
1.101122919500256980e-01
1.160628820746184425e-01
1.219555153101014311e-01
1.234196371233955147e-01
1.248801622185154447e-01
1.263371048603014746e-01
1.277904768686941306e-01
1.292402875202080803e-01
1.307020353357143394e-01
1.321601651089983065e-01
1.336147063073733210e-01
1.350656729666925016e-01
1.365657149331931108e-01
1.380618959838309512e-01
1.395542161186061059e-01
1.451151360062398754e-01
1.506226887468462283e-01
1.560773072955322360e-01
1.614794525956577964e-01
1.700968986170766084e-01
1.722303329494745405e-01
1.743554769044706743e-01
1.764723580418647852e-01
1.785809788039547374e-01
1.806813959448365370e-01
1.820121856291631868e-01
1.833396835925999446e-01
1.846638985803933097e-01
1.859848393377898645e-01
1.873222436732781548e-01
1.886562834458053728e-01
1.899869703410315136e-01
1.960685948322329897e-01
2.020801177624938771e-01
2.080223456967923712e-01
2.138960466487350998e-01
2.153538505731603658e-01
2.168074314191981433e-01
2.182568012825311654e-01
2.197019722588421098e-01
2.209749458040224102e-01
2.222446613948841909e-01
2.235111273661343767e-01
2.260942675861344342e-01
2.286638736079239231e-01
2.312200201181273118e-01
2.383158384174342559e-01
2.400735734181509706e-01
2.418248411359819328e-01
2.435696415709271145e-01
2.440045873185608116e-01
2.444391136179181467e-01
2.448734967081370728e-01
2.449820313347817746e-01
2.450905406362974270e-01
2.450950801554463987e-01
2.450996196308367625e-01
2.451086983460909197e-01
2.451177768878399499e-01
2.451268553324374710e-01
2.451286710037000327e-01
2.451292504966642860e-01
2.451298299890806998e-01
2.451309889717138979e-01
2.451321479511761603e-01
2.451333069272244314e-01
2.451448963902732314e-01
2.451564851400694911e-01
2.451680728409829091e-01
2.452838243982844724e-01
2.453991248432985939e-01
2.455136940573620918e-01
2.456272809428795278e-01
2.460915404714977273e-01
2.465223593079643172e-01
2.469132345957855412e-01
2.472612832470981181e-01
2.475662719050188976e-01
2.479519990416260700e-01
2.482513147270801468e-01
2.484758378841850912e-01
2.486373542746926624e-01
2.487469438258857746e-01
2.488142749396716480e-01
2.488512523694114964e-01
2.488495333138235066e-01
2.488189043886345764e-01
2.487668019573837097e-01
2.486988781982029939e-01
2.486038902710115961e-01
2.484976420034279709e-01
2.483837210482288671e-01
2.482646146492355210e-01
2.481231862075409800e-01
2.479786980748548975e-01
2.478323050924998161e-01
2.476846833710341644e-01
2.475290655515171856e-01
2.473729967405496333e-01
2.472167168823596883e-01
2.470603423931568843e-01
2.467135923183217117e-01
2.463671144476995700e-01
2.460210700769042136e-01
2.456755331599341230e-01
2.453304898412102808e-01
2.450962514658847069e-01
2.448622508673988785e-01
2.446284950270149472e-01
2.443949753327932517e-01
2.442328223162441303e-01
2.440707833584561670e-01
2.439088584594292786e-01
2.433924392913180967e-01
2.428771941149548141e-01
2.423631101599039162e-01
2.418501942123117421e-01
2.414573166737238319e-01
2.410651275977531705e-01
2.406736269843996745e-01
2.404871156541720234e-01
2.403007592882403232e-01
2.401145583594489763e-01
2.398858125467104307e-01
2.396573017546785866e-01
2.394290259833533885e-01
2.388981409274415491e-01
2.383685259183681848e-01
2.378401633735890697e-01
2.375332810459895305e-01
2.372268271696653386e-01
2.369208017446163828e-01
2.366152047708427741e-01
2.364655491646801000e-01
2.363159958449631004e-01
2.361665434167206368e-01
2.360184342708089300e-01
2.358704257382792935e-01
2.357225177330758981e-01
2.348360801212872884e-01
2.339532493567447191e-01
2.337331044162226923e-01
2.335131838203815535e-01
2.332934873126658037e-01
2.330740146365196663e-01
2.329269094253408057e-01
2.327799047506299290e-01
2.326330005349348806e-01
2.324876449514665377e-01
2.323423877029153206e-01
2.321972287140995350e-01
2.316270296572557064e-01
2.310583512065581824e-01
2.304911874566120122e-01
2.290090211595897929e-01
2.286401011091139246e-01
2.282718275411062259e-01
2.279041994583233532e-01
2.278123931778295863e-01
2.277206271622527201e-01
2.276289013960109131e-01
2.275372158635221298e-01
2.273945287410055749e-01
2.272519391219492424e-01
2.271094469925662163e-01
2.269673900684670009e-01
2.268254299901369953e-01
2.266835667006006638e-01
2.252702446542570458e-01
2.249184189324951733e-01
2.245671933844971546e-01
2.242165671013161832e-01
2.238665391968895912e-01
2.237259092782233894e-01
2.235853759788901107e-01
2.234449392412196922e-01
2.233052239443765186e-01
2.231656042367770876e-01
2.230260800615186667e-01
2.226440463050793628e-01
2.222627290183734339e-01
2.218821270289083325e-01
2.214758173430867449e-01
2.210703232451041722e-01
2.206656432959305525e-01
2.198587200693497279e-01
2.190550361845594041e-01
2.182545801706634314e-01
2.174573405877708865e-01
2.158542170386727743e-01
2.142641172624448753e-01
2.126869474690177841e-01
2.111226141433311110e-01
2.095710239713581557e-01
2.076259376577073990e-01
2.057009156427705987e-01
2.037957720704641207e-01
2.019103215802201534e-01
2.000443787232432380e-01
1.981313122731311882e-01
1.962387910797931956e-01
1.943666131243268202e-01
1.925145775963904293e-01
1.906824851828554657e-01
1.888701378262648278e-01
1.870773386866661225e-01
1.853038922340391748e-01
1.835496042694120811e-01
1.818142819161279178e-01
1.800977336330836509e-01
1.783997692319673201e-01
1.767201998916193839e-01
1.750588381617751155e-01
1.734154979725735513e-01
1.717899946480661855e-01
1.701821449074345516e-01
1.685917668683953319e-01
1.670186800646477066e-01
1.654627054493628124e-01
1.639236653833960333e-01
1.624013836561299939e-01
1.608956854849103446e-01
1.594063975126273902e-01
1.579333478119644418e-01
1.564763658882028230e-01
1.550352826782219473e-01
1.536099305504287638e-01
1.522001433052590780e-01
1.508057561741292796e-01
1.494266058177296519e-01
1.480625303244502422e-01
1.467133692082983054e-01
1.453789634061519731e-01
1.440591552747337301e-01
1.427537885872949275e-01
1.414627085298658660e-01
1.401857616971483589e-01
1.389227960881231350e-01
1.376736611013401612e-01
1.364382075298942731e-01
1.352162875561279676e-01
1.340077547460704621e-01
1.328124640436149362e-01
1.316302717644516340e-01
1.304610355897727891e-01
1.293046145597582519e-01
1.281608690668514794e-01
1.270296608488394319e-01
1.259108529817462574e-01
1.248043098725506034e-01
1.237098972517364226e-01
1.226274821656871544e-01
1.215569329689322742e-01
1.204981193162548425e-01
1.194509121546685898e-01
1.184151837152734033e-01
1.173908075049960725e-01
1.163776582982247176e-01
1.153756121283438518e-01
1.143845462791774487e-01
1.134043392763466190e-01
1.124348708785483097e-01
1.114760220687619485e-01
1.105276750453893786e-01
1.095897132133344248e-01
1.086620211750275872e-01
1.077444847214013568e-01
1.068369908228211373e-01
1.059394276199771279e-01
1.050516844147416917e-01
1.041736516609970131e-01
1.033052209554375239e-01
1.024462850283510695e-01
1.015967377343835326e-01
1.007564740432900785e-01
9.992539003067753278e-02
9.910338286874104119e-02
9.829035081699868948e-02
9.748619321302745555e-02
9.669081046320349149e-02
9.590410403345009382e-02
9.512597643999617936e-02
9.435633124014780604e-02
9.359507302307597254e-02
9.284210740062286138e-02
9.209734099812902364e-02
9.136068144528410040e-02
9.063203736700303770e-02
8.991131837433007090e-02
8.919843505537274064e-02
8.849329896626734193e-02
8.779582262217827671e-02
8.710591948833265596e-02
8.642350397109202498e-02
8.574849140906286304e-02
8.508079806424712066e-02
8.442034111323458434e-02
8.376703863843820708e-02
8.312080961937368118e-02
8.248157392398472454e-02
8.184925230001496854e-02
8.122376636642780756e-02
8.060503860487480687e-02
7.999299235121434815e-02
7.938755178708073457e-02
7.878864193150506012e-02
7.819618863258831487e-02
7.761011855922797520e-02
7.703035919289816236e-02
7.645683881948461824e-02
7.588948652117459559e-02
7.532823216840266178e-02
7.477300641185277708e-02
7.422374067451678603e-02
7.368036714381059893e-02
7.314281876374748026e-02
7.261102922716956842e-02
7.208493296803761274e-02
7.156446515377920536e-02
7.104956167769603537e-02
7.054015915143006799e-02
7.003619489748902360e-02
6.953760694183142022e-02
6.904433400651113772e-02
6.855631550238162897e-02
6.807349152186023544e-02
6.759580283175192772e-02
6.712319086613344199e-02
6.665559771929707722e-02
6.619296613875444435e-02
6.573523951830034795e-02
6.528236189113635624e-02
6.483427792305422599e-02
6.439093290567915462e-02
6.395227274977259568e-02
6.351824397859469340e-02
6.308879372132600305e-02
6.266386970654852506e-02
6.224342025578592785e-02
6.182739427710248759e-02
6.141574125876095303e-02
6.100841126293882893e-02
6.060535491950305720e-02
6.020652341984265854e-02
5.981186851075941113e-02
5.942134248841603184e-02
5.903489819234161717e-02
5.865248899949448286e-02
5.827406881838138875e-02
5.789959208323368356e-02
5.752901374823942565e-02
5.716228928183157698e-02
5.679937466103177068e-02
5.644022636584936081e-02
5.608480137373558772e-02
5.573305715409228311e-02
5.538495166283498305e-02
5.504044333700998382e-02
5.469949108946516037e-02
5.436205430357397839e-02
5.402809282801252638e-02
5.369756697158914460e-02
5.337043749812628302e-02
5.304666562139424835e-02
5.272621300009650014e-02
5.240904173290599627e-02
5.209511435355241443e-02
5.178439382595972917e-02
5.147684353943385305e-02
5.117242730389980759e-02
5.087110934518832700e-02
5.057285430037118668e-02
5.027762721314517347e-02
4.998539352926402446e-02
4.969611909201826494e-02
4.940977013776220311e-02
4.912631329148804682e-02
4.884571556244652474e-02
4.856794433981363734e-02
4.829296738840330172e-02
4.802075284442532122e-02
4.775126921128843710e-02
4.748448535544795568e-02
4.722037050229768024e-02
4.695889423210560659e-02
4.670002647599322265e-02
4.644373751195776667e-02
4.618999796093725685e-02
4.593877878291782735e-02
4.569005127308298914e-02
4.544378705800442703e-02
4.519995809187402069e-02
4.495853665277662475e-02
4.471949533900322626e-02
4.448280706540422985e-02
4.424844505978232229e-02
4.401638285932468059e-02
4.378659430707408651e-02
4.355905354843857269e-02
4.333373502773926744e-02
4.311061348479604260e-02
4.288966395155062450e-02
4.267086174872675164e-02
4.245418248252717797e-02
4.223960204136682772e-02
4.202709659264220604e-02
4.181664257953628810e-02
4.160821671785878278e-02
4.140179599292134749e-02
4.119735765644740727e-02
4.099487922351621738e-02
4.079433846954088477e-02
4.059571342727989751e-02
4.039898238388194701e-02
4.020412387796364062e-02
4.001111669671976456e-02
3.981993987306575722e-02
3.963057268281219847e-02
3.944299464187073223e-02
3.925718550349129032e-02
3.907312525553031934e-02
3.889079411774953865e-02
3.871017253914503520e-02
3.853124119530627889e-02
3.835398098580486415e-02
3.817837303161263074e-02
3.800439867254874760e-02
3.783203946475559992e-02
3.766127717820312581e-02
3.749209379422127619e-02
3.732447150306032746e-02
3.715839270147870688e-02
3.699383999035819881e-02
3.683079617234594205e-02
3.666924424952326678e-02
3.650916742110085766e-02
3.635054908114002808e-02
3.619337281629984859e-02
3.603762240360984526e-02
3.588328180826792779e-02
3.573033518146344345e-02
3.557876685822484314e-02
3.542856135529187656e-02
3.527970336901203180e-02
3.513217777326085867e-02
3.498596961738606459e-02
3.484106412417491139e-02
3.469744668784493363e-02
3.455510287205748599e-02
3.441401840795397377e-02
3.427417919221453085e-02
3.413557128513888816e-02
3.399818090874910659e-02
3.386199444491412580e-02
3.372699843349563631e-02
3.359317957051525388e-02
3.346052470634268416e-02
3.332902084390459291e-02
3.319865513691402231e-02
3.306941488812013830e-02
3.294128754757800343e-02
3.281426071093823671e-02
3.268832211775628271e-02
3.256345964982108876e-02
3.243966132950303061e-02
3.231691531812076051e-02
3.219520991432681806e-02
3.207453355251191351e-02
3.195487480122741197e-02
3.183622236162610836e-02
3.171856506592083541e-02
3.160189187586092546e-02
3.148619188122610268e-02
3.137145429833783361e-02
3.125766846858779591e-02
3.114482385698326417e-02
3.103291005070935721e-02
3.092191675770776527e-02
3.081183380527198826e-02
3.070265113865871393e-02
3.059435881971520055e-02
3.048694702552261909e-02
3.038040604705494890e-02
3.027472628785342693e-02
3.016989826271631106e-02
3.006591259640379807e-02
2.996276002235784969e-02
2.986043138143690268e-02
2.975891762066518176e-02
2.965820979199648710e-02
2.955829905109225858e-02
2.945917665611384045e-02
2.936083396652867938e-02
2.926326244193034470e-02
2.916645364087228076e-02
2.907039921971497215e-02
2.897509093148655304e-02
2.888052062475654491e-02
2.878668024252273999e-02
2.869356182111089393e-02
2.860115748908721722e-02
2.850945946618352322e-02
2.841846006223474469e-02
2.832815167612888485e-02
2.823852679476908378e-02
2.814957799204772376e-02
2.806129792783249727e-02
2.797367934696421213e-02
2.788671507826621238e-02
2.780039803356533848e-02
2.771472120672426043e-02
2.762967767268502406e-02
2.754526058652370657e-02
2.746146318251609098e-02
2.737827877321419648e-02
2.729570074853345657e-02
2.721372257485066629e-02
2.713233779411224761e-02
2.705154002295300647e-02
2.697132295182509687e-02
2.689168034413706720e-02
2.681260603540299575e-02
2.673409393240151061e-02
2.665613801234453448e-02
2.657873232205577169e-02
2.650187097715870493e-02
2.642554816127409834e-02
2.634975812522677777e-02
2.627449518626167116e-02
2.619975372726901508e-02
2.612552819601848819e-02
2.605181310440237916e-02
2.597860302768746979e-02
2.590589260377568898e-02
2.583367653247335000e-02
2.576194957476890882e-02
2.569070655211915660e-02
2.561994234574369728e-02
2.554965189592763725e-02
2.547983020133245957e-02
2.541047231831487091e-02
2.534157336025360391e-02
2.527312849688408830e-02
2.520513295364083112e-02
2.513758201100752682e-02
2.507047100387466490e-02
2.500379532090471132e-02
2.493755040390462779e-02
2.487173174720574281e-02
2.480633489705083572e-02
2.474135545098837818e-02
2.467678905727385685e-02
2.461263141427802101e-02
2.454887826990211769e-02
2.448552542099988183e-02
2.442256871280630570e-02
2.436000403837302458e-02
2.429782733801037764e-02
2.423603459873589078e-02
2.417462185372922998e-02
2.411358518179355231e-02
2.405292070682304995e-02
2.399262459727683622e-02
2.393269306565883048e-02
2.387312236800383930e-02
2.381390880336955312e-02
2.375504871333451729e-02
2.369653848150194211e-02
2.363837453300932090e-02
2.358055333404374815e-02
2.352307139136294509e-02
2.346592525182180505e-02
2.340911150190454898e-02
2.335262676726226894e-02
2.329646771225594645e-02
2.324063103950473053e-02
2.318511348943953776e-02
2.312991183986188443e-02
2.307502290550780821e-02
2.302044353761694556e-02
2.296617062350659461e-02
2.291220108615079146e-02
2.285853188376427148e-02
2.280516000939133286e-02
2.275208249049943607e-02
2.269929638857763610e-02
2.264679879873961882e-02
2.259458684933145223e-02
2.254265770154386186e-02
2.249100854902907898e-02
2.243963661752212957e-02
2.238853916446658168e-02
2.233771347864463991e-02
2.228715687981158017e-02
2.223686671833443804e-02
2.218684037483494367e-02
2.213707525983660968e-02
2.208756881341595452e-02
2.203831850485778177e-02
2.198932183231451162e-02
2.194057632246951273e-02
2.189207953020429892e-02
2.184382903826968120e-02
2.179582245696073950e-02
2.174805742379560397e-02
2.170053160319794505e-02
2.165324268618326609e-02
2.160618839004876945e-02
2.155936645806690380e-02
2.151277465918247089e-02
2.146641078771327482e-02
2.142027266305428224e-02
2.137435812938525900e-02
2.132866505538173058e-02
2.128319133392946733e-02
2.123793488184217565e-02
2.119289363958257524e-02
2.114806557098670645e-02
2.110344866299145028e-02
2.105904092536521957e-02
2.101484039044189747e-02
2.097084511285773889e-02
2.092705316929146381e-02
2.088346265820732045e-02
2.084007169960122932e-02
2.079687843474978953e-02
2.075388102596231049e-02
2.071107765633569547e-02
2.066846652951221525e-02
2.062604586944011276e-02
2.058381392013696604e-02
2.054176894545588217e-02
2.049990922885438355e-02
2.045823307316598644e-02
2.041673880037452732e-02
2.037542475139099418e-02
2.033428928583311257e-02
2.029333078180740185e-02
2.025254763569383012e-02
2.021193826193298446e-02
2.017150109281571832e-02
2.013123457827525539e-02
2.009113718568174278e-02
2.005120739963919124e-02
2.001144372178479541e-02
1.997184467059059595e-02
1.993240878116747661e-02
1.989313460507143722e-02
1.985402071011212535e-02
1.981506568016364045e-02
1.977626811497752018e-02
1.973762662999791265e-02
1.969913985617893076e-02
1.966080643980414044e-02
1.962262504230813387e-02
1.958459434010021566e-02
1.954671302439013603e-02
1.950897980101589171e-02
1.947139339027348370e-02
1.943395252674872536e-02
1.939665595915097615e-02
1.935950245014884594e-02
1.932249077620780409e-02
1.928561972742968977e-02
1.924888810739412009e-02
1.921229473300172658e-02
1.917583843431921661e-02
1.913951805442629453e-02
1.910333244926432431e-02
1.906728048748678947e-02
1.903136105031149120e-02
1.899557303137446029e-02
1.895991533658564210e-02
1.892438688398614954e-02
1.888898660360733076e-02
1.885371343733135974e-02
1.881856633875353055e-02
1.878354427304613355e-02
1.874864621682394150e-02
1.871387115801125337e-02
1.867921809571047864e-02
1.864468604007230718e-02
1.861027401216733268e-02
1.857598104385926527e-02
1.854180617767950748e-02
1.850774846670331236e-02
1.847380697442732589e-02
1.843998077464856916e-02
1.840626895134483618e-02
1.837267059855653833e-02
1.833918482026982572e-02
1.830581073030119327e-02
1.827254745218334989e-02
1.823939411905246832e-02
1.820634987353673268e-02
1.817341386764619385e-02
1.814058526266391913e-02
1.810786322903840811e-02
1.807524694627727843e-02
1.804273560284215885e-02
1.801032839604486610e-02
1.797802453194474737e-02
1.794582322524725104e-02
1.791372369920368052e-02
1.788172518551209636e-02
1.784982692421941894e-02
1.781802816362462738e-02
1.778632816018314161e-02
1.775472617841226605e-02
1.772322149079781292e-02
1.769181337770171086e-02
1.766050112727082094e-02
1.762928403534671021e-02
1.759816140537653895e-02
1.756713254832496796e-02
1.753619678258712747e-02
1.750535343390254017e-02
1.747460183527010935e-02
1.744394132686409582e-02
1.741337125595103508e-02
1.738289097680766060e-02
1.735249985063978470e-02
1.732219724550212309e-02
1.729198253621904574e-02
1.726185510430626457e-02
1.723181433789345435e-02
1.720185963164772708e-02
1.717199038669806749e-02
1.714220601056059071e-02
1.711250591706471938e-02
1.708288952628018997e-02
1.705335626444494379e-02
1.702390556389382636e-02
1.699453686298815769e-02
1.696524960604608653e-02
1.693604324327379479e-02
1.690691723069747895e-02
1.687787103009614695e-02
1.684890410893517473e-02
1.682001594030067826e-02
1.679120600283461051e-02
1.676247378067064614e-02
1.673381876337079813e-02
1.670524044586279080e-02
1.667673832837815451e-02
1.664831191639104188e-02
1.661996072055776236e-02
1.659168425665703828e-02
1.656348204553091327e-02
1.653535361302642392e-02
1.650729848993787857e-02
1.647931621194985777e-02
1.645140631958086699e-02
1.642356835812764509e-02
1.639580187761012844e-02
1.636810643271704307e-02
1.634048158275216642e-02
1.631292689158118231e-02
1.628544192757917092e-02
1.625802626357870928e-02
1.623067947681859288e-02
1.620340114889312622e-02
1.617619086570203438e-02
1.614904821740095059e-02
1.612197279835246577e-02
1.609496420707777833e-02
1.606802204620889907e-02
1.604114592244138340e-02
1.601433544648768123e-02
1.598759023303095508e-02
1.596090990067949855e-02
1.593429407192166469e-02
1.590774237308130445e-02
1.588125443427374980e-02
1.585482988936230686e-02
1.582846837591525557e-02
1.580216953516332470e-02
1.577593301195771500e-02
1.574975845472857683e-02
1.572364551544396666e-02
1.569759384956932735e-02
1.567160311602737444e-02
1.564567297715851318e-02
1.561980309868169284e-02
1.559399314965569106e-02
1.556824280244091183e-02
1.554255173266156850e-02
1.551691961916834908e-02
1.549134614400148741e-02
1.546583099235429928e-02
1.544037385253710370e-02
1.541497441594161244e-02
1.538963237700568046e-02
1.536434743317852819e-02
1.533911928488631074e-02
1.531394763549814159e-02
1.528883219129246324e-02
1.526377266142385676e-02
1.523876875789020868e-02
1.521382019550026124e-02
1.518892669184156857e-02
1.516408796724879812e-02
1.513930374477239632e-02
1.511457375014766888e-02
1.508989771176415945e-02
1.506527536063543248e-02
1.504070643036917350e-02
1.501619065713767284e-02
1.499172777964863021e-02
1.496731753911629409e-02
1.494295967923298107e-02
1.491865394614085537e-02
1.489440008840410036e-02
1.487019785698140417e-02
1.484604700519873144e-02
1.482194728872244550e-02
1.479789846553273766e-02
1.477390029589735476e-02
1.474995254234565470e-02
1.472605496964293770e-02
1.470220734476510027e-02
1.467840943687356153e-02
1.465466101729051909e-02
1.463096185947444783e-02
1.460731173899591263e-02
1.458371043351365873e-02
1.456015772275097604e-02
1.453665338847235158e-02
1.451319721446037159e-02
1.448978898649290817e-02
1.446642849232057659e-02
1.444311552164443888e-02
1.441984986609397626e-02
1.439663131920533579e-02
1.437345967639978850e-02
1.435033473496248081e-02
1.432725629402140273e-02
1.430422415452662840e-02
1.428123811922978048e-02
1.425829799266372169e-02
1.423540358112253094e-02
1.421255469264164246e-02
1.418975113697829200e-02
1.416699272559212089e-02
1.414427927162606805e-02
1.412161058988743202e-02
1.409898649682918281e-02
1.407640681053149746e-02
1.405387135068348128e-02
1.403137993856513541e-02
1.400893239702950127e-02
1.398652855048503757e-02
1.396416822487819842e-02
1.394185124767621103e-02
1.391957744785004072e-02
1.389734665585758318e-02
1.387515870362701978e-02
1.385301342454039672e-02
1.383091065341738105e-02
1.380885022649918845e-02
1.378683198143273655e-02
1.376485575725495611e-02
1.374292139437728599e-02
1.372102873457034869e-02
1.369917762094882002e-02
1.367736789795645849e-02
1.365559941135131503e-02
1.363387200819110578e-02
1.361218553681877060e-02
1.359053984684819097e-02
1.356893478915006945e-02
1.354737021583798419e-02
1.352584598025459613e-02
1.350436193695801930e-02
1.348291794170835417e-02
1.346151385145437189e-02
1.344014952432035989e-02
1.341882481959309932e-02
1.339753959770903155e-02
1.337629372024154613e-02
1.335508704988840750e-02
1.333391945045937083e-02
1.331279078686388798e-02
1.329170092509900092e-02
1.327064973223734436e-02
1.324963707641530972e-02
1.322866282682133229e-02
1.320772685368432064e-02
1.318682902826222476e-02
1.316596922283072568e-02
1.314514731067206212e-02
1.312436316606398895e-02
1.310361666426886236e-02
1.308290768152284983e-02
1.306223609502527201e-02
1.304160178292805561e-02
1.302100462432531983e-02
1.300044449924308426e-02
1.297992128862907914e-02
1.295943487434270472e-02
1.293898513914507227e-02
1.291857196668919072e-02
1.289819524151024181e-02
1.287785484901599227e-02
1.285755067547729100e-02
1.283728260801870330e-02
1.281705053460923532e-02
1.279685434405316950e-02
1.277669392598101104e-02
1.275656917084053155e-02
1.273647996988793232e-02
1.271642621517908578e-02
1.269640779956090343e-02
1.267642461666278197e-02
1.265647656088816214e-02
1.263656352740619160e-02
1.261668541214345379e-02
1.259684211177583557e-02
1.257703352372044683e-02
1.255725954612767550e-02
1.253752007787328412e-02
1.251781501855066085e-02
1.249814426846308953e-02
1.247850772861617760e-02
1.245890530071031878e-02
1.243933688713326838e-02
1.241980239095280200e-02
1.240030171590946265e-02
1.238083476640936681e-02
1.236140144751713549e-02
1.234200166494887202e-02
1.232263532506522666e-02
1.230330233486456870e-02
1.228400260197619678e-02
1.226473603465366019e-02
1.224550254176813742e-02
1.222630203280189627e-02
1.220713441784184589e-02
1.218799960757313561e-02
1.216889751327284407e-02
1.214982804680374805e-02
1.213079112060813126e-02
1.211178664770171803e-02
1.209281454166761388e-02
1.207387471665037626e-02
1.205496708735010261e-02
1.203609156901662425e-02
1.201724807744375054e-02
1.199843652896357207e-02
1.197965684044084884e-02
1.196090892926744698e-02
1.194219271335685700e-02
1.192350811113873990e-02
1.190485504155359107e-02
1.188623342404740782e-02
1.186764317856646087e-02
1.184908422555210755e-02
1.183055648593566572e-02
1.181205988113334313e-02
1.179359433304124835e-02
1.177515976403041564e-02
1.175675609694194247e-02
1.173838325508212363e-02
1.172004116221768769e-02
1.170172974257107854e-02
1.168344892081576644e-02
1.166519862207163888e-02
1.164697877190043473e-02
1.162878929630124444e-02
1.161063012170602746e-02
1.159250117497522166e-02
1.157440238339337707e-02
1.155633367466485026e-02
1.153829497690954733e-02
1.152028621865871030e-02
1.150230732885075546e-02
1.148435823682716211e-02
1.146643887232840983e-02
1.144854916548995391e-02
1.143068904683824244e-02
1.141285844728681317e-02
1.139505729813238000e-02
1.137728553105102000e-02
1.135954307809436403e-02
1.134182987168584622e-02
1.132414584461700208e-02
1.130649093004379782e-02
1.128886506148301175e-02
1.127126817280864161e-02
1.125370019824837101e-02
1.123616107238007214e-02
1.121865073012833641e-02
1.120116910676105526e-02
1.118371613788603919e-02
1.116629175944767842e-02
1.114889590772362785e-02
1.113152851932154748e-02
1.111418953117586372e-02
1.109687888054459483e-02
1.107959650500616768e-02
1.106234234245631609e-02
1.104511633110498783e-02
1.102791840947329322e-02
1.101074851639049709e-02
1.099360659099102994e-02
1.097649257271154227e-02
1.095940640128799382e-02
1.094234801675277383e-02
1.092531735943184923e-02
1.090831436994195262e-02
1.089133898918779632e-02
1.087439115835932626e-02
1.085747081892899854e-02
1.084057791264908532e-02
1.082371238154902424e-02
1.080687416793278503e-02
1.079006321437627272e-02
1.077327946372476364e-02
1.075652285909034847e-02
1.073979334384944292e-02
1.072309086164029146e-02
1.070641535636051092e-02
1.068976677216467580e-02
1.067314505346191045e-02
1.065655014491351596e-02
1.063998199143062831e-02
1.062344053817190076e-02
1.060692573054121055e-02
1.059043751418539334e-02
1.057397583499198983e-02
1.055754063908705478e-02
1.054113187283294874e-02
1.052474948282617305e-02
1.050839341589523621e-02
1.049206361909852878e-02
1.047576003972223654e-02
1.045948262527827272e-02
1.044323132350222054e-02
1.042700608235131929e-02
1.041080685000246066e-02
1.039463357485021638e-02
1.037848620550487454e-02
1.036236469079050704e-02
1.034626897974307014e-02
1.033019902160849102e-02
1.031415476584082377e-02
1.029813616210038113e-02
1.028214316025191991e-02
1.026617571036282997e-02
1.025023376270134401e-02
1.023431726773477504e-02
1.021842617612777476e-02
1.020256043874059361e-02
1.018672000662738594e-02
1.017090483103450828e-02
1.015511486339886610e-02
1.013935005534625025e-02
1.012361035868969764e-02
1.010789572542790740e-02
1.009220610774360163e-02
1.007654145800198492e-02
1.006090172874916401e-02
1.004528687271060219e-02
1.002969684278960313e-02
1.001413159206579820e-02
9.998591073793652861e-03
9.983075241400986982e-03
9.967584048487524578e-03
9.952117448823445331e-03
9.936675396347949968e-03
9.921257845167869016e-03
9.905864749556240328e-03
9.890496063950955999e-03
9.875151742953374584e-03
9.859831741326995774e-03
9.844536013996093432e-03
9.829264516044426692e-03
9.814017202713916366e-03
9.798794029403361250e-03
9.783594951667161366e-03
9.768419925214044675e-03
9.753268905905835423e-03
9.738141849756213816e-03
9.723038712929482630e-03
9.707959451739377188e-03
9.692904022647859733e-03
9.677872382263939810e-03
9.662864487342506803e-03
9.647880294783178073e-03
9.632919761629155780e-03
9.617982845066087166e-03
9.603069502420957804e-03
9.588179691160977902e-03
9.573313368892499842e-03
9.558470493359923562e-03
9.543651022444636645e-03
9.528854914163950932e-03
9.514082126670059952e-03
9.499332618248999827e-03
9.484606347319630981e-03
9.469903272432621602e-03
9.455223352269448434e-03
9.440566545641402782e-03
9.425932811488613866e-03
9.411322108879080842e-03
9.396734397007711764e-03
9.382169635195376431e-03
9.367627782887969629e-03
9.353108799655483058e-03
9.338612645191080724e-03
9.324139279310203823e-03
9.309688661949668681e-03
9.295260753166766435e-03
9.280855513138407814e-03
9.266472902160229758e-03
9.252112880645752338e-03
9.237775409125523543e-03
9.223460448246276200e-03
9.209167958770097043e-03
9.194897901573600985e-03
9.180650237647122736e-03
9.166424928093911892e-03
9.152221934129317615e-03
9.138041217080027090e-03
9.123882738383269284e-03
9.109746459586041262e-03
9.095632342344360521e-03
9.081540348422489570e-03
9.067470439692202136e-03
9.053422578132038975e-03
9.039396725826581019e-03
9.025392844965717323e-03
9.011410897843939033e-03
8.997450846859622944e-03
8.983512654514332410e-03
8.969596283412130389e-03
8.955701696258883820e-03
8.941828855861594025e-03
8.927977725127721892e-03
8.914148267064507872e-03
8.900340444778350943e-03
8.886554221474119927e-03
8.872789560454527255e-03
8.859046425119499260e-03
8.845324778965525658e-03
8.831624585585055864e-03
8.817945808665867552e-03
8.804288411990469909e-03
8.790652359435477403e-03
8.777037614971040791e-03
8.763444142660229558e-03
8.749871906658462928e-03
8.736320871212920058e-03
8.722791000661974520e-03
8.709282259434621837e-03
8.695794612049924377e-03
8.682328023116438892e-03
8.668882457331692631e-03
8.655457879481614353e-03
8.642054254440010436e-03
8.628671547168028852e-03
8.615309722713624871e-03
8.601968746211045846e-03
8.588648582880317739e-03
8.575349198026721229e-03
8.562070557040299054e-03
8.548812625395340800e-03
8.535575368649900643e-03
8.522358752445301222e-03
8.509162742505642710e-03
8.495987304637325765e-03
8.482832404728579689e-03
8.469698008748985374e-03
8.456584082749013867e-03
8.443490592859554528e-03
8.430417505291469202e-03
8.417364786335135990e-03
8.404332402360003423e-03
8.391320319814141171e-03
8.378328505223802888e-03
8.365356925192999477e-03
8.352405546403058462e-03
8.339474335612207662e-03
8.326563259655141505e-03
8.313672285442618576e-03
8.300801379961038340e-03
8.287950510272035221e-03
8.275119643512067469e-03
8.262308746892030320e-03
8.249517787696848334e-03
8.236746733285081612e-03
8.223995551088542424e-03
8.211264208611906631e-03
8.198552673432332044e-03
8.185860913199081990e-03
8.173188895633150611e-03
8.160536588526889901e-03
8.147903959743654084e-03
8.135290977217414510e-03
8.122697608952426582e-03
8.110123823022851591e-03
8.097569587572418445e-03
8.085034870814064578e-03
8.072519641029594212e-03
8.060023866569343554e-03
8.047547515851825178e-03
8.035090557363408839e-03
8.022652959657974522e-03
8.010234691356593259e-03
7.997835721147195792e-03
7.985456017784251653e-03
7.973095550088448238e-03
7.960754286946369884e-03
7.948432197310194292e-03
7.936129250197369867e-03
7.923845414690313879e-03
7.911580659936105417e-03
7.899334955146181808e-03
7.887108269596047189e-03
7.874900572624960252e-03
7.862711833635656691e-03
7.850542022094052566e-03
7.838391107528947660e-03
7.826259059531751397e-03
7.814145847756194876e-03
7.802051441918048114e-03
7.789975811794850290e-03
7.777918927225624390e-03
7.765880758110609190e-03
7.753861274410992106e-03
7.741860446148638580e-03
7.729878243405825800e-03
7.717914636324981620e-03
7.705969595108422623e-03
7.694043090018099981e-03
7.682135091375340979e-03
7.670245569560592280e-03
7.658374495013173591e-03
7.646521838231034804e-03
7.634687569770490581e-03
7.622871660245998313e-03
7.611074080329903110e-03
7.599294800752196682e-03
7.587533792300288349e-03
7.575791025818762181e-03
7.564066472209146283e-03
7.552360102429682073e-03
7.540671887495088363e-03
7.529001798476348851e-03
7.517349806500470133e-03
7.505715882750264856e-03
7.494099998464136617e-03
7.482502124935850110e-03
7.470922233514317758e-03
7.459360295603387203e-03
7.447816282661623606e-03
7.436290166202097138e-03
7.424781917792176548e-03
7.413291509053317532e-03
7.401818911660859764e-03
7.390364097343816129e-03
7.378927037884674099e-03
7.367507705119196240e-03
7.356106070936218114e-03
7.344722107277448786e-03
7.333355786137277406e-03
7.322007079562575446e-03
7.310675959652508486e-03
7.299362398558344525e-03
7.288066368483255356e-03
7.276787841682142224e-03
7.265526790461440676e-03
7.254283187178934070e-03
7.243057004243579240e-03
7.231848214115313075e-03
7.220656789304880779e-03
7.209482702373654593e-03
7.198325925933454252e-03
7.187186432646371775e-03
7.176064195224601469e-03
7.164959186430260377e-03
7.153871379075215677e-03
7.142800746020921618e-03
7.131747260178242578e-03
7.120710894507297807e-03
7.109691622017276676e-03
7.098689415766287758e-03
7.087704248861192297e-03
7.076736094457436801e-03
7.065784925758898660e-03
7.054850716017720472e-03
7.043933438534157390e-03
7.033033066656414062e-03
7.022149573780492836e-03
7.011282933350036772e-03
7.000433118856173517e-03
6.989600103837367850e-03
6.978783861879268163e-03
6.967984366614556405e-03
6.957201591722797160e-03
6.946435510930290200e-03
6.935686098009930835e-03
6.924953326781048586e-03
6.914237171109283153e-03
6.903537604906419614e-03
6.892854602130264394e-03
6.882188136784490873e-03
6.871538182918508417e-03
6.860904714627314924e-03
6.850287706051364986e-03
6.839687131376430244e-03
6.829102964833463213e-03
6.818535180698460235e-03
6.807983753292331380e-03
6.797448656980764267e-03
6.786929866174091358e-03
6.776427355327162456e-03
6.765941098939208531e-03
6.755471071553718551e-03
6.745017247758305044e-03
6.734579602184580932e-03
6.724158109508032895e-03
6.713752744447888665e-03
6.703363481766999935e-03
6.692990296271718320e-03
6.682633162811766128e-03
6.672292056280120995e-03
6.661966951612885782e-03
6.651657823789176686e-03
6.641364647830999210e-03
6.631087398803130195e-03
6.620826051812997264e-03
6.610580582010563457e-03
6.600350964588213611e-03
6.590137174780632927e-03
6.579939187864694214e-03
6.569756979159346866e-03
6.559590524025497166e-03
6.549439797865898999e-03
6.539304776125044565e-03
6.529185434289048150e-03
6.519081747885537709e-03
6.508993692483547311e-03
6.498921243693402648e-03
6.488864377166617819e-03
6.478823068595786910e-03
6.468797293714471236e-03
6.458787028297103064e-03
6.448792248158870255e-03
6.438812929155617384e-03
6.428849047183741658e-03
6.418900578180083624e-03
6.408967498121831766e-03
6.399049783026410608e-03
6.389147408951389648e-03
6.379260351994377534e-03
6.369388588292917985e-03
6.359532094024393511e-03
6.349690845405930872e-03
6.339864818694291790e-03
6.330053990185782742e-03
6.320258336216157818e-03
6.310477833160516373e-03
6.300712457433212815e-03
6.290962185487752531e-03
6.281226993816711214e-03
6.271506858951624713e-03
6.261801757462902296e-03
6.252111665959736442e-03
6.242436561090001362e-03
6.232776419540169734e-03
6.223131218035212950e-03
6.213500933338515254e-03
6.203885542251780065e-03
6.194285021614941503e-03
6.184699348306073319e-03
6.175128499241301291e-03
6.165572451374711285e-03
6.156031181698265117e-03
6.146504667241708617e-03
6.136992885072489225e-03
6.127495812295664923e-03
6.118013426053817497e-03
6.108545703526974471e-03
6.099092621932509367e-03
6.089654158525074912e-03
6.080230290596501559e-03
6.070820995475723764e-03
6.061426250528694978e-03
6.052046033158299185e-03
6.042680320804277166e-03
6.033329090943136304e-03
6.023992321088071644e-03
6.014669988788888706e-03
6.005362071631912407e-03
5.996068547239916807e-03
5.986789393272039239e-03
5.977524587423703982e-03
5.968274107426540728e-03
5.959037931048304787e-03
5.949816036092802490e-03
5.940608400399805325e-03
5.931415001844986615e-03
5.922235818339826111e-03
5.913070827831547541e-03
5.903920008303035344e-03
5.894783337772758341e-03
5.885660794294696012e-03
5.876552355958263897e-03
5.867458000888236408e-03
5.858377707244670496e-03
5.849311453222836264e-03
5.840259217053139773e-03
5.831220977001049313e-03
5.822196711367022548e-03
5.813186398486436257e-03
5.804190016729505672e-03
5.795207544501222025e-03
5.786238960241276222e-03
5.777284242423987720e-03
5.768343369558229065e-03
5.759416320187363443e-03
5.750503072889167483e-03
5.741603606275761870e-03
5.732717898993542824e-03
5.723845929723114442e-03
5.714987677179214978e-03
5.706143120110645714e-03
5.697312237300215451e-03
5.688495007564654642e-03
5.679691409754559009e-03
5.670901422754318424e-03
5.662125025482047519e-03
5.653362196889518895e-03
5.644612915962100679e-03
5.635877161718684525e-03
5.627154913211619702e-03
5.618446149526652375e-03
5.609750849782851878e-03
5.601068993132549134e-03
5.592400558761275071e-03
5.583745525887686897e-03
5.575103873763510853e-03
5.566475581673476294e-03
5.557860628935247169e-03
5.549258994899363903e-03
5.540670658949174883e-03
5.532095600500778337e-03
5.523533799002951217e-03
5.514985233937093681e-03
5.506449884817165782e-03
5.497927731189618944e-03
5.489418752633338713e-03
5.480922928759585783e-03
5.472440239211923997e-03
5.463970663666170048e-03
5.455514181830324952e-03
5.447070773444518538e-03
5.438640418280942662e-03
5.430223096143794830e-03
5.421818786869217477e-03
5.413427470325235524e-03
5.405049126411700863e-03
5.396683735060227305e-03
5.388331276234135936e-03
5.379991729928392669e-03
5.371665076169550995e-03
5.363351295015693007e-03
5.355050366556371282e-03
5.346762270912549034e-03
5.338486988236544606e-03
5.330224498711969017e-03
5.321974782553673053e-03
5.313737820007685686e-03
5.305513591351163766e-03
5.297302076892324366e-03
5.289103256970397945e-03
5.280917111955567636e-03
5.272743622248906789e-03
5.264582768282334742e-03
5.256434530518550897e-03
5.248298889450983551e-03
5.240175825603731775e-03
5.232065319531513381e-03
5.223967351819604199e-03
5.215881903083788643e-03
5.207808953970300726e-03
5.199748485155770289e-03
5.191700477347168351e-03
5.183664911281755071e-03
5.175641767727020767e-03
5.167631027480637344e-03
5.159632671370399312e-03
5.151646680254175215e-03
5.143673035019846046e-03
5.135711716585261884e-03
5.127762705898182040e-03
5.119825983936223887e-03
5.111901531706810817e-03
5.103989330247115860e-03
5.096089360624018322e-03
5.088201603934036123e-03
5.080326041303290241e-03
5.072462653887440526e-03
5.064611422871640595e-03
5.056772329470483190e-03
5.048945354927949006e-03
5.041130480517352908e-03
5.033327687541301436e-03
5.025536957331629487e-03
5.017758271249360413e-03
5.009991610684643576e-03
5.002236957056717045e-03
4.994494291813846021e-03
4.986763596433281195e-03
4.979044852421199777e-03
4.971338041312661250e-03
4.963643144671557941e-03
4.955960144090562972e-03
4.948289021191078219e-03
4.940629757623191814e-03
4.932982335065621768e-03
4.925346735225671728e-03
4.917722939839178076e-03
4.910110930670464821e-03
4.902510689512293296e-03
4.894922198185810980e-03
4.887345438540504662e-03
4.879780392454157942e-03
4.872227041832791379e-03
4.864685368610623464e-03
4.857155354750021178e-03
4.849636982241448818e-03
4.842130233103420292e-03
4.834635089382459221e-03
4.827151533153042559e-03
4.819679546517557228e-03
4.812219111606250675e-03
4.804770210577186638e-03
4.797332825616198310e-03
4.789906938936837159e-03
4.782492532780333039e-03
4.775089589415541270e-03
4.767698091138900147e-03
4.760318020274382361e-03
4.752949359173449032e-03
4.745592090215005471e-03
4.738246195805354347e-03
4.730911658378147977e-03
4.723588460394345830e-03
4.716276584342166817e-03
4.708976012737045927e-03
4.701686728121582184e-03
4.694408713065502219e-03
4.687141950165610825e-03
4.679886422045745863e-03
4.672642111356734886e-03
4.665409000776345703e-03
4.658187073009249085e-03
4.650976310786968451e-03
4.643776696867839109e-03
4.636588214036958810e-03
4.629410845106148725e-03
4.622244572913909201e-03
4.615089380325368591e-03
4.607945250232248560e-03
4.600812165552815511e-03
4.593690109231834615e-03
4.586579064240533382e-03
4.579479013576550489e-03
4.572389940263897612e-03
4.565311827352914326e-03
4.558244657920221266e-03
4.551188415068683699e-03
4.544143081927366420e-03
4.537108641651486918e-03
4.530085077422374602e-03
4.523072372447430912e-03
4.516070509960085945e-03
4.509079473219750750e-03
4.502099245511782637e-03
4.495129810147433132e-03
4.488171150463819356e-03
4.481223249823867646e-03
4.474286091616281463e-03
4.467359659255494553e-03
4.460443936181631916e-03
4.453538905860464706e-03
4.446644551783370328e-03
4.439760857467294278e-03
4.432887806454701568e-03
4.426025382313542034e-03
4.419173568637204362e-03
4.412332349044477929e-03
4.405501707179508564e-03
4.398681626711762119e-03
4.391872091335978501e-03
4.385073084772136108e-03
4.378284590765405861e-03
4.371506593086113036e-03
4.364739075529695637e-03
4.357982021916667961e-03
4.351235416092573763e-03
4.344499241927951561e-03
4.337773483318290400e-03
4.331058124183991692e-03
4.324353148470328444e-03
4.317658540147407097e-03
4.310974283210124158e-03
4.304300361678130640e-03
4.297636759595788690e-03
4.290983461032131692e-03
4.284340450080831308e-03
4.277707710860147172e-03
4.271085227512898264e-03
4.264472984206416073e-03
4.257870965132507304e-03
4.251279154507419181e-03
4.244697536571793474e-03
4.238126095590629208e-03
4.231564815853251435e-03
4.225013681673259192e-03
4.218472677388498612e-03
4.211941787361016092e-03
4.205420995977025324e-03
4.198910287646865670e-03
4.192409646804963128e-03
4.185919057909795633e-03
4.179438505443852300e-03
4.172967973913594385e-03
4.166507447849417123e-03
4.160056911805615036e-03
4.153616350360339431e-03
4.147185748115564570e-03
4.140765089697047777e-03
4.134354359754291268e-03
4.127953542960503125e-03
4.121562624012566067e-03
4.115181587630991483e-03
4.108810418559889072e-03
4.102449101566923474e-03
4.096097621443280448e-03
4.089755963003630437e-03
4.083424111086090408e-03
4.077102050552183950e-03
4.070789766286807450e-03
4.064487243198192795e-03
4.058194466217870944e-03
4.051911420300631159e-03
4.045638090424491518e-03
4.039374461590653810e-03
4.033120518823473180e-03
4.026876247170419962e-03
4.020641631702040648e-03
4.014416657511926667e-03
4.008201309716671878e-03
4.001995573455841351e-03
3.995799433891933199e-03
3.989612876210341282e-03
3.983435885619322249e-03
3.977268447349954772e-03
3.971110546656110921e-03
3.964962168814412796e-03
3.958823299124197836e-03
3.952693922907491927e-03
3.946574025508959964e-03
3.940463592295880696e-03
3.934362608658108565e-03
3.928271060008032937e-03
3.922188931780552085e-03
3.916116209433032416e-03
3.910052878445270316e-03
3.903998924319463520e-03
3.897954332580172519e-03
3.891919088774285426e-03
3.885893178470982423e-03
3.879876587261703227e-03
3.873869300760109796e-03
3.867871304602052938e-03
3.861882584445537614e-03
3.855903125970687809e-03
3.849932914879710538e-03
3.843971936896862021e-03
3.838020177768417321e-03
3.832077623262627845e-03
3.826144259169695326e-03
3.820220071301730184e-03
3.814305045492723777e-03
3.808399167598510229e-03
3.802502423496731745e-03
3.796614799086806078e-03
3.790736280289895305e-03
3.784866853048865932e-03
3.779006503328259832e-03
3.773155217114257387e-03
3.767312980414645827e-03
3.761479779258784534e-03
3.755655599697572088e-03
3.749840427803409829e-03
3.744034249670173675e-03
3.738237051413176824e-03
3.732448819169133757e-03
3.726669539096134215e-03
3.720899197373605041e-03
3.715137780202275915e-03
3.709385273804150299e-03
3.703641664422469004e-03
3.697906938321678105e-03
3.692181081787395541e-03
3.686464081126379459e-03
3.680755922666494387e-03
3.675056592756677839e-03
3.669366077766908658e-03
3.663684364088173190e-03
3.658011438132434488e-03
3.652347286332596754e-03
3.646691895142474982e-03
3.641045251036762430e-03
3.635407340510997225e-03
3.629778150081530708e-03
3.624157666285493604e-03
3.618545875680767403e-03
3.612942764845945322e-03
3.607348320380310627e-03
3.601762528903791963e-03
3.596185377056941232e-03
3.590616851500898037e-03
3.585056938917355850e-03
3.579505626008533826e-03
3.573962899497140806e-03
3.568428746126349731e-03
3.562903152659757308e-03
3.557386105881360158e-03
3.551877592595518822e-03
3.546377599626927835e-03
3.540886113820584068e-03
3.535403122041752468e-03
3.529928611175940038e-03
3.524462568128860704e-03
3.519004979826404964e-03
3.513555833214606922e-03
3.508115115259616106e-03
3.502682812947664932e-03
3.497258913285036623e-03
3.491843403298036143e-03
3.486436270032956808e-03
3.481037500556051663e-03
3.475647081953500955e-03
3.470265001331382208e-03
3.464891245815639002e-03
3.459525802552048876e-03
3.454168658706196875e-03
3.448819801463440422e-03
3.443479218028879831e-03
3.438146895627328808e-03
3.432822821503285406e-03
3.427506982920896887e-03
3.422199367163932839e-03
3.416899961535754815e-03
3.411608753359284679e-03
3.406325729976976847e-03
3.401050878750782290e-03
3.395784187062125120e-03
3.390525642311870494e-03
3.385275231920291221e-03
3.380032943327043911e-03
3.374798763991129942e-03
3.369572681390877247e-03
3.364354683023901282e-03
3.359144756407076403e-03
3.353942889076510711e-03
3.348749068587514831e-03
3.343563282514566779e-03
3.338385518451289849e-03
3.333215764010418782e-03
3.328054006823771577e-03
3.322900234542219573e-03
3.317754434835657514e-03
3.312616595392975372e-03
3.307486703922029279e-03
3.302364748149610747e-03
3.297250715821418467e-03
3.292144594702027527e-03
3.287046372574864254e-03
3.281956037242171956e-03
3.276873576524986630e-03
3.271798978263103577e-03
3.266732230315052242e-03
3.261673320558065425e-03
3.256622236888049790e-03
3.251578967219560280e-03
3.246543499485765420e-03
3.241515821638426068e-03
3.236495921647861151e-03
3.231483787502920785e-03
3.226479407210957641e-03
3.221482768797800499e-03
3.216493860307720852e-03
3.211512669803410353e-03
3.206539185365946988e-03
3.201573395094770794e-03
3.196615287107653931e-03
3.191664849540672491e-03
3.186722070548177015e-03
3.181786938302767764e-03
3.176859440995263937e-03
3.171939566834675039e-03
3.167027304048174868e-03
3.162122640881073320e-03
3.157225565596786035e-03
3.152336066476809674e-03
3.147454131820692433e-03
3.142579749946004981e-03
3.137712909188317481e-03
3.132853597901164890e-03
3.128001804456024409e-03
3.123157517242287299e-03
3.118320724667229382e-03
3.113491415155985459e-03
3.108669577151519387e-03
3.103855199114599357e-03
3.099048269523768835e-03
3.094248776875319681e-03
3.089456709683263518e-03
3.084672056479309619e-03
3.079894805812828477e-03
3.075124946250834025e-03
3.070362466377949372e-03
3.065607354796385554e-03
3.060859600125909012e-03
3.056119191003819034e-03
3.051386116084917402e-03
3.046660364041483670e-03
3.041941923563247410e-03
3.037230783357362188e-03
3.032526932148377381e-03
3.027830358678210848e-03
3.023141051706126382e-03
3.018459000008701619e-03
3.013784192379805049e-03
3.009116617630567397e-03
3.004456264589356468e-03
2.999803122101751124e-03
2.995157179030511797e-03
2.990518424255556203e-03
2.985886846673935051e-03
2.981262435199800390e-03
2.976645178764385224e-03
2.972035066315972286e-03
2.967432086819869318e-03
2.962836229258386522e-03
2.958247482630804032e-03
2.953665835953351530e-03
2.949091278259178758e-03
2.944523798598330366e-03
2.939963386037720318e-03
2.935410029661105445e-03
2.930863718569061156e-03
2.926324441878951944e-03
2.921792188724909711e-03
2.917266948257806435e-03
2.912748709645225989e-03
2.908237462071442889e-03
2.903733194737392366e-03
2.899235896860649121e-03
2.894745557675397832e-03
2.890262166432409300e-03
2.885785712399013998e-03
2.881316184859080386e-03
2.876853573112983248e-03
2.872397866477582884e-03
2.867949054286199513e-03
2.863507125888585091e-03
2.859072070650901191e-03
2.854643877955692112e-03
2.850222537201860598e-03
2.845808037804642247e-03
2.841400369195578625e-03
2.836999520822496880e-03
2.832605482149478521e-03
2.828218242656841200e-03
2.823837791841107489e-03
2.819464119214983629e-03
2.815097214307333943e-03
2.810737066663156550e-03
2.806383665843556474e-03
2.802037001425723966e-03
2.797697063002905875e-03
2.793363840184384835e-03
2.789037322595453242e-03
2.784717499877388536e-03
2.780404361687426312e-03
2.776097897698740803e-03
2.771798097600415393e-03
2.767504951097421798e-03
2.763218447910595343e-03
2.758938577776605915e-03
2.754665330447940604e-03
2.750398695692874221e-03
2.746138663295448045e-03
2.741885223055443369e-03
2.737638364788358512e-03
2.733398078325385405e-03
2.729164353513383566e-03
2.724937180214857552e-03
2.720716548307932237e-03
2.716502447686328960e-03
2.712294868259341671e-03
2.708093799951813950e-03
2.703899232704112549e-03
2.699711156472104842e-03
2.695529561227138007e-03
2.691354436956009538e-03
2.687185773660949028e-03
2.683023561359589547e-03
2.678867790084947693e-03
2.674718449885399307e-03
2.670575530824653449e-03
2.666439022981732451e-03
2.662308916450945029e-03
2.658185201341865464e-03
2.654067867779309319e-03
2.649956905903308284e-03
2.645852305869088057e-03
2.641754057847048830e-03
2.637662152022733630e-03
2.633576578596813142e-03
2.629497327785057514e-03
2.625424389818315982e-03
2.621357754942490407e-03
2.617297413418517502e-03
2.613243355522338902e-03
2.609195571544885121e-03
2.605154051792046496e-03
2.601118786584654535e-03
2.597089766258457201e-03
2.593066981164094190e-03
2.589050421667078716e-03
2.585040078147769760e-03
2.581035941001352547e-03
2.577038000637814699e-03
2.573046247481922382e-03
2.569060671973200354e-03
2.565081264565906814e-03
2.561108015729010416e-03
2.557140915946170753e-03
2.553179955715713205e-03
2.549225125550606819e-03
2.545276415978442192e-03
2.541333817541410224e-03
2.537397320796276525e-03
2.533466916314361037e-03
2.529542594681518080e-03
2.525624346498107735e-03
2.521712162378981527e-03
2.517806032953451203e-03
2.513905948865275720e-03
2.510011900772632192e-03
2.506123879348098101e-03
2.502241875278624419e-03
2.498365879265519555e-03
2.494495882024422035e-03
2.490631874285281419e-03
2.486773846792335319e-03
2.482921790304087710e-03
2.479075695593287686e-03
2.475235553446905601e-03
2.471401354666113558e-03
2.467573090066262857e-03
2.463750750476860138e-03
2.459934326741549174e-03
2.456123809718086578e-03
2.452319190278321424e-03
2.448520459308172262e-03
2.444727607707608032e-03
2.440940626390623348e-03
2.437159506285219851e-03
2.433384238333381050e-03
2.429614813491055413e-03
2.425851222728132080e-03
2.422093457028418745e-03
2.418341507389623005e-03
2.414595364823328948e-03
2.410855020354976327e-03
2.407120465023839754e-03
2.403391689883007439e-03
2.399668685999357780e-03
2.395951444453542876e-03
2.392239956339962080e-03
2.388534212766744644e-03
2.384834204855726739e-03
2.381139923742431504e-03
2.377451360576047362e-03
2.373768506519406771e-03
2.370091352748965839e-03
2.366419890454784375e-03
2.362754110840502905e-03
2.359094005123322721e-03
2.355439564533984200e-03
2.351790780316749888e-03
2.348147643729377176e-03
2.344510146043104429e-03
2.340878278542624959e-03
2.337252032526069244e-03
2.333631399304982815e-03
2.330016370204307605e-03
2.326406936562358529e-03
2.322803089730806139e-03
2.319204821074652770e-03
2.315612121972215193e-03
2.312024983815102498e-03
2.308443398008195712e-03
2.304867355969627413e-03
2.301296849130761782e-03
2.297731868936174222e-03
2.294172406843631405e-03
2.290618454324070026e-03
2.287070002861575982e-03
2.283527043953368328e-03
2.279989569109772823e-03
2.276457569854208052e-03
2.272931037723158968e-03
2.269409964266163454e-03
2.265894341045788032e-03
2.262384159637607049e-03
2.258879411630185761e-03
2.255380088625060821e-03
2.251886182236715987e-03
2.248397684092565650e-03
2.244914585832934878e-03
2.241436879111038602e-03
2.237964555592961667e-03
2.234497606957640617e-03
2.231036024896842010e-03
2.227579801115143338e-03
2.224128927329913942e-03
2.220683395271295935e-03
2.217243196682182078e-03
2.213808323318198872e-03
2.210378766947684870e-03
2.206954519351673333e-03
2.203535572323871410e-03
2.200121917670639759e-03
2.196713547210975628e-03
2.193310452776490744e-03
2.189912626211394393e-03
2.186520059372472173e-03
2.183132744129066913e-03
2.179750672363061324e-03
2.176373835968855447e-03
2.173002226853350607e-03
2.169635836935928600e-03
2.166274658148432605e-03
2.162918682435148107e-03
2.159567901752783813e-03
2.156222308070452568e-03
2.152881893369653146e-03
2.149546649644250296e-03
2.146216568900454359e-03
2.142891643156805657e-03
2.139571864444153246e-03
2.136257224805635391e-03
2.132947716296663965e-03
2.129643330984901453e-03
2.126344060950244481e-03
2.123049898284806031e-03
2.119760835092893755e-03
2.116476863490992632e-03
2.113197975607748053e-03
2.109924163583943701e-03
2.106655419572485942e-03
2.103391735738383006e-03
2.100133104258728074e-03
2.096879517322679763e-03
2.093630967131443477e-03
2.090387445898254058e-03
2.087148945848354975e-03
2.083915459218982705e-03
2.080686978259347220e-03
2.077463495230611606e-03
2.074245002405876448e-03
2.071031492070161181e-03
2.067822956520384142e-03
2.064619388065345226e-03
2.061420779025708531e-03
2.058227121733981115e-03
2.055038408534499983e-03
2.051854631783408666e-03
2.048675783848641178e-03
2.045501857109905102e-03
2.042332843958661638e-03
2.039168736798108259e-03
2.036009528043161362e-03
2.032855210120436320e-03
2.029705775468231867e-03
2.026561216536511452e-03
2.023421525786882856e-03
2.020286695692584747e-03
2.017156718738464995e-03
2.014031587420964196e-03
2.010911294248099185e-03
2.007795831739442663e-03
2.004685192426107574e-03
2.001579368850727163e-03
1.998478353567440663e-03
1.995382139141872908e-03
1.992290718151116559e-03
1.989204083183715617e-03
1.986122226839648515e-03
1.983045141730308165e-03
1.979972820478486783e-03
1.976905255718357235e-03
1.973842440095455696e-03
1.970784366266663430e-03
1.967731026900191183e-03
1.964682414675560096e-03
1.961638522283584794e-03
1.958599342426356471e-03
1.955564867817225980e-03
1.952535091180784745e-03
1.949510005252848288e-03
1.946489602780440177e-03
1.943473876521773815e-03
1.940462819246234656e-03
1.937456423734363730e-03
1.934454682777841592e-03
1.931457589179467723e-03
1.928465135753147956e-03
1.925477315323874524e-03
1.922494120727709366e-03
1.919515544811767858e-03
1.916541580434201258e-03
1.913572220464179567e-03
1.910607457781875271e-03
1.907647285278445994e-03
1.904691695856018012e-03
1.901740682427668482e-03
1.898794237917410038e-03
1.895852355260171929e-03
1.892915027401785924e-03
1.889982247298967015e-03
1.887054007919298235e-03
1.884130302241213747e-03
1.881211123253980410e-03
1.878296463957684773e-03
1.875386317363212469e-03
1.872480676492234777e-03
1.869579534377190187e-03
1.866682884061267918e-03
1.863790718598391880e-03
1.860903031053205703e-03
1.858019814501052358e-03
1.855141062027961148e-03
1.852266766730630791e-03
1.849396921716410557e-03
1.846531520103287909e-03
1.843670555019868334e-03
1.840814019605362117e-03
1.837961907009564178e-03
1.835114210392842574e-03
1.832270922926118985e-03
1.829432037790853539e-03
1.826597548179027461e-03
1.823767447293129194e-03
1.820941728346136407e-03
1.818120384561500158e-03
1.815303409173129288e-03
1.812490795425373722e-03
1.809682536573009072e-03
1.806878625881220592e-03
1.804079056625586264e-03
1.801283822092062271e-03
1.798492915576964564e-03
1.795706330386956286e-03
1.792924059839028908e-03
1.790146097260488997e-03
1.787372435988939358e-03
1.784603069372265802e-03
1.781837990768620015e-03
1.779077193546404166e-03
1.776320671084255075e-03
1.773568416771027952e-03
1.770820424005782080e-03
1.768076686197763260e-03
1.765337196766390143e-03
1.762601949141236017e-03
1.759870936762017099e-03
1.757144153078571934e-03
1.754421591550850553e-03
1.751703245648895827e-03
1.748989108852829150e-03
1.746279174652835050e-03
1.743573436549144054e-03
1.740871888052020981e-03
1.738174522681744556e-03
1.735481333968596791e-03
1.732792315452843677e-03
1.730107460684722617e-03
1.727426763224425722e-03
1.724750216642084635e-03
1.722077814517755569e-03
1.719409550441403697e-03
1.716745418012888182e-03
1.714085410841947009e-03
1.711429522548181363e-03
1.708777746761040890e-03
1.706130077119808516e-03
1.703486507273585483e-03
1.700847030881274874e-03
1.698211641611568814e-03
1.695580333142931995e-03
1.692953099163586276e-03
1.690329933371497242e-03
1.687710829474357074e-03
1.685095781189571533e-03
1.682484782244245006e-03
1.679877826375163370e-03
1.677274907328780550e-03
1.674676018861205725e-03
1.672081154738183813e-03
1.669490308735085060e-03
1.666903474636887914e-03
1.664320646238164492e-03
1.661741817343066058e-03
1.659166981765309136e-03
1.656596133328159040e-03
1.654029265864416856e-03
1.651466373216402966e-03
1.648907449235944905e-03
1.646352487784360445e-03
1.643801482732443935e-03
1.641254427960451776e-03
1.638711317358087670e-03
1.636172144824488313e-03
1.633636904268208215e-03
1.631105589607206472e-03
1.628578194768831155e-03
1.626054713689805212e-03
1.623535140316212161e-03
1.621019468603481775e-03
1.618507692516375556e-03
1.615999806028971773e-03
1.613495803124652232e-03
1.610995677796087534e-03
1.608499424045222326e-03
1.606007035883261647e-03
1.603518507330656609e-03
1.601033832417089655e-03
1.598553005181461116e-03
1.596076019671873814e-03
1.593602869945620918e-03
1.591133550069169468e-03
1.588668054118147792e-03
1.586206376177331200e-03
1.583748510340627887e-03
1.581294450711063755e-03
1.578844191400770054e-03
1.576397726530968631e-03
1.573955050231958062e-03
1.571516156643098898e-03
1.569081039912801094e-03
1.566649694198509260e-03
1.564222113666688570e-03
1.561798292492811531e-03
1.559378224861343457e-03
1.556961904965729893e-03
1.554549327008380132e-03
1.552140485200657026e-03
1.549735373762860073e-03
1.547333986924213488e-03
1.544936318922851678e-03
1.542542364005806011e-03
1.540152116428990725e-03
1.537765570457189047e-03
1.535382720364041054e-03
1.533003560432027405e-03
1.530628084952457635e-03
1.528256288225457362e-03
1.525888164559952020e-03
1.523523708273655372e-03
1.521162913693055625e-03
1.518805775153401561e-03
1.516452286998688868e-03
1.514102443581647785e-03
1.511756239263727921e-03
1.509413668415086549e-03
1.507074725414574070e-03
1.504739404649721880e-03
1.502407700516726532e-03
1.500079607420439550e-03
1.497755119774351815e-03
1.495434232000581636e-03
1.493116938529859359e-03
1.490803233801518040e-03
1.488493112263475446e-03
1.486186568372224953e-03
1.483883596592818627e-03
1.481584191398858767e-03
1.479288347272479263e-03
1.476996058704336482e-03
1.474707320193594526e-03
1.472422126247912872e-03
1.470140471383432276e-03
1.467862350124762849e-03
1.465587757004969960e-03
1.463316686565562311e-03
1.461049133356477408e-03
1.458785091936070939e-03
1.456524556871101371e-03
1.454267522736718467e-03
1.452013984116449618e-03
1.449763935602187484e-03
1.447517371794177854e-03
1.445274287301004032e-03
1.443034676739577294e-03
1.440798534735121712e-03
1.438565855921163095e-03
1.436336634939514890e-03
1.434110866440265397e-03
1.431888545081766700e-03
1.429669665530619495e-03
1.427454222461662682e-03
1.425242210557958831e-03
1.423033624510783562e-03
1.420828459019610147e-03
1.418626708792099537e-03
1.416428368544086266e-03
1.414233432999566307e-03
1.412041896890684281e-03
1.409853754957721313e-03
1.407669001949082236e-03
1.405487632621283452e-03
1.403309641738939052e-03
1.401135024074750407e-03
1.398963774409492508e-03
1.396795887532001389e-03
1.394631358239162202e-03
1.392470181335897072e-03
1.390312351635151870e-03
1.388157863957884940e-03
1.386006713133053000e-03
1.383858893997601171e-03
1.381714401396448664e-03
1.379573230182477720e-03
1.377435375216521036e-03
1.375300831367348969e-03
1.373169593511658262e-03
1.371041656534058815e-03
1.368917015327062846e-03
1.366795664791070793e-03
1.364677599834361339e-03
1.362562815373077104e-03
1.360451306331215320e-03
1.358343067640611999e-03
1.356238094240933695e-03
1.354136381079662542e-03
1.352037923112086064e-03
1.349942715301283725e-03
1.347850752618116529e-03
1.345762030041213354e-03
1.343676542556960108e-03
1.341594285159487809e-03
1.339515252850659571e-03
1.337439440640060409e-03
1.335366843544983370e-03
1.333297456590418900e-03
1.331231274809043137e-03
1.329168293241205770e-03
1.327108506934917675e-03
1.325051910945839427e-03
1.322998500337270456e-03
1.320948270180135817e-03
1.318901215552975570e-03
1.316857331541932200e-03
1.314816613240739557e-03
1.312779055750711152e-03
1.310744654180727138e-03
1.308713403647225647e-03
1.306685299274187384e-03
1.304660336193126744e-03
1.302638509543079881e-03
1.300619814470591485e-03
1.298604246129705236e-03
1.296591799681951016e-03
1.294582470296332978e-03
1.292576253149320007e-03
1.290573143424832711e-03
1.288573136314231059e-03
1.286576227016305706e-03
1.284582410737263904e-03
1.282591682690719086e-03
1.280604038097679599e-03
1.278619472186537636e-03
1.276637980193056233e-03
1.274659557360360374e-03
1.272684198938923983e-03
1.270711900186558213e-03
1.268742656368402125e-03
1.266776462756908804e-03
1.264813314631836258e-03
1.262853207280235490e-03
1.260896135996439002e-03
1.258942096082049092e-03
1.256991082845928089e-03
1.255043091604185999e-03
1.253098117680169878e-03
1.251156156404452120e-03
1.249217203114820051e-03
1.247281253156264438e-03
1.245348301880967994e-03
1.243418344648295404e-03
1.241491376824780963e-03
1.239567393784118607e-03
1.237646390907150198e-03
1.235728363581854467e-03
1.233813307203336825e-03
1.231901217173817214e-03
1.229992088902620356e-03
1.228085917806163822e-03
1.226182699307948060e-03
1.224282428838544250e-03
1.222385101835583897e-03
1.220490713743749072e-03
1.218599260014760054e-03
1.216710736107365354e-03
1.214825137487329787e-03
1.212942459627425152e-03
1.211062698007418521e-03
1.209185848114061827e-03
1.207311905441081244e-03
1.205440865489165042e-03
1.203572723765954696e-03
1.201707475786033610e-03
1.199845117070915844e-03
1.197985643149035700e-03
1.196129049555738188e-03
1.194275331833266444e-03
1.192424485530751543e-03
1.190576506204204035e-03
1.188731389416500077e-03
1.186889130737373618e-03
1.185049725743403393e-03
1.183213170018005116e-03
1.181379459151418688e-03
1.179548588740698435e-03
1.177720554389702270e-03
1.175895351709083016e-03
1.174072976316275184e-03
1.172253423835486075e-03
1.170436689897685380e-03
1.168622770140594330e-03
1.166811660208675293e-03
1.165003355753122015e-03
1.163197852431848128e-03
1.161395145909478255e-03
1.159595231857336092e-03
1.157798105953434641e-03
1.156003763882467329e-03
1.154212201335794987e-03
1.152423414011438489e-03
1.150637397614065732e-03
1.148854147854983399e-03
1.147073660452126121e-03
1.145295931130046064e-03
1.143520955619902520e-03
1.141748729659453022e-03
1.139979248993040761e-03
1.138212509371587435e-03
1.136448506552579802e-03
1.134687236300062959e-03
1.132928694384627765e-03
1.131172876583401952e-03
1.129419778680039281e-03
1.127669396464709567e-03
1.125921725734090224e-03
1.124176762291353472e-03
1.122434501946158961e-03
1.120694940514641849e-03
1.118958073819403907e-03
1.117223897689503115e-03
1.115492407960444118e-03
1.113763600474167604e-03
1.112037471079040975e-03
1.110314015629847943e-03
1.108593229987779854e-03
1.106875110020423113e-03
1.105159651601753546e-03
1.103446850612121652e-03
1.101736702938246751e-03
1.100029204473205275e-03
1.098324351116421226e-03
1.096622138773656633e-03
1.094922563357001799e-03
1.093225620784864889e-03
1.091531306981963255e-03
1.089839617879312600e-03
1.088150549414218298e-03
1.086464097530264990e-03
1.084780258177307256e-03
1.083099027311459645e-03
1.081420400895087347e-03
1.079744374896796219e-03
1.078070945291423680e-03
1.076400108060028733e-03
1.074731859189881778e-03
1.073066194674456800e-03
1.071403110513419882e-03
1.069742602712620526e-03
1.068084667284082117e-03
1.066429300245992379e-03
1.064776497622694270e-03
1.063126255444675136e-03
1.061478569748558910e-03
1.059833436577095698e-03
1.058190851979152461e-03
1.056550812009703251e-03
1.054913312729820977e-03
1.053278350206666991e-03
1.051645920513481118e-03
1.050016019729574064e-03
1.048388643940316792e-03
1.046763789237131845e-03
1.045141451717482729e-03
1.043521627484866095e-03
1.041904312648801994e-03
1.040289503324823891e-03
1.038677195634470432e-03
1.037067385705275468e-03
1.035460069670759379e-03
1.033855243670418885e-03
1.032252903849719024e-03
1.030653046360083171e-03
1.029055667358883940e-03
1.027460763009433852e-03
1.025868329480977316e-03
1.024278362948679785e-03
1.022690859593620386e-03
1.021105815602780425e-03
1.019523227169036881e-03
1.017943090491151784e-03
1.016365401773763758e-03
1.014790157227378042e-03
1.013217353068359122e-03
1.011646985518919670e-03
1.010079050807113172e-03
1.008513545166824172e-03
1.006950464837759376e-03
1.005389806065438985e-03
1.003831565101186499e-03
1.002275738202121564e-03
1.000722321631149995e-03
9.991713116569551044e-04
9.976227045539885936e-04
9.960764966024614458e-04
9.945326840883365535e-04
9.929912633033167926e-04
9.914522305448396008e-04
9.899155821160663532e-04
9.883813143258730373e-04
9.868494234888430978e-04
9.853199059252568115e-04
9.837927579610841310e-04
9.822679759279744939e-04
9.807455561632494496e-04
9.792254950098929021e-04
9.777077888165424356e-04
9.761924339374810754e-04
9.746794267326283970e-04
9.731687635675313102e-04
9.716604408133567954e-04
9.701544548468810612e-04
9.686508020504830396e-04
9.671494788121347361e-04
9.656504815253922312e-04
9.641538065893873318e-04
9.626594504088200905e-04
9.611674093939487221e-04
9.596776799605816893e-04
9.581902585300687038e-04
9.567051415292932449e-04
9.552223253906624769e-04
9.537418065520999848e-04
9.522635814570368836e-04
9.507876465544032535e-04
9.493139982986195744e-04
9.478426331495880524e-04
9.463735475726850303e-04
9.449067380387517721e-04
9.434422010240861144e-04
9.419799330104341182e-04
9.405199304849822623e-04
9.390621899403477947e-04
9.376067078745709254e-04
9.361534807911077796e-04
9.347025051988198810e-04
9.332537776119672127e-04
9.318072945501988929e-04
9.303630525385462365e-04
9.289210481074128885e-04
9.274812777925682105e-04
9.260437381351373058e-04
9.246084256815935388e-04
9.231753369837511622e-04
9.217444685987551253e-04
9.203158170890747862e-04
9.188893790224943701e-04
9.174651509721053807e-04
9.160431295162981425e-04
9.146233112387538869e-04
9.132056927284367288e-04
9.117902705795847759e-04
9.103770413917023231e-04
9.089660017695525875e-04
9.075571483231486018e-04
9.061504776677449741e-04
9.047459864238306237e-04
9.033436712171203243e-04
9.019435286785461390e-04
9.005455554442504812e-04
8.991497481555768990e-04
8.977561034590629194e-04
8.963646180064318084e-04
8.949752884545838973e-04
8.935881114655898610e-04
8.922030837066813932e-04
8.908202018502444849e-04
8.894394625738105339e-04
8.880608625600487551e-04
8.866843984967583744e-04
8.853100670768604971e-04
8.839378649983901937e-04
8.825677889644891264e-04
8.811998356833967679e-04
8.798340018684431369e-04
8.784702842380408836e-04
8.771086795156778082e-04
8.757491844299078627e-04
8.743917957143444285e-04
8.730365101076521849e-04
8.716833243535395195e-04
8.703322352007496383e-04
8.689832394030549273e-04
8.676363337192470864e-04
8.662915149131305160e-04
8.649487797535140767e-04
8.636081250142037171e-04
8.622695474739948841e-04
8.609330439166646082e-04
8.595986111309631555e-04
8.582662459106074138e-04
8.569359450542727609e-04
8.556077053655855840e-04
8.542815236531151480e-04
8.529573967303667650e-04
8.516353214157736627e-04
8.503152945326889617e-04
8.489973129093789529e-04
8.476813733790151831e-04
8.463674727796667574e-04
8.450556079542927493e-04
8.437457757507349368e-04
8.424379730217097795e-04
8.411321966248018044e-04
8.398284434224549330e-04
8.385267102819657587e-04
8.372269940754759575e-04
8.359292916799643735e-04
8.346335999772401884e-04
8.333399158539352234e-04
8.320482362014960248e-04
8.307585579161771419e-04
8.294708778990333205e-04
8.281851930559122393e-04
8.269015002974470282e-04
8.256197965390485709e-04
8.243400787008993251e-04
8.230623437079441062e-04
8.217865884898843416e-04
8.205128099811697219e-04
8.192410051209915878e-04
8.179711708532753402e-04
8.167033041266728507e-04
8.154374018945551982e-04
8.141734611150060544e-04
8.129114787508135527e-04
8.116514517694636745e-04
8.103933771431328769e-04
8.091372518486800690e-04
8.078830728676408661e-04
8.066308371862188076e-04
8.053805417952792853e-04
8.041321836903417373e-04
8.028857598715727090e-04
8.016412673437789144e-04
8.003987031163994296e-04
7.991580642034990791e-04
7.979193476237609554e-04
7.966825504004795876e-04
7.954476695615540034e-04
7.942147021394794885e-04
7.929836451713422746e-04
7.917544956988109735e-04
7.905272507681298556e-04
7.893019074301124531e-04
7.880784627401336449e-04
7.868569137581230433e-04
7.856372575485579468e-04
7.844194911804562922e-04
7.832036117273697166e-04
7.819896162673761839e-04
7.807775018830735887e-04
7.795672656615720581e-04
7.783589046944878803e-04
7.771524160779359151e-04
7.759477969125224382e-04
7.747450443033390699e-04
7.735441553599549684e-04
7.723451271964105417e-04
7.711479569312105087e-04
7.699526416873159846e-04
7.687591785921392765e-04
7.675675647775357519e-04
7.663777973797974421e-04
7.651898735396461034e-04
7.640037904022266031e-04
7.628195451170991133e-04
7.616371348382346661e-04
7.604565567240050700e-04
7.592778079371787902e-04
7.581008856449128171e-04
7.569257870187460525e-04
7.557525092345931299e-04
7.545810494727371500e-04
7.534114049178231758e-04
7.522435727588508599e-04
7.510775501891685897e-04
7.499133344064663319e-04
7.487509226127693441e-04
7.475903120144308019e-04
7.464314998221255109e-04
7.452744832508429677e-04
7.441192595198815049e-04
7.429658258528404856e-04
7.418141794776146646e-04
7.406643176263865997e-04
7.395162375356210136e-04
7.383699364460575296e-04
7.372254116027041667e-04
7.360826602548311594e-04
7.349416796559636936e-04
7.338024670638762688e-04
7.326650197405844582e-04
7.315293349523406801e-04
7.303954099696259583e-04
7.292632420671438503e-04
7.281328285238137252e-04
7.270041666227650178e-04
7.258772536513299640e-04
7.247520869010373127e-04
7.236286636676056037e-04
7.225069812509375298e-04
7.213870369551124559e-04
7.202688280883808893e-04
7.191523519631569990e-04
7.180376058960131948e-04
7.169245872076734048e-04
7.158132932230060284e-04
7.147037212710185151e-04
7.135958686848501006e-04
7.124897328017662772e-04
7.113853109631516382e-04
7.102826005145041312e-04
7.091815988054280115e-04
7.080823031896282035e-04
7.069847110249040129e-04
7.058888196731416455e-04
7.047946265003096535e-04
7.037021288764512376e-04
7.026113241756779589e-04
7.015222097761648597e-04
7.004347830601427658e-04
6.993490414138922150e-04
6.982649822277382529e-04
6.971826028960427350e-04
6.961019008171990142e-04
6.950228733936256523e-04
6.939455180317596981e-04
6.928698321420512663e-04
6.917958131389561650e-04
6.907234584409315589e-04
6.896527654704277289e-04
6.885837316538830858e-04
6.875163544217178808e-04
6.864506312083277009e-04
6.853865594520781564e-04
6.843241365952975079e-04
6.832633600842715708e-04
6.822042273692369933e-04
6.811467359043755099e-04
6.800908831478080872e-04
6.790366665615878757e-04
6.779840836116952235e-04
6.769331317680310619e-04
6.758838085044105090e-04
6.748361112985578822e-04
6.737900376320994341e-04
6.727455849905583651e-04
6.717027508633479933e-04
6.706615327437664411e-04
6.696219281289901310e-04
6.685839345200680385e-04
6.675475494219152957e-04
6.665127703433079871e-04
6.654795947968767528e-04
6.644480202991004999e-04
6.634180443703011987e-04
6.623896645346369436e-04
6.613628783200973995e-04
6.603376832584966459e-04
6.593140768854678646e-04
6.582920567404569427e-04
6.572716203667178106e-04
6.562527653113050695e-04
6.552354891250686784e-04
6.542197893626486424e-04
6.532056635824682895e-04
6.521931093467288505e-04
6.511821242214039292e-04
6.501727057762331057e-04
6.491648515847160813e-04
6.481585592241075836e-04
6.471538262754112942e-04
6.461506503233732353e-04
6.451490289564769994e-04
6.441489597669377860e-04
6.431504403506958963e-04
6.421534683074125050e-04
6.411580412404621794e-04
6.401641567569281085e-04
6.391718124675963572e-04
6.381810059869499029e-04
6.371917349331627806e-04
6.362039969280948795e-04
6.352177895972859790e-04
6.342331105699500031e-04
6.332499574789691651e-04
6.322683279608889810e-04
6.312882196559116551e-04
6.303096302078915270e-04
6.293325572643282406e-04
6.283569984763621909e-04
6.273829514987683438e-04
6.264104139899502729e-04
6.254393836119356061e-04
6.244698580303693035e-04
6.235018349145091034e-04
6.225353119372185840e-04
6.215702867749632599e-04
6.206067571078039682e-04
6.196447206193911230e-04
6.186841749969598358e-04
6.177251179313241695e-04
6.167675471168713921e-04
6.158114602515568810e-04
6.148568550368981598e-04
6.139037291779693688e-04
6.129520803833964950e-04
6.120019063653508659e-04
6.110532048395443802e-04
6.101059735252238690e-04
6.091602101451654584e-04
6.082159124256696905e-04
6.072730780965550183e-04
6.063317048911533603e-04
6.053917905463040289e-04
6.044533328023492854e-04
6.035163294031275095e-04
6.025807780959688623e-04
6.016466766316892149e-04
6.007140227645855948e-04
5.997828142524298974e-04
5.988530488564641156e-04
5.979247243413949187e-04
5.969978384753880148e-04
5.960723890300627294e-04
5.951483737804874521e-04
5.942257905051732394e-04
5.933046369860693701e-04
5.923849110085577067e-04
5.914666103614470583e-04
5.905497328369680842e-04
5.896342762307690659e-04
5.887202383419084259e-04
5.878076169728514754e-04
5.868964099294643423e-04
5.859866150210083337e-04
5.850782300601355991e-04
5.841712528628831671e-04
5.832656812486678496e-04
5.823615130402814716e-04
5.814587460638850165e-04
5.805573781490036382e-04
5.796574071285221083e-04
5.787588308386782017e-04
5.778616471190590109e-04
5.769658538125949825e-04
5.760714487655547132e-04
5.751784298275401794e-04
5.742867948514813158e-04
5.733965416936309201e-04
5.725076682135595571e-04
5.716201722741503545e-04
5.707340517415940154e-04
5.698493044853836145e-04
5.689659283783096103e-04
5.680839212964545332e-04
5.672032811191878889e-04
5.663240057291614969e-04
5.654460930123040695e-04
5.645695408578157905e-04
5.636943471581644122e-04
5.628205098090788587e-04
5.619480267095449972e-04
5.610768957618007596e-04
5.602071148713301790e-04
5.593386819468591613e-04
5.584715949003504981e-04
5.576058516469984457e-04
5.567414501052238458e-04
5.558783881966695723e-04
5.550166638461947848e-04
5.541562749818705917e-04
5.532972195349747380e-04
5.524394954399870512e-04
5.515831006345839121e-04
5.507280330596338097e-04
5.498742906591921366e-04
5.490218713804963105e-04
5.481707731739610037e-04
5.473209939931730468e-04
5.464725317948868760e-04
5.456253845390187859e-04
5.447795501886431354e-04
5.439350267099868179e-04
5.430918120724244911e-04
5.422499042484736978e-04
5.414093012137900958e-04
5.405700009471626870e-04
5.397320014305086134e-04
5.388953006488689289e-04
5.380598965904030695e-04
5.372257872463845167e-04
5.363929706111957019e-04
5.355614446823236691e-04
5.347312074603547630e-04
5.339022569489697495e-04
5.330745911549398044e-04
5.322482080881209840e-04
5.314231057614496713e-04
5.305992821909381310e-04
5.297767353956689797e-04
5.289554633977915001e-04
5.281354642225158944e-04
5.273167358981092727e-04
5.264992764558907743e-04
5.256830839302262552e-04
5.248681563585246013e-04
5.240544917812321995e-04
5.232420882418284923e-04
5.224309437868214240e-04
5.216210564657426706e-04
5.208124243311429771e-04
5.200050454385873877e-04
5.191989178466506916e-04
5.183940396169127614e-04
5.175904088139538905e-04
5.167880235053502400e-04
5.159868817616689593e-04
5.151869816564639583e-04
5.143883212662708109e-04
5.135908986706027440e-04
5.127947119519451081e-04
5.119997591957522326e-04
5.112060384904411380e-04
5.104135479273881745e-04
5.096222856009241433e-04
5.088322496083295260e-04
5.080434380498298225e-04
5.072558490285916481e-04
5.064694806507176374e-04
5.056843310252418910e-04
5.049003982641256383e-04
5.041176804822526843e-04
5.033361757974247471e-04
5.025558823303575553e-04
5.017767982046751011e-04
5.009989215469066049e-04
5.002222504864807691e-04
4.994467831557221999e-04
4.986725176898464205e-04
4.978994522269557504e-04
4.971275849080345356e-04
4.963569138769444861e-04
4.955874372804210982e-04
4.948191532680682337e-04
4.940520599923546499e-04
4.932861556086083621e-04
4.925214382750133912e-04
4.917579061526047759e-04
4.909955574052640194e-04
4.902343901997151861e-04
4.894744027055200229e-04
4.887155930950740556e-04
4.879579595436016565e-04
4.872015002291522488e-04
4.864462133325952661e-04
4.856920970376165736e-04
4.849391495307134271e-04
4.841873690011905696e-04
4.834367536411557321e-04
4.826873016455152966e-04
4.819390112119697968e-04
4.811918805410099606e-04
4.804459078359123734e-04
4.797010913027345991e-04
4.789574291503117653e-04
4.782149195902513040e-04
4.774735608369294832e-04
4.767333511074868524e-04
4.759942886218236895e-04
4.752563716025960433e-04
4.745195982752116134e-04
4.737839668678248172e-04
4.730494756113334831e-04
4.723161227393739715e-04
4.715839064883168381e-04
4.708528250972633103e-04
4.701228768080403537e-04
4.693940598651968237e-04
4.686663725159989115e-04
4.679398130104265663e-04
4.672143796011689418e-04
4.664900705436196798e-04
4.657668840958737117e-04
4.650448185187224881e-04
4.643238720756499133e-04
4.636040430328284417e-04
4.628853296591139825e-04
4.621677302260432971e-04
4.614512430078284702e-04
4.607358662813536027e-04
4.600215983261703124e-04
4.593084374244935054e-04
4.585963818611975273e-04
4.578854299238121518e-04
4.571755799025182436e-04
4.564668300901434219e-04
4.557591787821584821e-04
4.550526242766731139e-04
4.543471648744316178e-04
4.536427988788092197e-04
4.529395245958074624e-04
4.522373403340507365e-04
4.515362444047818892e-04
4.508362351218583755e-04
4.501373108017475960e-04
4.494394697635238070e-04
4.487427103288635670e-04
4.480470308220417248e-04
4.473524295699273542e-04
4.466589049019799047e-04
4.459664551502451357e-04
4.452750786493511054e-04
4.445847737365043214e-04
4.438955387514852417e-04
4.432073720366451301e-04
4.425202719369012317e-04
4.418342367997336829e-04
4.411492649751803615e-04
4.404653548158343388e-04
4.397825046768388379e-04
4.391007129158837645e-04
4.384199778932015325e-04
4.377402979715633779e-04
4.370616715162756183e-04
4.363840968951749905e-04
4.357075724786253984e-04
4.350320966395139011e-04
4.343576677532465929e-04
4.336842841977448090e-04
4.330119443534412218e-04
4.323406466032762093e-04
4.316703893326935722e-04
4.310011709296370105e-04
4.303329897845456779e-04
4.296658442903513635e-04
4.289997328424735037e-04
4.283346538388161468e-04
4.276706056797636166e-04
4.270075867681770963e-04
4.263455955093904009e-04
4.256846303112061820e-04
4.250246895838926753e-04
4.243657717401792015e-04
4.237078751952526420e-04
4.230509983667536450e-04
4.223951396747727214e-04
4.217402975418466679e-04
4.210864703929547716e-04
4.204336566555146905e-04
4.197818547593789294e-04
4.191310631368312624e-04
4.184812802225823958e-04
4.178325044537670955e-04
4.171847342699395783e-04
4.165379681130702057e-04
4.158922044275417435e-04
4.152474416601454037e-04
4.146036782600773761e-04
4.139609126789350326e-04
4.133191433707129707e-04
4.126783687917999228e-04
4.120385874009743115e-04
4.113997976594008883e-04
4.107619980306272643e-04
4.101251869805799528e-04
4.094893629775606288e-04
4.088545244922426594e-04
4.082206699976672010e-04
4.075877979692400007e-04
4.069559068847271679e-04
4.063249952242518675e-04
4.056950614702906337e-04
4.050661041076694668e-04
4.044381216235606348e-04
4.038111125074789328e-04
4.031850752512776718e-04
4.025600083491454257e-04
4.019359102976024535e-04
4.013127795954969592e-04
4.006906147440014590e-04
4.000694142466090959e-04
3.994491766091305489e-04
3.988299003396898051e-04
3.982115839487208528e-04
3.975942259489644828e-04
3.969778248554639523e-04
3.963623791855620023e-04
3.957478874588971724e-04
3.951343481974000597e-04
3.945217599252902828e-04
3.939101211690721458e-04
3.932994304575318186e-04
3.926896863217334884e-04
3.920808872950158359e-04
3.914730319129885116e-04
3.908661187135289376e-04
3.902601462367781332e-04
3.896551130251380587e-04
3.890510176232672788e-04
3.884478585780781431e-04
3.878456344387329379e-04
3.872443437566404703e-04
3.866439850854526536e-04
3.860445569810609830e-04
3.854460580015932293e-04
3.848484867074095897e-04
3.842518416610995980e-04
3.836561214274788719e-04
3.830613245735847760e-04
3.824674496686741995e-04
3.818744952842189483e-04
3.812824599939033054e-04
3.806913423736198567e-04
3.801011410014666723e-04
3.795118544577432947e-04
3.789234813249479743e-04
3.783360201877737118e-04
3.777494696331053312e-04
3.771638282500155764e-04
3.765790946297622923e-04
3.759952673657844676e-04
3.754123450536994699e-04
3.748303262912991971e-04
3.742492096785467702e-04
3.736689938175735519e-04
3.730896773126752435e-04
3.725112587703090119e-04
3.719337367990899115e-04
3.713571100097876315e-04
3.707813770153229726e-04
3.702065364307646485e-04
3.696325868733263582e-04
3.690595269623626667e-04
3.684873553193662396e-04
3.679160705679644823e-04
3.673456713339160709e-04
3.667761562451078618e-04
3.662075239315515309e-04
3.656397730253801038e-04
3.650729021608448122e-04
3.645069099743120035e-04
3.639417951042594546e-04
3.633775561912734988e-04
3.628141918780456647e-04
3.622517008093691527e-04
3.616900816321359617e-04
3.611293329953334198e-04
3.605694535500409857e-04
3.600104419494269421e-04
3.594522968487454681e-04
3.588950169053329534e-04
3.583386007786051788e-04
3.577830471300539553e-04
3.572283546232436009e-04
3.566745219238083922e-04
3.561215476994487698e-04
3.555694306199284112e-04
3.550181693570711406e-04
3.544677625847574053e-04
3.539182089789212398e-04
3.533695072175474473e-04
3.528216559806679128e-04
3.522746539503584596e-04
3.517284998107361380e-04
3.511831922479558108e-04
3.506387299502067918e-04
3.500951116077100273e-04
3.495523359127147888e-04
3.490104015594955290e-04
3.484693072443487377e-04
3.479290516655900688e-04
3.473896335235508162e-04
3.468510515205750410e-04
3.463133043610165901e-04
3.457763907512353008e-04
3.452403093995949960e-04
3.447050590164594175e-04
3.441706383141895161e-04
3.436370460071406325e-04
3.431042808116587569e-04
3.425723414460780350e-04
3.420412266307174074e-04
3.415109350878777362e-04
3.409814655418383356e-04
3.404528167188545324e-04
3.399249873471539259e-04
3.393979761569338935e-04
3.388717818803583387e-04
3.383464032515544925e-04
3.378218390066100403e-04
3.372980878835701943e-04
3.367751486224343331e-04
3.362530199651534530e-04
3.357317006556265367e-04
3.352111894396982757e-04
3.346914850651553307e-04
3.341725862817237830e-04
3.336544918410660446e-04
3.331372004967776603e-04
3.326207110043848678e-04
3.321050221213408572e-04
3.315901326070232235e-04
3.310760412227310386e-04
3.305627467316818164e-04
3.300502478990083137e-04
3.295385434917559283e-04
3.290276322788793922e-04
3.285175130312399530e-04
3.280081845216028255e-04
3.274996455246334515e-04
3.269918948168952229e-04
3.264849311768461748e-04
3.259787533848362753e-04
3.254733602231044435e-04
3.249687504757755143e-04
3.244649229288573645e-04
3.239618763702382031e-04
3.234596095896833182e-04
3.229581213788323664e-04
3.224574105311966629e-04
3.219574758421558198e-04
3.214583161089551986e-04
3.209599301307029828e-04
3.204623167083672504e-04
3.199654746447729925e-04
3.194694027445995656e-04
3.189740998143773300e-04
3.184795646624852109e-04
3.179857960991477710e-04
3.174927929364320658e-04
3.170005539882450422e-04
3.165090780703307734e-04
3.160183640002674774e-04
3.155284105974644269e-04
3.150392166831597271e-04
3.145507810804168999e-04
3.140631026141224450e-04
3.135761801109827494e-04
3.130900123995214316e-04
3.126045983100766848e-04
3.121199366747978623e-04
3.116360263276434710e-04
3.111528661043778650e-04
3.106704548425684269e-04
3.101887913815832361e-04
3.097078745625877084e-04
3.092277032285422646e-04
3.087482762241990780e-04
3.082695923960999604e-04
3.077916505925731090e-04
3.073144496637302881e-04
3.068379884614643891e-04
3.063622658394465036e-04
3.058872806531231581e-04
3.054130317597137127e-04
3.049395180182073789e-04
3.044667382893606719e-04
3.039946914356946462e-04
3.035233763214919677e-04
3.030527918127946373e-04
3.025829367774006840e-04
3.021138100848619421e-04
3.016454106064811241e-04
3.011777372153090016e-04
3.007107887861420743e-04
3.002445641955193176e-04
2.997790623217200137e-04
2.993142820447607707e-04
2.988502222463928657e-04
2.983868818100996433e-04
2.979242596210939127e-04
2.974623545663146419e-04
2.970011655344255474e-04
2.965406914158110830e-04
2.960809311025745967e-04
2.956218834885354575e-04
2.951635474692261823e-04
2.947059219418902672e-04
2.942490058054790438e-04
2.937927979606494021e-04
2.933372973097608089e-04
2.928825027568729227e-04
2.924284132077430457e-04
2.919750275698231967e-04
2.915223447522577796e-04
2.910703636658805481e-04
2.906190832232126539e-04
2.901685023384593942e-04
2.897186199275078805e-04
2.892694349079246536e-04
2.888209461989524850e-04
2.883731527215084253e-04
2.879260533981808771e-04
2.874796471532269928e-04
2.870339329125702350e-04
2.865889096037977203e-04
2.861445761561577259e-04
2.857009315005568160e-04
2.852579745695577821e-04
2.848157042973766613e-04
2.843741196198803513e-04
2.839332194745841165e-04
2.834930028006487149e-04
2.830534685388782297e-04
2.826146156317175216e-04
2.821764430232493555e-04
2.817389496591920150e-04
2.813021344868969721e-04
2.808659964553461216e-04
2.804305345151493966e-04
2.799957476185421660e-04
2.795616347193827407e-04
2.791281947731498263e-04
2.786954267369400290e-04
2.782633295694655244e-04
2.778319022310512393e-04
2.774011436836326823e-04
2.769710528907532343e-04
2.765416288175616541e-04
2.761128704308097475e-04
2.756847766988497657e-04
2.752573465916320194e-04
2.748305790807022229e-04
2.744044731391992713e-04
2.739790277418525846e-04
2.735542418649797758e-04
2.731301144864841041e-04
2.727066445858519804e-04
2.722838311441506910e-04
2.718616731440259577e-04
2.714401695696990109e-04
2.710193194069649087e-04
2.705991216431895014e-04
2.701795752673073715e-04
2.697606792698189603e-04
2.693424326427888878e-04
2.689248343798425912e-04
2.685078834761647532e-04
2.680915789284964287e-04
2.676759197351327680e-04
2.672609048959203606e-04
2.668465334122553374e-04
2.664328042870806068e-04
2.660197165248835227e-04
2.656072691316934461e-04
2.651954611150795214e-04
2.647842914841483462e-04
2.643737592495410435e-04
2.639638634234317441e-04
2.635546030195244421e-04
2.631459770530512063e-04
2.627379845407691442e-04
2.623306245009589927e-04
2.619238959534217026e-04
2.615177979194769752e-04
2.611123294219602807e-04
2.607074894852210150e-04
2.603032771351197891e-04
2.598996913990261524e-04
2.594967313058163159e-04
2.590943958858709837e-04
2.586926841710728052e-04
2.582915951948039357e-04
2.578911279919440845e-04
2.574912815988679134e-04
2.570920550534428134e-04
2.566934473950266827e-04
2.562954576644653243e-04
2.558980849040905486e-04
2.555013281577176256e-04
2.551051864706429541e-04
2.547096588896418387e-04
2.543147444629663217e-04
2.539204422403427974e-04
2.535267512729695192e-04
2.531336706135148100e-04
2.527411993161142977e-04
2.523493364363689094e-04
2.519580810313424321e-04
2.515674321595595068e-04
2.511773888810031889e-04
2.507879502571126176e-04
2.503991153507810095e-04
2.500108832263531655e-04
2.496232529496233564e-04
2.492362235878329375e-04
2.488497942096683430e-04
2.484639638852587009e-04
2.480787316861736641e-04
2.476940966854208632e-04
2.473100579574443879e-04
2.469266145781217519e-04
2.465437656247622118e-04
2.461615101761043282e-04
2.457798473123140137e-04
2.453987761149818226e-04
2.450182956671212702e-04
2.446384050531662854e-04
2.442591033589692042e-04
2.438803896717984935e-04
2.435022630803365825e-04
2.431247226746775856e-04
2.427477675463252430e-04
2.423713967881908058e-04
2.419956094945904888e-04
2.416204047612437894e-04
2.412457816852709401e-04
2.408717393651907672e-04
2.404982769009189288e-04
2.401253933937652857e-04
2.397530879464318955e-04
2.393813596630108714e-04
2.390102076489823224e-04
2.386396310112119949e-04
2.382696288579494025e-04
2.379002002988253866e-04
2.375313444448502189e-04
2.371630604084112707e-04
2.367953473032711152e-04
2.364282042445651696e-04
2.360616303487997163e-04
2.356956247338496530e-04
2.353301865189565687e-04
2.349653148247263582e-04
2.346010087731273787e-04
2.342372674874882549e-04
2.338740900924956016e-04
2.335114757141921538e-04
2.331494234799745438e-04
2.327879325185912957e-04
2.324270019601406027e-04
2.320666309360683213e-04
2.317068185791659653e-04
2.313475640235683754e-04
2.309888664047519296e-04
2.306307248595322937e-04
2.302731385260623344e-04
2.299161065438301674e-04
2.295596280536569352e-04
2.292037021976949906e-04
2.288483281194254306e-04
2.284935049636565782e-04
2.281392318765214074e-04
2.277855080054759171e-04
2.274323324992967186e-04
2.270797045080791385e-04
2.267276231832354022e-04
2.263760876774921949e-04
2.260250971448889265e-04
2.256746507407755636e-04
2.253247476218106775e-04
2.249753869459593034e-04
2.246265678724910153e-04
2.242782895619778666e-04
2.239305511762925197e-04
2.235833518786058333e-04
2.232366908333853722e-04
2.228905672063930486e-04
2.225449801646831440e-04
2.221999288766004924e-04
2.218554125117783941e-04
2.215114302411365279e-04
2.211679812368789457e-04
2.208250646724924191e-04
2.204826797227438912e-04
2.201408255636790946e-04
2.197995013726200303e-04
2.194587063281634774e-04
2.191184396101786345e-04
2.187787003998053581e-04
2.184394878794521566e-04
2.181008012327941036e-04
2.177626396447711571e-04
2.174250023015858826e-04
2.170878883907016916e-04
2.167512971008408898e-04
2.164152276219825899e-04
2.160796791453609774e-04
2.157446508634630329e-04
2.154101419700270423e-04
2.150761516600403463e-04
2.147426791297373351e-04
2.144097235765979033e-04
2.140772841993451728e-04
2.137453601979435959e-04
2.134139507735973286e-04
2.130830551287478457e-04
2.127526724670724496e-04
2.124228019934821837e-04
2.120934429141198264e-04
2.117645944363581289e-04
2.114362557687979999e-04
2.111084261212662553e-04
2.107811047048139381e-04
2.104542907317146644e-04
2.101279834154622388e-04
2.098021819707691633e-04
2.094768856135645774e-04
2.091520935609921710e-04
2.088278050314089102e-04
2.085040192443824900e-04
2.081807354206898159e-04
2.078579527823151609e-04
2.075356705524481057e-04
2.072138879554817766e-04
2.068926042170109755e-04
2.065718185638303365e-04
2.062515302239324288e-04
2.059317384265059946e-04
2.056124424019338624e-04
2.052936413817913472e-04
2.049753345988443540e-04
2.046575212870474524e-04
2.043402006815420884e-04
2.040233720186547951e-04
2.037070345358951598e-04
2.033911874719542792e-04
2.030758300667027266e-04
2.027609615611887354e-04
2.024465811976364649e-04
2.021326882194442653e-04
2.018192818711824551e-04
2.015063613985920200e-04
2.011939260485824991e-04
2.008819750692301953e-04
2.005705077097764684e-04
2.002595232206258913e-04
1.999490208533443532e-04
1.996389998606574328e-04
1.993294594964484744e-04
1.990203990157568526e-04
1.987118176747761024e-04
1.984037147308522929e-04
1.980960894424820483e-04
1.977889410693109223e-04
1.974822688721315810e-04
1.971760721128819338e-04
1.968703500546435062e-04
1.965651019616395431e-04
1.962603270992333004e-04
1.959560247339262300e-04
1.956521941333563526e-04
1.953488345662964150e-04
1.950459453026519925e-04
1.947435256134599714e-04
1.944415747708866512e-04
1.941400920482260102e-04
1.938390767198981332e-04
1.935385280614470432e-04
1.932384453495395631e-04
1.929388278619629843e-04
1.926396748776237661e-04
1.923409856765455296e-04
1.920427595398675399e-04
1.917449957498427548e-04
1.914476935898363336e-04
1.911508523443236586e-04
1.908544712988889528e-04
1.905585497402231929e-04
1.902630869561226725e-04
1.899680822354870777e-04
1.896735348683180507e-04
1.893794441457172109e-04
1.890858093598845561e-04
1.887926298041168625e-04
1.884999047728058155e-04
1.882076335614363554e-04
1.879158154665851329e-04
1.876244497859185846e-04
1.873335358181915232e-04
1.870430728632451053e-04
1.867530602220055023e-04
1.864634971964820040e-04
1.861743830897653375e-04
1.858857172060261222e-04
1.855974988505130813e-04
1.853097273295514964e-04
1.850224019505413917e-04
1.847355220219559075e-04
1.844490868533398096e-04
1.841630957553074834e-04
1.838775480395416872e-04
1.835924430187916006e-04
1.833077800068712792e-04
1.830235583186580017e-04
1.827397772700905349e-04
1.824564361781678056e-04
1.821735343609467593e-04
1.818910711375410860e-04
1.816090458281195404e-04
1.813274577539042063e-04
1.810463062371688980e-04
1.807655906012376422e-04
1.804853101704827537e-04
1.802054642703236696e-04
1.799260522272248895e-04
1.796470733686946202e-04
1.793685270232830411e-04
1.790904125205807049e-04
1.788127291912171009e-04
1.785354763668586765e-04
1.782586533802076718e-04
1.779822595650000592e-04
1.777062942560044055e-04
1.774307567890199742e-04
1.771556465008750449e-04
1.768809627294257213e-04
1.766067048135539516e-04
1.763328720931661470e-04
1.760594639091913921e-04
1.757864796035802529e-04
1.755139185193026891e-04
1.752417800003468347e-04
1.749700633917174262e-04
1.746987680394338773e-04
1.744278932905291685e-04
1.741574384930479492e-04
1.738874029960450198e-04
1.736177861495840041e-04
1.733485873047355054e-04
1.730798058135756435e-04
1.728114410291845091e-04
1.725434923056445922e-04
1.722759589980393455e-04
1.720088404624513950e-04
1.717421360559611581e-04
1.714758451366454070e-04
1.712099670635753440e-04
1.709445011968155988e-04
1.706794468974221412e-04
1.704148035274411161e-04
1.701505704499072435e-04
1.698867470288421117e-04
1.696233326292529028e-04
1.693603266171306309e-04
1.690977283594488688e-04
1.688355372241619851e-04
1.685737525802037087e-04
1.683123737974856916e-04
1.680514002468958825e-04
1.677908313002971180e-04
1.675306663305255227e-04
1.672709047113891002e-04
1.670115458176660793e-04
1.667525890251035593e-04
1.664940337104159102e-04
1.662358792512834177e-04
1.659781250263504674e-04
1.657207704152244873e-04
1.654638147984741590e-04
1.652072575576280086e-04
1.649510980751728881e-04
1.646953357345525666e-04
1.644399699201661849e-04
1.641850000173668191e-04
1.639304254124599629e-04
1.636762454927020364e-04
1.634224596462989770e-04
1.631690672624047482e-04
1.629160677311199037e-04
1.626634604434899875e-04
1.624112447915041792e-04
1.621594201680938842e-04
1.619079859671311073e-04
1.616569415834272065e-04
1.614062864127312658e-04
1.611560198517286865e-04
1.609061412980397772e-04
1.606566501502182907e-04
1.604075458077499597e-04
1.601588276710510335e-04
1.599104951414669767e-04
1.596625476212707893e-04
1.594149845136618403e-04
1.591678052227641065e-04
1.589210091536250610e-04
1.586745957122141283e-04
1.584285643054211931e-04
1.581829143410552188e-04
1.579376452278428099e-04
1.576927563754268848e-04
1.574482471943650758e-04
1.572041170961284830e-04
1.569603654931001828e-04
1.567169917985738461e-04
1.564739954267522202e-04
1.562313757927459091e-04
1.559891323125718013e-04
1.557472644031517690e-04
1.555057714823112312e-04
1.552646529687776904e-04
1.550239082821794584e-04
1.547835368430442197e-04
1.545435380727975139e-04
1.543039113937615700e-04
1.540646562291537341e-04
1.538257720030851146e-04
1.535872581405593620e-04
1.533491140674709619e-04
1.531113392106042042e-04
1.528739329976315845e-04
1.526368948571125571e-04
1.524002242184919358e-04
1.521639205120988640e-04
1.519279831691451609e-04
1.516924116217241024e-04
1.514572053028090111e-04
1.512223636462518470e-04
1.509878860867819609e-04
1.507537720600046034e-04
1.505200210023997049e-04
1.502866323513203585e-04
1.500536055449916807e-04
1.498209400225092129e-04
1.495886352238377554e-04
1.493566905898100123e-04
1.491251055621251281e-04
1.488938795833473863e-04
1.486630120969049625e-04
1.484325025470885969e-04
1.482023503790500484e-04
1.479725550388009297e-04
1.477431159732114333e-04
1.475140326300087863e-04
1.472853044577761392e-04
1.470569309059511565e-04
1.468289114248246072e-04
1.466012454655391721e-04
1.463739324800880886e-04
1.461469719213137684e-04
1.459203632429066319e-04
1.456941058994036444e-04
1.454681993461869613e-04
1.452426430394828977e-04
1.450174364363603021e-04
1.447925789947294181e-04
1.445680701733406107e-04
1.443439094317829291e-04
1.441200962304829149e-04
1.438966300307033003e-04
1.436735102945415992e-04
1.434507364849289953e-04
1.432283080656289605e-04
1.430062245012358991e-04
1.427844852571739551e-04
1.425630897996956847e-04
1.423420375958807816e-04
1.421213281136348848e-04
1.419009608216880607e-04
1.416809351895938272e-04
1.414612506877275817e-04
1.412419067872856251e-04
1.410229029602836715e-04
1.408042386795555737e-04
1.405859134187523478e-04
1.403679266523404382e-04
1.401502778556008779e-04
1.399329665046278239e-04
1.397159920763272299e-04
1.394993540484158431e-04
1.392830518994196860e-04
1.390670851086729459e-04
1.388514531563167270e-04
1.386361555232976692e-04
1.384211916913669440e-04
1.382065611430786294e-04
1.379922633617889499e-04
1.377782978316546239e-04
1.375646640376317791e-04
1.373513614654748140e-04
1.371383896017349616e-04
1.369257479337591780e-04
1.367134359496889227e-04
1.365014531384588301e-04
1.362897989897956532e-04
1.360784729942167990e-04
1.358674746430292991e-04
1.356568034283285357e-04
1.354464588429969674e-04
1.352364403807029098e-04
1.350267475358995323e-04
1.348173798038231779e-04
1.346083366804927124e-04
1.343996176627078440e-04
1.341912222480482289e-04
1.339831499348720346e-04
1.337754002223149642e-04
1.335679726102888471e-04
1.333608665994805544e-04
1.331540816913506710e-04
1.329476173881325471e-04
1.327414731928308340e-04
1.325356486092204005e-04
1.323301431418451670e-04
1.321249562960168588e-04
1.319200875778139218e-04
1.317155364940800861e-04
1.315113025524235527e-04
1.313073852612154486e-04
1.311037841295889050e-04
1.309004986674377569e-04
1.306975283854152953e-04
1.304948727949332922e-04
1.302925314081606722e-04
1.300905037380223469e-04
1.298887892981981308e-04
1.296873876031214403e-04
1.294862981679782634e-04
1.292855205087059675e-04
1.290850541419920252e-04
1.288848985852729574e-04
1.286850533567331946e-04
1.284855179753037762e-04
1.282862919606613742e-04
1.280873748332269388e-04
1.278887661141647758e-04
1.276904653253812735e-04
1.274924719895236826e-04
1.272947856299790591e-04
1.270974057708731259e-04
1.269003319370690802e-04
1.267035636541665638e-04
1.265071004485002529e-04
1.263109418471391001e-04
1.261150873778848157e-04
1.259195365692710551e-04
1.257242889505621173e-04
1.255293440517517799e-04
1.253347014035622957e-04
1.251403605374430922e-04
1.249463209855699577e-04
1.247525822808434159e-04
1.245591439568881559e-04
1.243660055480515420e-04
1.241731665894026105e-04
1.239806266167309582e-04
1.237883851665455505e-04
1.235964417760737719e-04
1.234047959832601255e-04
1.232134473267653112e-04
1.230223953459648164e-04
1.228316395809482650e-04
1.226411795725178191e-04
1.224510148621874191e-04
1.222611449921816187e-04
1.220715695054342569e-04
1.218822879455877528e-04
1.216932998569916150e-04
1.215046047847016288e-04
1.213162022744785815e-04
1.211280918727873147e-04
1.209402731267955307e-04
1.207527455843727634e-04
1.205655087940892120e-04
1.203785623052146844e-04
1.201919056677177027e-04
1.200055384322640392e-04
1.198194601502160255e-04
1.196336703736311974e-04
1.194481686552614135e-04
1.192629545485515273e-04
1.190780276076386151e-04
1.188933873873507284e-04
1.187090334432058781e-04
1.185249653314108414e-04
1.183411826088603491e-04
1.181576848331357572e-04
1.179744715625041118e-04
1.177915423559171190e-04
1.176088967730100202e-04
1.174265343741004810e-04
1.172444547201877097e-04
1.170626573729511975e-04
1.168811418947498100e-04
1.166999078486206627e-04
1.165189547982781724e-04
1.163382823081127556e-04
1.161578899431901107e-04
1.159777772692499847e-04
1.157979438527051159e-04
1.156183892606402446e-04
1.154391130608111105e-04
1.152601148216433002e-04
1.150813941122312719e-04
1.149029505023374336e-04
1.147247835623908558e-04
1.145468928634864580e-04
1.143692779773838842e-04
1.141919384765064998e-04
1.140148739339402805e-04
1.138380839234329715e-04
1.136615680193928416e-04
1.134853257968878286e-04
1.133093568316444416e-04
1.131336607000467317e-04
1.129582369791353152e-04
1.127830852466063581e-04
1.126082050808105048e-04
1.124335960607518757e-04
1.122592577660871450e-04
1.120851897771243895e-04
1.119113916748222342e-04
1.117378630407886599e-04
1.115646034572801901e-04
1.113916125072007661e-04
1.112188897741007575e-04
1.110464348421760002e-04
1.108742472962667529e-04
1.107023267218567073e-04
1.105306727050720536e-04
1.103592848326804231e-04
1.101881626920898308e-04
1.100173058713478766e-04
1.098467139591405246e-04
1.096763865447913315e-04
1.095063232182602532e-04
1.093365235701428188e-04
1.091669871916690866e-04
1.089977136747026412e-04
1.088287026117395909e-04
1.086599535959077408e-04
1.084914662209654002e-04
1.083232400813005560e-04
1.081552747719298019e-04
1.079875698884975117e-04
1.078201250272746469e-04
1.076529397851579432e-04
1.074860137596689487e-04
1.073193465489529798e-04
1.071529377517781731e-04
1.069867869675345499e-04
1.068208937962330271e-04
1.066552578385044275e-04
1.064898786955986807e-04
1.063247559693835623e-04
1.061598892623440572e-04
1.059952781775812074e-04
1.058309223188111771e-04
1.056668212903643853e-04
1.055029746971844891e-04
1.053393821448273947e-04
1.051760432394604442e-04
1.050129575878612904e-04
1.048501247974171520e-04
1.046875444761236881e-04
1.045252162325841178e-04
1.043631396760083660e-04
1.042013144162119660e-04
1.040397400636152597e-04
1.038784162292423810e-04
1.037173425247203348e-04
1.035565185622780882e-04
1.033959439547456360e-04
1.032356183155530110e-04
1.030755412587294441e-04
1.029157123989023475e-04
1.027561313512964745e-04
1.025967977317329303e-04
1.024377111566282506e-04
1.022788712429935202e-04
1.021202776084334112e-04
1.019619298711453017e-04
1.018038276499183277e-04
1.016459705641324743e-04
1.014883582337576550e-04
1.013309902793527894e-04
1.011738663220649497e-04
1.010169859836283714e-04
1.008603488863635993e-04
1.007039546531764986e-04
1.005478029075574547e-04
1.003918932735804520e-04
1.002362253759020438e-04
1.000807988397606478e-04
9.992561329097543444e-05
9.977066835594562222e-05
9.961596366164946154e-05
9.946149883564329931e-05
9.930727350606087436e-05
9.915328730161220602e-05
9.899953985158279463e-05
9.884603078583276766e-05
9.869275973479590394e-05
9.853972632947884764e-05
9.838693020146010537e-05
9.823437098288927366e-05
9.808204830648606322e-05
9.792996180553944509e-05
9.777811111390681043e-05
9.762649586601303536e-05
9.747511569684958648e-05
9.732397024197374843e-05
9.717305913750762096e-05
9.702238202013731933e-05
9.687193852711209344e-05
9.672172829624340619e-05
9.657175096590414750e-05
9.642200617502764493e-05
9.627249356310693185e-05
9.612321277019378525e-05
9.597416343689791252e-05
9.582534520438601639e-05
9.567675771438100885e-05
9.552840060916114380e-05
9.538027353155908192e-05
9.523237612496113170e-05
9.508470803330627374e-05
9.493726890108546948e-05
9.479005837334059060e-05
9.464307609566383625e-05
9.449632171419655399e-05
9.434979487562869765e-05
9.420349522719779741e-05
9.405742241668814656e-05
9.391157609242996133e-05
9.376595590329856768e-05
9.362056149871353394e-05
9.347539252863773572e-05
9.333044864357670537e-05
9.318572949457764264e-05
9.304123473322860154e-05
9.289696401165767716e-05
9.275291698253217902e-05
9.260909329905777721e-05
9.246549261497766215e-05
9.232211458457169079e-05
9.217895886265561412e-05
9.203602510458018266e-05
9.189331296623038758e-05
9.175082210402457975e-05
9.160855217491367013e-05
9.146650283638026245e-05
9.132467374643792133e-05
9.118306456363018298e-05
9.104167494702994530e-05
9.090050455623851925e-05
9.075955305138476144e-05
9.061882009312441008e-05
9.047830534263914988e-05
9.033800846163585305e-05
9.019792911234571198e-05
9.005806695752349386e-05
8.991842166044668682e-05
8.977899288491471394e-05
8.963978029524807942e-05
8.950078355628762316e-05
8.936200233339362635e-05
8.922343629244518801e-05
8.908508509983915436e-05
8.894694842248953605e-05
8.880902592782664081e-05
8.867131728379620608e-05
8.853382215885869429e-05
8.839654022198847969e-05
8.825947114267298100e-05
8.812261459091194312e-05
8.798597023721661044e-05
8.784953775260894077e-05
8.771331680862083288e-05
8.757730707729328621e-05
8.744150823117565548e-05
8.730591994332485113e-05
8.717054188730455322e-05
8.703537373718442545e-05
8.690041516753934259e-05
8.676566585344855029e-05
8.663112547049496028e-05
8.649679369476436441e-05
8.636267020284459431e-05
8.622875467182477605e-05
8.609504677929461186e-05
8.596154620334344495e-05
8.582825262255967683e-05
8.569516571602989988e-05
8.556228516333805713e-05
8.542961064456487306e-05
8.529714184028687777e-05
8.516487843157566167e-05
8.503282009999727907e-05
8.490096652761131317e-05
8.476931739697018476e-05
8.463787239111833917e-05
8.450663119359152792e-05
8.437559348841602272e-05
8.424475896010795136e-05
8.411412729367232193e-05
8.398369817460248077e-05
8.385347128887925858e-05
8.372344632297022509e-05
8.359362296382893010e-05
8.346400089889415811e-05
8.333457981608919643e-05
8.320535940382108985e-05
8.307633935097978681e-05
8.294751934693751598e-05
8.281889908154802730e-05
8.269047824514575177e-05
8.256225652854517799e-05
8.243423362303998483e-05
8.230640922040239086e-05
8.217878301288243615e-05
8.205135469320707416e-05
8.192412395457965681e-05
8.179709049067902641e-05
8.167025399565886520e-05
8.154361416414692277e-05
8.141717069124429788e-05
8.129092327252470654e-05
8.116487160403376374e-05
8.103901538228815680e-05
8.091335430427504900e-05
8.078788806745130710e-05
8.066261636974274242e-05
8.053753890954333831e-05
8.041265538571469454e-05
8.028796549758510570e-05
8.016346894494899198e-05
8.003916542806605895e-05
7.991505464766068768e-05
7.979113630492109448e-05
7.966741010149870747e-05
7.954387573950742123e-05
7.942053292152285136e-05
7.929738135058167047e-05
7.917442073018083563e-05
7.905165076427695140e-05
7.892907115728545675e-05
7.880668161407997443e-05
7.868448183999166056e-05
7.856247154080836428e-05
7.844065042277400439e-05
7.831901819258783751e-05
7.819757455740376686e-05
7.807631922482965114e-05
7.795525190292655908e-05
7.783437230020807832e-05
7.771368012563962418e-05
7.759317508863778918e-05
7.747285689906952986e-05
7.735272526725157048e-05
7.723277990394964408e-05
7.711302052037786905e-05
7.699344682819792246e-05
7.687405853951853856e-05
7.675485536689461439e-05
7.663583702332669469e-05
7.651700322226010463e-05
7.639835367758442120e-05
7.627988810363271429e-05
7.616160621518085552e-05
7.604350772744682704e-05
7.592559235609007103e-05
7.580785981721075784e-05
7.569030982734916259e-05
7.557294210348491979e-05
7.545575636303639990e-05
7.533875232385997751e-05
7.522192970424939435e-05
7.510528822293505461e-05
7.498882759908337436e-05
7.487254755229609039e-05
7.475644780260952838e-05
7.464052807049407438e-05
7.452478807685334803e-05
7.440922754302361987e-05
7.429384619077314725e-05
7.417864374230142893e-05
7.406361992023860876e-05
7.394877444764477096e-05
7.383410704800928964e-05
7.371961744525017818e-05
7.360530536371337105e-05
7.349117052817214098e-05
7.337721266382636717e-05
7.326343149630189829e-05
7.314982675164990197e-05
7.303639815634617363e-05
7.292314543729056723e-05
7.281006832180618221e-05
7.269716653763886195e-05
7.258443981295647552e-05
7.247188787634822654e-05
7.235951045682405681e-05
7.224730728381396872e-05
7.213527808716742892e-05
7.202342259715256874e-05
7.191174054445575049e-05
7.180023166018070010e-05
7.168889567584804635e-05
7.157773232339456192e-05
7.146674133517252642e-05
7.135592244394918428e-05
7.124527538290590452e-05
7.113479988563777413e-05
7.102449568615278497e-05
7.091436251887125097e-05
7.080440011862518474e-05
7.069460822065761992e-05
7.058498656062204201e-05
7.047553487458162939e-05
7.036625289900879255e-05
7.025714037078437449e-05
7.014819702719712218e-05
7.003942260594300893e-05
6.993081684512459739e-05
6.982237948325047041e-05
6.971411025923451269e-05
6.960600891239536871e-05
6.949807518245572444e-05
6.939030880954177882e-05
6.928270953418252541e-05
6.917527709730925101e-05
6.906801124025473604e-05
6.896091170475280728e-05
6.885397823293760609e-05
6.874721056734300559e-05
6.864060845090198728e-05
6.853417162694605829e-05
6.842789983920453305e-05
6.832179283180403191e-05
6.821585034926780345e-05
6.811007213651512821e-05
6.800445793886069528e-05
6.789900750201399238e-05
6.779372057207866896e-05
6.768859689555199407e-05
6.758363621932419226e-05
6.747883829067783377e-05
6.737420285728725172e-05
6.726972966721791872e-05
6.716541846892582347e-05
6.706126901125694217e-05
6.695728104344650670e-05
6.685345431511853032e-05
6.674978857628511642e-05
6.664628357734588937e-05
6.654293906908743885e-05
6.643975480268260155e-05
6.633673052968997331e-05
6.623386600205328567e-05
6.613116097210078250e-05
6.602861519254463716e-05
6.592622841648036985e-05
6.582400039738622410e-05
6.572193088912259762e-05
6.562001964593147305e-05
6.551826642243575394e-05
6.541667097363876326e-05
6.531523305492356580e-05
6.521395242205241249e-05
6.511282883116626611e-05
6.501186203878398808e-05
6.491105180180193192e-05
6.481039787749334692e-05
6.470990002350763279e-05
6.460955799787000079e-05
6.450937155898067417e-05
6.440934046561445447e-05
6.430946447692003037e-05
6.420974335241950331e-05
6.411017685200773699e-05
6.401076473595178817e-05
6.391150676489035102e-05
6.381240269983317432e-05
6.371345230216049233e-05
6.361465533362240128e-05
6.351601155633839868e-05
6.341752073279666494e-05
6.331918262585362978e-05
6.322099699873328098e-05
6.312296361502669009e-05
6.302508223869140254e-05
6.292735263405084133e-05
6.282977456579381915e-05
6.273234779897387430e-05
6.263507209900880991e-05
6.253794723168001630e-05
6.244097296313199665e-05
6.234414905987179780e-05
6.224747528876838683e-05
6.215095141705210895e-05
6.205457721231421317e-05
6.195835244250617467e-05
6.186227687593917981e-05
6.176635028128365178e-05
6.167057242756853234e-05
6.157494308418083454e-05
6.147946202086508713e-05
6.138412900772276530e-05
6.128894381521169440e-05
6.119390621414554847e-05
6.109901597569332172e-05
6.100427287137869832e-05
6.090967667307954419e-05
6.081522715302738522e-05
6.072092408380681773e-05
6.062676723835498671e-05
6.053275638996103694e-05
6.043889131226550990e-05
6.034517177925990332e-05
6.025159756528606806e-05
6.015816844503565252e-05
6.006488419354958757e-05
5.997174458621751741e-05
5.987874939877731840e-05
5.978589840731448246e-05
5.969319138826160884e-05
5.960062811839792298e-05
5.950820837484865314e-05
5.941593193508450858e-05
5.932379857692120527e-05
5.923180807851886274e-05
5.913996021838151626e-05
5.904825477535656790e-05
5.895669152863423771e-05
5.886527025774704867e-05
5.877399074256929817e-05
5.868285276331654981e-05
5.859185610054503703e-05
5.850100053515119560e-05
5.841028584837112828e-05
5.831971182178005594e-05
5.822927823729182289e-05
5.813898487715833446e-05
5.804883152396903521e-05
5.795881796065046850e-05
5.786894397046561916e-05
5.777920933701350694e-05
5.768961384422859019e-05
5.760015727638029151e-05
5.751083941807246924e-05
5.742166005424287529e-05
5.733261897016268089e-05
5.724371595143590730e-05
5.715495078399892442e-05
5.706632325412001709e-05
5.697783314839872780e-05
5.688948025376547042e-05
5.680126435748092715e-05
5.671318524713559448e-05
5.662524271064924112e-05
5.653743653627041327e-05
5.644976651257592649e-05
5.636223242847032352e-05
5.627483407318545420e-05
5.618757123627983848e-05
5.610044370763826662e-05
5.601345127747122321e-05
5.592659373631446028e-05
5.583987087502842808e-05
5.575328248479780751e-05
5.566682835713091383e-05
5.558050828385938493e-05
5.549432205713750372e-05
5.540826946944177800e-05
5.532235031357041189e-05
5.523656438264286540e-05
5.515091147009922425e-05
5.506539136969991520e-05
5.498000387552494719e-05
5.489474878197366057e-05
5.480962588376409012e-05
5.472463497593251110e-05
5.463977585383290387e-05
5.455504831313656765e-05
5.447045214983151746e-05
5.438598716022203687e-05
5.430165314092820364e-05
5.421744988888534768e-05
5.413337720134365116e-05
5.404943487586758618e-05
5.396562271033542680e-05
5.388194050293880185e-05
5.379838805218222734e-05
5.371496515688252372e-05
5.363167161616842966e-05
5.354850722948008697e-05
5.346547179656855958e-05
5.338256511749532525e-05
5.329978699263182161e-05
5.321713722265897857e-05
5.313461560856669655e-05
5.305222195165343313e-05
5.296995605352559997e-05
5.288781771609727821e-05
5.280580674158954758e-05
5.272392293253012733e-05
5.264216609175287472e-05
5.256053602239728361e-05
5.247903252790805755e-05
5.239765541203461510e-05
5.231640447883054775e-05
5.223527953265332175e-05
5.215428037816360050e-05
5.207340682032494635e-05
5.199265866440321758e-05
5.191203571596620921e-05
5.183153778088311089e-05
5.175116466532409361e-05
5.167091617575976753e-05
5.159079211896080253e-05
5.151079230199742003e-05
5.143091653223891860e-05
5.135116461735324706e-05
5.127153636530648953e-05
5.119203158436246557e-05
5.111265008308221524e-05
5.103339167032357215e-05
5.095425615524068236e-05
5.087524334728355717e-05
5.079635305619760552e-05
5.071758509202320712e-05
5.063893926509519742e-05
5.056041538604246106e-05
5.048201326578745076e-05
5.040373271554576037e-05
5.032557354682562348e-05
5.024753557142750684e-05
5.016961860144362919e-05
5.009182244925752087e-05
5.001414692754356300e-05
4.993659184926656734e-05
4.985915702768124779e-05
4.978184227633188151e-05
4.970464740905178720e-05
4.962757223996287108e-05
4.955061658347522708e-05
4.947378025428665572e-05
4.939706306738221012e-05
4.932046483803380972e-05
4.924398538179971857e-05
4.916762451452415901e-05
4.909138205233682382e-05
4.901525781165246964e-05
4.893925160917046973e-05
4.886336326187434642e-05
4.878759258703137128e-05
4.871193940219207050e-05
4.863640352518985892e-05
4.856098477414053864e-05
4.848568296744188561e-05
4.841049792377320922e-05
4.833542946209493216e-05
4.826047740164810928e-05
4.818564156195407526e-05
4.811092176281388895e-05
4.803631782430802839e-05
4.796182956679588267e-05
4.788745681091532497e-05
4.781319937758229922e-05
4.773905708799037963e-05
4.766502976361035061e-05
4.759111722618974592e-05
4.751731929775248280e-05
4.744363580059835373e-05
4.737006655730264696e-05
4.729661139071572639e-05
4.722327012396259786e-05
4.715004258044243487e-05
4.707692858382822614e-05
4.700392795806631490e-05
4.693104052737597870e-05
4.685826611624900931e-05
4.678560454944927227e-05
4.671305565201232062e-05
4.664061924924495445e-05
4.656829516672478047e-05
4.649608323029984604e-05
4.642398326608814457e-05
4.635199510047727662e-05
4.628011856012396888e-05
4.620835347195370140e-05
4.613669966316025364e-05
4.606515696120532492e-05
4.599372519381808051e-05
4.592240418899477209e-05
4.585119377499831763e-05
4.578009378035785418e-05
4.570910403386837872e-05
4.563822436459028734e-05
4.556745460184899585e-05
4.549679457523451954e-05
4.542624411460104638e-05
4.535580305006656427e-05
4.528547121201242058e-05
4.521524843108292238e-05
4.514513453818492985e-05
4.507512936448744968e-05
4.500523274142123533e-05
4.493544450067837360e-05
4.486576447421187136e-05
4.479619249423526922e-05
4.472672839322223504e-05
4.465737200390613694e-05
4.458812315927969101e-05
4.451898169259448014e-05
4.444994743736064235e-05
4.438102022734640318e-05
4.431219989657771662e-05
4.424348627933783135e-05
4.417487921016691134e-05
4.410637852386166988e-05
4.403798405547488170e-05
4.396969564031508486e-05
4.390151311394611987e-05
4.383343631218676389e-05
4.376546507111035115e-05
4.369759922704430545e-05
4.362983861656983522e-05
4.356218307652146596e-05
4.349463244398672171e-05
4.342718655630568468e-05
4.335984525107057502e-05
4.329260836612543921e-05
4.322547573956570953e-05
4.315844720973781106e-05
4.309152261523878900e-05
4.302470179491590886e-05
4.295798458786631764e-05
4.289137083343654239e-05
4.282486037122222594e-05
4.275845304106768645e-05
4.269214868306551080e-05
4.262594713755623617e-05
4.255984824512788918e-05
4.249385184661564035e-05
4.242795778310143816e-05
4.236216589591357539e-05
4.229647602662637738e-05
4.223088801705976838e-05
4.216540170927887850e-05
4.210001694559371171e-05
4.203473356855875955e-05
4.196955142097258103e-05
4.190447034587744347e-05
4.183949018655897694e-05
4.177461078654576087e-05
4.170983198960896492e-05
4.164515363976192889e-05
4.158057558125987806e-05
4.151609765859946242e-05
4.145171971651841788e-05
4.138744159999520035e-05
4.132326315424859268e-05
4.125918422473734556e-05
4.119520465715979123e-05
4.113132429745350473e-05
4.106754299179488370e-05
4.100386058659880961e-05
4.094027692851828862e-05
4.087679186444406531e-05
4.081340524150424323e-05
4.075011690706393250e-05
4.068692670872487717e-05
4.062383449432510282e-05
4.056084011193854385e-05
4.049794340987464373e-05
4.043514423667805000e-05
4.037244244112818745e-05
4.030983787223896666e-05
4.024733037925832326e-05
4.018491981166797398e-05
4.012260601918294907e-05
4.006038885175126029e-05
3.999826815955359594e-05
3.993624379300290755e-05
3.987431560274401683e-05
3.981248343965335817e-05
3.975074715483851789e-05
3.968910659963791569e-05
3.962756162562048625e-05
3.956611208458525901e-05
3.950475782856101265e-05
3.944349870980596337e-05
3.938233458080736505e-05
3.932126529428118405e-05
3.926029070317167902e-05
3.919941066065116378e-05
3.913862502011955329e-05
3.907793363520405193e-05
3.901733635975878083e-05
3.895683304786443904e-05
3.889642355382797828e-05
3.883610773218221669e-05
3.877588543768548644e-05
3.871575652532129497e-05
3.865572085029799968e-05
3.859577826804841492e-05
3.853592863422949352e-05
3.847617180472196765e-05
3.841650763563003029e-05
3.835693598328093550e-05
3.829745670422467988e-05
3.823806965523368412e-05
3.817877469330241348e-05
3.811957167564705262e-05
3.806046045970511247e-05
3.800144090313517281e-05
3.794251286381648922e-05
3.788367619984863392e-05
3.782493076955119766e-05
3.776627643146341018e-05
3.770771304434382859e-05
3.764924046716999848e-05
3.759085855913807449e-05
3.753256717966252213e-05
3.747436618837576546e-05
3.741625544512786175e-05
3.735823480998612888e-05
3.730030414323484711e-05
3.724246330537490674e-05
3.718471215712346932e-05
3.712705055941364234e-05
3.706947837339413370e-05
3.701199546042891961e-05
3.695460168209693970e-05
3.689729690019169045e-05
3.684008097672098120e-05
3.678295377390653441e-05
3.672591515418369422e-05
3.666896498020108769e-05
3.661210311482027238e-05
3.655532942111542472e-05
3.649864376237302142e-05
3.644204600209147366e-05
3.638553600398084919e-05
3.632911363196249287e-05
3.627277875016874211e-05
3.621653122294255412e-05
3.616037091483722811e-05
3.610429769061605971e-05
3.604831141525199537e-05
3.599241195392734096e-05
3.593659917203339589e-05
3.588087293517019558e-05
3.582523310914611169e-05
3.576967955997757426e-05
3.571421215388874648e-05
3.565883075731118585e-05
3.560353523688353249e-05
3.554832545945120422e-05
3.549320129206602381e-05
3.543816260198596834e-05
3.538320925667480320e-05
3.532834112380178401e-05
3.527355807124131775e-05
3.521885996707266461e-05
3.516424667957961277e-05
3.510971807725015987e-05
3.505527402877618780e-05
3.500091440305317801e-05
3.494663906917986604e-05
3.489244789645792969e-05
3.483834075439168419e-05
3.478431751268775687e-05
3.473037804125479581e-05
3.467652221020313104e-05
3.462274988984446957e-05
3.456906095069159726e-05
3.451545526345804678e-05
3.446193269905779946e-05
3.440849312860496002e-05
3.435513642341347874e-05
3.430186245499679910e-05
3.424867109506757996e-05
3.419556221553737027e-05
3.414253568851630420e-05
3.408959138631281646e-05
3.403672918143328999e-05
3.398394894658179167e-05
3.393125055465971994e-05
3.387863387876556087e-05
3.382609879219452902e-05
3.377364516843828961e-05
3.372127288118462646e-05
3.366898180431718453e-05
3.361677181191511754e-05
3.356464277825283045e-05
3.351259457779962714e-05
3.346062708521945286e-05
3.340874017537056901e-05
3.335693372330524818e-05
3.330520760426949634e-05
3.325356169370272759e-05
3.320199586723747952e-05
3.315051000069910831e-05
3.309910397010549057e-05
3.304777765166672516e-05
3.299653092178484186e-05
3.294536365705349638e-05
3.289427573425765191e-05
3.284326703037332841e-05
3.279233742256728408e-05
3.274148678819669691e-05
3.269071500480891397e-05
3.264002195014113289e-05
3.258940750212009017e-05
3.253887153886179690e-05
3.248841393867122707e-05
3.243803458004204649e-05
3.238773334165629433e-05
3.233751010238409851e-05
3.228736474128339788e-05
3.223729713759965079e-05
3.218730717076550315e-05
3.213739472040054440e-05
3.208755966631101616e-05
3.203780188848950053e-05
3.198812126711463548e-05
3.193851768255083024e-05
3.188899101534800102e-05
3.183954114624122547e-05
3.179016795615052576e-05
3.174087132618052306e-05
3.169165113762017322e-05
3.164250727194252286e-05
3.159343961080432987e-05
3.154444803604586692e-05
3.149553242969060294e-05
3.144669267394490503e-05
3.139792865119777411e-05
3.134924024402057393e-05
3.130062733516670578e-05
3.125208980757136453e-05
3.120362754435124052e-05
3.115524042880426202e-05
3.110692834440926321e-05
3.105869117482574701e-05
3.101052880389362082e-05
3.096244111563283057e-05
3.091442799424319810e-05
3.086648932410404850e-05
3.081862498977397966e-05
3.077083487599057093e-05
3.072311886767011208e-05
3.067547684990731865e-05
3.062790870797504737e-05
3.058041432732404546e-05
3.053299359358265246e-05
3.048564639255653592e-05
3.043837261022840687e-05
3.039117213275775546e-05
3.034404484648058000e-05
3.029699063790908533e-05
3.025000939373146265e-05
3.020310100081155747e-05
3.015626534618864597e-05
3.010950231707711317e-05
3.006281180086623603e-05
3.001619368511987182e-05
2.996964785757621409e-05
2.992317420614750814e-05
2.987677261891976975e-05
2.983044298415253788e-05
2.978418519027860360e-05
2.973799912590372214e-05
2.969188467980637565e-05
2.964584174093747509e-05
2.959987019842010274e-05
2.955396994154925130e-05
2.950814085979156637e-05
2.946238284278503817e-05
2.941669578033880499e-05
2.937107956243282121e-05
2.932553407921762343e-05
2.928005922101406967e-05
2.923465487831305472e-05
2.918932094177529332e-05
2.914405730223097794e-05
2.909886385067960262e-05
2.905374047828962751e-05
2.900868707639826886e-05
2.896370353651122112e-05
2.891878975030236226e-05
2.887394560961356734e-05
2.882917100645436976e-05
2.878446583300174098e-05
2.873982998159983984e-05
2.869526334475972794e-05
2.865076581515912230e-05
2.860633728564213109e-05
2.856197764921903341e-05
2.851768679906593369e-05
2.847346462852461601e-05
2.842931103110218834e-05
2.838522590047090296e-05
2.834120913046785832e-05
2.829726061509471783e-05
2.825338024851754381e-05
2.820956792506645194e-05
2.816582353923540794e-05
2.812214698568195315e-05
2.807853815922695719e-05
2.803499695485436386e-05
2.799152326771094378e-05
2.794811699310601998e-05
2.790477802651124766e-05
2.786150626356036347e-05
2.781830160004887718e-05
2.777516393193390229e-05
2.773209315533382738e-05
2.768908916652814328e-05
2.764615186195711787e-05
2.760328113822161646e-05
2.756047689208279011e-05
2.751773902046187231e-05
2.747506742043991475e-05
2.743246198925754334e-05
2.738992262431468039e-05
2.734744922317036166e-05
2.730504168354243820e-05
2.726269990330732563e-05
2.722042378049980763e-05
2.717821321331273776e-05
2.713606810009682943e-05
2.709398833936039840e-05
2.705197382976909848e-05
2.701002447014572841e-05
2.696814015946994391e-05
2.692632079687800689e-05
2.688456628166259241e-05
2.684287651327251753e-05
2.680125139131248730e-05
2.675969081554285751e-05
2.671819468587942469e-05
2.667676290239314146e-05
2.663539536530990648e-05
2.659409197501030357e-05
2.655285263202938149e-05
2.651167723705640319e-05
2.647056569093461545e-05
2.642951789466098795e-05
2.638853374938599650e-05
2.634761315641339933e-05
2.630675601719992886e-05
2.626596223335516290e-05
2.622523170664119600e-05
2.618456433897244635e-05
2.614396003241540505e-05
2.610341868918840570e-05
2.606294021166139066e-05
2.602252450235568060e-05
2.598217146394372044e-05
2.594188099924886926e-05
2.590165301124514957e-05
2.586148740305701358e-05
2.582138407795912628e-05
2.578134293937611141e-05
2.574136389088234133e-05
2.570144683620167618e-05
2.566159167920726395e-05
2.562179832392129318e-05
2.558206667451475236e-05
2.554239663530721312e-05
2.550278811076660661e-05
2.546324100550896260e-05
2.542375522429822315e-05
2.538433067204598509e-05
2.534496725381125609e-05
2.530566487480027173e-05
2.526642344036623115e-05
2.522724285600908367e-05
2.518812302737529835e-05
2.514906386025763025e-05
2.511006526059491033e-05
2.507112713447179136e-05
2.503224938811856494e-05
2.499343192791088372e-05
2.495467466036957837e-05
2.491597749216041031e-05
2.487734033009385824e-05
2.483876308112487416e-05
2.480024565235269368e-05
2.476178795102058189e-05
2.472338988451561653e-05
2.468505136036847452e-05
2.464677228625320496e-05
2.460855256998700891e-05
2.457039211952999884e-05
2.453229084298501903e-05
2.449424864859736439e-05
2.445626544475462796e-05
2.441834113998642313e-05
2.438047564296419044e-05
2.434266886250098082e-05
2.430492070755121162e-05
2.426723108721047682e-05
2.422959991071532351e-05
2.419202708744300787e-05
2.415451252691129866e-05
2.411705613877826722e-05
2.407965783284204346e-05
2.404231751904061936e-05
2.400503510745163215e-05
2.396781050829212376e-05
2.393064363191836798e-05
2.389353438882561300e-05
2.385648268964787473e-05
2.381948844515775044e-05
2.378255156626618160e-05
2.374567196402220992e-05
2.370884954961283169e-05
2.367208423436271655e-05
2.363537592973405160e-05
2.359872454732627381e-05
2.356212999887590394e-05
2.352559219625629584e-05
2.348911105147745689e-05
2.345268647668581421e-05
2.341631838416401474e-05
2.338000668633070505e-05
2.334375129574033141e-05
2.330755212508291279e-05
2.327140908718385454e-05
2.323532209500371457e-05
2.319929106163800346e-05
2.316331590031698798e-05
2.312739652440545386e-05
2.309153284740252630e-05
2.305572478294144289e-05
2.301997224478935375e-05
2.298427514684711485e-05
2.294863340314907453e-05
2.291304692786286348e-05
2.287751563528920499e-05
2.284203943986169130e-05
2.280661825614659392e-05
2.277125199884263317e-05
2.273594058278080208e-05
2.270068392292413930e-05
2.266548193436753605e-05
2.263033453233753278e-05
2.259524163219209556e-05
2.256020314942043994e-05
2.252521899964281068e-05
2.249028909861028184e-05
2.245541336220456031e-05
2.242059170643777234e-05
2.238582404745226702e-05
2.235111030152041637e-05
2.231645038504440531e-05
2.228184421455604191e-05
2.224729170671655747e-05
2.221279277831639308e-05
2.217834734627499636e-05
2.214395532764064524e-05
2.210961663959022774e-05
2.207533119942905903e-05
2.204109892459065099e-05
2.200691973263654627e-05
2.197279354125611831e-05
2.193872026826634099e-05
2.190469983161163277e-05
2.187073214936362969e-05
2.183681713972099561e-05
2.180295472100923250e-05
2.176914481168047715e-05
2.173538733031329787e-05
2.170168219561252170e-05
2.166802932640901418e-05
2.163442864165949641e-05
2.160088006044634510e-05
2.156738350197740290e-05
2.153393888558577846e-05
2.150054613072964314e-05
2.146720515699207179e-05
2.143391588408081913e-05
2.140067823182811304e-05
2.136749212019050553e-05
2.133435746924864908e-05
2.130127419920710695e-05
2.126824223039416341e-05
2.123526148326164079e-05
2.120233187838470296e-05
2.116945333646165207e-05
2.113662577831375912e-05
2.110384912488506067e-05
2.107112329724214879e-05
2.103844821657403552e-05
2.100582380419191233e-05
2.097324998152897392e-05
2.094072667014023866e-05
2.090825379170235546e-05
2.087583126801341405e-05
2.084345902099275861e-05
2.081113697268079126e-05
2.077886504523879590e-05
2.074664316094874169e-05
2.071447124221310345e-05
2.068234921155467535e-05
2.065027699161637778e-05
2.061825450516106421e-05
2.058628167507136535e-05
2.055435842434945873e-05
2.052248467611692985e-05
2.049066035361455187e-05
2.045888538020211627e-05
2.042715967935824307e-05
2.039548317468021485e-05
2.036385578988375648e-05
2.033227744880288269e-05
2.030074807538970492e-05
2.026926759371424838e-05
2.023783592796426909e-05
2.020645300244506073e-05
2.017511874157929544e-05
2.014383306990681711e-05
2.011259591208448892e-05
2.008140719288597652e-05
2.005026683720159553e-05
2.001917477003811507e-05
1.998813091651858832e-05
1.995713520188215602e-05
1.992618755148389061e-05
1.989528789079458957e-05
1.986443614540061276e-05
1.983363224100370291e-05
1.980287610342080595e-05
1.977216765858388138e-05
1.974150683253973618e-05
1.971089355144984187e-05
1.968032774159016174e-05
1.964980932935096785e-05
1.961933824123666148e-05
1.958891440386561052e-05
1.955853774396994614e-05
1.952820818839542052e-05
1.949792566410118999e-05
1.946769009815968969e-05
1.943750141775641332e-05
1.940735955018975731e-05
1.937726442287083782e-05
1.934721596332333833e-05
1.931721409918329952e-05
1.928725875819898379e-05
1.925734986823065840e-05
1.922748735725045993e-05
1.919767115334220119e-05
1.916790118470120517e-05
1.913817737963413227e-05
1.910849966655879393e-05
1.907886797400399679e-05
1.904928223060937330e-05
1.901974236512518515e-05
1.899024830641218782e-05
1.896079998344142725e-05
1.893139732529408397e-05
1.890204026116129696e-05
1.887272872034400099e-05
1.884346263225275385e-05
1.881424192640755673e-05
1.878506653243769504e-05
1.875593638008156558e-05
1.872685139918650712e-05
1.869781151970863106e-05
1.866881667171266208e-05
1.863986678537174512e-05
1.861096179096731319e-05
1.858210161888888069e-05
1.855328619963390115e-05
1.852451546380760793e-05
1.849578934212281437e-05
1.846710776539977147e-05
1.843847066456599847e-05
1.840987797065611007e-05
1.838132961481165042e-05
1.835282552828094402e-05
1.832436564241890601e-05
1.829594988868688628e-05
1.826757819865251366e-05
1.823925050398951292e-05
1.821096673647756251e-05
1.818272682800211156e-05
1.815453071055422743e-05
1.812637831623041955e-05
1.809826957723248691e-05
1.807020442586736563e-05
1.804218279454692904e-05
1.801420461578786235e-05
1.798626982221148302e-05
1.795837834654357481e-05
1.793053012161424881e-05
1.790272508035775035e-05
1.787496315581231670e-05
1.784724428112001440e-05
1.781956838952656653e-05
1.779193541438120696e-05
1.776434528913652453e-05
1.773679794734827668e-05
1.770929332267524717e-05
1.768183134887909024e-05
1.765441195982415774e-05
1.762703508947736033e-05
1.759970067190797424e-05
1.757240864128752279e-05
1.754515893188959673e-05
1.751795147808968490e-05
1.749078621436503866e-05
1.746366307529451269e-05
1.743658199555837520e-05
1.740954290993820296e-05
1.738254575331668134e-05
1.735559046067745867e-05
1.732867696710500729e-05
1.730257242286588733e-05
