0.000000000000000000e+00
3.172448067658453053e-05
6.344896135316938632e-05
1.268979227063386100e-04
1.903468840595080099e-04
2.537958454126772200e-04
8.882854589443700804e-04
1.522717925997654894e-03
2.156506762795198841e-03
2.790295599592742572e-03
4.087824812399895071e-03
5.384095468307328880e-03
6.679099423495370690e-03
7.972837951147396934e-03
9.265311286292099435e-03
1.180224576297938741e-02
1.433429998400351582e-02
1.635030395677166196e-02
1.836321051878275767e-02
2.037302279784940565e-02
2.237974392178420507e-02
2.438337701839975169e-02
2.638392521550864123e-02
2.910087202023269384e-02
3.181212184007872756e-02
3.451768255289896364e-02
3.721756203654563028e-02
3.991176816887095219e-02
4.260030858189527148e-02
4.573802287171802039e-02
4.886800694571102888e-02
5.199027315720038817e-02
5.510483385951217561e-02
5.821170140597244080e-02
6.196998670474380966e-02
6.571699297978708665e-02
6.945274230878402399e-02
7.317725827954268958e-02
7.689056421995967006e-02
8.142695338179611886e-02
8.594657509379724503e-02
9.044947103120375143e-02
9.493568286925624378e-02
1.028990500372589517e-01
1.108096819983413750e-01
1.186678204597022418e-01
1.264737073549002389e-01
1.342275884964499733e-01
1.439667791500761629e-01
1.536235612362328307e-01
1.631984380434885473e-01
1.726919169085815720e-01
1.821045092164199075e-01
1.862440555539979226e-01
1.903679084015966749e-01
1.944761117409120055e-01
1.985687055624451303e-01
2.028035565698061427e-01
2.070216603834262870e-01
2.112230667055908229e-01
2.207287153165100602e-01
2.301486207273921170e-01
2.394833756372389266e-01
2.487335754002962251e-01
2.617770845064798513e-01
2.746515854768314391e-01
2.873587634618637310e-01
2.999003168598952107e-01
3.143736186876449068e-01
3.286249935693887347e-01
3.321534733365160141e-01
3.356682914626089587e-01
3.391694899198232083e-01
3.426571106544482048e-01
3.461311955869074142e-01
3.496288198360395505e-01
3.531127024790595148e-01
3.565828867188259310e-01
3.600394157312041821e-01
3.636075245333742489e-01
3.671610592369399795e-01
3.707000678195696564e-01
3.838394736737205104e-01
3.967778492636164778e-01
4.095176761867109771e-01
4.220614248428748438e-01
4.419175244320389662e-01
4.468037898159530896e-01
4.516592686024497594e-01
4.564841184764920623e-01
4.612784965087285971e-01
4.660425591298160697e-01
4.690549405604947930e-01
4.720551775008786644e-01
4.750433096889160045e-01
4.780193767443908781e-01
4.810277909894564718e-01
4.840238583189754862e-01
4.870076204983658785e-01
5.005831896037453710e-01
5.139029495088707211e-01
5.269708398289010276e-01
5.397907567685755748e-01
5.429574453970900105e-01
5.461089378090715485e-01
5.492452936610343617e-01
5.523665724218256301e-01
5.551109687300294082e-01
5.578436897502261349e-01
5.605647760908718524e-01
5.661004310967308051e-01
5.715878199236141821e-01
5.770272866010310864e-01
5.920259571395327658e-01
5.957180573161509063e-01
5.993873617719334135e-01
6.030327132104071897e-01
6.039407263769233092e-01
6.048474460061941116e-01
6.057521667369670793e-01
6.059781852967358606e-01
6.062041917288812920e-01
6.062136465725698198e-01
6.062231012626275728e-01
6.062420101818504214e-01
6.062609183069315177e-01
6.062798259938982914e-01
6.062836074581482437e-01
6.062848143539562029e-01
6.062860212474360244e-01
6.062865834997850367e-01
6.062862544360768657e-01
6.062859253723688058e-01
6.062826347442792363e-01
6.062793441352415380e-01
6.062760535466094058e-01
6.062431487825601373e-01
6.062102460589207098e-01
6.061773453755587848e-01
6.061444467323384711e-01
6.060055029939815929e-01
6.058665956454600821e-01
6.057277246770444989e-01
6.055888900790086238e-01
6.054500918416271249e-01
6.052387014911984053e-01
6.050273954796963061e-01
6.048161737727650866e-01
6.046050363360643276e-01
6.043939831352673764e-01
6.041830141360623463e-01
6.039241586366949077e-01
6.036654298995131063e-01
6.034068278611405267e-01
6.031483524582242906e-01
6.028900036274473795e-01
6.025848199327780153e-01
6.022798128573453313e-01
6.019749822967818131e-01
6.016703281467824516e-01
6.013197851283155204e-01
6.009694756607929511e-01
6.006193995853271739e-01
6.002695567431394208e-01
5.999030053877152380e-01
5.995367100686519457e-01
5.991706706033255170e-01
5.988048868092431531e-01
5.979947401635813398e-01
5.971858476392385429e-01
5.963782072536607526e-01
5.955718170274429957e-01
5.947666749843232292e-01
5.942201449834652038e-01
5.936741900744212375e-01
5.931288096391275078e-01
5.925840030601873254e-01
5.922057096833812651e-01
5.918276929748645943e-01
5.914499527279577507e-01
5.902452748298936402e-01
5.890434085839658662e-01
5.878443472870166220e-01
5.866480842519924410e-01
5.857318292650079972e-01
5.848172157327198306e-01
5.839042406508319072e-01
5.834693255814467072e-01
5.830347823034821575e-01
5.826006104922010209e-01
5.820672470483625460e-01
5.815344441683567567e-01
5.810022012501934174e-01
5.797644441273774873e-01
5.785297151469958044e-01
5.772980067388182590e-01
5.765826383847671988e-01
5.758682888469743855e-01
5.751549566425430138e-01
5.744426402907412132e-01
5.740938136845058493e-01
5.737452306818738856e-01
5.733968911089644127e-01
5.730516869618136333e-01
5.727067218744930077e-01
5.723619956777840079e-01
5.702960919261943484e-01
5.682387669225932303e-01
5.677257718303203582e-01
5.672133100656669980e-01
5.667013810617774761e-01
5.661899842524016346e-01
5.658472180155577069e-01
5.655046908533571948e-01
5.651624025953094765e-01
5.648237274377437833e-01
5.644852861600431204e-01
5.641470785970676971e-01
5.628186092691225273e-01
5.614937456378616965e-01
5.601724776964106534e-01
5.567199212453353141e-01
5.558606244766959303e-01
5.550028590453219834e-01
5.541466221599772313e-01
5.539328014473462458e-01
5.537190760512005205e-01
5.535054459280762673e-01
5.532919110345296820e-01
5.529595968539194883e-01
5.526275133058257127e-01
5.522956602265108872e-01
5.519648242449615161e-01
5.516342173143233829e-01
5.513038392723690340e-01
5.480126121227064662e-01
5.471933602541000363e-01
5.463755253224316100e-01
5.455591048202241833e-01
5.447440962444528578e-01
5.444166572569910656e-01
5.440894461588210440e-01
5.437624627876390671e-01
5.434371620226634558e-01
5.431120866396965674e-01
5.427872364789363413e-01
5.418977722994079427e-01
5.410099965209114181e-01
5.401239058634574874e-01
5.391779856826960371e-01
5.382339856893220142e-01
5.372919018937005742e-01
5.354134669787232736e-01
5.335426491865705723e-01
5.316794168985510272e-01
5.298237386275910232e-01
5.260924479495195927e-01
5.223916898039835388e-01
5.187212083434389331e-01
5.150807498704319531e-01
5.114700628207625721e-01
5.069437927144542222e-01
5.024642853558962674e-01
4.980310455738354847e-01
4.936435834589235072e-01
4.893014143077885625e-01
4.848494215822120035e-01
4.804450157633680663e-01
4.760876749248058037e-01
4.717768828856775398e-01
4.675121291474555463e-01
4.632929089841071879e-01
4.591187229962088168e-01
4.549890772802792083e-01
4.509034834479677678e-01
4.468614584873201179e-01
4.428625247033629031e-01
4.389062096595548468e-01
4.349920461198679700e-01
4.311195719915084656e-01
4.272883302682688456e-01
4.234978689745036995e-01
4.197477411097227384e-01
4.160375045937940719e-01
4.123667222127511689e-01
4.087349615651967860e-01
4.051417950092969789e-01
4.015867996103592574e-01
3.980695570889881130e-01
3.945896537698113105e-01
3.911466805307716177e-01
3.877402327529764214e-01
3.843699102711000126e-01
3.810353173243322678e-01
3.777360625078673984e-01
3.744717587249274948e-01
3.712420231393139258e-01
3.680464771284817083e-01
3.648847462371310191e-01
3.617564598766760398e-01
3.586612521045134394e-01
3.555987606656567657e-01
3.525686272907998520e-01
3.495704976823205135e-01
3.466040215479628817e-01
3.436688522914304045e-01
3.407646471298693136e-01
3.378910671071826410e-01
3.350477767672931928e-01
3.322344448593413380e-01
3.294507434702523274e-01
3.266963482945196007e-01
3.239709386215364750e-01
3.212741973660843686e-01
3.186058107882778767e-01
3.159654685999043755e-01
3.133528639764746604e-01
3.107676932614831800e-01
3.082096566047060060e-01
3.056784571770598813e-01
3.031738014147916660e-01
3.006953990080126760e-01
2.982429628426016555e-01
2.958162089617338841e-01
2.934148565336084369e-01
2.910386278175197683e-01
2.886872481286333336e-01
2.863604458045796441e-01
2.840579521722051415e-01
2.817795015146509208e-01
2.795248310387937196e-01
2.772936808430458977e-01
2.750857938855090778e-01
2.729009159524796724e-01
2.707387956273006324e-01
2.685991842595566448e-01
2.664818359346081689e-01
2.643865074434618712e-01
2.623129582529719617e-01
2.602609504763704895e-01
2.582302488441220456e-01
2.562206206750992088e-01
2.542318358480759599e-01
2.522636667735347893e-01
2.503158883657842226e-01
2.483882780153841008e-01
2.464806155618735062e-01
2.445926832668003648e-01
2.427242657870471443e-01
2.408751501484507063e-01
2.390451257197130086e-01
2.372339841865984678e-01
2.354415195264163430e-01
2.336675279827836182e-01
2.319118080406662730e-01
2.301741604016949438e-01
2.284543879597531191e-01
2.267522957768336733e-01
2.250676910591617452e-01
2.234003831335803492e-01
2.217501834241962788e-01
2.201169054292828053e-01
2.185003646984378656e-01
2.169003788099924113e-01
2.153167673486686418e-01
2.137493518834839845e-01
2.121979559458985198e-01
2.106624050082028798e-01
2.091425264621446511e-01
2.076381495977897007e-01
2.061491055826167318e-01
2.046752274408418504e-01
2.032163500329710326e-01
2.017723100355776900e-01
2.003429459213031949e-01
1.989280979390773418e-01
1.975276080945571056e-01
1.961413201307803944e-01
1.947690795090333271e-01
1.934107333899279524e-01
1.920661306146886349e-01
1.907351216866442489e-01
1.894175587529245974e-01
1.881132955863581424e-01
1.868221875675693533e-01
1.855440916672730367e-01
1.842788664287638434e-01
1.830263719505986209e-01
1.817864698694694470e-01
1.805590233432654013e-01
1.793438970343207983e-01
1.781409570928481623e-01
1.769500711405532778e-01
1.757711082544312076e-01
1.746039389507403616e-01
1.734484351691533699e-01
1.723044702570823983e-01
1.711719189541772157e-01
1.700506573769937912e-01
1.689405630038320338e-01
1.678415146597403984e-01
1.667533925016857488e-01
1.656760780038862846e-01
1.646094539433064496e-01
1.635534043853113795e-01
1.625078146694792225e-01
1.614725713955701136e-01
1.604475624096492470e-01
1.594326767903632702e-01
1.584278048353672252e-01
1.574328380479018408e-01
1.564476691235177630e-01
1.554721919369466687e-01
1.545063015291166519e-01
1.535498940943108015e-01
1.526028669674672211e-01
1.516651186116186323e-01
1.507365486054708381e-01
1.498170576311175783e-01
1.489065474618907481e-01
1.480049209503448981e-01
1.471120820163734355e-01
1.462279356354559967e-01
1.453523878270354952e-01
1.444853456430227889e-01
1.436267171564282741e-01
1.427764114501185455e-01
1.419343386056968193e-01
1.411004096925062012e-01
1.402745367567535817e-01
1.394566328107536557e-01
1.386466118222912935e-01
1.378443887041012339e-01
1.370498793034633789e-01
1.362630003919128863e-01
1.354836696550636155e-01
1.347118056825435395e-01
1.339473279580411236e-01
1.331901568494611998e-01
1.324402135991895602e-01
1.316974203144643252e-01
1.309616999578538665e-01
1.302329763378391736e-01
1.295111740995002481e-01
1.287962187153049998e-01
1.280880364759994505e-01
1.273865544815985795e-01
1.266917006324760897e-01
1.260034036205524566e-01
1.253215929205801216e-01
1.246461987815244421e-01
1.239771522180398433e-01
1.233143850020396726e-01
1.226578296543589242e-01
1.220074194365088627e-01
1.213630883425224211e-01
1.207247710908894711e-01
1.200924031165807870e-01
1.194659205631599941e-01
1.188452602749823783e-01
1.182303597894795721e-01
1.176211573295291996e-01
1.170175917959087042e-01
1.164196027598320970e-01
1.158271304555690828e-01
1.152401157731453296e-01
1.146585002510730616e-01
1.140822260692394841e-01
1.135112360420535149e-01
1.129454736111759894e-01
1.123848828387010446e-01
1.118294084005580225e-01
1.112789955791303187e-01
1.107335902570613650e-01
1.101931389107380088e-01
1.096575886035300040e-01
1.091268869793756424e-01
1.086009822563981375e-01
1.080798232205847503e-01
1.075633592195356647e-01
1.070515401562817243e-01
1.065443164831700318e-01
1.060416391958172166e-01
1.055434598271288993e-01
1.050497304413855193e-01
1.045604036283929172e-01
1.040754324976973788e-01
1.035947706728646278e-01
1.031183722858216162e-01
1.026461919712607085e-01
1.021781848611054977e-01
1.017143065790375167e-01
1.012545132350834293e-01
1.007987614202615484e-01
1.003470082012875159e-01
9.989921111533825449e-02
9.945532816487359651e-02
9.901531781251490805e-02
9.857913897598000186e-02
9.814675102307431065e-02
9.771811376673653071e-02
9.729318746013940200e-02
9.687193279184422301e-02
9.645431088100862860e-02
9.604028327264746423e-02
9.562981193294546600e-02
9.522285924462192686e-02
9.481938800234611386e-02
9.441936140820339496e-02
9.402274306721124242e-02
9.362949698288455802e-02
9.323958755284987576e-02
9.285297956450794254e-02
9.246963819074394131e-02
9.208952898568505130e-02
9.171261788050474872e-02
9.133887117927319554e-02
9.096825555485349435e-02
9.060073804484301829e-02
9.023628604755949689e-02
8.987486731807130258e-02
8.951644996427141066e-02
8.916100244299472732e-02
8.880849355617799479e-02
8.845889244706220400e-02
8.811216859643658528e-02
8.776829181892420451e-02
8.742723225930830455e-02
8.708896038889923918e-02
8.675344700194125014e-02
8.642066321205899015e-02
8.609058044874301485e-02
8.576317045387422955e-02
8.543840527828634734e-02
8.511625727836627520e-02
8.479669911269209492e-02
8.447970373870793137e-02
8.416524440943541630e-02
8.385329467022149819e-02
8.354382835552191799e-02
8.323681958572029527e-02
8.293224276398201977e-02
8.263007257314303189e-02
8.233028397263264520e-02
8.203285219543041129e-02
8.173775274505652721e-02
8.144496139259511935e-02
8.115445417375072301e-02
8.086620738593681967e-02
8.058019758539661237e-02
8.029640158435552566e-02
8.001479644820495840e-02
7.973535949271712275e-02
7.945806828129063637e-02
7.918290062222618775e-02
7.890983456603251067e-02
7.863884840276191834e-02
7.836992065937503638e-02
7.810303009713479017e-02
7.783815570902885561e-02
7.757527671722080909e-02
7.731437257052900525e-02
7.705542294193344632e-02
7.679840772611000455e-02
7.654330703699185889e-02
7.629010120535775763e-02
7.603877077644688454e-02
7.578929650759988479e-02
7.554165936592595332e-02
7.529584052599566646e-02
7.505182136755909894e-02
7.480958347328912905e-02
7.456910862654961281e-02
7.433037880918813567e-02
7.409337619935303654e-02
7.385808316933448192e-02
7.362448228342935441e-02
7.339255629582963625e-02
7.316228814853398266e-02
7.293366096928237396e-02
7.270665806951354115e-02
7.248126294234476241e-02
7.225745926057400292e-02
7.203523087470405095e-02
7.181456181098834490e-02
7.159543626949842199e-02
7.137783862221255826e-02
7.116175341112554453e-02
7.094716534637912631e-02
7.073405930441328815e-02
7.052242032613764700e-02
7.031223361512295433e-02
7.010348453581291550e-02
6.989615861175518807e-02
6.969024152385228099e-02
6.948571910863134138e-02
6.928257735653338412e-02
6.908080241022099277e-02
6.888038056290493594e-02
6.868129825668901900e-02
6.848354208093329620e-02
6.828709877063525446e-02
6.809195520482880237e-02
6.789809840500088400e-02
6.770551553352563423e-02
6.751419389211565925e-02
6.732412092029037287e-02
6.713528419386127766e-02
6.694767142343389932e-02
6.676127045292615247e-02
6.657606925810310994e-02
6.639205594512789799e-02
6.620921874912846783e-02
6.602754603278018775e-02
6.584702628490411713e-02
6.566764811908064325e-02
6.548940027227836969e-02
6.531227160349815930e-02
6.513625109243202649e-02
6.496132783813694800e-02
6.478749105772307892e-02
6.461473008505655424e-02
6.444303436947655672e-02
6.427239347452647078e-02
6.410279707669899740e-02
6.393423496419513297e-02
6.376669703569684544e-02
6.360017329915312878e-02
6.343465387057957428e-02
6.327012897287107029e-02
6.310658893462761654e-02
6.294402418899303076e-02
6.278242527250649241e-02
6.262178282396665963e-02
6.246208758330838023e-02
6.230333039049170546e-02
6.214550218440318546e-02
6.198859400176919693e-02
6.183259697608130268e-02
6.167750233653342129e-02
6.152330140697066102e-02
6.136998560484979715e-02
6.121754644021112912e-02
6.106597551466172447e-02
6.091526452036977179e-02
6.076540523907011243e-02
6.061638954108061750e-02
6.046820938432947296e-02
6.032085681339311584e-02
6.017432395854482863e-02
6.002860303481372117e-02
5.988368634105419031e-02
5.973956625902551026e-02
5.959623525248158166e-02
5.945368586627081120e-02
5.931191072544574061e-02
5.917090253438257730e-02
5.903065407591040481e-02
5.889115821044997590e-02
5.875240787516194246e-02
5.861439608310456406e-02
5.847711592240056877e-02
5.834056055541330527e-02
5.820472321793185994e-02
5.806959721836520844e-02
5.793517593694525597e-02
5.780145282493855119e-02
5.766842140386681942e-02
5.753607526473596134e-02
5.740440806727358652e-02
5.727341353917493605e-02
5.714308547535715266e-02
5.701341773722163470e-02
5.688440425192466815e-02
5.675603901165597598e-02
5.662831607292526104e-02
5.650122955585656220e-02
5.637477364349044451e-02
5.624894258109380818e-02
5.612373067547735128e-02
5.599913229432042228e-02
5.587514186550354700e-02
5.575175387644800556e-02
5.562896287346294488e-02
5.550676346109947867e-02
5.538515030151201085e-02
5.526411811382660189e-02
5.514366167351616305e-02
5.502377581178267973e-02
5.490445541494613085e-02
5.478569542384020136e-02
5.466749083321454511e-02
5.454983669114383399e-02
5.443272809844302423e-02
5.431616020808931883e-02
5.420012822465031938e-02
5.408462740371861727e-02
5.396965305135244251e-02
5.385520052352262693e-02
5.374126522556551405e-02
5.362784261164205840e-02
5.351492818420269804e-02
5.340251749345824306e-02
5.329060613685651648e-02
5.317918975856485153e-02
5.306826404895814697e-02
5.295782474411265400e-02
5.284786762530532117e-02
5.273838851851864878e-02
5.262938329395094178e-02
5.252084786553205126e-02
5.241277819044435488e-02
5.230517026864903163e-02
5.219802014241758936e-02
5.209132389586853401e-02
5.198507765450909729e-02
5.187927758478204365e-02
5.177391989361747326e-02
5.166900082798953769e-02
5.156451667447800591e-02
5.146046375883476381e-02
5.135683844555494204e-02
5.125363713745284544e-02
5.115085627524258716e-02
5.104849233712322604e-02
5.094654183836852535e-02
5.084500133092130503e-02
5.074386740299210996e-02
5.064313667866240931e-02
5.054280581749209800e-02
5.044287151413136966e-02
5.034333049793682235e-02
5.024417953259176922e-02
5.014541541573083044e-02
5.004703497856848732e-02
4.994903508553191068e-02
4.985141263389768901e-02
4.975416455343260880e-02
4.965728780603839709e-02
4.956077938540034977e-02
4.946463631663983868e-02
4.936885565597064901e-02
4.927343449035904988e-02
4.917836993718770200e-02
4.908365914392318063e-02
4.898929928778714832e-02
4.889528757543122606e-02
4.880162124261312045e-02
4.870829755387984239e-02
4.861531380226248589e-02
4.852266730895215402e-02
4.843035542299638924e-02
4.833837552099536777e-02
4.824672500680099452e-02
4.815540131121922446e-02
4.806440189171576338e-02
4.797372423212486331e-02
4.788336584236152493e-02
4.779332425813663521e-02
4.770359704067541479e-02
4.761418177643888389e-02
4.752507607684838820e-02
4.743627757801321260e-02
4.734778394046113004e-02
4.725959284887192718e-02
4.717170201181389994e-02
4.708410916148320080e-02
4.699681205344606594e-02
4.690980846638392876e-02
4.682309620184121196e-02
4.673667308397605469e-02
4.665053695931368344e-02
4.656468569650245443e-02
4.647911718607272702e-02
4.639382934019822130e-02
4.630882009246017200e-02
4.622408739761386942e-02
4.613962923135797589e-02
4.605544359010627781e-02
4.597152849076188708e-02
4.588788197049408629e-02
4.580450208651747068e-02
4.572138691587362275e-02
4.563853455521514613e-02
4.555594312059209339e-02
4.547361074724067670e-02
4.539153558937440713e-02
4.530971581997744746e-02
4.522814963060031723e-02
4.514683523115772812e-02
4.506577084972876457e-02
4.498495473235917391e-02
4.490438514286588384e-02
4.482406036264362931e-02
4.474397869047375825e-02
4.466413844233507735e-02
4.458453795121680718e-02
4.450517556693362603e-02
4.442604965594267735e-02
4.434715860116265201e-02
4.426850080179482727e-02
4.419007467314609028e-02
4.411187864645386980e-02
4.403391116871305938e-02
4.395617070250477931e-02
4.387865572582706764e-02
4.380136473192737523e-02
4.372429622913698993e-02
4.364744874070718844e-02
4.357082080464724089e-02
4.349441097356420566e-02
4.341821781450443118e-02
4.334223990879688959e-02
4.326647585189809242e-02
4.319092425323889373e-02
4.311558373607279893e-02
4.304045293732607774e-02
4.296553050744941760e-02
4.289081511027129784e-02
4.281630542285293217e-02
4.274200013534477927e-02
4.266789795084471176e-02
4.259399758525762858e-02
4.252029776715671866e-02
4.244679723764619578e-02
4.237349475022555295e-02
4.230038907065527404e-02
4.222747897682410656e-02
4.215476325861770845e-02
4.208224071778874503e-02
4.200991016782850557e-02
4.193777043383979664e-02
4.186582035241132038e-02
4.179405877149344056e-02
4.172248455027522535e-02
4.165109655906294728e-02
4.157989367915985307e-02
4.150887480274726565e-02
4.143803883276701849e-02
4.136738468280512504e-02
4.129691127697678737e-02
4.122661754981267468e-02
4.115650244614632580e-02
4.108656492100297430e-02
4.101680393948947678e-02
4.094721847668542775e-02
4.087780751753559982e-02
4.080857005674341093e-02
4.073950509866568204e-02
4.067061165720846361e-02
4.060188875572407624e-02
4.053333542690926161e-02
4.046495071270439503e-02
4.039673366419389844e-02
4.032868334150766648e-02
4.026079881372363750e-02
4.019307915877137066e-02
4.012552346333676107e-02
4.005813082276771936e-02
3.999090034098092689e-02
3.992383113036963860e-02
3.985692231171244354e-02
3.979017301408307311e-02
3.972358237476116688e-02
3.965714953914405150e-02
3.959087366065944247e-02
3.952475390067915206e-02
3.945878942843372705e-02
3.939297942092796767e-02
3.932732306285752905e-02
3.926181954652623041e-02
3.919646807176441206e-02
3.913126784584818746e-02
3.906621808341947250e-02
3.900131800640706248e-02
3.893656684394838224e-02
3.887196383231226321e-02
3.880750821482246288e-02
3.874319924178203783e-02
3.867903617039862574e-02
3.861501826471040733e-02
3.855114479551306761e-02
3.848741504028731913e-02
3.842382828312743831e-02
3.836038381467050951e-02
3.829708093202639774e-02
3.823391893870849850e-02
3.817089714456534111e-02
3.810801486571284424e-02
3.804527142446738341e-02
3.798266614927945511e-02
3.792019837466830551e-02
3.785786744115701707e-02
3.779567269520854589e-02
3.773361348916222380e-02
3.767168918117119042e-02
3.760989913514031086e-02
3.754824272066490526e-02
3.748671931297010290e-02
3.742532829285085544e-02
3.736406904661262324e-02
3.730294096601269316e-02
3.724194344820219021e-02
3.718107589566862353e-02
3.712033771617918171e-02
3.705972832272455553e-02
3.699924713346344068e-02
3.693889357166762338e-02
3.687866706566761410e-02
3.681856704879900299e-02
3.675859295934930798e-02
3.669874424050535711e-02
3.663902034030141336e-02
3.657942071156773667e-02
3.651994481187972180e-02
3.646059210350763996e-02
3.640136205336688691e-02
3.634225413296883478e-02
3.628326781837212106e-02
3.622440259013458286e-02
3.616565793326568384e-02
3.610703333717937835e-02
3.604852829564757916e-02
3.599014230675420117e-02
3.593187487284949660e-02
3.587372550050508396e-02
3.581569370046940037e-02
3.575777898762365348e-02
3.569998088093816885e-02
3.564229890342939661e-02
3.558473258211718865e-02
3.552728144798272814e-02
3.546994503592673653e-02
3.541272288472829821e-02
3.535561453700403894e-02
3.529861953916779010e-02
3.524173744139067616e-02
3.518496779756164622e-02
3.512831016524842892e-02
3.507176410565896602e-02
3.501532918360318603e-02
3.495900496745521502e-02
3.490279102911608700e-02
3.484668694397674571e-02
3.479069229088148363e-02
3.473480665209188051e-02
3.467902961325095706e-02
3.462336076334789764e-02
3.456779969468300184e-02
3.451234600283317744e-02
3.445699928661765526e-02
3.440175914806420376e-02
3.434662519246203805e-02
3.429159702811162419e-02
3.423667426642226091e-02
3.418185652192468060e-02
3.412714341219454106e-02
3.407253455782060375e-02
3.401802958237342550e-02
3.396362811237435553e-02
3.390932977726490022e-02
3.385513420937638629e-02
3.380104104389998476e-02
3.374704991885704719e-02
3.369316047506979578e-02
3.363937235613227023e-02
3.358568520838165622e-02
3.353209868086988454e-02
3.347861242533557713e-02
3.342522609617627066e-02
3.337193935042095244e-02
3.331875184770288073e-02
3.326566325023273818e-02
3.321267322277201423e-02
3.315978143260681077e-02
3.310698754952173112e-02
3.305429124577423383e-02
3.300169219606916698e-02
3.294919007753364937e-02
3.289678456969214598e-02
3.284447535444188354e-02
3.279226211602846025e-02
3.274014454102184418e-02
3.268812231829248266e-02
3.263619513898781410e-02
3.258436269650891171e-02
3.253262468648745326e-02
3.248098080676293381e-02
3.242943075736014896e-02
3.237797424046681694e-02
3.232661096041159615e-02
3.227534062364222078e-02
3.222416293870397630e-02
3.217307761621827911e-02
3.212208436886161700e-02
3.207118291134464921e-02
3.202037296039154934e-02
3.196965423471959111e-02
3.191902645501890762e-02
3.186848934393255589e-02
3.181804262603667860e-02
3.176768602782100576e-02
3.171741927766947439e-02
3.166724210584113269e-02
3.161715424445116912e-02
3.156715542745221897e-02
3.151724539061587227e-02
3.146742387151429954e-02
3.141769060950220377e-02
3.136804534569884867e-02
3.131848782297037836e-02
3.126901778591225506e-02
3.121963498083191527e-02
3.117033915573165156e-02
3.112113006029161924e-02
3.107200744585306845e-02
3.102297106540172558e-02
3.097402067355140703e-02
3.092515602652774753e-02
3.087637688215214005e-02
3.082768299982587348e-02
3.077907414051437099e-02
3.073055006673168499e-02
3.068211054252508244e-02
3.063375533345986945e-02
3.058548420660430964e-02
3.053729693051475055e-02
3.048919327522093062e-02
3.044117301221136926e-02
3.039323591441899994e-02
3.034538175620689338e-02
3.029761031335419241e-02
3.024992136304213014e-02
3.020231468384028742e-02
3.015479005569290938e-02
3.010734725990544397e-02
3.005998607913116030e-02
3.001270629735798556e-02
2.996550769989540786e-02
2.991839007336157680e-02
2.987135320567052901e-02
2.982439688601953853e-02
2.977752090487658862e-02
2.973072505396806217e-02
2.968400912626644947e-02
2.963737291597826409e-02
2.959081621853209415e-02
2.954433883056672289e-02
2.949794054991943318e-02
2.945162117561440571e-02
2.940538050785128713e-02
2.935921834799381028e-02
2.931313449855860176e-02
2.926712876320408663e-02
2.922120094671949025e-02
2.917535085501400671e-02
2.912957829510604696e-02
2.908388307511261539e-02
2.903826500423878701e-02
2.899272389276733378e-02
2.894725955204842383e-02
2.890187179448944557e-02
2.885656043354495673e-02
2.881132528370672005e-02
2.876616616049384664e-02
2.872108288044306415e-02
2.867607526109908211e-02
2.863114312100504405e-02
2.858628627969311484e-02
2.854150455767512015e-02
2.849679777643334896e-02
2.845216575841141154e-02
2.840760832700519462e-02
2.836312530655395528e-02
2.831871652233142536e-02
2.827438180053715860e-02
2.823012096828778072e-02
2.818593385360849274e-02
2.814182028542460898e-02
2.809778009355312633e-02
2.805381310869450862e-02
2.800991916242444660e-02
2.796609808718576382e-02
2.792234971628038478e-02
2.787867388386142814e-02
2.783507042492531017e-02
2.779153917530402182e-02
2.774807997165743001e-02
2.770469265146567953e-02
2.766137705302165045e-02
2.761813301542355784e-02
2.757496037856757912e-02
2.753185898314054053e-02
2.748882867061278046e-02
2.744586928323095726e-02
2.740298066401103752e-02
2.736016265673131553e-02
2.731741510592551256e-02
2.727473785687594549e-02
2.723213075560677529e-02
2.718959364887734223e-02
2.714712638417552878e-02
2.710472880971123710e-02
2.706240077440992542e-02
2.702014212790618611e-02
2.697795272053743823e-02
2.693583240333763743e-02
2.689378102803110723e-02
2.685179844702638083e-02
2.680988451341013643e-02
2.676803908094121942e-02
2.672626200404468189e-02
2.668455313780591573e-02
2.664291233796481709e-02
2.660133946091008256e-02
2.655983436367347419e-02
2.651839690392420942e-02
2.647702693996339604e-02
2.643572433071849845e-02
2.639448893573792532e-02
2.635332061518558949e-02
2.631221922983561015e-02
2.627118464106699761e-02
2.623021671085845608e-02
2.618931530178320380e-02
2.614848027700384520e-02
2.610771150026734710e-02
2.606700883589998380e-02
2.602637214880242078e-02
2.598580130444478817e-02
2.594529616886185122e-02
2.590485660864819822e-02
2.586448249095349428e-02
2.582417368347779060e-02
2.578393005446685121e-02
2.574375147270760444e-02
2.570363780752353555e-02
2.566358892877021805e-02
2.562360470683083813e-02
2.558368501261181621e-02
2.554382971753840076e-02
2.550403869355039738e-02
2.546431181309784936e-02
2.542464894913687434e-02
2.538504997512541078e-02
2.534551476501914480e-02
2.530604319326736074e-02
2.526663513480893394e-02
2.522729046506829234e-02
2.518800905995147513e-02
2.514879079584217414e-02
2.510963554959787583e-02
2.507054319854601018e-02
2.503151362048015860e-02
2.499254669365625486e-02
2.495364229678890752e-02
2.491480030904766677e-02
2.487602061005342313e-02
2.483730307987476460e-02
2.479864759902443080e-02
2.476005404845575339e-02
2.472152230955917268e-02
2.468305226415878559e-02
2.464464379450890044e-02
2.460629678329066816e-02
2.456801111360870649e-02
2.452978666898780399e-02
2.449162333336961719e-02
2.445352099110943353e-02
2.441547952697294827e-02
2.437749882613307606e-02
2.433957877416680071e-02
2.430171925705207694e-02
2.426392016116472525e-02
2.422618137327537877e-02
2.418850278054647182e-02
2.415088427052924577e-02
2.411332573116076877e-02
2.407582705076104571e-02
2.403838811803008998e-02
2.400100882204506125e-02
2.396368905225742391e-02
2.392642869849014725e-02
2.388922765093491607e-02
2.385208580014936894e-02
2.381500303705438859e-02
2.377797925293139575e-02
2.374101433941968806e-02
2.370410818851379983e-02
2.366726069256087570e-02
2.363047174425808930e-02
2.359374123665007594e-02
2.355706906312642068e-02
2.352045511741911524e-02
2.348389929360010508e-02
2.344740148607881575e-02
2.341096158959971724e-02
2.337457949923992320e-02
2.333825511040681783e-02
2.330198831883565844e-02
2.326577902058728567e-02
2.322962711204579200e-02
2.319353248991622152e-02
2.315749505122232862e-02
2.312151469330432293e-02
2.308559131381664187e-02
2.304972481072578572e-02
2.301391508230809721e-02
2.297816202714764514e-02
2.294246554413408717e-02
2.290682553246055700e-02
2.287124189162154791e-02
2.283571452141091446e-02
2.280024332191975256e-02
2.276482819353442891e-02
2.272946903693453397e-02
2.269416575309093562e-02
2.265891824326378423e-02
2.262372640900058712e-02
2.258859015213426219e-02
2.255350937478126094e-02
2.251848397933964296e-02
2.248351386848725791e-02
2.244859894517983040e-02
2.241373911264920443e-02
2.237893427440144564e-02
2.234418433421514125e-02
2.230948919613953349e-02
2.227484876449282655e-02
2.224026294386039285e-02
2.220573163909309727e-02
2.217125475530555556e-02
2.213683219787445158e-02
2.210246387243687549e-02
2.206814968488864104e-02
2.203388954138267575e-02
2.199968334832737293e-02
2.196553101238499575e-02
2.193143244047007084e-02
2.189738753974784097e-02
2.186339621763265517e-02
2.182945838178647693e-02
2.179557394011729862e-02
2.176174280077767045e-02
2.172796487216317740e-02
2.169424006291095081e-02
2.166056828189821815e-02
2.162694943824081464e-02
2.159338344129175385e-02
2.155987020063981213e-02
2.152640962610808881e-02
2.149300162775261494e-02
2.145964611586097248e-02
2.142634300095090996e-02
2.139309219376899288e-02
2.135989360528922631e-02
2.132674714671176086e-02
2.129365272946153950e-02
2.126061026518700700e-02
2.122761966575880191e-02
2.119468084326846594e-02
2.116179371002719148e-02
2.112895817856454833e-02
2.109617416162723122e-02
2.106344157217786284e-02
2.103076032339369628e-02
2.099813032866547011e-02
2.096555150159619060e-02
2.093302375599991050e-02
2.090054700590058406e-02
2.086812116553091179e-02
2.083574614933113647e-02
2.080342187194794343e-02
2.077114824823331901e-02
2.073892519324338837e-02
2.070675262223736074e-02
2.067463045067639490e-02
2.064255859422249595e-02
2.061053696873747787e-02
2.057856549028183948e-02
2.054664407511373747e-02
2.051477263968793860e-02
2.048295110065475114e-02
2.045117937485901524e-02
2.041945737933907254e-02
2.038778503132575304e-02
2.035616224824137246e-02
2.032458894769875041e-02
2.029306504750020765e-02
2.026159046563660512e-02
2.023016512028636207e-02
2.019878892981450194e-02
2.016746181277173297e-02
2.013618368789345942e-02
2.010495447409890377e-02
2.007377409049011796e-02
2.004264245635114031e-02
2.001155949114704138e-02
1.998052511452304975e-02
1.994953924630363251e-02
1.991860180649166270e-02
1.988771271526750678e-02
1.985687189298817462e-02
1.982607926018644176e-02
1.979533473757003753e-02
1.976463824602078465e-02
1.973398970659374224e-02
1.970338904051641138e-02
1.967283616918789543e-02
1.964233101417810212e-02
1.961187349722693166e-02
1.958146354024347530e-02
1.955110106530522779e-02
1.952078599465731021e-02
1.949051825071167199e-02
1.946029775604636233e-02
1.943012443340472531e-02
1.939999820569465391e-02
1.936991899598786843e-02
1.933988672751912885e-02
1.930990132368553061e-02
1.927996270804579332e-02
1.925007080431945586e-02
1.922022553638626230e-02
1.919042682828537086e-02
1.916067460421470164e-02
1.913096878853020807e-02
1.910130930574519686e-02
1.907169608052962720e-02
1.904212903770945153e-02
1.901260810226593906e-02
1.898313319933498181e-02
1.895370425420645280e-02
1.892432119232355728e-02
1.889498393928215614e-02
1.886569242083013104e-02
1.883644656286675295e-02
1.880724629144202645e-02
1.877809153275608947e-02
1.874898221315855415e-02
1.871991825914792046e-02
1.869089959737093437e-02
1.866192615462199458e-02
1.863299785784254883e-02
1.860411463412049715e-02
1.857527641068957430e-02
1.854648311492880855e-02
1.851773467436188675e-02
1.848903101665662005e-02
1.846037206962432287e-02
1.843175776121928899e-02
1.840318801953820180e-02
1.837466277281956523e-02
1.834618194944319380e-02
1.831774547792961241e-02
1.828935328693951506e-02
1.826100530527326876e-02
1.823270146187032717e-02
1.820444168580870672e-02
1.817622590630448010e-02
1.814805405271123148e-02
1.811992605451953620e-02
1.809184184135646800e-02
1.806380134298505441e-02
1.803580448930379790e-02
1.800785121034614508e-02
1.797994143628000793e-02
1.795207509740727111e-02
1.792425212416327157e-02
1.789647244711634055e-02
1.786873599696731790e-02
1.784104270454904204e-02
1.781339250082591280e-02
1.778578531689338493e-02
1.775822108397752397e-02
1.773069973343453093e-02
1.770322119675027742e-02
1.767578540553985805e-02
1.764839229154711517e-02
1.762104178664421206e-02
1.759373382283117501e-02
1.756646833223544577e-02
1.753924524711144434e-02
1.751206449984013536e-02
1.748492602292857703e-02
1.745782974900951870e-02
1.743077561084095325e-02
1.740376354130569042e-02
1.737679347341094735e-02
1.734986534028792535e-02
1.732297907519139701e-02
1.729613461149929338e-02
1.726933188271229450e-02
1.724257082245342354e-02
1.721585136446764086e-02
1.718917344262145541e-02
1.716253699090252230e-02
1.713594194341922991e-02
1.710938823440035991e-02
1.708287579819462929e-02
1.705640456927036766e-02
1.702997448221510793e-02
1.700358547173519419e-02
1.697723747265542094e-02
1.695093041991866875e-02
1.692466424858550533e-02
1.689843889383384201e-02
1.687225429095855905e-02
1.684611037537111708e-02
1.682000708259925176e-02
1.679394434828656441e-02
1.676792210819218545e-02
1.674194029819041016e-02
1.671599885427038287e-02
1.669009771253569113e-02
1.666423680920407421e-02
1.663841608060704497e-02
1.661263546318956369e-02
1.658689489350968424e-02
1.656119430823823832e-02
1.653553364415849200e-02
1.650991283816579877e-02
1.648433182726730464e-02
1.645879054858157692e-02
1.643328893933830581e-02
1.640782693687797139e-02
1.638240447865154867e-02
1.635702150222014331e-02
1.633167794525470715e-02
1.630637374553571550e-02
1.628110884095284802e-02
1.625588316950468681e-02
1.623069666929840074e-02
1.620554927854945745e-02
1.618044093558128338e-02
1.615537157882499311e-02
1.613034114681907716e-02
1.610534957820909663e-02
1.608039681174740568e-02
1.605548278629283579e-02
1.603060744081040781e-02
1.600577071437105439e-02
1.598097254615131468e-02
1.595621287543305677e-02
1.593149164160317932e-02
1.590680878415334440e-02
1.588216424267968954e-02
1.585755795688254324e-02
1.583298986656614740e-02
1.580845991163838324e-02
1.578396803211049026e-02
1.575951416809679914e-02
1.573509825981446800e-02
1.571072024758319446e-02
1.568638007182494506e-02
1.566207767306371582e-02
1.563781299192524080e-02
1.561358596913674235e-02
1.558939654552665525e-02
1.556524466202438041e-02
1.554113025966002114e-02
1.551705327956412125e-02
1.549301366296741873e-02
1.546901135120058030e-02
1.544504628569395507e-02
1.542111840797732135e-02
1.539722765967963848e-02
1.537337398252879885e-02
1.534955731835136936e-02
1.532577760907236422e-02
1.530203479671498994e-02
1.527832882340039722e-02
1.525465963134745376e-02
1.523102716287249095e-02
1.520743136038907664e-02
1.518387216640776707e-02
1.516034952353587616e-02
1.513686337447723608e-02
1.511341366203197353e-02
1.509000032909626858e-02
1.506662331866212567e-02
1.504328257381714294e-02
1.501997803774429013e-02
1.499670965372166924e-02
1.497347736512230632e-02
1.495028111541390169e-02
1.492712084815863739e-02
1.490399650701292392e-02
1.488090803572720416e-02
1.485785537814571754e-02
1.483483847820628136e-02
1.481185727994008966e-02
1.478891172747147376e-02
1.476600176501770105e-02
1.474312733688876165e-02
1.472028838748715152e-02
1.469748486130764871e-02
1.467471670293712602e-02
1.465198385705432198e-02
1.462928626842963965e-02
1.460662388192494193e-02
1.458399664249332948e-02
1.456140449517895688e-02
1.453884738511680881e-02
1.451632525753250753e-02
1.449383805774211512e-02
1.447138573115190965e-02
1.444896822325820486e-02
1.442658547964714710e-02
1.440423744599450724e-02
1.438192406806548980e-02
1.435964529171454736e-02
1.433740106288514983e-02
1.431519132760964048e-02
1.429301603200898788e-02
1.427087512229263840e-02
1.424876854475829076e-02
1.422669624579172773e-02
1.420465817186661144e-02
1.418265426954429774e-02
1.416068448547365410e-02
1.413874876639086356e-02
1.411684705911923909e-02
1.409497931056904151e-02
1.407314546773729032e-02
1.405134547770758684e-02
1.402957928764991466e-02
1.400784684482048008e-02
1.398614809656150738e-02
1.396448299030107060e-02
1.394285147355291306e-02
1.392125349391626528e-02
1.389968899907566106e-02
1.387815793680077618e-02
1.385666025494622713e-02
1.383519590145142024e-02
1.381376482434035387e-02
1.379236697172146232e-02
1.377100229178743022e-02
1.374967073281502077e-02
1.372837224316490572e-02
1.370710677128149368e-02
1.368587426569275838e-02
1.366467467501005992e-02
1.364350794792799915e-02
1.362237403322421811e-02
1.360127287975925435e-02
1.358020443647636570e-02
1.355916865240135508e-02
1.353816547664242476e-02
1.351719485838998903e-02
1.349625674691652330e-02
1.347535109157639577e-02
1.345447784180570441e-02
1.343363694712211044e-02
1.341282835712468216e-02
1.339205202149373018e-02
1.337130788999064783e-02
1.335059591245775154e-02
1.332991603881811260e-02
1.330926821907541489e-02
1.328865240331378143e-02
1.326806854169762691e-02
1.324751658447148768e-02
1.322699648195988474e-02
1.320650818456714504e-02
1.318605164277726269e-02
1.316562680715374460e-02
1.314523362833944220e-02
1.312487205705641091e-02
1.310454204410575405e-02
1.308424354036746839e-02
1.306397649680028812e-02
1.304374086444154077e-02
1.302353659440699980e-02
1.300336363789072504e-02
1.298322194616491169e-02
1.296311147057975684e-02
1.294303216256329110e-02
1.292298397362124165e-02
1.290296685533688821e-02
1.288298075937090517e-02
1.286302563746121938e-02
1.284310144142287828e-02
1.282320812314787298e-02
1.280334563460502374e-02
1.278351392783982562e-02
1.276371295497429580e-02
1.274394266820683824e-02
1.272420301981211019e-02
1.270449396214085730e-02
1.268481544761979052e-02
1.266516742875143167e-02
1.264554985811399204e-02
1.262596268836120410e-02
1.260640587222220180e-02
1.258687936250138008e-02
1.256738311207824567e-02
1.254791707390728872e-02
1.252848120101783189e-02
1.250907544651390715e-02
1.248969976357411360e-02
1.247035410545147861e-02
1.245103842547331911e-02
1.243175267704110278e-02
1.241249681363033354e-02
1.239327078879039028e-02
1.237407455614441057e-02
1.235490806938914325e-02
1.233577128229482352e-02
1.231666414870503760e-02
1.229758662253659270e-02
1.227853865777937467e-02
1.225952020849622320e-02
1.224053122882280686e-02
1.222157167296747914e-02
1.220264149521115178e-02
1.218374064990716994e-02
1.216486909148116989e-02
1.214602677443096974e-02
1.212721365332641681e-02
1.210842968280927655e-02
1.208967481759309556e-02
1.207094901246307146e-02
1.205225222227593318e-02
1.203358440195981260e-02
1.201494550651410753e-02
1.199633549100936891e-02
1.197775431058716381e-02
1.195920192045995568e-02
1.194067827591097780e-02
1.192218333229410829e-02
1.190371704503374005e-02
1.188527936962466627e-02
1.186687026163195033e-02
1.184848967669080259e-02
1.183013757050645903e-02
1.181181389885405109e-02
1.179351861757849812e-02
1.177525168259437038e-02
1.175701304988577625e-02
1.173880267550623385e-02
1.172062051557855832e-02
1.170246652629473166e-02
1.168434066391579006e-02
1.166624288477169716e-02
1.164817314526122964e-02
1.163013140185185056e-02
1.161211761107960698e-02
1.159413172954898603e-02
1.157617371393281774e-02
1.155824352097214840e-02
1.154034110747611738e-02
1.152246643032184964e-02
1.150461944645433422e-02
1.148680011288630634e-02
1.146900838669812767e-02
1.145124422503768051e-02
1.143350758512024119e-02
1.141579842422836902e-02
1.139811669971178658e-02
1.138046236898727394e-02
1.136283538953854894e-02
1.134523571891614402e-02
1.132766331473730563e-02
1.131011813468587451e-02
1.129260013651216948e-02
1.127510927803287988e-02
1.125764551713094586e-02
1.124020881175545085e-02
1.122279911992150880e-02
1.120541639971014969e-02
1.118806060926820500e-02
1.117073170680820370e-02
1.115342965060825940e-02
1.113615439901194729e-02
1.111890591042821383e-02
1.110168414333124846e-02
1.108448905626037949e-02
1.106732060781996825e-02
1.105017875667929465e-02
1.103306346157244960e-02
1.101597468129822573e-02
1.099891237472000287e-02
1.098187650076564922e-02
1.096486701842741378e-02
1.094788388676179967e-02
1.093092706488948095e-02
1.091399651199517762e-02
1.089709218732755856e-02
1.088021405019912180e-02
1.086336205998610950e-02
1.084653617612837094e-02
1.082973635812929138e-02
1.081296256555565154e-02
1.079621475803754956e-02
1.077949289526827781e-02
1.076279693700422577e-02
1.074612684306477245e-02
1.072948257333218407e-02
1.071286408775150474e-02
1.069627134633045415e-02
1.067970430913932865e-02
1.066316293631088333e-02
1.064664718804025044e-02
1.063015702458481454e-02
1.061369240626411879e-02
1.059725329345976783e-02
1.058083964661531151e-02
1.056445142623615302e-02
1.054808859288944474e-02
1.053175110720398072e-02
1.051543892987009954e-02
1.049915202163959060e-02
1.048289034332556928e-02
1.046665385580240401e-02
1.045044252000559837e-02
1.043425629693169043e-02
1.041809514763816086e-02
1.040195903324333052e-02
1.038584791492624775e-02
1.036976175392661202e-02
1.035370051154465079e-02
1.033766414914103794e-02
1.032165262813677931e-02
1.030566591001313460e-02
1.028970395631149601e-02
1.027376672863329794e-02
1.025785418863992861e-02
1.024196629805262243e-02
1.022610301865235598e-02
1.021026431227976469e-02
1.019445014083504228e-02
1.017866046627782795e-02
1.016289525062713528e-02
1.014715445596123429e-02
1.013143804441755946e-02
1.011574597819261782e-02
1.010007821954189700e-02
1.008443473077975591e-02
1.006881547427933808e-02
1.005322041247247618e-02
1.003764950784959142e-02
1.002210272295960165e-02
1.000658002040982764e-02
9.991081362865901136e-03
9.975606713051655625e-03
9.960156033749048218e-03
9.944729287798059064e-03
9.929326438096599400e-03
9.913947447600409205e-03
9.898592279322980872e-03
9.883260896335442983e-03
9.867953261766487447e-03
9.852669338802263685e-03
9.837409090686291893e-03
9.822172480719371102e-03
9.806959472259478561e-03
9.791770028721684740e-03
9.776604113578064859e-03
9.761461690357594798e-03
9.746342722646062634e-03
9.731247174085990576e-03
9.716175008376525674e-03
9.701126189273360026e-03
9.686100680588633632e-03
9.671098446190845924e-03
9.656119450004760352e-03
9.641163656011331531e-03
9.626231028247587279e-03
9.611321530806560959e-03
9.596435127837187398e-03
9.581571783544228296e-03
9.566731462188161200e-03
9.551914128085113587e-03
9.537119745606750104e-03
9.522348279180206654e-03
9.507599693287981102e-03
9.492873952467865625e-03
9.478171021312828751e-03
9.463490864470959843e-03
9.448833446645356349e-03
9.434198732594047468e-03
9.419586687129900479e-03
9.404997275120540942e-03
9.390430461488259023e-03
9.375886211209914084e-03
9.361364489316868764e-03
9.346865260894876223e-03
9.332388491084021159e-03
9.317934145078603583e-03
9.303502188127079839e-03
9.289092585531953314e-03
9.274705302649699848e-03
9.260340304890686200e-03
9.245997557719067700e-03
9.231677026652717125e-03
9.217378677263139697e-03
9.203102475175372471e-03
9.188848386067911475e-03
9.174616375672626709e-03
9.160406409774675407e-03
9.146218454212410101e-03
9.132052474877307494e-03
9.117908437713860906e-03
9.103786308719531706e-03
9.089686053944629612e-03
9.075607639492250245e-03
9.061551031518183183e-03
9.047516196230826965e-03
9.033503099891114496e-03
9.019511708812414166e-03
9.005541989360460464e-03
8.991593907953270709e-03
8.977667431061046172e-03
8.963762525206107890e-03
8.949879156962808197e-03
8.936017292957440517e-03
8.922176899868159566e-03
8.908357944424915437e-03
8.894560393409346039e-03
8.880784213654714654e-03
8.867029372045819730e-03
8.853295835518908141e-03
8.839583571061607539e-03
8.825892545712832674e-03
8.812222726562717739e-03
8.798574080752508825e-03
8.784946575474520541e-03
8.771340177972023269e-03
8.757754855539173766e-03
8.744190575520944045e-03
8.730647305313022494e-03
8.717125012361753161e-03
8.703623664164040347e-03
8.690143228267275741e-03
8.676683672269253425e-03
8.663244963818103953e-03
8.649827070612195468e-03
8.636429960400069522e-03
8.623053600980352604e-03
8.609697960201681544e-03
8.596363005962627188e-03
8.583048706211604192e-03
8.569755028946812042e-03
8.556481942216129233e-03
8.543229414117064699e-03
8.529997412796660669e-03
8.516785906451414603e-03
8.503594863327216744e-03
8.490424251719242560e-03
8.477274039971911118e-03
8.464144196478784465e-03
8.451034689682494772e-03
8.437945488074666267e-03
8.424876560195842384e-03
8.411827874635407695e-03
8.398799400031508114e-03
8.385791105070974569e-03
8.372802958489248409e-03
8.359834929070301610e-03
8.346886985646565643e-03
8.333959097098848218e-03
8.321051232356270824e-03
8.308163360396168123e-03
8.295295450244039373e-03
8.282447470973454753e-03
8.269619391705985978e-03
8.256811181611131700e-03
8.244022809906237717e-03
8.231254245856427579e-03
8.218505458774527997e-03
8.205776418020982108e-03
8.193067093003788756e-03
8.180377453178419231e-03
8.167707468047751343e-03
8.155057107161980956e-03
8.142426340118564740e-03
8.129815136562131700e-03
8.117223466184412053e-03
8.104651298724174779e-03
8.092098603967137413e-03
8.079565351745903595e-03
8.067051511939883277e-03
8.054557054475225061e-03
8.042081949324734677e-03
8.029626166507814258e-03
8.017189676090375611e-03
8.004772448184770822e-03
7.992374452949731548e-03
7.979995660590280537e-03
7.967636041357667454e-03
7.955295565549292541e-03
7.942974203508635506e-03
7.930671925625189592e-03
7.918388702334373114e-03
7.906124504117480883e-03
7.893879301501588799e-03
7.881653065059501806e-03
7.869445765409665422e-03
7.857257373216108495e-03
7.845087859188365140e-03
7.832937194081396673e-03
7.820805348695537840e-03
7.808692293876410076e-03
7.796598000514854722e-03
7.784522439546869704e-03
7.772465581953527138e-03
7.760427398760914343e-03
7.748407861040050582e-03
7.736406939906830676e-03
7.724424606521942613e-03
7.712460832090809425e-03
7.700515587863505929e-03
7.688588845134700610e-03
7.676680575243576693e-03
7.664790749573770559e-03
7.652919339553296285e-03
7.641066316654478857e-03
7.629231652393883914e-03
7.617415318332252695e-03
7.605617286074425713e-03
7.593837527269277701e-03
7.582076013609651693e-03
7.570332716832283565e-03
7.558607608717740449e-03
7.546900661090345276e-03
7.535211845818117794e-03
7.523541134812697373e-03
7.511888500029277084e-03
7.500253913466539517e-03
7.488637347166583053e-03
7.477038773214861149e-03
7.465458163740106012e-03
7.453895490914270484e-03
7.442350726952454316e-03
7.430823844112835648e-03
7.419314814696610291e-03
7.407823611047917138e-03
7.396350205553775710e-03
7.384894570644019371e-03
7.373456678791227674e-03
7.362036502510658706e-03
7.350634014360182301e-03
7.339249186940214990e-03
7.327881992893654078e-03
7.316532404905809993e-03
7.305200395704339496e-03
7.293885938059180632e-03
7.282589004782488544e-03
7.271309568728565216e-03
7.260047602793797891e-03
7.248803079916594887e-03
7.237575973077311001e-03
7.226366255298193736e-03
7.215173899643307839e-03
7.203998879218479791e-03
7.192841167171223210e-03
7.181700736690682478e-03
7.170577561007562481e-03
7.159471613394062690e-03
7.148382867163816448e-03
7.137311295671824179e-03
7.126256872314391810e-03
7.115219570529063980e-03
7.104199363794557257e-03
7.093196225630700284e-03
7.082210129598369604e-03
7.071241049299421995e-03
7.060288958376634630e-03
7.049353830513640888e-03
7.038435639434859233e-03
7.027534358905443770e-03
7.016649962731210527e-03
7.005782424758574128e-03
6.994931718874487087e-03
6.984097819006379083e-03
6.973280699122092786e-03
6.962480333229815327e-03
6.951696695378022789e-03
6.940929759655412555e-03
6.930179500190846061e-03
6.919445891153277670e-03
6.908728906751701766e-03
6.898028521235084233e-03
6.887344708892302603e-03
6.876677444052082741e-03
6.866026701082938132e-03
6.855392454393107425e-03
6.844774678430493725e-03
6.834173347682597800e-03
6.823588436676462574e-03
6.813019919978613274e-03
6.802467772194985447e-03
6.791931967970873778e-03
6.781412481990867040e-03
6.770909288978789985e-03
6.760422363697631346e-03
6.749951680949500474e-03
6.739497215575552744e-03
6.729058942455933175e-03
6.718636836509719185e-03
6.708230872694851202e-03
6.697841026008081490e-03
6.687467271484910832e-03
6.677109584199524342e-03
6.666767939264735092e-03
6.656442311831926861e-03
6.646132677090988219e-03
6.635839010270253545e-03
6.625561286636448381e-03
6.615299481494621783e-03
6.605053570188096877e-03
6.594823528098400604e-03
6.584609330645211679e-03
6.574410953286299007e-03
6.564228371517461837e-03
6.554061560872471645e-03
6.543910496923011424e-03
6.533775155278618435e-03
6.523655511586629561e-03
6.513551541532111057e-03
6.503463220837809103e-03
6.493390525264092564e-03
6.483333430608885332e-03
6.473291912707617758e-03
6.463265947433163329e-03
6.453255510695777089e-03
6.443260578443049669e-03
6.433281126659835293e-03
6.423317131368201476e-03
6.413368568627370904e-03
6.403435414533660726e-03
6.393517645220427904e-03
6.383615236858010238e-03
6.373728165653669980e-03
6.363856407851533996e-03
6.353999939732536510e-03
6.344158737614369672e-03
6.334332777851412431e-03
6.324522036834688901e-03
6.314726490991800709e-03
6.304946116786869746e-03
6.295180890720492202e-03
6.285430789329670906e-03
6.275695789187760686e-03
6.265975866904418060e-03
6.256270999125540522e-03
6.246581162533208428e-03
6.236906333845631221e-03
6.227246489817090183e-03
6.217601607237886394e-03
6.207971662934279149e-03
6.198356633768433918e-03
6.188756496638362498e-03
6.179171228477871834e-03
6.169600806256511118e-03
6.160045206979503259e-03
6.150504407687704990e-03
6.140978385457539213e-03
6.131467117400952495e-03
6.121970580665346551e-03
6.112488752433531403e-03
6.103021609923668135e-03
6.093569130389214251e-03
6.084131291118869030e-03
6.074708069436518879e-03
6.065299442701181827e-03
6.055905388306954615e-03
6.046525883682956314e-03
6.037160906293273684e-03
6.027810433636909999e-03
6.018474443247730406e-03
6.009152912694402070e-03
5.999845819580348211e-03
5.990553141543688252e-03
5.981274856257187515e-03
5.972010941428201707e-03
5.962761374798624878e-03
5.953526134144829576e-03
5.944305197277624346e-03
5.935098542042191276e-03
5.925906146318036562e-03
5.916727988018934993e-03
5.907564045092877913e-03
5.898414295522023780e-03
5.889278717322637448e-03
5.880157288545042465e-03
5.871049987273569901e-03
5.861956791626499359e-03
5.852877679756010414e-03
5.843812629848134897e-03
5.834761620122689250e-03
5.825724628833240694e-03
5.816701634267039574e-03
5.807692614744976861e-03
5.798697548621530376e-03
5.789716414284703204e-03
5.780749190155989002e-03
5.771795854690302610e-03
5.762856386375941019e-03
5.753930763734523522e-03
5.745018965320944880e-03
5.736120969723320674e-03
5.727236755562939603e-03
5.718366301494203635e-03
5.709509586204588108e-03
5.700666588414581883e-03
5.691837286877639637e-03
5.683021660380130693e-03
5.674219687741286974e-03
5.665431347813150095e-03
5.656656619480526262e-03
5.647895481660929889e-03
5.639147913304535034e-03
5.630413893394125950e-03
5.621693400945043315e-03
5.612986415005137390e-03
5.604292914654714249e-03
5.595612879006487198e-03
5.586946287205528210e-03
5.578293118429212410e-03
5.569653351887174711e-03
5.561026966821254296e-03
5.552413942505449521e-03
5.543814258245861534e-03
5.535227893380651777e-03
5.526654827279986471e-03
5.518095039345990646e-03
5.509548509012697839e-03
5.501015215745996313e-03
5.492495139043589159e-03
5.483988258434936182e-03
5.475494553481205333e-03
5.467014003775230203e-03
5.458546588941453649e-03
5.450092288635884422e-03
5.441651082546042524e-03
5.433222950390913242e-03
5.424807871920902906e-03
5.416405826917779914e-03
5.408016795194636565e-03
5.399640756595832682e-03
5.391277690996953108e-03
5.382927578304752200e-03
5.374590398457114795e-03
5.366266131422999831e-03
5.357954757202396112e-03
5.349656255826274603e-03
5.341370607356534655e-03
5.333097791885965840e-03
5.324837789538191569e-03
5.316590580467626601e-03
5.308356144859425856e-03
5.300134462929436720e-03
5.291925514924156540e-03
5.283729281120678849e-03
5.275545741826646526e-03
5.267374877380210166e-03
5.259216668149976036e-03
5.251071094534959238e-03
5.242938136964535138e-03
5.234817775898399465e-03
5.226709991826510200e-03
5.218614765269052012e-03
5.210532076776379883e-03
5.202461906928979203e-03
5.194404236337412002e-03
5.186359045642281382e-03
5.178326315514174272e-03
5.170306026653616327e-03
5.162298159791033764e-03
5.154302695686697848e-03
5.146319615130682396e-03
5.138348898942818668e-03
5.130390527972645068e-03
5.122444483099365502e-03
5.114510745231806016e-03
5.106589295308355814e-03
5.098680114296939500e-03
5.090783183194953765e-03
5.082898483029237024e-03
5.075025994856012176e-03
5.067165699760848435e-03
5.059317578858611025e-03
5.051481613293417813e-03
5.043657784238594205e-03
5.035846072896630644e-03
5.028046460499129705e-03
5.020258928306768793e-03
5.012483457609250709e-03
5.004720029725261143e-03
4.996968626002420977e-03
4.989229227817243775e-03
4.981501816575089822e-03
4.973786373710121882e-03
4.966082880685261831e-03
4.958391318992142090e-03
4.950711670151065717e-03
4.943043915710960447e-03
4.935388037249330978e-03
4.927744016372220814e-03
4.920111834714164557e-03
4.912491473938141937e-03
4.904882915735537911e-03
4.897286141826095833e-03
4.889701133957874077e-03
4.882127873907200072e-03
4.874566343478631270e-03
4.867016524504911776e-03
4.859478398846920309e-03
4.851951948393634639e-03
4.844437155062085616e-03
4.836934000797312935e-03
4.829442467572318300e-03
4.821962537388035062e-03
4.814494192273270981e-03
4.807037414284668318e-03
4.799592185506663944e-03
4.792158488051445966e-03
4.784736304058908631e-03
4.777325615696608081e-03
4.769926405159726802e-03
4.762538654671020708e-03
4.755162346480783578e-03
4.747797462866802827e-03
4.740443986134313531e-03
4.733101898615962866e-03
4.725771182671758934e-03
4.718451820689036069e-03
4.711143795082407132e-03
4.703847088293722743e-03
4.696561682792035723e-03
4.689287561073543845e-03
4.682024705661563813e-03
4.674773099106477488e-03
4.667532723985699794e-03
4.660303562903627544e-03
4.653085598491603012e-03
4.645878813407871427e-03
4.638683190337540216e-03
4.631498711992532158e-03
4.624325361111552429e-03
4.617163120460038295e-03
4.610011972830124413e-03
4.602871901040596868e-03
4.595742887936858471e-03
4.588624916390875857e-03
4.581517969301148255e-03
4.574422029592666722e-03
4.567337080216868177e-03
4.560263104151591161e-03
4.553200084401047218e-03
4.546148003995767115e-03
4.539106845992570485e-03
4.532076593474515525e-03
4.525057229550866027e-03
4.518048737357048018e-03
4.511051100054606390e-03
4.504064300831170202e-03
4.497088322900404112e-03
4.490123149501981485e-03
4.483168763901527153e-03
4.476225149390589651e-03
4.469292289286598725e-03
4.462370166932821090e-03
4.455458765698322270e-03
4.448558068977929297e-03
4.441668060192188218e-03
4.434788722787324187e-03
4.427920040235203310e-03
4.421061996033290135e-03
4.414214573704613835e-03
4.407377756797719627e-03
4.400551528886634950e-03
4.393735873570831299e-03
4.386930774475184328e-03
4.380136215249928744e-03
4.373352179570624484e-03
4.366578651138115948e-03
4.359815613678496432e-03
4.353063050943058697e-03
4.346320946708269808e-03
4.339589284775722568e-03
4.332868048972097347e-03
4.326157223149124792e-03
4.319456791183551997e-03
4.312766736977093930e-03
4.306087044456404812e-03
4.299417697573027809e-03
4.292758680303368143e-03
4.286109976648649726e-03
4.279471570634874392e-03
4.272843446312785468e-03
4.266225587757833081e-03
4.259617979070127319e-03
4.253020604374411345e-03
4.246433447820011087e-03
4.239856493580805748e-03
4.233289725855188777e-03
4.226733128866026236e-03
4.220186686860621234e-03
4.213650384110676633e-03
4.207124204912254285e-03
4.200608133585741200e-03
4.194102154475810515e-03
4.187606251951381600e-03
4.181120410405584492e-03
4.174644614255725202e-03
4.168178847943241477e-03
4.161723095933670714e-03
4.155277342716612657e-03
4.148841572805687765e-03
4.142415770738505122e-03
4.135999921076620803e-03
4.129594008405504911e-03
4.123198017334499949e-03
4.116811932496789589e-03
4.110435738549357912e-03
4.104069420172951239e-03
4.097712962072046043e-03
4.091366348974805577e-03
4.085029565633051252e-03
4.078702596822220139e-03
4.072385427341329404e-03
4.066078042012940749e-03
4.059780425683124847e-03
4.053492563221421444e-03
4.047214439520805535e-03
4.040946039497655268e-03
4.034687348091702506e-03
4.028438350266013747e-03
4.022199031006941546e-03
4.015969375324092427e-03
4.009749368250291324e-03
4.003538994841546877e-03
3.997338240177009810e-03
3.991147089358944300e-03
3.984965527512689815e-03
3.978793539786622951e-03
3.972631111352121873e-03
3.966478227403533348e-03
3.960334873158138057e-03
3.954201033856109826e-03
3.948076694760482667e-03
3.941961841157121289e-03
3.935856458354673390e-03
3.929760531684547975e-03
3.923674046500869386e-03
3.917596988180446944e-03
3.911529342122738520e-03
3.905471093749818875e-03
3.899422228506339762e-03
3.893382731859495668e-03
3.887352589298993452e-03
3.881331786337011581e-03
3.875320308508169772e-03
3.869318141369490829e-03
3.863325270500368551e-03
3.857341681502531733e-03
3.851367360000010343e-03
3.845402291639099090e-03
3.839446462088327069e-03
3.833499857038418293e-03
3.827562462202259604e-03
3.821634263314868576e-03
3.815715246133354922e-03
3.809805396436889702e-03
3.803904700026669323e-03
3.798013142725881718e-03
3.792130710379671213e-03
3.786257388855110342e-03
3.780393164041156041e-03
3.774538021848623196e-03
3.768691948210150817e-03
3.762854929080163436e-03
3.757026950434838586e-03
3.751207998272079042e-03
3.745398058611471188e-03
3.739597117494254663e-03
3.733805160983292432e-03
3.728022175163030454e-03
3.722248146139468198e-03
3.716483060040126976e-03
3.710726903014012219e-03
3.704979661231582681e-03
3.699241320884716615e-03
3.693511868186680550e-03
3.687791289372093287e-03
3.682079570696893817e-03
3.676376698438309654e-03
3.670682658894819980e-03
3.664997438386128747e-03
3.659321023253126089e-03
3.653653399857860126e-03
3.647994554583499239e-03
3.642344473834303875e-03
3.636703144035592725e-03
3.631070551633708027e-03
3.625446683095984342e-03
3.619831524910718194e-03
3.614225063587130343e-03
3.608627285655339762e-03
3.603038177666326777e-03
3.597457726191900969e-03
3.591885917824671256e-03
3.586322739178013797e-03
3.580768176886033830e-03
3.575222217603543987e-03
3.569684848006022225e-03
3.564156054789585810e-03
3.558635824670957487e-03
3.553124144387433386e-03
3.547621000696850498e-03
3.542126380377557619e-03
3.536640270228379353e-03
3.531162657068589658e-03
3.525693527737873683e-03
3.520232869096303913e-03
3.514780668024301141e-03
3.509336911422607144e-03
3.503901586212253023e-03
3.498474679334526681e-03
3.493056177750940728e-03
3.487646068443204291e-03
3.482244338413187455e-03
3.476850974682894370e-03
3.471465964294427695e-03
3.466089294309961707e-03
3.460720951811708038e-03
3.455360923901886622e-03
3.450009197702693167e-03
3.444665760356269667e-03
3.439330599024672305e-03
3.434003700889841099e-03
3.428685053153569546e-03
3.423374643037472957e-03
3.418072457782957239e-03
3.412778484651192001e-03
3.407492710923074562e-03
3.402215123899203063e-03
3.396945710899845240e-03
3.391684459264906765e-03
3.386431356353901759e-03
3.381186389545923297e-03
3.375949546239611319e-03
3.370720813853122274e-03
3.365500179824102225e-03
3.360287631609651295e-03
3.355083156686298942e-03
3.349886742549969699e-03
3.344698376715954987e-03
3.339518046718884057e-03
3.334345740112692764e-03
3.329181444470591476e-03
3.324025147385040787e-03
3.318876836467715957e-03
3.313736499349481321e-03
3.308604123680358201e-03
3.303479697129495414e-03
3.298363207385141081e-03
3.293254642154611837e-03
3.288153989164263775e-03
3.283061236159462524e-03
3.277976370904553318e-03
3.272899381182833248e-03
3.267830254796521769e-03
3.262768979566728605e-03
3.257715543333428165e-03
3.252669933955428319e-03
3.247632139310340470e-03
3.242602147294552234e-03
3.237579945823199253e-03
3.232565522830130929e-03
3.227558866267888314e-03
3.222559964107671142e-03
3.217568804339308343e-03
3.212585374971232022e-03
3.207609664030447536e-03
3.202641659562501398e-03
3.197681349631460029e-03
3.192728722319872030e-03
3.187783765728747359e-03
3.182846467977523946e-03
3.177916817204039929e-03
3.172994801564508506e-03
3.168080409233484974e-03
3.163173628403839841e-03
3.158274447286731502e-03
3.153382854111578919e-03
3.148498837126027360e-03
3.143622384595928451e-03
3.138753484805306779e-03
3.133892126056332141e-03
3.129038296669293517e-03
3.124191984982568285e-03
3.119353179352596199e-03
3.114521868153851628e-03
3.109698039778814073e-03
3.104881682637941707e-03
3.100072785159642321e-03
3.095271335790246436e-03
3.090477322993978246e-03
3.085690735252930462e-03
3.080911560113943487e-03
3.076139787047048497e-03
3.071375404591533340e-03
3.066618402724596848e-03
3.061868768119936288e-03
3.057126489834882579e-03
3.052391556477642397e-03
3.047663956672249166e-03
3.042943679060355466e-03
3.038230712301207871e-03
3.033525045071617469e-03
3.028826666064842691e-03
3.024135563994071341e-03
3.019451727588531777e-03
3.014775145594898904e-03
3.010105806777403463e-03
3.005443699917672001e-03
3.000788813814711693e-03
2.996141137284874783e-03
2.991500659161837761e-03
2.986867368296570579e-03
2.982241253557309322e-03
2.977622303829535397e-03
2.973010508015939534e-03
2.968405855036404875e-03
2.963808333827972711e-03
2.959217933344820365e-03
2.954634642558232570e-03
2.950058450456575446e-03
2.945489346045270483e-03
2.940927318346768515e-03
2.936372356400521536e-03
2.931824449262958841e-03
2.927283586007457545e-03
2.922749755724319155e-03
2.918222947520743120e-03
2.913703150520799076e-03
2.909190353865400824e-03
2.904684546712282909e-03
2.900185718235970701e-03
2.895693857627758272e-03
2.891208954095678477e-03
2.886730996864479530e-03
2.882259975175599856e-03
2.877795878287139029e-03
2.873338695473836527e-03
2.868888416027040502e-03
2.864445029254687400e-03
2.860008524481270735e-03
2.855578891047822008e-03
2.851156118311880348e-03
2.846740195647467359e-03
2.842331112445062400e-03
2.837928858111577000e-03
2.833533422070331435e-03
2.829144793761024807e-03
2.824762962639713795e-03
2.820387918178785761e-03
2.816019649866932737e-03
2.811658147209127132e-03
2.807303399726596583e-03
2.802955396956798798e-03
2.798614128453394672e-03
2.794279583786226599e-03
2.789951752541290284e-03
2.785630624320710024e-03
2.781316188742716591e-03
2.777008435441619041e-03
2.772707354067781294e-03
2.768412934287596983e-03
2.764125165783464736e-03
2.759844038253763017e-03
2.755569541412825844e-03
2.751301664990917634e-03
2.747040398734210218e-03
2.742785732404755088e-03
2.738537655780460406e-03
2.734296158655068025e-03
2.730061230838126164e-03
2.725832862154967291e-03
2.721611042446681668e-03
2.717395761570094367e-03
2.713187009397740549e-03
2.708984775817840744e-03
2.704789050734276567e-03
2.700599824066567730e-03
2.696417085749845156e-03
2.692240825734830163e-03
2.688071033987807570e-03
2.683907700490603156e-03
2.679750815240558495e-03
2.675600368250508412e-03
2.671456349548754963e-03
2.667318749179045309e-03
2.663187557200547440e-03
2.659062763687824148e-03
2.654944358730813078e-03
2.650832332434799408e-03
2.646726674920394599e-03
2.642627376323509938e-03
2.638534426795335723e-03
2.634447816502315676e-03
2.630367535626124825e-03
2.626293574363643048e-03
2.622225922926936428e-03
2.618164571543227757e-03
2.614109510454879198e-03
2.610060729919362783e-03
2.606018220209241343e-03
2.601981971612144211e-03
2.597951974430742945e-03
2.593928218982727903e-03
2.589910695600786995e-03
2.585899394632579663e-03
2.581894306440716928e-03
2.577895421402734075e-03
2.573902729911071129e-03
2.569916222373048141e-03
2.565935889210843937e-03
2.561961720861468360e-03
2.557993707776747092e-03
2.554031840423289998e-03
2.550076109282475509e-03
2.546126504850422436e-03
2.542183017637971755e-03
2.538245638170658850e-03
2.534314356988695734e-03
2.530389164646944158e-03
2.526470051714895231e-03
2.522557008776646435e-03
2.518650026430879502e-03
2.514749095290835703e-03
2.510854205984295456e-03
2.506965349153555348e-03
2.503082515455404711e-03
2.499205695561103075e-03
2.495334880156361516e-03
2.491470059941314034e-03
2.487611225630499343e-03
2.483758367952838744e-03
2.479911477651612281e-03
2.476070545484436621e-03
2.472235562223243366e-03
2.468406518654256941e-03
2.464583405577971172e-03
2.460766213809129771e-03
2.456954934176702049e-03
2.453149557523861667e-03
2.449350074707965386e-03
2.445556476600527912e-03
2.441768754087204982e-03
2.437986898067767780e-03
2.434210899456081250e-03
2.430440749180085014e-03
2.426676438181768220e-03
2.422917957417149160e-03
2.419165297856254448e-03
2.415418450483096044e-03
2.411677406295649560e-03
2.407942156305834750e-03
2.404212691539490358e-03
2.400489003036356331e-03
2.396771081850048671e-03
2.393058919048039919e-03
2.389352505711639200e-03
2.385651832935968379e-03
2.381956891829941237e-03
2.378267673516240490e-03
2.374584169131300441e-03
2.370906369825283126e-03
2.367234266762057067e-03
2.363567851119175584e-03
2.359907114087856847e-03
2.356252046872963930e-03
2.352602640692977917e-03
2.348958886779986197e-03
2.345320776379652104e-03
2.341688300751199308e-03
2.338061451167389691e-03
2.334440218914500369e-03
2.330824595292307205e-03
2.327214571614057929e-03
2.323610139206456950e-03
2.320011289409641079e-03
2.316418013577160005e-03
2.312830303075955052e-03
2.309248149286338789e-03
2.305671543601973354e-03
2.302100477429851362e-03
2.298534942190274231e-03
2.294974929316831360e-03
2.291420430256380179e-03
2.287871436469027502e-03
2.284327939428102208e-03
2.280789930620143961e-03
2.277257401544876322e-03
2.273730343715187237e-03
2.270208748657112120e-03
2.266692607909809570e-03
2.263181913025541850e-03
2.259676655569657546e-03
2.256176827120565543e-03
2.252682419269721147e-03
2.249193423621602232e-03
2.245709831793689729e-03
2.242231635416447235e-03
2.238758826133300638e-03
2.235291395600621199e-03
2.231829335487699965e-03
2.228372637476733024e-03
2.224921293262796789e-03
2.221475294553833246e-03
2.218034633070625240e-03
2.214599300546779993e-03
2.211169288728706984e-03
2.207744589375598872e-03
2.204325194259412844e-03
2.200911095164848931e-03
2.197502283889331796e-03
2.194098752242989916e-03
2.190700492048636497e-03
2.187307495141749530e-03
2.183919753370454006e-03
2.180537258595497199e-03
2.177160002690236955e-03
2.173787977540613935e-03
2.170421175045138176e-03
2.167059587114868267e-03
2.163703205673387937e-03
2.160352022656793040e-03
2.157006030013666840e-03
2.153665219705063090e-03
2.150329583704488692e-03
2.146999113997878541e-03
2.143673802583582946e-03
2.140353641472343780e-03
2.137038622687276266e-03
2.133728738263851628e-03
2.130423980249876274e-03
2.127124340705474018e-03
2.123829811703064393e-03
2.120540385327347038e-03
2.117256053675278717e-03
2.113976808856059004e-03
2.110702642991106864e-03
2.107433548214045910e-03
2.104169516670681417e-03
2.100910540518983408e-03
2.097656611929069742e-03
2.094407723083184427e-03
2.091163866175678107e-03
2.087925033412992449e-03
2.084691217013640626e-03
2.081462409208186936e-03
2.078238602239228586e-03
2.075019788361378778e-03
2.071805959841246329e-03
2.068597108957417451e-03
2.065393228000438845e-03
2.062194309272795574e-03
2.059000345088896327e-03
2.055811327775052162e-03
2.052627249669461331e-03
2.049448103122185859e-03
2.046273880495139835e-03
2.043104574162063827e-03
2.039940176508511435e-03
2.036780679931831078e-03
2.033626076841144308e-03
2.030476359657330202e-03
2.027331520813006709e-03
2.024191552752512436e-03
2.021056447931888003e-03
2.017926198818858693e-03
2.014800797892814504e-03
2.011680237644795401e-03
2.008564510577471370e-03
2.005453609205122036e-03
2.002347526053623646e-03
1.999246253660426961e-03
1.996149784574540766e-03
1.993058111356516265e-03
1.989971226578424526e-03
1.986889122823842172e-03
1.983811792687831862e-03
1.980739228776926680e-03
1.977671423709108454e-03
1.974608370113795607e-03
1.971550060631819742e-03
1.968496487915410466e-03
1.965447644628179336e-03
1.962403523445099916e-03
1.959364117052489994e-03
1.956329418147996838e-03
1.953299419440575509e-03
1.950274113650475854e-03
1.947253493509220603e-03
1.944237551759591493e-03
1.941226281155609967e-03
1.938219674462519828e-03
1.935217724456770975e-03
1.932220423926000324e-03
1.929227765669015758e-03
1.926239742495779433e-03
1.923256347227387825e-03
1.920277572696057859e-03
1.917303411745106953e-03
1.914333857228937624e-03
1.911368902013019493e-03
1.908408538973871502e-03
1.905452760999046952e-03
1.902501560987113986e-03
1.899554931847639979e-03
1.896612866501173542e-03
1.893675357879229335e-03
1.890742398924268345e-03
1.887813982589683567e-03
1.884890101839780925e-03
1.881970749649764310e-03
1.879055919005716930e-03
1.876145602904585917e-03
1.873239794354164328e-03
1.870338486373075313e-03
1.867441671990754774e-03
1.864549344247434662e-03
1.861661496194126283e-03
1.858778120892603603e-03
1.855899211415387197e-03
1.853024760845726473e-03
1.850154762277584491e-03
1.847289208815619315e-03
1.844428093575168834e-03
1.841571409682235365e-03
1.838719150273465924e-03
1.835871308496138561e-03
1.833027877508144800e-03
1.830188850477974024e-03
1.827354220584695692e-03
1.824523981017943299e-03
1.821698124977898974e-03
1.818876645675276569e-03
1.816059536331304965e-03
1.813246790177712236e-03
1.810438400456709394e-03
1.807634360420974119e-03
1.804834663333634067e-03
1.802039302468251255e-03
1.799248271108806014e-03
1.796461562549680514e-03
1.793679170095642279e-03
1.790901087061828574e-03
1.788127306773731450e-03
1.785357822567178870e-03
1.782592627788321272e-03
1.779831715793614866e-03
1.777075079949805162e-03
1.774322713633911565e-03
1.771574610233210686e-03
1.768830763145222027e-03
1.766091165777690418e-03
1.763355811548571487e-03
1.760624693886014532e-03
1.757897806228347556e-03
1.755175142024062310e-03
1.752456694731796506e-03
1.749742457820319510e-03
1.747032424768516943e-03
1.744326589065374206e-03
1.741624944209960646e-03
1.738927483711415027e-03
1.736234201088928623e-03
1.733545089871730898e-03
1.730860143599072601e-03
1.728179355820212097e-03
1.725502720094397808e-03
1.722830229990854117e-03
1.720161879088765540e-03
1.717497660977261109e-03
1.714837569255399635e-03
1.712181597532153000e-03
1.709529739426391857e-03
1.706881988566870878e-03
1.704238338592211407e-03
1.701598783150888453e-03
1.698963315901213774e-03
1.696331930511321131e-03
1.693704620659152197e-03
1.691081380032438989e-03
1.688462202328691293e-03
1.685847081255179535e-03
1.683236010528920464e-03
1.680628983876662199e-03
1.678025995034869693e-03
1.675427037749707389e-03
1.672832105777027293e-03
1.670241192882351627e-03
1.667654292840859385e-03
1.665071399437369638e-03
1.662492506466328301e-03
1.659917607731793178e-03
1.657346697047416828e-03
1.654779768236435073e-03
1.652216815131648565e-03
1.649657831575411949e-03
1.647102811419615424e-03
1.644551748525671956e-03
1.642004636764502531e-03
1.639461470016520322e-03
1.636922242171616818e-03
1.634386947129146854e-03
1.631855578797914309e-03
1.629328131096156916e-03
1.626804597951533047e-03
1.624284973301103486e-03
1.621769251091322332e-03
1.619257425278017044e-03
1.616749489826378250e-03
1.614245438710942620e-03
1.611745265915579201e-03
1.609248965433474673e-03
1.606756531267120340e-03
1.604267957428294998e-03
1.601783237938053878e-03
1.599302366826710863e-03
1.596825338133826128e-03
1.594352145908191831e-03
1.591882784207818017e-03
1.589417247099916353e-03
1.586955528660888640e-03
1.584497622976310978e-03
1.582043524140919243e-03
1.579593226258595639e-03
1.577146723442355040e-03
1.574704009814329375e-03
1.572265079505755486e-03
1.569829926656958214e-03
1.567398545417339559e-03
1.564970929945361982e-03
1.562547074408535608e-03
1.560126972983404787e-03
1.557710619855532047e-03
1.555298009219486599e-03
1.552889135278828509e-03
1.550483992246095687e-03
1.548082574342790011e-03
1.545684875799362579e-03
1.543290890855201570e-03
1.540900613758615974e-03
1.538514038766824110e-03
1.536131160145938652e-03
1.533751972170952545e-03
1.531376469125726204e-03
1.529004645302972773e-03
1.526636495004245545e-03
1.524272012539923003e-03
1.521911192229196677e-03
1.519554028400056395e-03
1.517200515389276194e-03
1.514850647542402172e-03
1.512504419213737527e-03
1.510161824766330201e-03
1.507822858571958779e-03
1.505487515011118835e-03
1.503155788473008831e-03
1.500827673355518196e-03
1.498503164065212792e-03
1.496182255017321260e-03
1.493864940635723088e-03
1.491551215352932783e-03
1.489241073610088817e-03
1.486934509856939089e-03
1.484631518551828141e-03
1.482332094161682625e-03
1.480036231162000027e-03
1.477743924036833273e-03
1.475455167278779452e-03
1.473169955388964423e-03
1.470888282877032618e-03
1.468610144261130353e-03
1.466335534067894760e-03
1.464064446832440570e-03
1.461796877098346442e-03
1.459532819417641743e-03
1.457272268350794618e-03
1.455015218466697248e-03
1.452761664342653702e-03
1.450511600564367365e-03
1.448265021725926409e-03
1.446021922429792514e-03
1.443782297286787209e-03
1.441546140916078866e-03
1.439313447945169463e-03
1.437084213009881799e-03
1.434858430754347783e-03
1.432636095830993900e-03
1.430417202900528427e-03
1.428201746631930580e-03
1.425989721702435563e-03
1.423781122797522416e-03
1.421575944610902094e-03
1.419374181844503370e-03
1.417175829208461562e-03
1.414980881421104000e-03
1.412789333208938972e-03
1.410601179306642276e-03
1.408416414457045298e-03
1.406235033411120695e-03
1.404057030927971777e-03
1.401882401774819055e-03
1.399711140726987236e-03
1.397543242567893295e-03
1.395378702089033682e-03
1.393217514089972395e-03
1.391059673378326885e-03
1.388905174769757868e-03
1.386754013087954356e-03
1.384606183164624124e-03
1.382461679839478309e-03
1.380320497960220785e-03
1.378182632382535808e-03
1.376048077970074999e-03
1.373916829594445206e-03
1.371788882135195706e-03
1.369664230479807803e-03
1.367542869523679858e-03
1.365424794170116236e-03
1.363309999330316463e-03
1.361198479923360696e-03
1.359090230876198666e-03
1.356985247123637965e-03
1.354883523608329957e-03
1.352785055280760016e-03
1.350689837099234084e-03
1.348597864029866091e-03
1.346509131046567552e-03
1.344423633131033467e-03
1.342341365272732350e-03
1.340262322468892568e-03
1.338186499724490410e-03
1.336113892052239903e-03
1.334044494472577842e-03
1.331978302013654475e-03
1.329915309711320482e-03
1.327855512609114842e-03
1.325798905758252899e-03
1.323745484217615743e-03
1.321695243053736110e-03
1.319648177340789277e-03
1.317604282160577886e-03
1.315563552602523915e-03
1.313525983763653288e-03
1.311491570748586329e-03
1.309460308669526275e-03
1.307432192646245392e-03
1.305407217806074790e-03
1.303385379283893142e-03
1.301366672222114109e-03
1.299351091770673981e-03
1.297338633087022136e-03
1.295329291336107594e-03
1.293323061690367527e-03
1.291319939329717064e-03
1.289319919441536070e-03
1.287322997220658946e-03
1.285329167869362276e-03
1.283338426597352465e-03
1.281350768621756196e-03
1.279366189167107639e-03
1.277384683465337609e-03
1.275406246755760985e-03
1.273430874285067177e-03
1.271458561307307108e-03
1.269489303083881941e-03
1.267523094883532889e-03
1.265559931982327985e-03
1.263599809663652545e-03
1.261642723218196586e-03
1.259688667943944856e-03
1.257737639146163386e-03
1.255789632137390820e-03
1.253844642237424752e-03
1.251902664773312185e-03
1.249963695079337606e-03
1.248027728497011274e-03
1.246094760375059248e-03
1.244164786069411680e-03
1.242237800943190446e-03
1.240313800366700915e-03
1.238392779717416986e-03
1.236474734379973709e-03
1.234559659746153415e-03
1.232647551214876604e-03
1.230738404192188934e-03
1.228832214091252120e-03
1.226928976332331564e-03
1.225028686342786608e-03
1.223131339557057733e-03
1.221236931416657019e-03
1.219345457370157306e-03
1.217456912873180483e-03
1.215571293388386428e-03
1.213688594385463251e-03
1.211808811341115151e-03
1.209931939739052010e-03
1.208057975069978980e-03
1.206186912831585644e-03
1.204318748528534089e-03
1.202453477672448716e-03
1.200591095781906696e-03
1.198731598382425179e-03
1.196874981006451752e-03
1.195021239193353596e-03
1.193170368489406431e-03
1.191322364447783885e-03
1.189477222628547307e-03
1.187634938598634057e-03
1.185795507931847745e-03
1.183958926208847828e-03
1.182125189017138329e-03
1.180294291951056564e-03
1.178466230611764903e-03
1.176641000607237539e-03
1.174818597552251169e-03
1.172999017068375666e-03
1.171182254783960635e-03
1.169368306334127392e-03
1.167557167360757471e-03
1.165748833512483080e-03
1.163943300444674747e-03
1.162140563819432856e-03
1.160340619305575728e-03
1.158543462578630291e-03
1.156749089320821674e-03
1.154957495221061933e-03
1.153168675974940074e-03
1.151382627284712728e-03
1.149599344859292011e-03
1.147818824414236199e-03
1.146041061671740401e-03
1.144266052360623986e-03
1.142493792216322558e-03
1.140724276980875813e-03
1.138957502402919300e-03
1.137193464237672711e-03
1.135432158246929904e-03
1.133673580199049151e-03
1.131917725868942506e-03
1.130164591038066921e-03
1.128414171494411446e-03
1.126666463032490731e-03
1.124921461453330922e-03
1.123179162564462950e-03
1.121439562179910813e-03
1.119702656120181820e-03
1.117968440212256404e-03
1.116236910289578142e-03
1.114508062192044648e-03
1.112781891765995219e-03
1.111058394864204322e-03
1.109337567345868372e-03
1.107619405076597924e-03
1.105903903928405962e-03
1.104191059779700097e-03
1.102480868515270636e-03
1.100773326026282563e-03
1.099068428210263825e-03
1.097366170971096231e-03
1.095666550219006339e-03
1.093969561870555265e-03
1.092275201848628063e-03
1.090583466082424612e-03
1.088894350507449644e-03
1.087207851065503418e-03
1.085523963704670882e-03
1.083842684379313429e-03
1.082164009050058055e-03
1.080487933683788255e-03
1.078814454253633828e-03
1.077143566738961123e-03
1.075475267125364795e-03
1.073809551404656098e-03
1.072146415574854426e-03
1.070485855640177994e-03
1.068827867611033206e-03
1.067172447504005986e-03
1.065519591341851369e-03
1.063869295153485042e-03
1.062221554973972939e-03
1.060576366844521914e-03
1.058933726812469767e-03
1.057293630931277224e-03
1.055656075260516871e-03
1.054021055865864706e-03
1.052388568819089074e-03
1.050758610198044380e-03
1.049131176086657647e-03
1.047506262574923741e-03
1.045883865758890632e-03
1.044263981740654618e-03
1.042646606628348403e-03
1.041031736536132853e-03
1.039419367584187241e-03
1.037809495898699488e-03
1.036202117611858360e-03
1.034597228861841968e-03
1.032994825792810187e-03
1.031394904554895327e-03
1.029797461304191725e-03
1.028202492202747939e-03
1.026609993418556126e-03
1.025019961125544230e-03
1.023432391503564928e-03
1.021847280738388906e-03
1.020264625021694016e-03
1.018684420551055955e-03
1.017106663529940454e-03
1.015531350167692875e-03
1.013958476679529749e-03
1.012388039286529458e-03
1.010820034215623772e-03
1.009254457699587226e-03
1.007691305977030400e-03
1.006130575292388425e-03
1.004572261895913393e-03
1.003016362043665684e-03
1.001462871997503990e-03
9.999117880250764281e-04
9.983631063998125131e-04
9.968168234009125352e-04
9.952729353133408369e-04
9.937314384278145372e-04
9.921923290407959426e-04
9.906556034544847407e-04
9.891212579768065075e-04
9.875892889214049012e-04
9.860596926076345067e-04
9.845324653605495597e-04
9.830076035108965739e-04
9.814851033951043670e-04
9.799649613552769041e-04
9.784471737391824565e-04
9.769317369002466622e-04
9.754186471975438526e-04
9.739079009957858852e-04
9.723994946653156382e-04
9.708934245820981202e-04
9.693896871277107126e-04
9.678882786893353626e-04
9.663891956597495852e-04
9.648924344373180058e-04
9.633979914259829282e-04
9.619058630352569613e-04
9.604160456802134788e-04
9.589285357814779451e-04
9.574433297652203264e-04
9.559604240631451155e-04
9.544798151124838509e-04
9.530014993559860099e-04
9.515254732419105516e-04
9.500517332240176766e-04
9.485802757615598288e-04
9.471110973192732379e-04
9.456441943673703308e-04
9.441795633815298645e-04
9.427172008428891204e-04
9.412571032380357729e-04
9.397992670589992150e-04
9.383436888032417773e-04
9.368903649736504873e-04
9.354392920785291549e-04
9.339904666315895906e-04
9.325438851519427148e-04
9.310995441640909686e-04
9.296574401979200734e-04
9.282175697886898159e-04
9.267799294770265664e-04
9.253445158089143889e-04
9.239113253356872344e-04
9.224803546140201592e-04
9.210516002059215184e-04
9.196250586787244009e-04
9.182007266050786062e-04
9.167786005629418623e-04
9.153586771355726702e-04
9.139409529115209794e-04
9.125254244846202735e-04
9.111120884539801977e-04
9.097009414239770175e-04
9.082919800042468968e-04
9.068852008096767907e-04
9.054806004603964224e-04
9.040781755817703684e-04
9.026779228043901437e-04
9.012798387640656370e-04
8.998839201018173041e-04
8.984901634638680365e-04
8.970985655016352469e-04
8.957091228717226289e-04
8.943218322359118089e-04
8.929366902611551903e-04
8.915536936195676051e-04
8.901728389884176404e-04
8.887941230501203741e-04
8.874175424922294605e-04
8.860430940074287814e-04
8.846707742935245320e-04
8.833005800534375227e-04
8.819325079951951564e-04
8.805665548319235132e-04
8.792027172818390026e-04
8.778409920682417496e-04
8.764813759195061622e-04
8.751238655690743180e-04
8.737684577554471815e-04
8.724151492221775576e-04
8.710639367178616343e-04
8.697148169961313935e-04
8.683677868156471297e-04
8.670228429400893191e-04
8.656799821381504874e-04
8.643392011835287049e-04
8.630004968549179374e-04
8.616638659360021909e-04
8.603293052154466214e-04
8.589968114868903794e-04
8.576663815489383698e-04
8.563380122051540960e-04
8.550117002640516368e-04
8.536874425390882743e-04
8.523652358486566872e-04
8.510450770160768192e-04
8.497269628695893742e-04
8.484108902423470339e-04
8.470968559724076277e-04
8.457848569027261090e-04
8.444748898811472917e-04
8.431669517603977183e-04
8.418610393980789381e-04
8.405571496566593753e-04
8.392552794034666315e-04
8.379554255106808720e-04
8.366575848553259353e-04
8.353617543192630446e-04
8.340679307891828934e-04
8.327761111565979476e-04
8.314862923178349642e-04
8.301984711740283780e-04
8.289126446311115195e-04
8.276288095998100012e-04
8.263469629956345618e-04
8.250671017388729349e-04
8.237892227545825846e-04
8.225133229725840921e-04
8.212393993274524819e-04
8.199674487585110420e-04
8.186974682098236257e-04
8.174294546301864124e-04
8.161634049731222688e-04
8.148993161968716425e-04
8.136371852643869236e-04
8.123770091433237710e-04
8.111187848060346078e-04
8.098625092295611396e-04
8.086081793956270908e-04
8.073557922906308320e-04
8.061053449056384407e-04
8.048568342363760040e-04
8.036102572832228962e-04
8.023656110512042980e-04
8.011228925499842574e-04
7.998820987938579921e-04
7.986432268017452756e-04
7.974062735971827395e-04
7.961712362083173686e-04
7.949381116678988024e-04
7.937068970132723968e-04
7.924775892863722849e-04
7.912501855337140044e-04
7.900246828063874505e-04
7.888010781600499370e-04
7.875793686549191486e-04
7.863595513557652267e-04
7.851416233319056734e-04
7.839255816571962443e-04
7.827114234100246599e-04
7.814991456733043178e-04
7.802887455344661603e-04
7.790802200854522784e-04
7.778735664227089727e-04
7.766687816471793803e-04
7.754658628642969705e-04
7.742648071839783883e-04
7.730656117206160822e-04
7.718682735930723409e-04
7.706727899246714874e-04
7.694791578431932648e-04
7.682873744808662230e-04
7.670974369743602380e-04
7.659093424647801145e-04
7.647230880976587557e-04
7.635386710229497909e-04
7.623560883950212868e-04
7.611753373726485921e-04
7.599964151190077236e-04
7.588193188016678853e-04
7.576440455925859390e-04
7.564705926680985980e-04
7.552989572089157050e-04
7.541291364001138356e-04
7.529611274311294672e-04
7.517949274957517157e-04
7.506305337921166968e-04
7.494679435226996120e-04
7.483071538943084598e-04
7.471481621180777475e-04
7.459909654094612269e-04
7.448355609882252809e-04
7.436819460784427436e-04
7.425301179084853103e-04
7.413800737110179005e-04
7.402318107229916098e-04
7.390853261856362294e-04
7.379406173444551503e-04
7.367976814492178820e-04
7.356565157539531139e-04
7.345171175169429691e-04
7.333794840007159567e-04
7.322436124720401417e-04
7.311095002019169647e-04
7.299771444655750625e-04
7.288465425424625697e-04
7.277176917162415893e-04
7.265905892747812544e-04
7.254652325101514391e-04
7.243416187186160369e-04
7.232197452006265638e-04
7.220996092608152192e-04
7.209812082079896821e-04
7.198645393551250877e-04
7.187496000193584981e-04
7.176363875219823971e-04
7.165248991884377514e-04
7.154151323483083722e-04
7.143070843353137604e-04
7.132007524873030342e-04
7.120961341462486412e-04
7.109932266582396363e-04
7.098920273734757183e-04
7.087925336462602916e-04
7.076947428349950444e-04
7.065986523021724683e-04
7.055042594143703287e-04
7.044115615422449428e-04
7.033205560605253247e-04
7.022312403480060299e-04
7.011436117875420593e-04
7.000576677660411617e-04
6.989734056744587379e-04
6.978908229077910100e-04
6.968099168650689502e-04
6.957306849493519922e-04
6.946531245677217432e-04
6.935772331312754779e-04
6.925030080551205017e-04
6.914304467583678613e-04
6.903595466641254067e-04
6.892903051994921527e-04
6.882227197955528581e-04
6.871567878873697860e-04
6.860925069139792339e-04
6.850298743183828604e-04
6.839688875475429149e-04
6.829095440523764906e-04
6.818518412877478275e-04
6.807957767124636498e-04
6.797413477892664440e-04
6.786885519848281706e-04
6.776373867697450598e-04
6.765878496185303475e-04
6.755399380096089625e-04
6.744936494253115635e-04
6.734489813518677089e-04
6.724059312794007605e-04
6.713644967019213785e-04
6.703246751173212335e-04
6.692864640273676934e-04
6.682498609376972100e-04
6.672148633578093560e-04
6.661814688010615120e-04
6.651496747846623618e-04
6.641194788296654952e-04
6.630908784609643126e-04
6.620638712072858447e-04
6.610384546011841391e-04
6.600146261790355981e-04
6.589923834810317146e-04
6.579717240511739765e-04
6.569526454372676865e-04
6.559351451909165411e-04
6.549192208675158004e-04
6.539048700262473004e-04
6.528920902300732734e-04
6.518808790457301678e-04
6.508712340437236609e-04
6.498631527983219367e-04
6.488566328875500482e-04
6.478516718931843880e-04
6.468482674007471588e-04
6.458464169994993257e-04
6.448461182824362804e-04
6.438473688462814431e-04
6.428501662914799753e-04
6.418545082221936834e-04
6.408603922462954893e-04
6.398678159753631422e-04
6.388767770246732555e-04
6.378872730131963193e-04
6.368993015635901955e-04
6.359128603021952384e-04
6.349279468590283320e-04
6.339445588677762762e-04
6.329626939657915586e-04
6.319823497940855236e-04
6.310035239973236024e-04
6.300262142238186990e-04
6.290504181255265285e-04
6.280761333580392198e-04
6.271033575805803287e-04
6.261320884559981158e-04
6.251623236507613179e-04
6.241940608349528597e-04
6.232272976822636739e-04
6.222620318699884729e-04
6.212982610790189182e-04
6.203359829938390668e-04
6.193751953025183237e-04
6.184158956967081896e-04
6.174580818716342377e-04
6.165017515260919935e-04
6.155469023624418395e-04
6.145935320866017506e-04
6.136416384080436081e-04
6.126912190397864775e-04
6.117422716983915128e-04
6.107947941039568607e-04
6.098487839801114809e-04
6.089042390540101582e-04
6.079611570563280823e-04
6.070195357212546669e-04
6.060793727864892139e-04
6.051406659932347326e-04
6.042034130861926276e-04
6.032676118135574944e-04
6.023332599270112648e-04
6.014003551817185449e-04
6.004688953363203265e-04
5.995388781529293254e-04
5.986103013971244514e-04
5.976831628379450628e-04
5.967574602478861951e-04
5.958331914028922732e-04
5.949103540823532082e-04
5.939889460690975665e-04
5.930689651493881252e-04
5.921504091129163420e-04
5.912332757527971518e-04
5.903175628655633281e-04
5.894032682511606046e-04
5.884903897129421455e-04
5.875789250576633413e-04
5.866688720954764966e-04
5.857602286399255171e-04
5.848529925079409223e-04
5.839471615198340996e-04
5.830427334992927500e-04
5.821397062733750342e-04
5.812380776725045847e-04
5.803378455304655185e-04
5.794390076843969079e-04
5.785415619747876848e-04
5.776455062454716530e-04
5.767508383436214170e-04
5.758575561197451292e-04
5.749656574276792260e-04
5.740751401245841991e-04
5.731860020709399336e-04
5.722982411305394196e-04
5.714118551704846323e-04
5.705268420611808939e-04
5.696431996763321034e-04
5.687609258929348819e-04
5.678800185912746693e-04
5.670004756549193274e-04
5.661222949707151288e-04
5.652454744287811186e-04
5.643700119225038021e-04
5.634959053485332414e-04
5.626231526067766589e-04
5.617517516003935583e-04
5.608817002357920382e-04
5.600129964226219616e-04
5.591456380737713783e-04
5.582796231053602362e-04
5.574149494367366953e-04
5.565516149904710559e-04
5.556896176923510969e-04
5.548289554713775216e-04
5.539696262597586457e-04
5.531116279929050843e-04
5.522549586094253069e-04
5.513996160511203245e-04
5.505455982629793533e-04
5.496929031931742848e-04
5.488415287930543734e-04
5.479914730171428754e-04
5.471427338231300017e-04
5.462953091718702071e-04
5.454491970273752516e-04
5.446043953568107309e-04
5.437609021304909808e-04
5.429187153218734390e-04
5.420778329075546338e-04
5.412382528672650883e-04
5.403999731838636826e-04
5.395629918433340758e-04
5.387273068347795020e-04
5.378929161504169155e-04
5.370598177855735213e-04
5.362280097386813542e-04
5.353974900112720746e-04
5.345682566079734991e-04
5.337403075365030952e-04
5.329136408076642949e-04
5.320882544353413993e-04
5.312641464364949162e-04
5.304413148311566814e-04
5.296197576424251964e-04
5.287994728964606414e-04
5.279804586224804298e-04
5.271627128527545461e-04
5.263462336226000168e-04
5.255310189703778743e-04
5.247170669374862182e-04
5.239043755683575046e-04
5.230929429104524747e-04
5.222827670142562518e-04
5.214738459332734621e-04
5.206661777240233560e-04
5.198597604460352545e-04
5.190545921618441036e-04
5.182506709369854875e-04
5.174479948399911830e-04
5.166465619423843891e-04
5.158463703186750649e-04
5.150474180463558097e-04
5.142497032058963337e-04
5.134532238807397713e-04
5.126579781572974774e-04
5.118639641249443650e-04
5.110711798760151107e-04
5.102796235057986251e-04
5.094892931125337161e-04
5.087001867974051857e-04
5.079123026645383007e-04
5.071256388209949978e-04
5.063401933767687881e-04
5.055559644447806368e-04
5.047729501408743016e-04
5.039911485838114531e-04
5.032105578952676640e-04
5.024311761998277465e-04
5.016530016249811990e-04
5.008760323011174354e-04
5.001002663615217734e-04
4.993257019423707728e-04
4.985523371827276819e-04
4.977801702245379916e-04
4.970091992126248826e-04
4.962394222946848879e-04
4.954708376212834482e-04
4.947034433458503576e-04
4.939372376246758609e-04
4.931722186169051241e-04
4.924083844845348733e-04
4.916457333924085160e-04
4.908842635082116953e-04
4.901239730024679539e-04
4.893648600485345050e-04
4.886069228225976791e-04
4.878501595036682618e-04
4.870945682735778617e-04
4.863401473169738686e-04
4.855868948213152257e-04
4.848348089768684719e-04
4.840838879767028627e-04
4.833341300166861965e-04
4.825855332954808027e-04
4.818380960145387170e-04
4.810918163780978870e-04
4.803466925931771303e-04
4.796027228695726652e-04
4.788599054198532318e-04
4.781182384593560806e-04
4.773777202061823643e-04
4.766383488811932350e-04
4.759001227080056156e-04
4.751630399129872125e-04
4.744270987252532630e-04
4.736922973766614941e-04
4.729586341018081645e-04
4.722261071380239451e-04
4.714947147253695822e-04
4.707644551066315604e-04
4.700353265273179287e-04
4.693073272356541805e-04
4.685804554825790790e-04
4.678547095217402128e-04
4.671300876094900377e-04
4.664065880048815405e-04
4.656842089696642270e-04
4.649629487682797315e-04
4.642428056678578590e-04
4.635237779382123027e-04
4.628058638518361989e-04
4.620890616838987659e-04
4.613733697122403168e-04
4.606587862173686814e-04
4.599453094824547069e-04
4.592329377933284090e-04
4.585216694384747975e-04
4.578115027090294857e-04
4.571024358987749495e-04
4.563944673041363535e-04
4.556875952241772141e-04
4.549818179605956588e-04
4.542771338177199812e-04
4.535735411025049548e-04
4.528710381245275502e-04
4.521696231959828152e-04
4.514692946316799173e-04
4.507700507490380783e-04
4.500718898680826168e-04
4.493748103114407195e-04
4.486788104043374845e-04
4.479838884745920174e-04
4.472900428526134205e-04
4.465972718713965639e-04
4.459055738665181827e-04
4.452149471761328108e-04
4.445253901409692578e-04
4.438369011043258382e-04
4.431494784120670102e-04
4.424631204126191477e-04
4.417778254569665287e-04
4.410935918986475402e-04
4.404104180937507213e-04
4.397283024009104803e-04
4.390472431813036256e-04
4.383672387986451910e-04
4.376882876191843163e-04
4.370103880117008318e-04
4.363335383475007044e-04
4.356577370004127312e-04
4.349829823467842569e-04
4.343092727654772702e-04
4.336366066378645554e-04
4.329649823478263311e-04
4.322943982817453712e-04
4.316248528285037528e-04
4.309563443794790609e-04
4.302888713285402144e-04
4.296224320720436717e-04
4.289570250088297980e-04
4.282926485402189089e-04
4.276293010700070950e-04
4.269669810044630248e-04
4.263056867523235525e-04
4.256454167247901411e-04
4.249861693355249585e-04
4.243279430006472461e-04
4.236707361387294151e-04
4.230145471707929812e-04
4.223593745203052573e-04
4.217052166131752340e-04
4.210520718777498389e-04
4.203999387448103045e-04
4.197488156475682108e-04
4.190987010216617992e-04
4.184495933051523404e-04
4.178014909385200683e-04
4.171543923646608195e-04
4.165082960288820756e-04
4.158632003788991145e-04
4.152191038648317032e-04
4.145760049391995989e-04
4.139339020569197838e-04
4.132927936753021830e-04
4.126526782540459776e-04
4.120135542552360816e-04
4.113754201433392384e-04
4.107382743852005516e-04
4.101021154500397443e-04
4.094669418094473105e-04
4.088327519373810993e-04
4.081995443101624123e-04
4.075673174064724799e-04
4.069360697073489915e-04
4.063057996961818132e-04
4.056765058587100061e-04
4.050481866830181400e-04
4.044208406595320654e-04
4.037944662810159313e-04
4.031690620425683910e-04
4.025446264416186444e-04
4.019211579779232942e-04
4.012986551535626051e-04
4.006771164729366007e-04
4.000565404427619738e-04
3.994369255720681827e-04
3.988182703721937115e-04
3.982005733567831420e-04
3.975838330417826548e-04
3.969680479454372100e-04
3.963532165882869152e-04
3.957393374931629060e-04
3.951264091851844720e-04
3.945144301917551544e-04
3.939033990425592764e-04
3.932933142695582023e-04
3.926841744069873024e-04
3.920759779913522117e-04
3.914687235614249276e-04
3.908624096582408278e-04
3.902570348250949299e-04
3.896525976075384222e-04
3.890490965533751938e-04
3.884465302126583115e-04
3.878448971376863871e-04
3.872441958830006507e-04
3.866444250053806676e-04
3.860455830638415196e-04
3.854476686196299561e-04
3.848506802362213039e-04
3.842546164793155645e-04
3.836594759168345404e-04
3.830652571189176615e-04
3.824719586579192741e-04
3.818795791084046839e-04
3.812881170471470660e-04
3.806975710531238324e-04
3.801079397075133801e-04
3.795192215936914583e-04
3.789314152972280791e-04
3.783445194058839933e-04
3.777585325096068959e-04
3.771734532005288241e-04
3.765892800729621456e-04
3.760060117233961978e-04
3.754236467504945768e-04
3.748421837550908555e-04
3.742616213401858726e-04
3.736819581109441005e-04
3.731031926746903389e-04
3.725253236409064618e-04
3.719483496212280024e-04
3.713722692294406835e-04
3.707970810814774365e-04
3.702227837954146601e-04
3.696493759914691851e-04
3.690768562919949131e-04
3.685052233214794015e-04
3.679344757065407191e-04
3.673646120759239226e-04
3.667956310604979665e-04
3.662275312932523961e-04
3.656603114092938788e-04
3.650939700458431130e-04
3.645285058422315766e-04
3.639639174398981111e-04
3.634002034823856147e-04
3.628373626153380614e-04
3.622753934864970308e-04
3.617142947456984019e-04
3.611540650448694253e-04
3.605947030380249828e-04
3.600362073812648773e-04
3.594785767327701460e-04
3.589218097528004583e-04
3.583659051036899965e-04
3.578108614498451781e-04
3.572566774577406448e-04
3.567033517959167688e-04
3.561508831349758579e-04
3.555992701475792824e-04
3.550485115084443311e-04
3.544986058943407417e-04
3.539495519840878818e-04
3.534013484585510627e-04
3.528539940006392085e-04
3.523074872953006818e-04
3.517618270295208983e-04
3.512170118923187492e-04
3.506730405747437822e-04
3.501299117698727318e-04
3.495876241728065924e-04
3.490461764806671485e-04
3.485055673925945897e-04
3.479657956097434446e-04
3.474268598352801959e-04
3.468887587743798109e-04
3.463514911342225971e-04
3.458150556239914918e-04
3.452794509548682677e-04
3.447446758400311471e-04
3.442107289946513327e-04
3.436776091358898638e-04
3.431453149828949051e-04
3.426138452567982777e-04
3.420831986807123691e-04
3.415533739797276935e-04
3.410243698809089347e-04
3.404961851132925067e-04
3.399688184078834092e-04
3.394422684976517585e-04
3.389165341175302934e-04
3.383916140044113401e-04
3.378675068971430167e-04
3.373442115365272282e-04
3.368217266653158711e-04
3.363000510282081234e-04
3.357791833718474627e-04
3.352591224448185766e-04
3.347398669976444350e-04
3.342214157827829834e-04
3.337037675546245950e-04
3.331869210694888726e-04
3.326708750856215580e-04
3.321556283631917138e-04
3.316411796642885243e-04
3.311275277529186940e-04
3.306146713950030322e-04
3.301026093583740674e-04
3.295913404127723072e-04
3.290808633298438531e-04
3.285711768831375812e-04
3.280622798481014021e-04
3.275541710020803089e-04
3.270468491243125287e-04
3.265403129959275710e-04
3.260345613999422699e-04
3.255295931212586163e-04
3.250254069466603966e-04
3.245220016648105903e-04
3.240193760662482265e-04
3.235175289433855645e-04
3.230164590905053291e-04
3.225161653037575665e-04
3.220166463811568254e-04
3.215179011225793924e-04
3.210199283297603102e-04
3.205227268062905586e-04
3.200262953576140735e-04
3.195306327910248730e-04
3.190357379156645644e-04
3.185416095425187659e-04
3.180482464844148842e-04
3.175556475560191330e-04
3.170638115738333342e-04
3.165727373561925875e-04
3.160824237232619086e-04
3.155928694970339533e-04
3.151040735013257640e-04
3.146160345617760598e-04
3.141287515058424715e-04
3.136422231627986144e-04
3.131564483637313233e-04
3.126714259415381051e-04
3.121871547309237774e-04
3.117036335683981375e-04
3.112208612922730895e-04
3.107388367426597168e-04
3.102575587614654629e-04
3.097770261923916382e-04
3.092972378809302758e-04
3.088181926743616373e-04
3.083398894217513403e-04
3.078623269739474847e-04
3.073855041835780511e-04
3.069094199050480818e-04
3.064340729945371324e-04
3.059594623099959657e-04
3.054855867111445455e-04
3.050124450594686215e-04
3.045400362182174524e-04
3.040683590524008244e-04
3.035974124287865576e-04
3.031271952158975241e-04
3.026577062840089924e-04
3.021889445051462414e-04
3.017209087530812539e-04
3.012535979033304401e-04
3.007870108331519806e-04
3.003211464215427913e-04
2.998560035492361920e-04
2.993915810986988164e-04
2.989278779541283356e-04
2.984648930014505304e-04
2.980026251283167437e-04
2.975410732241011154e-04
2.970802361798978181e-04
2.966201128885187261e-04
2.961607022444902705e-04
2.957020031440513804e-04
2.952440144851502832e-04
2.947867351674421745e-04
2.943301640922865075e-04
2.938743001627442276e-04
2.934191422835753338e-04
2.929646893612361676e-04
2.925109403038766488e-04
2.920578940213379437e-04
2.916055494251494845e-04
2.911539054285267459e-04
2.907029609463682098e-04
2.902527148952531422e-04
2.898031661934389377e-04
2.893543137608581371e-04
2.889061565191162594e-04
2.884586933914890373e-04
2.880119233029199231e-04
2.875658451800173240e-04
2.871204579510522174e-04
2.866757605459553855e-04
2.862317518963151930e-04
2.857884309353744975e-04
2.853457965980285343e-04
2.849038478208221529e-04
2.844625835419471597e-04
2.840220027012402585e-04
2.835821042401798523e-04
2.831428871018838744e-04
2.827043502311071322e-04
2.822664925742390308e-04
2.818293130793006994e-04
2.813928106959423894e-04
2.809569843754414144e-04
2.805218330706991687e-04
2.800873557362391214e-04
2.796535513282037266e-04
2.792204188043522547e-04
2.787879571240581365e-04
2.783561652483067402e-04
2.779250421396924986e-04
2.774945867624166863e-04
2.770647980822848176e-04
2.766356750667041528e-04
2.762072166846813131e-04
2.757794219068197871e-04
2.753522897053173281e-04
2.749258190539634610e-04
2.745000089281372595e-04
2.740748583048049068e-04
2.736503661625167136e-04
2.732265314814053296e-04
2.728033532431827619e-04
2.723808304311384231e-04
2.719589620301362046e-04
2.715377470266124157e-04
2.711171844085730740e-04
2.706972731655915196e-04
2.702780122888064096e-04
2.698594007709185193e-04
2.694414376061890623e-04
2.690241217904367627e-04
2.686074523210356868e-04
2.681914281969128579e-04
2.677760484185458170e-04
2.673613119879599659e-04
2.669472179087265624e-04
2.665337651859600631e-04
2.661209528263159554e-04
2.657087798379881554e-04
2.652972452307066770e-04
2.648863480157353004e-04
2.644760872058690791e-04
2.640664618154322791e-04
2.636574708602757236e-04
2.632491133577744068e-04
2.628413883268252717e-04
2.624342947878448252e-04
2.620278317627669148e-04
2.616219982750399645e-04
2.612167933496251310e-04
2.608122160129935940e-04
2.604082652931243871e-04
2.600049402195020128e-04
2.596022398231141661e-04
2.592001631364494025e-04
2.587987091934945911e-04
2.583978770297329082e-04
2.579976656821416151e-04
2.575980741891890761e-04
2.571991015908332953e-04
2.568007469285187722e-04
2.564030092451751461e-04
2.560058875852139985e-04
2.556093809945270091e-04
2.552134885204838423e-04
2.548182092119293278e-04
2.544235421191815092e-04
2.540294862940294758e-04
2.536360407897308143e-04
2.532432046610093865e-04
2.528509769640532152e-04
2.524593567565120442e-04
2.520683430974952248e-04
2.516779350475693302e-04
2.512881316687559869e-04
2.508989320245294356e-04
2.505103351798145797e-04
2.501223402009845453e-04
2.497349461558584049e-04
2.493481521136992258e-04
2.489619571452113592e-04
2.485763603225385975e-04
2.481913607192617346e-04
2.478069574103965601e-04
2.474231494723913116e-04
2.470399359831247773e-04
2.466573160219038565e-04
2.462752886694615537e-04
2.458938530079545393e-04
2.455130081209610355e-04
2.451327530934788103e-04
2.447530870119226840e-04
2.443740089641224149e-04
2.439955180393204497e-04
2.436176133281701885e-04
2.432402939227331392e-04
2.428635589164771826e-04
2.424874074042741325e-04
2.421118384823977578e-04
2.417368512485216136e-04
2.413624448017165748e-04
2.409886182424491555e-04
2.406153706725788798e-04
2.402427011953564117e-04
2.398706089154213053e-04
2.394990929387999176e-04
2.391281523729031047e-04
2.387577863265242433e-04
2.383879939098370617e-04
2.380187742343933637e-04
2.376501264131211037e-04
2.372820495603221371e-04
2.369145427916699706e-04
2.365476052242079460e-04
2.361812359763468554e-04
2.358154341678629618e-04
2.354501989198957502e-04
2.350855293549459753e-04
2.347214245968734124e-04
2.343578837708949595e-04
2.339949060035822256e-04
2.336324904228596596e-04
2.332706361580024639e-04
2.329093423396343717e-04
2.325486080997256138e-04
2.321884325715908317e-04
2.318288148898871260e-04
2.314697541906116714e-04
2.311112496110999544e-04
2.307533002900235240e-04
2.303959053673880128e-04
2.300390639845309687e-04
2.296827752841199032e-04
2.293270384101501775e-04
2.289718525079428879e-04
2.286172167241429416e-04
2.282631302067168614e-04
2.279095921049509147e-04
2.275566015694488920e-04
2.272041577521301270e-04
2.268522598062276273e-04
2.265009068862857159e-04
2.261500981481582423e-04
2.257998327490064682e-04
2.254501098472971431e-04
2.251009286028002277e-04
2.247522881765871860e-04
2.244041877310287898e-04
2.240566264297931673e-04
2.237096034378437430e-04
2.233631179214372862e-04
2.230171690481217968e-04
2.226717559867347435e-04
2.223268779074008138e-04
2.219825339815300171e-04
2.216387233818157057e-04
2.212954452822326777e-04
2.209526988580349269e-04
2.206104832857539897e-04
2.202687977431966142e-04
2.199276414094432147e-04
2.195870134648454869e-04
2.192469130910246460e-04
2.189073394708694750e-04
2.185682917885342375e-04
2.182297692294368893e-04
2.178917709802569635e-04
2.175542962289337009e-04
2.172173441646640165e-04
2.168809139779007112e-04
2.165450048603503842e-04
2.162096160049715088e-04
2.158747466059725078e-04
2.155403958588099106e-04
2.152065629601862930e-04
2.148732471080483798e-04
2.145404475015851205e-04
2.142081633412257376e-04
2.138763938286379921e-04
2.135451381667259878e-04
2.132143955596284637e-04
2.128841652127167069e-04
2.125544463325927907e-04
2.122252381270876777e-04
2.118965398052591320e-04
2.115683505773900122e-04
2.112406696549863465e-04
2.109134962507753272e-04
2.105868295787035487e-04
2.102606688539349208e-04
2.099350132928491772e-04
2.096098621130394908e-04
2.092852145333109831e-04
2.089610697736786092e-04
2.086374270553654239e-04
2.083142856008007382e-04
2.079916446336180322e-04
2.076695033786533830e-04
2.073478610619433236e-04
2.070267169107232704e-04
2.067060701534253282e-04
2.063859200196767449e-04
2.060662657402979327e-04
2.057471065473005713e-04
2.054284416738858183e-04
2.051102703544425477e-04
2.047925918245452901e-04
2.044754053209526601e-04
2.041587100816052969e-04
2.038425053456241834e-04
2.035267903533087488e-04
2.032115643461350528e-04
2.028968265667540510e-04
2.025825762589895614e-04
2.022688126678366660e-04
2.019555350394598128e-04
2.016427426211909188e-04
2.013304346615277978e-04
2.010186104101320732e-04
2.007072691178275791e-04
2.003964100365984355e-04
2.000860324195873410e-04
1.997761355210937294e-04
1.994667185965720080e-04
1.991577809026296602e-04
1.988493216970257005e-04
1.985413402386686146e-04
1.982338357876147600e-04
1.979268076050665233e-04
1.976202549533705307e-04
1.973141770960159136e-04
1.970085732976326282e-04
1.967034428239893950e-04
1.963987849419922087e-04
1.960945989196825488e-04
1.957908840262355095e-04
1.954876395319580921e-04
1.951848647082874972e-04
1.948825588277893091e-04
1.945807211641557605e-04
1.942793509922040795e-04
1.939784475878745650e-04
1.936780102282290418e-04
1.933780381914490174e-04
1.930785307568338928e-04
1.927794872047993639e-04
1.924809068168756591e-04
1.921827888757057237e-04
1.918851326650435930e-04
1.915879374697526314e-04
1.912912025758038237e-04
1.909949272702740413e-04
1.906991108413443341e-04
1.904037525782983041e-04
1.901088517715202085e-04
1.898144077124934686e-04
1.895204196937988537e-04
1.892268870091127196e-04
1.889338089532054902e-04
1.886411848219398150e-04
1.883490139122688881e-04
1.880572955222348220e-04
1.877660289509670215e-04
1.874752134986802589e-04
1.871848484666732378e-04
1.868949331573268311e-04
1.866054668741024003e-04
1.863164489215400068e-04
1.860278786052570296e-04
1.857397552319462136e-04
1.854520781093740704e-04
1.851648465463793603e-04
1.848780598528712495e-04
1.845917173398277920e-04
1.843058183192941406e-04
1.840203621043810290e-04
1.837353480092630375e-04
1.834507753491769119e-04
1.831666434404200731e-04
1.828829516003488279e-04
1.825996991473767159e-04
1.823168854009729644e-04
1.820345096816609160e-04
1.817525713110161589e-04
1.814710696116651170e-04
1.811900039072832612e-04
1.809093735225937268e-04
1.806291777833653894e-04
1.803494160164114009e-04
1.800700875495876176e-04
1.797911917117908653e-04
1.795127278329574489e-04
1.792346952440613628e-04
1.789570932771129906e-04
1.786799212651570717e-04
1.784031785422715631e-04
1.781268644435656879e-04
1.778509783051784984e-04
1.775755194642772504e-04
1.773004872590558032e-04
1.770258810287330211e-04
1.767517001135512011e-04
1.764779438547744734e-04
1.762046115946872568e-04
1.759317026765926865e-04
1.756592164448109335e-04
1.753871522446776867e-04
1.751155094225426893e-04
1.748442873257679772e-04
1.745734853027264147e-04
1.743031027028001773e-04
1.740331388763790438e-04
1.737635931748589865e-04
1.734944649506405456e-04
1.732257535571272294e-04
1.729574583487241053e-04
1.726895786808360102e-04
1.724221139098662504e-04
1.721550633932148388e-04
1.718884264892771947e-04
1.716222025574423813e-04
1.713563909580916153e-04
1.710909910525969387e-04
1.708260022033192673e-04
1.705614237736072789e-04
1.702972551277957337e-04
1.700334956312037657e-04
1.697701446501335824e-04
1.695072015518689194e-04
1.692446657046734685e-04
1.689825364777893326e-04
1.687208132414355080e-04
1.684594953668064744e-04
1.681985822260706237e-04
1.679380731923686601e-04
1.676779676398123262e-04
1.674182649434825603e-04
1.671589644794283305e-04
1.669000656246649272e-04
1.666415677571726078e-04
1.663834702558948892e-04
1.661257725007373549e-04
1.658684738725658395e-04
1.656115737532052625e-04
1.653550715254378670e-04
1.650989665730018914e-04
1.648432582805900784e-04
1.645879460338480762e-04
1.643330292193731913e-04
1.640785072247126540e-04
1.638243794383623987e-04
1.635706452497653288e-04
1.633173040493101247e-04
1.630643552283295627e-04
1.628117981790991060e-04
1.625596322948355760e-04
1.623078569696954454e-04
1.620564715987737262e-04
1.618054755781021543e-04
1.615548683046479962e-04
1.613046491763124232e-04
1.610548175919291833e-04
1.608053729512631911e-04
1.605563146550089023e-04
1.603076421047890121e-04
1.600593547031531273e-04
1.598114518535759775e-04
1.595639329604564116e-04
1.593167974291156096e-04
1.590700446657958083e-04
1.588236740776590274e-04
1.585776850727852805e-04
1.583320770601715183e-04
1.580868494497298662e-04
1.578420016522865950e-04
1.575975330795803585e-04
1.573534431442609742e-04
1.571097312598879864e-04
1.568663968409291214e-04
1.566234393027590949e-04
1.563808580616580666e-04
1.561386525348102316e-04
1.558968221403025456e-04
1.556553662971231803e-04
1.554142844251601681e-04
1.551735759452001282e-04
1.549332402789266403e-04
1.546932768489190789e-04
1.544536850786511770e-04
1.542144643924894809e-04
1.539756142156922119e-04
1.537371339744076401e-04
1.534990230956729455e-04
1.532612810074126738e-04
1.530239071384373534e-04
1.527869009184423029e-04
1.525502617780060321e-04
1.523139891485890223e-04
1.520780824625322892e-04
1.518425411530561640e-04
1.516073646542586664e-04
1.513725524011143937e-04
1.511381038294729755e-04
1.509040183760579086e-04
1.506702954784650385e-04
1.504369345751613133e-04
1.502039351054833467e-04
1.499712965096361710e-04
1.497390182286918009e-04
1.495070997045879055e-04
1.492755403801265606e-04
1.490443396989728133e-04
1.488134971056533529e-04
1.485830120455552104e-04
1.483528839649243759e-04
1.481231123108645790e-04
1.478936965313358521e-04
1.476646360751531753e-04
1.474359303919852565e-04
1.472075789323532035e-04
1.469795811476291684e-04
1.467519364900349386e-04
1.465246444126408519e-04
1.462977043693641983e-04
1.460711158149681076e-04
1.458448782050602221e-04
1.456189909960912867e-04
1.453934536453539564e-04
1.451682656109813869e-04
1.449434263519460417e-04
1.447189353280583374e-04
1.444947919999652877e-04
1.442709958291493115e-04
1.440475462779268500e-04
1.438244428094471745e-04
1.436016848876910308e-04
1.433792719774693112e-04
1.431572035444219162e-04
1.429354790550162906e-04
1.427140979765461769e-04
1.424930597771305579e-04
1.422723639257119765e-04
1.420520098920556953e-04
1.418319971467481245e-04
1.416123251611956565e-04
1.413929934076232561e-04
1.411740013590735395e-04
1.409553484894051202e-04
1.407370342732916339e-04
1.405190581862201388e-04
1.403014197044902755e-04
1.400841183052127493e-04
1.398671534663080288e-04
1.396505246665053705e-04
1.394342313853411651e-04
1.392182731031581515e-04
1.390026493011036824e-04
1.387873594611288835e-04
1.385724030659871630e-04
1.383577795992331277e-04
1.381434885452212000e-04
1.379295293891043988e-04
1.377159016168332819e-04
1.375026047151544555e-04
1.372896381716095170e-04
1.370770014745337814e-04
1.368646941130550066e-04
1.366527155770922016e-04
1.364410653573543792e-04
1.362297429453394177e-04
1.360187478333327326e-04
1.358080795144061116e-04
1.355977374824164400e-04
1.353877212320045626e-04
1.351780302585940099e-04
1.349686640583898324e-04
1.347596221283774078e-04
1.345509039663210862e-04
1.343425090707631598e-04
1.341344369410226161e-04
1.339266870771938368e-04
1.337192589801454597e-04
1.335121521515192941e-04
1.333053660937289116e-04
1.330989003099585888e-04
1.328927543041621149e-04
1.326869275810614634e-04
1.324814196461458163e-04
1.322762300056702092e-04
1.320713581666543921e-04
1.318668036368816107e-04
1.316625659248976297e-04
1.314586445400091883e-04
1.312550389922831329e-04
1.310517487925450886e-04
1.308487734523784024e-04
1.306461124841227605e-04
1.304437654008732404e-04
1.302417317164789544e-04
1.300400109455421293e-04
1.298386026034166420e-04
1.296375062062070165e-04
1.294367212707673404e-04
1.292362473146999090e-04
1.290360838563541954e-04
1.288362304148256312e-04
1.286366865099545760e-04
1.284374516623249354e-04
1.282385253932633203e-04
1.280399072248374754e-04
1.278415966798556282e-04
1.276435932818648902e-04
1.274458965551504704e-04
1.272485060247342662e-04
1.270514212163738061e-04
1.268546416565612741e-04
1.266581668725220999e-04
1.264619963922140650e-04
1.262661297443259468e-04
1.260705664582765432e-04
1.258753060642135344e-04
1.256803480930122354e-04
1.254856920762746479e-04
1.252913375463281861e-04
1.250972840362245654e-04
1.249035310797387728e-04
1.247100782113679278e-04
1.245169249663300901e-04
1.243240708805630945e-04
1.241315154907236557e-04
1.239392583341860136e-04
1.237472989490410384e-04
1.235556368740949572e-04
1.233642716488682963e-04
1.231732028135947975e-04
1.229824299092203066e-04
1.227919524774016076e-04
1.226017700605054204e-04
1.224118822016073433e-04
1.222222884444904164e-04
1.220329883336445661e-04
1.218439814142650059e-04
1.216552672322515047e-04
1.214668453342070175e-04
1.212787152674368592e-04
1.210908765799473898e-04
1.209033288204450928e-04
1.207160715383353829e-04
1.205291042837215482e-04
1.203424266074037480e-04
1.201560380608778064e-04
1.199699381963342364e-04
1.197841265666571017e-04
1.195986027254229998e-04
1.194133662268999244e-04
1.192284166260462345e-04
1.190437534785096117e-04
1.188593763406259075e-04
1.186752847694181679e-04
1.184914783225955086e-04
1.183079565585520713e-04
1.181247190363659801e-04
1.179417653157982439e-04
1.177590949572917536e-04
1.175767075219701839e-04
1.173946025716369096e-04
1.172127796687740702e-04
1.170312383765413638e-04
1.168499782587751256e-04
1.166689988799871758e-04
1.164882998053639115e-04
1.163078806007650739e-04
1.161277408327229073e-04
1.159478800684409400e-04
1.157682978757930897e-04
1.155889938233224976e-04
1.154099674802405940e-04
1.152312184164260131e-04
1.150527462024235505e-04
1.148745504094431867e-04
1.146966306093589896e-04
1.145189863747081253e-04
1.143416172786898143e-04
1.141645228951643286e-04
1.139877027986519348e-04
1.138111565643319049e-04
1.136348837680414722e-04
1.134588839862748561e-04
1.132831567961821369e-04
1.131077017755683885e-04
1.129325185028925402e-04
1.127576065572664276e-04
1.125829655184537766e-04
1.124085949668691460e-04
1.122344944835770061e-04
1.120606636502906409e-04
1.118871020493712130e-04
1.117138092638267198e-04
1.115407848773109775e-04
1.113680284741226857e-04
1.111955396392043973e-04
1.110233179581414620e-04
1.108513630171611308e-04
1.106796744031314863e-04
1.105082517035605209e-04
1.103370945065950385e-04
1.101662024010197338e-04
1.099955749762562699e-04
1.098252118223621405e-04
1.096551125300298293e-04
1.094852766905857124e-04
1.093157038959891638e-04
1.091463937388314982e-04
1.089773458123350768e-04
1.088085597103522633e-04
1.086400350273644758e-04
1.084717713584812106e-04
1.083037682994390392e-04
1.081360254466006874e-04
1.079685423969540587e-04
1.078013187481112050e-04
1.076343540983074314e-04
1.074676480464003078e-04
1.073012001918686922e-04
1.071350101348117825e-04
1.069690774759481273e-04
1.068034018166147040e-04
1.066379827587660107e-04
1.064728199049729148e-04
1.063079128584219204e-04
1.061432612229141120e-04
1.059788646028642187e-04
1.058147226032995982e-04
1.056508348298594368e-04
1.054872008887936522e-04
1.053238203869620256e-04
1.051606929318332670e-04
1.049978181314840118e-04
1.048351955945979404e-04
1.046728249304647751e-04
1.045107057489794129e-04
1.043488376606409491e-04
1.041872202765517161e-04
1.040258532084164150e-04
1.038647360685411000e-04
1.037038684698323647e-04
1.035432500257962716e-04
1.033828803505374984e-04
1.032227590587584570e-04
1.030628857657582635e-04
1.029032600874318709e-04
1.027438816402856002e-04
1.025847500413952902e-04
1.024258649084296082e-04
1.022672258596574489e-04
1.021088325139390583e-04
1.019506844907250981e-04
1.017927814100555889e-04
1.016351228925590426e-04
1.014777085594515408e-04
1.013205380325358541e-04
1.011636109342005206e-04
1.010069268874189103e-04
1.008504855157483176e-04
1.006942864433291071e-04
1.005383292948838195e-04
1.003826136957161277e-04
1.002271392717101324e-04
1.000719056493293589e-04
9.991691245561582218e-05
9.976215931818922724e-05
9.960764586524603397e-05
9.945337172555852206e-05
9.929933652847393712e-05
9.914553990391363695e-05
9.899198148237215637e-05
9.883866089491627211e-05
9.868557777318423031e-05
9.853273174938481139e-05
9.838012245629638140e-05
9.822774952726610594e-05
9.807561259620901505e-05
9.792371129760714941e-05
9.777204526650863875e-05
9.762061413852688872e-05
9.746941754983968640e-05
9.731845513718827875e-05
9.716772653787651877e-05
9.701723138977009304e-05
9.686696933129547817e-05
9.671694000143922249e-05
9.656714303974695674e-05
9.641757808632267577e-05
9.626824478182769503e-05
9.611914276747995933e-05
9.597027168505305357e-05
9.582163117687540310e-05
9.567322088582940636e-05
9.552504045535058111e-05
9.537708952942665634e-05
9.522936775259681341e-05
9.508187476995072376e-05
9.493461022712781710e-05
9.478757377031631916e-05
9.464076504625245213e-05
9.449418370221958081e-05
9.434782938604733171e-05
9.420170174611084768e-05
9.405580043132983920e-05
9.391012509116774415e-05
9.376467537563098239e-05
9.361945093526798003e-05
9.347445142116846465e-05
9.332967648496254373e-05
9.318512577881986445e-05
9.304079895544878690e-05
9.289669566809561165e-05
9.275281557054368528e-05
9.260915831711256008e-05
9.246572356265720803e-05
9.232251096256712637e-05
9.217952017276560567e-05
9.203675084970880838e-05
9.189420265038502332e-05
9.175187523231373063e-05
9.160976825354495126e-05
9.146788137265821691e-05
9.132621424876194666e-05
9.118476654149249830e-05
9.104353791101339581e-05
9.090252801801450267e-05
9.076173652371122226e-05
9.062116308984367115e-05
9.048080737867585240e-05
9.034066905299491018e-05
9.020074777611019462e-05
9.006104321185257066e-05
8.992155502457359134e-05
8.978228287914464395e-05
8.964322644095615051e-05
8.950438537591679520e-05
8.936575935045275190e-05
8.922734803150674909e-05
8.908915108653745992e-05
8.895116818351852649e-05
8.881339899093790931e-05
8.867584317779692504e-05
8.853850041360963668e-05
8.840137036840194551e-05
8.826445271271081861e-05
8.812774711758346216e-05
8.799125325457661669e-05
8.785497079575573041e-05
8.771889941369411892e-05
8.758303878147224693e-05
8.744738857267691514e-05
8.731194846140051481e-05
8.717671812224013332e-05
8.704169723029690363e-05
8.690688546117515049e-05
8.677228249098164505e-05
8.663788799632479167e-05
8.650370165431386905e-05
8.636972314255825765e-05
8.623595213916666728e-05
8.610238832274637810e-05
8.596903137240240037e-05
8.583588096773676977e-05
8.570293678884781548e-05
8.557019851632923868e-05
8.543766583126955686e-05
8.530533841525110095e-05
8.517321595034945964e-05
8.504129811913259851e-05
8.490958460466014170e-05
8.477807509048257233e-05
8.464676926064052778e-05
8.451566679966400009e-05
8.438476739257152277e-05
8.425407072486961520e-05
8.412357648255173906e-05
8.399328435209781041e-05
8.386319402047327819e-05
8.373330517512841942e-05
8.360361750399762095e-05
8.347413069549859340e-05
8.334484443853159869e-05
8.321575842247878592e-05
8.308687233720336472e-05
8.295818587304887336e-05
8.282969872083854185e-05
8.270141057187432962e-05
8.257332111793641062e-05
8.244543005128229232e-05
8.231773706464613814e-05
8.219024185123799495e-05
8.206294410474307475e-05
8.193584351932102288e-05
8.180893978960517259e-05
8.168223261070182680e-05
8.155572167818947199e-05
8.142940668811814132e-05
8.130328733700857428e-05
8.117736332185162044e-05
8.105163434010735852e-05
8.092610008970448651e-05
8.080076026903954922e-05
8.067561457697624704e-05
8.055066271284462283e-05
8.042590437644043849e-05
8.030133926802444314e-05
8.017696708832161416e-05
8.005278753852038468e-05
7.992880032027207442e-05
7.980500513569009006e-05
7.968140168734916631e-05
7.955798967828470181e-05
7.943476881199205443e-05
7.931173879242582299e-05
7.918889932399910184e-05
7.906625011158283035e-05
7.894379086050500689e-05
7.882152127655005181e-05
7.869944106595806212e-05
7.857754993542412022e-05
7.845584759209758927e-05
7.833433374358136773e-05
7.821300809793127950e-05
7.809187036365527437e-05
7.797092024971281812e-05
7.785015746551406579e-05
7.772958172091934674e-05
7.760919272623827017e-05
7.748899019222916943e-05
7.736897383009835665e-05
7.724914335149943160e-05
7.712949846853256334e-05
7.701003889374389395e-05
7.689076434012471182e-05
7.677167452111085535e-05
7.665276915058198107e-05
7.653404794286094027e-05
7.641551061271299294e-05
7.629715687534519789e-05
7.617898644640572160e-05
7.606099904198311990e-05
7.594319437860566038e-05
7.582557217324071251e-05
7.570813214329394803e-05
7.559087400660875820e-05
7.547379748146554909e-05
7.535690228658105036e-05
7.524018814110765123e-05
7.512365476463272280e-05
7.500730187717792694e-05
7.489112919919857926e-05
7.477513645158295795e-05
7.465932335565162619e-05
7.454368963315679511e-05
7.442823500628159203e-05
7.431295919763946409e-05
7.419786193027347353e-05
7.408294292765560656e-05
7.396820191368621764e-05
7.385363861269317570e-05
7.373925274943141691e-05
7.362504404908217219e-05
7.351101223725223536e-05
7.339715703997346170e-05
7.328347818370202255e-05
7.316997539531774127e-05
7.305664840212345624e-05
7.294349693184435681e-05
7.283052071262737339e-05
7.271771947304045923e-05
7.260509294207193986e-05
7.249264084912995744e-05
7.238036292404168470e-05
7.226825889705279645e-05
7.215632849882672411e-05
7.204457146044408657e-05
7.193298751340199896e-05
7.182157638961340863e-05
7.171033782140651233e-05
7.159927154152406509e-05
7.148837728312281098e-05
7.137765477977271061e-05
7.126710376545639905e-05
7.115672397456854887e-05
7.104651514191517891e-05
7.093647700271307158e-05
7.082660929258906811e-05
7.071691174757948576e-05
7.060738410412956221e-05
7.049802609909258818e-05
7.038883746972952795e-05
7.027981795370827399e-05
7.017096728910295577e-05
7.006228521439342475e-05
6.995377146846456324e-05
6.984542579060570161e-05
6.973724792050995421e-05
6.962923759827356889e-05
6.952139456439538484e-05
6.941371855977614147e-05
6.930620932571785494e-05
6.919886660392324902e-05
6.909169013649509093e-05
6.898467966593559511e-05
6.887783493514574554e-05
6.877115568742478077e-05
6.866464166646954340e-05
6.855829261637373466e-05
6.845210828162754855e-05
6.834608840711679084e-05
6.824023273812247260e-05
6.813454102032007827e-05
6.802901299977901005e-05
6.792364842296199159e-05
6.781844703672436326e-05
6.771340858831360779e-05
6.760853282536860489e-05
6.750381949591918404e-05
6.739926834838536550e-05
6.729487913157681828e-05
6.719065159469230441e-05
6.708658548731900135e-05
6.698268055943191926e-05
6.687893656139335882e-05
6.677535324395220660e-05
6.667193035824343353e-05
6.656866765578744441e-05
6.646556488848949517e-05
6.636262180863909655e-05
6.625983816890940420e-05
6.615721372235664952e-05
6.605474822241954333e-05
6.595244142291867956e-05
6.585029307805589829e-05
6.574830294241379783e-05
6.564647077095503002e-05
6.554479631902175813e-05
6.544327934233515537e-05
6.534191959699463248e-05
6.524071683947744462e-05
6.513967082663798668e-05
6.503878131570722408e-05
6.493804806429219131e-05
6.483747083037523300e-05
6.473704937231365155e-05
6.463678344883892106e-05
6.453667281905625371e-05
6.443671724244393560e-05
6.433691647885281186e-05
6.423727028850564956e-05
6.413777843199654151e-05
6.403844067029047251e-05
6.393925676472257398e-05
6.384022647699764963e-05
6.374134956918960624e-05
6.364262580374080317e-05
6.354405494346156440e-05
6.344563675152956874e-05
6.334737099148930772e-05
6.324925742725147565e-05
6.315129582309246829e-05
6.305348594365369158e-05
6.295582755394115511e-05
6.285832041932480803e-05
6.276096430553799695e-05
6.266375897867689675e-05
6.256670420519996846e-05
6.246979975192739004e-05
6.237304538604046013e-05
6.227644087508112363e-05
6.217998598695134835e-05
6.208368048991251510e-05
6.198752415258502470e-05
6.189151674394757969e-05
6.179565803333669641e-05
6.169994779044616295e-05
6.160438578532646987e-05
6.150897178838424110e-05
6.141370557038171882e-05
6.131858690243618081e-05
6.122361555601941183e-05
6.112879130295712090e-05
6.103411391542845339e-05
6.093958316596539472e-05
6.084519882745222146e-05
6.075096067312498637e-05
6.065686847657095595e-05
6.056292201172806832e-05
6.046912105288438440e-05
6.037546537467755928e-05
6.028195475209430020e-05
6.018858896046979729e-05
6.009536777548722892e-05
6.000229097317717893e-05
5.990935832991713524e-05
5.981656962243093409e-05
5.972392462778821807e-05
5.963142312340390745e-05
5.953906488703767849e-05
5.944684969679341454e-05
5.935477733111866390e-05
5.926284756880411813e-05
5.917106018898310373e-05
5.907941497113101303e-05
5.898791169506480267e-05
5.889655014094242444e-05
5.880533008926236449e-05
5.871425132086304698e-05
5.862331361692235980e-05
5.853251675895707854e-05
5.844186052882239895e-05
5.835134470871136095e-05
5.826096908115436753e-05
5.817073342901862907e-05
5.808063753550766193e-05
5.799068118416074631e-05
5.790086415885243839e-05
5.781118624379202143e-05
5.772164722352301792e-05
5.763224688292263386e-05
5.754298500720125739e-05
5.745386138190197083e-05
5.736487579290000185e-05
5.727602802640219493e-05
5.718731786894655050e-05
5.709874510740168294e-05
5.701030952896628517e-05
5.692201092116865437e-05
5.683384907186617017e-05
5.674582376924478645e-05
5.665793480181848923e-05
5.657018195842886300e-05
5.648256502824450795e-05
5.639508380076057242e-05
5.630773806579823787e-05
5.622052761350421072e-05
5.613345223435022084e-05
5.604651171913254049e-05
5.595970585897142865e-05
5.587303444531069053e-05
5.578649726991711518e-05
5.570009412488004182e-05
5.561382480261079056e-05
5.552768909584222205e-05
5.544168679762823593e-05
5.535581770134318815e-05
5.527008160068153179e-05
5.518447828965719365e-05
5.509900756260317447e-05
5.501366921417100001e-05
5.492846303933025353e-05
5.484338883336804723e-05
5.475844639188857498e-05
5.467363551081261773e-05
5.458895598637700811e-05
5.450440761513418322e-05
5.441999019395169000e-05
5.433570352001167696e-05
5.425154739081044695e-05
5.416752160415791510e-05
5.408362595817716156e-05
5.399986025130395036e-05
5.391622428228620093e-05
5.383271785018356112e-05
5.374934075436691257e-05
5.366609279451782863e-05
5.358297377062818127e-05
5.349998348299959906e-05
5.341712173224300633e-05
5.333438831927816238e-05
5.325178304533315332e-05
5.316930571194390410e-05
5.308695612095377199e-05
5.300473407451298413e-05
5.292263937507823095e-05
5.284067182541212409e-05
5.275883122858278981e-05
5.267711738796336074e-05
5.259553010723150838e-05
5.251406919036896194e-05
5.243273444166106112e-05
5.235152566569625468e-05
5.227044266736568704e-05
5.218948525186262915e-05
5.210865322468213282e-05
5.202794639162044803e-05
5.194736455877466374e-05
5.186690753254214549e-05
5.178657511962014235e-05
5.170636712700529228e-05
5.162628336199314100e-05
5.154632363217770831e-05
5.146648774545103407e-05
5.138677551000267002e-05
5.130718673431925960e-05
5.122772122718407043e-05
5.114837879767651993e-05
5.106915925517173491e-05
5.099006240934008397e-05
5.091108807014673029e-05
5.083223604785113694e-05
5.075350615300667389e-05
5.067489819646010975e-05
5.059641198935119167e-05
5.051804734311215745e-05
5.043980406946732217e-05
5.036168198043259708e-05
5.028368088831504238e-05
5.020580060571241997e-05
5.012804094551276656e-05
5.005040172089387867e-05
4.997288274532294669e-05
4.989548383255604670e-05
4.981820479663772030e-05
4.974104545190051387e-05
4.966400561296453807e-05
4.958708509473703417e-05
4.951028371241190652e-05
4.943360128146929560e-05
4.935703761767513758e-05
4.928059253708069000e-05
4.920426585602213871e-05
4.912805739112013036e-05
4.905196695927931154e-05
4.897599437768792907e-05
4.890013946381736236e-05
4.882440203542168976e-05
4.874878191053727523e-05
4.867327890748229395e-05
4.859789284485632581e-05
4.852262354153989455e-05
4.844747081669406125e-05
4.837243448975994317e-05
4.829751438045834787e-05
4.822271030878928528e-05
4.814802209503154081e-05
4.807344955974227556e-05
4.799899252375655878e-05
4.792465080818697476e-05
4.785042423442314861e-05
4.777631262413135313e-05
4.770231579925405488e-05
4.762843358200952111e-05
4.755466579489136576e-05
4.748101226066810224e-05
4.740747280238277750e-05
4.733404724335248413e-05
4.726073540716797415e-05
4.718753711769324560e-05
4.711445219906506827e-05
4.704148047569261094e-05
4.696862177225700775e-05
4.689587591371089737e-05
4.682324272527807067e-05
4.675072203245299638e-05
4.667831366100042126e-05
4.660601743695495677e-05
4.653383318662065218e-05
4.646176073657056762e-05
4.638979991364640144e-05
4.631795054495801582e-05
4.624621245788305735e-05
4.617458548006653685e-05
4.610306943942039573e-05
4.603166416412312652e-05
4.596036948261933913e-05
4.588918522361934080e-05
4.581811121609873625e-05
4.574714728929804146e-05
4.567629327272221609e-05
4.560554899614030434e-05
4.553491428958500128e-05
4.546438898335223271e-05
4.539397290800080279e-05
4.532366589435191974e-05
4.525346777348883664e-05
4.518337837675641102e-05
4.511339753576073213e-05
4.504352508236868729e-05
4.497376084870758240e-05
4.490609342125938941e-05
