0.000000000000000000e+00
1.702470182567425096e-09
5.362344202594939209e-09
1.787691149217986604e-08
4.340749064073408614e-08
8.909385505869637266e-08
2.893156990335230376e-06
1.423377717048799429e-05
3.920360547527799858e-05
8.217966820491499772e-05
2.411371537703692596e-04
5.145587704212276027e-04
9.178574521282637606e-04
1.459956317347708542e-03
2.145280062351810190e-03
3.908393475433287814e-03
6.197590160760347092e-03
8.368560985398133464e-03
1.081415951637566819e-02
1.350320204018813294e-02
1.640542537239957771e-02
1.949224809338916467e-02
2.273703396495989695e-02
2.736260093250154554e-02
3.218337142976399751e-02
3.715474791920468645e-02
4.223978682094645110e-02
4.740818465698769246e-02
5.263545178834134336e-02
5.879848911033255104e-02
6.499034548899103314e-02
7.119193901847105377e-02
7.738910527123574190e-02
8.357117878049181992e-02
9.103803717430036802e-02
9.846040145858281356e-02
1.058312167322319891e-01
1.131455431072169032e-01
1.204002308990432674e-01
1.292084329559008149e-01
1.379217052413103661e-01
1.465390647472123165e-01
1.550603424329569102e-01
1.700267858663169485e-01
1.846911216508883846e-01
1.990582150868748790e-01
2.131338798232765286e-01
2.269239899599000132e-01
2.439759704942586482e-01
2.605900334440434118e-01
2.767769650001080106e-01
2.925489145493438969e-01
3.079157854743047040e-01
3.145894129236840864e-01
3.211867461569121174e-01
3.277084304104180834e-01
3.341554025842066178e-01
3.407743439455347967e-01
3.473145425689349031e-01
3.537768391561965098e-01
3.682078510497116541e-01
3.822508956463340213e-01
3.959162052004119303e-01
4.092140267266515807e-01
4.275570070190922722e-01
4.451990012175229827e-01
4.621679098915347228e-01
4.784892192368513375e-01
4.968047348087272219e-01
5.143027557379838965e-01
5.185538947285837086e-01
5.227567574911798909e-01
5.269118946021118521e-01
5.310198550181537414e-01
5.350811573808114119e-01
5.391391313748400416e-01
5.431505267853441454e-01
5.471158800818681778e-01
5.510357016199212143e-01
5.550508615033147297e-01
5.590182826093016422e-01
5.629386644152738484e-01
5.772246275467127763e-01
5.908820510886174660e-01
6.039389518998443673e-01
6.164210462467225593e-01
6.354333973898964594e-01
6.399741212510390298e-01
6.444329679017088974e-01
6.488111851137303709e-01
6.531101315829601628e-01
6.573314652631971899e-01
6.599745336679259111e-01
6.625868492007428445e-01
6.651688538860492939e-01
6.677209720229770884e-01
6.702812486157403438e-01
6.728116160737153129e-01
6.753124936769303588e-01
6.864499270459480940e-01
6.969967049015717286e-01
7.069843558542520112e-01
7.164411657119323928e-01
7.187256753863817682e-01
7.209791781820412693e-01
7.232020050090365304e-01
7.253945703058323202e-01
7.273061669321976286e-01
7.291946471198217372e-01
7.310603249316910413e-01
7.348107229922845596e-01
7.384694267626685793e-01
7.420382412122712434e-01
7.515832171071812340e-01
7.538671662151396058e-01
7.561112592419044764e-01
7.583162011371359368e-01
7.588614445232998440e-01
7.594043116649730196e-01
7.599448026562581893e-01
7.600795545458427505e-01
7.602141578864812788e-01
7.602197852815544277e-01
7.602254126766276876e-01
7.602366674667742075e-01
7.602479221264170084e-01
7.602591759869891108e-01
7.602614266420928413e-01
7.602621449579869406e-01
7.602628632696649680e-01
7.602642998803728069e-01
7.602657364736935541e-01
7.602671729971094416e-01
7.602815338927167987e-01
7.602958934304185901e-01
7.603102480894518012e-01
7.604534918197217719e-01
7.605960165336550505e-01
7.607373712781250186e-01
7.608772767550073812e-01
7.614457205291699227e-01
7.619649929381345776e-01
7.624262533956858157e-01
7.628258756058784451e-01
7.631636372974147653e-01
7.635652222829898417e-01
7.638432388395378636e-01
7.640144884449934226e-01
7.640963184537989950e-01
7.641041938648991394e-01
7.640517499647420108e-01
7.639224997697509068e-01
7.637382372152876631e-01
7.635127789333748805e-01
7.632568328779973932e-01
7.629784297124585501e-01
7.626284761577126758e-01
7.622627023839086968e-01
7.618861836007776445e-01
7.615023351142674590e-01
7.610543516002672426e-01
7.606023123853719037e-01
7.601477225882307120e-01
7.596915737282791126e-01
7.592123759475332134e-01
7.587327318516013941e-01
7.582528618144105392e-01
7.577729899503827804e-01
7.567096060262685775e-01
7.556474962155639297e-01
7.545868571804029701e-01
7.535277788005227961e-01
7.524702805678427087e-01
7.517524149396143107e-01
7.510352761552443468e-01
7.503188684238393247e-01
7.496031982033916075e-01
7.491062506631195328e-01
7.486096563582272934e-01
7.481134152887148892e-01
7.465307531884431969e-01
7.449516899176410467e-01
7.433762255732473401e-01
7.418043431593762671e-01
7.406003321791584382e-01
7.393984300534479637e-01
7.381986324342255656e-01
7.376270639755004854e-01
7.370559727913730264e-01
7.364853585138650960e-01
7.357843653255213834e-01
7.350840919786909566e-01
7.343845377892267434e-01
7.327576266631814494e-01
7.311346093610935348e-01
7.295154770831298041e-01
7.285750567533240130e-01
7.276359454027330198e-01
7.266981425704543973e-01
7.257616464893128505e-01
7.253030269352697124e-01
7.248447207909798351e-01
7.243867278482465366e-01
7.239328505760505017e-01
7.234792816703022877e-01
7.230260214763428728e-01
7.203095547599405180e-01
7.176041486774527023e-01
7.169295207696437799e-01
7.162555812950555101e-01
7.155823296739147743e-01
7.149097651567209999e-01
7.144589683565799598e-01
7.140084803142219272e-01
7.135583008470199884e-01
7.131128678410185717e-01
7.126677369935340289e-01
7.122229081272934970e-01
7.104755816777057476e-01
7.087329171943523853e-01
7.069949041843187620e-01
7.024530103469857067e-01
7.013225140850108952e-01
7.001940026438169262e-01
6.990674729909235330e-01
6.987861498767532487e-01
6.985049503874393162e-01
6.982238744755990822e-01
6.979429220938500045e-01
6.975056857966595025e-01
6.970687487271474136e-01
6.966321107064182838e-01
6.961968067982312602e-01
6.957618001698464560e-01
6.953270906450043087e-01
6.909962968399591121e-01
6.899182169998243630e-01
6.888419790905931928e-01
6.877675803997056470e-01
6.866950181225464078e-01
6.862640979983112288e-01
6.858334743877677608e-01
6.854031471113114504e-01
6.849750309223964218e-01
6.845472080782326607e-01
6.841196784016744248e-01
6.829490536145742530e-01
6.817806275466680166e-01
6.806143965764196446e-01
6.793693963202678265e-01
6.781268988452991975e-01
6.768868997297717849e-01
6.744143788299484799e-01
6.719517982303681025e-01
6.694991226672396545e-01
6.670563166008873779e-01
6.621442597193027968e-01
6.572721635603371304e-01
6.524397385130855653e-01
6.476466963181999326e-01
6.428927489743608836e-01
6.369332315128797273e-01
6.310352650318268308e-01
6.251982755701862571e-01
6.194216909577988650e-01
6.137049414101815037e-01
6.078438876185719986e-01
6.020458452326000742e-01
5.963101919418468677e-01
5.906363091696624767e-01
5.850235836499502184e-01
5.794714055966965205e-01
5.739791688830514493e-01
5.685462716564728680e-01
5.631721162838211336e-01
5.578561092343353733e-01
5.525976611579500597e-01
5.473961869572520067e-01
5.422511057996899364e-01
5.371618411353249467e-01
5.321278207372711622e-01
5.271484767238209246e-01
5.222232455592055178e-01
5.173515680784227522e-01
5.125328895221208381e-01
5.077666595335428301e-01
5.030523321555253613e-01
4.983893658672596816e-01
4.937772235929533959e-01
4.892153726671960579e-01
4.847032848745354006e-01
4.802404364517710578e-01
4.758263080698726943e-01
4.714603848380718998e-01
4.671421563082983619e-01
4.628711164660548327e-01
4.586467637226610550e-01
4.544686009110792679e-01
4.503361352776716897e-01
4.462488784713170009e-01
4.422063465331622645e-01
4.382080598853818620e-01
4.342535433179909310e-01
4.303423259748870855e-01
4.264739413392937273e-01
4.226479272180658775e-01
4.188638257250214547e-01
4.151211832635837151e-01
4.114195505086435389e-01
4.077584823876058695e-01
4.041375380607413748e-01
4.005562809008903491e-01
3.970142784725103624e-01
3.935111025101105664e-01
3.900463288961234509e-01
3.866195376382340898e-01
3.832303128461943542e-01
3.798782427081552893e-01
3.765629194665480739e-01
3.732839393935372119e-01
3.700409027660728767e-01
3.668334138405686673e-01
3.636610808272292550e-01
3.605235158640500703e-01
3.574203349905131222e-01
3.543511581210005978e-01
3.513156090179457847e-01
3.483133152647441833e-01
3.453439082384411885e-01
3.424070230822181538e-01
3.395022986776929930e-01
3.366293776170524721e-01
3.337879061750352316e-01
3.309775342807784737e-01
3.281979154895462436e-01
3.254487069543527955e-01
3.227295693974964186e-01
3.200401670820160471e-01
3.173801677830853651e-01
3.147492427593556741e-01
3.121470667242611796e-01
3.095733178172965228e-01
3.070276775752797116e-01
3.045098309036098905e-01
3.020194660475301607e-01
2.995562745634066659e-01
2.971199512900317696e-01
2.947101943199613161e-01
2.923267049708947463e-01
2.899691877571054510e-01
2.876373503609302995e-01
2.853309036043258917e-01
2.830495614204973642e-01
2.807930408256087973e-01
2.785610618905801639e-01
2.763533477129778704e-01
2.741696243890048290e-01
2.720096209855956126e-01
2.698730695126225210e-01
2.677597048952166103e-01
2.656692649462108480e-01
2.636014903387075559e-01
2.615561245787763056e-01
2.595329139782855399e-01
2.575316076278730826e-01
2.555519573700573144e-01
2.535937177724952307e-01
2.516566461013880485e-01
2.497405022950400511e-01
2.478450489375710331e-01
2.459700512327883115e-01
2.441152769782178600e-01
2.422804965392991450e-01
2.404654828237450248e-01
2.386700112560692366e-01
2.368938597522833311e-01
2.351368086947651093e-01
2.333986409073002255e-01
2.316791416302979578e-01
2.299780984961842800e-01
2.282953015049714596e-01
2.266305430000070398e-01
2.249836176439025670e-01
2.233543223946434786e-01
2.217424564818804567e-01
2.201478213834038578e-01
2.185702208018011905e-01
2.170094606412990013e-01
2.154653489847886960e-01
2.139376960710378528e-01
2.124263142720866360e-01
2.109310180708296734e-01
2.094516240387840345e-01
2.079879508140426991e-01
2.065398190794144884e-01
2.051070515407496520e-01
2.036894729054511965e-01
2.022869098611725369e-01
2.008991910546998605e-01
1.995261470710206209e-01
1.981676104125764115e-01
1.968234154787007473e-01
1.954933985452408929e-01
1.941773977443636556e-01
1.928752530445441704e-01
1.915868062307374831e-01
1.903119008847323490e-01
1.890503823656862759e-01
1.878020977908414491e-01
1.865668960164209855e-01
1.853446276187041830e-01
1.841351448752806264e-01
1.829383017464819017e-01
1.817539538569905577e-01
1.805819584776246489e-01
1.794221745072983043e-01
1.782744624551556023e-01
1.771386844228787782e-01
1.760147040871680724e-01
1.749023866823936346e-01
1.738015989834175157e-01
1.727122092885852445e-01
1.716340874028854935e-01
1.705671046212777209e-01
1.695111337121854023e-01
1.684660489011550188e-01
1.674317258546788034e-01
1.664080416641806615e-01
1.653948748301640181e-01
1.643921052465201760e-01
1.633996141849967665e-01
1.624172842798241589e-01
1.614449995124995763e-01
1.604826451967272527e-01
1.595301079635135233e-01
1.585872757464159288e-01
1.576540377669446436e-01
1.567302845201157813e-01
1.558159077601546372e-01
1.549108004863480603e-01
1.540148569290449299e-01
1.531279725358030142e-01
1.522500439576814357e-01
1.513809690356776871e-01
1.505206467873071163e-01
1.496689773933248535e-01
1.488258621845882090e-01
1.479912036290583766e-01
1.471649053189407197e-01
1.463468719579618937e-01
1.455370093487828864e-01
1.447352243805468119e-01
1.439414250165599041e-01
1.431555202821053474e-01
1.423774202523875321e-01
1.416070360406065931e-01
1.408442797861616524e-01
1.400890646429815700e-01
1.393413047679819550e-01
1.386009153096475766e-01
1.378678123967385094e-01
1.371419131271193748e-01
1.364231355567102622e-01
1.357113986885582213e-01
1.350066224620279087e-01
1.343087277421108894e-01
1.336176363088517061e-01
1.329332708468903557e-01
1.322555549351190629e-01
1.315844130364534625e-01
1.309197704877160251e-01
1.302615534896309213e-01
1.296096890969297699e-01
1.289641052085664652e-01
1.283247305580400566e-01
1.276914947038253201e-01
1.270643280199090508e-01
1.264431616864315489e-01
1.258279276804320224e-01
1.252185587666971023e-01
1.246149884887110398e-01
1.240171511597068787e-01
1.234249818538175475e-01
1.228384163973256088e-01
1.222573913600108891e-01
1.216818440465948920e-01
1.211117124882810508e-01
1.205469354343896848e-01
1.199874523440869201e-01
1.194332033782063707e-01
1.188841293911626906e-01
1.183401719229561777e-01
1.178012731912670696e-01
1.172673760836392826e-01
1.167384241497518155e-01
1.162143615937776542e-01
1.156951332668286619e-01
1.151806846594859574e-01
1.146709618944147524e-01
1.141659117190625128e-01
1.136654814984399131e-01
1.131696192079835461e-01
1.126782734264994146e-01
1.121913933291865811e-01
1.117089286807398107e-01
1.112308298285306918e-01
1.107570476958660011e-01
1.102875337753229101e-01
1.098222401221599365e-01
1.093611193478026683e-01
1.089041246134040131e-01
1.084512096234774292e-01
1.080023286196030718e-01
1.075574363742054368e-01
1.071164881844020866e-01
1.066794398659226262e-01
1.062462477470971500e-01
1.058168686629132327e-01
1.053912599491409474e-01
1.049693794365251232e-01
1.045511854450439926e-01
1.041366367782334684e-01
1.037256927175765064e-01
1.033183130169567920e-01
1.029144578971759316e-01
1.025140880405334270e-01
1.021171645854689614e-01
1.017236491212660521e-01
1.013335036828165864e-01
1.009466907454452944e-01
1.005631732197939943e-01
1.001829144467643040e-01
9.980587819251862669e-02
9.943202864353868631e-02
9.906133040174072701e-02
9.869374847964712538e-02
9.832924829561340285e-02
9.796779566911030523e-02
9.760935681606022762e-02
9.725389834422726310e-02
9.690138724866048658e-02
9.655179090718983559e-02
9.620507707597361624e-02
9.586121388509780128e-02
9.552016983422575991e-02
9.518191378829835014e-02
9.484641497328372139e-02
9.451364297197596687e-02
9.418356771984251474e-02
9.385615950091941162e-02
9.353138894375402634e-02
9.320922701739473015e-02
9.288964502742691476e-02
9.257261461205466835e-02
9.225810773822809563e-02
9.194609669781528272e-02
9.163655410381847666e-02
9.132945288663420202e-02
9.102476629035666233e-02
9.072246786912385730e-02
9.042253148350605507e-02
9.012493129693621707e-02
8.982964177218161206e-02
8.953663766785635580e-02
8.924589403497459883e-02
8.895738621354323805e-02
8.867108982919462423e-02
8.838698078985793294e-02
8.810503528246939331e-02
8.782522976972051421e-02
8.754754098684425223e-02
8.727194593843817794e-02
8.699842189532480674e-02
8.672694639144824802e-02
8.645749722080686706e-02
8.619005243442159903e-02
8.592459033733951257e-02
8.566108948567208170e-02
8.539952868366804117e-02
8.513988698082000650e-02
8.488214366900491414e-02
8.462627827965769900e-02
8.437227058097765409e-02
8.412010057516748629e-02
8.386974849570430490e-02
8.362119480464239030e-02
8.337442018994742354e-02
8.312940556286160798e-02
8.288613205529953010e-02
8.264458101727414907e-02
8.240473401435305378e-02
8.216657282514400196e-02
8.193007943880983857e-02
8.169523605261244659e-02
8.146202506948513333e-02
8.123042909563332747e-02
8.100043093816333695e-02
8.077201360273843223e-02
8.054516029126253251e-02
8.031985439959071771e-02
8.009607951526639957e-02
7.987381941528488849e-02
7.965305806388298104e-02
7.943377961035447132e-02
7.921596838689068387e-02
7.899960890644681932e-02
7.878468586063247514e-02
7.857118411762735455e-02
7.835908872012077586e-02
7.814838488327556509e-02
7.793905799271548529e-02
7.773109360253618871e-02
7.752447743333940045e-02
7.731919537028991707e-02
7.711523346119535105e-02
7.691257791460827387e-02
7.671121509795045257e-02
7.651113153565895775e-02
7.631231390735387921e-02
7.611474904602757996e-02
7.591842393625480856e-02
7.572332571242385013e-02
7.552944165698838308e-02
7.533675919873961124e-02
7.514526591109847720e-02
7.495494951042805387e-02
7.476579785436548997e-02
7.457779894017327327e-02
7.439094090311013097e-02
7.420521201482049856e-02
7.402060068174307061e-02
7.383709544353786458e-02
7.365468497153161709e-02
7.347335806718136020e-02
7.329310366055588610e-02
7.311391080883493376e-02
7.293576869482612524e-02
7.275866662549879127e-02
7.258259403053533843e-02
7.240754046089924179e-02
7.223349558741994081e-02
7.206044919939418036e-02
7.188839120320364429e-02
7.171731162094885370e-02
7.154720058909891378e-02
7.137804835715708118e-02
7.120984528634194399e-02
7.104258184828392275e-02
7.087624862373706480e-02
7.071083630130585440e-02
7.054633567618695533e-02
7.038273764892559459e-02
7.022003322418646221e-02
7.005821350953903015e-02
6.989726971425699875e-02
6.973719314813184300e-02
6.957797522030015336e-02
6.941960743808475720e-02
6.926208140584926010e-02
6.910538882386610404e-02
6.894952148719774021e-02
6.879447128459101335e-02
6.864023019738429987e-02
6.848679029842755228e-02
6.833414375101490301e-02
6.818228280782971662e-02
6.803119980990207649e-02
6.788088718557835910e-02
6.773133744950285418e-02
6.758254320161136142e-02
6.743449712613645841e-02
6.728719199062449530e-02
6.714062064496401083e-02
6.699477602042547275e-02
6.684965112871235626e-02
6.670523906102321376e-02
6.656153298712474964e-02
6.641852615443576136e-02
6.627621188712168321e-02
6.613458358519988534e-02
6.599363472365521455e-02
6.585335885156609614e-02
6.571374959124073878e-02
6.557480063736335907e-02
6.543650575615060638e-02
6.529885878451766046e-02
6.516185362925408509e-02
6.502548426620952116e-02
6.488974473948858068e-02
6.475462916065546914e-02
6.462013170794768391e-02
6.448624662549902464e-02
6.435296822257161042e-02
6.422029087279701454e-02
6.408820901342604515e-02
6.395671714458754653e-02
6.382580982855565188e-02
6.369548168902576524e-02
6.356572741039893948e-02
6.343654173707463650e-02
6.330791947275170306e-02
6.317985547973760385e-02
6.305234467826573153e-02
6.292538204582058536e-02
6.279896261647097133e-02
6.267308148021094594e-02
6.254773378230849001e-02
6.242291472266173896e-02
6.229861955516275557e-02
6.217484358706885927e-02
6.205158217838117884e-02
6.192883074123047005e-02
6.180658473927019836e-02
6.168483968707667853e-02
6.156359114955619466e-02
6.144283474135913553e-02
6.132256612630089532e-02
6.120278101678959526e-02
6.108347517326049442e-02
6.096464440361701320e-02
6.084628456267825170e-02
6.072839155163303748e-02
6.061096131750036420e-02
6.049398985259597794e-02
6.037747319400549317e-02
6.026140742306335119e-02
6.014578866483812764e-02
6.003061308762371040e-02
5.991587690243646569e-02
5.980157636251835773e-02
5.968770776284570284e-02
5.957426743964389787e-02
5.946125176990761652e-02
5.934865717092677184e-02
5.923648009981788420e-02
5.912471705306111824e-02
5.901336456604247549e-02
5.890241921260158664e-02
5.879187760458465944e-02
5.868173639140268627e-02
5.857199225959479338e-02
5.846264193239675278e-02
5.835368216931451080e-02
5.824510976570267812e-02
5.813692155234796016e-02
5.802911439505750030e-02
5.792168519425202472e-02
5.781463088456367805e-02
5.770794843443861899e-02
5.760163484574432058e-02
5.749568715338131825e-02
5.739010242489960001e-02
5.728487776011951388e-02
5.718001029075698433e-02
5.707549718005322514e-02
5.697133562240871973e-02
5.686752284302151739e-02
5.676405609752974840e-02
5.666093267165828173e-02
5.655814988086960149e-02
5.645570507001863858e-02
5.635359561301181430e-02
5.625181891246985866e-02
5.615037239939474345e-02
5.604925353284045952e-02
5.594845979958758264e-02
5.584798871382174595e-02
5.574783781681579009e-02
5.564800467661564637e-02
5.554848688772998089e-02
5.544928207082328031e-02
5.535038787241272629e-02
5.525180196456848380e-02
5.515352204461761165e-02
5.505554583485119946e-02
5.495787108223529338e-02
5.486049555812486100e-02
5.476341705798124654e-02
5.466663340109298441e-02
5.457014243029977701e-02
5.447394201171969902e-02
5.437803003447969075e-02
5.428240441044913933e-02
5.418706307397649913e-02
5.409200398162915258e-02
5.399722511193617847e-02
5.390272446513418025e-02
5.380850006291610504e-02
5.371454994818295609e-02
5.362087218479841266e-02
5.352746485734638515e-02
5.343432607089126929e-02
5.334145395074114948e-02
5.324884664221371522e-02
5.315650231040486284e-02
5.306441913996003124e-02
5.297259533484827143e-02
5.288102911813893220e-02
5.278971873178081586e-02
5.269866243638414438e-02
5.260785851100491239e-02
5.251730525293184237e-02
5.242700097747575450e-02
5.233694401776145533e-02
5.224713272452208290e-02
5.215756546589576242e-02
5.206824062722472529e-02
5.197915661085675265e-02
5.189031183594886715e-02
5.180170473827350186e-02
5.171333377002669540e-02
5.162519739963869481e-02
5.153729411158676499e-02
5.144962240621007987e-02
5.136218079952687560e-02
5.127496782305369927e-02
5.118798202362681571e-02
5.110122196322559179e-02
5.101468621879806653e-02
5.092837338208849873e-02
5.084228205946694085e-02
5.075641087176081812e-02
5.067075845408838819e-02
5.058532345569433791e-02
5.050010453978708014e-02
5.041510038337811139e-02
5.033030967712312509e-02
5.024573112516515089e-02
5.016136344497930388e-02
5.007720536721953219e-02
4.999325563556707847e-02
4.990951300658068301e-02
4.982597624954862581e-02
4.974264414634238518e-02
4.965951549127212844e-02
4.957658909094375677e-02
4.949386376411775423e-02
4.941133834156958421e-02
4.932901166595175801e-02
4.924688259165750648e-02
4.916494998468605437e-02
4.908321272250946998e-02
4.900166969394101346e-02
4.892031979900514360e-02
4.883916194880891931e-02
4.875819506541494153e-02
4.867741808171582168e-02
4.859682994131006573e-02
4.851642959837941527e-02
4.843621601756768758e-02
4.835618817386087842e-02
4.827634505246883312e-02
4.819668564870822208e-02
4.811720896788682783e-02
4.803791402518931691e-02
4.795879984556421227e-02
4.787986546361227419e-02
4.780110992347615106e-02
4.772253227873127224e-02
4.764413159227814942e-02
4.756590693623577448e-02
4.748785739183637722e-02
4.740998204932132115e-02
4.733228000783830380e-02
4.725475037533971578e-02
4.717739226848217948e-02
4.710020481252721880e-02
4.702318714124321952e-02
4.694633839680839582e-02
4.686965772971493638e-02
4.679314429867431624e-02
4.671679727052360787e-02
4.664061582013306201e-02
4.656459913031452125e-02
4.648874639173113110e-02
4.641305680280793933e-02
4.633752956964369563e-02
4.626216390592351874e-02
4.618695903283265985e-02
4.611191417897131384e-02
4.603702858027034633e-02
4.596230147990804094e-02
4.588773212822781083e-02
4.581331978265687499e-02
4.573906370762588491e-02
4.566496317448946046e-02
4.559101746144771788e-02
4.551722585346862360e-02
4.544358764221131941e-02
4.537010212595034286e-02
4.529676860950066636e-02
4.522358640414370079e-02
4.515055482755405553e-02
4.507767320372731146e-02
4.500494086290840468e-02
4.493235714152110649e-02
4.485992138209810021e-02
4.478763293321202932e-02
4.471549114940721881e-02
4.464349539113237481e-02
4.457164502467383244e-02
4.449993942208978898e-02
4.442837796114516846e-02
4.435696002524734671e-02
4.428568500338250780e-02
4.421455229005288867e-02
4.414356128521460670e-02
4.407271139421629902e-02
4.400200202773851821e-02
4.393143260173362763e-02
4.386100253736673060e-02
4.379071126095693267e-02
4.372055820391956837e-02
4.365054280270892761e-02
4.358066449876171061e-02
4.351092273844118369e-02
4.344131697298189015e-02
4.337184665843508979e-02
4.330251125561477427e-02
4.323331023004436252e-02
4.316424305190397215e-02
4.309530919597829440e-02
4.302650814160519088e-02
4.295783937262470653e-02
4.288930237732883899e-02
4.282089664841177978e-02
4.275262168292080778e-02
4.268447698220770303e-02
4.261646205188079906e-02
4.254857640175745831e-02
4.248081954581728326e-02
4.241319100215568128e-02
4.234569029293813042e-02
4.227831694435488230e-02
4.221107048657618543e-02
4.214395045370815385e-02
4.207695638374894104e-02
4.201008781854564944e-02
4.194334430375154521e-02
4.187672538878389056e-02
4.181023062678226876e-02
4.174385957456729079e-02
4.167761179259987098e-02
4.161148684494098138e-02
4.154548429921181563e-02
4.147960372655447314e-02
4.141384470159302500e-02
4.134820680239514878e-02
4.128268961043406182e-02
4.121729271055105115e-02
4.115201569091830880e-02
4.108685814300229444e-02
4.102181966152743109e-02
4.095689984444031428e-02
4.089209829287430292e-02
4.082741461111447784e-02
4.076284840656305142e-02
4.069839928970521437e-02
4.063406687407528778e-02
4.056985077622333319e-02
4.050575061568213731e-02
4.044176601493455064e-02
4.037789659938128412e-02
4.031414199730896930e-02
4.025050183985866281e-02
4.018697576099475310e-02
4.012356339747405465e-02
4.006026438881549190e-02
3.999707837726998449e-02
3.993400500779069329e-02
3.987104392800368269e-02
3.980819478817884671e-02
3.974545724120120971e-02
3.968283094254256016e-02
3.962031555023340368e-02
3.955791072483524906e-02
3.949561612941321354e-02
3.943343142950891944e-02
3.937135629311375867e-02
3.930939039064239998e-02
3.924753339490670567e-02
3.918578498108978708e-02
3.912414482672055271e-02
3.906261261164839516e-02
3.900118801801824575e-02
3.893987073024592765e-02
3.887866043499374480e-02
3.881755682114639006e-02
3.875655957978709626e-02
3.869566840417415499e-02
3.863488298971755330e-02
3.857420303395604072e-02
3.851362823653435574e-02
3.845315829918074385e-02
3.839279292568474611e-02
3.833253182187525837e-02
3.827237469559879868e-02
3.821232125669805912e-02
3.815237121699070755e-02
3.809252429024841125e-02
3.803278019217613826e-02
3.797313864039163211e-02
3.791359935440524742e-02
3.785416205559983399e-02
3.779482646721106509e-02
3.773559231430780037e-02
3.767645932377278878e-02
3.761742722428362135e-02
3.755849574629376020e-02
3.749966462201391459e-02
3.744093358539362509e-02
3.738230237210297263e-02
3.732377071951457209e-02
3.726533836668578792e-02
3.720700505434107463e-02
3.714877052485459491e-02
3.709063452223299723e-02
3.703259679209842947e-02
3.697465708167168436e-02
3.691681513975564322e-02
3.685907071671877533e-02
3.680142356447894947e-02
3.674387343648736343e-02
3.668642008771265395e-02
3.662906327462527034e-02
3.657180275518191748e-02
3.651463828881026941e-02
3.645756963639377318e-02
3.640059656025669554e-02
3.634371882414935695e-02
3.628693619323343500e-02
3.623024843406753848e-02
3.617365531459290628e-02
3.611715660411926598e-02
3.606075207331086580e-02
3.600444149417267314e-02
3.594822464003669116e-02
3.589210128554850415e-02
3.583607120665391332e-02
3.578013418058574591e-02
3.572428998585083088e-02
3.566853840221711341e-02
3.561287921070090123e-02
3.555731219355430517e-02
3.550183713425274223e-02
3.544645381748266766e-02
3.539116202912941100e-02
3.533596155626510943e-02
3.528085218713689769e-02
3.522583371115507733e-02
3.517090591888152873e-02
3.511606860201826885e-02
3.506132155339602985e-02
3.500666456696309436e-02
3.495209743777416556e-02
3.489761996197941751e-02
3.484323193681365671e-02
3.478893316058559448e-02
3.473472343266725826e-02
3.468060255348351384e-02
3.462657032450172645e-02
3.457262654822150505e-02
3.451877102816458542e-02
3.446500356886483818e-02
3.441132397585838776e-02
3.435773205567380778e-02
3.430422761582247598e-02
3.425081046478903324e-02
3.419748041202189809e-02
3.414423726792395475e-02
3.409108084384333826e-02
3.403801095206428207e-02
3.398502740579809056e-02
3.393213001917425031e-02
3.387931860723156913e-02
3.382659298590952324e-02
3.377395297203955593e-02
3.372139838333663986e-02
3.366892903839076995e-02
3.361654475665874081e-02
3.356424535845578538e-02
3.351203066494755356e-02
3.345990049814198675e-02
3.340785468088140753e-02
3.335589303683461626e-02
3.330401539048916809e-02
3.325222156714360139e-02
3.320051139289993680e-02
3.314888469465608611e-02
3.309734130009846231e-02
3.304588103769460355e-02
3.299450373668594977e-02
3.294320922708061927e-02
3.289199733964636579e-02
3.284086790590348692e-02
3.278982075811796154e-02
3.273885572929451787e-02
3.268797265316990969e-02
3.263717136420617865e-02
3.258645169758402765e-02
3.253581348919626359e-02
3.248525657564133029e-02
3.243478079421688309e-02
3.238438598291343978e-02
3.233407198040816333e-02
3.228383862605860299e-02
3.223368575989662976e-02
3.218361322262235785e-02
3.213362085559812176e-02
3.208370850084262677e-02
3.203387600102501620e-02
3.198412319945914684e-02
3.193444994009784349e-02
3.188485606752722995e-02
3.183534142696113622e-02
3.178590586423558906e-02
3.173654922580331633e-02
3.168727135872833472e-02
3.163807211068062758e-02
3.158895132993084359e-02
3.153990886534505100e-02
3.149094456637959588e-02
3.144205828307596734e-02
3.139324986605574602e-02
3.134451916651562198e-02
3.129586603622241947e-02
3.124729032750823629e-02
3.119879189326558305e-02
3.115037058694264394e-02
3.110202626253851660e-02
3.105375877459855272e-02
3.100556797820971933e-02
3.095745372899603998e-02
3.090941588311409485e-02
3.086145429724851397e-02
3.081356882860757790e-02
3.076575933491886364e-02
3.071802567442488696e-02
3.067036770587883848e-02
3.062278528854039256e-02
3.057527828217146415e-02
3.052784654703213918e-02
3.048048994387655281e-02
3.043320833394884406e-02
3.038600157897917292e-02
3.033886954117975820e-02
3.029181208324096056e-02
3.024482906832744872e-02
3.019792036007433109e-02
3.015108582258339831e-02
3.010432532041938669e-02
3.005763871860627282e-02
3.001102588262360635e-02
2.996448667840290875e-02
2.991802097232407198e-02
2.987162863121184744e-02
2.982530952233233834e-02
2.977906351338951291e-02
2.973289047252181821e-02
2.968679026829876971e-02
2.964076276971759627e-02
2.959480784619996849e-02
2.954892536758866456e-02
2.950311520414437838e-02
2.945737722654249297e-02
2.941171130586990243e-02
2.936611731362190336e-02
2.932059512169905846e-02
2.927514460240417116e-02
2.922976562843920129e-02
2.918445807290231953e-02
2.913922180928489244e-02
2.909405671146857511e-02
2.904896265372238634e-02
2.900393951069985682e-02
2.895898715743617027e-02
2.891410546934535322e-02
2.886929432221750635e-02
2.882455359221605326e-02
2.877988315587501345e-02
2.873528289009629616e-02
2.869075267214707056e-02
2.864629237965710812e-02
2.860190189061619093e-02
2.855758108337150269e-02
2.851332983662514808e-02
2.846914802943155756e-02
2.842503554119502757e-02
2.838099225166723291e-02
2.833701804094482940e-02
2.829311278946698011e-02
2.824927637801301350e-02
2.820550868770001565e-02
2.816180959998051958e-02
2.811817899664020501e-02
2.807461675979556343e-02
2.803112277189168111e-02
2.798769691569993542e-02
2.794433907431587497e-02
2.790104913115692281e-02
2.785782696996027055e-02
2.781467247478072377e-02
2.777158552998853364e-02
2.772856602026734646e-02
2.768561383061211856e-02
2.764272884632701724e-02
2.759991095302342587e-02
2.755716003661791424e-02
2.751447598333022632e-02
2.747185867968136158e-02
2.742930801249155587e-02
2.738682386887840436e-02
2.734440613625491179e-02
2.730205470232761888e-02
2.725976945509473934e-02
2.721755028284428973e-02
2.717539707415226463e-02
2.713330971788083593e-02
2.709128810317652097e-02
2.704933211946845828e-02
2.700744165646661032e-02
2.696561660416003231e-02
2.692385685281516866e-02
2.688216229297412871e-02
2.684053281545300401e-02
2.679896831134022384e-02
2.675746867199485859e-02
2.671603378904503084e-02
2.667466355438628811e-02
2.663335786017996532e-02
2.659211659885164780e-02
2.655093966308957887e-02
2.650982694584311933e-02
2.646877834032120014e-02
2.642779373999079237e-02
2.638687303857545352e-02
2.634601613005376278e-02
2.630522290865790896e-02
2.626449326887220215e-02
2.622382710543162687e-02
2.618322431332041969e-02
2.614268478777066751e-02
2.610220842426087817e-02
2.606179511851462044e-02
2.602144476649911192e-02
2.598115726442391804e-02
2.594093250873956424e-02
2.590077039613618640e-02
2.586067082354228525e-02
2.582063368812333171e-02
2.578065888728055949e-02
2.574074631864959814e-02
2.570089588009929343e-02
2.566110746973038204e-02
2.562138098587429455e-02
2.558171632709189958e-02
2.554211339217230675e-02
2.550257208013164203e-02
2.546309229021187504e-02
2.542367392187962205e-02
2.538431687482497340e-02
2.534502104896034502e-02
2.530578634441933705e-02
2.526661266155557153e-02
2.522749990094160302e-02
2.518844796336777714e-02
2.514945674984113075e-02
2.511052616158432685e-02
2.507165610003452699e-02
2.503284646684236087e-02
2.499409716387084035e-02
2.495540809319432216e-02
2.491677915709746699e-02
2.487821025807420219e-02
2.483970129882670172e-02
2.480125218226438000e-02
2.476286281150289620e-02
2.472453308986313769e-02
2.468626292087027635e-02
2.464805220825275894e-02
2.460990085594137039e-02
2.457180876806826231e-02
2.453377584896601626e-02
2.449580200316670703e-02
2.445788713540097969e-02
2.442003115059710600e-02
2.438223395388011000e-02
2.434449545057084871e-02
2.430681554618510654e-02
2.426919414643273140e-02
2.423163115721675698e-02
2.419412648463251450e-02
2.415668003496679317e-02
2.411929171469697625e-02
2.408196143049020146e-02
2.404468908920252140e-02
2.400747459787808125e-02
2.397031786374827916e-02
2.393321879423097875e-02
2.389617729692968678e-02
2.385919327963274827e-02
2.382226665031256241e-02
2.378539731712481231e-02
2.374858518840766014e-02
2.371183017268099075e-02
2.367513217864565186e-02
2.363849111518268736e-02
2.360190689135259826e-02
2.356537941639458983e-02
2.352890859972584653e-02
2.349249435094077909e-02
2.345613657981033412e-02
2.341983519628124816e-02
2.338359011047535380e-02
2.334740123268886844e-02
2.331126847339170388e-02
2.327519174322674467e-02
2.323917095300922359e-02
2.320320601372597574e-02
2.316729683653479671e-02
2.313144333276377640e-02
2.309564541391063291e-02
2.305990299164203949e-02
2.302421597779300347e-02
2.298858428436618973e-02
2.295300782353131702e-02
2.291748650762448145e-02
2.288202024914756313e-02
2.284660896076758096e-02
2.281125255531608539e-02
2.277595094578854090e-02
2.274070404534372231e-02
2.270551176730310761e-02
2.267037402515028471e-02
2.263529073253034429e-02
2.260026180324932812e-02
2.256528715127359419e-02
2.253036669072928933e-02
2.249550033590174553e-02
2.246068800123492137e-02
2.242592960133083305e-02
2.239122505094900267e-02
2.235657426500591016e-02
2.232197715857441034e-02
2.228743364688324374e-02
2.225294364531642949e-02
2.221850706941279341e-02
2.218412383486538172e-02
2.214979385752096491e-02
2.211551705337951382e-02
2.208129333859365495e-02
2.204712262946819171e-02
2.201300484245955619e-02
2.197893989417532695e-02
2.194492770137372248e-02
2.191096818096309115e-02
2.187706125000142554e-02
2.184320682569586974e-02
2.180940482540223019e-02
2.177565516662448991e-02
2.174195776701433325e-02
2.170831254437067051e-02
2.167471941663915574e-02
2.164117830191172182e-02
2.160768911842613632e-02
2.157425178456549505e-02
2.154086621885781261e-02
2.150753233997552624e-02
2.147425006673508302e-02
2.144101931809645062e-02
2.140784001316270793e-02
2.137471207117959404e-02
2.134163541153504678e-02
2.130860995375881764e-02
2.127563561752197907e-02
2.124271232263654288e-02
2.120983998905502307e-02
2.117701853687000563e-02
2.114424788631373564e-02
2.111152795775770100e-02
2.107885867171221256e-02
2.104623994882600518e-02
2.101367170988583180e-02
2.098115387581604707e-02
2.094868636767822229e-02
2.091626910667072209e-02
2.088390201412833325e-02
2.085158501152187260e-02
2.081931802045778462e-02
2.078710096267774241e-02
2.075493376005829727e-02
2.072281633461047629e-02
2.069074860847939373e-02
2.065873050394390759e-02
2.062676194341620667e-02
2.059484284944147064e-02
2.056297314469747797e-02
2.053115275199425549e-02
2.049938159427371065e-02
2.046765959460926376e-02
2.043598667620550452e-02
2.040436276239781382e-02
2.037278777665203072e-02
2.034126164256407771e-02
2.030978428385964846e-02
2.027835562439381581e-02
2.024697558815071602e-02
2.021564409924320876e-02
2.018436108191250938e-02
2.015312646052788009e-02
2.012194015958627957e-02
2.009080210371203684e-02
2.005971221765651125e-02
2.002867042629776634e-02
1.999767665464024374e-02
1.996673082781443703e-02
1.993583287107657254e-02
1.990498270980828321e-02
1.987418026951628600e-02
1.984342547583207994e-02
1.981271825451161317e-02
1.978205853143497062e-02
1.975144623260609300e-02
1.972088128415241254e-02
1.969036361232460661e-02
1.965989314349624040e-02
1.962946980416349282e-02
1.959909352094484775e-02
1.956876422058079212e-02
1.953848182993351418e-02
1.950824627598662583e-02
1.947805748584483312e-02
1.944791538673367251e-02
1.941781990599921598e-02
1.938777097110776920e-02
1.935776850964558010e-02
1.932781244931858905e-02
1.929790271795208886e-02
1.926803924349049235e-02
1.923822195399702006e-02
1.920845077765342274e-02
1.917872564275973149e-02
1.914904647773393170e-02
1.911941321111173403e-02
1.908982577154628990e-02
1.906028408780789662e-02
1.903078808878374412e-02
1.900133770347765469e-02
1.897193286100979509e-02
1.894257349061643711e-02
1.891325952164965227e-02
1.888399088357709324e-02
1.885476750598170936e-02
1.882558931856147949e-02
1.879645625112916912e-02
1.876736823361207368e-02
1.873832519605173746e-02
1.870932706860373509e-02
1.868037378153738354e-02
1.865146526523551312e-02
1.862260145019421428e-02
1.859378226702257039e-02
1.856500764644242879e-02
1.853627751928815098e-02
1.850759181650635937e-02
1.847895046915568745e-02
1.845035340840656124e-02
1.842180056554092865e-02
1.839329187195204093e-02
1.836482725914419245e-02
1.833640665873250558e-02
1.830803000244266704e-02
1.827969722211071624e-02
1.825140824968280590e-02
1.822316301721493489e-02
1.819496145687277827e-02
1.816680350093139579e-02
1.813868908177503070e-02
1.811061813189688424e-02
1.808259058389887278e-02
1.805460637049140921e-02
1.802666542449316706e-02
1.799876767883087231e-02
1.797091306653906054e-02
1.794310152075987569e-02
1.791533297474282721e-02
1.788760736184457495e-02
1.785992461552871752e-02
1.783228466936556678e-02
1.780468745703193620e-02
1.777713291231090495e-02
1.774962096909162707e-02
1.772215156136910594e-02
1.769472462324397227e-02
1.766734008892228286e-02
1.763999789271530200e-02
1.761269796903929680e-02
1.758544025241531514e-02
1.755822467746898444e-02
1.753105117893030696e-02
1.750391969163344816e-02
1.747683015051651814e-02
1.744978249062139122e-02
1.742277664709347695e-02
1.739581255518152583e-02
1.736889015023743502e-02
1.734200936771602281e-02
1.731517014317485517e-02
1.728837241227402025e-02
1.726161611077594790e-02
1.723490117454519813e-02
1.720822753954826326e-02
1.718159514185337022e-02
1.715500391763030361e-02
1.712845380315018359e-02
1.710194473478528210e-02
1.707547664900881806e-02
1.704904948239479093e-02
1.702266317161775858e-02
1.699631765345265694e-02
1.697001286477461610e-02
1.694374874255875213e-02
1.691752522388000057e-02
1.689134224591289438e-02
1.686519974593141818e-02
1.683909766130877589e-02
1.681303592951724837e-02
1.678701448812796107e-02
1.676103327481074518e-02
1.673509222733391213e-02
1.670919128356409059e-02
1.668333038146604247e-02
1.665750945910248609e-02
1.663172845463388103e-02
1.660598730631828931e-02
1.658028595251117426e-02
1.655462433166521655e-02
1.652900238233014074e-02
1.650342004315254185e-02
1.647787725287568408e-02
1.645237395033936900e-02
1.642691007447970655e-02
1.640148556432896587e-02
1.637610035901539834e-02
1.635075439776306414e-02
1.632544761989164483e-02
1.630017996481628734e-02
1.627495137204741302e-02
1.624976178119055120e-02
1.622461113194617610e-02
1.619949936410952987e-02
1.617442641757044219e-02
1.614939223231317070e-02
1.612439674841623094e-02
1.609943990605221947e-02
1.607452164548764384e-02
1.604964190708278032e-02
1.602480063129146579e-02
1.599999775866096235e-02
1.597523322983177702e-02
1.595050698553749507e-02
1.592581896660462404e-02
1.590116911395241320e-02
1.587655736859270791e-02
1.585198367162977615e-02
1.582744796426013498e-02
1.580295018777240837e-02
1.577849028354715022e-02
1.575406819305668477e-02
1.572968385786495393e-02
1.570533721962734386e-02
1.568102822009052877e-02
1.565675680109232179e-02
1.563252290456149454e-02
1.560832647251764529e-02
1.558416744707100988e-02
1.556004577042233161e-02
1.553596138486267736e-02
1.551191423277330922e-02
1.548790425662551276e-02
1.546393139898043050e-02
1.543999560248892483e-02
1.541609680989141501e-02
1.539223496401772792e-02
1.536841000778692637e-02
1.534462188420717202e-02
1.532087053637558316e-02
1.529715590747804735e-02
1.527347794078908957e-02
1.524983657967173348e-02
1.522623176757731747e-02
1.520266344804537331e-02
1.517913156470344568e-02
1.515563606126698465e-02
1.513217688153915136e-02
1.510875396941069315e-02
1.508536726885978570e-02
1.506201672395188901e-02
1.503870227883959826e-02
1.501542387776249460e-02
1.499218146504699770e-02
1.496897498510621309e-02
1.494580438243980555e-02
1.492266960163382214e-02
1.489957058736057077e-02
1.487650728437846584e-02
1.485347963753188769e-02
1.483048759175102649e-02
1.480753109205174695e-02
1.478461008353544950e-02
1.476172451138890729e-02
1.473887432088415161e-02
1.471605945737829851e-02
1.469327986631342557e-02
1.467053549321642794e-02
1.464782628369887263e-02
1.462515218345685798e-02
1.460251313827086103e-02
1.457990909400562994e-02
1.455733999661000186e-02
1.453480579211679710e-02
1.451230642664265783e-02
1.448984184638791618e-02
1.446741199763645902e-02
1.444501682675558563e-02
1.442265628019586896e-02
1.440033030449101858e-02
1.437803884625774020e-02
1.435578185219560550e-02
1.433355926908690819e-02
1.431137104379653219e-02
1.428921712327180585e-02
1.426709745454238232e-02
1.424501198472009553e-02
1.422296066099881101e-02
1.420094343065432356e-02
1.417896024104418895e-02
1.415701103960761292e-02
1.413509577386529853e-02
1.411321439141932643e-02
1.409136683995302307e-02
1.406955306723081493e-02
1.404777302109810715e-02
1.402602664948114294e-02
1.400431390038687704e-02
1.398263472190284032e-02
1.396098906219701147e-02
1.393937686951767993e-02
1.391779809219332795e-02
1.389625267863248484e-02
1.387474057732359864e-02
1.385326173683491813e-02
1.383181610581435406e-02
1.381040363298934905e-02
1.378902426716675268e-02
1.376767795723268795e-02
1.374636465215241590e-02
1.372508430097023162e-02
1.370383685280931324e-02
1.368262225687160924e-02
1.366144046243769269e-02
1.364029141886664853e-02
1.361917507559594689e-02
1.359809138214130783e-02
1.357704028809658334e-02
1.355602174313362551e-02
1.353503569700215993e-02
1.351408209952967288e-02
1.349316090062126737e-02
1.347227205025954694e-02
1.345141549850449939e-02
1.343059119549335108e-02
1.340979909144046980e-02
1.338903913663721038e-02
1.336831128145182096e-02
1.334761547632930256e-02
1.332695167179128240e-02
1.330631981843590633e-02
1.328571986693769837e-02
1.326515176804745656e-02
1.324461547259211947e-02
1.322411093147464120e-02
1.320363809567388046e-02
1.318319691624447385e-02
1.316278734431670580e-02
1.314240933109640797e-02
1.312206282786482388e-02
1.310174778597849102e-02
1.308146415686911590e-02
1.306121189204346653e-02
1.304099094308324575e-02
1.302080126164496809e-02
1.300064279945984530e-02
1.298051550833367526e-02
1.296041934014669633e-02
1.294035424685350405e-02
1.292032018048290890e-02
1.290031709313782006e-02
1.288034493699514310e-02
1.286040366430565157e-02
1.284049322739386212e-02
1.282061357865792693e-02
1.280076467056952272e-02
1.278094645567372581e-02
1.276115888658888378e-02
1.274140191600653393e-02
1.272167549669124889e-02
1.270197958148054293e-02
1.268231412328475402e-02
1.266267907508692413e-02
1.264307438994268645e-02
1.262350002098014574e-02
1.260395592139977594e-02
1.258444204447429354e-02
1.256495834354854658e-02
1.254550477203940188e-02
1.252608128343563922e-02
1.250668783129782122e-02
1.248732436925819103e-02
1.246799085102056129e-02
1.244868723036018920e-02
1.242941346112367944e-02
1.241016949722886092e-02
1.239095529266467932e-02
1.237177080149107558e-02
1.235261597783889401e-02
1.233349077590975562e-02
1.231439514997594194e-02
1.229532905438029955e-02
1.227629244353611523e-02
1.225728527192701880e-02
1.223830749410685995e-02
1.221935906469960240e-02
1.220043993839921639e-02
1.218155006996956419e-02
1.216268941424429942e-02
1.214385792612673876e-02
1.212505556058977862e-02
1.210628227267575817e-02
1.208753801749637771e-02
1.206882275023256519e-02
1.205013642613438768e-02
1.203147900052092822e-02
1.201285042878018350e-02
1.199425066636896145e-02
1.197567966881276855e-02
1.195713739170569355e-02
1.193862379071031557e-02
1.192013882155758958e-02
1.190168244004673366e-02
1.188325460204513531e-02
1.186485526348823524e-02
1.184648438037942328e-02
1.182814190878992908e-02
1.180982780485872324e-02
1.179154202479240632e-02
1.177328452486510468e-02
1.175505526141836302e-02
1.173685419086104367e-02
1.171868126966921914e-02
1.170053645438605926e-02
1.168241970162174279e-02
1.166433096805333941e-02
1.164627021042470914e-02
1.162823738554640343e-02
1.161023245029555243e-02
1.159225536161576434e-02
1.157430607651703178e-02
1.155638455207560339e-02
1.153849074543391098e-02
1.152062461380044811e-02
1.150278611444966945e-02
1.148497520472188671e-02
1.146719184202317499e-02
1.144943598382526517e-02
1.143170758766543123e-02
1.141400661114641037e-02
1.139633301193627990e-02
1.137868674776837050e-02
1.136106777644115516e-02
1.134347605581815209e-02
1.132591154382782059e-02
1.130837419846347086e-02
1.129086397778314432e-02
1.127338083990952859e-02
1.125592474302985167e-02
1.123849564539578308e-02
1.122109350532332975e-02
1.120371828119274063e-02
1.118636993144840608e-02
1.116904841459875203e-02
1.115175368921615326e-02
1.113448571393682238e-02
1.111724444746071613e-02
1.110002984855143482e-02
1.108284187603612511e-02
1.106568048880537947e-02
1.104854564581314071e-02
1.103143730607659967e-02
1.101435542867610154e-02
1.099729997275504349e-02
1.098027089751977929e-02
1.096326816223952387e-02
1.094629172624624926e-02
1.092934154893459436e-02
1.091241758976176784e-02
1.089551980824744401e-02
1.087864816397366916e-02
1.086180261658477308e-02
1.084498312578725809e-02
1.082818965134971397e-02
1.081142215310272256e-02
1.079468059093874679e-02
1.077796492481205431e-02
1.076127511473861167e-02
1.074461112079598893e-02
1.072797290312326249e-02
1.071136042192092838e-02
1.069477363745080165e-02
1.067821251003591571e-02
1.066167700006044258e-02
1.064516706796958187e-02
1.062868267426947226e-02
1.061222377952710828e-02
1.059579034437023275e-02
1.057938232948724133e-02
1.056299969562710106e-02
1.054664240359924274e-02
1.053031041427348637e-02
1.051400368857993012e-02
1.049772218750885319e-02
1.048146587211065336e-02
1.046523470349571341e-02
1.044902864283434214e-02
1.043284765135666162e-02
1.041669169035252737e-02
1.040056072117141912e-02
1.038445470522237311e-02
1.036837360397386762e-02
1.035231737895374315e-02
1.033628599174911053e-02
1.032027940400625024e-02
1.030429757743053440e-02
1.028834047378632613e-02
1.027240805489688588e-02
1.025650028264429511e-02
1.024061711896935567e-02
1.022475852587148570e-02
1.020892446540866069e-02
1.019311489969729895e-02
1.017732979091217488e-02
1.016156910128633226e-02
1.014583279311100095e-02
1.013012082873549456e-02
1.011443317056712719e-02
1.009876978107112494e-02
1.008313062277053571e-02
1.006751565824613899e-02
1.005192485013635569e-02
1.003635816113716481e-02
1.002081555400200288e-02
1.000529699154169283e-02
9.989802436624339865e-03
9.974331852175249979e-03
9.958885201176846669e-03
9.943462446668566851e-03
9.928063551746794946e-03
9.912688479564753588e-03
9.897337193332434238e-03
9.882009656316496568e-03
9.866705831840183460e-03
9.851425683283246415e-03
9.836169174081841465e-03
9.820936267728447647e-03
9.805726927771787199e-03
9.790541117816728423e-03
9.775378801524209349e-03
9.760239942611142333e-03
9.745124504850334254e-03
9.730032452070398047e-03
9.714963748155665962e-03
9.699918357046109774e-03
9.684896242737241895e-03
9.669897369280040789e-03
9.654921700780860760e-03
9.639969201401359100e-03
9.625039835358385060e-03
9.610133566923924342e-03
9.595250360424988079e-03
9.580390180243546910e-03
9.565552990816444251e-03
9.550738756635293938e-03
9.535947442246421255e-03
9.521179012250764045e-03
9.506433431303785986e-03
9.491710664115401985e-03
9.477010675449891453e-03
9.462333430125815029e-03
9.447678893015924381e-03
9.433047029047087612e-03
9.418437803200200784e-03
9.403851180510106392e-03
9.389287126065515299e-03
9.374745605008911326e-03
9.360226582536481862e-03
9.345730023898025929e-03
9.331255894396881315e-03
9.316804159389825701e-03
9.302374784287015946e-03
9.287967734551889204e-03
9.273582975701086598e-03
9.259220473304376892e-03
9.244880192984562817e-03
9.230562100417408211e-03
9.216266161331556489e-03
9.201992341508445639e-03
9.187740606782231895e-03
9.173510923039699533e-03
9.159303256220189746e-03
9.145117572315519111e-03
9.130953837369887652e-03
9.116812017479814650e-03
9.102692078794043240e-03
9.088593987513472749e-03
9.074517709891070233e-03
9.060463212231790672e-03
9.046430460892502384e-03
9.032419422281900284e-03
9.018430062860434762e-03
9.004462349140224947e-03
8.990516247684978909e-03
8.976591725109920802e-03
8.962688748081711065e-03
8.948807283318354483e-03
8.934947297589139470e-03
8.921108757714544396e-03
8.907291630566171667e-03
8.893495883066660987e-03
8.879721482189607829e-03
8.865968394959497512e-03
8.852236588451613264e-03
8.838526029791968566e-03
8.824836686157223886e-03
8.811168524774605146e-03
8.797521512921839537e-03
8.783895617927060112e-03
8.770290807168748537e-03
8.756707048075632743e-03
8.743144308126634887e-03
8.729602554850777671e-03
8.716081755827113225e-03
8.702581878684646777e-03
8.689102891102256851e-03
8.675644760808620681e-03
8.662207455582141349e-03
8.648790943250861049e-03
8.635395191692396902e-03
8.622020168833855955e-03
8.608665842651764058e-03
8.595332181171986066e-03
8.582019152469658185e-03
8.568726724669094297e-03
8.555454865943737386e-03
8.542203544516055458e-03
8.528972728657494701e-03
8.515762386688368463e-03
8.502572486977824293e-03
8.489402997943738122e-03
8.476253888052648344e-03
8.463125125819681224e-03
8.450016679808479772e-03
8.436928518631127416e-03
8.423860610948066471e-03
8.410812925468035689e-03
8.397785430947986990e-03
8.384778096193017810e-03
8.371790890056289569e-03
8.358823781438956546e-03
8.345876739290103430e-03
8.332949732606651644e-03
8.320042730433303835e-03
8.307155701862457137e-03
8.294288616034138986e-03
8.281441442135930794e-03
8.268614149402895089e-03
8.255806707117495716e-03
8.243019084609545799e-03
8.230251251256103656e-03
8.217503176481431165e-03
8.204774829756900090e-03
8.192066180600931363e-03
8.179377198578911823e-03
8.166707853303138698e-03
8.154058114432727669e-03
8.141427951673557359e-03
8.128817334778194736e-03
8.116226233545808383e-03
8.103654617822118184e-03
8.091102457499306858e-03
8.078569722515964446e-03
8.066056382857003312e-03
8.053562408553587015e-03
8.041087769683073067e-03
8.028632436368931397e-03
8.016196378780669762e-03
8.003779567133774767e-03
7.991381971689633795e-03
7.979003562755462159e-03
7.966644310684240643e-03
7.954304185874642649e-03
7.941983158770954399e-03
7.929681199863021154e-03
7.917398279686167425e-03
7.905134368821122373e-03
7.892889437893964300e-03
7.880663457576037381e-03
7.868456398583892689e-03
7.856268231679210123e-03
7.844098927668734234e-03
7.831948457404204825e-03
7.819816791782285836e-03
7.807703901744495086e-03
7.795609758277140949e-03
7.783534332411249507e-03
7.771477595222495149e-03
7.759439517831132928e-03
7.747420071401935233e-03
7.735419227144112869e-03
7.723436956311256069e-03
7.711473230201261637e-03
7.699528020156267902e-03
7.687601297562582717e-03
7.675693033850621017e-03
7.663803200494832824e-03
7.651931769013633859e-03
7.640078710969347431e-03
7.628243997968124634e-03
7.616427601659885374e-03
7.604629493738249840e-03
7.592849645940469988e-03
7.581088030047367088e-03
7.569344617883250192e-03
7.557619381315867566e-03
7.545912292256330353e-03
7.534223322659048400e-03
7.522552444521664328e-03
7.510899629884985884e-03
7.499264850832918286e-03
7.487648079492397434e-03
7.476049288033330062e-03
7.464468448668524353e-03
7.452905533653621413e-03
7.441360515287031088e-03
7.429833365909866913e-03
7.418324057905880189e-03
7.406832563701396671e-03
7.395358855765244571e-03
7.383902906608699052e-03
7.372464688785407630e-03
7.361044174891335536e-03
7.349641337564685913e-03
7.338256149485850380e-03
7.326888583377332703e-03
7.315538612003692417e-03
7.304206208171475437e-03
7.292891344729151605e-03
7.281593994567046174e-03
7.270314130617281691e-03
7.259051725853714679e-03
7.247806753291858445e-03
7.236579185988835372e-03
7.225368997043304931e-03
7.214176159595399491e-03
7.203000646826664480e-03
7.191842431959992454e-03
7.180701488259557189e-03
7.169577789030755557e-03
7.158471307620141617e-03
7.147382017415356351e-03
7.136309891845079960e-03
7.125254904378959878e-03
7.114217028527542244e-03
7.103196237842220734e-03
7.092192505915164563e-03
7.081205806379260378e-03
7.070236112908052407e-03
7.059283399215672203e-03
7.048347639056781397e-03
7.037428806226509251e-03
7.026526874560391073e-03
7.015641817934303165e-03
7.004773610264402109e-03
6.993922225507067519e-03
6.983087637658830921e-03
6.972269820756323705e-03
6.961468748876209478e-03
6.950684396135121609e-03
6.939916736689611190e-03
6.929165744736069839e-03
6.918431394510687199e-03
6.907713660289372878e-03
6.897012516387708743e-03
6.886327937160880396e-03
6.875659897003613859e-03
6.865008370350124400e-03
6.854373331674048012e-03
6.843754755488387631e-03
6.833152616345440286e-03
6.822566888836750255e-03
6.811997547593044884e-03
6.801444567284169532e-03
6.790907922619029459e-03
6.780387588345537786e-03
6.769883539250545236e-03
6.759395750159782022e-03
6.748924195937804071e-03
6.738468851487926237e-03
6.728029691752169389e-03
6.717606691711195364e-03
6.707199826384250586e-03
6.696809070829106217e-03
6.686434400141997442e-03
6.676075789457569694e-03
6.665733213948810999e-03
6.655406648827001670e-03
6.645096069341648384e-03
6.634801450780431278e-03
6.624522768469142363e-03
6.614259997771626542e-03
6.604013114089724371e-03
6.593782092863213068e-03
6.583566909569748410e-03
6.573367539724806613e-03
6.563183958881628824e-03
6.553016142631155200e-03
6.542864066601977203e-03
6.532727706460271684e-03
6.522607037909747968e-03
6.512502036691588878e-03
6.502412678584390884e-03
6.492338939404109464e-03
6.482280795004003587e-03
6.472238221274569797e-03
6.462211194143495374e-03
6.452199689575594151e-03
6.442203683572754469e-03
6.432223152173877599e-03
6.422258071454823962e-03
6.412308417528355883e-03
6.402374166544078614e-03
6.392455294688384818e-03
6.382551778184403397e-03
6.372663593291934443e-03
6.362790716307396323e-03
6.352933123563771906e-03
6.343090791430550449e-03
6.333263696313670352e-03
6.323451814655463646e-03
6.313655122934603084e-03
6.303873597666040558e-03
6.294107215400957661e-03
6.284355952726704969e-03
6.274619786266750002e-03
6.264898692680619108e-03
6.255192648663846292e-03
6.245501630947907293e-03
6.235825616300181423e-03
6.226164581523879575e-03
6.216518503457999986e-03
6.206887358977267524e-03
6.197271124992083380e-03
6.187669778448466086e-03
6.178083296327997742e-03
6.168511655647772839e-03
6.158954833460338410e-03
6.149412806853644595e-03
6.139885552950983053e-03
6.130373048910942729e-03
6.120875271927347407e-03
6.111392199229205395e-03
6.101923808080653155e-03
6.092470075780903258e-03
6.083030979664189736e-03
6.073606497099714313e-03
6.064196605491592625e-03
6.054801282278802176e-03
6.045420504935125096e-03
6.036054250969096965e-03
6.026702497923953905e-03
6.017365223377578801e-03
6.008042404942445791e-03
5.998734020265572564e-03
5.989440047028460508e-03
5.980160462947045272e-03
5.970895245771646459e-03
5.961644373286910381e-03
5.952407823311756281e-03
5.943185573699329496e-03
5.933977602336942478e-03
5.924783887146029687e-03
5.915604406082085147e-03
5.906439137134620807e-03
5.897288058327107563e-03
5.888151147716923217e-03
5.879028383395304772e-03
5.869919743487288580e-03
5.860825206151666113e-03
5.851744749580931049e-03
5.842678352001222028e-03
5.833625991672276682e-03
5.824587646887377859e-03
5.815563295973301579e-03
5.806552917290264126e-03
5.797556489231876081e-03
5.788573990225085938e-03
5.779605398730127200e-03
5.770650693240474138e-03
5.761709852282786287e-03
5.752782854416858133e-03
5.743869678235565338e-03
5.734970302364819639e-03
5.726084705463514203e-03
5.717212866223474188e-03
5.708354763369404700e-03
5.699510375658840486e-03
5.690679681882098231e-03
5.681862660862222782e-03
5.673059291454939437e-03
5.664269552548598444e-03
5.655493423064136826e-03
5.646730881955011605e-03
5.637981908207162496e-03
5.629246480838959871e-03
5.620524578901147511e-03
5.611816181476804444e-03
5.603121267681284226e-03
5.594439816662173312e-03
5.585771807599234674e-03
5.577117219704367905e-03
5.568476032221547634e-03
5.559848224426785362e-03
5.551233775628072221e-03
5.542632665165334732e-03
5.534044872410381032e-03
5.525470376766859239e-03
5.516909157670196739e-03
5.508361194587569828e-03
5.499826467017831719e-03
5.491304954491483051e-03
5.482796636570612045e-03
5.474301492848853735e-03
5.465819502951331857e-03
5.457350646534623283e-03
5.448894903286693840e-03
5.440452252926867086e-03
5.432022675205760986e-03
5.423606149905249758e-03
5.415202656838411822e-03
5.406812175849482968e-03
5.398434686813806047e-03
5.390070169637787602e-03
5.381718604258845830e-03
5.373379970645364608e-03
5.365054248796645789e-03
5.356741418742861499e-03
5.348441460545010767e-03
5.340154354294859677e-03
5.331880080114910145e-03
5.323618618158342669e-03
5.315369948608971232e-03
5.307134051681196459e-03
5.298910907619957915e-03
5.290700496700691605e-03
5.282502799229272725e-03
5.274317795541980103e-03
5.266145466005445891e-03
5.257985791016602656e-03
5.249838751002646950e-03
5.241704326420983800e-03
5.233582497759186811e-03
5.225473245534946118e-03
5.217376550296028495e-03
5.209292392620227044e-03
5.201220753115310888e-03
5.193161612418990478e-03
5.185114951198860345e-03
5.177080750152358336e-03
5.169058990006719645e-03
5.161049651518929970e-03
5.153052715475681285e-03
5.145068162693321526e-03
5.137095974017816431e-03
5.129136130324696632e-03
5.121188612519018621e-03
5.113253401535312707e-03
5.105330478337543124e-03
5.097419823919060317e-03
5.089521419302554979e-03
5.081635245540018150e-03
5.073761283712688308e-03
5.065899514931009734e-03
5.058049920334590881e-03
5.050212481092154065e-03
5.042387178401495570e-03
5.034573993489435337e-03
5.026772907611778800e-03
5.018983902053268317e-03
5.011206958127538066e-03
5.003442057177070676e-03
4.995689180573154725e-03
4.987948309715838774e-03
4.980219426033886260e-03
4.972502510984732130e-03
4.964797546054439473e-03
4.957104512757652681e-03
4.949423392637558421e-03
4.941754167265836190e-03
4.934096818242621890e-03
4.926451327196451450e-03
4.918817675784231333e-03
4.911195845691187362e-03
4.903585818630821352e-03
4.895987576344868614e-03
4.888401100603252843e-03
4.880826373204047962e-03
4.873263375973428679e-03
4.865712090765629723e-03
4.858172499462904206e-03
4.850644583975477660e-03
4.843128326241505528e-03
4.835623708227035009e-03
4.828130711925952140e-03
4.820649319359949711e-03
4.813179512578478689e-03
4.805721273658704849e-03
4.798274584705469747e-03
4.790839427851243011e-03
4.783415785256086780e-03
4.776003639107608001e-03
4.768602971620917660e-03
4.761213765038584816e-03
4.753836001630604505e-03
4.746469663694343963e-03
4.739114733554504466e-03
4.731771193563085766e-03
4.724439026099333180e-03
4.717118213569701166e-03
4.709808738407816019e-03
4.702510583074423836e-03
4.695223730057355820e-03
4.687948161871485775e-03
4.680683861058687611e-03
4.673430810187794576e-03
4.666188991854554151e-03
4.658958388681592490e-03
4.651738983318368451e-03
4.644530758441135429e-03
4.637333696752896257e-03
4.630147780983366775e-03
4.622972993888928989e-03
4.615809318252598985e-03
4.608656736883974016e-03
4.601515232619202145e-03
4.594384788320935407e-03
4.587265386878290781e-03
4.580157011206809417e-03
4.573059644248415878e-03
4.565973268971377369e-03
4.558897868370265574e-03
4.551833425465909820e-03
4.544779923305364983e-03
4.537737344961862915e-03
4.530705673534780355e-03
4.523684892149590353e-03
4.516674983957830181e-03
4.509675932137056226e-03
4.502687719890801493e-03
4.495710330448543512e-03
4.488743747065655765e-03
4.481787953023378193e-03
4.474842931628765161e-03
4.467908666214655961e-03
4.460985140139626243e-03
4.454072336787956790e-03
4.447170239569591885e-03
4.440278831920094205e-03
4.433398097300609263e-03
4.426528019197828109e-03
4.419668581123947435e-03
4.412819766616624464e-03
4.405981559238945737e-03
4.399153942579381998e-03
4.392336900251753509e-03
4.385530415895189278e-03
4.378734473174083694e-03
4.371949055778066168e-03
4.365174147421956030e-03
4.358409731845726102e-03
4.351655792814462798e-03
4.344912314118327956e-03
4.338179279572519816e-03
4.331456673017238315e-03
4.324744478317638259e-03
4.318042679363800693e-03
4.311351260070686066e-03
4.304670204378102140e-03
4.297999496250660620e-03
4.291339119677743327e-03
4.284689058673462302e-03
4.278049297276620769e-03
4.271419819550677580e-03
4.264800609583705576e-03
4.258191651488356030e-03
4.251592929401823082e-03
4.245004427485800369e-03
4.238426129926447204e-03
4.231858020934352142e-03
4.225300084744489613e-03
4.218752305616189566e-03
4.212214667833092362e-03
4.205687155703121023e-03
4.199169753558433527e-03
4.192662445755390710e-03
4.186165216674520712e-03
4.179678050720475602e-03
4.173200932322004494e-03
4.166733845931903241e-03
4.160276776026986673e-03
4.153829707108051307e-03
4.147392623699834580e-03
4.140965510350977548e-03
4.134548351633993667e-03
4.128141132145227155e-03
4.121743836504816565e-03
4.115356449356660090e-03
4.108978955368379135e-03
4.102611339231279283e-03
4.096253585660314736e-03
4.089905679394054486e-03
4.083567605194642416e-03
4.077239347847764345e-03
4.070920892162606386e-03
4.064612222971824597e-03
4.058313325131505944e-03
4.052024183521135345e-03
4.045744783043552298e-03
4.039475108624922262e-03
4.033215145214698490e-03
4.026964877785583867e-03
4.020724291333498818e-03
4.014493370877543141e-03
4.008272101459962183e-03
4.002060468146106074e-03
3.995858456024402837e-03
3.989666050206313284e-03
3.983483235826304134e-03
3.977309998041806370e-03
3.971146322033182290e-03
3.964992193003691670e-03
3.958847596179452741e-03
3.952712516809410957e-03
3.946586940165299970e-03
3.940470851541609532e-03
3.934364236255549936e-03
3.928267079647014721e-03
3.922179367078550312e-03
3.916101083935315252e-03
3.910032215625051585e-03
3.903972747578043218e-03
3.897922665247087731e-03
3.891881954107458651e-03
3.885850599656869887e-03
3.879828587415442773e-03
3.873815902925670067e-03
3.867812531752382998e-03
3.861818459482719169e-03
3.855833671726080058e-03
3.849858154114107166e-03
3.843891892300638213e-03
3.837934871961680254e-03
3.831987078795371510e-03
3.826048498521948844e-03
3.820119116883712203e-03
3.814198919644991650e-03
3.808287892592115281e-03
3.802386021533370186e-03
3.796493292298975999e-03
3.790609690741043262e-03
3.784735202733545238e-03
3.778869814172283216e-03
3.773013510974848779e-03
3.767166279080596918e-03
3.761328104450607866e-03
3.755498973067653706e-03
3.749678870936168883e-03
3.743867784082211166e-03
3.738065698553431730e-03
3.732272600419042196e-03
3.726488475769781233e-03
3.720713310717877267e-03
3.714947091397023324e-03
3.709189803962336697e-03
3.703441434590329893e-03
3.697701969478873769e-03
3.691971394847171073e-03
3.686249696935716552e-03
3.680536862006270928e-03
3.674832876341820129e-03
3.669137726246550144e-03
3.663451398045810582e-03
3.657773878086081724e-03
3.652105152734944592e-03
3.646445208381044953e-03
3.640794031434063834e-03
3.635151608324683689e-03
3.629517925504557180e-03
3.623892969446271175e-03
3.618276726643319431e-03
3.612669183610068765e-03
3.607070326881723493e-03
3.601480143014301576e-03
3.595898618584590818e-03
3.590325740190126319e-03
3.584761494449154907e-03
3.579205868000604352e-03
3.573658847504049101e-03
3.568120419639681656e-03
3.562590571108278318e-03
3.557069288631170556e-03
3.551556558950207283e-03
3.546052368827730568e-03
3.540556705046537904e-03
3.535069554409857057e-03
3.529590903741305734e-03
3.524120739884871196e-03
3.518659049704868629e-03
3.513205820085915990e-03
3.507761037932899742e-03
3.502324690170945803e-03
3.496896763745387451e-03
3.491477245621734532e-03
3.486066122785638332e-03
3.480663382242869027e-03
3.475269011019275784e-03
3.469882996160761172e-03
3.464505324733251242e-03
3.459135983822656923e-03
3.453774960534852778e-03
3.448422241995641874e-03
3.443077815350722819e-03
3.437741667765661577e-03
3.432413786425863277e-03
3.427094158536537517e-03
3.421782771322667577e-03
3.416479612028984827e-03
3.411184667919933168e-03
3.405897926279641275e-03
3.400619374411891806e-03
3.395348999640091479e-03
3.390086789307238981e-03
3.384832730775895471e-03
3.379586811428157700e-03
3.374349018665621577e-03
3.369119339909360487e-03
3.363897762599884957e-03
3.358684274197123142e-03
3.353478862180382658e-03
3.348281514048326302e-03
3.343092217318937350e-03
3.337910959529495278e-03
3.332737728236540627e-03
3.327572511015848555e-03
3.322415295462398908e-03
3.317266069190346733e-03
3.312124819832990182e-03
3.306991535042743194e-03
3.301866202491107738e-03
3.296748809868640419e-03
3.291639344884925156e-03
3.286537795268544560e-03
3.281444148767049141e-03
3.276358393146929122e-03
3.271280516193584946e-03
3.266210505711296917e-03
3.261148349523199184e-03
3.256094035471245908e-03
3.251047551416187849e-03
3.246008885237539401e-03
3.240978024833549975e-03
3.235954958121177102e-03
3.230939673036055219e-03
3.225932157532469639e-03
3.220932399583324897e-03
3.215940387180118293e-03
3.210956108332909537e-03
3.205979551070292123e-03
3.201010703439369047e-03
3.196049553505715506e-03
3.191096089353360251e-03
3.186150299084749594e-03
3.181212170820723120e-03
3.176281692700484195e-03
3.171358852881571346e-03
3.166443639539829637e-03
3.161536040869383779e-03
3.156636045082609511e-03
3.151743640410103672e-03
3.146858815100659051e-03
3.141981557421233591e-03
3.137111855656924374e-03
3.132249698110939427e-03
3.127395073104567800e-03
3.122547968977153546e-03
3.117708374086068830e-03
3.112876276806682708e-03
3.108051665532336402e-03
3.103234528674315117e-03
3.098424854661818544e-03
3.093622631941937012e-03
3.088827848979617229e-03
3.084040494257643192e-03
3.079260556276602369e-03
3.074488023554859673e-03
3.069722884628533176e-03
3.064965128051460718e-03
3.060214742395178655e-03
3.055471716248891502e-03
3.050736038219444175e-03
3.046007696931297276e-03
3.041286681026496731e-03
3.036572979164649071e-03
3.031866580022894980e-03
3.027167472295879368e-03
3.022475644695724051e-03
3.017791085952007367e-03
3.013113784811729048e-03
3.008443730039286803e-03
3.003780910416451594e-03
2.999125314742336849e-03
2.994476931833374607e-03
2.989835750523286897e-03
2.985201759663061449e-03
2.980574948120921774e-03
2.975955304782303742e-03
2.971342818549827392e-03
2.966737478343270482e-03
2.962139273099542031e-03
2.957548191772656297e-03
2.952964223333706759e-03
2.948387356770838796e-03
2.943817581089223229e-03
2.939254885311032468e-03
2.934699258475409293e-03
2.930150689638447332e-03
2.925609167873159840e-03
2.921074682269453673e-03
2.916547221934107613e-03
2.912026775990741133e-03
2.907513333579791852e-03
2.903006883858488645e-03
2.898507416000825187e-03
2.894014919197534369e-03
2.889529382656062274e-03
2.885050795600543894e-03
2.880579147271774502e-03
2.876114426927187107e-03
2.871656623840824693e-03
2.867205727303315504e-03
2.862761726621846584e-03
2.858324611120139497e-03
2.853894370138423432e-03
2.849470993033412225e-03
2.845054469178273995e-03
2.840644787962610766e-03
2.836241938792431576e-03
2.831845911090127323e-03
2.827456694294442144e-03
2.823074277860455200e-03
2.818698651259547716e-03
2.814329803979383031e-03
2.809967725523880144e-03
2.805612405413187259e-03
2.801263833183658802e-03
2.796921998387829397e-03
2.792586890594387847e-03
2.788258499388155884e-03
2.783936814370057376e-03
2.779621825157099248e-03
2.775313521382343721e-03
2.771011892694883599e-03
2.766716928759818846e-03
2.762428619258229696e-03
2.758146953887154543e-03
2.753871922359563910e-03
2.749603514404335303e-03
2.745341719766230659e-03
2.741086528205869451e-03
2.736837929499707014e-03
2.732595913440005915e-03
2.728360469834816872e-03
2.724131588507948832e-03
2.719909259298950756e-03
2.715693472063081260e-03
2.711484216671289100e-03
2.707281483010184984e-03
2.703085260982021620e-03
2.698895540504665964e-03
2.694712311511576232e-03
2.690535563951780215e-03
2.686365287789847095e-03
2.682201473005866622e-03
2.678044109595423099e-03
2.673893187569574992e-03
2.669748696954825015e-03
2.665610627793103208e-03
2.661478970141736150e-03
2.657353714073430913e-03
2.653234849676243401e-03
2.649122367053561439e-03
2.645016256324076147e-03
2.640916507621761562e-03
2.636823111095848177e-03
2.632736056910803864e-03
2.628655335246304816e-03
2.624580936297215162e-03
2.620512850273564853e-03
2.616451067400523203e-03
2.612395577918377211e-03
2.608346372082508136e-03
2.604303440163367213e-03
2.600266772446453104e-03
2.596236359232289778e-03
2.592212190836401791e-03
2.588194257589291301e-03
2.584182549836415953e-03
2.580177057938164153e-03
2.576177772269833827e-03
2.572184683221607690e-03
2.568197781198531572e-03
2.564217056620490993e-03
2.560242499922188615e-03
2.556274101553120820e-03
2.552311851977555161e-03
2.548355741674506944e-03
2.544405761137717541e-03
2.540461900875632274e-03
2.536524151411373960e-03
2.532592503282726434e-03
2.528666947042104186e-03
2.524747473256538487e-03
2.520834072507646163e-03
2.516926735391613983e-03
2.513025452519173069e-03
2.509130214515575483e-03
2.505241012020574705e-03
2.501357835688399617e-03
2.497480676187736719e-03
2.493609524201704543e-03
2.489744370427830235e-03
2.485885205578032640e-03
2.482032020378593246e-03
2.478184805570139704e-03
2.474343551907620675e-03
2.470508250160284580e-03
2.466678891111656613e-03
2.462855465559519227e-03
2.459037964315886979e-03
2.455226378206987019e-03
2.451420698073234795e-03
2.447620914769214982e-03
2.443827019163656751e-03
2.440039002139413396e-03
2.436256854593442378e-03
2.432480567436778873e-03
2.428710131594518859e-03
2.424945538005793960e-03
2.421186777623751066e-03
2.417433841415532816e-03
2.413686720362251577e-03
2.409945405458971228e-03
2.406209887714684179e-03
2.402480158152290983e-03
2.398756207808578657e-03
2.395038027734197258e-03
2.391325608993640807e-03
2.387618942665224731e-03
2.383918019841066785e-03
2.380222831627060165e-03
2.376533369142860494e-03
2.372849623521856334e-03
2.369171585911153139e-03
2.365499247471551138e-03
2.361832599377522348e-03
2.358171632817192796e-03
2.354516338992316930e-03
2.350866709118261573e-03
2.347222734423979468e-03
2.343584406151994967e-03
2.339951715558376277e-03
2.336324653912718978e-03
2.332703212498123471e-03
2.329087382611174598e-03
2.325477155561921257e-03
2.321872522673853849e-03
2.318273475283885200e-03
2.314680004742329742e-03
2.311092102412882262e-03
2.307509759672597086e-03
2.303932967911867698e-03
2.300361718534407220e-03
2.296796002957225431e-03
2.293235812610610550e-03
2.289681138938107555e-03
2.286131973396499095e-03
2.282588307455780778e-03
2.279050132599148588e-03
2.275517440322969830e-03
2.271990222136768822e-03
2.268468469563203905e-03
2.264952174138048363e-03
2.261441327410169174e-03
2.257935920941507059e-03
2.254435946307057834e-03
2.250941395094849425e-03
2.247452258905924087e-03
2.243968529354316288e-03
2.240490198067034925e-03
2.237017256684042509e-03
2.233549696858234349e-03
2.230087510255418168e-03
2.226630688554296321e-03
2.223179223446444114e-03
2.219733106636290719e-03
2.216292329841098360e-03
2.212856884790944528e-03
2.209426763228698569e-03
2.206001956910007365e-03
2.202582457603268883e-03
2.199168257089618300e-03
2.195759347162906747e-03
2.192355719629678762e-03
2.188957366309156674e-03
2.185564279033218489e-03
2.182176449646378372e-03
2.178793870005769732e-03
2.175416531981123544e-03
2.172044427454747524e-03
2.168677548321510089e-03
2.165315886488818672e-03
2.161959433876601503e-03
2.158608182417286799e-03
2.155262124055785846e-03
2.151921250749470882e-03
2.148585554468158184e-03
2.145255027194086818e-03
2.141929660921902158e-03
2.138609447658633769e-03
2.135294379423678928e-03
2.131984448248780938e-03
2.128679646178012214e-03
2.125379965267753905e-03
2.122085397586677673e-03
2.118795935215726615e-03
2.115511570248095313e-03
2.112232294789212917e-03
2.108958100956721468e-03
2.105688980880460279e-03
2.102424926702444255e-03
2.099165930576846542e-03
2.095911984669979449e-03
2.092663081160276231e-03
2.089419212238270707e-03
2.086180370106581645e-03
2.082946546979889783e-03
2.079717735084923511e-03
2.076493926660436754e-03
2.073275113957194233e-03
2.070061289237947605e-03
2.066852444777422890e-03
2.063648572862297487e-03
2.060449665791183257e-03
2.057255715874609613e-03
2.054066715435001397e-03
2.050882656806664577e-03
2.047703532335764989e-03
2.044529334380311859e-03
2.041360055310139157e-03
2.038195687506885647e-03
2.035036223363977971e-03
2.031881655286614172e-03
2.028731975691742007e-03
2.025587177008042906e-03
2.022447251675913750e-03
2.019312192147448663e-03
2.016181990886420795e-03
2.013056640368263237e-03
2.009936133080053415e-03
2.006820461520493135e-03
2.003709618199891237e-03
2.000603595640144949e-03
1.997502386374724707e-03
1.994405982948652470e-03
1.991314377918485239e-03
1.988227563852299883e-03
1.985145533329671450e-03
1.982068278941657123e-03
1.978995793290779306e-03
1.975928068991006543e-03
1.972865098667736170e-03
1.969806874957776531e-03
1.966753390509331373e-03
1.963704637981977721e-03
1.960660610046654172e-03
1.957621299385638343e-03
1.954586698692531259e-03
1.951556800672240872e-03
1.948531598040962980e-03
1.945511083526164746e-03
1.942495249866566485e-03
1.939484089812125184e-03
1.936477596124017153e-03
1.933475761574619377e-03
1.930478578947493690e-03
1.927486041037367905e-03
1.924498140650121505e-03
1.921514870602764177e-03
1.918536223723422800e-03
1.915562192851321278e-03
1.912592770836764929e-03
1.909627950541122488e-03
1.906667724836810492e-03
1.903712086607273982e-03
1.900761028746971544e-03
1.897814544161356655e-03
1.894872625766862509e-03
1.891935266490882717e-03
1.889002459271756345e-03
1.886074197058750998e-03
1.883150472812043525e-03
1.880231279502706139e-03
1.877316610112689070e-03
1.874406457634800616e-03
1.871500815072695435e-03
1.868599675440853723e-03
1.865703031764565176e-03
1.862810877079915106e-03
1.859923204433763626e-03
1.857040006883732639e-03
1.854161277498186759e-03
1.851287009356216394e-03
1.848417195547625170e-03
1.845551829172908248e-03
1.842690903343239314e-03
1.839834411180452361e-03
1.836982345817025431e-03
1.834134700396065649e-03
1.831291468071289709e-03
1.828452642007011514e-03
1.825618215378122444e-03
1.822788181370076175e-03
1.819962533178873503e-03
1.817141264011043478e-03
1.814324367083629957e-03
1.811511835624172746e-03
1.808703662870694145e-03
1.805899842071680313e-03
1.803100366486066076e-03
1.800305229383219758e-03
1.797514424042924745e-03
1.794727943755365391e-03
1.791945781821110322e-03
1.789167931551096172e-03
1.786394386266611321e-03
1.783625139299281799e-03
1.780860183991051990e-03
1.778099513694171400e-03
1.775343121771178400e-03
1.772591001594882223e-03
1.769843146548350605e-03
1.767099550024890057e-03
1.764360205428033932e-03
1.761625106171522698e-03
1.758894245679292010e-03
1.756167617385452975e-03
1.753445214734280881e-03
1.750727031180195244e-03
1.748013060187747015e-03
1.745303295231601451e-03
1.742597729796523153e-03
1.739896357377360668e-03
1.737199171479029795e-03
1.734506165616499056e-03
1.731817333314773864e-03
1.729132668108881131e-03
1.726452163543853004e-03
1.723775813174713636e-03
1.721103610566460107e-03
1.718435549294049843e-03
1.715771622942386092e-03
1.713111825106297757e-03
1.710456149390529633e-03
1.707804589409724419e-03
1.705157138788406662e-03
1.702513791160968452e-03
1.699874540171655759e-03
1.697239379474549783e-03
1.694608302733555030e-03
1.691981303622381531e-03
1.689358375824531614e-03
1.686739513033284508e-03
1.684124708951679865e-03
1.681513957292503445e-03
1.678907251778272592e-03
1.676304586141221051e-03
1.673705954123283143e-03
1.671111349476080100e-03
1.668520765960903370e-03
1.665934197348701174e-03
1.663351637420062024e-03
1.660773079965202582e-03
1.658198518783950094e-03
1.655627947685727862e-03
1.653061360489541370e-03
1.650498751023964181e-03
1.647940113127120600e-03
1.645385440646672873e-03
1.642834727439806443e-03
1.640287967373214341e-03
1.637745154323082437e-03
1.635206282175076216e-03
1.632671344824324512e-03
1.630140336175405413e-03
1.627613250142332171e-03
1.625090080648538236e-03
1.622570821626862295e-03
1.620055467019533742e-03
1.617544010778160105e-03
1.615036446863709046e-03
1.612532769246496651e-03
1.610032971906172686e-03
1.607537048831705201e-03
1.605044994021366002e-03
1.602556801482717206e-03
1.600072465232597147e-03
1.597591979297104548e-03
1.595115337711585507e-03
1.592642534520618321e-03
1.590173563778000260e-03
1.587708419546732166e-03
1.585247095899005015e-03
1.582789586916185168e-03
1.580335886688800928e-03
1.577885989316527796e-03
1.575439888908174591e-03
1.572997579581668273e-03
1.570559055464042231e-03
1.568124310691419807e-03
1.565693339409001284e-03
1.563266135771050006e-03
1.560842693940878070e-03
1.558423008090832878e-03
1.556007072402281529e-03
1.553594881065599106e-03
1.551186428280153067e-03
1.548781708254290228e-03
1.546380715205322460e-03
1.543983443359513673e-03
1.541589886952064422e-03
1.539200040227099112e-03
1.536813897437652125e-03
1.534431452845654367e-03
1.532052700721919184e-03
1.529677635346127391e-03
1.527306251006816003e-03
1.524938542001362616e-03
1.522574502635973270e-03
1.520214127225667268e-03
1.517857410094263513e-03
1.515504345574369234e-03
1.513154928007363724e-03
1.510809151743386196e-03
1.508467011141321470e-03
1.506128500568787399e-03
1.503793614402120556e-03
1.501462347026363657e-03
1.499134692835250166e-03
1.496810646231193018e-03
1.494490201625270961e-03
1.492173353437213374e-03
1.489860096095388560e-03
1.487550424036790733e-03
1.485244331707023975e-03
1.482941813560293125e-03
1.480642864059386003e-03
1.478347477675663862e-03
1.476055648889045783e-03
1.473767372187996093e-03
1.471482642069512660e-03
1.469201453039110407e-03
1.466923799610811777e-03
1.464649676307130466e-03
1.462379077659060802e-03
1.460111998206063211e-03
1.457848432496050995e-03
1.455588375085378403e-03
1.453331820538826752e-03
1.451078763429590988e-03
1.448829198339268405e-03
1.446583119857843035e-03
1.444340522583675455e-03
1.442101401123487827e-03
1.439865750092351538e-03
1.437633564113674836e-03
1.435404837819189393e-03
1.433179565848938155e-03
1.430957742851260168e-03
1.428739363482781684e-03
1.426524422408399686e-03
1.424312914301270822e-03
1.422104833842798835e-03
1.419900175722620898e-03
1.417698934638595906e-03
1.415501105296789949e-03
1.413306682411466769e-03
1.411115660705071278e-03
1.408928034908220458e-03
1.406743799759687958e-03
1.404562950006393038e-03
1.402385480403387993e-03
1.400211385713843841e-03
1.398040660709040563e-03
1.395873300168352579e-03
1.393709298879235734e-03
1.391548651637217323e-03
1.389391353245881134e-03
1.387237398516855949e-03
1.385086782269803621e-03
1.382939499332405632e-03
1.380795544540351812e-03
1.378654912737326465e-03
1.376517598774997745e-03
1.374383597513003123e-03
1.372252903818940283e-03
1.370125512568351293e-03
1.368001418644712412e-03
1.365880616939422164e-03
1.363763102351787243e-03
1.361648869789011240e-03
1.359537914166183362e-03
1.357430230406264995e-03
1.355325813440077989e-03
1.353224658206291647e-03
1.351126759651412757e-03
1.349032112729771273e-03
1.346940712403508827e-03
1.344852553642567668e-03
1.342767631424676786e-03
1.340685940735342370e-03
1.338607476567832411e-03
1.336532233923167813e-03
1.334460207810108951e-03
1.332391393245143741e-03
1.330325785252476148e-03
1.328263378864013829e-03
1.326204169119356421e-03
1.324148151065783182e-03
1.322095319758242148e-03
1.320045670259337557e-03
1.317999197639317926e-03
1.315955896976064333e-03
1.313915763355078719e-03
1.311878791869472384e-03
1.309844977619953419e-03
1.307814315714815861e-03
1.305786801269927765e-03
1.303762429408718629e-03
1.301741195262168770e-03
1.299723093968797177e-03
1.297708120674650025e-03
1.295696270533288307e-03
1.293687538705777865e-03
1.291681920360675945e-03
1.289679410674020570e-03
1.287680004829319051e-03
1.285683698017535620e-03
1.283690485437081249e-03
1.281700362293801063e-03
1.279713323800962636e-03
1.277729365179245801e-03
1.275748481656730068e-03
1.273770668468883569e-03
1.271795920858550914e-03
1.269824234075944084e-03
1.267855603378627467e-03
1.265890024031509839e-03
1.263927491306830481e-03
1.261968000484150077e-03
1.260011546850337699e-03
1.258058125699559751e-03
1.256107732333269777e-03
1.254160362060195450e-03
1.252216010196329464e-03
1.250274672064915658e-03
1.248336342996440992e-03
1.246401018328621019e-03
1.244468693406391643e-03
1.242539363581895463e-03
1.240613024214472660e-03
1.238689670670648207e-03
1.236769298324121892e-03
1.234851902555757913e-03
1.232937478753570347e-03
1.231026022312716427e-03
1.229117528635483968e-03
1.227211993131277924e-03
1.225309411216612791e-03
1.223409778315099825e-03
1.221513089857436622e-03
1.219619341281395850e-03
1.217728528031814189e-03
1.215840645560582571e-03
1.213955689326633169e-03
1.212073654795930728e-03
1.210194537441459765e-03
1.208318332743215252e-03
1.206445036188190682e-03
1.204574643270368318e-03
1.202707149490707048e-03
1.200842550357132839e-03
1.198980841384526385e-03
1.197122018094715079e-03
1.195266076016459353e-03
1.193413010685443355e-03
1.191562817644264537e-03
1.189715492442421953e-03
1.187871030636306275e-03
1.186029427789189175e-03
1.184190679471212263e-03
1.182354781259376464e-03
1.180521728737532472e-03
1.178691517496368397e-03
1.176864143133400653e-03
1.175039601252962683e-03
1.173217887466194553e-03
1.171398997391032105e-03
1.169582926652197857e-03
1.167769670881187985e-03
1.165959225716264305e-03
1.164151586802442779e-03
1.162346749791482239e-03
1.160544710341876147e-03
1.158745464118839585e-03
1.156949006794301014e-03
1.155155334046890350e-03
1.153364441561929637e-03
1.151576325031421991e-03
1.149790980154042058e-03
1.148008402635124952e-03
1.146228588186655635e-03
1.144451532527260024e-03
1.142677231382193716e-03
1.140905680483331793e-03
1.139136875569158637e-03
1.137370812384757733e-03
1.135607486681801479e-03
1.133846894218541431e-03
1.132089030759797672e-03
1.130333892076948194e-03
1.128581473947919134e-03
1.126831772157175886e-03
1.125084782495710525e-03
1.123340500761034217e-03
1.121598922757164859e-03
1.119860044294619054e-03
1.118123861190400406e-03
1.116390369267990842e-03
1.114659564357339339e-03
1.112931442294853033e-03
1.111205998923386808e-03
1.109483230092232244e-03
1.107763131657110017e-03
1.106045699480157768e-03
1.104330929429921419e-03
1.102618817381344337e-03
1.100909359215758226e-03
1.099202550820873149e-03
1.097498388090767558e-03
1.095796866925877449e-03
1.094097983232988989e-03
1.092401732925225508e-03
1.090708111922040558e-03
1.089017116149205988e-03
1.087328741538804138e-03
1.085642984029216128e-03
1.083959839565112535e-03
1.082279304097446019e-03
1.080601373583437667e-03
1.078926043986570913e-03
1.077253311276579403e-03
1.075583171429438101e-03
1.073915620427353963e-03
1.072250654258756616e-03
1.070588268918287300e-03
1.068928460406790839e-03
1.067271224731304591e-03
1.065616557905050849e-03
1.063964455947424923e-03
1.062314914883986895e-03
1.060667930746452079e-03
1.059023499572681482e-03
1.057381617406672044e-03
1.055742280298547098e-03
1.054105484304547263e-03
1.052471225487020467e-03
1.050839499914412844e-03
1.049210303661259188e-03
1.047583632808173851e-03
1.045959483441841198e-03
1.044337851655005416e-03
1.042718733546462492e-03
1.041102125221049588e-03
1.039488022789636368e-03
1.037876422369116321e-03
1.036267320082395922e-03
1.034660712058385959e-03
1.033056594431993073e-03
1.031454963344109353e-03
1.029855814941603659e-03
1.028259145377312302e-03
1.026664950810029283e-03
1.025073227404498053e-03
1.023483971331401758e-03
1.021897178767353694e-03
1.020312845894888855e-03
1.018730968902454171e-03
1.017151543984400053e-03
1.015574567340970418e-03
1.014000035178294016e-03
1.012427943708375105e-03
1.010858289149085647e-03
1.009291067724154027e-03
1.007726275663156819e-03
1.006163909201511194e-03
1.004603964580464076e-03
1.003046438047083475e-03
1.001491325854250453e-03
9.999386242606485113e-04
9.983883295307564246e-04
9.968404379348378384e-04
9.952949457489332439e-04
9.937518492548502204e-04
9.922111447401551956e-04
9.906728284981643380e-04
9.891368968279348837e-04
9.876033460342553780e-04
9.860721724276374361e-04
9.845433723243075027e-04
9.830169420461968774e-04
9.814928779209332581e-04
9.799711762818327180e-04
9.784518334678895136e-04
9.769348458237682789e-04
9.754202096997953517e-04
9.739079214519491242e-04
9.723979774418523448e-04
9.708903740367622525e-04
9.693851076095627703e-04
9.678821745387557228e-04
9.663815712084517298e-04
9.648832940083618571e-04
9.633873393337885095e-04
9.618937035856171911e-04
9.604023831703079397e-04
9.589133744998867620e-04
9.574266739919362005e-04
9.559422780695875279e-04
9.544601831615122899e-04
9.529803857019126558e-04
9.515028821305145882e-04
9.500276688925574347e-04
9.485547424387865550e-04
9.470840992254449730e-04
9.456157357142637269e-04
9.441496483724544971e-04
9.426858336727004985e-04
9.412242880931481325e-04
9.397650081173988552e-04
9.383079902345007207e-04
9.368532309389388402e-04
9.354007267306286601e-04
9.339504741149064204e-04
9.325024696025211324e-04
9.310567097096261215e-04
9.296131909577711122e-04
9.281719098738927965e-04
9.267328629903076771e-04
9.252960468447031777e-04
9.238614579801290774e-04
9.224290929449900298e-04
9.209989482930362389e-04
9.195710205833563036e-04
9.181453063803676762e-04
9.167218022538098322e-04
9.153005047787350548e-04
9.138814105355004113e-04
9.124645161097595138e-04
9.110498180924548207e-04
9.096373130798086383e-04
9.082269976733152060e-04
9.068188684797336488e-04
9.054129221110777861e-04
9.040091551846098430e-04
9.026075643228310182e-04
9.012081461534744362e-04
8.998108973094961485e-04
8.984158144290679783e-04
8.970228941555683042e-04
8.956321331375750134e-04
8.942435280288572614e-04
8.928570754883663647e-04
8.914727721802296213e-04
8.900906147737412026e-04
8.887105999433536976e-04
8.873327243686713901e-04
8.859569847344411515e-04
8.845833777305453938e-04
8.832119000519930707e-04
8.818425483989132804e-04
8.804753194765453997e-04
8.791102099952325787e-04
8.777472166704141515e-04
8.763863362226158782e-04
8.750275653774440901e-04
8.736709008655767997e-04
8.723163394227558941e-04
8.709638777897793288e-04
8.696135127124939718e-04
8.682652409417869303e-04
8.669190592335775276e-04
8.655749643488111229e-04
8.642329530534493534e-04
8.628930221184636295e-04
8.615551683198272200e-04
8.602193884385069033e-04
8.588856792604558123e-04
8.575540375766054109e-04
8.562244601828586637e-04
8.548969438800803865e-04
8.535714854740920421e-04
8.522480817756623080e-04
8.509267296004994867e-04
8.496074257692448920e-04
8.482901671074648264e-04
8.469749504456417985e-04
8.456617726191691022e-04
8.443506304683409507e-04
8.430415208383465128e-04
8.417344405792614569e-04
8.404293865460411199e-04
8.391263555985121591e-04
8.378253446013656132e-04
8.365263504241490962e-04
8.352293699412587742e-04
8.339344000319332938e-04
8.326414375802448919e-04
8.313504794750926734e-04
8.300615226101946964e-04
8.287745638840807085e-04
8.274896002000849907e-04
8.262066284663383345e-04
8.249256455957609943e-04
8.236466485060554236e-04
8.223696341196981433e-04
8.210945993639335617e-04
8.198215411707655180e-04
8.185504564769501262e-04
8.172813422239886194e-04
8.160141953581204113e-04
8.147490128303149642e-04
8.134857915962651759e-04
8.122245286163790306e-04
8.109652208557734197e-04
8.097078652842667687e-04
8.084524588763707977e-04
8.071989986112844493e-04
8.059474814728852157e-04
8.046979044497239338e-04
8.034502645350153531e-04
8.022045587266323895e-04
8.009607840270983187e-04
7.997189374435800541e-04
7.984790159878800159e-04
7.972410166764299505e-04
7.960049365302833413e-04
7.947707725751082530e-04
7.935385218411799592e-04
7.923081813633748704e-04
7.910797481811616440e-04
7.898532193385955462e-04
7.886285918843108627e-04
7.874058628715138513e-04
7.861850293579754779e-04
7.849660884060242604e-04
7.837490370825399809e-04
7.825338724589457704e-04
7.813205916112014957e-04
7.801091916197966034e-04
7.788996695697431808e-04
7.776920225505691260e-04
7.764862476563106665e-04
7.752823419855057454e-04
7.740803026411871915e-04
7.728801267308754545e-04
7.716818113665715583e-04
7.704853536647507037e-04
7.692907507463547876e-04
7.680979997367858979e-04
7.669070977658989409e-04
7.657180419679955694e-04
7.645308294818158349e-04
7.633454574505333084e-04
7.621619230217462982e-04
7.609802233474725376e-04
7.598003555841411618e-04
7.586223168925866362e-04
7.574461044380417091e-04
7.562717153901303644e-04
7.550991469228613166e-04
7.539283962146211800e-04
7.527594604481678553e-04
7.515923368106233737e-04
7.504270224934671751e-04
7.492635146925297109e-04
7.481018106079856140e-04
7.469419074443465426e-04
7.457838024104554344e-04
7.446274927194783746e-04
7.434729755888990670e-04
7.423202482405122198e-04
7.411693079004155228e-04
7.400201517990047688e-04
7.388727771709658297e-04
7.377271812552684774e-04
7.365833612951603118e-04
7.354413145381590629e-04
7.343010382360468449e-04
7.331625296448630001e-04
7.320257860248981360e-04
7.308908046406870779e-04
7.297575827610017132e-04
7.286261176588461124e-04
7.274964066114482895e-04
7.263684469002547805e-04
7.252422358109233795e-04
7.241177706333169588e-04
7.229950486614968551e-04
7.218740671937170150e-04
7.207548235324158633e-04
7.196373149842118580e-04
7.185215388598954669e-04
7.174074924744236383e-04
7.162951731469128624e-04
7.151845782006327739e-04
7.140757049630000811e-04
7.129685507655715180e-04
7.118631129440380987e-04
7.107593888382183946e-04
7.096573757920522467e-04
7.085570711535939346e-04
7.074584722750064305e-04
7.063615765125548941e-04
7.052663812266003838e-04
7.041728837815927015e-04
7.030810815460651880e-04
7.019909718926278927e-04
7.009025521979613937e-04
6.998158198428102925e-04
6.987307722119768172e-04
6.976474066943148594e-04
6.965657206827239028e-04
6.954857115741423009e-04
6.944073767695409889e-04
6.933307136739175203e-04
6.922557196962898871e-04
6.911823922496899064e-04
6.901107287511574736e-04
6.890407266217340575e-04
6.879723832864567375e-04
6.869056961743514808e-04
6.858406627184278305e-04
6.847772803556717493e-04
6.837155465270403076e-04
6.826554586774553944e-04
6.815970142557967789e-04
6.805402107148972313e-04
6.794850455115353672e-04
6.784315161064299014e-04
6.773796199642340100e-04
6.763293545535282829e-04
6.752807173468155198e-04
6.742337058205142251e-04
6.731883174549526446e-04
6.721445497343625855e-04
6.711024001468735619e-04
6.700618661845068316e-04
6.690229453431687824e-04
6.679856351226461618e-04
6.669499330265982705e-04
6.659158365625529510e-04
6.648833432418985645e-04
6.638524505798799793e-04
6.628231560955914151e-04
6.617954573119703716e-04
6.607693517557925323e-04
6.597448369576651515e-04
6.587219104520214159e-04
6.577005697771140481e-04
6.566808124750103193e-04
6.556626360915852186e-04
6.546460381765162491e-04
6.536310162832767055e-04
6.526175679691307956e-04
6.516056907951271347e-04
6.505953823260931081e-04
6.495866401306287993e-04
6.485794617811012439e-04
6.475738448536391169e-04
6.465697869281260106e-04
6.455672855881953390e-04
6.445663384212239411e-04
6.435669430183267679e-04
6.425690969743509196e-04
6.415727978878700078e-04
6.405780433611780837e-04
6.395848310002838922e-04
6.385931584149057757e-04
6.376030232184652776e-04
6.366144230280808541e-04
6.356273554645638620e-04
6.346418181524114037e-04
6.336578087198009059e-04
6.326753247985845898e-04
6.316943640242840509e-04
6.307149240360840781e-04
6.297370024768274505e-04
6.287605969930085397e-04
6.277857052347683231e-04
6.268123248558887459e-04
6.258404535137869745e-04
6.248700888695090001e-04
6.239012285877255188e-04
6.229338703367249923e-04
6.219680117884087691e-04
6.210036506182851218e-04
6.200407845054639339e-04
6.190794111326510625e-04
6.181195281861424830e-04
6.171611333558191942e-04
6.162042243351415795e-04
6.152487988211430107e-04
6.142948545144256197e-04
6.133423891191544432e-04
6.123914003430505930e-04
6.114418858973878941e-04
6.104938434969859468e-04
6.095472708602045963e-04
6.086021657089392715e-04
6.076585257686149127e-04
6.067163487681805512e-04
6.057756324401042131e-04
6.048363745203670649e-04
6.038985727484581009e-04
6.029622248673691554e-04
6.020273286235881816e-04
6.010938817670956726e-04
6.001618820513578319e-04
5.992313272333215854e-04
5.983022150734095945e-04
5.973745433355140758e-04
5.964483097869923561e-04
5.955235121986608010e-04
5.946001483447899355e-04
5.936782160030983730e-04
5.927577129547482613e-04
5.918386369843397533e-04
5.909209858799053692e-04
5.900047574329051175e-04
5.890899494382207486e-04
5.881765596941509848e-04
5.872645860024055565e-04
5.863540261681002156e-04
5.854448779997520726e-04
5.845371393092734175e-04
5.836308079119668403e-04
5.827258816265197018e-04
5.818223582749999052e-04
5.809202356828490656e-04
5.800195116788790404e-04
5.791201840952649909e-04
5.782222507675413700e-04
5.773257095345962851e-04
5.764305582386665102e-04
5.755367947253318484e-04
5.746444168435104697e-04
5.737534224454537068e-04
5.728638093867402005e-04
5.719755755262717796e-04
5.710887187262674979e-04
5.702032368522588638e-04
5.693191277730848526e-04
5.684363893608863775e-04
5.675550194911014104e-04
5.666750160424598864e-04
5.657963768969783910e-04
5.649190999399557149e-04
5.640431830599667825e-04
5.631686241488584235e-04
5.622954211017437351e-04
5.614235718169974200e-04
5.605530741962507987e-04
5.596839261443860639e-04
5.588161255695321596e-04
5.579496703830591443e-04
5.570845584995734196e-04
5.562207878369126350e-04
5.553583563161407005e-04
5.544972618615430157e-04
5.536375024006207242e-04
5.527790758640869183e-04
5.519219801858605678e-04
5.510662133030620746e-04
5.502117731560086109e-04
5.493586576882082640e-04
5.485068648463561338e-04
5.476563925803286945e-04
5.468072388431789157e-04
5.459594015911317091e-04
5.451128787835787240e-04
5.442676683830735768e-04
5.434237683553269724e-04
5.425811766692017167e-04
5.417398912967077290e-04
5.408999102129973804e-04
5.400612313963608314e-04
5.392238528282202858e-04
5.383877724931265211e-04
5.375529883787527087e-04
5.367194984758902939e-04
5.358873007784441169e-04
5.350563932834273171e-04
5.342267739909569964e-04
5.333984409042489064e-04
5.325713920296127864e-04
5.317456253764477015e-04
5.309211389572373804e-04
5.300979307875451196e-04
5.292759988860089044e-04
5.284553412743375062e-04
5.276359559773044104e-04
5.268178410227442390e-04
5.260009944415474379e-04
5.251854142676557228e-04
5.243710985380570927e-04
5.235580452927813839e-04
5.227462525748954999e-04
5.219357184304990746e-04
5.211264409087184007e-04
5.203184180617039358e-04
5.195116479446233639e-04
5.187061286156587764e-04
5.179018581360008170e-04
5.170988345698443456e-04
5.162970559843837754e-04
5.154965204498092790e-04
5.146972260393001741e-04
5.138991708290223219e-04
5.131023528981225974e-04
5.123067703287241190e-04
5.115124212059216947e-04
5.107193036177778110e-04
5.099274156553175365e-04
5.091367554125238604e-04
5.083473209863333554e-04
5.075591104766314070e-04
5.067721219862479859e-04
5.059863536209526598e-04
5.052018034894501484e-04
5.044184697033762040e-04
5.036363503772924065e-04
5.028554436286821524e-04
5.020757475779458840e-04
5.012972603483966446e-04
5.005199800662555243e-04
4.997439048606471066e-04
4.989690328635952403e-04
4.981953622100182685e-04
4.974228910377244753e-04
4.966516174874079656e-04
4.958815397026440034e-04
4.951126558298845660e-04
4.943449640184534657e-04
4.935784624205429884e-04
4.928131491912081472e-04
4.920490224883633220e-04
4.912860804727770545e-04
4.905243213080681458e-04
4.897637431607008854e-04
4.890043441999809316e-04
4.882461225980509203e-04
4.874890765298856401e-04
4.867332041732881295e-04
4.859785037088850150e-04
4.852249733201222819e-04
4.844726111932609928e-04
4.837214155173724618e-04
4.829713844843346233e-04
4.822225162888270442e-04
4.814748091283268584e-04
4.807282612031045380e-04
4.799828707162193944e-04
4.792386358735151869e-04
4.784955548836160029e-04
4.777536259579221378e-04
4.770128473106050536e-04
4.762732171586039637e-04
4.755347337216207912e-04
4.747973952221168077e-04
4.740611998853072129e-04
4.733261459391578272e-04
4.725922316143804300e-04
4.718594551444283683e-04
4.711278147654924912e-04
4.703973087164971928e-04
4.696679352390956954e-04
4.689396925776658756e-04
4.682125789793065238e-04
4.674865926938323569e-04
4.667617319737707112e-04
4.660379950743565557e-04
4.653153802535287507e-04
4.645938857719256578e-04
4.638735098928812358e-04
4.631542508824202709e-04
4.624361070092549071e-04
4.617190765447801463e-04
4.610031577630697291e-04
4.602883489408717433e-04
4.595746483576050459e-04
4.588620542953545474e-04
4.581505650388676331e-04
4.574401788755493936e-04
4.567308940954590462e-04
4.560227089913054897e-04
4.553156218584435101e-04
4.546096309948696062e-04
4.539047347012175443e-04
4.532009312807546179e-04
4.524982190393776358e-04
4.517965962856084232e-04
4.510960613305903515e-04
4.503966124880837856e-04
4.496982480744622342e-04
4.490009664087081217e-04
4.483047658124092645e-04
4.476096446097542090e-04
4.469156011275283828e-04
4.462226336951104081e-04
4.455307406444677649e-04
4.448399203101526716e-04
4.441501710292984520e-04
4.434614911416153620e-04
4.427738789893863065e-04
4.420873329174635326e-04
4.414018512732638053e-04
4.407174324067654253e-04
4.400340746705031338e-04
4.393517764195649681e-04
4.386705360115881959e-04
4.379903518067552494e-04
4.373112221677894970e-04
4.366331454599518282e-04
4.359561200510365334e-04
4.352801443113669131e-04
4.346052166137923502e-04
4.339313353336834858e-04
4.332584988489285326e-04
4.325867055399298597e-04
4.319159537895994388e-04
4.312462419833553752e-04
4.305775685091178416e-04
4.299099317573054461e-04
4.292433301208307874e-04
4.285777619950975267e-04
4.279132257779955637e-04
4.272497198698975126e-04
4.265872426736555577e-04
4.259257925945963042e-04
4.252653680405181209e-04
4.246059674216866417e-04
4.239475891508312413e-04
4.232902316431410780e-04
4.226338933162610825e-04
4.219785725902890300e-04
4.213242678877702823e-04
4.206709776336954023e-04
4.200187002554958172e-04
4.193674341830394277e-04
4.187171778486281680e-04
4.180679296869929109e-04
4.174196881352904313e-04
4.167724516330997202e-04
4.161262186224176478e-04
4.154809875476559279e-04
4.148367568556365643e-04
4.141935249955891398e-04
4.135512904191460462e-04
4.129100515803395570e-04
4.122698069355976527e-04
4.116305549437403893e-04
4.109922940659764827e-04
4.103550227658991347e-04
4.097187395094828346e-04
4.090834427650790763e-04
4.084491310034133772e-04
4.078158026975809412e-04
4.071834563230435685e-04
4.065520903576255903e-04
4.059217032815103446e-04
4.052922935772364363e-04
4.046638597296943213e-04
4.040364002261222416e-04
4.034099135561032426e-04
4.027843982115607291e-04
4.021598526867556996e-04
4.015362754782821932e-04
4.009136650850645789e-04
4.002920200083533815e-04
3.996713387517218663e-04
3.990516198210622987e-04
3.984328617245826371e-04
3.978150629728026844e-04
3.971982220785504557e-04
3.965823375569590341e-04
3.959674079254625048e-04
3.953534317037925945e-04
3.947404074139752015e-04
3.941283335803266556e-04
3.935172087294503025e-04
3.929070313902330346e-04
3.922978000938415503e-04
3.916895133737188306e-04
3.910821697655807779e-04
3.904757678074126381e-04
3.898703060394654771e-04
3.892657830042524944e-04
3.886621972465459330e-04
3.880595473133732851e-04
3.874578317540135512e-04
3.868570491199943128e-04
3.862571979650879922e-04
3.856582768453082743e-04
3.850602843189066373e-04
3.844632189463691543e-04
3.838670792904127528e-04
3.832718639159818537e-04
3.826775713902450101e-04
3.820842002825911672e-04
3.814917491646265717e-04
3.809002166101713030e-04
3.803096011952555866e-04
3.797199014981165414e-04
3.791311160991946020e-04
3.785432435811305913e-04
3.779562825287617633e-04
3.773702315291184418e-04
3.767850891714210389e-04
3.762008540470762608e-04
3.756175247496740168e-04
3.750350998749837341e-04
3.744535780209511046e-04
3.738729577876948864e-04
3.732932377775033264e-04
3.727144165948309074e-04
3.721364928462948785e-04
3.715594651406720029e-04
3.709833320888951966e-04
3.704080923040502758e-04
3.698337444013722708e-04
3.692602869982426067e-04
3.686877187141855260e-04
3.681160381708645105e-04
3.675452439920795164e-04
3.669753348037630715e-04
3.664063092339776189e-04
3.658381659129117218e-04
3.652709034728767032e-04
3.647045205483038805e-04
3.641390157757408257e-04
3.635743877938482204e-04
3.630106352433968208e-04
3.624477567672635000e-04
3.618857510104289167e-04
3.613246166199736127e-04
3.607643522450748683e-04
3.602049565370036123e-04
3.596464281491211154e-04
3.590887657368755747e-04
3.585319679577992410e-04
3.579760334715047319e-04
3.574209609396823218e-04
3.568667490260963096e-04
3.563133963965819831e-04
3.557609017190423661e-04
3.552092636634450202e-04
3.546584809018190091e-04
3.541085521082512665e-04
3.535594759588839395e-04
3.530112511319109195e-04
3.524638763075746439e-04
3.519173501681630597e-04
3.513716713980062634e-04
3.508268386834735727e-04
3.502828507129701662e-04
3.497397061769341015e-04
3.491974037678329543e-04
3.486559421801609451e-04
3.481153201104354158e-04
3.475755362571942815e-04
3.470365893209920735e-04
3.464984780043978791e-04
3.459612010119910591e-04
3.454247570503591333e-04
3.448891448280939865e-04
3.443543630557891573e-04
3.438204104460365314e-04
3.432872857134233063e-04
3.427549875745290091e-04
3.422235147479220276e-04
3.416928659541573331e-04
3.411630399157723065e-04
3.406340353572846237e-04
3.401058510051886783e-04
3.395784855879526538e-04
3.390519378360152712e-04
3.385262064817832952e-04
3.380012902596278481e-04
3.374771879058816450e-04
3.369538981588361204e-04
3.364314197587379594e-04
3.359097514477864949e-04
3.353888919701305095e-04
3.348688400718651459e-04
3.343495945010289787e-04
3.338311540076009795e-04
3.333135173434975890e-04
3.327966832625696273e-04
3.322806505205991496e-04
3.317654178752968983e-04
3.312509840862987794e-04
3.307373479151632604e-04
3.302245081253683346e-04
3.297124634823083225e-04
3.292012127532911074e-04
3.286907547075352621e-04
3.281810881161668502e-04
3.276722117522164451e-04
3.271641243906165276e-04
3.266568248081981249e-04
3.261503117836883170e-04
3.256445840977067671e-04
3.251396405327631740e-04
3.246354798732542361e-04
3.241321009054608324e-04
3.236295024175447161e-04
3.231276831995463458e-04
3.226266420433810365e-04
3.221263777428369003e-04
3.216268890935712133e-04
3.211281748931081939e-04
3.206302339408358040e-04
3.201330650380024962e-04
3.196366669877150459e-04
3.191410385949352982e-04
3.186461786664771326e-04
3.181520860110038603e-04
3.176587594390252976e-04
3.171661977628949464e-04
3.166743997968068502e-04
3.161833643567931547e-04
3.156930902607210719e-04
3.152035763282900072e-04
3.147148213810285235e-04
3.142268242422922267e-04
3.137395837372600259e-04
3.132530986929317474e-04
3.127673679381254789e-04
3.122823903034745337e-04
3.117981646214245230e-04
3.113146897262308627e-04
3.108319644539556288e-04
3.103499876424651183e-04
3.098687581314266506e-04
3.093882747623061822e-04
3.089085363783653252e-04
3.084295418246583119e-04
3.079512899480298257e-04
3.074737795971116405e-04
3.069970096223202357e-04
3.065209788758535970e-04
3.060456862116891575e-04
3.055711304855803813e-04
3.050973105550543792e-04
3.046242252794087641e-04
3.041518735197094826e-04
3.036802541387877792e-04
3.032093660012371065e-04
3.027392079734111193e-04
3.022697789234204762e-04
3.018010777211300750e-04
3.013331032381566131e-04
3.008658543478657144e-04
3.003993299253692188e-04
2.999335288475224177e-04
2.994684499929216683e-04
2.990040922419011414e-04
2.985404544765307071e-04
2.980775355806128987e-04
2.976153344396802571e-04
2.971538499409927280e-04
2.966930809735351688e-04
2.962330264280140955e-04
2.957736851968556773e-04
2.953150561742027549e-04
2.948571382559120758e-04
2.943999303395520174e-04
2.939434313243994971e-04
2.934876401114375330e-04
2.930325556033526414e-04
2.925781767045321268e-04
2.921245023210615336e-04
2.916715313607218816e-04
2.912192627329870638e-04
2.907676953490213531e-04
2.903168281216766369e-04
2.898666599654899784e-04
2.894171897966806885e-04
2.889684165331480497e-04
2.885203390944685508e-04
2.880729564018933938e-04
2.876262673783456202e-04
2.871802709484179970e-04
2.867349660383699812e-04
2.862903515761252801e-04
2.858464264912695201e-04
2.854031897150471572e-04
2.849606401803594707e-04
2.845187768217616363e-04
2.840775985754602322e-04
2.836371043793106911e-04
2.831972931728149153e-04
2.827581638971183491e-04
2.823197154950078105e-04
2.818819469109088349e-04
2.814448570908828560e-04
2.810084449826252004e-04
2.805727095354621599e-04
2.801376497003483894e-04
2.797032644298647931e-04
2.792695526782157595e-04
2.788365134012265592e-04
2.784041455563410683e-04
2.779724481026188410e-04
2.775414200007333748e-04
2.771110602129686412e-04
2.766813677032174050e-04
2.762523414369782429e-04
2.758239803813532665e-04
2.753962835050456832e-04
2.749692497783570310e-04
2.745428781731850103e-04
2.741171676630208822e-04
2.736921172229470826e-04
2.732677258296345121e-04
2.728439924613403132e-04
2.724209160979055395e-04
2.719984957207521197e-04
2.715767303128811773e-04
2.711556188588699944e-04
2.707351603448698439e-04
2.703153537586033871e-04
2.698961980893624510e-04
2.694776923280055888e-04
2.690598354669552074e-04
2.686426265001958316e-04
2.682260644232711236e-04
2.678101482332817139e-04
2.673948769288828162e-04
2.669802495102816800e-04
2.665662649792353671e-04
2.661529223390481503e-04
2.657402205945692906e-04
2.653281587521903262e-04
2.649167358198433386e-04
2.645059508069977534e-04
2.640958027246586063e-04
2.636862905853637777e-04
2.632774134031817706e-04
2.628691701937093794e-04
2.624615599740691418e-04
2.620545817629072252e-04
2.616482345803908239e-04
2.612425174482060452e-04
2.608374293895551993e-04
2.604329694291549011e-04
2.600291365932333606e-04
2.596259299095283221e-04
2.592233484072843544e-04
2.588213911172508987e-04
2.584200570716797753e-04
2.580193453043227439e-04
2.576192548504294437e-04
2.572197847467448456e-04
2.568209340315069753e-04
2.564227017444447448e-04
2.560250869267754049e-04
2.556280886212024847e-04
2.552317058719132982e-04
2.548359377245767760e-04
2.544407832263410798e-04
2.540462414258312716e-04
2.536523113731472536e-04
2.532589921198612204e-04
2.528662827190154361e-04
2.524741822251201748e-04
2.520826896941511181e-04
2.516918041835473495e-04
2.513015247522088608e-04
2.509118504604944920e-04
2.505227803702196544e-04
2.501343135446537289e-04
2.497464490485184390e-04
2.493591859479849784e-04
2.489725233106721133e-04
2.485864602056441224e-04
2.482009957034078153e-04
2.478161288759111232e-04
2.474318587965403885e-04
2.470481845401184128e-04
2.466651051829018009e-04
2.462826198025793345e-04
2.459007274782693160e-04
2.455194272905175082e-04
2.451387183212948035e-04
2.447585996539951097e-04
2.443790703734333982e-04
2.440001295658428314e-04
2.436217763188732984e-04
2.432440097215888132e-04
2.428668288644654277e-04
2.424902328393888735e-04
2.421142207396528270e-04
2.417387916599561721e-04
2.413639446964011839e-04
2.409896789464912247e-04
2.406159935091286574e-04
2.402428874846126224e-04
2.398703599746367608e-04
2.394984100822872362e-04
2.391270369120405926e-04
2.387562395697613430e-04
2.383860171627001255e-04
2.380163687994913454e-04
2.376472935901511696e-04
2.372787906460752225e-04
2.369108590800366343e-04
2.365434980061837376e-04
2.361767065400381151e-04
2.358104837984922961e-04
2.354448288998077510e-04
2.350797409636126408e-04
2.347152191108999746e-04
2.343512624640251701e-04
2.339878701467040475e-04
2.336250412840107967e-04
2.332627750023758364e-04
2.329010704295838077e-04
2.325399266947711352e-04
2.321793429284244546e-04
2.318193182623779565e-04
2.314598518298117058e-04
2.311009427652494733e-04
2.307425902045566219e-04
2.303847932849378832e-04
2.300275511449355152e-04
2.296708629244270791e-04
2.293147277646234066e-04
2.289591448080665942e-04
2.286041131986279432e-04
2.282496320815056556e-04
2.278957006032231809e-04
2.275423179116268309e-04
2.271894831558838820e-04
2.268371954864804884e-04
2.264854540552195951e-04
2.261342580152191214e-04
2.257836065209095763e-04
2.254334987280323232e-04
2.250839337936372221e-04
2.247349108760810573e-04
2.243864291350250982e-04
2.240384877314333914e-04
2.236910858275703757e-04
2.233442225869991743e-04
2.229978971745795891e-04
2.226521087564657967e-04
2.223068565001047494e-04
2.219621395742338169e-04
2.216179571488788888e-04
2.212743083953526402e-04
2.209311924862520380e-04
2.205886085954568497e-04
2.202465558981272858e-04
2.199050335707022647e-04
2.195640407908972718e-04
2.192235767377024615e-04
2.188836405913805979e-04
2.185442315334652926e-04
2.182053487467586737e-04
2.178669914153298409e-04
2.175291587245125886e-04
2.171918498609035357e-04
2.168550640123603638e-04
2.165188003679993775e-04
2.161830581181940682e-04
2.158478364545729728e-04
2.155131345700175859e-04
2.151789516586606805e-04
2.148452869158841655e-04
2.145121395383171891e-04
2.141795087238342412e-04
2.138473936715533374e-04
2.135157935818338235e-04
2.131847076562747489e-04
2.128541350977126718e-04
2.125240751102199237e-04
2.121945268991025770e-04
2.118654896708987100e-04
2.115369626333763473e-04
2.112089449955314264e-04
2.108814359675863074e-04
2.105544347609874687e-04
2.102279405884038539e-04
2.099019526637247032e-04
2.095764702020581167e-04
2.092514924197287239e-04
2.089270185342759483e-04
2.086030477644522461e-04
2.082795793302210730e-04
2.079566124527550955e-04
2.076341463544341848e-04
2.073121802588437910e-04
2.069907133907727742e-04
2.066697449762118326e-04
2.063492742423514697e-04
2.060293004175800427e-04
2.057098227314821631e-04
2.053908404148366913e-04
2.050723526996148390e-04
2.047543588189784344e-04
2.044368580072780520e-04
2.041198495000510614e-04
2.038033325340200006e-04
2.034873063470904616e-04
2.031717701783495190e-04
2.028567232680637507e-04
2.025421648576774766e-04
2.022280941898108335e-04
2.019145105082580409e-04
2.016014130579856932e-04
2.012888010851306185e-04
2.009766738369984148e-04
2.006650305620613899e-04
2.003538705099568813e-04
2.000431929314854126e-04
1.997329970786089048e-04
1.994232822044488332e-04
1.991140475632845468e-04
1.988052924105512625e-04
1.984970160028385472e-04
1.981892175978882580e-04
1.978818964545929699e-04
1.975750518329940243e-04
1.972686829942799569e-04
1.969627892007844378e-04
1.966573697159847535e-04
1.963524238044999639e-04
1.960479507320889506e-04
1.957439497656488989e-04
1.954404201732135092e-04
1.951373612239509911e-04
1.948347721881626808e-04
1.945326523372809002e-04
1.942310009438674386e-04
1.939298172816118185e-04
1.936291006253294247e-04
1.933288502509597430e-04
1.930290654355648421e-04
1.927297454573273679e-04
1.924308895955489441e-04
1.921324971306484649e-04
1.918345673441601974e-04
1.915370995187322097e-04
1.912400929381247714e-04
1.909435468872081585e-04
1.906474606519614604e-04
1.903518335194705744e-04
1.900566647779265792e-04
1.897619537166238648e-04
1.894676996259587228e-04
1.891739017974274225e-04
1.888805595236244482e-04
1.885876720982410364e-04
1.882952388160632779e-04
1.880032589729704916e-04
1.877117318659334900e-04
1.874206567930130339e-04
1.871300330533579080e-04
1.868398599472033763e-04
1.865501367758695553e-04
1.862608628417595710e-04
1.859720374483580412e-04
1.856836599002292050e-04
1.853957295030154865e-04
1.851082455634357326e-04
1.848212073892833702e-04
1.845346142894250239e-04
1.842484655737986182e-04
1.839627605534118870e-04
1.836774985403406119e-04
1.833926788477269957e-04
1.831083007897780905e-04
1.828243636817639540e-04
1.825408668400161868e-04
1.822578095819262238e-04
1.819751912259436272e-04
1.816930110915745955e-04
1.814112684993801747e-04
1.811299627709747400e-04
1.808490932290242347e-04
1.805686591972446246e-04
1.802886600004003259e-04
1.800090949643025524e-04
1.797299634158074718e-04
1.794512646828149587e-04
1.791729980942666982e-04
1.788951629801446667e-04
1.786177586714695069e-04
1.783407845002990088e-04
1.780642397997263759e-04
1.777881239038785438e-04
1.775124361479148800e-04
1.772371758680253131e-04
1.769623424014288423e-04
1.766879350863719109e-04
1.764139532621268884e-04
1.761403962689903091e-04
1.758672634482814890e-04
1.755945541423407918e-04
1.753222676945281650e-04
1.750504034492214318e-04
1.747789607518148824e-04
1.745079389487174575e-04
1.742373373873513389e-04
1.739671554161504588e-04
1.736973923845587650e-04
1.734280476430287302e-04
1.731591205430196986e-04
1.728906104369965033e-04
1.726225166784277592e-04
1.723548386217843987e-04
1.720875756225380459e-04
1.718207270371594441e-04
1.715542922231170196e-04
1.712882705388753366e-04
1.710226613438932809e-04
1.707574639986229490e-04
1.704926778645078048e-04
1.702283023039812156e-04
1.699643366804649619e-04
1.697007803583676106e-04
1.694376327030831060e-04
1.691748930809892242e-04
1.689125608594458663e-04
1.686506354067938106e-04
1.683891160923529787e-04
1.681280022864210799e-04
1.678672933602719307e-04
1.676069886861541536e-04
1.673470876372893615e-04
1.670875895878709918e-04
1.668284939130624633e-04
1.665697999889960380e-04
1.663115071927710048e-04
1.660536149024523516e-04
1.657961224970691929e-04
1.655390293566133065e-04
1.652823348620376153e-04
1.650260383952548322e-04
1.647701393391356984e-04
1.645146370775078175e-04
1.642595309951538668e-04
1.640048204778103507e-04
1.637505049121660552e-04
1.634965836858605576e-04
1.632430561874826270e-04
1.629899218065690046e-04
1.627371799336028318e-04
1.624848299600120238e-04
1.622328712781680225e-04
1.619813032813841979e-04
1.617301253639145736e-04
1.614793369209519837e-04
1.612289373486272602e-04
1.609789260440069826e-04
1.607293024050926379e-04
1.604800658308189404e-04
1.602312157210524488e-04
1.599827514765900217e-04
1.597346724991575160e-04
1.594869781914081612e-04
1.592396679569213123e-04
1.589927412002009317e-04
1.587461973266740989e-04
1.585000357426897362e-04
1.582542558555169823e-04
1.580088570733439459e-04
1.577638388052761333e-04
1.575192004613352017e-04
1.572749414524573326e-04
1.570310611904919313e-04
1.567875590882002439e-04
1.565444345592538402e-04
1.563016870182332304e-04
1.560593158806266190e-04
1.558173205628282242e-04
1.555757004821371118e-04
1.553344550567555969e-04
1.550935837057879963e-04
1.548530858492392194e-04
1.546129609080132232e-04
1.543732083039117925e-04
1.541338274596330219e-04
1.538948177987701236e-04
1.536561787458097191e-04
1.534179097261307559e-04
1.531800101660029615e-04
1.529424794925855161e-04
1.527053171339256155e-04
1.524685225189572246e-04
1.522320950774995593e-04
1.519960342402557855e-04
1.517603394388117180e-04
1.515250101056342489e-04
1.512900456740700998e-04
1.510554455783446844e-04
1.508212092535602647e-04
1.505873361356950026e-04
1.503538256616013876e-04
1.501206772690049903e-04
1.498878903965030797e-04
1.496554644835632140e-04
1.494233989705219393e-04
1.491916932985834889e-04
1.489603469098183734e-04
1.487293592471619717e-04
1.484987297544134192e-04
1.482684578762340363e-04
1.480385430581460538e-04
1.478089847465313667e-04
1.475797823886301513e-04
1.473509354325394562e-04
1.471224433272119551e-04
1.468943055224547001e-04
1.466665214689275498e-04
1.464390906181421389e-04
1.462120124224603065e-04
1.459852863350929574e-04
1.457589118100987343e-04
1.455328883023824995e-04
1.453072152676943593e-04
1.450818921626280378e-04
1.448569184446196843e-04
1.446322935719466802e-04
1.444080170037262303e-04
1.441840881999140070e-04
1.439605066213029306e-04
1.437372717295218956e-04
1.435143829870343612e-04
1.432918398571371855e-04
1.430696418039593249e-04
1.428477882924603700e-04
1.426262787884294617e-04
1.424051127584839628e-04
1.421842896700680761e-04
1.419638089914516510e-04
1.417436701917289374e-04
1.415238727408171218e-04
1.413044161094553514e-04
1.410852997692031078e-04
1.408665231924392856e-04
1.406480858523606473e-04
1.404299872229806847e-04
1.402122267791283726e-04
1.399948039964467859e-04
1.397777183513919884e-04
1.395609693212316780e-04
1.393445563840439391e-04
1.391284790187159964e-04
1.389127367049429679e-04
1.386973289232266450e-04
1.384822551548741375e-04
1.382675148819967077e-04
1.380531075875085240e-04
1.378390327551254411e-04
1.376252898693636445e-04
1.374118784155385392e-04
1.371987978797633949e-04
1.369860477489482069e-04
1.367736275107984500e-04
1.365615366538137769e-04
1.363497746672868256e-04
1.361383410413019731e-04
1.359272352667342235e-04
1.357164568352477987e-04
1.355060052392950275e-04
1.352958799721151522e-04
1.350860805277329200e-04
1.348766064009576876e-04
1.346674570873818502e-04
1.344586320833799189e-04
1.342501308861071118e-04
1.340419529934982698e-04
1.338340979042666095e-04
1.336265651179023681e-04
1.334193541346719361e-04
1.332124644556163394e-04
1.330058955825501278e-04
1.327996470180602909e-04
1.325937182655049303e-04
1.323881088290120933e-04
1.321828182134785813e-04
1.319778459245687832e-04
1.317731914687135107e-04
1.315688543531087242e-04
1.313648340857143668e-04
1.311611301752533079e-04
1.309577421312099602e-04
1.307546694638292233e-04
1.305519116841153174e-04
1.303494683038305371e-04
1.301473388354941127e-04
1.299455227923810175e-04
1.297440196885208297e-04
1.295428290386965665e-04
1.293419503584434648e-04
1.291413831640478695e-04
1.289411269725459597e-04
1.287411813017228001e-04
1.285415456701109586e-04
1.283422195969895034e-04
1.281432026023827020e-04
1.279444942070590181e-04
1.277460939325298652e-04
1.275480013010485219e-04
1.273502158356088041e-04
1.271527370599441432e-04
1.269555644985264210e-04
1.267586976765646138e-04
1.265621361200038443e-04
1.263658793555241886e-04
1.261699269105395109e-04
1.259742783131964064e-04
1.257789330923729271e-04
1.255838907776775522e-04
1.253891508994479953e-04
1.251947129887502012e-04
1.250005765773770997e-04
1.248067411978474124e-04
1.246132063834047045e-04
1.244199716680161917e-04
1.242270365863715480e-04
1.240344006738818212e-04
1.238420634666784030e-04
1.236500245016118366e-04
1.234582833162506236e-04
1.232668394488803301e-04
1.230756924385022308e-04
1.228848418248323611e-04
1.226942871483003509e-04
1.225040279500482865e-04
1.223140637719297077e-04
1.221243941565084421e-04
1.219350186470574671e-04
1.217459367875578524e-04
1.215571481226976759e-04
1.213686521978708853e-04
1.211804485591762683e-04
1.209925367534163139e-04
1.208049163280961282e-04
1.206175868314222693e-04
1.204305478123018794e-04
1.202437988203413298e-04
1.200573394058452995e-04
1.198711691198157177e-04
1.196852875139505309e-04
1.194996941406428217e-04
1.193143885529794807e-04
1.191293703047403938e-04
1.189446389503972081e-04
1.187601940451123297e-04
1.185760351447377579e-04
1.183921618058141501e-04
1.182085735855696427e-04
1.180252700419188484e-04
1.178422507334618259e-04
1.176595152194828198e-04
1.174770630599495150e-04
1.172948938155116410e-04
1.171130070475002668e-04
1.169314023179264192e-04
1.167500791894802010e-04
1.165690372255296942e-04
1.163882759901200105e-04
1.162077950479720450e-04
1.160275939644815678e-04
1.158476723057180996e-04
1.156680296384240980e-04
1.154886655300134944e-04
1.153095795485710158e-04
1.151307712628510063e-04
1.149522402422764101e-04
1.147739860569376471e-04
1.145960082775918131e-04
1.144183064756612838e-04
1.142408802232330780e-04
1.140637290930575430e-04
1.138868526585474464e-04
1.137102504937768650e-04
1.135339221734803580e-04
1.133578672730516795e-04
1.131820853685429383e-04
1.130065760366635137e-04
1.128313388547790388e-04
1.126563734009103845e-04
1.124816792537326835e-04
1.123072559925742325e-04
1.121331031974155706e-04
1.119592204488884223e-04
1.117856073282746270e-04
1.116122634175052578e-04
1.114391882991595914e-04
1.112663815564639703e-04
1.110938427732909484e-04
1.109215715341582611e-04
1.107495674242277143e-04
1.105778300293043574e-04
1.104063589358353587e-04
1.102351537309090833e-04
1.100642140022540095e-04
1.098935393382379020e-04
1.097231293278665783e-04
1.095529835607831227e-04
1.093831016272668567e-04
1.092134831182323086e-04
1.090441276252282244e-04
1.088750347404365782e-04
1.087062040566717054e-04
1.085376351673792176e-04
1.083693276666349600e-04
1.082012811491442518e-04
1.080334952102406803e-04
1.078659694458852065e-04
1.076987034526652703e-04
1.075316968277937474e-04
1.073649491691079866e-04
1.071984600750688075e-04
1.070322291447596596e-04
1.068662559778854842e-04
1.067005401747718474e-04
1.065350813363640311e-04
1.063698790642259636e-04
1.062049329605392969e-04
1.060402426281024859e-04
1.058758076703297579e-04
1.057116276912502728e-04
1.055477022955070521e-04
1.053840310883560980e-04
1.052206136756653773e-04
1.050574496639140214e-04
1.048945386601912017e-04
1.047318802721952213e-04
1.045694741082327022e-04
1.044073197772174197e-04
1.042454168886696516e-04
1.040837650527149587e-04
1.039223638800833717e-04
1.037612129821084965e-04
1.036003119707264847e-04
1.034396604584751519e-04
1.032792580584930434e-04
1.031191043845185255e-04
1.029591990508887288e-04
1.027995416725388300e-04
1.026401318650009537e-04
1.024809692444033054e-04
1.023220534274692499e-04
1.021633840315163896e-04
1.020049606744556295e-04
1.018467829747903095e-04
1.016888505516151751e-04
1.015311630246156177e-04
1.013737200140665638e-04
1.012165211408317430e-04
1.010595660263626850e-04
1.009028542926978253e-04
1.007463855624615972e-04
1.005901594588634693e-04
1.004341756056971869e-04
1.002784336273396606e-04
1.001229331487502749e-04
9.996767379546981779e-05
9.981265519361961331e-05
9.965787696990073552e-05
9.950333875159296493e-05
9.934904016655398892e-05
9.919498084321842594e-05
9.904116041059701238e-05
9.888757849827565388e-05
9.873423473641454440e-05
9.858112875574729891e-05
9.842826018758004530e-05
9.827562866379052999e-05
9.812323381682723695e-05
9.797107527970852037e-05
9.781915268602175083e-05
9.766746566992225826e-05
9.751601386613274909e-05
9.736479690994214082e-05
9.721381443720487079e-05
9.706306608433990684e-05
9.691255148832997486e-05
9.676227028672056943e-05
9.661222211761918131e-05
9.646240661969440299e-05
9.631282343217496648e-05
9.616347219484902499e-05
9.601435254806319072e-05
9.586546413272166748e-05
9.571680659028546469e-05
9.556837956277139444e-05
9.542018269275133967e-05
9.527221562335138683e-05
9.512447799825085007e-05
9.497696946168156652e-05
9.482968965842687985e-05
9.468263823382094910e-05
9.453581483374778644e-05
9.438921910464040334e-05
9.424285069348005168e-05
9.409670924779527503e-05
9.395079441566108196e-05
9.380510584569816000e-05
9.365964318707194051e-05
9.351440608949183973e-05
9.336939420321032366e-05
9.322460717902216268e-05
9.308004466826352353e-05
9.293570632281115615e-05
9.279159179508155342e-05
9.264770073803009736e-05
9.250403280515023243e-05
9.236058765047269303e-05
9.221736492856455480e-05
9.207436429452847573e-05
9.193158540400185586e-05
9.178902791315605124e-05
9.164669147869539817e-05
9.150457575785661687e-05
9.136268040840774083e-05
9.122100508864750695e-05
9.107954945740436622e-05
9.093831317403579251e-05
9.079729589842732037e-05
9.065649729099190804e-05
9.051591701266896168e-05
9.037555472492358999e-05
9.023541008974577749e-05
9.009548276964958490e-05
8.995577242767232250e-05
8.981627872737369626e-05
8.967700133283508957e-05
8.953793990865870946e-05
8.939909411996677341e-05
8.926046363240064201e-05
8.912204811212018200e-05
8.898384722580276335e-05
8.884586064064262231e-05
8.870808802434996697e-05
8.857052904515016404e-05
8.843318337178303421e-05
8.829605067350198471e-05
8.815913062007318262e-05
8.802242288177486375e-05
8.788592712939645164e-05
8.774964303423778513e-05
8.761357026810830519e-05
8.747770850332637726e-05
8.734205741271832909e-05
8.720661666961781371e-05
8.707138594786494208e-05
8.693636492180549708e-05
8.680155326629020163e-05
8.666695065667391910e-05
8.653255676881478598e-05
8.639837127907356131e-05
8.626439386431278646e-05
8.613062420189601263e-05
8.599706196968697413e-05
8.586370684604893787e-05
8.573055850984376823e-05
8.559761664043129010e-05
8.546488091766848928e-05
8.533235102190863156e-05
8.520002663400065286e-05
8.506790743528829185e-05
8.493599310760935816e-05
8.480428333329490562e-05
8.467277779516859532e-05
8.454147617654580115e-05
8.441037816123293216e-05
8.427948343352661942e-05
8.414879167821297061e-05
8.401830258056685176e-05
8.388801582635103341e-05
8.375793110181559435e-05
8.362804809369694579e-05
8.349836648921730282e-05
8.336888597608378996e-05
8.323960624248770933e-05
8.311052697710386299e-05
8.298164786908964494e-05
8.285296860808451258e-05
8.272448888420907867e-05
8.259620838806436597e-05
8.246812681073118379e-05
8.234024384376926065e-05
8.221255917921653955e-05
8.208507250958850033e-05
8.195778352787727876e-05
8.183069192755111089e-05
8.170379740255342505e-05
8.157709964730223192e-05
8.145059835668925726e-05
8.132429322607937264e-05
8.119818395130971454e-05
8.107227022868904740e-05
8.094655175499695043e-05
8.082102822748319423e-05
8.069569934386692763e-05
8.057056480233594584e-05
8.044562430154603996e-05
8.032087754062017021e-05
8.019632421914785615e-05
8.007196403718434992e-05
7.994779669524994508e-05
7.982382189432933963e-05
7.970003933587078222e-05
7.957644872178540807e-05
7.945304975444654775e-05
7.932984213668903609e-05
7.920682557180835828e-05
7.908399976356009426e-05
7.896136441615914624e-05
7.883891923427902037e-05
7.871666392305105430e-05
7.859459818806382081e-05
7.847272173536239603e-05
7.835103427144757336e-05
7.822953550327521295e-05
7.810822513825553700e-05
7.798710288425243851e-05
7.786616844958274954e-05
7.774542154301552284e-05
7.762486187377139494e-05
7.750448915152180008e-05
7.738430308638840098e-05
7.726430338894218087e-05
7.714448977020299622e-05
7.702486194163869586e-05
7.690541961516448395e-05
7.678616250314228308e-05
7.666709031837993463e-05
7.654820277413061603e-05
7.642949958409202759e-05
7.631098046240583686e-05
7.619264512365690615e-05
7.607449328287264195e-05
7.595652465552223608e-05
7.583873895751613707e-05
7.572113590520515569e-05
7.560371521537996358e-05
7.548647660527034778e-05
7.536941979254449249e-05
7.525254449530834207e-05
7.513585043210490992e-05
7.501933732191357366e-05
7.490300488414949247e-05
7.478685283866280740e-05
7.467088090573805869e-05
7.455508880609344031e-05
7.443947626088024436e-05
7.432404299168200723e-05
7.420878872051404884e-05
7.409371316982260526e-05
7.397881606248431371e-05
7.386409712180548072e-05
7.374955607152140454e-05
7.363519263579569748e-05
7.352100653921974380e-05
7.340699750681184594e-05
7.329316526401670950e-05
7.317950953670472494e-05
7.306603005117128999e-05
7.295272653413624041e-05
7.283959871274306398e-05
7.272664631455835835e-05
7.261386906757105861e-05
7.250126670019192221e-05
7.238883894125275656e-05
7.227658552000580910e-05
7.216450616612314389e-05
7.205260060969595048e-05
7.194086858123392041e-05
7.182930981166456969e-05
7.171792403233260172e-05
7.160671097499929751e-05
7.149567037184179736e-05
7.138480195545253166e-05
7.127410545883852970e-05
7.116358061542078274e-05
7.105322715903362053e-05
7.094304482392408794e-05
7.083303334475119959e-05
7.072319245658542479e-05
7.061352189490803706e-05
7.050402139561040939e-05
7.039469069499337730e-05
7.028552952976669667e-05
7.017653763704833909e-05
7.006771475436384127e-05
6.995906061964574942e-05
6.985057497123290098e-05
6.974225754786986893e-05
6.963410808870627064e-05
6.952612633329621219e-05
6.941831202159757012e-05
6.931066489397146285e-05
6.920318469118153242e-05
6.909587115439338881e-05
6.898872402517398656e-05
6.888174304549090645e-05
6.877492795771188118e-05
6.866827850460407708e-05
6.856179442933348425e-05
6.845547547546432026e-05
6.834932138695842027e-05
6.824333190817458649e-05
6.813750678386800547e-05
6.803184575918958400e-05
6.792634857968546120e-05
6.782101499129618185e-05
6.771584474035631691e-05
6.761083757359369101e-05
6.750599323812881325e-05
6.740131148147434866e-05
6.729679205153438638e-05
6.719243469660387039e-05
6.708823916536808460e-05
6.698420520690193450e-05
6.688033257066939154e-05
6.677662100652286968e-05
6.667307026470264270e-05
6.656968009583627490e-05
6.646645025093792999e-05
6.636338048140784254e-05
6.626047053903172163e-05
6.615772017598008678e-05
6.605512914480778010e-05
6.595269719845326154e-05
6.585042409023805321e-05
6.574830957386621085e-05
6.564635340342361912e-05
6.554455533337746301e-05
6.544291511857564512e-05
6.534143251424614867e-05
6.524010727599650894e-05
6.513893915981318989e-05
6.503792792206098783e-05
6.493707331948243508e-05
6.483637510919727147e-05
6.473583304870182090e-05
6.463544689586839503e-05
6.453521640894472407e-05
6.443514134655340113e-05
6.433522146769124527e-05
6.423545653172877290e-05
6.413584629840962865e-05
6.403639052784986701e-05
6.393708898053764066e-05
6.383794141733233312e-05
6.373894759946417926e-05
6.364010728853364187e-05
6.354142024651078828e-05
6.344288623573476177e-05
6.334450501891321242e-05
6.324627635912171428e-05
6.314820001980318267e-05
6.305027576476734561e-05
6.295250335819010685e-05
6.285488256461303086e-05
6.275741314894278720e-05
6.266009487645055422e-05
6.256292751277139561e-05
6.246591082390388092e-05
6.236904457620928602e-05
6.227232853641122712e-05
6.217576247159498320e-05
6.207934614920696740e-05
6.198307933705418497e-05
6.188696180330365048e-05
6.179099331648183217e-05
6.169517364547412344e-05
6.159950255952424648e-05
6.150397982823373731e-05
6.140860522156130880e-05
6.131337850982243056e-05
6.121829946368867838e-05
6.112336785418717863e-05
6.102858345270011352e-05
6.093394603096411810e-05
6.083945536106977198e-05
6.074511121546102334e-05
6.065091336693466043e-05
6.055686158863975588e-05
6.046295565407709075e-05
6.036919533709867336e-05
6.027558041190712271e-05
6.018211065305518733e-05
6.008878583544516251e-05
5.999560573432840248e-05
5.990257012530466978e-05
5.980967878432169490e-05
5.971693148767463413e-05
5.962432801200546648e-05
5.953186813430250579e-05
5.943955163189985864e-05
5.934737828247685511e-05
5.925534786405757450e-05
5.916346015501024896e-05
5.907171493404673497e-05
5.898011198022205256e-05
5.888865107293376187e-05
5.879733199192150239e-05
5.870615451726643051e-05
5.861511842939063678e-05
5.852422350905674608e-05
5.843346953736726715e-05
5.834285629576414528e-05
5.825238356602819320e-05
5.816205113027857600e-05
5.807185877097228261e-05
5.798180627090361084e-05
5.789189341320366588e-05
5.780211998133977079e-05
5.771248575911502605e-05
5.762299053066775390e-05
5.753363408047092235e-05
5.744441619333173863e-05
5.735533665439103928e-05
5.726639524912283618e-05
5.717759176333372701e-05
5.708892598316246155e-05
5.700039769507935894e-05
5.691200668588585366e-05
5.682375274271391277e-05
5.673563565302559549e-05
5.664765520461247035e-05
5.655981118559519518e-05
5.647210338442292069e-05
5.638453158987278234e-05
5.629709559104948015e-05
5.620979517738470274e-05
5.612263013863659879e-05
5.603560026488929591e-05
5.594870534655250083e-05
5.586194517436076084e-05
5.577531953937319266e-05
5.568882823297284556e-05
5.560247104686624048e-05
5.551624777308288223e-05
5.543015820397469021e-05
5.534420213221561899e-05
5.525837935080102131e-05
5.517268965304728218e-05
5.508713283259119545e-05
5.500170868338957080e-05
5.491641699971867808e-05
5.483125757617378652e-05
5.474623020766862942e-05
5.466133468943494333e-05
5.457657081702195988e-05
5.449193838629592463e-05
5.440743719343960917e-05
5.432306703495179618e-05
5.423882770764679824e-05
5.415471900865399709e-05
5.407074073541731510e-05
5.398689268569477475e-05
5.390317465755793626e-05
5.381958644939149774e-05
5.373612785989273960e-05
5.365279868807105692e-05
5.357197417355097623e-05
