0.000000000000000000e+00
1.819126249793824971e-09
3.638252499587650356e-09
1.414252762779177762e-08
2.931031258025183658e-08
5.466386151597984517e-08
1.488828731042462583e-06
7.084161118333091114e-06
1.960983890266946322e-05
4.115869260171624181e-05
1.209860881133376271e-04
2.584209851609007560e-04
4.616843455201013742e-04
7.353960103676076285e-04
1.081686261446176880e-03
1.974854567466049690e-03
3.138376937028012920e-03
4.244902792725139921e-03
5.494353959942182598e-03
6.871762424364314531e-03
8.362255421011934378e-03
9.951561792811498136e-03
1.162645602485042756e-02
1.402123247781210218e-02
1.652558923487508838e-02
1.911695697197876923e-02
2.177648101195753944e-02
2.448860782322671500e-02
2.724059769581679488e-02
3.049676688924865889e-02
3.378062166995879356e-02
3.708218242276572346e-02
4.039379368697681993e-02
4.370955727638074079e-02
4.773078795225564608e-02
5.174588250915435755e-02
5.575075892008701101e-02
5.974248097268976959e-02
6.371901885589034698e-02
6.857065925415702090e-02
7.339579588343422833e-02
7.819336113628218288e-02
8.296272082187571006e-02
9.140169275664432325e-02
9.974943079497228249e-02
1.080061585738265467e-01
1.161725304848566231e-01
1.242493693128707277e-01
1.343444732312241985e-01
1.442993712514709648e-01
1.541154692907884816e-01
1.637947898159682336e-01
1.733394867918323923e-01
1.775209897836218242e-01
1.816771680075280337e-01
1.858078175552278777e-01
1.899128339720317360e-01
1.941499422161894473e-01
1.983597097819194965e-01
2.025425379628477685e-01
2.119683196214665888e-01
2.212569046086602376e-01
2.304102975856779922e-01
2.394303906067976329e-01
2.520640686409794107e-01
2.644365944542305669e-01
2.765522219617426170e-01
2.884176542470021642e-01
3.019955796212256405e-01
3.152450412347997388e-01
3.185069193916031938e-01
3.217488795286647663e-01
3.249710634317116709e-01
3.281734730073548878e-01
3.313561999832304039e-01
3.345532066473493327e-01
3.377304014189376757e-01
3.408879258501475440e-01
3.440259214931314924e-01
3.472577972680424563e-01
3.504690048520034962e-01
3.536597018408569881e-01
3.654411866712690693e-01
3.769416345425051773e-01
3.881682740516321228e-01
3.991271352647247639e-01
4.162810394888750709e-01
4.204658948934745233e-01
4.246100864597967539e-01
4.287139983002908328e-01
4.327780326660497501e-01
4.368025415395646593e-01
4.393401708212796297e-01
4.418620878558955911e-01
4.443683890680030779e-01
4.468591701304189812e-01
4.493715422905161239e-01
4.518681214204997576e-01
4.543490051876776792e-01
4.655677960328302722e-01
4.764652213120812996e-01
4.870502628500514852e-01
4.973315572471226353e-01
4.998554274938415420e-01
5.023609742493937436e-01
5.048483259020137837e-01
5.073176098419180935e-01
5.094836941127197649e-01
5.116358772841239633e-01
5.137742412759102040e-01
5.181100677808700983e-01
5.223890429426563120e-01
5.266118888348308991e-01
5.381587053940524168e-01
5.409791881048379159e-01
5.437737432589757613e-01
5.465412582341721004e-01
5.472294126824231997e-01
5.479159737183998402e-01
5.486009415525718858e-01
5.487719351129165535e-01
5.489428295127671831e-01
5.489499776069185488e-01
5.489571255274615647e-01
5.489714207697010684e-01
5.489857149014939486e-01
5.490000083835557820e-01
5.490028670728188676e-01
5.490037794524350589e-01
5.490046918320513614e-01
5.490065165866400143e-01
5.490083413301115600e-01
5.490101660612617396e-01
5.490284125790942937e-01
5.490466572743876172e-01
5.490648995737824611e-01
5.492470754344713768e-01
5.494284539247424881e-01
5.496085771337700931e-01
5.497870355678302623e-01
5.505149495917753821e-01
5.511875650228948986e-01
5.517938927666002913e-01
5.523297949296708254e-01
5.527950748888285082e-01
5.533743307962546432e-01
5.538115898582354202e-01
5.541261514377009423e-01
5.543375740165666921e-01
5.544638840630375931e-01
5.545210171892875906e-01
5.545163902360438213e-01
5.544483088341736199e-01
5.543328325506751142e-01
5.541822508910846379e-01
5.540057884363245311e-01
5.537731966268693018e-01
5.535222783903140931e-01
5.532587664381233283e-01
5.529867221626726392e-01
5.526665808699362525e-01
5.523415810231732115e-01
5.520134630675059828e-01
5.516834727360950819e-01
5.513362235193604022e-01
5.509882209066186975e-01
5.506398964347229974e-01
5.502914881567032568e-01
5.495191730654821471e-01
5.487476146899343821e-01
5.479770721427662528e-01
5.472076509944392431e-01
5.464393663376413413e-01
5.459178207951799200e-01
5.453967969293636031e-01
5.448763149778518278e-01
5.443563631376973078e-01
5.439953175245584305e-01
5.436345276225208467e-01
5.432739934315844454e-01
5.421241433275764132e-01
5.409769094174122772e-01
5.398322746771389014e-01
5.386902413126952727e-01
5.378154812305324661e-01
5.369422507930117217e-01
5.360705347030487733e-01
5.356552613497570503e-01
5.352403350899396228e-01
5.348257559235963798e-01
5.343164513187405040e-01
5.338076715186604870e-01
5.332994092520928486e-01
5.321173635853988504e-01
5.309381490890073829e-01
5.297617615404029978e-01
5.290784919069150272e-01
5.283961755605598443e-01
5.277148109609060000e-01
5.270343965675217124e-01
5.267011851880731843e-01
5.263682016135717845e-01
5.260354456625345732e-01
5.257056799980033279e-01
5.253761378334413923e-01
5.250468189918535700e-01
5.230731592958016707e-01
5.211075288098210301e-01
5.206173716398848628e-01
5.201277135742164992e-01
5.196385550104773987e-01
5.191498963937557498e-01
5.188223650664725017e-01
5.184950578090394835e-01
5.181679744778799890e-01
5.178443394660526833e-01
5.175209237025268916e-01
5.171977270479350963e-01
5.159281793843334407e-01
5.146620135936822438e-01
5.133992258829653821e-01
5.100992056199433744e-01
5.092778129614082827e-01
5.084578609077676781e-01
5.076393472283163844e-01
5.074349432967084628e-01
5.072306290916790417e-01
5.070264045788667184e-01
5.068222697239097574e-01
5.065045816456631433e-01
5.061871107463523645e-01
5.058698568962425313e-01
5.055535721563532148e-01
5.052375031786762172e-01
5.049216498343982451e-01
5.017749531945938646e-01
5.009916323375215308e-01
5.002096488684912856e-01
4.994290002038553888e-01
4.986496843385290756e-01
4.983365805774619406e-01
4.980236920487320362e-01
4.977110186205643827e-01
4.973999515424164519e-01
4.970890973921265887e-01
4.967784560396730775e-01
4.959278836313748551e-01
4.950789071134683583e-01
4.942315251965668788e-01
4.933269083993307991e-01
4.924241089257681003e-01
4.915231236268856052e-01
4.897265821348411596e-01
4.879372554705037057e-01
4.861551175257762258e-01
4.843801444663423661e-01
4.808109716732290040e-01
4.772708105088752095e-01
4.737594524086776171e-01
4.702766928872687546e-01
4.668223161082413197e-01
4.624919059395222187e-01
4.582061882662037400e-01
4.539647499817217602e-01
4.497671749055158763e-01
4.456130515701892669e-01
4.413540410822360816e-01
4.371407900417905168e-01
4.329728483039281817e-01
4.288497684843455837e-01
4.247711056712779598e-01
4.207364178326407078e-01
4.167452659138807247e-01
4.127972137651048090e-01
4.088918281689098433e-01
4.050286789013697319e-01
4.012073387549448533e-01
3.974273835593284399e-01
3.936883922084141729e-01
3.899899466803154469e-01
3.863316320536942516e-01
3.827130365233736842e-01
3.791337514194308977e-01
3.755933712250244527e-01
3.720914935842731808e-01
3.686277193090970461e-01
3.652016523940113113e-01
3.618129000237608750e-01
3.584610725747174320e-01
3.551457836226346032e-01
3.518666499464479513e-01
3.486232915288718370e-01
3.454153315576002359e-01
3.422423964257205187e-01
3.391041157299553022e-01
3.360001222679538935e-01
3.329300520350563231e-01
3.298935442198950851e-01
3.268902411988767187e-01
3.239197885298965573e-01
3.209818349452385755e-01
3.180760323435852799e-01
3.152020357812510554e-01
3.123595034626999167e-01
3.095480967303341213e-01
3.067674800535923341e-01
3.040173210174115792e-01
3.012972903100742394e-01
2.986070617104612523e-01
2.959463120747472531e-01
2.933147213225673067e-01
2.907119724226798207e-01
2.881377513781488986e-01
2.855917472110758304e-01
2.830736519469003731e-01
2.805831605982970212e-01
2.781199711486871395e-01
2.756837845353901084e-01
2.732743046324335734e-01
2.708912382330427859e-01
2.685342950318288513e-01
2.662031876066946467e-01
2.638976314004757850e-01
2.616173447023351084e-01
2.593620486289264226e-01
2.571314671053441803e-01
2.549253268458745447e-01
2.527433573345627127e-01
2.505852908056111494e-01
2.484508622236225039e-01
2.463398092637003323e-01
2.442518722914208407e-01
2.421867943426879721e-01
2.401443211034836045e-01
2.381242008895243512e-01
2.361261846258357888e-01
2.341500258262555478e-01
2.321954805728739246e-01
2.302623074954232574e-01
2.283502677506247525e-01
2.264591250015018098e-01
2.245886453966681739e-01
2.227385975496004589e-01
2.209087525179011802e-01
2.190988837825617597e-01
2.173087672272313031e-01
2.155381811174990614e-01
2.137869060801973475e-01
2.120547250827306551e-01
2.103414234124376669e-01
2.086467886559919827e-01
2.069706106788473110e-01
2.053126816047319836e-01
2.036727957951986467e-01
2.020507498292334891e-01
2.004463424829301399e-01
1.988593747092322894e-01
1.972896496177496406e-01
1.957369724546509093e-01
1.942011505826383710e-01
1.926819934610067842e-01
1.911793126257908537e-01
1.896929216700040943e-01
1.882226362239728668e-01
1.867682739357678368e-01
1.853296544517360478e-01
1.839065993971366053e-01
1.824989323568816380e-01
1.811064788563860883e-01
1.797290663425273327e-01
1.783665241647178490e-01
1.770186835560921823e-01
1.756853776148105395e-01
1.743664412854802337e-01
1.730617113406974772e-01
1.717710263627101053e-01
1.704942267252031463e-01
1.692311545752087920e-01
1.679816538151412408e-01
1.667455700849583278e-01
1.655227507444505253e-01
1.643130448556584522e-01
1.631163031654194184e-01
1.619323780880445318e-01
1.607611236881260619e-01
1.596023956634768370e-01
1.584560513282007865e-01
1.573219495958968484e-01
1.561999509629953264e-01
1.550899174922270862e-01
1.539917127962273924e-01
1.529052020212723906e-01
1.518302518311501759e-01
1.507667303911658374e-01
1.497145073522805625e-01
1.486734538353851054e-01
1.476434424157071768e-01
1.466243471073529758e-01
1.456160433479830041e-01
1.446184079836212999e-01
1.436313192535984551e-01
1.426546567756279971e-01
1.416883015310158589e-01
1.407321358500027431e-01
1.397860433972387961e-01
1.388499091573904276e-01
1.379236194208788846e-01
1.370070617697498327e-01
1.361001250636739990e-01
1.352026994260779325e-01
1.343146762304044117e-01
1.334359480865023873e-01
1.325664088271453767e-01
1.317059534946778687e-01
1.308544783277894585e-01
1.300118807484155203e-01
1.291780593487643902e-01
1.283529138784698098e-01
1.275363452318684365e-01
1.267282554354013102e-01
1.259285476351390265e-01
1.251371260844294231e-01
1.243538961316674185e-01
1.235787642081859344e-01
1.228116378162674438e-01
1.220524255172751732e-01
1.213010369199032934e-01
1.205573826685450711e-01
1.198213744317786073e-01
1.190929248909689542e-01
1.183719477289859878e-01
1.176583576190370628e-01
1.169520702136139789e-01
1.162530021335530517e-01
1.155610709572073569e-01
1.148761952097309413e-01
1.141982943524733340e-01
1.135272887724841917e-01
1.128630997721267737e-01
1.122056495587995112e-01
1.115548612347650459e-01
1.109106587870854754e-01
1.102729670776631532e-01
1.096417118333863072e-01
1.090168196363782982e-01
1.083982179143498786e-01
1.077858349310535924e-01
1.071795997768391906e-01
1.065794423593096618e-01
1.059852933940763353e-01
1.053970843956129888e-01
1.048147476682074614e-01
1.042382162970101472e-01
1.036674241391785378e-01
1.031023058151169236e-01
1.025427966998103957e-01
1.019888329142522032e-01
1.014403513169638005e-01
1.008972894956064598e-01
1.003595857586840612e-01
9.982717912733557464e-02
9.930000932721699813e-02
9.877801678047150313e-02
9.826114259778725990e-02
9.774932857054173529e-02
9.724251716303219939e-02
9.674065150479088659e-02
9.624367538298464475e-02
9.575153323489801749e-02
9.526417014049876064e-02
9.478153181508527925e-02
9.430356460201511082e-02
9.383021546551345571e-02
9.336143198356125494e-02
9.289716234086192737e-02
9.243735532188573911e-02
9.198196030399155565e-02
9.153092725062461632e-02
9.108420670458999835e-02
9.064174978140088212e-02
9.020350816270059080e-02
8.976943408975825156e-02
8.933948035703671853e-02
8.891360030583232710e-02
8.849174781798577194e-02
8.807387730966323436e-02
8.765994372520713451e-02
8.724990253105570359e-02
8.684370970973084858e-02
8.644132175389324102e-02
8.604269566046449103e-02
8.564778892481500483e-02
8.525655953501755369e-02
8.486896596616522181e-02
8.448496717475363627e-02
8.410452259312634071e-02
8.372759212398282747e-02
8.335413613494874197e-02
8.298411545320716343e-02
8.261749136019089224e-02
8.225422558633443959e-02
8.189428030588577490e-02
8.153761813177648476e-02
8.118420211055041302e-02
8.083399571734956046e-02
8.048696285095705005e-02
8.014306782889626946e-02
7.980227538258578834e-02
7.946455065254927341e-02
7.912985918367998472e-02
7.879816692055902072e-02
7.846944020282708987e-02
7.814364576060879586e-02
7.782075070998921429e-02
7.750072254854202536e-02
7.718352915090867516e-02
7.686913876442796889e-02
7.655752000481569342e-02
7.624864185189342281e-02
7.594247364536635403e-02
7.563898508064932635e-02
7.533814620474060808e-02
7.503992741214290940e-02
7.474429944083119115e-02
7.445123336826657556e-02
7.416070060745597048e-02
7.387267290305692125e-02
7.358712232752712135e-02
7.330402127731805439e-02
7.302334246911243443e-02
7.274505893610477836e-02
7.246914402432472202e-02
7.219557138900262183e-02
7.192431499097694247e-02
7.165534909314291712e-02
7.138864825694204996e-02
7.112418733889210032e-02
7.086194148715696528e-02
7.060188613815610026e-02
7.034399701321281118e-02
7.008825011524155713e-02
6.983462172547300062e-02
6.958308840021705521e-02
6.933362696766331990e-02
6.908621452471819246e-02
6.884082843387870354e-02
6.859744632014228016e-02
6.835604606795235572e-02
6.811660581817904903e-02
6.787910396513487099e-02
6.764351915362484813e-02
6.740983027603077160e-02
6.717801646942916927e-02
6.694805711274248727e-02
6.671993182392334243e-02
6.649362045717140124e-02
6.626910310018223338e-02
6.604636007142818122e-02
6.582537191747071803e-02
6.560611941030383698e-02
6.538858354472820711e-02
6.517274553575588825e-02
6.495858681604482765e-02
6.474608903336345755e-02
6.453523404808431119e-02
6.432600393070701805e-02
6.411838095940972093e-02
6.391234761762912275e-02
6.370788659166848333e-02
6.350498076833334393e-02
6.330361323259482698e-02
6.310376726527985869e-02
6.290542634078832851e-02
6.270857412483668569e-02
6.251319447222783432e-02
6.231927142464677161e-02
6.212678920848194175e-02
6.193573223267181960e-02
6.174608508657660616e-02
6.155783253787457110e-02
6.137095953048279928e-02
6.118545118250226511e-02
6.100129278418663092e-02
6.081846979593473479e-02
6.063696784630642767e-02
6.045677273006138525e-02
6.027787040622090142e-02
6.010024699615201804e-02
5.992388878167416444e-02
5.974878220318758509e-02
5.957491385782373583e-02
5.940227049761710731e-02
5.923083902769832321e-02
5.906060650450836724e-02
5.889156013403346046e-02
5.872368727006051226e-02
5.855697541245299953e-02
5.839141220544683680e-02
5.822698543596596665e-02
5.806368303195788561e-02
5.790149306074815483e-02
5.774040372741452709e-02
5.758040337317954505e-02
5.742148047382221454e-02
5.726362363810805212e-02
5.710682160623740955e-02
5.695106324831197137e-02
5.679633756281896734e-02
5.664263367513323877e-02
5.648994083603660343e-02
5.633824842025457469e-02
5.618754592501017109e-02
5.603782296859440015e-02
5.588906928895369386e-02
5.574127474229353257e-02
5.559442930169857661e-02
5.544852305576873641e-02
5.530354620727122306e-02
5.515948907180832916e-02
5.501634207650069747e-02
5.487409575868601452e-02
5.473274076463281734e-02
5.459226784826934353e-02
5.445266786992721680e-02
5.431393179509981517e-02
5.417605069321503042e-02
5.403901573642245354e-02
5.390281819839467387e-02
5.376744945314256008e-02
5.363290097384436350e-02
5.349916433168852570e-02
5.336623119472994753e-02
5.323409332675965722e-02
5.310274258618762067e-02
5.297217092493863161e-02
5.284237038736107339e-02
5.271333310914844833e-02
5.258505131627345952e-02
5.245751732393456185e-02
5.233072353551483646e-02
5.220466244155297364e-02
5.207932661872627378e-02
5.195470872884562497e-02
5.183080151786205458e-02
5.170759781488504236e-02
5.158509053121217158e-02
5.146327265937020168e-02
5.134213727216732637e-02
5.122167752175642991e-02
5.110188663870941089e-02
5.098275793110219889e-02
5.086428478361055411e-02
5.074646065661635175e-02
5.062927908532435795e-02
5.051273367888933774e-02
5.039681811955332158e-02
5.028152616179291934e-02
5.016685163147674431e-02
5.005278842503248227e-02
4.993933050862386230e-02
4.982647191733716174e-02
4.971420675437719650e-02
4.960252919027280383e-02
4.949143346209150529e-02
4.938091387266339838e-02
4.927096478981415895e-02
4.916158064560689073e-02
4.905275593559293990e-02
4.894448521807145264e-02
4.883676311335754389e-02
4.872958430305904254e-02
4.862294352936168823e-02
4.851683559432271725e-02
4.841125535917262940e-02
4.830619774362519131e-02
4.820165772519546810e-02
4.809763033852585551e-02
4.799411067471991144e-02
4.789109388068411854e-02
4.778857515847717563e-02
4.768654976466704665e-02
4.758501300969537884e-02
4.748396025724954672e-02
4.738338692364177374e-02
4.728328847719578953e-02
4.718366043764046086e-02
4.708449837551059031e-02
4.698579791155473029e-02
4.688755471614983183e-02
4.678976450872295023e-02
4.669242305717938302e-02
4.659552617733783708e-02
4.649906973237193097e-02
4.640304963225841406e-02
4.630746183323172782e-02
4.621230233724497177e-02
4.611756719143721150e-02
4.602325248760694848e-02
4.592935436169181401e-02
4.583586899325427233e-02
4.574279260497344374e-02
4.565012146214275646e-02
4.555785187217352428e-02
4.546598018410435288e-02
4.537450278811625687e-02
4.528341611505341813e-02
4.519271663594961325e-02
4.510240086156012962e-02
4.501246534189918408e-02
4.492290666578267755e-02
4.483372146037646611e-02
4.474490639074969051e-02
4.465645815943351804e-02
4.456837350598494979e-02
4.448064920655574184e-02
4.439328207346636412e-02
4.430626895478500388e-02
4.421960673391136382e-02
4.413329232916549105e-02
4.404732269338124812e-02
4.396169481350467589e-02
4.387640571019697788e-02
4.379145243744214655e-02
4.370683208215923876e-02
4.362254176381910598e-02
4.353857863406567635e-02
4.345493987634159450e-02
4.337162270551834370e-02
4.328862436753054543e-02
4.320594213901469971e-02
4.312357332695203327e-02
4.304151526831555274e-02
4.295976532972124728e-02
4.287832090708337818e-02
4.279717942527373753e-02
4.271633833778496619e-02
4.263579512639777136e-02
4.255554730085200910e-02
4.247559239852172208e-02
4.239592798409379942e-02
4.231655164925057777e-02
4.223746101235604372e-02
4.215865371814570689e-02
4.208012743742019224e-02
4.200187986674232266e-02
4.192390872813769875e-02
4.184621176879899096e-02
4.176878676079344432e-02
4.169163150077398461e-02
4.161474380969355791e-02
4.153812153252293971e-02
4.146176253797177746e-02
4.138566471821289450e-02
4.130982598860981347e-02
4.123424428744756898e-02
4.115891757566644132e-02
4.108384383659905575e-02
4.100902107571038901e-02
4.093444732034091232e-02
4.086012061945264173e-02
4.078603904337824854e-02
4.071220068357309790e-02
4.063860365237008387e-02
4.056524608273746890e-02
4.049212612803942957e-02
4.041924196179956519e-02
4.034659177746691139e-02
4.027417378818504146e-02
4.020198622656349918e-02
4.013002734445218767e-02
4.005829541271824223e-02
3.998678872102557486e-02
3.991550557761697204e-02
3.984444430909875323e-02
3.977360326022795489e-02
3.970298079370192246e-02
3.963257528995053902e-02
3.956238514693070918e-02
3.949240877992325760e-02
3.942264462133238112e-02
3.935309112048721719e-02
3.928374674344588952e-02
3.921460997280176025e-02
3.914567930749199287e-02
3.907695326260832158e-02
3.900843036921004814e-02
3.894010917413926604e-02
3.887198823983815249e-02
3.880406614416846700e-02
3.873634148023316626e-02
3.866881285619999664e-02
3.860147889512736963e-02
3.853433823479199272e-02
3.846738952751874163e-02
3.840063144001240603e-02
3.833406265319146133e-02
3.826768186202370026e-02
3.820148777536390428e-02
3.813547911579331234e-02
3.806965461946098389e-02
3.800401303592709085e-02
3.793855312800792356e-02
3.787327367162283964e-02
3.780817345564284337e-02
3.774325128174109423e-02
3.767850596424506676e-02
3.761393632999046610e-02
3.754954121817684343e-02
3.748531948022490456e-02
3.742126997963549084e-02
3.735739159185017672e-02
3.729368320411358823e-02
3.723014371533717171e-02
3.716677203596470414e-02
3.710356708783933005e-02
3.704052780407209727e-02
3.697765312891208855e-02
3.691494201761807287e-02
3.685239343633161385e-02
3.679000636195167706e-02
3.672777978201075683e-02
3.666571269455232845e-02
3.660380410800988249e-02
3.654205304108726349e-02
3.648045852264041738e-02
3.641901959156058910e-02
3.635773529665881076e-02
3.629660469655177080e-02
3.623562685954902218e-02
3.617480086354148139e-02
3.611412579589128036e-02
3.605360075332283976e-02
3.599322484181526755e-02
3.593299717649597880e-02
3.587291688153559227e-02
3.581298309004403435e-02
3.575319494396782954e-02
3.569355159398866773e-02
3.563405219942307467e-02
3.557469592812326914e-02
3.551548195637926897e-02
3.545640946882198247e-02
3.539747765832758353e-02
3.533868572592287899e-02
3.528003288069191112e-02
3.522151833968351076e-02
3.516314132782002999e-02
3.510490107780710189e-02
3.504679683004446877e-02
3.498882783253783740e-02
3.493099334081176816e-02
3.487329261782358414e-02
3.481572493387827955e-02
3.475828956654443413e-02
3.470098580057111304e-02
3.464381292780568250e-02
3.458677024711268033e-02
3.452985706429352597e-02
3.447307269200727831e-02
3.441641644969224006e-02
3.435988766348845730e-02
3.430348566616123890e-02
3.424720979702544632e-02
3.419105940187073395e-02
3.413503383288764986e-02
3.407913244859456237e-02
3.402335461376553710e-02
3.396769969935889422e-02
3.391216708244679245e-02
3.385675614614544471e-02
3.380146627954633276e-02
3.374629687764804653e-02
3.369124734128908782e-02
3.363631707708127083e-02
3.358150549734412182e-02
3.352681202003982008e-02
3.347223606870906865e-02
3.341777707240763118e-02
3.336343446564361825e-02
3.330920768831550915e-02
3.325509618565092307e-02
3.320109940814604255e-02
3.314721681150584187e-02
3.309344785658487748e-02
3.303979200932891797e-02
3.298624874071712232e-02
3.293281752670500218e-02
3.287949784816794618e-02
3.282628919084551455e-02
3.277319104528626098e-02
3.272020290679331089e-02
3.266732427537049482e-02
3.261455465566916179e-02
3.256189355693556858e-02
3.250934049295892136e-02
3.245689498201997925e-02
3.240455654684032405e-02
3.235232471453215047e-02
3.230019901654866687e-02
3.224817898863508586e-02
3.219626417078021163e-02
3.214445410716851304e-02
3.209274834613282112e-02
3.204114644010754021e-02
3.198964794558246949e-02
3.193825242305703416e-02
3.188695943699522417e-02
3.183576855578088005e-02
3.178467935167366559e-02
3.173369140076538059e-02
3.168280428293694662e-02
3.163201758181578144e-02
3.158133088473374234e-02
3.153074378268548583e-02
3.148025587028736860e-02
3.142986674573682027e-02
3.137957601077218106e-02
3.132938327063301137e-02
3.127928813402081065e-02
3.122929021306029493e-02
3.117938912326105594e-02
3.112958448347967477e-02
3.107987591588227960e-02
3.103026304590756485e-02
3.098074550223018503e-02
3.093132291672464132e-02
3.088199492442954275e-02
3.083276116351230112e-02
3.078362127523421449e-02
3.073457490391599128e-02
3.068562169690366992e-02
3.063676130453488189e-02
3.058799338010559365e-02
3.053931757983718159e-02
3.049073356284384695e-02
3.044224099110056508e-02
3.039383952941119432e-02
3.034552884537714337e-02
3.029730860936628162e-02
3.024917849448228307e-02
3.020113817653428262e-02
3.015318733400689649e-02
3.010532564803060709e-02
3.005755280235247739e-02
3.000986848330720186e-02
2.996227237978851127e-02
2.991476418322090020e-02
2.986734358753165286e-02
2.982001028912328183e-02
2.977276398684615411e-02
2.972560438197157859e-02
2.967853117816508790e-02
2.963154408146011221e-02
2.958464280023188897e-02
2.953782704517177171e-02
2.949109652926172262e-02
2.944445096774917295e-02
2.939789007812217136e-02
2.935141358008481333e-02
2.930502119553290985e-02
2.925871264853004139e-02
2.921248766528378171e-02
2.916634597412227567e-02
2.912028730547101124e-02
2.907431139182997670e-02
2.902841796775094269e-02
2.898260676981512241e-02
2.893687753661103659e-02
2.889123000871264557e-02
2.884566392865774501e-02
2.880017904092656289e-02
2.875477509192069653e-02
2.870945182994221953e-02
2.866420900517303166e-02
2.861904636965450013e-02
2.857396367726730557e-02
2.852896068371149965e-02
2.848403714648681945e-02
2.843919282487325506e-02
2.839442747991177685e-02
2.834974087438534365e-02
2.830513277280011578e-02
2.826060294136686218e-02
2.821615114798260021e-02
2.817177716221248157e-02
2.812748075527181368e-02
2.808326170000835509e-02
2.803911977088477392e-02
2.799505474396136312e-02
2.795106639687885974e-02
2.790715450884158344e-02
2.786331886060066168e-02
2.781955923443753947e-02
2.777587541414760358e-02
2.773226718502402877e-02
2.768873433384184263e-02
2.764527664884211533e-02
2.760189391971636444e-02
2.755858593759114711e-02
2.751535249501281533e-02
2.747219338593244464e-02
2.742910840569093636e-02
2.738609735100433137e-02
2.734316001994923154e-02
2.730029621194841882e-02
2.725750572775666528e-02
2.721478836944664706e-02
2.717214394039510483e-02
2.712957224526905617e-02
2.708707309001227859e-02
2.704464628183186892e-02
2.700229162918500042e-02
2.696000894176579094e-02
2.691779803049238959e-02
2.687565870749412944e-02
2.683359078609890216e-02
2.679159408082062988e-02
2.674966840734692430e-02
2.670781358252680843e-02
2.666602942435869830e-02
2.662431575197841266e-02
2.658267238564737678e-02
2.654109914674097209e-02
2.649959585773697945e-02
2.645816234220417507e-02
2.641679842479106519e-02
2.637550393121475267e-02
2.633427868824989720e-02
2.629312252371786285e-02
2.625203526647592461e-02
2.621101674640664153e-02
2.617006679440734424e-02
2.612918524237973356e-02
2.608837192321962484e-02
2.604762667080675123e-02
2.600694931999476128e-02
2.596633970660126162e-02
2.592579766739804698e-02
2.588532304010134760e-02
2.584491566336229867e-02
2.580457537675740626e-02
2.576430202077923531e-02
2.572409543682708730e-02
2.568395546719791020e-02
2.564388195507719820e-02
2.560387474453006476e-02
2.556393368049241638e-02
2.552405860876216098e-02
2.548424937599063494e-02
2.544450582967399191e-02
2.540482781814480673e-02
2.536521519056369328e-02
2.532566779691108882e-02
2.528618548797905569e-02
2.524676811536324950e-02
2.520741553145491864e-02
2.516812758943303904e-02
2.512890414325653216e-02
2.508974504765653854e-02
2.505065015812881629e-02
2.501161933092622275e-02
2.497265242305125171e-02
2.493374929224870251e-02
2.489490979699837681e-02
2.485613379650792806e-02
2.481742115070572491e-02
2.477877172023382202e-02
2.474018536644104899e-02
2.470166195137610612e-02
2.466320133778079210e-02
2.462480338908330096e-02
2.458646796939156776e-02
2.454819494348672859e-02
2.450998417681662239e-02
2.447183553548938628e-02
2.443374888626712732e-02
2.439572409655963586e-02
2.435776103441821688e-02
2.431985956852953865e-02
2.428201956820960974e-02
2.424424090339776655e-02
2.420652344465076475e-02
2.416886706313694372e-02
2.413127163063041869e-02
2.409373701950539085e-02
2.405626310273045743e-02
2.401884975386306409e-02
2.398149684704395379e-02
2.394420425699170241e-02
2.390697185899733068e-02
2.386979952891896128e-02
2.383268714317653830e-02
2.379563457874659532e-02
2.375864171315712411e-02
2.372170842448244332e-02
2.368483459133816776e-02
2.364802009287622631e-02
2.361126480877990402e-02
2.357456861925901620e-02
2.353793140504503723e-02
2.350135304738636480e-02
2.346483342804360148e-02
2.342837242928488134e-02
2.339196993388130072e-02
2.335562582510231772e-02
2.331933998671128355e-02
2.328311230296097392e-02
2.324694265858919320e-02
2.321083093881441684e-02
2.317477702933149267e-02
2.313878081630738742e-02
2.310284218637697479e-02
2.306696102663886513e-02
2.303113722465131852e-02
2.299537066842816113e-02
2.295966124643475034e-02
2.292400884758402993e-02
2.288841336123257145e-02
2.285287467717670579e-02
2.281739268564866169e-02
2.278196727731276669e-02
2.274659834326171054e-02
2.271128577501280860e-02
2.267602946450431034e-02
2.264082930409182237e-02
2.260568518654464121e-02
2.257059700504226302e-02
2.253556465317084131e-02
2.250058802491970711e-02
2.246566701467794802e-02
2.243080151723100824e-02
2.239599142775731966e-02
2.236123664182499207e-02
2.232653705538851369e-02
2.229189256478553149e-02
2.225730306673359693e-02
2.222276845832702255e-02
2.218828863703372484e-02
2.215386350069213292e-02
2.211949294750809730e-02
2.208517687605185409e-02
2.205091518525503433e-02
2.201670777440769416e-02
2.198255454315535193e-02
2.194845539149611197e-02
2.191441021977777459e-02
2.188041892869499461e-02
2.184648141928647799e-02
2.181259759293219941e-02
2.177876735135064051e-02
2.174499059659610462e-02
2.171126723105599315e-02
2.167759715744816545e-02
2.164398027881830888e-02
2.161041649853732982e-02
2.157690572029878281e-02
2.154344784811634828e-02
2.151004278632127203e-02
2.147669043955992979e-02
2.144339071279131870e-02
2.141014351128465998e-02
2.137694874061697031e-02
2.134380630667069220e-02
2.131071611563132434e-02
2.127767807398510749e-02
2.124469208851671731e-02
2.121175806630698837e-02
2.117887591473064171e-02
2.114604554145407128e-02
2.111326685443315823e-02
2.108053976191104004e-02
2.104786417241599761e-02
2.101523999475931118e-02
2.098266713803313005e-02
2.095014551160840829e-02
2.091767502513283000e-02
2.088525558852876579e-02
2.085288711199126399e-02
2.082056950598601408e-02
2.078830268124743502e-02
2.075608654877664563e-02
2.072392101983958762e-02
2.069180600596508962e-02
2.065974141894295901e-02
2.062772717082214657e-02
2.059576317390885564e-02
2.056384934076472409e-02
2.053198558420502029e-02
2.050017181729684584e-02
2.046840795335733848e-02
2.043669390595195812e-02
2.040502958889271745e-02
2.037341491623646111e-02
2.034184980228320727e-02
2.031033416157441290e-02
2.027886790889134316e-02
2.024745095925341992e-02
2.021608322791658766e-02
2.018476463037170709e-02
2.015349508234295928e-02
2.012227449978626348e-02
2.009110279888773332e-02
2.005997989606211895e-02
2.002890570795127362e-02
1.999788015142265479e-02
1.996690314356783583e-02
1.993597460170101060e-02
1.990509444335752942e-02
1.987426258629245920e-02
1.984347894847915753e-02
1.981274344810782934e-02
1.978205600358414959e-02
1.975141653352785465e-02
1.972082495677138225e-02
1.969028119235850804e-02
1.965978515954299594e-02
1.962933677778726585e-02
1.959893596676109268e-02
1.956858264634027747e-02
1.953827673660537417e-02
1.950801815784040938e-02
1.947780683053161599e-02
1.944764267536618421e-02
1.941752561323102644e-02
1.938745556521154212e-02
1.935743245259042775e-02
1.932745619684645214e-02
1.929752671965329069e-02
1.926764394287832499e-02
1.923780778858151172e-02
1.920801817901420655e-02
1.917827503661803656e-02
1.914857828402377615e-02
1.911892784405020557e-02
1.908932363970305274e-02
1.905976559417386224e-02
1.903025363083891280e-02
1.900078767325817652e-02
1.897136764517422941e-02
1.894199347051122445e-02
1.891266507337382302e-02
1.888338237804619915e-02
1.885414530899100563e-02
1.882495379084836787e-02
1.879580774843488122e-02
1.876670710674263956e-02
1.873765179093823952e-02
1.870864172636182293e-02
1.867967683852612623e-02
1.865075705311551590e-02
1.862188229598504829e-02
1.859305249315956754e-02
1.856426757083275841e-02
1.853552745536624080e-02
1.850683207328867458e-02
1.847818135129486450e-02
1.844957521624487201e-02
1.842101359516313402e-02
1.839249641523763024e-02
1.836402360381896720e-02
1.833559508841958383e-02
1.830721079671287707e-02
1.827887065653237969e-02
1.825057459587093450e-02
1.822232254287987907e-02
1.819411442586823385e-02
1.816595017330190076e-02
1.813782971380287559e-02
1.810975297614845353e-02
1.808171988927045892e-02
1.805373038225447507e-02
1.802578438433907054e-02
1.799788182491506017e-02
1.797002263352474177e-02
1.794220673986116066e-02
1.791443407376738794e-02
1.788670456523577118e-02
1.785901814440723004e-02
1.783137474157053814e-02
1.780377428716161184e-02
1.777621671176282669e-02
1.774870194610230628e-02
1.772122992105324563e-02
1.769380056763323120e-02
1.766641381700356089e-02
1.763906960046858832e-02
1.761176784947504972e-02
1.758450849561142212e-02
1.755729147060725720e-02
1.753011670633256025e-02
1.750298413479713447e-02
1.747589368814996685e-02
1.744884529867857942e-02
1.742183889880845674e-02
1.739487442110236939e-02
1.736795179825982235e-02
1.734107096311642351e-02
1.731423184864328696e-02
1.728743438794647092e-02
1.726067851426634284e-02
1.723396416097704859e-02
1.720729126158591221e-02
1.718065974973286003e-02
1.715406955918987938e-02
1.712752062386044966e-02
1.710101287777897328e-02
1.707454625511024143e-02
1.704812069014888937e-02
1.702173611731886554e-02
1.699539247117286267e-02
1.696908968639183196e-02
1.694282769778442804e-02
1.691660644028649893e-02
1.689042584896056909e-02
1.686428585899532942e-02
1.683818640570512726e-02
1.681212742452947717e-02
1.678610885103253708e-02
1.676013062090263989e-02
1.673419266995179039e-02
1.670829493411518651e-02
1.668243734945073359e-02
1.665661985213857943e-02
1.663084237848062169e-02
1.660510486490006377e-02
1.657940724794092907e-02
1.655374946426761001e-02
1.652813145066441697e-02
1.650255314403512030e-02
1.647701448140249589e-02
1.645151539990789141e-02
1.642605583681078230e-02
1.640063572948832413e-02
1.637525501543493633e-02
1.634991363226186156e-02
1.632461151769673893e-02
1.629934860958318077e-02
1.627412484588036667e-02
1.624894016466260638e-02
1.622379450411894769e-02
1.619868780255274976e-02
1.617361999838128755e-02
1.614859103013535635e-02
1.612360083645885539e-02
1.609864935610840972e-02
1.607373652795295732e-02
1.604886229097338829e-02
1.602402658426213197e-02
1.599922934702278920e-02
1.597447051856975414e-02
1.594975003832781180e-02
1.592506784583180152e-02
1.590042388072622492e-02
1.587581808276488163e-02
1.585125039181049800e-02
1.582672074783438715e-02
1.580222909091605343e-02
1.577777536124287672e-02
1.575335949910972380e-02
1.572898144491861536e-02
1.570464113917838939e-02
1.568033852250431959e-02
1.565607353561781698e-02
1.563184611934604479e-02
1.560765621462162356e-02
1.558350376248226685e-02
1.555938870407045857e-02
1.553531098063312688e-02
1.551127053352131455e-02
1.548726730418983899e-02
1.546330123419700775e-02
1.543937226520425421e-02
1.541548033897584616e-02
1.539162539737856834e-02
1.536780738238140848e-02
1.534402623605523458e-02
1.532028190057250702e-02
1.529657431820695412e-02
1.527290343133327899e-02
1.524926918242686114e-02
1.522567151406344250e-02
1.520211036891884644e-02
1.517858568976867065e-02
1.515509741948799921e-02
1.513164550105111986e-02
1.510822987753122036e-02
1.508485049210010406e-02
1.506150728802792445e-02
1.503820020868287810e-02
1.501492919753093583e-02
1.499169419813555990e-02
1.496849515415743341e-02
1.494533200935418797e-02
1.492220470758011050e-02
1.489911319278590385e-02
1.487605740901838322e-02
1.485303730042023679e-02
1.483005281122975159e-02
1.480710388578054121e-02
1.478419046850129419e-02
1.476131250391550867e-02
1.473846993664124257e-02
1.471566271139084295e-02
1.469289077297069798e-02
1.467015406628099580e-02
1.464745253631544869e-02
1.462478612816106235e-02
1.460215478699787919e-02
1.457955845809873890e-02
1.455699708682902521e-02
1.453447061864642821e-02
1.451197899910069977e-02
1.448952217383341068e-02
1.446710008857771818e-02
1.444471268915813178e-02
1.442235992149026001e-02
1.440004173158059703e-02
1.437775806552627628e-02
1.435550886951484501e-02
1.433329408982403699e-02
1.431111367282153490e-02
1.428896756496475171e-02
1.426685571280060516e-02
1.424477806296528537e-02
1.422273456218404661e-02
1.420072515727096099e-02
1.417874979512873113e-02
1.415680842274845246e-02
1.413490098720938601e-02
1.411302743567876064e-02
1.409118771541155966e-02
1.406938177375029013e-02
1.404760955812478160e-02
1.402587101605197797e-02
1.400416609513571373e-02
1.398249474306652654e-02
1.396085690762143353e-02
1.393925253666372308e-02
1.391768157814276922e-02
1.389614398009380442e-02
1.387463969063773214e-02
1.385316865798091879e-02
1.383173083041500454e-02
1.381032615631667959e-02
1.378895458414751418e-02
1.376761606245374865e-02
1.374631053986608703e-02
1.372503796509952530e-02
1.370379828695314148e-02
1.368259145430990309e-02
1.366141741613648500e-02
1.364027612148307339e-02
1.361916751948316975e-02
1.359809155935341740e-02
1.357704819039340025e-02
1.355603736198546239e-02
1.353505902359452423e-02
1.351411312476789167e-02
1.349319961513507568e-02
1.347231844440761883e-02
1.345146956237889407e-02
1.343065291892394167e-02
1.340986846399928357e-02
1.338911614764273957e-02
1.336839591997325202e-02
1.334770773119072114e-02
1.332705153157580716e-02
1.330642727148977078e-02
1.328583490137429796e-02
1.326527437175131253e-02
1.324474563322282361e-02
1.322424863647073991e-02
1.320378333225670150e-02
1.318334967142191505e-02
1.316294760488697854e-02
1.314257708365171307e-02
1.312223805879500146e-02
1.310193048147461313e-02
1.308165430292704441e-02
1.306140947446734861e-02
1.304119594748897812e-02
1.302101367346361269e-02
1.300086260394099982e-02
1.298074269054879867e-02
1.296065388499241001e-02
1.294059613905481840e-02
1.292056940459643082e-02
1.290057363355492578e-02
1.288060877794508334e-02
1.286067478985863585e-02
1.284077162146410322e-02
1.282089922500664718e-02
1.280105755280790472e-02
1.278124655726584243e-02
1.276146619085459510e-02
1.274171640612431662e-02
1.272199715570102377e-02
1.270230839228645228e-02
1.268265006865788858e-02
1.266302213766803964e-02
1.264342455224486475e-02
1.262385726539144021e-02
1.260432023018579796e-02
1.258481339978078511e-02
1.256533672740391822e-02
1.254589016635722712e-02
1.252647367001711795e-02
1.250708719183421871e-02
1.248773068533324225e-02
1.246840410411283878e-02
1.244910740184544500e-02
1.242984053227715047e-02
1.241060344922755021e-02
1.239139610658960763e-02
1.237221845832950189e-02
1.235307045848649428e-02
1.233395206117278951e-02
1.231486322057339169e-02
1.229580389094596035e-02
1.227677402662068554e-02
1.225777358200013517e-02
1.223880251155912147e-02
1.221986076984457430e-02
1.220094831147538680e-02
1.218206509114228703e-02
1.216321106360770954e-02
1.214438618370564799e-02
1.212559040634152673e-02
1.210682368649206725e-02
1.208808597920514941e-02
1.206937723959968824e-02
1.205069742286548652e-02
1.203204648426311682e-02
1.201342437912377922e-02
1.199483106284917992e-02
1.197626649091138723e-02
1.195773061885271882e-02
1.193922340228559600e-02
1.192074479689242406e-02
1.190229475842545341e-02
1.188387324270666345e-02
1.186548020562762720e-02
1.184711560314938641e-02
1.182877939130231801e-02
1.181047152618602131e-02
1.179219196396917579e-02
1.177394066088942315e-02
1.175571757325325102e-02
1.173752265743584558e-02
1.171935586988098743e-02
1.170121716710091977e-02
1.168310650567622178e-02
1.166502384225569580e-02
1.164696913355622518e-02
1.162894233636267705e-02
1.161094340752776011e-02
1.159297230397191188e-02
1.157502898268317551e-02
1.155711340071708185e-02
1.153922551519652104e-02
1.152136528331163673e-02
1.150353266231968728e-02
1.148572760954494343e-02
1.146795008237856336e-02
1.145020003827846786e-02
1.143247743476923095e-02
1.141478222944196722e-02
1.139711437995419123e-02
1.137947384402972911e-02
1.136186057945857801e-02
1.134427454409680722e-02
1.132671569586643327e-02
1.130918399275530548e-02
1.129167939281699312e-02
1.127420185417066581e-02
1.125675133500098762e-02
1.123932779355798876e-02
1.122193118815697013e-02
1.120456147717837497e-02
1.118721861906767784e-02
1.116990257233528398e-02
1.115261329555639579e-02
1.113535074737092082e-02
1.111811488648334692e-02
1.110090567166263989e-02
1.108372306174212375e-02
1.106656701561937323e-02
1.104943749225610790e-02
1.103233445067807426e-02
1.101525784997493991e-02
1.099820764930018249e-02
1.098118380787098392e-02
1.096418628496811931e-02
1.094721503993584082e-02
1.093027003218178389e-02
1.091335122117685109e-02
1.089645856645509586e-02
1.087959202761363056e-02
1.086275156431251374e-02
1.084593713627463908e-02
1.082914870328563137e-02
1.081238622519374235e-02
1.079564966190973627e-02
1.077893897340680314e-02
1.076225411972043036e-02
1.074559506094831078e-02
1.072896175725023514e-02
1.071235416884798800e-02
1.069577225602523843e-02
1.067921597912744811e-02
1.066268529856174985e-02
1.064618017479686263e-02
1.062970056836297014e-02
1.061324643985163581e-02
1.059681774991568654e-02
1.058041445926911212e-02
1.056403652868697675e-02
1.054768391900529241e-02
1.053135659112093905e-02
1.051505450599155359e-02
1.049877762463543099e-02
1.048252590813141677e-02
1.046629931761881849e-02
1.045009781429729473e-02
1.043392135942676838e-02
1.041776991432729824e-02
1.040164344037901659e-02
1.038554189902200602e-02
1.036946525175620054e-02
1.035341346014130234e-02
1.033738648579666033e-02
1.032138429040119210e-02
1.030540683569327459e-02
1.028945408347064876e-02
1.027352599559032582e-02
1.025762253396848150e-02
1.024174366058036578e-02
1.022588933746019883e-02
1.021005952670108775e-02
1.019425419045490860e-02
1.017847329093223355e-02
1.016271679040221462e-02
1.014698465119250395e-02
1.013127683568914097e-02
1.011559330633647613e-02
1.009993402563706157e-02
1.008429895615155919e-02
1.006868806049865221e-02
1.005310130135493585e-02
1.003753864145484620e-02
1.002200004359053709e-02
1.000648547061181587e-02
9.990994885426023736e-03
9.975528250997957661e-03
9.960085530349774979e-03
9.944666686560896252e-03
9.929271682767915053e-03
9.913900482164502564e-03
9.898553048001315635e-03
9.883229343585913512e-03
9.867929332282650290e-03
9.852652977512595112e-03
9.837400242753428087e-03
9.822171091539370902e-03
9.806965487461065389e-03
9.791783394165514548e-03
9.776624775355961111e-03
9.761489594791818158e-03
9.746377816288568502e-03
9.731289403717681419e-03
9.716224321006515507e-03
9.701182532138235420e-03
9.686164001151714720e-03
9.671168692141447407e-03
9.656196569257466389e-03
9.641247596705249806e-03
9.626321738745625620e-03
9.611418959694695285e-03
9.596539223923731404e-03
9.581682495859101395e-03
9.566848739982170349e-03
9.552037920829219500e-03
9.537250002991354281e-03
9.522484951114419324e-03
9.507742729898904788e-03
9.493023304099866555e-03
9.478326638526837766e-03
9.463652698043736877e-03
9.449001447568787862e-03
9.434372852074424803e-03
9.419766876587215565e-03
9.405183486187764647e-03
9.390622646010640326e-03
9.376084321244275779e-03
9.361568477130887550e-03
9.347075078966394016e-03
9.332604092100326917e-03
9.318155481935746359e-03
9.303729213929155806e-03
9.289325253590410142e-03
9.274943566482649754e-03
9.260584118222194711e-03
9.246246874478471905e-03
9.231931800973930055e-03
9.217638863483952963e-03
9.203368027836774518e-03
9.189119259913398896e-03
9.174892525647513827e-03
9.160687791025412530e-03
9.146505022085900036e-03
9.132344184920222069e-03
9.118205245671971368e-03
9.104088170537013094e-03
9.089992925763398096e-03
9.075919477651281375e-03
9.061867792552840556e-03
9.047837836872189149e-03
9.033829577065301958e-03
9.019842979639931813e-03
9.005878011155515894e-03
8.991934638223116755e-03
8.978012827505318233e-03
8.964112545716156066e-03
8.950233759621039828e-03
8.936376436036660986e-03
8.922540541830920047e-03
8.908726043922845020e-03
8.894932909282509889e-03
8.881161104930953079e-03
8.867410597940099393e-03
8.853681355432678479e-03
8.839973344582148507e-03
8.826286532612607691e-03
8.812620886798724906e-03
8.798976374465652950e-03
8.785352962988960887e-03
8.771750619794533438e-03
8.758169312358510261e-03
8.744609008207206158e-03
8.731069674917020865e-03
8.717551280114369666e-03
8.704053791475607066e-03
8.690577176726938316e-03
8.677121403644351763e-03
8.663686440053528642e-03
8.650272253829787567e-03
8.636878812897971769e-03
8.623506085232410939e-03
8.610154038856811937e-03
8.596822641844199808e-03
8.583511862316834523e-03
8.570221668446134644e-03
8.556952028452597531e-03
8.543702910605729950e-03
8.530474283223963075e-03
8.517266114674581362e-03
8.504078373373646221e-03
8.490911027785916221e-03
8.477764046424772493e-03
8.464637397852145875e-03
8.451531050678435381e-03
8.438444973562440540e-03
8.425379135211276405e-03
8.412333504380304153e-03
8.399308049873058235e-03
8.386302740541164841e-03
8.373317545284265570e-03
8.360352433049954984e-03
8.347407372833692135e-03
8.334482333678731175e-03
8.321577284676050235e-03
8.308692194964269889e-03
8.295827033729588976e-03
8.282981770205699590e-03
8.270156373673717698e-03
8.257350813462113748e-03
8.244565058946629402e-03
8.231799079550215087e-03
8.219052844742950198e-03
8.206326324041965034e-03
8.193619487011378349e-03
8.180932303262219291e-03
8.168264742452351068e-03
8.155616774286401569e-03
8.142988368515693964e-03
8.130379494938166918e-03
8.117790123398308660e-03
8.105220223787075462e-03
8.092669766041836119e-03
8.080138720146280013e-03
8.067627056130359867e-03
8.055134744070213682e-03
8.042661754088093612e-03
8.030208056352293108e-03
8.017773621077082732e-03
8.005358418522626890e-03
7.992962418994923116e-03
7.980585592845725745e-03
7.968227910472476527e-03
7.955889342318228294e-03
7.943569858871589451e-03
7.931269430666633771e-03
7.918988028282843150e-03
7.906725622345034746e-03
7.894482183523284652e-03
7.882257682532865448e-03
7.870052090134175074e-03
7.857865377132662241e-03
7.845697514378757037e-03
7.833548472767808482e-03
7.821418223240008197e-03
7.809306736780321015e-03
7.797213984418421666e-03
7.785139937228614110e-03
7.773084566329777761e-03
7.761047842885285958e-03
7.749029738102940039e-03
7.737030223234905163e-03
7.725049269577639183e-03
7.713086848471821522e-03
7.701142931302286387e-03
7.689217489497957719e-03
7.677310494531772861e-03
7.665421917920623579e-03
7.653551731225284940e-03
7.641699906050344188e-03
7.629866414044136555e-03
7.618051226898675012e-03
7.606254316349588679e-03
7.594475654176049105e-03
7.582715212200701743e-03
7.570972962289604369e-03
7.559248876352158558e-03
7.547542926341042901e-03
7.535855084252139277e-03
7.524185322124479075e-03
7.512533612040163400e-03
7.500899926124305825e-03
7.489284236544961268e-03
7.477686515513061807e-03
7.466106735282349027e-03
7.454544868149309833e-03
7.443000886453105328e-03
7.431474762575513565e-03
7.419966468940856694e-03
7.408475978015936769e-03
7.397003262309973307e-03
7.385548294374533890e-03
7.374111046803469120e-03
7.362691492232852769e-03
7.351289603340910653e-03
7.339905352847955582e-03
7.328538713516323175e-03
7.317189658150315482e-03
7.305858159596121185e-03
7.294544190741761823e-03
7.283247724517023271e-03
7.271968733893396757e-03
7.260707191884001668e-03
7.249463071543539583e-03
7.238236345968211000e-03
7.227026988295667635e-03
7.215834971704937831e-03
7.204660269416369306e-03
7.193502854691558035e-03
7.182362700833293603e-03
7.171239781185490686e-03
7.160134069133125730e-03
7.149045538102173636e-03
7.137974161559547046e-03
7.126919913013027817e-03
7.115882766011213251e-03
7.104862694143443229e-03
7.093859671039744706e-03
7.082873670370762320e-03
7.071904665847706349e-03
7.060952631222278120e-03
7.050017540286612761e-03
7.039099366873221089e-03
7.028198084854920223e-03
7.017313668144776334e-03
7.006446090696040463e-03
6.995595326502089539e-03
6.984761349596361329e-03
6.973944134052292854e-03
6.963143653983257936e-03
6.952359883542514295e-03
6.941592796923128084e-03
6.930842368357924450e-03
6.920108572119420751e-03
6.909391382519764965e-03
6.898690773910678455e-03
6.888006720683390038e-03
6.877339197268583088e-03
6.866688178136324400e-03
6.856053637796011291e-03
6.845435550796308277e-03
6.834833891725085493e-03
6.824248635209364915e-03
6.813679755915248368e-03
6.803127228547868957e-03
6.792591027851326013e-03
6.782071128608622643e-03
6.771567505641609350e-03
6.761080133810924188e-03
6.750608988015931178e-03
6.740154043194664796e-03
6.729715274323765789e-03
6.719292656418421328e-03
6.708886164532311229e-03
6.698495773757544638e-03
6.688121459224601051e-03
6.677763196102273063e-03
6.667420959597604793e-03
6.657094724955837234e-03
6.646784467460342335e-03
6.636490162432576168e-03
6.626211785232006928e-03
6.615949311256064634e-03
6.605702715940080412e-03
6.595471974757230113e-03
6.585257063218474469e-03
6.575057956872500109e-03
6.564874631305660582e-03
6.554707062141925181e-03
6.544555225042813021e-03
6.534419095707340135e-03
6.524298649871959621e-03
6.514193863310506136e-03
6.504104711834135175e-03
6.494031171291268431e-03
6.483973217567534815e-03
6.473930826585717543e-03
6.463903974305691691e-03
6.453892636724365209e-03
6.443896789875632955e-03
6.433916409830307305e-03
6.423951472696071315e-03
6.414001954617413667e-03
6.404067831775578368e-03
6.394149080388504894e-03
6.384245676710773552e-03
6.374357597033549969e-03
6.364484817684522636e-03
6.354627315027857812e-03
6.344785065464130999e-03
6.334958045430282708e-03
6.325146231399554272e-03
6.315349599881433205e-03
6.305568127421602893e-03
6.295801790601881012e-03
6.286050566040168354e-03
6.276314430390386376e-03
6.266593360342430363e-03
6.256887332622113052e-03
6.247196323991100440e-03
6.237520311246868426e-03
6.227859271222640353e-03
6.218213180787332366e-03
6.208582016845506577e-03
6.198965756337304275e-03
6.189364376238397358e-03
6.179777853559938888e-03
6.170206165348497175e-03
6.160649288686009806e-03
6.151107200689729868e-03
6.141579878512163498e-03
6.132067299341023917e-03
6.122569440399175042e-03
6.113086278944574251e-03
6.103617792270225537e-03
6.094163957704113593e-03
6.084724752609167384e-03
6.075300154383189884e-03
6.065890140458812980e-03
6.056494688303442828e-03
6.047113775419207804e-03
6.037747379342900400e-03
6.028395477645927779e-03
6.019058047934258866e-03
6.009735067848369708e-03
6.000426515063187957e-03
5.991132367288050375e-03
5.981852602266635177e-03
5.972587197776921264e-03
5.963336131631126642e-03
5.954099381675664188e-03
5.944876925791080929e-03
5.935668741892014683e-03
5.926474807927135068e-03
5.917295101879089733e-03
5.908129601764459254e-03
5.898978285633699886e-03
5.889841131571090654e-03
5.880718117694687386e-03
5.871609222156263727e-03
5.862514423141266043e-03
5.853433698868753567e-03
5.844367027591355034e-03
5.835314387595212302e-03
5.826275757199931779e-03
5.817251114758528047e-03
5.808240438657378754e-03
5.799243707316169977e-03
5.790260899187845908e-03
5.781291992758556819e-03
5.772336966547607015e-03
5.763395799107410601e-03
5.754468469023429900e-03
5.745554954914133816e-03
5.736655235430944064e-03
5.727769289258183120e-03
5.718897095113024791e-03
5.710038631745443030e-03
5.701193877938166843e-03
5.692362812506618699e-03
5.683545414298876372e-03
5.674741662195616557e-03
5.665951535110064566e-03
5.657175011987946624e-03
5.648412071807438692e-03
5.639662693579114428e-03
5.630926856345903550e-03
5.622204539183031993e-03
5.613495721197977670e-03
5.604800381530419297e-03
5.596118499352190426e-03
5.587450053867227401e-03
5.578795024311515582e-03
5.570153389953047714e-03
5.561525130091772746e-03
5.552910224059544667e-03
5.544308651220071320e-03
5.535720390968874513e-03
5.527145422733231034e-03
5.518583725972130150e-03
5.510035280176220698e-03
5.501500064867765986e-03
5.492978059600596083e-03
5.484469243960054044e-03
5.475973597562952544e-03
5.467491100057521834e-03
5.459021731123364640e-03
5.450565470471407589e-03
5.442122297843852638e-03
5.433692193014124164e-03
5.425275135786830800e-03
5.416871105997709060e-03
5.408480083513579097e-03
5.400102048232298738e-03
5.391736980082709706e-03
5.383384859024597721e-03
5.375045665048641327e-03
5.366719378176358982e-03
5.358405978460075228e-03
5.350105445982857380e-03
5.341817760858484296e-03
5.333542903231382193e-03
5.325280853276591689e-03
5.317031591199717494e-03
5.308795097236873768e-03
5.300571351654648558e-03
5.292360334750047419e-03
5.284162026850453518e-03
5.275976408313577323e-03
5.267803459527408902e-03
5.259643160910178888e-03
5.251495492910299503e-03
5.243360436006334196e-03
5.235237970706931726e-03
5.227128077550798405e-03
5.219030737106644321e-03
5.210945929973133037e-03
5.202873636778839947e-03
5.194813838182210652e-03
5.186766514871507180e-03
5.178731647564766352e-03
5.170709217009752945e-03
5.162699203983911987e-03
5.154701589294333197e-03
5.146716353777687665e-03
5.138743478300200097e-03
5.130782943757594174e-03
5.122834731075047443e-03
5.114898821207147957e-03
5.106975195137850032e-03
5.099063833880427415e-03
5.091164718477427312e-03
5.083277830000627884e-03
5.075403149550994017e-03
5.067540658258625277e-03
5.059690337282724687e-03
5.051852167811540610e-03
5.044026131062326855e-03
5.036212208281303643e-03
5.028410380743602096e-03
5.020620629753232145e-03
5.012842936643028754e-03
5.005077282774608553e-03
4.997323649538333405e-03
4.989582018353258368e-03
4.981852370667089192e-03
4.974134687956139819e-03
4.966428951725287283e-03
4.958735143507931806e-03
4.951053244865943892e-03
4.943383237389633103e-03
4.935725102697689944e-03
4.928078822437156371e-03
4.920444378283374623e-03
4.912821751939940376e-03
4.905210925138668923e-03
4.897611879639544863e-03
4.890024597230679601e-03
4.882449059728271451e-03
4.874885248976561399e-03
4.867333146847783662e-03
4.859792735242132733e-03
4.852263996087714804e-03
4.844746911340504399e-03
4.837241462984303610e-03
4.829747633030699594e-03
4.822265403519019472e-03
4.814794756516291296e-03
4.807335674117196346e-03
4.799888138444032698e-03
4.792452131646667522e-03
4.785027635902498917e-03
4.777614633416410808e-03
4.770213106420731312e-03
4.762823037175191974e-03
4.755444407966883530e-03
4.748077201110215140e-03
4.740721398946871890e-03
4.733376983845777493e-03
4.726043938203040515e-03
4.718722244441924014e-03
4.711411885012803044e-03
4.704112842393115210e-03
4.696825099087328578e-03
4.689548637626892238e-03
4.682283440570195535e-03
4.675029490502536841e-03
4.667786770036068053e-03
4.660555261809763358e-03
4.653334948489371535e-03
4.646125812767382124e-03
4.638927837362976855e-03
4.631741005021993221e-03
4.624565298516879371e-03
4.617400700646660285e-03
4.610247194236890070e-03
4.603104762139615530e-03
4.595973387233330196e-03
4.588853052422942232e-03
4.581743740639724130e-03
4.574645434841279751e-03
4.567558118011500953e-03
4.560481773160525096e-03
4.553416383324699473e-03
4.546361931566537951e-03
4.539318400974678459e-03
4.532285774663850041e-03
4.525264035774825139e-03
4.518253167474383172e-03
4.511253152955272371e-03
4.504263975436165537e-03
4.497285618161622756e-03
4.490318064402051487e-03
4.483361297453666676e-03
4.476415300638452582e-03
4.469480057304117682e-03
4.462555550824062571e-03
4.455641764597335734e-03
4.448738682048595378e-03
4.441846286628071266e-03
4.434964561811521357e-03
4.428093491100197968e-03
4.421233058020804414e-03
4.414383246125461180e-03
4.407544038991658211e-03
4.400715420222224561e-03
4.393897373445283284e-03
4.387089882314217613e-03
4.380292930507627587e-03
4.373506501729294491e-03
4.366730579708140957e-03
4.359965148198191934e-03
4.353210190978536523e-03
4.346465691853289813e-03
4.339731634651554718e-03
4.333008003227382075e-03
4.326294781459732487e-03
4.319591953252439887e-03
4.312899502534171640e-03
4.306217413258391254e-03
4.299545669403321072e-03
4.292884254971899780e-03
4.286233153991750311e-03
4.279592350515139081e-03
4.272961828618936087e-03
4.266341572404582817e-03
4.259731565998048017e-03
4.253131793549793857e-03
4.246542239234738642e-03
4.239962887252215172e-03
4.233393721825938656e-03
4.226834727203965941e-03
4.220285887658656483e-03
4.213747187486640254e-03
4.207218611008776976e-03
4.200700142570116223e-03
4.194191766539867930e-03
4.187693467311355555e-03
4.181205229301989193e-03
4.174727036953221337e-03
4.168258874730507851e-03
4.161800727123282813e-03
4.155352578644909076e-03
4.148914413832647911e-03
4.142486217247619978e-03
4.136067973474770627e-03
4.129659667122831737e-03
4.123261282824285286e-03
4.116872805235328656e-03
4.110494219035833868e-03
4.104125508929316359e-03
4.097766659642893342e-03
4.091417655927255190e-03
4.085078482556618595e-03
4.078749124328702284e-03
4.072429566064679311e-03
4.066119792609150171e-03
4.059819788830100300e-03
4.053529539618868846e-03
4.047249029890111378e-03
4.040978244581761719e-03
4.034717168654998118e-03
4.028465787094209424e-03
4.022224084906953455e-03
4.015992047123929237e-03
4.009769658798937111e-03
4.003556905008838832e-03
3.997353770853531545e-03
3.991160241455905290e-03
3.984976301961810907e-03
3.978801937540023606e-03
3.972637133382209140e-03
3.966481874702883909e-03
3.960336146739386332e-03
3.954199934751837821e-03
3.948073224023108951e-03
3.941955999858782166e-03
3.935848247587121415e-03
3.929749952559033130e-03
3.923661100148033258e-03
3.917581675750213439e-03
3.911511664784202841e-03
3.905451052691136932e-03
3.899399824934621055e-03
3.893357967000698333e-03
3.887325464397809772e-03
3.881302302656766505e-03
3.875288467330711192e-03
3.869283943995084196e-03
3.863288718247589321e-03
3.857302775708162153e-03
3.851326102018931465e-03
3.845358682844189288e-03
3.839400503870352317e-03
3.833451550805933722e-03
3.827511809381503247e-03
3.821581265349657287e-03
3.815659904484983329e-03
3.809747712584025687e-03
3.803844675465255145e-03
3.797950778969028628e-03
3.792066008957563177e-03
3.786190351314895619e-03
3.780323791946855680e-03
3.774466316781024781e-03
3.768617911766708722e-03
3.762778562874902546e-03
3.756948256098255855e-03
3.751126977451040272e-03
3.745314712969118227e-03
3.739511448709905653e-03
3.733717170752342933e-03
3.727931865196857601e-03
3.722155518165335287e-03
3.716388115801085024e-03
3.710629644268804983e-03
3.704880089754552987e-03
3.699139438465710514e-03
3.693407676630949300e-03
3.687684790500201856e-03
3.681970766344628068e-03
3.676265590456580072e-03
3.670569249149571028e-03
3.664881728758243896e-03
3.659203015638336307e-03
3.653533096166650639e-03
3.647871956741020188e-03
3.642219583780275782e-03
3.636575963724218014e-03
3.630941083033578654e-03
3.625314928189992889e-03
3.619697485695966797e-03
3.614088742074843090e-03
3.608488683870769882e-03
3.602897297648669471e-03
3.597314569994206242e-03
3.591740487513754576e-03
3.586175036834368061e-03
3.580618204603742624e-03
3.575069977490193552e-03
3.569530342182614287e-03
3.563999285390453443e-03
3.558476793843675778e-03
3.552962854292735298e-03
3.547457453508544040e-03
3.541960578282436073e-03
3.536472215426139307e-03
3.530992351771744270e-03
3.525520974171674187e-03
3.520058069498648544e-03
3.514603624645657939e-03
3.509157626525926353e-03
3.503720062072887293e-03
3.498290918240146499e-03
3.492870182001455923e-03
3.487457840350677296e-03
3.482053880301757415e-03
3.476658288888690405e-03
3.471271053165492140e-03
3.465892160206169876e-03
3.460521597104684530e-03
3.455159350974928989e-03
3.449805408950692119e-03
3.444459758185628405e-03
3.439122385853228461e-03
3.433793279146788238e-03
3.428472425279378670e-03
3.423159811483816178e-03
3.417855425012628415e-03
3.412559253138030407e-03
3.407271283151888566e-03
3.401991502365692491e-03
3.396719898110524619e-03
3.391456457737030729e-03
3.386201168615388286e-03
3.380954018135279553e-03
3.375714993705857762e-03
3.370484082755718491e-03
3.365261272732871477e-03
3.360046551104708089e-03
3.354839905357973572e-03
3.349641322998734953e-03
3.344450791552355459e-03
3.339268298563458082e-03
3.334093831595904330e-03
3.328927378232756935e-03
3.323768926076255559e-03
3.318618462747784277e-03
3.313475975887843813e-03
3.308341453156020753e-03
3.303214882230958924e-03
3.298096250810331198e-03
3.292985546610807408e-03
3.287882757368027452e-03
3.282787870836571375e-03
3.277700874789929875e-03
3.272621757020476117e-03
3.267550505339435370e-03
3.262487107576855956e-03
3.257431551581583228e-03
3.252383825221225738e-03
3.247343916382131827e-03
3.242311812969355354e-03
3.237287502906630553e-03
3.232270974136343400e-03
3.227262214619498228e-03
3.222261212335696470e-03
3.217267955283101537e-03
3.212282431478414094e-03
3.207304628956842568e-03
3.202334535772071930e-03
3.197372139996240269e-03
3.192417429719906705e-03
3.187470393052023628e-03
3.182531018119909814e-03
3.177599293069219635e-03
3.172675206063918767e-03
3.167758745286250802e-03
3.162849898936713824e-03
3.157948655234030060e-03
3.153055002415117679e-03
3.148168928735063047e-03
3.143290422467092532e-03
3.138419471902546484e-03
3.133556065350849313e-03
3.128700191139480863e-03
3.123851837613951261e-03
3.119010993137771859e-03
3.114177646092426179e-03
3.109351784877344323e-03
3.104533397909874787e-03
3.099722473625256269e-03
3.094919000476590784e-03
3.090122966934815037e-03
3.085334361488674404e-03
3.080553172644695178e-03
3.075779388927155512e-03
3.071012998878061128e-03
3.066253991057115401e-03
3.061502354041692464e-03
3.056758076426811625e-03
3.052021146825109176e-03
3.047291553866809770e-03
3.042569286199703869e-03
3.037854332489113053e-03
3.033146681417871367e-03
3.028446321686293664e-03
3.023753242012148720e-03
3.019067431130634076e-03
3.014388877794346982e-03
3.009717570773260548e-03
3.005053498854695117e-03
3.000396650843290512e-03
2.995747015560982617e-03
2.991104581846973452e-03
2.986469338557705584e-03
2.981841274566837414e-03
2.977220378765214545e-03
2.972606640060842902e-03
2.968000047378864005e-03
2.963400589661529388e-03
2.958808255868170672e-03
2.954223034975175279e-03
2.949644915975961276e-03
2.945073887880950494e-03
2.940509939717540766e-03
2.935953060530082075e-03
2.931403239379847502e-03
2.926860465345010667e-03
2.922324727520617983e-03
2.917796015018561326e-03
2.913274316967555053e-03
2.908759622513106512e-03
2.904251920817494791e-03
2.899751201059739929e-03
2.895257452435580359e-03
2.890770664157446025e-03
2.886290825454433228e-03
2.881817925572278602e-03
2.877351953773332228e-03
2.872892899336535952e-03
2.868440751557392587e-03
2.863995499747943804e-03
2.859557133236743237e-03
2.855125641368833934e-03
2.850701013505718001e-03
2.846283239025335782e-03
2.841872307322036804e-03
2.837468207806558528e-03
2.833070929905996856e-03
2.828680463063784449e-03
2.824296796739663405e-03
2.819919920409661405e-03
2.815549823566065261e-03
2.811186495717397059e-03
2.806829926388389011e-03
2.802480105119957432e-03
2.798137021469179753e-03
2.793800665009268068e-03
2.789471025329543549e-03
2.785148092035414323e-03
2.780831854748348590e-03
2.776522303105849465e-03
2.772219426761432862e-03
2.767923215384599303e-03
2.763633658660813106e-03
2.759350746291474622e-03
2.755074467993896825e-03
2.750804813501281018e-03
2.746541772562693419e-03
2.742285334943037403e-03
2.738035490423031820e-03
2.733792228799188009e-03
2.729555539883780305e-03
2.725325413504827397e-03
2.721101839506064567e-03
2.716884807746919837e-03
2.712674308102491858e-03
2.708470330463523014e-03
2.704272864736377742e-03
2.700081900843016511e-03
2.695897428720972835e-03
2.691719438323329425e-03
2.687547919618693461e-03
2.683382862591173618e-03
2.679224257240354901e-03
2.675072093581275234e-03
2.670926361644404209e-03
2.666787051475613592e-03
2.662654153136160412e-03
2.658527656702657904e-03
2.654407552267054257e-03
2.650293829936607899e-03
2.646186479833866241e-03
2.642085492096638791e-03
2.637990856877976339e-03
2.633902564346144934e-03
2.629820604684605934e-03
2.625744968091989987e-03
2.621675644782072746e-03
2.617612624983753616e-03
2.613555898941032768e-03
2.609505456912986424e-03
2.605461289173744734e-03
2.601423386012466626e-03
2.597391737733318121e-03
2.593366334655450647e-03
2.589347167112974156e-03
2.585334225454938469e-03
2.581327500045306825e-03
2.577326981262933331e-03
2.573332659501543877e-03
2.569344525169705348e-03
2.565362568690812174e-03
2.561386780503056848e-03
2.557417151059407801e-03
2.553453670827591192e-03
2.549496330290061414e-03
2.545545119943984184e-03
2.541600030301211822e-03
2.537661051888257663e-03
2.533728175246279142e-03
2.529801390931050910e-03
2.525880689512942714e-03
2.521966061576900748e-03
2.518057497722419030e-03
2.514154988563521188e-03
2.510258524728738345e-03
2.506368096861084395e-03
2.502483695618034753e-03
2.498605311671504674e-03
2.494732935707824530e-03
2.490866558427722900e-03
2.487006170546297509e-03
2.483151762792998318e-03
2.479303325911603670e-03
2.475460850660197304e-03
2.471624327811147107e-03
2.467793748151083863e-03
2.463969102480877832e-03
2.460150381615617068e-03
2.456337576384588772e-03
2.452530677631249365e-03
2.448729676213212778e-03
2.444934563002220534e-03
2.441145328884124395e-03
2.437361964758863377e-03
2.433584461540441203e-03
2.429812810156906349e-03
2.426047001550328628e-03
2.422287026676778372e-03
2.418532876506305617e-03
2.414784542022916682e-03
2.411042014224554653e-03
2.407305284123076837e-03
2.403574342744232636e-03
2.399849181127644039e-03
2.396129790326781764e-03
2.392416161408947046e-03
2.388708285455247785e-03
2.385006153560577727e-03
2.381309756833595651e-03
2.377619086396704114e-03
2.373934133386027337e-03
2.370254888951393423e-03
2.366581344256307035e-03
2.362913490477934215e-03
2.359251318807078970e-03
2.355594820448161150e-03
2.351943986619198235e-03
2.348298808551781483e-03
2.344659277491056848e-03
2.341025384695702861e-03
2.337397121437911115e-03
2.333774479003364582e-03
2.330157448691216795e-03
2.326546021814070598e-03
2.322940189697959498e-03
2.319339943682324681e-03
2.315745275119994624e-03
2.312156175377166022e-03
2.308572635833380793e-03
2.304994647881508305e-03
2.301422202927722385e-03
2.297855292391481809e-03
2.294293907705510782e-03
2.290738040315775086e-03
2.287187681681467338e-03
2.283642823274980964e-03
2.280103456581892424e-03
2.276569573100941692e-03
2.273041164344009272e-03
2.269518221836099720e-03
2.266000737115317354e-03
2.262488701732848911e-03
2.258982107252942295e-03
2.255480945252885325e-03
2.251985207322988822e-03
2.248494885066563195e-03
2.245009970099900651e-03
2.241530454052253520e-03
2.238056328565815600e-03
2.234587585295699612e-03
2.231124215909923315e-03
2.227666212089381322e-03
2.224213565527832521e-03
2.220766267931875357e-03
2.217324311020930916e-03
2.213887686527221677e-03
2.210456386195751993e-03
2.207030401784288581e-03
2.203609725063341868e-03
2.200194347816143443e-03
2.196784261838630008e-03
2.193379458939420830e-03
2.189979930939800392e-03
2.186585669673697142e-03
2.183196666987665280e-03
2.179812914740864374e-03
2.176434404805040711e-03
2.173061129064506047e-03
2.169693079416121564e-03
2.166330247769276181e-03
2.162972626045866174e-03
2.159620206180278262e-03
2.156272980119370089e-03
2.152930939822449413e-03
2.149594077261256318e-03
2.146262384419942403e-03
2.142935853295054732e-03
2.139614475895512853e-03
2.136298244242592313e-03
2.132987150369905147e-03
2.129681186323380358e-03
2.126380344161245273e-03
2.123084615954005591e-03
2.119793993784428905e-03
2.116508469747522582e-03
2.113228035950517718e-03
2.109952684512847454e-03
2.106682407566131798e-03
2.103417197254155071e-03
2.100157045732849864e-03
2.096901945170275786e-03
2.093651887746604719e-03
2.090406865654097397e-03
2.087166871097087366e-03
2.083931896291963196e-03
2.080701933467147668e-03
2.077476974863080861e-03
2.074257012732200200e-03
2.071042039338922679e-03
2.067832046959627943e-03
2.064627027882636173e-03
2.061426974408193773e-03
2.058231878848452122e-03
2.055041733527448924e-03
2.051856530781093462e-03
2.048676262957144049e-03
2.045500922415191547e-03
2.042330501526642451e-03
2.039164992674698078e-03
2.036004388254338514e-03
2.032848680672302670e-03
2.029697862347071800e-03
2.026551925708849552e-03
2.023410863199546356e-03
2.020274667272758604e-03
2.017143330393752175e-03
2.014016845039445953e-03
2.010895203698389276e-03
2.007778398870748923e-03
2.004666423068288302e-03
2.001559268814350531e-03
1.998456928643839794e-03
1.995359395103204862e-03
1.992266660750420006e-03
1.989178718154968085e-03
1.986095559897821904e-03
1.983017178571427723e-03
1.979943566779685318e-03
1.976874717137934532e-03
1.973810622272932289e-03
1.970751274822838718e-03
1.967696667437197639e-03
1.964646792776920947e-03
1.961601643514269966e-03
1.958561212332836365e-03
1.955525491927526983e-03
1.952494475004546478e-03
1.949468154281377378e-03
1.946446522486765555e-03
1.943429572360701142e-03
1.940417296654401401e-03
1.937409688130294246e-03
1.934406739561999374e-03
1.931408443734312658e-03
1.928414793443187711e-03
1.925425781495719840e-03
1.922441400710127399e-03
1.919461643915735313e-03
1.916486503952959022e-03
1.913515973673285192e-03
1.910550045939256531e-03
1.907588713624453359e-03
1.904631969613477345e-03
1.901679806801934592e-03
1.898732218096418943e-03
1.895789196414493115e-03
1.892850734684673950e-03
1.889916825846414640e-03
1.886987462850088027e-03
1.884062638656969256e-03
1.881142346239219731e-03
1.878226578579869329e-03
1.875315328672801009e-03
1.872408589522732382e-03
1.869506354145200524e-03
1.866608615566544638e-03
1.863715366823888919e-03
1.860826600965126290e-03
1.857942311048902794e-03
1.855062490144597856e-03
1.852187131332313445e-03
1.849316227702850436e-03
1.846449772357697770e-03
1.843587758409013372e-03
1.840730178979607667e-03
1.837877027202927758e-03
1.835028296223041588e-03
1.832183979194620168e-03
1.829344069282921523e-03
1.826508559663775517e-03
1.823677443523566291e-03
1.820850714059216863e-03
1.818028364478171347e-03
1.815210387998381298e-03
1.812396777848286405e-03
1.809587527266800621e-03
1.806782629503295677e-03
1.803982077817583305e-03
1.801185865479901140e-03
1.798393985770895594e-03
1.795606431981606240e-03
1.792823197413449549e-03
1.790044275378202630e-03
1.787269659197986745e-03
1.784499342205253655e-03
1.781733317742766314e-03
1.778971579163586298e-03
1.776214119831054502e-03
1.773460933118779434e-03
1.770712012410617046e-03
1.767967351100657725e-03
1.765226942593209163e-03
1.762490780302782261e-03
1.759758857654072483e-03
1.757031168081947276e-03
1.754307705031427859e-03
1.751588461957675775e-03
1.748873432325975114e-03
1.746162609611718415e-03
1.743455987300389972e-03
1.740753558887551521e-03
1.738055317878825327e-03
1.735361257789879872e-03
1.732671372146412942e-03
1.729985654484137748e-03
1.727304098348766016e-03
1.724626697295993452e-03
1.721953444891484789e-03
1.719284334710856213e-03
1.716619360339662797e-03
1.713958515373381359e-03
1.711301793417395294e-03
1.708649188086980471e-03
1.706000693007287891e-03
1.703356301813331326e-03
1.700716008149968667e-03
1.698079805671889354e-03
1.695447688043597891e-03
1.692819648939399534e-03
1.690195682043385116e-03
1.687575781049414133e-03
1.684959939661102597e-03
1.682348151591805691e-03
1.679740410564604328e-03
1.677136710312287365e-03
1.674537044577340764e-03
1.671941407111929810e-03
1.669349791677884149e-03
1.666762192046683912e-03
1.664178601999444316e-03
1.661599015326900922e-03
1.659023425829394670e-03
1.656451827316857356e-03
1.653884213608796012e-03
1.651320578534279469e-03
1.648760915931922304e-03
1.646205219649870101e-03
1.643653483545786439e-03
1.641105701486836408e-03
1.638561867349672303e-03
1.636021975020419527e-03
1.633486018394661194e-03
1.630953991377424687e-03
1.628425887883165613e-03
1.625901701835754352e-03
1.623381427168461323e-03
1.620865057823942228e-03
1.618352587754223314e-03
1.615844010920687059e-03
1.613339321294058725e-03
1.610838512854390319e-03
1.608341579591047576e-03
1.605848515502693915e-03
1.603359314597278731e-03
1.600873970892020479e-03
1.598392478413392581e-03
1.595914831197111500e-03
1.593441023288120042e-03
1.590971048740573912e-03
1.588504901617827404e-03
1.586042575992419740e-03
1.583584065946060104e-03
1.581129365569613554e-03
1.578678468963087790e-03
1.576231370235618191e-03
1.573788063505453510e-03
1.571348542899942422e-03
1.568912802555519652e-03
1.566480836617690792e-03
1.564052639241020164e-03
1.561628204589114331e-03
1.559207526834610613e-03
1.556790600159161687e-03
1.554377418753421928e-03
1.551967976817033527e-03
1.549562268558612836e-03
1.547160288195736488e-03
1.544762029954927299e-03
1.542367488071640612e-03
1.539976656790249983e-03
1.537589530364034604e-03
1.535206103055164993e-03
1.532826369134688248e-03
1.530450322882515686e-03
1.528077958587408750e-03
1.525709270546964915e-03
1.523344253067604893e-03
1.520982900464558319e-03
1.518625207061849664e-03
1.516271167192286516e-03
1.513920775197443759e-03
1.511574025427651641e-03
1.509230912241981467e-03
1.506891430008232367e-03
1.504555573102917421e-03
1.502223335911251952e-03
1.499894712827137041e-03
1.497569698253148254e-03
1.495248286600521980e-03
1.492930472289141774e-03
1.490616249747525558e-03
1.488305613412810660e-03
1.485998557730741892e-03
1.483695077155658317e-03
1.481395166150480461e-03
1.479098819186694478e-03
1.476806030744341747e-03
1.474516795312004556e-03
1.472231107386792661e-03
1.469948961474330709e-03
1.467670352088744357e-03
1.465395273752647699e-03
1.463123720997130256e-03
1.460855688361743310e-03
1.458591170394487550e-03
1.456330161651798972e-03
1.454072656698537393e-03
1.451818650107971915e-03
1.449568136461768788e-03
1.447321110349977964e-03
1.445077566371021170e-03
1.442837499131677161e-03
1.440600903247070668e-03
1.438367773340658295e-03
1.436138104044216383e-03
1.433911889997827559e-03
1.431689125849867732e-03
1.429469806256995247e-03
1.427253925884134841e-03
1.425041479404467668e-03
1.422832461499416983e-03
1.420626866858636008e-03
1.418424690179995781e-03
1.416225926169570196e-03
1.414030569541627116e-03
1.411838615018611237e-03
1.409650057331135638e-03
1.407464891217966594e-03
1.405283111426011006e-03
1.403104712710305339e-03
1.400929689834001964e-03
1.398758037568357225e-03
1.396589750692717354e-03
1.394424823994508487e-03
1.392263252269222576e-03
1.390105030320404594e-03
1.387950152959641255e-03
1.385798615006548010e-03
1.383650411288756682e-03
1.381505536641903110e-03
1.379363985909614785e-03
1.377225753943498061e-03
1.375090835603126442e-03
1.372959225756028873e-03
1.370830919277676082e-03
1.368705911051468216e-03
1.366584195968724002e-03
1.364465768928668169e-03
1.362350624838417571e-03
1.360238758612971645e-03
1.358130165175197666e-03
1.356024839455820773e-03
1.353922776393410524e-03
1.351823970934367888e-03
1.349728418032916568e-03
1.347636112651087173e-03
1.345547049758706593e-03
1.343461224333387157e-03
1.341378631360511890e-03
1.339299265833225616e-03
1.337223122752420439e-03
1.335150197126725325e-03
1.333080483972493317e-03
1.331013978313790253e-03
1.328950675182381542e-03
1.326890569617722622e-03
1.324833656666944215e-03
1.322779931384843437e-03
1.320729388833868402e-03
1.318682024084110848e-03
1.316637832213290310e-03
1.314596808306743927e-03
1.312558947457415385e-03
1.310524244765841903e-03
1.308492695340143612e-03
1.306464294296010541e-03
1.304439036756692427e-03
1.302416917852985924e-03
1.300397932723222887e-03
1.298382076513259972e-03
1.296369344376465185e-03
1.294359731473708128e-03
1.292353232973346986e-03
1.290349844051217904e-03
1.288349559890622845e-03
1.286352375682317875e-03
1.284358286624502545e-03
1.282367287922807526e-03
1.280379374790283336e-03
1.278394542447389929e-03
1.276412786121982820e-03
1.274434101049304411e-03
1.272458482471970978e-03
1.270485925639960965e-03
1.268516425810605006e-03
1.266549978248573786e-03
1.264586578225865895e-03
1.262626221021798285e-03
1.260668901922993700e-03
1.258714616223369611e-03
1.256763359224126724e-03
1.254815126233738577e-03
1.252869912567939822e-03
1.250927713549713875e-03
1.248988524509284451e-03
1.247052340784101255e-03
1.245119157718830877e-03
1.243188970665344431e-03
1.241261774982708229e-03
1.239337566037170772e-03
1.237416339202151690e-03
1.235498089858231771e-03
1.233582813393141898e-03
1.231670505201751340e-03
1.229761160686056046e-03
1.227854775255169751e-03
1.225951344325310315e-03
1.224050863319791488e-03
1.222153327669009675e-03
1.220258732810434402e-03
1.218367074188596386e-03
1.216478347255077561e-03
1.214592547468500237e-03
1.212709670294514087e-03
1.210829711205788778e-03
1.208952665682000091e-03
1.207078529209820814e-03
1.205207297282908600e-03
1.203338965401897290e-03
1.201473529074383473e-03
1.199610983814918246e-03
1.197751325144994199e-03
1.195894548593036746e-03
1.194040649694391113e-03
1.192189623991314531e-03
1.190341467032962793e-03
1.188496174375381145e-03
1.186653741581493449e-03
1.184814164221091332e-03
1.182977437870823137e-03
1.181143558114184158e-03
1.179312520541506235e-03
1.177484320749945610e-03
1.175658954343474470e-03
1.173836416932867938e-03
1.172016704135696698e-03
1.170199811576313337e-03
1.168385734885844318e-03
1.166574469702177843e-03
1.164766011669954521e-03
1.162960356440556099e-03
1.161157499672095701e-03
1.159357437029406553e-03
1.157560164184032875e-03
1.155765676814218823e-03
1.153973970604897214e-03
1.152185041247680850e-03
1.150398884440851678e-03
1.148615495889349514e-03
1.146834871304762936e-03
1.145057006405318222e-03
1.143281896915869815e-03
1.141509538567889257e-03
1.139739927099455439e-03
1.137973058255245268e-03
1.136208927786520450e-03
1.134447531451121842e-03
1.132688865013455146e-03
1.130932924244482888e-03
1.129179704921714220e-03
1.127429202829194083e-03
1.125681413757493232e-03
1.123936333503698908e-03
1.122193957871403568e-03
1.120454282670695989e-03
1.118717303718150865e-03
1.116983016836817959e-03
1.115251417856213218e-03
1.113522502612308146e-03
1.111796266947520477e-03
1.110072706710702904e-03
1.108351817757134618e-03
1.106633595948510688e-03
1.104918037152931862e-03
1.103205137244895251e-03
1.101494892105283696e-03
1.099787297621357320e-03
1.098082349686741810e-03
1.096380044201419749e-03
1.094680377071720855e-03
1.092983344210311358e-03
1.091288941536184892e-03
1.089597164974652737e-03
1.087908010457333194e-03
1.086221473922143344e-03
1.084537551313287992e-03
1.082856238581249905e-03
1.081177531682781575e-03
1.079501426580893727e-03
1.077827919244846860e-03
1.076157005650141057e-03
1.074488681778506659e-03
1.072822943617894077e-03
1.071159787162464464e-03
1.069499208412581261e-03
1.067841203374797834e-03
1.066185768061851408e-03
1.064532898492650268e-03
1.062882590692266170e-03
1.061234840691924588e-03
1.059589644528994515e-03
1.057946998246979582e-03
1.056306897895508074e-03
1.054669339530324044e-03
1.053034319213277774e-03
1.051401833012315145e-03
1.049771877001470267e-03
1.048144447260854640e-03
1.046519539876647822e-03
1.044897150941088548e-03
1.043277276552464963e-03
1.041659912815105955e-03
1.040045055839370529e-03
1.038432701741639997e-03
1.036822846644307357e-03
1.035215486675769266e-03
1.033610617970415202e-03
1.032008236668619655e-03
1.030408338916732154e-03
1.028810920867067940e-03
1.027215978677899298e-03
1.025623508513446441e-03
1.024033506543866245e-03
1.022445968945246385e-03
1.020860891899593847e-03
1.019278271594826254e-03
1.017698104224763408e-03
1.016120385989116668e-03
1.014545113093482439e-03
1.012972281749329384e-03
1.011401888173992999e-03
1.009833928590664343e-03
1.008268399228382222e-03
1.006705296322022358e-03
1.005144616112290225e-03
1.003586354845711947e-03
1.002030508774623234e-03
1.000477074157163316e-03
9.989260472572632308e-04
9.973774243446393174e-04
9.958312016947823767e-04
9.942873755889494302e-04
9.927459423141556973e-04
9.912068981631633191e-04
9.896702394344752875e-04
9.881359624323248197e-04
9.866040634666671180e-04
9.850745388531700463e-04
9.835473849132056728e-04
9.820225979738415965e-04
9.805001743678316232e-04
9.789801104336077423e-04
9.774624025152703691e-04
9.759470469625802129e-04
9.744340401309499293e-04
9.729233783814339280e-04
9.714150580807211091e-04
9.699090756011257558e-04
9.684054273205783183e-04
9.669041096226173911e-04
9.654051188963804972e-04
9.639084515365958479e-04
9.624141039435737781e-04
9.609220725231974215e-04
9.594323536869145798e-04
9.579449438517294822e-04
9.564598394401935700e-04
9.549770368803970396e-04
9.534965326059603860e-04
9.520183230560261625e-04
9.505424046752496570e-04
9.490687739137913023e-04
9.475974272273072433e-04
9.461283610769418567e-04
9.446615719293177758e-04
9.431970562565294936e-04
9.417348105361330636e-04
9.402748312511382926e-04
9.388171148900007184e-04
9.373616579466122851e-04
9.359084569202942962e-04
9.344575083157873312e-04
9.330088086432443070e-04
9.315623544182210451e-04
9.301181421616693326e-04
9.286761683999261892e-04
9.272364296647086623e-04
9.257989224931024433e-04
9.243636434275556875e-04
9.229305890158700154e-04
9.214997558111919472e-04
9.200711403720049884e-04
9.186447392621210645e-04
9.172205490506730400e-04
9.157985663121059362e-04
9.143787876261680412e-04
9.129612095779039704e-04
9.115458287576459935e-04
9.101326417610053603e-04
9.087216451888649286e-04
9.073128356473703819e-04
9.059062097479225317e-04
9.045017641071686435e-04
9.030994953469952818e-04
9.016994000945193106e-04
9.003014749820795453e-04
8.989057166472306810e-04
8.975121217327319085e-04
8.961206868865424693e-04
8.947314087618103793e-04
8.933442840168671168e-04
8.919593093152176477e-04
8.905764813255338114e-04
8.891957967216445637e-04
8.878172521825306637e-04
8.864408443923137235e-04
8.850665700402507875e-04
8.836944258207245738e-04
8.823244084332366446e-04
8.809565145823990574e-04
8.795907409779265586e-04
8.782270843346284524e-04
8.768655413724010111e-04
8.755061088162196690e-04
8.741487833961308906e-04
8.727935618472446901e-04
8.714404409097262823e-04
8.700894173287886026e-04
8.687404878546842830e-04
8.673936492426986052e-04
8.660488982531406102e-04
8.647062316513358339e-04
8.633656462076189347e-04
8.620271386973253451e-04
8.606907059007836824e-04
8.593563446033081589e-04
8.580240515951909931e-04
8.566938236716943860e-04
8.553656576330431489e-04
8.540395502844165716e-04
8.527154984359411587e-04
8.513934989026832566e-04
8.500735485046403798e-04
8.487556440667348148e-04
8.474397824188048371e-04
8.461259603955984237e-04
8.448141748367644704e-04
8.435044225868453113e-04
8.421967004952704301e-04
8.408910054163471360e-04
8.395873342092541672e-04
8.382856837380341011e-04
8.369860508715852229e-04
8.356884324836545870e-04
8.343928254528301018e-04
8.330992266625332661e-04
8.318076330010120128e-04
8.305180413613323610e-04
8.292304486413720191e-04
8.279448517438119277e-04
8.266612475761298635e-04
8.253796330505917649e-04
8.241000050842459861e-04
8.228223605989139731e-04
8.215466965211845173e-04
8.202730097824055154e-04
8.190012973186768137e-04
8.177315560708429444e-04
8.164637829844856439e-04
8.151979750099164809e-04
8.139341291021698083e-04
8.126722422209952832e-04
8.114123113308503851e-04
8.101543334008936940e-04
8.088983054049766509e-04
8.076442243216378110e-04
8.063920871340938450e-04
8.051418908302334677e-04
8.038936324026098486e-04
8.026473088484337810e-04
8.014029171695654426e-04
8.001604543725085407e-04
7.989199174684020717e-04
7.976813034730138169e-04
7.964446094067326436e-04
7.952098322945616755e-04
7.939769691661115701e-04
7.927460170555924958e-04
7.915169730018075181e-04
7.902898340481454443e-04
7.890645972425736673e-04
7.878412596376314437e-04
7.866198182904220876e-04
7.854002702626067907e-04
7.841826126203965989e-04
7.829668424345463413e-04
7.817529567803469318e-04
7.805409527376184304e-04
7.793308273907035384e-04
7.781225778284597914e-04
7.769162011442537052e-04
7.757116944359524272e-04
7.745090548059176648e-04
7.733082793609988553e-04
7.721093652125253590e-04
7.709123094763007137e-04
7.697171092725945026e-04
7.685237617261359575e-04
7.673322639661077794e-04
7.661426131261381148e-04
7.649548063442941593e-04
7.637688407630754354e-04
7.625847135294064197e-04
7.614024217946305803e-04
7.602219627145026786e-04
7.590433334491823725e-04
7.578665311632273860e-04
7.566915530255862452e-04
7.555183962095925318e-04
7.543470578929568600e-04
7.531775352577608053e-04
7.520098254904502904e-04
7.508439257818283214e-04
7.496798333270484824e-04
7.485175453256085387e-04
7.473570589813426307e-04
7.461983715024162866e-04
7.450414801013181820e-04
7.438863819948537438e-04
7.427330744041397287e-04
7.415815545545956580e-04
7.404318196759383970e-04
7.392838670021752157e-04
7.381376937715972836e-04
7.369932972267725143e-04
7.358506746145397105e-04
7.347098231860009748e-04
7.335707401965165051e-04
7.324334229056966806e-04
7.312978685773960982e-04
7.301640744797068504e-04
7.290320378849522373e-04
7.279017560696799359e-04
7.267732263146553864e-04
7.256464459048557209e-04
7.245214121294626074e-04
7.233981222818563952e-04
7.222765736596092846e-04
7.211567635644786046e-04
7.200386893024008500e-04
7.189223481834847423e-04
7.178077375220054835e-04
7.166948546363973837e-04
7.155836968492477893e-04
7.144742614872911200e-04
7.133665458814017132e-04
7.122605473665881860e-04
7.111562632819859540e-04
7.100536909708525697e-04
7.089528277805591571e-04
7.078536710625859662e-04
7.067562181725148924e-04
7.056604664700235133e-04
7.045664133188786916e-04
7.034740560869306124e-04
7.023833921461053020e-04
7.012944188724001826e-04
7.002071336458758326e-04
6.991215338506512160e-04
6.980376168748963096e-04
6.969553801108266822e-04
6.958748209546965560e-04
6.947959368067931681e-04
6.937187250714300490e-04
6.926431831569407338e-04
6.915693084756734501e-04
6.904970984439833112e-04
6.894265504822277629e-04
6.883576620147595360e-04
6.872904304699202493e-04
6.862248532800349892e-04
6.851609278814053700e-04
6.840986517143042220e-04
6.830380222229683268e-04
6.819790368555935390e-04
6.809216930643276298e-04
6.798659883052648664e-04
6.788119200384393984e-04
6.777594857278197282e-04
6.767086828413017719e-04
6.756595088507038726e-04
6.746119612317598609e-04
6.735660374641130920e-04
6.725217350313109164e-04
6.714790514207982829e-04
6.704379841239116672e-04
6.693985306358731088e-04
6.683606884557843561e-04
6.673244550866204699e-04
6.662898280352241853e-04
6.652568048123000573e-04
6.642253829324078467e-04
6.631955599139573165e-04
6.621673332792016179e-04
6.611407005542319776e-04
6.601156592689711930e-04
6.590922069571679941e-04
6.580703411563908634e-04
6.570500594080227238e-04
6.560313592572542159e-04
6.550142382530784943e-04
6.539986939482851560e-04
6.529847238994539518e-04
6.519723256669493656e-04
6.509614968149149763e-04
6.499522349112669527e-04
6.489445375276884156e-04
6.479384022396240169e-04
6.469338266262738679e-04
6.459308082705872509e-04
6.449293447592580660e-04
6.439294336827172411e-04
6.429310726351288290e-04
6.419342592143827434e-04
6.409389910220898798e-04
6.399452656635758272e-04
6.389530807478758807e-04
6.379624338877282110e-04
6.369733226995689859e-04
6.359857448035260812e-04
6.349996978234140940e-04
6.340151793867280540e-04
6.330321871246374606e-04
6.320507186719816206e-04
6.310707716672629263e-04
6.300923437526418681e-04
6.291154325739308547e-04
6.281400357805891170e-04
6.271661510257165286e-04
6.261937759660482928e-04
6.252229082619493051e-04
6.242535455774084066e-04
6.232856855800329634e-04
6.223193259410429029e-04
6.213544643352657271e-04
6.203910984411301153e-04
6.194292259406608287e-04
6.184688445194737230e-04
6.175099518667691344e-04
6.165525456753266761e-04
6.155966236415000336e-04
6.146421834652110016e-04
6.136892228499443887e-04
6.127377395027421621e-04
6.117877311341982441e-04
6.108391954584523314e-04
6.098921301931855589e-04
6.089465330596138858e-04
6.080024017824833251e-04
6.070597340900641976e-04
6.061185277141457103e-04
6.051787803900307528e-04
6.042404898565299342e-04
6.033036538559567036e-04
6.023682701341216044e-04
6.014343364403269615e-04
6.005018505273612434e-04
5.995708101514945088e-04
5.986412130724716842e-04
5.977130570535083356e-04
5.967863398612847058e-04
5.958610592659405094e-04
5.949372130410697295e-04
5.940147989637149795e-04
5.930938148143622985e-04
5.921742583769359480e-04
5.912561274387928816e-04
5.903394197907174332e-04
5.894241332269161120e-04
5.885102655450126161e-04
5.875978145460417600e-04
5.866867780344451385e-04
5.857771538180650550e-04
5.848689397081395340e-04
5.839621335192973339e-04
5.830567330695525258e-04
5.821527361802986394e-04
5.812501406763046505e-04
5.803489443857088020e-04
5.794491451400137242e-04
5.785507407740813398e-04
5.776537291261271169e-04
5.767581080377158411e-04
5.758638753537552186e-04
5.749710289224919729e-04
5.740795665955056651e-04
5.731894862277040316e-04
5.723007856773178886e-04
5.714134628058954940e-04
5.705275154782978855e-04
5.696429415626938931e-04
5.687597389305541762e-04
5.678779054566473203e-04
5.669974390190335488e-04
5.661183374990604944e-04
5.652405987813576699e-04
5.643642207538314805e-04
5.634892013076602370e-04
5.626155383372889512e-04
5.617432297404244572e-04
5.608722734180300986e-04
5.600026672743210667e-04
5.591344092167590879e-04
5.582674971560473275e-04
5.574019290061254031e-04
5.565377026841651555e-04
5.556748161105640356e-04
5.548132672089416345e-04
5.539530539061340462e-04
5.530941741321887713e-04
5.522366258203602720e-04
5.513804069071041175e-04
5.505255153320729724e-04
5.496719490381112841e-04
5.488197059712500783e-04
5.479687840807020809e-04
5.471191813188577054e-04
5.462708956412786572e-04
5.454239250066941378e-04
5.445782673769953165e-04
5.437339207172307756e-04
5.428908829956018492e-04
5.420491521834570935e-04
5.412087262552877330e-04
5.403696031887227818e-04
5.395317809645245981e-04
5.386952575665831383e-04
5.378600309819121621e-04
5.370260992006432692e-04
5.361934602160223218e-04
5.353621120244034812e-04
5.345320526252448712e-04
5.337032800211043496e-04
5.328757922176333281e-04
5.320495872235735200e-04
5.312246630507510853e-04
5.304010177140722941e-04
5.295786492315186474e-04
5.287575556241421067e-04
5.279377349160604320e-04
5.271191851344525199e-04
5.263019043095534160e-04
5.254858904746494358e-04
5.246711416660741539e-04
5.238576559232030905e-04
5.230454312884488333e-04
5.222344658072571337e-04
5.214247575281013777e-04
5.206163045024784662e-04
5.198091047849038270e-04
5.190031564329066448e-04
5.181984575070258496e-04
5.173950060708044788e-04
5.165928001907858823e-04
5.157918379365086271e-04
5.149921173805020519e-04
5.141936365982813879e-04
5.133963936683433142e-04
5.126003866721615121e-04
5.118056136941817862e-04
5.110120728218177279e-04
5.102197621454454025e-04
5.094286797583997715e-04
5.086388237569695967e-04
5.078501922403928868e-04
5.070627833108523434e-04
5.062765950734709162e-04
5.054916256363069238e-04
5.047078731103499336e-04
5.039253356095158834e-04
5.031440112506428523e-04
5.023638981534866163e-04
5.015849944407153350e-04
5.008072982379059741e-04
5.000308076735394264e-04
4.992555208789958496e-04
4.984814359885505466e-04
4.977085511393694118e-04
4.969368644715038350e-04
4.961663741278872324e-04
4.953970782543299506e-04
4.946289749995148215e-04
4.938620625149928254e-04
4.930963389551789710e-04
4.923318024773473082e-04
4.915684512416269164e-04
4.908062834109972426e-04
4.900452971512834393e-04
4.892854906311530031e-04
4.885268620221101376e-04
4.877694094984919579e-04
4.870131312374641544e-04
4.862580254190162761e-04
4.855040902259579903e-04
4.847513238439138785e-04
4.839997244613195330e-04
4.832492902694176000e-04
4.825000194622524122e-04
4.817519102366668452e-04
4.810049607922967335e-04
4.802591693315678349e-04
4.795145340596903552e-04
4.787710531846555871e-04
4.780287249172308689e-04
4.772875474709556811e-04
4.765475190621373098e-04
4.758086379098465097e-04
4.750709022359131677e-04
4.743343102649222364e-04
4.735988602242091269e-04
4.728645503438556972e-04
4.721313788566863486e-04
4.713993439982626594e-04
4.706684440068806198e-04
4.699386771235650488e-04
4.692100415920664493e-04
4.684825356588559128e-04
4.677561575731215959e-04
4.670309055867642202e-04
4.663067779543925194e-04
4.655837729333199321e-04
4.648618887835593433e-04
4.641411237678200489e-04
4.634214761515024973e-04
4.627029442026948198e-04
4.619855261921682770e-04
4.612692203933736268e-04
4.605540250824362455e-04
4.598399385381525496e-04
4.591269590419858222e-04
4.584150848780618216e-04
4.577043143331646071e-04
4.569946456967329072e-04
4.562860772608555654e-04
4.555786073202675295e-04
4.548722341723458393e-04
4.541669561171055068e-04
4.534627714571953967e-04
4.527596784978942142e-04
4.520576755471064937e-04
4.513567609153581539e-04
4.506569329157928652e-04
4.499581898641679843e-04
4.492605300788501629e-04
4.485639518808116617e-04
4.478684535936260135e-04
4.471740335434642825e-04
4.464806900590909990e-04
4.457884214718598219e-04
4.450972261157099073e-04
4.444071023271617339e-04
4.437180484453131461e-04
4.430300628118353417e-04
4.423431437709689695e-04
4.416572896695200091e-04
4.409724988568558676e-04
4.402887696849013682e-04
4.396061005081350098e-04
4.389244896835847384e-04
4.382439355708240983e-04
4.375644365319682205e-04
4.368859909316700823e-04
4.362085971371165499e-04
4.355322535180240415e-04
4.348569584466353290e-04
4.341827102977148219e-04
4.335095074485454227e-04
4.328373482789240820e-04
4.321662311711581663e-04
4.314961545100615007e-04
4.308271166829505199e-04
4.301591160796402569e-04
4.294921510924406562e-04
4.288262201161526172e-04
4.281613215480642529e-04
4.274974537879468249e-04
4.268346152380510022e-04
4.261728043031032297e-04
4.255120193903013910e-04
4.248522589093115562e-04
4.241935212722637528e-04
4.235358048937483888e-04
4.228791081908124571e-04
4.222234295829550908e-04
4.215687674921250153e-04
4.209151203427156148e-04
4.202624865615615176e-04
4.196108645779351260e-04
4.189602528235424430e-04
4.183106497325194393e-04
4.176620537414283676e-04
4.170144632892539677e-04
4.163678768173994550e-04
4.157222927696832136e-04
4.150777095923347849e-04
4.144341257339912354e-04
4.137915396456933077e-04
4.131499497808818972e-04
4.125093545953939858e-04
4.118697525474594441e-04
4.112311420976969109e-04
4.105935217091102158e-04
4.099568898470847466e-04
4.093212449793837094e-04
4.086865855761443334e-04
4.080529101098745101e-04
4.074202170554488359e-04
4.067885048901050344e-04
4.061577720934401612e-04
4.055280171474074063e-04
4.048992385363118108e-04
4.042714347468071771e-04
4.036446042678921119e-04
4.030187455909062851e-04
4.023938572095273405e-04
4.017699376197666670e-04
4.011469853199662542e-04
4.005249988107947899e-04
3.999039765952440819e-04
3.992839171786255882e-04
3.986648190685668398e-04
3.980466807750075915e-04
3.974295008101967315e-04
3.968132776886881081e-04
3.961980099273373305e-04
3.955836960452982455e-04
3.949703345640190886e-04
3.943579240072392312e-04
3.937464629009855490e-04
3.931359497735686806e-04
3.925263831555797760e-04
3.919177615798868637e-04
3.913100835816310562e-04
3.907033476982235687e-04
3.900975524693417072e-04
3.894926964369256161e-04
3.888887781451748631e-04
3.882857961405444813e-04
3.876837489717420968e-04
3.870826351897240251e-04
3.864824533476918017e-04
3.858832020010889837e-04
3.852848797075972471e-04
3.846874850271334587e-04
3.840910165218456651e-04
3.834954727561100569e-04
3.829008522965272822e-04
3.823071537119191940e-04
3.817143755733251641e-04
3.811225164539987220e-04
3.805315749294044649e-04
3.799415495772140460e-04
3.793524389773033018e-04
3.787642417117482400e-04
3.781769563648225462e-04
3.775905815229930844e-04
3.770051157749174575e-04
3.764205577114398873e-04
3.758369059255882872e-04
3.752541590125707928e-04
3.746723155697722924e-04
3.740913741967508491e-04
3.735113334952349902e-04
3.729321920691196961e-04
3.723539485244632555e-04
3.717766014694840132e-04
3.712001495145569006e-04
3.706245912722102372e-04
3.700499253571222068e-04
3.694761503861177139e-04
3.689032649781649135e-04
3.683312677543720132e-04
3.677601573379838578e-04
3.671899323543786767e-04
3.666205914310646146e-04
3.660521331976769122e-04
3.654845562859740035e-04
3.649178593298345883e-04
3.643520409652542167e-04
3.637870998303423080e-04
3.632230345653182473e-04
3.626598438125087291e-04
3.620975262163442883e-04
3.615360804233559385e-04
3.609755050821719744e-04
3.604157988435148811e-04
3.598569603601978108e-04
3.592989882871216014e-04
3.587418812812713065e-04
3.581856380017132144e-04
3.576302571095915411e-04
3.570757372681250151e-04
3.565220771426040039e-04
3.559692754003869366e-04
3.554173307108974850e-04
3.548662417456211480e-04
3.543160071781018905e-04
3.537666256839393252e-04
3.532180959407853508e-04
3.526704166283410082e-04
3.521235864283530108e-04
3.515776040246111969e-04
3.510324681029447893e-04
3.504881773512195757e-04
3.499447304593344401e-04
3.494021261192186518e-04
3.488603630248282334e-04
3.483194398721433044e-04
3.477793553591646664e-04
3.472401081859106042e-04
3.467016970544137960e-04
3.461641206687185489e-04
3.456273777348771664e-04
3.450914669609472384e-04
3.445563870569882253e-04
3.440221367350586399e-04
3.434887147092127941e-04
3.429561196954976007e-04
3.424243504119497006e-04
3.418934055785923182e-04
3.413632839174323341e-04
3.408339841524565990e-04
3.403055050096298194e-04
3.397778452168906003e-04
3.392510035041489515e-04
3.387249786032831434e-04
3.381997692481362918e-04
3.376753741745139184e-04
3.371517921201803731e-04
3.366290218248560147e-04
3.361070620302143925e-04
3.355859114798787220e-04
3.350655689194193378e-04
3.345460330963505487e-04
3.340273027601274938e-04
3.335093766621431070e-04
3.329922535557252976e-04
3.324759321961339689e-04
3.319604113405579286e-04
3.314456897481117981e-04
3.309317661798331402e-04
3.304186393986796935e-04
3.299063081695259581e-04
3.293947712591605926e-04
3.288840274362831080e-04
3.283740754715014278e-04
3.278649141373283105e-04
3.273565422081789640e-04
3.268489584603676847e-04
3.263421616721050929e-04
3.258361506234952595e-04
3.253309240965325620e-04
3.248264808750990279e-04
3.243228197449610824e-04
3.238199394937670006e-04
3.233178389110437628e-04
3.228165167881941276e-04
3.223159719184938128e-04
3.218162030970884600e-04
3.213172091209911402e-04
3.208189887890788849e-04
3.203215409020901926e-04
3.198248642626222091e-04
3.193289576751272589e-04
3.188338199459107847e-04
3.183394498831277697e-04
3.178458462967805151e-04
3.173530079987151704e-04
3.168609338026192939e-04
3.163696225240188176e-04
3.158790729802753356e-04
3.153892839905829068e-04
3.149002543759658857e-04
3.144119829592752907e-04
3.139244685651866899e-04
3.134377100201967857e-04
3.129517061526209212e-04
3.124664557925903698e-04
3.119819577720490825e-04
3.114982109247515195e-04
3.110152140862591265e-04
3.105329660939380038e-04
3.100514657869560329e-04
3.095707120062800581e-04
3.090907035946730127e-04
3.086114393966913174e-04
3.081329182586818984e-04
3.076551390287794773e-04
3.071781005569041312e-04
3.067018016947578238e-04
3.062262412958223446e-04
3.057514182153560573e-04
3.052773313103916220e-04
3.048039794397327433e-04
3.043313614639518391e-04
3.038594762453869502e-04
3.033883226481392473e-04
3.029178995380702659e-04
3.024482057827992498e-04
3.019792402517001160e-04
3.015110018158989602e-04
3.010434893482715098e-04
3.005767017234400873e-04
3.001106378177712799e-04
2.996452965093725240e-04
2.991806766780904245e-04
2.987167772055071774e-04
2.982535969749384010e-04
2.977911348714302629e-04
2.973293897817567153e-04
2.968683605944171097e-04
2.964080461996331070e-04
2.959484454893465091e-04
2.954895573572161689e-04
2.950313806986153880e-04
2.945739144106295317e-04
2.941171573920531562e-04
2.936611085433874597e-04
2.932057667668374647e-04
2.927511309663095775e-04
2.922972000474090412e-04
2.918439729174367365e-04
2.913914484853872850e-04
2.909396256619461757e-04
2.904885033594867294e-04
2.900380804920681468e-04
2.895883559754324193e-04
2.891393287270017801e-04
2.886909976658765908e-04
2.882433617128318717e-04
2.877964197903155126e-04
2.873501708224452376e-04
2.869046137350061108e-04
2.864597474554480975e-04
2.860155709128833529e-04
2.855720830380835125e-04
2.851292827634774145e-04
2.846871690231483356e-04
2.842457407528314970e-04
2.838049968899115168e-04
2.833649363734198076e-04
2.829255581440320291e-04
2.824868611440656480e-04
2.820488443174771738e-04
2.816115066098597735e-04
2.811748469684408861e-04
2.807388643420792953e-04
2.803035576812630157e-04
2.798689259381064191e-04
2.794349680663479581e-04
2.790016830213476180e-04
2.785690697600843148e-04
2.781371272411534016e-04
2.777058544247641746e-04
2.772752502727374884e-04
2.768453137485030451e-04
2.764160438170971176e-04
2.759874394451599473e-04
2.755594996009331967e-04
2.751322232542576180e-04
2.747056093765705052e-04
2.742796569409031463e-04
2.738543649218786011e-04
2.734297322957087730e-04
2.730057580401925666e-04
2.725824411347129057e-04
2.721597805602344569e-04
2.717377752993012981e-04
2.713164243360342625e-04
2.708957266561287701e-04
2.704756812468520630e-04
2.700562870970408744e-04
2.696375431970993684e-04
2.692194485389960506e-04
2.688020021162618699e-04
2.683852029239875629e-04
2.679690499588213226e-04
2.675535422189663590e-04
2.671386787041784595e-04
2.667244584157635497e-04
2.663108803565754704e-04
2.658979435310134302e-04
2.654856469450196741e-04
2.650739896060769359e-04
2.646629705232063780e-04
2.642525887069647724e-04
2.638428431694426037e-04
2.634337329242612499e-04
2.630252569865709766e-04
2.626174143730482268e-04
2.622102041018935063e-04
2.618036251928290530e-04
2.613976766670962886e-04
2.609923575474534883e-04
2.605876668581735573e-04
2.601836036250416463e-04
2.597801668753527116e-04
2.593773556379094011e-04
2.589751689430193436e-04
2.585736058224931432e-04
2.581726653096420485e-04
2.577723464392753499e-04
2.573726482476984285e-04
2.569735697727099913e-04
2.565751100536003363e-04
2.561772681311483713e-04
2.557800430476198789e-04
2.553834338467649684e-04
2.549874395738156913e-04
2.545920592754840348e-04
2.541972919999592115e-04
2.538031367969057622e-04
2.534095927174611165e-04
2.530166588142332071e-04
2.526243341412984103e-04
2.522326177541989439e-04
2.518415087099410777e-04
2.514510060669924779e-04
2.510611088852799299e-04
2.506718162261874412e-04
2.502831271525535846e-04
2.498950407286694387e-04
2.495075560202763654e-04
2.491206720945635697e-04
2.487343880201661490e-04
2.483487028671626531e-04
2.479636157070728075e-04
2.475791256128554536e-04
2.471952316589062716e-04
2.468119329210552871e-04
2.464292284765651903e-04
2.460471174041285714e-04
2.456655987838659693e-04
2.452846716973237570e-04
2.449043352274717024e-04
2.445245884587007998e-04
2.441454304768211556e-04
2.437668603690599828e-04
2.433888772240588904e-04
2.430114801318720942e-04
2.426346681839642216e-04
2.422584404732078451e-04
2.418827960938816659e-04
2.415077341416680475e-04
2.411332537136509830e-04
2.407593539083138453e-04
2.403860338255372998e-04
2.400132925665971091e-04
2.396411292341619646e-04
2.392695429322912637e-04
2.388985327664331314e-04
2.385280978434220619e-04
2.381582372714769131e-04
2.377889501601987106e-04
2.374202356205684802e-04
2.370520927649451596e-04
2.366845207070634310e-04
2.363175185620316880e-04
2.359510854463297040e-04
2.355852204778066542e-04
2.352199227756790012e-04
2.348551914605283536e-04
2.344910256542992975e-04
2.341274244802973100e-04
2.337643870631867524e-04
2.334019125289886216e-04
2.330400000050784350e-04
2.326786486201843610e-04
2.323178575043848330e-04
2.319576257891066526e-04
2.315979526071228211e-04
2.312388370925504524e-04
2.308802783808487939e-04
2.305222756088169233e-04
2.301648279145919592e-04
2.298079344376467031e-04
2.294515943187878503e-04
2.290958067001536320e-04
2.287405707252120263e-04
2.283858855387584813e-04
2.280317502869140176e-04
2.276781641171230332e-04
2.273251261781514330e-04
2.269726356200844062e-04
2.266206915943244204e-04
2.262692932535892161e-04
2.259184397519099091e-04
2.255681302446286055e-04
2.252183638883967752e-04
2.248691398411728124e-04
2.245204572622203011e-04
2.241723153121060906e-04
2.238247131526978828e-04
2.234776499471624980e-04
2.231311248599637874e-04
2.227851370568606818e-04
2.224396857049051315e-04
2.220947699724400192e-04
2.217503890290973981e-04
2.214065420457962696e-04
2.210632281947405499e-04
2.207204466494173901e-04
2.203781965845949531e-04
2.200364771763203267e-04
2.196952876019178972e-04
2.193546270399869915e-04
2.190144946704001422e-04
2.186748896743010546e-04
2.183358112341025198e-04
2.179972585334846529e-04
2.176592307573927787e-04
2.173217270920356156e-04
2.169847467248831345e-04
2.166482888446646612e-04
2.163123526413670878e-04
2.159769373062326767e-04
2.156420420317572452e-04
2.153076660116882675e-04
2.149738084410229236e-04
2.146404685160059850e-04
2.143076454341280796e-04
2.139753383941237137e-04
2.136435465959693198e-04
2.133122692408813599e-04
2.129815055313143460e-04
2.126512546709589165e-04
2.123215158647401280e-04
2.119922883188152599e-04
2.116635712405719985e-04
2.113353638386267024e-04
2.110076653228221523e-04
2.106804749042260607e-04
2.103537917951287949e-04
2.100276152090417505e-04
2.097019443606954001e-04
2.093767784660372335e-04
2.090521167422301307e-04
2.087279584076502485e-04
2.084043026818853937e-04
2.080811487857328547e-04
2.077584959411977214e-04
2.074363433714909602e-04
2.071146903010275984e-04
2.067935359554247724e-04
2.064728795614998846e-04
2.061527203472687602e-04
2.058330575419438314e-04
2.055138903759322127e-04
2.051952180808339120e-04
2.048770398894399333e-04
2.045593550357304065e-04
2.042421627548728796e-04
2.039254622832202589e-04
2.036092528583091827e-04
2.032935337188581781e-04
2.029783041047656278e-04
2.026635632571081175e-04
2.023493104181385918e-04
2.020355448312844576e-04
2.017222657411458218e-04
2.014094723934936756e-04
2.010971640352681052e-04
2.007853399145763406e-04
2.004739992806911291e-04
2.001631413840488380e-04
1.998527654762476656e-04
1.995428708100457980e-04
1.992334566393597290e-04
1.989245222192622536e-04
1.986160668059810323e-04
1.983080896568963406e-04
1.980005900305396871e-04
1.976935671865917804e-04
1.973870203858809030e-04
1.970809488903809054e-04
1.967753519632098509e-04
1.964702288686277928e-04
1.961655788720352567e-04
1.958614012399713974e-04
1.955576952401121829e-04
1.952544601412687948e-04
1.949516952133857855e-04
1.946493997275392353e-04
1.943475729559350170e-04
1.940462141719073328e-04
1.937453226499164644e-04
1.934448976655474717e-04
1.931449384955082418e-04
1.928454444176277266e-04
1.925464147108543441e-04
1.922478486552540804e-04
1.919497455320089184e-04
1.916521046234149670e-04
1.913549252128808620e-04
1.910582065849258959e-04
1.907619480251784459e-04
1.904661488203741849e-04
1.901708082583543195e-04
1.898759256280639369e-04
1.895815002195504325e-04
1.892875313239613961e-04
1.889940182335433645e-04
1.887009602416398705e-04
1.884083566426897349e-04
1.881162067322255218e-04
1.878245098068716409e-04
1.875332651643428841e-04
1.872424721034425012e-04
1.869521299240606814e-04
1.866622379271728463e-04
1.863727954148378606e-04
1.860838016901965146e-04
1.857952560574697076e-04
1.855071578219568492e-04
1.852195062900341242e-04
1.849323007691529481e-04
1.846455405678382048e-04
1.843592249956865119e-04
1.840733533633647574e-04
1.837879249826082835e-04
1.835029391662192327e-04
1.832183952280650851e-04
1.829342924830767059e-04
1.826506302472469094e-04
1.823674078376288324e-04
1.820846245723341185e-04
1.818022797705314540e-04
1.815203727524447792e-04
1.812389028393517976e-04
1.809578693535822142e-04
1.806772716185162174e-04
1.803971089585827713e-04
1.801173806992580713e-04
1.798380861670637000e-04
1.795592246895654355e-04
1.792807955953711909e-04
1.790027982141295508e-04
1.787252318765283616e-04
1.784480959142927805e-04
1.781713896601839467e-04
1.778951124479972198e-04
1.776192636125606351e-04
1.773438424897333041e-04
1.770688484164037609e-04
1.767942807304884179e-04
1.765201387709300742e-04
1.762464218776960460e-04
1.759731293917769464e-04
1.757002606551846802e-04
1.754278150109512234e-04
1.751557918031269433e-04
1.748841903767788637e-04
1.746130100779892278e-04
1.743422502538539813e-04
1.740719102524810637e-04
1.738019894229889182e-04
1.735324871155049468e-04
1.732634026811638020e-04
1.729947354721060322e-04
1.727264848414763738e-04
1.724586501434222877e-04
1.721912307330923327e-04
1.719242259666346208e-04
1.716576352011952992e-04
1.713914577949170594e-04
1.711256931069374569e-04
1.708603404973875017e-04
1.705953993273899507e-04
1.703308689590580876e-04
1.700667487554937177e-04
1.698030380807860834e-04
1.695397363000100753e-04
1.692768427792248496e-04
1.690143568854721211e-04
1.687522779867748615e-04
1.684906054521355650e-04
1.682293386515349202e-04
1.679684769559301565e-04
1.677080197372536347e-04
1.674479663684112210e-04
1.671883162232809040e-04
1.669290686767111419e-04
1.666702231045195340e-04
1.664117788834911405e-04
1.661537353913771810e-04
1.658960920068933273e-04
1.656388481097183208e-04
1.653820030804925632e-04
1.651255563008163546e-04
1.648695071532487550e-04
1.646138550213058498e-04
1.643585992894593399e-04
1.641037393431350787e-04
1.638492745687114994e-04
1.635952043535183955e-04
1.633415280858350506e-04
1.630882451548892626e-04
1.628353549508552295e-04
1.625828568648528174e-04
1.623307502889454195e-04
1.620790346161390342e-04
1.618277092403804765e-04
1.615767735565560225e-04
1.613262269604898917e-04
1.610760688489429457e-04
1.608262986196110620e-04
1.605769156711238333e-04
1.603279194030429950e-04
1.600793092158610698e-04
1.598310845109998505e-04
1.595832446908090440e-04
1.593357891585648082e-04
1.590887173184681795e-04
1.588420285756438803e-04
1.585957223361386930e-04
1.583497980069202126e-04
1.581042549958751667e-04
1.578590927118082225e-04
1.576143105644404693e-04
1.573699079644079815e-04
1.571258843232604908e-04
1.568822390534597056e-04
1.566389715683784434e-04
1.563960812822985441e-04
1.561535676104099210e-04
1.559114299688090974e-04
1.556696677744975530e-04
1.554282804453806666e-04
1.551872674002660363e-04
1.549466280588622318e-04
1.547063618417773585e-04
1.544664681705176204e-04
1.542269464674859655e-04
1.539877961559808382e-04
1.537490166601944452e-04
1.535106074052117252e-04
1.532725678170087226e-04
1.530348973224513950e-04
1.527975953492940412e-04
1.525606613261781624e-04
1.523240946826307819e-04
1.520878948490633612e-04
1.518520612567702275e-04
1.516165933379273810e-04
1.513814905255909775e-04
1.511467522536959456e-04
1.509123779570548487e-04
1.506783670713563123e-04
1.504447190331637235e-04
1.502114332799138485e-04
1.499785092499155857e-04
1.497459463823484749e-04
1.495137441172614506e-04
1.492819018955714324e-04
1.490504191590620781e-04
1.488192953503822663e-04
1.485885299130449300e-04
1.483581222914256482e-04
1.481280719307612084e-04
1.478983782771485229e-04
1.476690407775430296e-04
1.474400588797574992e-04
1.472114320324606528e-04
1.469831596851759966e-04
1.467552412882801955e-04
1.465276762930020160e-04
1.463004641514209167e-04
1.460736043164656659e-04
1.458470962419131491e-04
1.456209393823869325e-04
1.453951331933560430e-04
1.451696771311335860e-04
1.449445706528755258e-04
1.447198132165792759e-04
1.444954042810824794e-04
1.442713433060617079e-04
1.440476297520309980e-04
1.438242630803408210e-04
1.436012427531765923e-04
1.433785682335574248e-04
1.431562389853348544e-04
1.429342544731915395e-04
1.427126141626400139e-04
1.424913175200213044e-04
1.422703640125037112e-04
1.420497531080815341e-04
1.418294842755737982e-04
1.416095569846229259e-04
1.413899707056934902e-04
1.411707249100709136e-04
1.409518190698603297e-04
1.407332526579850650e-04
1.405150251481855823e-04
1.402971360150181794e-04
1.400795847338536068e-04
1.398623707808759292e-04
1.396454936330812516e-04
1.394289527682763641e-04
1.392127476650776034e-04
1.389968778029095520e-04
1.387813426620037368e-04
1.385661417233974638e-04
1.383512744689325441e-04
1.381367403812539928e-04
1.379225389438088097e-04
1.377086696408448129e-04
1.374951319574093116e-04
1.372819253793478586e-04
1.370690493933030853e-04
1.368565034867133730e-04
1.366442871478117690e-04
1.364323998656245774e-04
1.362208411299701931e-04
1.360096104314580177e-04
1.357987072614869691e-04
1.355881311122444780e-04
1.353778814767051604e-04
1.351679578486295974e-04
1.349583597225631970e-04
1.347490865938349471e-04
1.345401379585560062e-04
1.343315133136188905e-04
1.341232121566959009e-04
1.339152339862380401e-04
1.337075783014739000e-04
1.335002446024082803e-04
1.332932323898211309e-04
1.330865411652662781e-04
1.328801704310702051e-04
1.326741196903310214e-04
1.324683884469169727e-04
1.322629762054655189e-04
1.320578824713820334e-04
1.318531067508385015e-04
1.316486485507725995e-04
1.314445073788862847e-04
1.312406827436446574e-04
1.310371741542748492e-04
1.308339811207647765e-04
1.306311031538619205e-04
1.304285397650722976e-04
1.302262904666591579e-04
1.300243547716418470e-04
1.298227321937946404e-04
1.296214222476455783e-04
1.294204244484752726e-04
1.292197383123157143e-04
1.290193633559492438e-04
1.288192990969072495e-04
1.286195450534690569e-04
1.284201007446607356e-04
1.282209656902540151e-04
1.280221394107650384e-04
1.278236214274533044e-04
1.276254112623204215e-04
1.274275084381090500e-04
1.272299124783016558e-04
1.270326229071194800e-04
1.268356392495212381e-04
1.266389610312021441e-04
1.264425877785926638e-04
1.262465190188574032e-04
1.260507542798939434e-04
1.258552930903318102e-04
1.256601349795311733e-04
1.254652794775818706e-04
1.252707261153021881e-04
1.250764744242377220e-04
1.248825239366602939e-04
1.246888741855668400e-04
1.244955247046782454e-04
1.243024750284382057e-04
1.241097246920122240e-04
1.239172732312863101e-04
1.237251201828659772e-04
1.235332650840752125e-04
1.233417074729550671e-04
1.231504468882629790e-04
1.229594828694711734e-04
1.227688149567659581e-04
1.225784426910464498e-04
1.223883656139234625e-04
1.221985832677183962e-04
1.220090951954622073e-04
1.218199009408942426e-04
1.216310000484611552e-04
1.214423920633158342e-04
1.212540765313162793e-04
1.210660529990245171e-04
1.208783210137055438e-04
1.206908801233261866e-04
1.205037298765540332e-04
1.203168698227563343e-04
1.201302995119989461e-04
1.199440184950452599e-04
1.197580263233550635e-04
1.195723225490834978e-04
1.193869067250799727e-04
1.192017784048871097e-04
1.190169371427396037e-04
1.188323824935633014e-04
1.186481140129739273e-04
1.184641312572761487e-04
1.182804337834624778e-04
1.180970211492121604e-04
1.179138929128902274e-04
1.177310486335462884e-04
1.175484878709135832e-04
1.173662101854078298e-04
1.171842151381263027e-04
1.170025022908465591e-04
1.168210712060256120e-04
1.166399214467987787e-04
1.164590525769785688e-04
1.162784641610537770e-04
1.160981557641882760e-04
1.159181269522200551e-04
1.157383772916602304e-04
1.155589063496918523e-04
1.153797136941690652e-04
1.152007988936158743e-04
1.150221615172251834e-04
1.148438011348577376e-04
1.146657173170412291e-04
1.144879096349690095e-04
1.143103776604992766e-04
1.141331209661539364e-04
1.139561391251176403e-04
1.137794317112366066e-04
1.136029982990178068e-04
1.134268384636278411e-04
1.132509517808919083e-04
1.130753378272927217e-04
1.128999961799696415e-04
1.127249264167175366e-04
1.125501281159858088e-04
1.123756008568774169e-04
1.122013442191477654e-04
1.120273577832038103e-04
1.118536411301029881e-04
1.116801938415521453e-04
1.115070154999066711e-04
1.113341056881693317e-04
1.111614639899895116e-04
1.109890899896618852e-04
1.108169832721256852e-04
1.106451434229635235e-04
1.104735700284005642e-04
1.103022626753034262e-04
1.101312209511791124e-04
1.099604444441742236e-04
1.097899327430737525e-04
1.096196854373002432e-04
1.094497021169127209e-04
1.092799823726057969e-04
1.091105257957085308e-04
1.089413319781835628e-04
1.087724005126262190e-04
1.086037309922632246e-04
1.084353230109520798e-04
1.082671761631798268e-04
1.080992900440622638e-04
1.079316642493427254e-04
1.077642983753914586e-04
1.075971920192042683e-04
1.074303447784018392e-04
1.072637562512286245e-04
1.070974260365519654e-04
1.069313537338609384e-04
1.067655389432657057e-04
1.065999812654962675e-04
1.064346803019016087e-04
1.062696356544487908e-04
1.061048469257219219e-04
1.059403137189211808e-04
1.057760356378619631e-04
1.056120122869738247e-04
1.054482432712996001e-04
1.052847281964943999e-04
1.051214666688247030e-04
1.049584582951674074e-04
1.047957026830088412e-04
1.046331994404438141e-04
1.044709481761748172e-04
1.043089484995108447e-04
1.041472000203666476e-04
1.039857023492616911e-04
1.038244550973193138e-04
1.036634578762656435e-04
1.035027102984288248e-04
1.033422119767379486e-04
1.031819625247222658e-04
1.030219615565100761e-04
1.028622086868279692e-04
1.027027035309997674e-04
1.025434457049457127e-04
1.023844348251814909e-04
1.022256705088172424e-04
1.020671523735567488e-04
1.019088800376964844e-04
1.017508531201246269e-04
1.015930712403202712e-04
1.014355340183523455e-04
1.012782410748788654e-04
1.011211920311459180e-04
1.009643865089867399e-04
1.008078241308209044e-04
1.006515045196533184e-04
1.004954272990733549e-04
1.003395920932539183e-04
1.001839985269506309e-04
1.000286462255007625e-04
9.987353481482252535e-05
9.971866392141399017e-05
9.956403317235232721e-05
9.940964219529285751e-05
9.925549061846810424e-05
9.910157807068702021e-05
9.894790418133397143e-05
9.879446858036786973e-05
9.864127089832138676e-05
9.848831076629993748e-05
9.833558781598083999e-05
9.818310167961243453e-05
9.803085199001321617e-05
9.787883838057087258e-05
9.772706048524151150e-05
9.757551793854873923e-05
9.742421037558271187e-05
9.727313743199933580e-05
9.712229874401940026e-05
9.697169394842761517e-05
9.682132268257183860e-05
9.667118458436215519e-05
9.652127929226992753e-05
9.637160644532713201e-05
9.622216568312526113e-05
9.607295664581461873e-05
9.592397897410335778e-05
9.577523230925666722e-05
9.562671629309587749e-05
9.547843056799764738e-05
9.533037477689302892e-05
9.518254856326666775e-05
9.503495157115593580e-05
9.488758344515006390e-05
9.474044383038923375e-05
9.459353237256385967e-05
9.444684871791359925e-05
9.430039251322658083e-05
9.415416340583852265e-05
9.400816104363186540e-05
9.386238507503498626e-05
9.371683514902129082e-05
9.357151091510842707e-05
9.342641202335737736e-05
9.328153812437163170e-05
9.313688886929640171e-05
9.299246390981772618e-05
9.284826289816165788e-05
9.270428548709336910e-05
9.256053132991641985e-05
9.241700008047186335e-05
9.227369139313737869e-05
9.213060492282651188e-05
9.198774032498778139e-05
9.184509725560390566e-05
9.170267537119092217e-05
9.156047432879742850e-05
9.141849378600363368e-05
9.127673340092072119e-05
9.113519283218983252e-05
9.099387173898138958e-05
9.085276978099417308e-05
9.071188661845455009e-05
9.057122191211570148e-05
9.043077532325671396e-05
9.029054651368183465e-05
9.015053514571959021e-05
9.001074088222206851e-05
8.987116338656399707e-05
8.973180232264209256e-05
8.959265735487399014e-05
8.945372814819774199e-05
8.931501436807080091e-05
8.917651568046927493e-05
8.903823175188711411e-05
8.890016224933535165e-05
8.876230684034125005e-05
8.862466519294754221e-05
8.848723697571159110e-05
8.835002185770461734e-05
8.821301950851089956e-05
8.807622959822698837e-05
8.793965179746087964e-05
8.780328577733126914e-05
8.766713120946671223e-05
8.753118776600487855e-05
8.739545511959171168e-05
8.725993294338068381e-05
8.712462091103200966e-05
8.698951869671186045e-05
8.685462597509151011e-05
8.671994242134667115e-05
8.658546771115660024e-05
8.645120152070339347e-05
8.631714352667118673e-05
8.618329340624534261e-05
8.604965083711173203e-05
8.591621549745592117e-05
8.578298706596239895e-05
8.564996522181383162e-05
8.551714964469023608e-05
8.538454001476826157e-05
8.525213601272037657e-05
8.511993731971417756e-05
8.498794361741149458e-05
8.485615458796776783e-05
8.472456991403116673e-05
8.459318927874187165e-05
8.446201236573131496e-05
8.433103885912147631e-05
8.420026844352396104e-05
8.406970080403941743e-05
8.393933562625668292e-05
8.380917259625202511e-05
8.367921140058846418e-05
8.354945172631490552e-05
8.341989326096546208e-05
8.329053569255869547e-05
8.316137870959685696e-05
8.303242200106512861e-05
8.290366525643086426e-05
8.277510816564288484e-05
8.264675041913069234e-05
8.251859170780375145e-05
8.239063172305070360e-05
8.226287015673867573e-05
8.213530670121252136e-05
8.200794104929406167e-05
8.188077289428138071e-05
8.175380192994801233e-05
8.162702785054231670e-05
8.150045035078666718e-05
8.137406912587670494e-05
8.124788387148066131e-05
8.112189428373861241e-05
8.099610005926166601e-05
8.087050089513135164e-05
8.074509648889886164e-05
8.061988653858423806e-05
8.049487074267573563e-05
8.037004880012904931e-05
8.024542041036662309e-05
8.012098527327693172e-05
7.999674308921370818e-05
7.987269355899525257e-05
7.974883638390372731e-05
7.962517126568441177e-05
7.950169790654497046e-05
7.937841600915478894e-05
7.925532527664424197e-05
7.913242541260394813e-05
7.900971612108407865e-05
7.888719710659363913e-05
7.876486807409973766e-05
7.864272872902693438e-05
7.852077877725646888e-05
7.839901792512563689e-05
7.827744587942692285e-05
7.815606234740748494e-05
7.803486703676830124e-05
7.791385965566360058e-05
7.779303991270002225e-05
7.767240751693596545e-05
7.755196217788099303e-05
7.743170360549495057e-05
7.731163151018737001e-05
7.719174560281681923e-05
7.707204559469012944e-05
7.695253119756166344e-05
7.683320212363274637e-05
7.671405808555086610e-05
7.659509879640903629e-05
7.647632396974507810e-05
7.635773331954095610e-05
7.623932656022208709e-05
7.612110340665658120e-05
7.600306357415467264e-05
7.588520677846798785e-05
7.576753273578880018e-05
7.565004116274940641e-05
7.553273177642150335e-05
7.541560429431536116e-05
7.529865843437924056e-05
7.518189391499871521e-05
7.506531045499593990e-05
7.494890777362906776e-05
7.483268559059146421e-05
7.471664362601108359e-05
7.460078160044980502e-05
7.448509923490274128e-05
7.436959625079761537e-05
7.425427236999398799e-05
7.413912731478268839e-05
7.402416080788510959e-05
7.390937257245247657e-05
7.379476233206533125e-05
7.368032981073271937e-05
7.356607473289163482e-05
7.345199682340622003e-05
7.333809580756730519e-05
7.322437141109151382e-05
7.311082336012077480e-05
7.299745138122164484e-05
7.288425520138456300e-05
7.277123454802324090e-05
7.265838914897405280e-05
7.254571873249530381e-05
7.243322302726660643e-05
7.232090176238824362e-05
7.220875466738054535e-05
7.209678147218310260e-05
7.198498190715427940e-05
7.187335570307048106e-05
7.176190259112550361e-05
7.165062230292995105e-05
7.153951457051047644e-05
7.142857912630923972e-05
7.131781570318323018e-05
7.120722403440357521e-05
7.109680385365501178e-05
7.098655489503512750e-05
7.087647689305379139e-05
7.076656958263244921e-05
7.065683269910359482e-05
7.054726597821001132e-05
7.043786915610422889e-05
7.032864196934782012e-05
7.021958415491083073e-05
7.011069545017106135e-05
7.000197559291353893e-05
6.989342432132982560e-05
6.978504137401734099e-05
6.967682648997887440e-05
6.956877940862181225e-05
6.946089986975756891e-05
6.935318761360100394e-05
6.924564238076969024e-05
6.913826391228338549e-05
6.903105194956340876e-05
6.892400623443193579e-05
6.881712650911144327e-05
6.871041251622407196e-05
6.860386399879100320e-05
6.849748070023186264e-05
6.839126236436405615e-05
6.828520873540218708e-05
6.817931955795745991e-05
6.807359457703702978e-05
6.796803353804336547e-05
6.786263618677372089e-05
6.775740226941943034e-05
6.765233153256537994e-05
6.754742372318933003e-05
6.744267858866131885e-05
6.733809587674310687e-05
6.723367533558749921e-05
6.712941671373780347e-05
6.702531976012716572e-05
6.692138422407801482e-05
6.681760985530142542e-05
6.671399640389650816e-05
6.661054362034986753e-05
6.650725125553495136e-05
6.640411906071141382e-05
6.630114678752462758e-05
6.619833418800500616e-05
6.609568101456738049e-05
6.599318702001051107e-05
6.589085195751636964e-05
6.578867558064963776e-05
6.568665764335708339e-05
6.558479789996692392e-05
6.548309610518829760e-05
6.538155201411068084e-05
6.528016538220321051e-05
6.517893596531416900e-05
6.507786351967042855e-05
6.497694780187676005e-05
6.487618856891534517e-05
6.477558557814509874e-05
6.467513858730118085e-05
6.457484735449433276e-05
6.447471163821034837e-05
6.437473119730950503e-05
6.427490579102588587e-05
6.417523517896693260e-05
6.407571912111272722e-05
6.397635737781558543e-05
6.387714970979929772e-05
6.377809587815869564e-05
6.367919564435894713e-05
6.358044877023513633e-05
6.348185501799155888e-05
6.338341415020122050e-05
6.328512592980524063e-05
6.318699012011224259e-05
6.308900648479791990e-05
6.299117478790426379e-05
6.289349479383919727e-05
6.279596626737584330e-05
6.269858897365209111e-05
6.260136267816993213e-05
6.250428714679495852e-05
6.240736214575573980e-05
6.231058744164333493e-05
6.221396280141065533e-05
6.211748799237197700e-05
6.202116278220231715e-05
6.192498693893691911e-05
6.182896023097064254e-05
6.173308242705748908e-05
6.163735329630993826e-05
6.154177260819848670e-05
6.144634013255105185e-05
6.135105563955241628e-05
6.125591889974367206e-05
6.116092968402167865e-05
6.106608776363852081e-05
6.097139291020093937e-05
6.087684489566977560e-05
6.078244349235944940e-05
6.068818847293739693e-05
6.059407961042350137e-05
6.050011667818961178e-05
6.040629944995890618e-05
6.031262769980541040e-05
6.021910120215344245e-05
6.012571973177707719e-05
6.003248306379957032e-05
5.993939097369284342e-05
5.984644323727694184e-05
5.975363963071951968e-05
5.966097993053520287e-05
5.956846391358519609e-05
5.947609135707662551e-05
5.938386203856207122e-05
5.929177573593899124e-05
5.919983222744924041e-05
5.910803129167841987e-05
5.901637270755552469e-05
5.892485625435225270e-05
5.883348171168253015e-05
5.874224885950200348e-05
5.865115747810749043e-05
5.856020734813643122e-05
5.846939825056639381e-05
5.837872996671451830e-05
5.828820227823701546e-05
5.819781496712864497e-05
5.810756781572213263e-05
5.801746060668772997e-05
5.792749312303261788e-05
5.783766514810045938e-05
5.774797646557078301e-05
5.765842685945855590e-05
5.756901611411359426e-05
5.747974401422008901e-05
5.739061034479605694e-05
5.730161489119285954e-05
5.721275743909464740e-05
5.712403777451785199e-05
5.703545568381071127e-05
5.694701095365268021e-05
5.685870337105399029e-05
5.677053272335509388e-05
5.668249879822616279e-05
5.659460138366659358e-05
5.650684026800447903e-05
5.641921523989608638e-05
5.633172608832537619e-05
5.624437260260350090e-05
5.615715457236824918e-05
5.607007178758357841e-05
5.598312403853911991e-05
5.589631111584961664e-05
5.580963281045449618e-05
5.572308891361730837e-05
5.563667921692523740e-05
5.555040351228862747e-05
5.546426159194044067e-05
5.537825324843578947e-05
5.529237827465141488e-05
5.520663646378519863e-05
5.512102760935566164e-05
5.503555150520148302e-05
5.495020794548095106e-05
5.486499672467155678e-05
5.477991763756942463e-05
5.469497047928883820e-05
5.461015504526175231e-05
5.452547113123730515e-05
5.444091853328132354e-05
5.435649704777580126e-05
5.427220647141850593e-05
5.418804660122235567e-05
5.410401723451498536e-05
5.402011816893835365e-05
5.393634920244806533e-05
5.385271013331307318e-05
5.376920076011505452e-05
5.368582088174803178e-05
5.360257029741778971e-05
5.351944880664146885e-05
5.343645620924704370e-05
5.335359230537284840e-05
5.327085689546712276e-05
5.318824978028747688e-05
5.310577076090045750e-05
5.302341963868106010e-05
5.294119621531222068e-05
5.285910029278439564e-05
5.277713167339501967e-05
5.269529015974807207e-05
5.261357555475362275e-05
5.253198766162726978e-05
5.245052628388975993e-05
5.236919122536648724e-05
5.228798229018695768e-05
5.220689928278443679e-05
5.212594200789538046e-05
5.204511027055898093e-05
5.196440387611676702e-05
5.188382263021202808e-05
5.180336633878941427e-05
5.172303480809447570e-05
5.164282784467317459e-05
5.156274525537139737e-05
5.148278684733454129e-05
5.140295242800699271e-05
5.132324180513171371e-05
5.124365478674976774e-05
5.116419118119981820e-05
5.108485079711772188e-05
5.100563344343603424e-05
5.092653892938354867e-05
5.084756706448488313e-05
5.076871765855993802e-05
5.068999052172352352e-05
5.061138546438485137e-05
5.053290229724708083e-05
5.045454083130689179e-05
5.037630087785399690e-05
5.029818224847072141e-05
5.022018475503152885e-05
5.014230820970254669e-05
5.006455242494115297e-05
4.998691721349551555e-05
4.990940238840413129e-05
4.983200776299535851e-05
4.975473315088703072e-05
4.967757836598592810e-05
4.960054322248738445e-05
4.952362753487481964e-05
4.944683111791929239e-05
4.937015378667906657e-05
4.929359535649915718e-05
4.921715564301088993e-05
4.914083446213141331e-05
4.906463163006334627e-05
4.898854696329428348e-05
4.891258027859631430e-05
4.883673139302565681e-05
4.876100012392216315e-05
4.868538628890892650e-05
4.860988970589177286e-05
4.853451019305892226e-05
4.845924756888042627e-05
4.838410165210786315e-05
4.830907226177379567e-05
4.823415921719138491e-05
4.815936233795394981e-05
4.808468144393454699e-05
4.801011635528548292e-05
4.793566689243794119e-05
4.786133287610154204e-05
4.778711412726386807e-05
4.771301046719007117e-05
4.763902171742243210e-05
4.756514769977993355e-05
4.749138823635782648e-05
4.741774314952719644e-05
4.734421226193454344e-05
4.727079539650138891e-05
4.719749237642376750e-05
4.712430302517186793e-05
4.705122716648960611e-05
4.697826462439415752e-05
4.690541522317557101e-05
4.683267878739632835e-05
4.676005514189095116e-05
4.668754411176552661e-05
4.661514552239734151e-05
4.654285919943440791e-05
4.647068496879509726e-05
4.639862265666769314e-05
4.632667208950994400e-05
4.625483309404873118e-05
4.618310549727954709e-05
4.611148912646616997e-05
4.603998380914016246e-05
4.596858937310054630e-05
4.589730564641331448e-05
4.582613245741103819e-05
4.575506963469250091e-05
4.568411700712220376e-05
4.561327440383001986e-05
4.554254165421074718e-05
4.547191858792370186e-05
4.540140503489233884e-05
4.533100082530379100e-05
4.526070578960851684e-05
4.519051975851983967e-05
4.512044256301357491e-05
4.505047403432761000e-05
4.498061400396149100e-05
4.491086230367604993e-05
4.484121876549295073e-05
4.477168322169433016e-05
4.470225550482235730e-05
4.463293544767886088e-05
4.456372288332490237e-05
4.449461764508038297e-05
4.442561956652365732e-05
4.435672848149110664e-05
4.428794422407675247e-05
4.421926662863187043e-05
4.415069552976456327e-05
4.408223076233937470e-05
4.401387216147690308e-05
4.394561956255339487e-05
4.387747280120034483e-05
4.380943171330408943e-05
4.374149613500545451e-05
4.367366590269932834e-05
4.360594085303424154e-05
4.353832082291203499e-05
4.347080564948742619e-05
4.340339517016762977e-05
4.333608922261195768e-05
4.326888764473144652e-05
4.320179027468844420e-05
4.313479695089623717e-05
4.306790751201863718e-05
4.300112179696964236e-05
4.293443964491299684e-05
4.286786089526182478e-05
4.280138538767826450e-05
4.273501296207303475e-05
4.266874345860508237e-05
4.260257671768121640e-05
4.253651257995566076e-05
4.247055088632974943e-05
4.240469147795144524e-05
4.233893419621508920e-05
4.227327888276087196e-05
4.220772537947458302e-05
4.214227352848713649e-05
4.207692317217423897e-05
4.201167415315598978e-05
4.194652631429651507e-05
4.188147949870360185e-05
4.181653354972827112e-05
4.175168831096444583e-05
4.168694362624855785e-05
4.162229933965919560e-05
4.155775529551666359e-05
4.149331133838270462e-05
4.142896731306003897e-05
4.136472306459202557e-05
4.130057843826229614e-05
4.123653327959438244e-05
4.117258743435131649e-05
4.110874074853529175e-05
4.104499306838729045e-05
4.098134424038667699e-05
4.091779411125087267e-05
4.085434252793496271e-05
4.079098933763133027e-05
4.072773438776929739e-05
4.066457752601475219e-05
4.060151860026975596e-05
4.053855745867225168e-05
4.047569394959560330e-05
4.041292792164831113e-05
4.035025922367357811e-05
4.028768770474901851e-05
4.022521321418623093e-05
4.016283560153045959e-05
4.010055471656024187e-05
4.003837040928706278e-05
3.997628252995491451e-05
3.991429092904003886e-05
3.985239545725050719e-05
3.979059596552585447e-05
3.972889230503676080e-05
3.966728432718465836e-05
3.960577188360139942e-05
3.954435482614887683e-05
3.948303300691866492e-05
3.942180627823170774e-05
3.936067449263790574e-05
3.929963750291579050e-05
3.923869516207217239e-05
3.917784732334177460e-05
3.911709384018688081e-05
3.905643456629699639e-05
3.899586935558848244e-05
3.893539806220421023e-05
3.887502054051320205e-05
3.881473664511029241e-05
3.875454623081577563e-05
3.869616498319248263e-05
