0.000000000000000000e+00
4.230008707895407846e-05
8.460017415790831955e-05
1.692003483158164765e-04
2.538005224737248096e-04
3.384006966316327903e-04
1.184402438210715091e-03
2.029832881893026564e-03
2.874915864759519657e-03
3.719815102537387449e-03
5.448603488156351926e-03
7.175226780434369733e-03
8.899687210178690300e-03
1.062198631129912356e-02
1.234212583656638107e-02
1.571711897074601696e-02
1.908378659680389985e-02
2.176299151715292354e-02
2.443691679551733206e-02
2.710556971010380511e-02
2.976895753911901546e-02
3.242708756076965321e-02
3.507996705326238418e-02
3.868098901726957362e-02
4.227232314940233826e-02
4.585398612315515210e-02
4.942599505336294635e-02
5.298836771732791384e-02
5.654112189235221270e-02
6.068474002679671853e-02
6.481525003047494682e-02
6.893268035680176486e-02
7.303705981740332698e-02
7.712841836837593112e-02
8.207375268331280893e-02
8.700002317112609518e-02
9.190728146552522293e-02
9.679557920021963913e-02
1.016649683909355145e-01
1.076079895319591445e-01
1.135227772824858872e-01
1.194094279579055867e-01
1.252680378736080735e-01
1.356521133531403689e-01
1.459477768914127227e-01
1.561555811655987169e-01
1.662760816743408532e-01
1.763098367583152415e-01
1.888851397519663855e-01
2.013235405269447886e-01
2.136261770015797090e-01
2.257941555120514254e-01
2.378286109421928751e-01
2.431117379175799509e-01
2.483690405778836430e-01
2.536006180848763836e-01
2.588065697292423750e-01
2.641874156454227518e-01
2.695408281138148010e-01
2.748669188745276881e-01
2.868944348202858707e-01
2.987820870262445916e-01
3.105311639704115834e-01
3.221429557547209610e-01
3.384637106650116856e-01
3.545117380847803701e-01
3.702906934136260819e-01
3.858042328884411232e-01
4.036324452607005786e-01
4.211077544066508249e-01
4.254221105257283142e-01
4.297148563306409930e-01
4.339860808616839982e-01
4.382358729801386632e-01
4.424643213682722953e-01
4.467165113083854666e-01
4.509470789539331559e-01
4.551561153130915249e-01
4.593437112072201178e-01
4.636613593273848366e-01
4.679561741341873859e-01
4.722282560059845591e-01
4.880438052026902507e-01
5.035464188036199440e-01
5.187412538939462081e-01
5.336334016381388823e-01
5.570646132923551264e-01
5.628035009295059288e-01
5.684954689655291604e-01
5.741408371419693957e-01
5.797399231873370251e-01
5.852930427747196074e-01
5.887988904882796026e-01
5.922863747639086629e-01
5.957555753205789895e-01
5.992065715191625674e-01
6.026908026246644567e-01
6.061564472245528634e-01
6.096035885995501058e-01
6.252331594332912745e-01
6.404804651537820970e-01
6.553533342182847887e-01
6.698594635232982819e-01
6.734295836227401910e-01
6.769773734438201407e-01
6.805029493538955476e-01
6.840064271870994750e-01
6.870826086006750488e-01
6.901417194509373854e-01
6.931838385139512670e-01
6.993602950812602970e-01
7.054665062290286226e-01
7.115031354916572237e-01
7.280633327620632533e-01
7.321204015770272910e-01
7.361447197448349744e-01
7.401365078694966959e-01
7.411293970710119972e-01
7.421202700940658925e-01
7.431091304208554682e-01
7.433560313903500028e-01
7.436028068030103855e-01
7.436131285919541645e-01
7.436234503808980545e-01
7.436440934310228901e-01
7.436647355613407173e-01
7.436853773605180962e-01
7.436895056311617624e-01
7.436907852663403595e-01
7.436917598992223155e-01
7.436926388108092700e-01
7.436923486424530383e-01
7.436919450835925982e-01
7.436879095087507441e-01
7.436838739589330949e-01
7.436798384341395396e-01
7.436394845624938466e-01
7.435991331930830173e-01
7.435587843257420726e-01
7.435184379603150262e-01
7.433480395996794332e-01
7.431776858654141060e-01
7.430073767455867007e-01
7.428371122282675376e-01
7.426668923015302681e-01
7.424076465715245821e-01
7.421485042698543477e-01
7.418894653543904871e-01
7.416305297830212417e-01
7.413716975136518395e-01
7.411129685042030513e-01
7.407955122512810409e-01
7.404782114521030190e-01
7.401610660289436039e-01
7.398440759041168269e-01
7.395272409999759100e-01
7.391529685554474316e-01
7.387789127064443573e-01
7.384050733249754028e-01
7.380314502831273327e-01
7.376015498478617483e-01
7.371719358258459476e-01
7.367426080222312379e-01
7.363135662423015981e-01
7.358640333928698762e-01
7.354148145315041463e-01
7.349659094342475552e-01
7.345173178773040101e-01
7.335237665903264759e-01
7.325317532846744584e-01
7.315412755290697788e-01
7.305523308960562012e-01
7.295649169620425090e-01
7.288946608656423631e-01
7.282251100283370082e-01
7.275562636921706350e-01
7.268881211000041143e-01
7.264241877792649849e-01
7.259605937483978311e-01
7.254973387539431773e-01
7.240199397005044890e-01
7.225459886936791420e-01
7.210754775131542615e-01
7.196083979582645895e-01
7.184847161108106617e-01
7.173630472479465281e-01
7.162433876854169545e-01
7.157100140490241236e-01
7.151770963560262206e-01
7.146446342081833603e-01
7.139905248275019156e-01
7.133371028897375066e-01
7.126843676566476660e-01
7.111663996249297792e-01
7.096521451312589601e-01
7.081415948919997927e-01
7.072642769270909291e-01
7.063882083793221467e-01
7.055133874301634522e-01
7.046398122637401729e-01
7.042120160021840825e-01
7.037845184819602196e-01
7.033573194898327108e-01
7.029339657311944878e-01
7.025109051416724704e-01
7.020881375137474345e-01
6.995545403742871038e-01
6.970314637142669412e-01
6.964023331368106584e-01
6.957738566014642911e-01
6.951460334130723506e-01
6.945188628772199779e-01
6.940984987150404795e-01
6.936784277401646381e-01
6.932586497435140327e-01
6.928433027970196667e-01
6.924282426672564439e-01
6.920134691517079162e-01
6.903842509185866838e-01
6.887594545033280946e-01
6.871390676341377901e-01
6.829048937852189027e-01
6.818510623518657665e-01
6.807991088621063724e-01
6.797490298929473873e-01
6.794868026439652153e-01
6.792246922856188807e-01
6.789626987646071310e-01
6.787008220276535830e-01
6.782932757307200689e-01
6.778860122681962252e-01
6.774790314392857837e-01
6.770732979568460097e-01
6.766678453692307471e-01
6.762626734774946913e-01
6.722263491664036694e-01
6.712216276361336886e-01
6.702186437556834075e-01
6.692173944500428018e-01
6.682178766496597033e-01
6.678163089589213008e-01
6.674150207384877964e-01
6.670140117893206266e-01
6.666150663599899051e-01
6.662163973261802097e-01
6.658180044919211893e-01
6.647271748852154882e-01
6.636384158363853869e-01
6.625517233230582281e-01
6.613916564066761872e-01
6.602339442976864481e-01
6.590785821034617076e-01
6.567748879397747874e-01
6.544805349781784853e-01
6.521954844434058041e-01
6.499196977217025495e-01
6.453436761329318649e-01
6.408050978927934960e-01
6.363036492455111937e-01
6.318390190733733647e-01
6.274108988745490390e-01
6.218599122058875439e-01
6.163662727054450841e-01
6.109293731270788452e-01
6.055486126782504419e-01
6.002233969499543020e-01
5.947634916537067884e-01
5.893619442472753933e-01
5.840181146735736739e-01
5.787313699215472784e-01
5.735010839485683576e-01
5.683266376452479340e-01
5.632074188076717780e-01
5.581428217290267391e-01
5.531322474145821122e-01
5.481751035295436836e-01
5.432708042594267539e-01
5.384187702383378404e-01
5.336184284779550424e-01
5.288692122972828979e-01
5.241705612531838421e-01
5.195219210716728320e-01
5.149227435799708097e-01
5.103724866393047899e-01
5.058706140784501315e-01
5.014165956280018932e-01
4.970099068553739396e-01
4.926500291005109222e-01
4.883364494123098587e-01
4.840686604857418196e-01
4.798461605996659496e-01
4.756684535553287185e-01
4.715350486155407417e-01
4.674454604445226757e-01
4.633992090484154724e-01
4.593958197164436097e-01
4.554348229627285249e-01
4.515157544687415370e-01
4.476381550263915932e-01
4.438015704076901935e-01
4.400055513091522541e-01
4.362496538115458455e-01
4.325334385517955460e-01
4.288564710156427817e-01
4.252183215259280891e-01
4.216185651968611392e-01
4.180567816507785306e-01
4.145325551672983111e-01
4.110454745801145893e-01
4.075951331801769273e-01
4.041811291318909150e-01
4.008030647235908961e-01
3.974605466324326319e-01
3.941531859137877292e-01
3.908805979598530267e-01
3.876424022432792271e-01
3.844382224521759039e-01
3.812676863966976692e-01
3.781304259214084418e-01
3.750260772819999922e-01
3.719542804668696245e-01
3.689146794368838855e-01
3.659069220924461296e-01
3.629306602089504286e-01
3.599855493916211957e-01
3.570712490360009594e-01
3.541874222862758104e-01
3.513337359929381565e-01
3.485098606722246695e-01
3.457154704657789956e-01
3.429502431007236396e-01
3.402138598501718292e-01
3.375060054941736443e-01
3.348263682810930231e-01
3.321746398893646868e-01
3.295505153894765504e-01
3.269536932070981061e-01
3.243838750865267739e-01
3.218407660531198422e-01
3.193240743777744362e-01
3.168335115414681047e-01
3.143687921977800781e-01
3.119296341401667783e-01
3.095157582674329388e-01
3.071268885486694855e-01
3.047627519896511927e-01
3.024230785994214132e-01
3.001076013572174239e-01
2.978160561797586481e-01
2.955481818888962553e-01
2.933037201796185323e-01
2.910824155884071951e-01
2.888840154619418676e-01
2.867082699261638279e-01
2.845549318556578333e-01
2.824237568433778933e-01
2.803145031707138246e-01
2.782269317778850448e-01
2.761608062346575521e-01
2.741158927113853117e-01
2.720919599503701658e-01
2.700887792375371577e-01
2.681061243744218836e-01
2.661437716504665429e-01
2.642014998156211325e-01
2.622790900532461222e-01
2.603763259533141694e-01
2.584929934859063749e-01
2.566288809750008060e-01
2.547837790725499540e-01
2.529574807328432429e-01
2.511497811871521990e-01
2.493604779186548992e-01
2.475893706376364467e-01
2.458362612569630068e-01
2.441009538678255986e-01
2.423832547157510620e-01
2.406829721768773966e-01
2.389999167344906139e-01
2.373339009558198542e-01
2.356847394690876341e-01
2.340522489408138063e-01
2.324362480533688213e-01
2.308365574827744293e-01
2.292529998767489086e-01
2.276853998329941287e-01
2.261335838777218665e-01
2.245973804444171273e-01
2.230766198528350008e-01
2.215711342882247248e-01
2.200807577807901705e-01
2.186053261853732055e-01
2.171446771613588234e-01
2.156986501528021793e-01
2.142670863687835547e-01
2.128498287639653264e-01
2.114467220193678165e-01
2.100576125233608038e-01
2.086823483528633949e-01
2.073207792547490103e-01
2.059727566274562327e-01
2.046381335028018555e-01
2.033167645279945479e-01
2.020085059478463618e-01
2.007132155871803603e-01
1.994307528334321455e-01
1.981609786194425404e-01
1.969037554064408946e-01
1.956589471672150471e-01
1.944264193694636988e-01
1.932060389593376892e-01
1.919976743451604073e-01
1.908011953813258388e-01
1.896164733523741097e-01
1.884433809572497731e-01
1.872817922937221047e-01
1.861315828429809804e-01
1.849926294544049221e-01
1.838648103304966197e-01
1.827480050119827948e-01
1.816420943630786544e-01
1.805469605569149094e-01
1.794624870611249146e-01
1.783885586235909870e-01
1.773250612583473773e-01
1.762718822316387546e-01
1.752289100481321249e-01
1.741960344372809888e-01
1.731731463398397119e-01
1.721601378945232241e-01
1.711569024248189852e-01
1.701633344259420033e-01
1.691793295519319895e-01
1.682047846028932037e-01
1.672395975123806555e-01
1.662836673349158412e-01
1.653368942336432279e-01
1.643991794681250174e-01
1.634704253822699405e-01
1.625505353923933916e-01
1.616394139754100956e-01
1.607369666571563938e-01
1.598431000008412872e-01
1.589577215956249623e-01
1.580807400453225764e-01
1.572120649572328333e-01
1.563516069310897372e-01
1.554992775481358613e-01
1.546549893603162418e-01
1.538186558795889280e-01
1.529901915673570756e-01
1.521695118240159461e-01
1.513565329786143443e-01
1.505511722786304907e-01
1.497533478798600548e-01
1.489629788364162100e-01
1.481799850908394056e-01
1.474042874643161083e-01
1.466358076470055394e-01
1.458744681884724947e-01
1.451201924882261352e-01
1.443729047863624437e-01
1.436325301543100452e-01
1.428989944856779437e-01
1.421722244872038465e-01
1.414521476698025471e-01
1.407386923397125900e-01
1.400317875897404973e-01
1.393313632906016120e-01
1.386373500823561700e-01
1.379496793659397424e-01
1.372682832947869080e-01
1.365930947665471296e-01
1.359240474148923072e-01
1.352610756014137605e-01
1.346041144076093599e-01
1.339530996269581442e-01
1.333079677570827570e-01
1.326686559919980080e-01
1.320351022144447273e-01
1.314072449883081917e-01
1.307850235511199277e-01
1.301683778066424213e-01
1.295572483175350120e-01
1.289515762981008895e-01
1.283513036071139424e-01
1.277563727407245997e-01
1.271667268254435823e-01
1.265823096112034529e-01
1.260030654644959669e-01
1.254289393615854453e-01
1.248598768817968108e-01
1.242958242008773140e-01
1.237367280844316741e-01
1.231825358814294946e-01
1.226331955177839272e-01
1.220886554900012522e-01
1.215488648589005127e-01
1.210137732434021229e-01
1.204833308143849202e-01
1.199574882886109001e-01
1.194361969227169251e-01
1.189194085072726448e-01
1.184070753609035576e-01
1.178991503244791877e-01
1.173955867553650723e-01
1.168963385217380718e-01
1.164013599969642432e-01
1.159106060540388283e-01
1.154240320600872505e-01
1.149415938709268947e-01
1.144632478256884245e-01
1.139889507414968417e-01
1.135186599082106951e-01
1.130523330832195750e-01
1.125899284862984379e-01
1.121314047945191766e-01
1.116767211372178825e-01
1.112258370910174932e-01
1.107787126749055634e-01
1.103353083453658401e-01
1.098955849915639327e-01
1.094595039305854833e-01
1.090270269027272532e-01
1.085981160668398060e-01
1.081727339957214706e-01
1.077508436715632345e-01
1.073324084814435975e-01
1.069173922128731496e-01
1.065057590493881934e-01
1.060974735661929236e-01
1.056925007258495419e-01
1.052908058740158193e-01
1.048923547352298702e-01
1.044971134087408771e-01
1.041050483643861380e-01
1.037161264385133563e-01
1.033303148299478391e-01
1.029475810960041871e-01
1.025678931485418111e-01
1.021912192500639138e-01
1.018175280098595481e-01
1.014467883801879328e-01
1.010789696525050685e-01
1.007140414537317508e-01
1.003519737425626335e-01
9.999273680581602375e-02
9.963630125482403344e-02
9.928263802186210185e-02
9.893171835661816738e-02
9.858351382270069685e-02
9.823799629418492052e-02
9.789513795219746684e-02
9.755491128153831459e-02
9.721728906734002085e-02
9.688224439176393310e-02
9.654975063073249764e-02
9.621978145069773336e-02
9.589231080544527441e-02
9.556731293293353746e-02
9.524476235216780551e-02
9.492463386010865922e-02
9.460690252861442273e-02
9.429154370141748509e-02
9.397853299113355374e-02
9.366784627630428406e-02
9.335945969847214698e-02
9.305334965928761803e-02
9.274949281764825748e-02
9.244786608686927920e-02
9.214844663188526130e-02
9.185121186648262381e-02
9.155613945056276237e-02
9.126320728743511634e-02
9.097239352114014355e-02
9.068367653380178528e-02
9.039703494300904696e-02
9.011244759922651393e-02
8.982989358323317797e-02
8.954935220358969938e-02
8.927080299413343856e-02
8.899422571150113204e-02
8.871960033267868584e-02
8.844690705257822472e-02
8.817612628164164801e-02
8.790723864347048389e-02
8.764022497248219468e-02
8.737506631159186465e-02
8.711174390991970051e-02
8.685023922052373391e-02
8.659053389815737911e-02
8.633260979705176252e-02
8.607644896872262974e-02
8.582203365980099752e-02
8.556934630988814738e-02
8.531836954943392004e-02
8.506908619763857426e-02
8.482147926037759966e-02
8.457553192814946941e-02
8.433122757404606928e-02
8.408854975174516466e-02
8.384748219352543275e-02
8.360800880830294990e-02
8.337011367968955033e-02
8.313378106407237622e-02
8.289899538871484119e-02
8.266574124987818850e-02
8.243400341096393524e-02
8.220376680067685571e-02
8.197501651120779609e-02
8.174773779643691729e-02
8.152191607015668584e-02
8.129753690431412716e-02
8.107458602727270203e-02
8.085304932209327888e-02
8.063291282483400768e-02
8.041416272286880385e-02
8.019678535322458113e-02
7.998076720093659497e-02
7.976609489742203518e-02
7.955275521887134049e-02
7.934073508465755431e-02
7.913002155576275010e-02
7.892060183322215094e-02
7.871246325658533272e-02
7.850559330239410827e-02
7.829997958267749525e-02
7.809560984346304580e-02
7.789247196330473244e-02
7.769055395182680734e-02
7.748984394828394018e-02
7.729033022013714893e-02
7.709200116164524608e-02
7.689484529247198052e-02
7.669885125630848677e-02
7.650400781951088858e-02
7.631030386975276580e-02
7.611772841469265083e-02
7.592627058065620771e-02
7.573591961133270545e-02
7.554666486648603518e-02
7.535849582067985497e-02
7.517140206201682051e-02
7.498537329089156878e-02
7.480039931875760717e-02
7.461647006690767803e-02
7.443357556526741803e-02
7.425170595120268724e-02
7.407085146833966571e-02
7.389100246539799521e-02
7.371214939503697994e-02
7.353428281271426337e-02
7.335739337555720330e-02
7.318147184124655646e-02
7.300650906691256992e-02
7.283249600804322932e-02
7.265942371740441441e-02
7.248728334397196160e-02
7.231606613187567534e-02
7.214576341935469150e-02
7.197636663772452592e-02
7.180786731035546100e-02
7.164025705166207625e-02
7.147352756610411695e-02
7.130767064719809034e-02
7.114267817653997794e-02
7.097854212283863373e-02
7.081525454095971561e-02
7.065280757098030273e-02
7.049119343725383791e-02
7.033040444748536735e-02
7.017043299181695282e-02
7.001127154192327007e-02
6.985291265011692174e-02
6.969534894846379780e-02
6.953857314790817812e-02
6.938257803740738305e-02
6.922735648307590250e-02
6.907290142733905902e-02
6.891920588809603843e-02
6.876626295789194099e-02
6.861406580309908909e-02
6.846260766310725832e-02
6.831188184952301234e-02
6.816188174537753108e-02
6.801260080434350097e-02
6.786403254996037360e-02
6.771617057486827018e-02
6.756900854005029600e-02
6.742254017408320921e-02
6.727675927239634701e-02
6.713165969653855925e-02
6.698723537345351031e-02
6.684348029476268327e-02
6.670038851605640529e-02
6.655795415619268629e-02
6.641617139660366265e-02
6.627503448060981239e-02
6.613453771274165061e-02
6.599467545806890489e-02
6.585544214153704612e-02
6.571683224731117434e-02
6.557884031812710734e-02
6.544146095464954682e-02
6.530468881483744714e-02
6.516851861331619811e-02
6.503294512075694089e-02
6.489796316326242043e-02
6.476356762175984605e-02
6.462975343140039963e-02
6.449651558096516912e-02
6.436384911227790995e-02
6.423174911962395428e-02
6.410021074917580941e-02
6.396922919842484845e-02
6.383879971561942646e-02
6.370891759920903341e-02
6.357957819729471993e-02
6.345077690708537943e-02
6.332250917436023363e-02
6.319477049293704962e-02
6.306755640414633823e-02
6.294086249631120067e-02
6.281468440423308708e-02
6.268901780868302298e-02
6.256385843589858109e-02
6.243920205708630017e-02
6.231504448792959949e-02
6.219138158810216116e-02
6.206820926078658596e-02
6.194552345219838524e-02
6.182332015111524637e-02
6.170159538841143293e-02
6.158034523659725035e-02
6.145956580936376423e-02
6.133925326113232740e-02
6.121940378660917920e-02
6.110001362034489514e-02
6.098107903629874232e-02
6.086259634740776026e-02
6.074456190516061560e-02
6.062697209917615460e-02
6.050982335678659063e-02
6.039311214262522987e-02
6.027683495821882509e-02
6.016098834158433578e-02
6.004556886683018457e-02
5.993057314376178113e-02
5.981599781749158407e-02
5.970183956805327763e-02
5.958809511002027826e-02
5.947476119212841139e-02
5.936183459690275166e-02
5.924931214028859167e-02
5.913719067128637985e-02
5.902546707159079392e-02
5.891413825523371395e-02
5.880320116823112980e-02
5.869265278823396909e-02
5.858249012418269286e-02
5.847271021596579105e-02
5.836331013408192769e-02
5.825428697930593036e-02
5.814563788235827674e-02
5.803736000357843233e-02
5.792945053260160210e-02
5.782190668803913192e-02
5.771472571716235178e-02
5.760790489559002026e-02
5.750144152697909961e-02
5.739533294271858405e-02
5.728957650162513904e-02
5.718416958964799013e-02
5.707910961957624735e-02
5.697439403073807640e-02
5.687002028871442766e-02
5.676598588505329251e-02
5.666228833698663814e-02
5.655892518715056883e-02
5.645589400330844332e-02
5.635319237807715625e-02
5.625081792865636865e-02
5.614876829656066659e-02
5.604704114735476611e-02
5.594563417039161157e-02
5.584454507855327043e-02
5.574377160799478398e-02
5.564331151789071728e-02
5.554316259018468593e-02
5.544332262934135308e-02
5.534378946210150030e-02
5.524456093723943695e-02
5.514563492532335853e-02
5.504700931847820999e-02
5.494868203015113722e-02
5.485065099487961005e-02
5.475291416806200157e-02
5.465546952573075573e-02
5.455831506432799044e-02
5.446144880048366804e-02
5.436486877079605567e-02
5.426857303161474605e-02
5.417255965882596114e-02
5.407682674764024977e-02
5.398137241238259304e-02
5.388619478628464687e-02
5.379129202127944098e-02
5.369666228779822886e-02
5.360230377456966233e-02
5.350821468842100609e-02
5.341439325408176703e-02
5.332083771398930111e-02
5.322754632809663378e-02
5.313451737368237587e-02
5.304174914516272821e-02
5.294923995390557470e-02
5.285698812804657393e-02
5.276499201230731156e-02
5.267324996781544422e-02
5.258176037192682090e-02
5.249052161804949879e-02
5.239953211546984763e-02
5.230879028918036105e-02
5.221829457970952881e-02
5.212804344295347836e-02
5.203803535000954550e-02
5.194826878701155198e-02
5.185874225496707457e-02
5.176945426959631696e-02
5.168040336117286915e-02
5.159158807436616673e-02
5.150300696808572665e-02
5.141465861532704129e-02
5.132654160301916568e-02
5.123865453187406716e-02
5.115099601623748077e-02
5.106356468394154802e-02
5.097635917615902373e-02
5.088937814725903730e-02
5.080262026466447062e-02
5.071608420871093204e-02
5.062976867250727764e-02
5.054367236179758971e-02
5.045779399482475808e-02
5.037213230219552557e-02
5.028668602674699062e-02
5.020145392341464341e-02
5.011643475910179668e-02
5.003162731255040435e-02
4.994703037421346914e-02
4.986264274612865754e-02
4.977846324179340670e-02
4.969449068604137737e-02
4.961072391492030859e-02
4.952716177557109356e-02
4.944380312610837519e-02
4.936064683550220322e-02
4.927769178346125961e-02
4.919493686031715940e-02
4.911238096691011162e-02
4.903002301447582922e-02
4.894786192453365326e-02
4.886589662877596080e-02
4.878412606895872472e-02
4.870254919679329469e-02
4.862116497383941333e-02
4.853997237139929394e-02
4.845897037041300287e-02
4.837815796135488955e-02
4.829753414413119617e-02
4.821709792797873595e-02
4.813684833136478575e-02
4.805678438188801943e-02
4.797690511618041970e-02
4.789720957981053601e-02
4.781769682718751274e-02
4.773836592146637331e-02
4.765921593445421323e-02
4.758024594651752426e-02
4.750145504649047612e-02
4.742284233158419737e-02
4.734440690729710410e-02
4.726614788732618616e-02
4.718806439347919546e-02
4.711015555558797918e-02
4.703242051142248609e-02
4.695485840660607729e-02
4.687746839453137832e-02
4.680024963627735235e-02
4.672320130052716458e-02
4.664632256348691386e-02
4.656961260880531500e-02
4.649307062749427621e-02
4.641669581785026755e-02
4.634048738537661222e-02
4.626444454270665224e-02
4.618856650952770510e-02
4.611285251250581835e-02
4.603730178521146105e-02
4.596191356804599920e-02
4.588668710816883045e-02
4.581162165942556652e-02
4.573671648227679160e-02
4.566197084372768805e-02
4.558738401725847406e-02
4.551295528275551422e-02
4.543868392644322823e-02
4.536456924081679054e-02
4.529061052457543368e-02
4.521680708255668840e-02
4.514315822567110947e-02
4.506966327083793133e-02
4.499632154092127190e-02
4.492313236466710658e-02
4.485009507664094314e-02
4.477720901716612800e-02
4.470447353226288112e-02
4.463188797358796228e-02
4.455945169837499664e-02
4.448716406937552187e-02
4.441502445480056266e-02
4.434303222826292690e-02
4.427118676872018183e-02
4.419948746041806736e-02
4.412793369283478373e-02
4.405652486062563294e-02
4.398526036356848606e-02
4.391413960650970144e-02
4.384316199931068830e-02
4.377232695679508095e-02
4.370163389869643339e-02
4.363108224960648290e-02
4.356067143892410759e-02
4.349040090080465853e-02
4.342027007410995121e-02
4.335027840235883972e-02
4.328042533367820743e-02
4.321071032075463059e-02
4.314113282078643752e-02
4.307169229543641314e-02
4.300238821078495449e-02
4.293322003728375358e-02
4.286418724970996602e-02
4.279528932712095557e-02
4.272652575280936477e-02
4.265789601425895583e-02
4.258939960310060419e-02
4.252103601506906222e-02
4.245280474995998671e-02
4.238470531158757687e-02
4.231673720774257325e-02
4.224889995015081168e-02
4.218119305443214506e-02
4.211361604005987164e-02
4.204616843032054491e-02
4.197884975227429011e-02
4.191165953671557864e-02
4.184459731813425926e-02
4.177766263467722757e-02
4.171085502811038709e-02
4.164417404378108895e-02
4.157761923058088394e-02
4.151119014090883658e-02
4.144488633063509592e-02
4.137870735906495206e-02
4.131265278890320497e-02
4.124672218621902586e-02
4.118091512041113789e-02
4.111523116417338530e-02
4.104966989346062189e-02
4.098423088747462500e-02
4.091891372865330556e-02
4.085371800248155383e-02
4.078864329759408075e-02
4.072368920575322043e-02
4.065885532178568906e-02
4.059414124355101294e-02
4.052954657191046306e-02
4.046507091069605905e-02
4.040071386668016989e-02
4.033647504954527424e-02
4.027235407185411620e-02
4.020835054902017341e-02
4.014446409927849291e-02
4.008069434365671424e-02
4.001704090594655761e-02
3.995350341267561028e-02
3.989008149307923107e-02
3.982677477907303060e-02
3.976358290522544886e-02
3.970050550873077677e-02
3.963754222938230265e-02
3.957469270954593749e-02
3.951195659413396510e-02
3.944933353057921560e-02
3.938682316880941225e-02
3.932442516122187925e-02
3.926213916265839515e-02
3.919996483038055979e-02
3.913790182404514040e-02
3.907594980567991733e-02
3.901410843965962688e-02
3.895237739268232052e-02
3.889075633374584201e-02
3.882924493412464456e-02
3.876784286734681617e-02
3.870654980917140331e-02
3.864536543756592196e-02
3.858428943268414624e-02
3.852332147684416064e-02
3.846246125450659276e-02
3.840170845225310964e-02
3.834106275876521253e-02
3.828052386480312180e-02
3.822009146318502276e-02
3.815976524876645709e-02
3.809954491842000579e-02
3.803943017101511781e-02
3.797942070739816767e-02
3.791951623037284613e-02
3.785971644468057173e-02
3.780002105698129083e-02
3.774042977583434016e-02
3.768094231167967018e-02
3.762155837681911696e-02
3.756227768539797951e-02
3.750309995338679120e-02
3.744402489856320931e-02
3.738505224049418901e-02
3.732618170051833079e-02
3.726741300172838056e-02
3.720874586895393799e-02
3.715018002874442143e-02
3.709171520935203303e-02
3.703335114071518164e-02
3.697508755444180173e-02
3.691692418379307478e-02
3.685886076366719222e-02
3.680089703058331274e-02
3.674303272266581100e-02
3.668526757962851936e-02
3.662760134275926116e-02
3.657003375490450181e-02
3.651256456045420817e-02
3.645519350532680503e-02
3.639792033695435358e-02
3.634074480426786186e-02
3.628366665768278237e-02
3.622668564908461397e-02
3.616980153181469787e-02
3.611301406065618724e-02
3.605632299182008615e-02
3.599972808293157994e-02
3.594322909301629621e-02
3.588682578248698907e-02
3.583051791313012630e-02
3.577430524809275397e-02
3.571818755186942362e-02
3.566216459028941077e-02
3.560623613050382247e-02
3.555040194097307954e-02
3.549466179145441269e-02
3.543901545298951128e-02
3.538346269789234555e-02
3.532800329973703052e-02
3.527263703334593270e-02
3.521736367477781848e-02
3.516218300131616903e-02
3.510709479145762701e-02
3.505209882490054746e-02
3.499719488253365957e-02
3.494238274642489511e-02
3.488766219981029315e-02
3.483303302708304350e-02
3.477849501378268288e-02
3.472404794658429800e-02
3.466969161328797844e-02
3.461542580280831116e-02
3.456125030516398605e-02
3.450716491146750553e-02
3.445316941391508153e-02
3.439926360577652553e-02
3.434544728138533981e-02
3.429172023612886422e-02
3.423808226643855479e-02
3.418453316978035256e-02
3.413107274464514257e-02
3.407770079053936557e-02
3.402441710797567131e-02
3.397122149846370370e-02
3.391811376450096227e-02
3.386509370956383713e-02
3.381216113809858842e-02
3.375931585551258940e-02
3.370655766816554183e-02
3.365388638336087174e-02
3.360130180933711824e-02
3.354880375525953751e-02
3.349639203121167891e-02
3.344406644818713470e-02
3.339182681808133130e-02
3.333967295368343159e-02
3.328760466866830664e-02
3.323562177758861841e-02
3.318372409586692329e-02
3.313191143978799769e-02
3.308018362649105260e-02
3.302854047396220488e-02
3.297698180102691390e-02
3.292550742734254993e-02
3.287411717339105977e-02
3.282281086047166702e-02
3.277158831069361400e-02
3.272044934696916041e-02
3.266939379300638768e-02
3.261842147330230868e-02
3.256753221313595653e-02
3.251672583856150822e-02
3.246600217640156077e-02
3.241536105424046299e-02
3.236480230041764022e-02
3.231432574402110652e-02
3.226393121488096982e-02
3.221361854356299959e-02
3.216338756136232629e-02
3.211323810029714093e-02
3.206316999310247773e-02
3.201318307322414264e-02
3.196327717481254466e-02
3.191345213271673531e-02
3.186370778247847591e-02
3.181404396032629089e-02
3.176446050316972247e-02
3.171495724859350190e-02
3.166553403485186657e-02
3.161619070086296029e-02
3.156692708620321280e-02
3.151774303110180253e-02
3.146863837643523037e-02
3.141961296372188656e-02
3.137066663511672848e-02
3.132179923340593086e-02
3.127301060200173011e-02
3.122430058493717506e-02
3.117566902686101649e-02
3.112711577303263824e-02
3.107864066931703348e-02
3.103024356217983643e-02
3.098192429868240963e-02
3.093368272647695205e-02
3.088551869380173551e-02
3.083743204947628908e-02
3.078942264289671882e-02
3.074149032403102055e-02
3.069363494341448284e-02
3.064585635214512119e-02
3.059815440187911920e-02
3.055052894482641196e-02
3.050297983374622088e-02
3.045550692194268910e-02
3.040811006326054125e-02
3.036078911208079864e-02
3.031354392331652575e-02
3.026637435240864260e-02
3.021928025532176487e-02
3.017226148854007875e-02
3.012531790906328860e-02
3.007844937440257854e-02
3.003165574257662604e-02
2.998493687210763980e-02
2.993829262201750524e-02
2.989172285182386049e-02
2.984522742153632169e-02
2.979880619165265962e-02
2.975245902315508742e-02
2.970618577750652051e-02
2.965998631664695448e-02
2.961386050298978403e-02
2.956780819941824331e-02
2.952182926928184972e-02
2.947592357639285468e-02
2.943009098502280541e-02
2.938433135989906506e-02
2.933864456620140573e-02
2.929303046955864659e-02
2.924748893604530234e-02
2.920201983217826994e-02
2.915662302491357424e-02
2.911129838164310674e-02
2.906604577019143709e-02
2.902086505881262476e-02
2.897575611618707914e-02
2.893071881141847865e-02
2.888575301403064136e-02
2.884085859396452040e-02
2.879603542157518903e-02
2.875128336762882222e-02
2.870660230329977886e-02
2.866199210016766655e-02
2.861745263021444122e-02
2.857298376582154825e-02
2.852858537976708450e-02
2.848425734522300537e-02
2.843999953575233192e-02
2.839581182530639264e-02
2.835169408822213466e-02
2.830764619921939326e-02
2.826366803339824471e-02
2.821975946623637641e-02
2.817592037358643969e-02
2.813215063167350330e-02
2.808845011709245124e-02
2.804481870680548133e-02
2.800125627813958643e-02
2.795776270878406328e-02
2.791433787678805623e-02
2.787098166055812162e-02
2.782769393885582698e-02
2.778447459079536053e-02
2.774132349584115115e-02
2.769824053380557163e-02
2.765522558484657251e-02
2.761227852946543382e-02
2.756939924850446491e-02
2.752658762314478744e-02
2.748384353490408369e-02
2.744116686563442473e-02
2.739855749752004646e-02
2.735601531307524023e-02
2.731354019514218440e-02
2.727113202688885227e-02
2.722879069180688880e-02
2.718651607370956014e-02
2.714430805672970320e-02
2.710216652531766829e-02
2.706009136423932412e-02
2.701808245857407337e-02
2.697613969371285420e-02
2.693426295535620782e-02
2.689245212951234254e-02
2.685070710249520126e-02
2.680902776092258105e-02
2.676741399171425270e-02
2.672586568209010111e-02
2.668438271956827604e-02
2.664296499196337764e-02
2.660161238738464537e-02
2.656032479423417469e-02
2.651910210120514422e-02
2.647794419728006013e-02
2.643685097172902149e-02
2.639582231410801325e-02
2.635485811425717848e-02
2.631395826229913915e-02
2.627312264863736549e-02
2.623235116395445168e-02
2.619164369921054072e-02
2.615100014564167297e-02
2.611042039475817977e-02
2.606990433834310839e-02
2.602945186845063291e-02
2.598906287740449655e-02
2.594873725779646076e-02
2.590847490248479601e-02
2.586827570459274833e-02
2.582813955750703008e-02
2.578806635487635585e-02
2.574805599060994363e-02
2.570810835887610279e-02
2.566822335410071793e-02
2.562840087096587491e-02
2.558864080440843847e-02
2.554894304961860887e-02
2.550930750203857580e-02
2.546973405736110974e-02
2.543022261152822275e-02
2.539077306072979462e-02
2.535138530140223709e-02
2.531205923022719628e-02
2.527279474413019617e-02
2.523359174027935137e-02
2.519445011608410431e-02
2.515536976919390683e-02
2.511635059749697460e-02
2.507739249911905208e-02
2.503849537242213569e-02
2.499965911600325955e-02
2.496088362869327421e-02
2.492216880955564970e-02
2.488351455788526817e-02
2.484492077320722692e-02
2.480638735527570735e-02
2.476791420407275027e-02
2.472950121980713525e-02
2.469114830291326348e-02
2.465285535404997466e-02
2.461462227409946107e-02
2.457644896416613656e-02
2.453833532557556096e-02
2.450028125987331606e-02
2.446228666882394390e-02
2.442435145440987471e-02
2.438647551883037223e-02
2.434865876450044778e-02
2.431090109404987140e-02
2.427320241032209294e-02
2.423556261637324280e-02
2.419798161547109458e-02
2.416045931109409711e-02
2.412299560693034056e-02
2.408559040687660233e-02
2.404824361503732355e-02
2.401095513572368279e-02
2.397372487345263148e-02
2.393655273294590172e-02
2.389943861912910417e-02
2.386238243713077051e-02
2.382538409228144097e-02
2.378844349011272064e-02
2.375156053635641210e-02
2.371473513694354399e-02
2.367796719800354874e-02
2.364125662586332235e-02
2.360460332704637440e-02
2.356800720827194329e-02
2.353146817645412545e-02
2.349498613870104960e-02
2.345856100231398164e-02
2.342219267478651279e-02
2.338588106380372345e-02
2.334962607724135400e-02
2.331342762316495829e-02
2.327728560982914030e-02
2.324119994567670072e-02
2.320517053933786322e-02
2.316919729962946956e-02
2.313328013555421628e-02
2.309741895629983249e-02
2.306161367123835820e-02
2.302586418992533246e-02
2.299017042209907172e-02
2.295453227767989268e-02
2.291894966676936637e-02
2.288342249964958261e-02
2.284795068678243529e-02
2.281253413880885220e-02
2.277717276654811149e-02
2.274186648099710620e-02
2.270661519332962952e-02
2.267141881489569133e-02
2.263627725722080347e-02
2.260119043200528935e-02
2.256615825112360738e-02
2.253118062662364321e-02
2.249625747072607485e-02
2.246138869582366138e-02
2.242657421448059768e-02
2.239181393943187603e-02
2.235710778358257836e-02
2.232245566000728293e-02
2.228785748194938784e-02
2.225331316282048999e-02
2.221882261619972931e-02
2.218438575583319208e-02
2.215000249563326210e-02
2.211567274967801700e-02
2.208139643221061418e-02
2.204717345763867326e-02
2.201300374053367925e-02
2.197888719563038593e-02
2.194482373782622245e-02
2.191081328218070015e-02
2.187685574391481230e-02
2.184295103841050328e-02
2.180909908121003368e-02
2.177529978801545640e-02
2.174155307468801646e-02
2.170785885724760278e-02
2.167421705187220354e-02
2.164062757489732675e-02
2.160709034281546592e-02
2.157360527227556932e-02
2.154017228008245355e-02
2.150679128319632830e-02
2.147346219873220649e-02
2.144018494395941860e-02
2.140695943630105402e-02
2.137378559333346847e-02
2.134066333278576352e-02
2.130759257253924538e-02
2.127457323062695652e-02
2.124160522523313444e-02
2.120868847469273635e-02
2.117582289749092572e-02
2.114300841226258651e-02
2.111024493779183747e-02
2.107753239301153256e-02
2.104487069700276825e-02
2.101225976899445680e-02
2.097969952836277116e-02
2.094718989463073902e-02
2.091473078746772934e-02
2.088232212668903603e-02
2.084996383225535405e-02
2.081765582427235611e-02
2.078539802299024172e-02
2.075319034880327568e-02
2.072103272224931972e-02
2.068892506400942313e-02
2.065686729490734050e-02
2.062485933590913617e-02
2.059290110812269856e-02
2.056099253279734806e-02
2.052913353132337221e-02
2.049732402523162661e-02
2.046556393619309439e-02
2.043385318601846981e-02
2.040219169665773158e-02
2.037057939019974034e-02
2.033901618887180851e-02
2.030750201503930125e-02
2.027603679120523056e-02
2.024462044000984590e-02
2.021325288423022476e-02
2.018193404677989453e-02
2.015066385070840571e-02
2.011944221920096074e-02
2.008826907557803229e-02
2.005714434329493312e-02
2.002606794594146214e-02
1.999503980724152627e-02
1.996405985105273104e-02
1.993312800136603016e-02
1.990224418230532658e-02
1.987140831812711159e-02
1.984062033322009019e-02
1.980988015210481679e-02
1.977918769943332045e-02
1.974854289998874760e-02
1.971794567868499770e-02
1.968739596056635205e-02
1.965689367080714414e-02
1.962643873471138847e-02
1.959603107771240582e-02
1.956567062537252141e-02
1.953535730338266940e-02
1.950509103756208062e-02
1.947487175385792177e-02
1.944469937834494497e-02
1.941457383722517901e-02
1.938449505682756160e-02
1.935446296360761667e-02
1.932447748414711786e-02
1.929453854515376585e-02
1.926464607346082755e-02
1.923479999602686549e-02
1.920500023993535962e-02
1.917524673239439856e-02
1.914553940073637425e-02
1.911587817241764548e-02
1.908626297501822555e-02
1.905669373624146665e-02
1.902717038391373711e-02
1.899769284598413349e-02
1.896826105052414405e-02
1.893887492572733297e-02
1.890953439990908022e-02
1.888023940150622762e-02
1.885098985907680130e-02
1.882178570129969947e-02
1.879262685697439747e-02
1.876351325502065293e-02
1.873444482447818998e-02
1.870542149450644259e-02
1.867644319438422143e-02
1.864750985350945023e-02
1.861862140139883964e-02
1.858977776768766174e-02
1.856097888212939612e-02
1.853222467459549050e-02
1.850351507507505197e-02
1.847485001367457635e-02
1.844622942061767759e-02
1.841765322624477202e-02
1.838912136101285982e-02
1.836063375549517804e-02
1.833219034038099243e-02
1.830379104647527830e-02
1.827543580469847759e-02
1.824712454608621096e-02
1.821885720178901408e-02
1.819063370307208091e-02
1.816245398131497227e-02
1.813431796801138682e-02
1.810622559476886620e-02
1.807817679330854521e-02
1.805017149546490549e-02
1.802220963318549099e-02
1.799429113853066517e-02
1.796641594367335767e-02
1.793858398089879375e-02
1.791079518260425829e-02
1.788304948129883221e-02
1.785534680960314258e-02
1.782768710024911288e-02
1.780007028607972705e-02
1.777249630004875888e-02
1.774496507522052569e-02
1.771747654476968012e-02
1.769003064198092917e-02
1.766262730024879823e-02
1.763526645307739865e-02
1.760794803408018139e-02
1.758067197697969763e-02
1.755343821560736636e-02
1.752624668390323145e-02
1.749909731591572232e-02
1.747199004580142490e-02
1.744492480782485269e-02
1.741790153635820043e-02
1.739092016588113590e-02
1.736398063098053279e-02
1.733708286635027990e-02
1.731022680679102435e-02
1.728341238720996695e-02
1.725663954262061234e-02
1.722990820814256779e-02
1.720321831900128995e-02
1.717656981052790091e-02
1.714996261815893153e-02
1.712339667743610627e-02
1.709687192400613856e-02
1.707038829362049828e-02
1.704394572213521405e-02
1.701754414551061648e-02
1.699118349981114037e-02
1.696486372120514091e-02
1.693858474596463687e-02
1.691234651046510593e-02
1.688614895118528345e-02
1.685999200470694043e-02
1.683387560771468922e-02
1.680779969699574411e-02
1.678176420943975136e-02
1.675576908203853937e-02
1.672981425188594176e-02
1.670389965617757530e-02
1.667802523221063871e-02
1.665219091738371140e-02
1.662639664919655230e-02
1.660064236524987774e-02
1.657492800324518109e-02
1.654925350098452111e-02
1.652361879637032419e-02
1.649802382740516923e-02
1.647246853219162116e-02
1.644695284893201229e-02
1.642147671592823419e-02
1.639604007158155033e-02
1.637064285439242609e-02
1.634528500296028933e-02
1.631996645598336043e-02
1.629468715225846145e-02
1.626944703068081491e-02
1.624424603024384947e-02
1.621908409003901611e-02
1.619396114925559377e-02
1.616887714718050206e-02
1.614383202319810348e-02
1.611882571679002646e-02
1.609385816753497456e-02
1.606892931510852177e-02
1.604403909928295291e-02
1.601918745992707629e-02
1.599437433700600167e-02
1.596959967058100838e-02
1.594486340080931985e-02
1.592016546794394055e-02
1.589550581233347207e-02
1.587088437442192926e-02
1.584630109474855289e-02
1.582175591394764658e-02
1.579724877274836861e-02
1.577277961197457931e-02
1.574834837254465714e-02
1.572395499547130440e-02
1.569959942186139462e-02
1.567528159291577822e-02
1.565100144992911252e-02
1.562675893428967441e-02
1.560255398747922156e-02
1.557838655107276690e-02
1.555425656673844158e-02
1.553016397623731976e-02
1.550610872142322606e-02
1.548209074424257946e-02
1.545810998673421977e-02
1.543416639102922899e-02
1.541025989935077868e-02
1.538639045401393908e-02
1.536255799742552303e-02
1.533876247208391941e-02
1.531500382057890929e-02
1.529128198559152191e-02
1.526759690989384563e-02
1.524394853634887699e-02
1.522033680791035071e-02
1.519676166762256447e-02
1.517322305862023671e-02
1.514972092412831400e-02
1.512625520746183581e-02
1.510282585202574364e-02
1.507943280131474398e-02
1.505607599891312966e-02
1.503275538849462543e-02
1.500947091382221800e-02
1.498622251874801026e-02
1.496301014721304959e-02
1.493983374324716999e-02
1.491669325096883596e-02
1.489358861458498287e-02
1.487051977839085916e-02
1.484748668676986148e-02
1.482448928419339250e-02
1.480152751522069085e-02
1.477860132449868025e-02
1.475571065676181334e-02
1.473285545683191387e-02
1.471003566961802574e-02
1.468725124011625166e-02
1.466450211340961617e-02
1.464178823466788688e-02
1.461910954914744099e-02
1.459646600219110558e-02
1.457385753922800509e-02
1.455128410577341026e-02
1.452874564742858907e-02
1.450624210988064704e-02
1.448377343890239720e-02
1.446133958035218138e-02
1.443894048017374532e-02
1.441657608439607212e-02
1.439424633913324349e-02
1.437195119058429921e-02
1.434969058503306194e-02
1.432746446884801753e-02
1.430527278848215018e-02
1.428311549047280894e-02
1.426099252144156018e-02
1.423890382809401244e-02
1.421684935721972097e-02
1.419482905569200218e-02
1.417284287046781041e-02
1.415089074858757665e-02
1.412897263717508532e-02
1.410708848343731475e-02
1.408523823466429313e-02
1.406342183822897017e-02
1.404163924158705924e-02
1.401989039227690727e-02
1.399817523791934727e-02
1.397649372621754919e-02
1.395484580495689325e-02
1.393323142200482770e-02
1.391165052531071096e-02
1.389010306290569714e-02
1.386858898290258164e-02
1.384710823349565890e-02
1.382566076296059231e-02
1.380424651965427886e-02
1.378286545201469482e-02
1.376151750856077424e-02
1.374020263789226502e-02
1.371892078868958663e-02
1.369767190971371042e-02
1.367645594980599656e-02
1.365527285788808477e-02
1.363412258296174510e-02
1.361300507410874092e-02
1.359192028049070050e-02
1.357086815134897831e-02
1.354984863600452137e-02
1.352886168385773573e-02
1.350790724438835459e-02
1.348698526715529956e-02
1.346609570179655400e-02
1.344523849802902599e-02
1.342441360564841472e-02
1.340362097452908567e-02
1.338286055462392828e-02
1.336213229596423628e-02
1.334143614865956375e-02
1.332077206289760882e-02
1.330013998894406628e-02
1.327953987714251480e-02
1.325897167791426773e-02
1.323843534175826904e-02
1.321793081925093545e-02
1.319745806104604541e-02
1.317701701787461245e-02
1.315660764054473950e-02
1.313622987994151128e-02
1.311588368702685040e-02
1.309556901283940276e-02
1.307528580849439542e-02
1.305503402518352202e-02
1.303481361417481270e-02
1.301462452681250923e-02
1.299446671451693139e-02
1.297434012878435905e-02
1.295424472118690377e-02
1.293418044337238566e-02
1.291414724706420672e-02
1.289414508406122248e-02
1.287417390623762231e-02
1.285423366554280973e-02
1.283432431400126014e-02
1.281444580371242196e-02
1.279459808685058132e-02
1.277478111566472674e-02
1.275499484247845546e-02
1.273523921968981731e-02
1.271551419977122455e-02
1.269581973526930779e-02
1.267615577880479294e-02
1.265652228307240224e-02
1.263691920084071378e-02
1.261734648495204010e-02
1.259780408832231538e-02
1.257829196394098098e-02
1.255881006487084318e-02
1.253935834424797433e-02
1.251993675528158614e-02
1.250054525125391010e-02
1.248118378552007419e-02
1.246185231150799197e-02
1.244255078271824105e-02
1.242327915272393828e-02
1.240403737517063211e-02
1.238482540377617430e-02
1.236564319233061232e-02
1.234649069469606446e-02
1.232736786480660880e-02
1.230827465666815834e-02
1.228921102435834994e-02
1.227017692202642812e-02
1.225117230389312709e-02
1.223219712425055276e-02
1.221325133746207527e-02
1.219433489796220051e-02
1.217544776025646439e-02
1.215658987892131830e-02
1.213776120860400945e-02
1.211896170402246807e-02
1.210019131996518948e-02
1.208145001129113522e-02
1.206273773292959421e-02
1.204405443988009090e-02
1.202540008721226031e-02
1.200677463006574221e-02
1.198817802365005798e-02
1.196961022324451347e-02
1.195107118419806540e-02
1.193256086192922595e-02
1.191407921192595004e-02
1.189562618974551733e-02
1.187720175101441254e-02
1.185880585142823698e-02
1.184043844675157671e-02
1.182209949281789844e-02
1.180378894552944376e-02
1.178550676085711110e-02
1.176725289484035000e-02
1.174902730358705003e-02
1.173082994327342976e-02
1.171266077014392407e-02
1.169451974051108692e-02
1.167640681075546132e-02
1.165832193732549427e-02
1.164026507673740843e-02
1.162223618557510670e-02
1.160423522049005250e-02
1.158626213820117615e-02
1.156831689549474990e-02
1.155039944922429083e-02
1.153250975631045158e-02
1.151464777374091100e-02
1.149681345857027359e-02
1.147900676791994458e-02
1.146122765897805013e-02
1.144347608899930722e-02
1.142575201530493176e-02
1.140805539528252054e-02
1.139038618638595762e-02
1.137274434613530158e-02
1.135512983211667964e-02
1.133754260198218192e-02
1.131998261344976421e-02
1.130244982430313357e-02
1.128494419239164069e-02
1.126746567563019497e-02
1.125001423199913086e-02
1.123258981954413163e-02
1.121519239637610611e-02
1.119782192067109682e-02
1.118047835067016889e-02
1.116316164467930951e-02
1.114587176106932032e-02
1.112860865827572897e-02
1.111137229479866075e-02
1.109416262920276397e-02
1.107697962011708684e-02
1.105982322623498722e-02
1.104269340631402335e-02
1.102559011917584979e-02
1.100851332370612889e-02
1.099146297885441464e-02
1.097443904363406414e-02
1.095744147712211965e-02
1.094047023845922360e-02
1.092352528684951279e-02
1.090660658156051427e-02
1.088971408192304646e-02
1.087284774733112205e-02
1.085600753724184388e-02
1.083919341117530605e-02
1.082240532871449508e-02
1.080564324950519274e-02
1.078890713325586850e-02
1.077219693973759281e-02
1.075551262878392256e-02
1.073885416029082135e-02
1.072222149421653975e-02
1.070561459058153031e-02
1.068903340946834868e-02
1.067247791102155126e-02
1.065594805544759979e-02
1.063944380301476075e-02
1.062296511405300993e-02
1.060651194895393182e-02
1.059008426817063288e-02
1.057368203221762878e-02
1.055730520167076116e-02
1.054095373716708653e-02
1.052462759940480004e-02
1.050832674914311746e-02
1.049205114720219018e-02
1.047580075446300982e-02
1.045957553186731108e-02
1.044337544041746939e-02
1.042720044117641590e-02
1.041105049526753167e-02
1.039492556387456614e-02
1.037882560824152436e-02
1.036275058967258550e-02
1.034670046953200043e-02
1.033067520924400504e-02
1.031467477029272307e-02
1.029869911422206206e-02
1.028274820263563004e-02
1.026682199719664013e-02
1.025092045962781688e-02
1.023504355171129566e-02
1.021919123528853592e-02
1.020336347226023441e-02
1.018756022458621249e-02
1.017178145428534151e-02
1.015602712343544392e-02
1.014029719417318919e-02
1.012459162869403136e-02
1.010891038925207895e-02
1.009325343816003077e-02
1.007762073778907010e-02
1.006201225056878312e-02
1.004642793898705144e-02
1.003086776558997570e-02
1.001533169298178191e-02
9.999819683824717406e-03
9.984331700838977933e-03
9.968867706802603604e-03
9.953427664551393883e-03
9.938011536978813912e-03
9.922619287035904304e-03
9.907250877731196143e-03
9.891906272130617309e-03
9.876585433357395333e-03
9.861288324591979335e-03
9.846014909071939408e-03
9.830765150091897234e-03
9.815539011003402911e-03
9.800336455214872511e-03
9.785157446191497868e-03
9.770001947455142499e-03
9.754869922584265274e-03
9.739761335213825005e-03
9.724676149035197184e-03
9.709614327796082037e-03
9.694575835300416056e-03
9.679560635408286998e-03
9.664568692035843678e-03
9.649599969155209234e-03
9.634654430794394389e-03
9.619732041037202044e-03
9.604832764023152683e-03
9.589956563947385493e-03
9.575103405060583772e-03
9.560273251668874317e-03
9.545466068133751092e-03
9.530681818871981556e-03
9.515920468355525130e-03
9.501181981111446462e-03
9.486466321721825218e-03
9.471773454823672819e-03
9.457103345108845704e-03
9.442455957323965532e-03
9.427831256270322036e-03
9.413229206803800167e-03
9.398649773834776011e-03
9.384092922328054337e-03
9.369558617302773187e-03
9.355046823832317143e-03
9.340557507044234056e-03
9.326090632120144844e-03
9.311646164295668895e-03
9.297224068860340807e-03
9.282824311157513233e-03
9.268446856584287505e-03
9.254091670591418212e-03
9.239758718683228206e-03
9.225447966417542681e-03
9.211159379405585088e-03
9.196892923311906012e-03
9.182648563854289500e-03
9.168426266803688870e-03
9.154225997984115695e-03
9.140047723272587757e-03
9.125891408599019761e-03
9.111757019946155681e-03
9.097644523349487228e-03
9.083553884897158440e-03
9.069485070729899762e-03
9.055438047040934371e-03
9.041412780075903585e-03
9.027409236132776654e-03
9.013427381561777904e-03
8.999467182765303469e-03
8.985528606197829352e-03
8.971611618365850707e-03
8.957716185827777761e-03
8.943842275193876826e-03
8.929989853126167956e-03
8.916158886338353823e-03
8.902349341595755527e-03
8.888561185715201582e-03
8.874794385564968927e-03
8.861048908064697929e-03
8.847324720185303915e-03
8.833621788948909509e-03
8.819940081428761375e-03
8.806279564749145208e-03
8.792640206085304208e-03
8.779021972663380094e-03
8.765424831760303820e-03
8.751848750703738328e-03
8.738293696871997016e-03
8.724759637693950062e-03
8.711246540648963713e-03
8.697754373266804867e-03
8.684283103127587305e-03
8.670832697861664135e-03
8.657403125149565337e-03
8.643994352721919711e-03
8.630606348359376803e-03
8.617239079892518444e-03
8.603892515201799762e-03
8.590566622217448572e-03
8.577261368919409865e-03
8.563976723337257332e-03
8.550712653550115311e-03
8.537469127686580714e-03
8.524246113924653645e-03
8.511043580491654131e-03
8.497861495664152734e-03
8.484699827767880342e-03
8.471558545177658786e-03
8.458437616317331445e-03
8.445337009659681718e-03
8.432256693726349756e-03
8.419196637087764806e-03
8.406156808363067154e-03
8.393137176220033524e-03
8.380137709374999022e-03
8.367158376592782540e-03
8.354199146686612162e-03
8.341259988518048840e-03
8.328340870996908327e-03
8.315441763081196994e-03
8.302562633777023360e-03
8.289703452138526968e-03
8.276864187267810730e-03
8.264044808314855925e-03
8.251245284477458017e-03
8.238465585001150324e-03
8.225705679179119018e-03
8.212965536352138940e-03
8.200245125908500743e-03
8.187544417283931092e-03
8.174863379961523277e-03
8.162201983471655681e-03
8.149560197391936267e-03
8.136937991347107171e-03
8.124335335008987455e-03
8.111752198096386368e-03
8.099188550375049575e-03
8.086644361657562008e-03
8.074119601803299295e-03
8.061614240718330618e-03
8.049128248355373605e-03
8.036661594713693721e-03
8.024214249839053958e-03
8.011786183823626367e-03
7.999377366805936543e-03
7.986987768970773421e-03
7.974617360549135503e-03
7.962266111818140646e-03
7.949933993100972290e-03
7.937620974766790988e-03
7.925327027230677154e-03
7.913052120953551274e-03
7.900796226442106246e-03
7.888559314248732787e-03
7.876341354971455253e-03
7.864142319253857039e-03
7.851962177784999053e-03
7.839800901299367672e-03
7.827658460576796678e-03
7.815534826442392669e-03
7.803429969766464795e-03
7.791343861464464053e-03
7.779276472496904349e-03
7.767227773869292244e-03
7.755197736632059302e-03
7.743186331880497902e-03
7.731193530754681444e-03
7.719219304439401026e-03
7.707263624164096931e-03
7.695326461202780556e-03
7.683407786873979774e-03
7.671507572540655663e-03
7.659625789610141795e-03
7.647762409534073977e-03
7.635917403808316524e-03
7.624090743972900680e-03
7.612282401611955227e-03
7.600492348353629288e-03
7.588720555870035953e-03
7.576966995877174212e-03
7.565231640134869109e-03
7.553514460446695417e-03
7.541815428659919517e-03
7.530134516665418741e-03
7.518471696397625859e-03
7.506826939834456217e-03
7.495200218997237485e-03
7.483591505950648939e-03
7.472000772802647739e-03
7.460427991704404738e-03
7.448873134850240302e-03
7.437336174477548849e-03
7.425817082866743336e-03
7.414315832341175465e-03
7.402832395267084503e-03
7.391366744053513155e-03
7.379918851152257250e-03
7.368488689057789420e-03
7.357076230307197512e-03
7.345681447480112598e-03
7.334304313198651733e-03
7.322944800127345090e-03
7.311602880973073516e-03
7.300278528485000876e-03
7.288971715454507262e-03
7.277682414715130020e-03
7.266410599142490018e-03
7.255156241654233534e-03
7.243919315209959402e-03
7.232699792811162626e-03
7.221497647501159793e-03
7.210312852365032693e-03
7.199145380529559796e-03
7.187995205163152067e-03
7.176862299475787917e-03
7.165746636718948147e-03
7.154648190185551766e-03
7.143566933209895276e-03
7.132502839167579808e-03
7.121455881475459090e-03
7.110426033591565713e-03
7.099413269015050418e-03
7.088417561286120515e-03
7.077438883985972227e-03
7.066477210736730845e-03
7.055532515201383068e-03
7.044604771083715425e-03
7.033693952128256162e-03
7.022800032120204115e-03
7.011922984885366264e-03
7.001062784290103085e-03
6.990219404241256561e-03
6.979392818686092070e-03
6.968583001612231598e-03
6.957789927047597356e-03
6.947013569060346734e-03
6.936253901758803776e-03
6.925510899291407139e-03
6.914784535846637235e-03
6.904074785652966791e-03
6.893381622978787988e-03
6.882705022132352621e-03
6.872044957461716577e-03
6.861401403354667854e-03
6.850774334238676246e-03
6.840163724580822224e-03
6.829569548887739691e-03
6.818991781705557864e-03
6.808430397619831889e-03
6.797885371255488196e-03
6.787356677276762049e-03
6.776844290387139431e-03
6.766348185329285059e-03
6.755868336884994670e-03
6.745404719875128241e-03
6.734957309159551007e-03
6.724526079637071878e-03
6.714111006245380119e-03
6.703712063960993311e-03
6.693329227799189700e-03
6.682962472813950942e-03
6.672611774097901398e-03
6.662277106782250012e-03
6.651958446036727000e-03
6.641655767069527469e-03
6.631369045127248965e-03
6.621098255494834231e-03
6.610843373495513091e-03
6.600604374490737399e-03
6.590381233880127261e-03
6.580173927101410324e-03
6.569982429630360186e-03
6.559806716980741761e-03
6.549646764704248822e-03
6.539502548390446757e-03
6.529374043666713590e-03
6.519261226198182733e-03
6.509164071687677938e-03
6.499082555875667321e-03
6.489016654540192240e-03
6.478966343496816993e-03
6.468931598598568096e-03
6.458912395735874439e-03
6.448908710836513507e-03
6.438920519865548066e-03
6.428947798825274118e-03
6.418990523755160188e-03
6.409048670731789209e-03
6.399122215868802144e-03
6.389211135316837271e-03
6.379315405263480745e-03
6.369435001933201543e-03
6.359569901587294218e-03
6.349720080523831196e-03
6.339885515077594257e-03
6.330066181620021618e-03
6.320262056559157633e-03
6.310473116339585138e-03
6.300699337442377743e-03
6.290940696385035648e-03
6.281197169721435339e-03
6.271468734041774941e-03
6.261755365972504830e-03
6.252057042176292073e-03
6.242373739351943229e-03
6.232705434234361852e-03
6.223052103594489508e-03
6.213413724239247662e-03
6.203790273011482170e-03
6.194181726789914702e-03
6.184588062489072488e-03
6.175009257059247553e-03
6.165445287486433397e-03
6.155896130792271222e-03
6.146361764033994417e-03
6.136842164304378254e-03
6.127337308731673968e-03
6.117847174479565386e-03
6.108371738747104748e-03
6.098910978768664996e-03
6.089464871813883400e-03
6.080033395187603440e-03
6.070616526229821036e-03
6.061214242315632501e-03
6.051826520855181635e-03
6.042453339293599873e-03
6.033094675110956852e-03
6.023750505822202291e-03
6.014420808977116555e-03
6.005105562160252541e-03
5.995804742990883639e-03
5.986518329122951683e-03
5.977246298245009713e-03
5.967988628080169930e-03
5.958745296386049051e-03
5.949516280954718003e-03
5.940301559612645547e-03
5.931101110220647100e-03
5.921914910673828358e-03
5.912742938901534122e-03
5.903585172867296255e-03
5.894441590568779907e-03
5.885312170037729738e-03
5.876196889339917011e-03
5.867095726575090146e-03
5.858008659876916616e-03
5.848935667412934365e-03
5.839876727384498041e-03
5.830831818026726947e-03
5.821800917608454737e-03
5.812784004432171303e-03
5.803781056833975938e-03
5.794792053183522688e-03
5.785816971883972655e-03
5.776855791371934140e-03
5.767908490117419282e-03
5.758975046623785940e-03
5.750055439427689992e-03
5.741149647099030688e-03
5.732257648240902080e-03
5.723379421489540111e-03
5.714514945514269709e-03
5.705664199017457944e-03
5.696827160734456788e-03
5.688003809433559745e-03
5.679194123915940265e-03
5.670398083015612718e-03
5.661615665599370809e-03
5.652846850566745941e-03
5.644091616849950845e-03
5.635349943413824926e-03
5.626621809255799578e-03
5.617907193405827920e-03
5.609206074926348373e-03
5.600518432912226542e-03
5.591844246490712718e-03
5.583183494821380294e-03
5.574536157096088469e-03
5.565902212538923269e-03
5.557281640406153307e-03
5.548674419986173410e-03
5.540080530599458646e-03
5.531499951598518351e-03
5.522932662367836289e-03
5.514378642323835948e-03
5.505837870914817231e-03
5.497310327620911347e-03
5.488795991954037445e-03
5.480294843457842770e-03
5.471806861707663623e-03
5.463332026310471594e-03
5.454870316904819778e-03
5.446421713160807219e-03
5.437986194780014722e-03
5.429563741495465820e-03
5.421154333071576473e-03
5.412757949304101285e-03
5.404374570020092743e-03
5.396004175077849171e-03
5.387646744366862694e-03
5.379302257807776731e-03
5.370970695352335691e-03
5.362652036983334668e-03
5.354346262714573465e-03
5.346053352590808896e-03
5.337773286687706210e-03
5.329506045111790519e-03
5.321251608000397357e-03
5.313009955521631918e-03
5.304781067874313541e-03
5.296564925287931477e-03
5.288361508022596316e-03
5.280170796368995750e-03
5.271992770648341667e-03
5.263827411212330248e-03
5.255674698443085595e-03
5.247534612753118090e-03
5.239407134585282767e-03
5.231292244412717729e-03
5.223189922738812052e-03
5.215100150097147676e-03
5.207022907051462104e-03
5.198958174195595500e-03
5.190905932153442974e-03
5.182866161578913826e-03
5.174838843155882967e-03
5.166823957598138013e-03
5.158821485649345458e-03
5.150831408082991690e-03
5.142853705702345700e-03
5.134888359340406168e-03
5.126935349859865904e-03
5.118994658153051998e-03
5.111066265141885924e-03
5.103150151777846241e-03
5.095246299041907879e-03
5.087354687944506577e-03
5.079475299525491178e-03
5.071608114854074187e-03
5.063753115028793612e-03
5.055910281177458318e-03
5.048079594457112462e-03
5.040261036053982589e-03
5.032454587183435996e-03
5.024660229089933025e-03
5.016877943046987171e-03
5.009107710357112164e-03
5.001349512351784682e-03
4.993603330391396637e-03
4.985869145865209212e-03
4.978146940191308621e-03
4.970436694816561009e-03
4.962738391216570816e-03
4.955052010895633074e-03
4.947377535386690041e-03
4.939714946251286092e-03
4.932064225079525223e-03
4.924425353490026816e-03
4.916798313129876197e-03
4.909183085674590809e-03
4.901579652828064702e-03
4.893987996322531238e-03
4.886408097918521452e-03
4.878839939404810283e-03
4.871283502598385343e-03
4.863738769344394877e-03
4.856205721516102664e-03
4.848684341014854182e-03
4.841174609770022841e-03
4.833676509738972678e-03
4.826190022907013259e-03
4.818715131287356311e-03
4.811251816921068014e-03
4.803800061877038646e-03
4.796359848251924470e-03
4.788931158170112168e-03
4.781513973783677214e-03
4.774108277272339634e-03
4.766714050843415436e-03
4.759331276731784514e-03
4.751959937199836878e-03
4.744600014537441422e-03
4.737251491061892153e-03
4.729914349117875227e-03
4.722588571077417779e-03
4.715274139339852358e-03
4.707971036331771823e-03
4.700679244506987715e-03
4.693398746346490354e-03
4.686129524358397663e-03
4.678871561077928287e-03
4.671624839067344340e-03
4.664389340915920182e-03
4.657165049239893849e-03
4.649951946682431489e-03
4.642750015913577923e-03
4.635559239630225419e-03
4.628379600556060784e-03
4.621211081441530671e-03
4.614053665063799943e-03
4.606907334226706570e-03
4.599772071760722600e-03
4.592647860522918596e-03
4.585534683396909859e-03
4.578432523292825206e-03
4.571341363147262728e-03
4.564261185923249031e-03
4.557191974610200202e-03
4.550133712223874104e-03
4.543086381806338281e-03
4.536049966425927463e-03
4.529024449177195856e-03
4.522009813180885053e-03
4.515006041583877194e-03
4.508013117559157672e-03
4.501031024305779567e-03
4.494059745048809007e-03
4.487099263039300880e-03
4.480149561554247657e-03
4.473210623896545571e-03
4.466282433394950374e-03
4.459364973404040047e-03
4.452458227304172296e-03
4.445562178501445520e-03
4.438676810427663252e-03
4.431802106540286453e-03
4.424938050322397079e-03
4.418084625282663394e-03
4.411241814955292259e-03
4.404409602899997042e-03
4.397587972701951647e-03
4.390776907971754087e-03
4.383976392345388315e-03
4.377186409484179128e-03
4.370406943074763538e-03
4.363637976829042205e-03
4.356879494484143002e-03
4.350131479802382857e-03
4.343393916571229585e-03
4.336666788603257654e-03
4.329950079736117827e-03
4.323243773832491192e-03
4.316547854780051867e-03
4.309862306491433169e-03
4.303187112904180781e-03
4.296522257980720655e-03
4.289867725708318251e-03
4.283223500099040369e-03
4.276589565189716988e-03
4.269965905041898761e-03
4.263352503741824930e-03
4.256749345400384285e-03
4.250156414153072673e-03
4.243573694159958297e-03
4.237001169605642686e-03
4.230438824699221667e-03
4.223886643674252400e-03
4.217344610788704810e-03
4.210812710324938167e-03
4.204290926589651645e-03
4.197779243913850496e-03
4.191277646652809621e-03
4.184786119186033673e-03
4.178304645917224960e-03
4.171833211274235745e-03
4.165371799709041353e-03
4.158920395697695942e-03
4.152478983740301270e-03
4.146047548360959865e-03
4.139626074107751602e-03
4.133214545552679059e-03
4.126812947291650172e-03
4.120421263944423589e-03
4.114039480154583518e-03
4.107667580589498095e-03
4.101305549940282083e-03
4.094953372921759580e-03
4.088611034272434525e-03
4.082278518754441261e-03
4.075955811153519383e-03
4.069642896278971231e-03
4.063339758963628937e-03
4.057046384063814522e-03
4.050762756459302602e-03
4.044488861053290897e-03
4.038224682772357729e-03
4.031970206566424728e-03
4.025725417408729072e-03
4.019490300295776655e-03
4.013264840247314329e-03
4.007049022306289135e-03
4.000842831538816216e-03
3.994646253034138915e-03
3.988459271904593213e-03
3.982281873285576507e-03
3.976114042335508574e-03
3.969955764235795145e-03
3.963807024190794080e-03
3.957667807427778933e-03
3.951538099196902527e-03
3.945417884771164861e-03
3.939307149446374945e-03
3.933205878541113504e-03
3.927114057396704355e-03
3.921031671377170173e-03
3.914958705869209070e-03
3.908895146282146023e-03
3.902840978047908155e-03
3.896796186620983971e-03
3.890760757478391695e-03
3.884734676119642842e-03
3.878717928066707961e-03
3.872710498863981068e-03
3.866712374078245824e-03
3.860723539298640400e-03
3.854743980136621923e-03
3.848773682225934811e-03
3.842812631222572613e-03
3.836860812804745915e-03
3.830918212672847645e-03
3.824984816549417514e-03
3.819060610179108618e-03
3.813145579328653181e-03
3.807239709786830028e-03
3.801342987364425986e-03
3.795455397894205527e-03
3.789576927230877378e-03
3.783707561251055916e-03
3.777847285853231686e-03
3.771996086957737134e-03
3.766153950506709314e-03
3.760320862464059961e-03
3.754496808815440800e-03
3.748681775568206680e-03
3.742875748751387389e-03
3.737078714415650350e-03
3.731290658633268104e-03
3.725511567498084910e-03
3.719741427125482485e-03
3.713980223652348350e-03
3.708227943237041128e-03
3.702484572059358027e-03
3.696750096320499702e-03
3.691024502243041641e-03
3.685307776070896428e-03
3.679599904069281655e-03
3.673900872524688693e-03
3.668210667744850172e-03
3.662529276058702245e-03
3.656856683816358134e-03
3.651192877389070838e-03
3.645537843169202336e-03
3.639891567570190632e-03
3.634254037026516358e-03
3.628625237993671118e-03
3.623005156948124958e-03
3.617393780387292111e-03
3.611791094829501069e-03
3.606197086813961623e-03
3.600611742900730605e-03
3.595035049670681961e-03
3.589466993725473360e-03
3.583907561687513232e-03
3.578356740199929980e-03
3.572814515926539883e-03
3.567280875551815441e-03
3.561755805780849379e-03
3.556239293339330358e-03
3.550731324973501347e-03
3.545231887450139667e-03
3.539740967556511894e-03
3.534258552100352172e-03
3.528784627909827953e-03
3.523319181833504867e-03
3.517862200740321139e-03
3.512413671519547687e-03
3.506973581080767306e-03
3.501541916353833900e-03
3.496118664288845601e-03
3.490703811856112667e-03
3.485297346046127131e-03
3.479899253869528104e-03
3.474509522357074019e-03
3.469128138559611409e-03
3.463755089548040643e-03
3.458390362413289471e-03
3.453033944266277466e-03
3.447685822237888265e-03
3.442345983478936611e-03
3.437014415160138427e-03
3.431691104472080894e-03
3.426376038625190360e-03
3.421069204849700677e-03
3.415770590395625882e-03
3.410480182532725068e-03
3.405197968550476798e-03
3.399923935758043976e-03
3.394658071484246090e-03
3.389400363077528424e-03
3.384150797905930829e-03
3.378909363357057369e-03
3.373676046838047695e-03
3.368450835775544088e-03
3.363233717615662834e-03
3.358024679823966470e-03
3.352823709885427352e-03
3.347630795304404674e-03
3.342445923604608904e-03
3.337269082329074894e-03
3.332100259040132392e-03
3.326939441319370482e-03
3.321786616767618931e-03
3.316641773004906125e-03
3.311504897670436952e-03
3.306375978422560272e-03
3.301255002938740298e-03
3.296141958915527539e-03
3.291036834068526706e-03
3.285939616132369824e-03
3.280850292860686742e-03
3.275768852026070439e-03
3.270695281420058810e-03
3.265629568853092596e-03
3.260571702154495873e-03
3.255521669172439618e-03
3.250479457773917859e-03
3.245445055844716452e-03
3.240418451289383151e-03
3.235399632031199860e-03
3.230388586012154003e-03
3.225385301192906437e-03
3.220389765552767597e-03
3.215401967089664102e-03
3.210421893820110568e-03
3.205449533779185321e-03
3.200484875020495265e-03
3.195527905616151604e-03
3.190578613656738175e-03
3.185636987251286734e-03
3.180703014527242693e-03
3.175776683630443867e-03
3.170857982725084050e-03
3.165946899993692196e-03
3.161043423637097723e-03
3.156147541874406662e-03
3.151259242646959387e-03
3.146378513825622697e-03
3.141505344367900680e-03
3.136639723007947442e-03
3.131781638483166225e-03
3.126931077908651213e-03
3.122088029971137411e-03
3.117252483034869091e-03
3.112424425482155504e-03
3.107603845713300620e-03
3.102790732146573638e-03
3.097985073217917121e-03
3.093186857380909264e-03
3.088396073108589691e-03
3.083612708890673491e-03
3.078836753234752074e-03
3.074068194666305757e-03
3.069307021728588832e-03
3.064553222982598774e-03
3.059806787007051092e-03
3.055067702398351140e-03
3.050335957770563752e-03
3.045611541755392435e-03
3.040894443002144665e-03
3.036184650177711514e-03
3.031482151966533381e-03
3.026786937070579612e-03
3.022098994209316842e-03
3.017418312119682106e-03
3.012744879556058120e-03
3.008078685290244657e-03
3.003419718111432091e-03
2.998767966826174514e-03
2.994123420258363276e-03
2.989486067249197496e-03
2.984855896657160647e-03
2.980232897357992360e-03
2.975617058244662844e-03
2.971008368227341656e-03
2.966406816233379054e-03
2.961812391207271303e-03
2.957225082110638559e-03
2.952644877922198409e-03
2.948071767637736821e-03
2.943505740270085588e-03
2.938946784849091973e-03
2.934394890421593554e-03
2.929850046051393937e-03
2.925312240819233703e-03
2.920781463822766117e-03
2.916257704176530678e-03
2.911740951011924060e-03
2.907231193477180595e-03
2.902728420737337584e-03
2.898232621974216640e-03
2.893743786386393339e-03
2.889261903189174231e-03
2.884786961614568650e-03
2.880318950911261392e-03
2.875857860344592769e-03
2.871403679196527815e-03
2.866956396765630698e-03
2.862516002367041738e-03
2.858082485332448346e-03
2.853655835010064212e-03
2.849236040764597210e-03
2.844823091977229448e-03
2.840416978045590384e-03
2.836017688383727763e-03
2.831625212422088107e-03
2.827239539607486352e-03
2.822860659403082437e-03
2.818488561288358309e-03
2.814123234759086708e-03
2.809764669327312944e-03
2.805412854521323676e-03
2.801067779885624796e-03
2.796729434980918874e-03
2.792397809384071332e-03
2.788072892688097000e-03
2.783754674502125857e-03
2.779443144451382210e-03
2.775138292177158680e-03
2.770840107336792341e-03
2.766548579603639573e-03
2.762263698667050474e-03
2.757985454232342402e-03
2.753713836020781330e-03
2.749448833769548885e-03
2.745190437231725435e-03
2.740938636176260598e-03
2.736693420387948522e-03
2.732454779667407938e-03
2.728222703831052233e-03
2.723997182711067767e-03
2.719778206155389587e-03
2.715565764027676274e-03
2.711359846207286092e-03
2.707160442589250961e-03
2.702967543084255214e-03
2.698781137618608706e-03
2.694601216134223393e-03
2.690427768588591218e-03
2.686260784954755919e-03
2.682100255221292213e-03
2.677946169392281077e-03
2.673798517487285028e-03
2.669657289541322535e-03
2.665522475604849804e-03
2.661394065743730858e-03
2.657272050039215412e-03
2.653156418587916763e-03
2.649047161501785763e-03
2.644944268908088706e-03
2.640847730949383906e-03
2.636757537783494375e-03
2.632673679583489613e-03
2.628596146537658280e-03
2.624524928849484347e-03
2.620460016737626279e-03
2.616401400435892314e-03
2.612349070193215311e-03
2.608303016273632365e-03
2.604263228956258790e-03
2.600229698535265564e-03
2.596202415319858077e-03
2.592181369634248382e-03
2.588166551817636541e-03
2.584157952224184172e-03
2.580155561222993634e-03
2.576159369198082871e-03
2.572169366548364162e-03
2.568185543687618970e-03
2.564207891044477557e-03
2.560236399062393396e-03
2.556271058199621488e-03
2.552311858929195380e-03
2.548358791738904606e-03
2.544411847131270842e-03
2.540471015623525352e-03
2.536536287747586434e-03
2.532607654050039042e-03
2.528685105092106592e-03
2.524768631449633184e-03
2.520858223713058448e-03
2.516953872487396292e-03
2.513055568392211486e-03
2.509163302061597975e-03
2.505277064144155030e-03
2.501396845302965126e-03
2.497522636215573563e-03
2.493654427573963311e-03
2.489792210084534191e-03
2.485935974468078593e-03
2.482085711459763692e-03
2.478241411809103262e-03
2.474403066279940323e-03
2.470570665650421559e-03
2.466744200712979104e-03
2.462923662274303215e-03
2.459109041155323628e-03
2.455300328191188305e-03
2.451497514231238285e-03
2.447700590138986425e-03
2.443909546792099631e-03
2.440124375082371091e-03
2.436345065915701633e-03
2.432571610212076307e-03
2.428803998905546165e-03
2.425042222944200510e-03
2.421286273290150417e-03
2.417536140919504008e-03
2.413791816822345639e-03
2.410053292002717253e-03
2.406320557478588886e-03
2.402593604281845659e-03
2.398872423458263490e-03
2.395157006067482643e-03
2.391447343182994279e-03
2.387743425892113573e-03
2.384045245295959761e-03
2.380352792509434889e-03
2.376666058661202566e-03
2.372985034893667581e-03
2.369309712362949009e-03
2.365640082238870678e-03
2.361976135704927336e-03
2.358317863958271209e-03
2.354665258209686415e-03
2.351018309683573348e-03
2.347377009617920927e-03
2.343741349264290112e-03
2.340111319887792658e-03
2.336486912767067256e-03
2.332868119194261760e-03
2.329254930475010629e-03
2.325647337928412814e-03
2.322045332887014840e-03
2.318448906696786525e-03
2.314858050717100591e-03
2.311272756320712721e-03
2.307693014893742473e-03
2.304118817835646826e-03
2.300550156559207169e-03
2.296987022490503284e-03
2.293429407068895125e-03
2.289877301747001142e-03
2.286330697990677889e-03
2.282789587278998347e-03
2.279253961104237176e-03
2.275723810971841659e-03
2.272199128400418690e-03
2.268679904921706587e-03
2.265166132080565983e-03
2.261657801434948604e-03
2.258154904555881217e-03
2.254657433027448723e-03
2.251165378446767697e-03
2.247678732423970347e-03
2.244197486582183258e-03
2.240721632557507881e-03
2.237251161998998848e-03
2.233786066568645753e-03
2.230326337941350608e-03
2.226871967804912224e-03
2.223422947860001497e-03
2.219979269820143188e-03
2.216540925411697709e-03
2.213107906373839445e-03
2.209680204458535930e-03
2.206257811430531370e-03
2.202840719067324527e-03
2.199428919159147466e-03
2.196022403508949943e-03
2.192621163932376854e-03
2.189225192257749156e-03
2.185834480326042609e-03
2.182449019990871739e-03
2.179068803118468147e-03
2.175693821587660563e-03
2.172324067289856196e-03
2.168959532129021220e-03
2.165600208021659090e-03
2.162246086896797963e-03
2.158897160695961645e-03
2.155553421373156142e-03
2.152214860894852318e-03
2.148881471239959002e-03
2.145553244399811283e-03
2.142230172378146221e-03
2.138912247191089404e-03
2.135599460867126324e-03
2.132291805447092403e-03
2.128989272984151745e-03
2.125691855543773278e-03
2.122399545203717316e-03
2.119112334054013003e-03
2.115830214196941401e-03
2.112553177747014677e-03
2.109281216830960048e-03
2.106014323587696371e-03
2.102752490168320262e-03
2.099495708736084411e-03
2.096243971466378499e-03
2.092997270546710989e-03
2.089755598176691338e-03
2.086518946568009184e-03
2.083287307944418302e-03
2.080060674541715782e-03
2.076839038607724251e-03
2.073622392402273227e-03
2.070410728197177429e-03
2.067204038276226376e-03
2.064002314935157057e-03
2.060805550481640061e-03
2.057613737235257888e-03
2.054426867527492807e-03
2.051244933701701269e-03
2.048067928113098297e-03
2.044895843128740568e-03
2.041728671127507333e-03
2.038566404500078734e-03
2.035409035648922359e-03
2.032256556988274159e-03
2.029108960944117201e-03
2.025966239954164749e-03
2.022828386467845525e-03
2.019695392946279852e-03
2.016567251862266211e-03
2.013443955700259125e-03
2.010325496956357014e-03
2.007211868138277476e-03
2.004103061765342541e-03
2.000999070368460891e-03
1.997899886490111382e-03
1.994805502684319620e-03
1.991715911516645822e-03
1.988631105564165735e-03
1.985551077415449381e-03
1.982475819670547618e-03
1.979405324940971753e-03
1.976339585849676197e-03
1.973278595031041985e-03
1.970222345130857693e-03
1.967170828806301657e-03
1.964124038725925930e-03
1.961081967569637194e-03
1.958044608028680286e-03
1.955011952805616945e-03
1.951983994614316922e-03
1.948960726179930006e-03
1.945942140238874100e-03
1.942928229538819825e-03
1.939918986838667101e-03
1.936914404908532785e-03
1.933914476529732026e-03
1.930919194494758531e-03
1.927928551607270254e-03
1.924942540682070963e-03
1.921961154545092677e-03
1.918984386033379405e-03
1.916012227995068495e-03
1.913044673289374369e-03
1.910081714786572484e-03
1.907123345367978291e-03
1.904169557925934880e-03
1.901220345363793460e-03
1.898275700595896667e-03
1.895335616547560781e-03
1.892400086155060545e-03
1.889469102365610087e-03
1.886542658137348389e-03
1.883620746439319121e-03
1.880703360251457634e-03
1.877790492564570136e-03
1.874882136380320906e-03
1.871978284711211474e-03
1.869078930580566960e-03
1.866184067022517426e-03
1.863293687081981828e-03
1.860407783814652192e-03
1.857526350286974742e-03
1.854649379576134944e-03
1.851776864770040805e-03
1.848908798967305745e-03
1.846045175277231682e-03
1.843185986819794288e-03
1.840331226725623257e-03
1.837480888135989291e-03
1.834634964202785023e-03
1.831793448088510053e-03
1.828956332966254249e-03
1.826123612019681271e-03
1.823295278443010786e-03
1.820471325441004162e-03
1.817651746228947764e-03
1.814836534032635397e-03
1.812025682088353557e-03
1.809219183642864518e-03
1.806417031953389636e-03
1.803619220287593734e-03
1.800825741923568844e-03
1.798036590149817938e-03
1.795251758265239321e-03
1.792471239579109931e-03
1.789695027411068642e-03
1.786923115091102170e-03
1.784155495959526862e-03
1.781392163366974594e-03
1.778633110674375213e-03
1.775878331252940924e-03
1.773127818484152192e-03
1.770381565759739095e-03
1.767639566481667016e-03
1.764901814062120808e-03
1.762168301923488752e-03
1.759439023498346076e-03
1.756713972229439992e-03
1.753993141569673217e-03
1.751276524982090313e-03
1.748564115939858603e-03
1.745855907926255378e-03
1.743151894434650335e-03
1.740452068968491479e-03
1.737756425041288647e-03
1.735064956176598757e-03
1.732377655908007600e-03
1.729694517779117478e-03
1.727015535343530937e-03
1.724340702164833860e-03
1.721670011816581582e-03
1.719003457882282634e-03
1.716341033955383778e-03
1.713682733639253740e-03
1.711028550547169340e-03
1.708378478302298572e-03
1.705732510537686080e-03
1.703090640896238192e-03
1.700452863030706661e-03
1.697819170603674568e-03
1.695189557287539841e-03
1.692564016764500946e-03
1.689942542726542143e-03
1.687325128875416568e-03
1.684711768922632791e-03
1.682102456589439857e-03
1.679497185606809717e-03
1.676895949715424871e-03
1.674298742665662754e-03
1.671705558217579692e-03
1.669116390140896588e-03
1.666531232214984396e-03
1.663950078228848507e-03
1.661372921981113570e-03
1.658799757280009397e-03
1.656230577943355355e-03
1.653665377798547347e-03
1.651104150682539389e-03
1.648546890441832547e-03
1.645993590932457373e-03
1.643444246019961329e-03
1.640898849579391873e-03
1.638357395495284750e-03
1.635819877661645562e-03
1.633286289981937837e-03
1.630756626369066990e-03
1.628230880745367521e-03
1.625709047042585894e-03
1.623191119201867301e-03
1.620677091173741572e-03
1.618166956918107779e-03
1.615660710404219925e-03
1.613158345610672412e-03
1.610659856525386603e-03
1.608165237145594119e-03
1.605674481477824484e-03
1.603187583537890159e-03
1.600704537350872234e-03
1.598225336951104815e-03
1.595749976382162660e-03
1.593278449696846006e-03
1.590810750957165169e-03
1.588346874234328838e-03
1.585886813608727158e-03
1.583430563169918939e-03
1.580978117016617994e-03
1.578529469256676442e-03
1.576084614007074300e-03
1.573643545393901486e-03
1.571206257552347193e-03
1.568772744626682541e-03
1.566343000770249955e-03
1.563917020145444946e-03
1.561494796923706355e-03
1.559076325285500093e-03
1.556661599420303957e-03
1.554250613526597657e-03
1.551843361811844173e-03
1.549439838492479337e-03
1.547040037793896445e-03
1.544643953950431726e-03
1.542251581205352851e-03
1.539862913810843099e-03
1.537477946027987052e-03
1.535096672126759097e-03
1.532719086386008251e-03
1.530345183093443848e-03
1.527974956545622744e-03
1.525608401047935658e-03
1.523245510914593296e-03
1.520886280468612900e-03
1.518530704041802862e-03
1.516178775974752740e-03
1.513830490616815483e-03
1.511485842326097022e-03
1.509144825469441306e-03
1.506807434422416858e-03
1.504473663569303550e-03
1.502143507303078940e-03
1.499816960025405262e-03
1.497494016146614683e-03
1.495174670085697372e-03
1.492858916270287627e-03
1.490546749136649344e-03
1.488238163129665175e-03
1.485933152702820052e-03
1.483631712318190772e-03
1.481333836446430390e-03
1.479039519566756507e-03
1.476748756166936958e-03
1.474461540743277890e-03
1.472177867800608360e-03
1.469897731852269716e-03
1.467621127420100195e-03
1.465348049034423438e-03
1.463078491234033737e-03
1.460812448566184765e-03
1.458549915586575263e-03
1.456290886859335377e-03
1.454035356957015385e-03
1.451783320460571600e-03
1.449534771959352930e-03
1.447289706051088946e-03
1.445048117341875792e-03
1.442810000446165123e-03
1.440575349986747628e-03
1.438344160594744138e-03
1.436116426909590229e-03
1.433892143579023649e-03
1.431671305259072605e-03
1.429453906614041019e-03
1.427239942316498988e-03
1.425029407047265434e-03
1.422822295495398785e-03
1.420618602358183742e-03
1.418418322341115888e-03
1.416221450157894527e-03
1.414027980530402741e-03
1.411837908188700447e-03
1.409651227871009868e-03
1.407467934323701660e-03
1.405288022301284714e-03
1.403111486566391199e-03
1.400938321889765286e-03
1.398768523050251001e-03
1.396602084834777267e-03
1.394439002038349229e-03
1.392279269464032423e-03
1.390122881922941072e-03
1.387969834234227453e-03
1.385820121225067375e-03
1.383673737730647382e-03
1.381530678594154781e-03
1.379390938666763327e-03
1.377254512807621518e-03
1.375121395883839581e-03
1.372991582770478414e-03
1.370865068350535926e-03
1.368741847514935543e-03
1.366621915162514068e-03
1.364505266200008232e-03
1.362391895542043856e-03
1.360281798111123708e-03
1.358174968837613187e-03
1.356071402659730571e-03
1.353971094523534003e-03
1.351874039382909131e-03
1.349780232199556751e-03
1.347689667942981312e-03
1.345602341590479206e-03
1.343518248127124892e-03
1.341437382545760705e-03
1.339359739846984493e-03
1.337285315039137045e-03
1.335214103138289508e-03
1.333146099168233418e-03
1.331081298160466603e-03
1.329019695154182992e-03
1.326961285196258953e-03
1.324906063341243535e-03
1.322854024651344811e-03
1.320805164196418163e-03
1.318759477053955444e-03
1.316716958309072398e-03
1.314677603054496520e-03
1.312641406390557082e-03
1.310608363425170815e-03
1.308578469273832161e-03
1.306551719059600037e-03
1.304528107913087214e-03
1.302507630972448609e-03
1.300490283383369137e-03
1.298476060299051573e-03
1.296464956880206141e-03
1.294456968295037936e-03
1.292452089719235654e-03
1.290450316335960525e-03
1.288451643335832876e-03
1.286456065916923236e-03
1.284463579284738895e-03
1.282474178652212842e-03
1.280487859239692492e-03
1.278504616274927976e-03
1.276524444993060864e-03
1.274547340636612890e-03
1.272573298455474027e-03
1.270602313706890992e-03
1.268634381655456842e-03
1.266669497573097956e-03
1.264707656739064720e-03
1.262748854439917860e-03
1.260793085969519984e-03
1.258840346629020628e-03
1.256890631726848874e-03
1.254943936578699262e-03
1.253000256507522244e-03
1.251059586843511181e-03
1.249121922924091924e-03
1.247187260093913065e-03
1.245255593704832926e-03
1.243326919115908058e-03
1.241401231693384580e-03
1.239478526810684723e-03
1.237558799848395346e-03
1.235642046194259693e-03
1.233728261243163945e-03
1.231817440397126170e-03
1.229909579065287207e-03
1.228004672663896794e-03
1.226102716616304456e-03
1.224203706352949101e-03
1.222307637311346009e-03
1.220414504936077069e-03
1.218524304678779945e-03
1.216637031998137010e-03
1.214752682359863858e-03
1.212871251236699545e-03
1.210992734108394227e-03
1.209117126461699623e-03
1.207244423790357520e-03
1.205374621595088494e-03
1.203507715383583246e-03
1.201643700670488929e-03
1.199782572977399616e-03
1.197924327832846757e-03
1.196068960772285949e-03
1.194216467338088264e-03
1.192366843079528975e-03
1.190520083552776710e-03
1.188676184320882180e-03
1.186835140953768422e-03
1.184996949028220385e-03
1.183161604127872793e-03
1.181329101843201250e-03
1.179499437771510751e-03
1.177672607516925488e-03
1.175848606690377577e-03
1.174027430909597731e-03
1.172209075799102900e-03
1.170393536990187167e-03
1.168580810120911553e-03
1.166770890836093394e-03
1.164963774787293764e-03
1.163159457632809233e-03
1.161357935037662329e-03
1.159559202673587875e-03
1.157763256219024968e-03
1.155970091359106132e-03
1.154179703785647351e-03
1.152392089197136135e-03
1.150607243298723287e-03
1.148825161802210322e-03
1.147045840426041876e-03
1.145269274895292485e-03
1.143495460941658989e-03
1.141724394303448610e-03
1.139956070725568326e-03
1.138190485959517280e-03
1.136427635763372903e-03
1.134667515901783543e-03
1.132910122145957621e-03
1.131155450273652573e-03
1.129403496069165307e-03
1.127654255323322667e-03
1.125907723833469935e-03
1.124163897403462594e-03
1.122422771843653968e-03
1.120684342970887848e-03
1.118948606608485049e-03
1.117215558586237122e-03
1.115485194740393560e-03
1.113757510913653123e-03
1.112032502955152781e-03
1.110310166720459256e-03
1.108590498071558399e-03
1.106873492876844127e-03
1.105159147011110406e-03
1.103447456355539317e-03
1.101738416797693257e-03
1.100032024231504093e-03
1.098328274557262754e-03
1.096627163681609040e-03
1.094928687517524469e-03
1.093232841984319260e-03
1.091539623007624317e-03
1.089849026519381465e-03
1.088161048457831964e-03
1.086475684767509780e-03
1.084792931399227714e-03
1.083112784310072624e-03
1.081435239463391122e-03
1.079760292828782628e-03
1.078087940382089181e-03
1.076418178105384600e-03
1.074751001986966889e-03
1.073086408021346749e-03
1.071424392209239119e-03
1.069764950557552117e-03
1.068108079079379234e-03
1.066453773793989146e-03
1.064802030726815949e-03
1.063152845909448325e-03
1.061506215379622812e-03
1.059862135181212535e-03
1.058220601364217228e-03
1.056581609984754994e-03
1.054945157105051899e-03
1.053311238793433729e-03
1.051679851124315366e-03
1.050050990178190815e-03
1.048424652041625611e-03
1.046800832807246633e-03
1.045179528573731689e-03
1.043560735445801498e-03
1.041944449534210797e-03
1.040330666955736416e-03
1.038719383833170340e-03
1.037110596295309512e-03
1.035504300476947602e-03
1.033900492518863507e-03
1.032299168567813114e-03
1.030700324776521928e-03
1.029103957303673361e-03
1.027510062313898975e-03
1.025918635977773278e-03
1.024329674471799847e-03
1.022743173978404819e-03
1.021159130685926706e-03
1.019577540788608799e-03
1.017998400486586595e-03
1.016421705985883243e-03
1.014847453498396316e-03
1.013275639241891738e-03
1.011706259439992513e-03
1.010139310322170914e-03
1.008574788123739593e-03
1.007012689085840526e-03
1.005453009455439372e-03
1.003895745485313112e-03
1.002340893434043329e-03
1.000788449566006018e-03
9.992384101513631257e-04
9.976907714660532278e-04
9.961455297917830732e-04
9.946026814160176081e-04
9.930622226319736883e-04
9.915241497386068515e-04
9.899884590406065471e-04
9.884551468483848604e-04
9.869242094780687063e-04
9.853956432514911559e-04
9.838694444961805941e-04
9.823456095453548653e-04
9.808241347379106478e-04
9.793050164184141301e-04
9.777882509370940719e-04
9.762738346498320459e-04
9.747617639181532226e-04
9.732520351092181299e-04
9.717446445958146306e-04
9.702395887563471880e-04
9.687368639748306868e-04
9.672364666408799156e-04
9.657383931497015442e-04
9.642426399020856669e-04
9.627492033043964781e-04
9.612580797685644661e-04
9.597692657120770890e-04
9.582827575579706434e-04
9.567985517348213736e-04
9.553166446767373402e-04
9.538370328233488791e-04
9.523597126198014460e-04
9.508846805167454246e-04
9.494119329703298383e-04
9.479414664421909661e-04
9.464732773994464880e-04
9.450073623146848598e-04
9.435437176659591330e-04
9.420823399367761128e-04
9.406232256160896362e-04
9.391663711982913562e-04
9.377117731832023935e-04
9.362594280760648795e-04
9.348093323875340420e-04
9.333614826336690973e-04
9.319158753359257702e-04
9.304725070211468602e-04
9.290313742215546532e-04
9.275924734747426808e-04
9.261558013236666134e-04
9.247213543166369959e-04
9.232891290073095983e-04
9.218591219546790191e-04
9.204313297230686019e-04
9.190057488821231713e-04
9.175823760068004681e-04
9.161612076773631257e-04
9.147422404793698883e-04
9.133254710036685636e-04
9.119108958463866986e-04
9.104985116089238818e-04
9.090883148979432863e-04
9.076803023253642976e-04
9.062744705083534058e-04
9.048708160693166164e-04
9.034693356358908852e-04
9.020700258409369626e-04
9.006728833225302860e-04
8.992779047239532822e-04
8.978850866936875612e-04
8.964944258854055676e-04
8.951059189579624494e-04
8.937195625753880344e-04
8.923353534068795669e-04
8.909532881267922741e-04
8.895733634146330785e-04
8.881955759550510567e-04
8.868199224378306086e-04
8.854463995578826761e-04
8.840750040152372613e-04
8.827057325150360545e-04
8.813385817675227843e-04
8.799735484880371467e-04
8.786106293970061308e-04
8.772498212199358880e-04
8.758911206874044671e-04
8.745345245350537918e-04
8.731800295035809867e-04
8.718276323387319808e-04
8.704773297912923999e-04
8.691291186170808447e-04
8.677829955769401091e-04
8.664389574367302406e-04
8.650970009673199755e-04
8.637571229445798002e-04
8.624193201493732773e-04
8.610835893675505403e-04
8.597499273899389697e-04
8.584183310123372299e-04
8.570887970355060533e-04
8.557613222651616267e-04
8.544359035119674598e-04
8.531125375915266876e-04
8.517912213243741554e-04
8.504719515359698053e-04
8.491547250566897857e-04
8.478395387218197292e-04
8.465263893715466214e-04
8.452152738509517531e-04
8.439061890100025892e-04
8.425991317035450706e-04
8.412940987912971092e-04
8.399910871378400224e-04
8.386900936126111608e-04
8.373911150898966441e-04
8.360941484488240965e-04
8.347991905733541905e-04
8.335062383522743581e-04
8.322152886791901174e-04
8.309263384525190010e-04
8.296393845754816655e-04
8.283544239560954947e-04
8.270714535071664684e-04
8.257904701462826565e-04
8.245114707958054378e-04
8.232344523828634278e-04
8.219594118393445644e-04
8.206863461018883013e-04
8.194152521118793202e-04
8.181461268154388566e-04
8.168789671634185201e-04
8.156137701113923798e-04
8.143505326196496998e-04
8.130892516531876757e-04
8.118299241817043864e-04
8.105725471795912056e-04
8.093171176259255370e-04
8.080636325044636588e-04
8.068120888036332426e-04
8.055624835165269568e-04
8.043148136408940097e-04
8.030690761791340780e-04
8.018252681382887414e-04
8.005833865300363873e-04
7.993434283706824526e-04
7.981053906811545447e-04
7.968692704869938769e-04
7.956350648183485455e-04
7.944027707099663750e-04
7.931723852011880868e-04
7.919439053359399270e-04
7.907173281627264023e-04
7.894926507346232327e-04
7.882698701092705207e-04
7.870489833488655959e-04
7.858299875201559676e-04
7.846128796944316268e-04
7.833976569475197341e-04
7.821843163597754032e-04
7.809728550160763890e-04
7.797632700058150642e-04
7.785555584228922394e-04
7.773497173657091400e-04
7.761457439371614430e-04
7.749436352446320130e-04
7.737433883999833128e-04
7.725450005195518737e-04
7.713484687241394053e-04
7.701537901390080251e-04
7.689609618938715845e-04
7.677699811228899229e-04
7.665808449646611695e-04
7.653935505622155638e-04
7.642080950630080827e-04
7.630244756189117185e-04
7.618426893862109738e-04
7.606627335255945971e-04
7.594846052021486443e-04
7.583083015853504067e-04
7.571338198490610389e-04
7.559611571715186195e-04
7.547903107353317546e-04
7.536212777274727470e-04
7.524540553392706577e-04
7.512886407664046921e-04
7.501250312088974777e-04
7.489632238711082341e-04
7.478032159617262675e-04
7.466450046937641400e-04
7.454885872845505145e-04
7.443339609557245162e-04
7.431811229332278184e-04
7.420300704472993295e-04
7.408808007324672786e-04
7.397333110275431441e-04
7.385875985756152565e-04
7.374436606240415346e-04
7.363014944244438472e-04
7.351610972326997739e-04
7.340224663089382675e-04
7.328855989175307641e-04
7.317504923270866293e-04
7.306171438104449179e-04
7.294855506446687367e-04
7.283557101110390642e-04
7.272276194950467272e-04
7.261012760863878477e-04
7.249766771789556028e-04
7.238538200708344783e-04
7.227327020642941970e-04
7.216133204657823466e-04
7.204956725859186333e-04
7.193797557394876170e-04
7.182655672454332915e-04
7.171531044268521443e-04
7.160423646109864357e-04
7.149333451292180178e-04
7.138260433170620471e-04
7.127204565141604786e-04
7.116165820642757775e-04
7.105144173152840893e-04
7.094139596191699265e-04
7.083152063320183626e-04
7.072181548140093945e-04
7.061228024294126295e-04
7.050291465465785036e-04
7.039371845379345950e-04
7.028469137799776010e-04
7.017583316532674835e-04
7.006714355424212889e-04
6.995862228361068597e-04
6.985026909270368716e-04
6.974208372119614606e-04
6.963406590916632359e-04
6.952621539709506662e-04
6.941853192586511408e-04
6.931101523676061991e-04
6.920366507146631825e-04
6.909648117206712223e-04
6.898946328104736507e-04
6.888261114129026882e-04
6.877592449607721793e-04
6.866940308908727137e-04
6.856304666439641451e-04
6.845685496647710378e-04
6.835082774019747521e-04
6.824496473082084565e-04
6.813926568400511651e-04
6.803373034580203647e-04
6.792835846265673529e-04
6.782314978140706243e-04
6.771810404928290403e-04
6.761322101390570584e-04
6.750850042328776848e-04
6.740394202583168369e-04
6.729954557032972714e-04
6.719531080596321876e-04
6.709123748230202402e-04
6.698732534930380584e-04
6.688357415731351497e-04
6.677998365706279372e-04
6.667655359966935796e-04
6.657328373663634656e-04
6.647017381985185526e-04
6.636722360158816680e-04
6.626443283450133897e-04
6.616180127163044569e-04
6.605932866639712157e-04
6.595701477260486811e-04
6.585485934443851153e-04
6.575286213646357398e-04
6.565102290362576391e-04
6.554934140125029309e-04
6.544781738504133447e-04
6.534645061108145837e-04
6.524524083583098204e-04
6.514418781612744914e-04
6.504329130918501184e-04
6.494255107259382358e-04
6.484196686431956212e-04
6.474153844270269216e-04
6.464126556645798842e-04
6.454114799467393923e-04
6.444118548681218280e-04
6.434137780270686750e-04
6.424172470256415317e-04
6.414222594696154973e-04
6.404288129684742930e-04
6.394369051354041903e-04
6.384465335872877229e-04
6.374576959446988074e-04
6.364703898318965639e-04
6.354846128768197860e-04
6.345003627110809780e-04
6.335176369699610423e-04
6.325364332924032079e-04
6.315567493210077175e-04
6.305785827020260817e-04
6.296019310853548986e-04
6.286267921245311920e-04
6.276531634767257978e-04
6.266810428027385933e-04
6.257104277669921005e-04
6.247413160375260652e-04
6.237737052859925781e-04
6.228075931876493523e-04
6.218429774213552787e-04
6.208798556695638120e-04
6.199182256183183087e-04
6.189580849572450883e-04
6.179994313795501805e-04
6.170422625820114106e-04
6.160865762649740630e-04
6.151323701323453512e-04
6.141796418915889972e-04
6.132283892537184009e-04
6.122786099332936044e-04
6.113303016484131604e-04
6.103834621207105543e-04
6.094380890753480244e-04
6.084941802410107070e-04
6.075517333499017578e-04
6.066107461377372558e-04
6.056712163437393730e-04
6.047331417106324714e-04
6.037965199846368142e-04
6.028613489154632538e-04
6.019276262563081356e-04
6.009953497638475519e-04
6.000645171982320293e-04
5.991351263230815412e-04
5.982071749054794366e-04
5.972806607159675610e-04
5.963555815285409437e-04
5.954319351206421602e-04
5.945097192731562362e-04
5.935889317704046847e-04
5.926695704001414943e-04
5.917516329535465157e-04
5.908351172252206910e-04
5.899200210131809582e-04
5.890063421188543964e-04
5.880940783470737804e-04
5.871832275060712928e-04
5.862737874074738613e-04
5.853657558662980634e-04
5.844591307009445970e-04
5.835539097331925336e-04
5.826500907881950906e-04
5.817476716944742100e-04
5.808466502839143781e-04
5.799470243917582892e-04
5.790487918566019666e-04
5.781519505203884740e-04
5.772564982284032536e-04
5.763624328292696808e-04
5.754697521749425589e-04
5.745784541207036742e-04
5.736885365251572421e-04
5.727999972502234019e-04
5.719128341611335545e-04
5.710270451264267853e-04
5.701426280179423822e-04
5.692595807108156080e-04
5.683779010834733633e-04
5.674975870176283315e-04
5.666186363982735584e-04
5.657410471136787656e-04
5.648648170553835198e-04
5.639899441181935470e-04
5.631164262001745521e-04
5.622442612026484245e-04
5.613734470301870580e-04
5.605039815906080140e-04
5.596358627949691005e-04
5.587690885575637102e-04
5.579036567959153991e-04
5.570395654307734416e-04
5.561768123861068674e-04
5.553153955891007749e-04
5.544553129701503685e-04
5.535965624628565130e-04
5.527391420040197708e-04
5.518830495336375826e-04
5.510282829948967868e-04
5.501748403341703668e-04
5.493227195010114876e-04
5.484719184481501352e-04
5.476224351314860688e-04
5.467742675100855688e-04
5.459274135461759068e-04
5.450818712051400334e-04
5.442376384555127830e-04
5.433947132689750199e-04
5.425530936203493007e-04
5.417127774875945623e-04
5.408737628518014593e-04
5.400360476971881362e-04
5.391996300110941552e-04
5.383645077839765937e-04
5.375306790094049481e-04
5.366981416840562553e-04
5.358668938077107554e-04
5.350369333832460375e-04
5.342082584166330276e-04
5.333808669169312188e-04
5.325547568962839002e-04
5.317299263699127362e-04
5.309063733561135380e-04
5.300840958762514932e-04
5.292630919547567205e-04
5.284433596191181982e-04
5.276248968998810537e-04
5.268077018306400582e-04
5.259917724480357238e-04
5.251771067917496410e-04
5.243637029044990582e-04
5.235515588320335204e-04
5.227406726231285808e-04
5.219310423295822230e-04
5.211226660062099822e-04
5.203155417108398491e-04
5.195096675043080420e-04
5.187050414504543443e-04
5.179016616161167923e-04
5.170995260711279884e-04
5.162986328883097890e-04
5.154989801434692927e-04
5.147005659153932027e-04
5.139033882858441401e-04
5.131074453395560904e-04
5.123127351642288744e-04
5.115192558505241363e-04
5.107270054920612238e-04
5.099359821854116586e-04
5.091461840300952335e-04
5.083576091285751334e-04
5.075702555862539236e-04
5.067841215114676952e-04
5.059992050154833547e-04
5.052155042124921187e-04
5.044330172196069117e-04
5.036517421568560780e-04
5.028716771471804540e-04
5.020928203164277308e-04
5.013151697933483338e-04
5.005387237095908692e-04
4.997634801996975705e-04
4.989894374011005036e-04
4.982165934541157122e-04
4.974449465019401819e-04
4.966744946906463112e-04
4.959052361691782245e-04
4.951371690893468938e-04
4.943702916058254765e-04
4.936046018761458456e-04
4.928400980606930607e-04
4.920767783227014648e-04
4.913146408282502388e-04
4.905536837462592817e-04
4.897939052484840067e-04
4.890353035095115460e-04
4.882778767067566853e-04
4.875216230204565513e-04
4.867665406336670877e-04
4.860126277322582311e-04
4.852598825049095734e-04
4.845083031431064594e-04
4.837578878411347280e-04
4.830086347960775139e-04
4.822605422078100434e-04
4.815136082789955689e-04
4.807678312150813027e-04
4.800232092242937552e-04
4.792797405176345065e-04
4.785374233088760323e-04
4.777962558145576379e-04
4.770562362539803084e-04
4.763173628492034560e-04
4.755796338250400414e-04
4.748430474090525075e-04
4.741076018315484430e-04
4.733732953255764082e-04
4.726401261269214896e-04
4.719080924741015596e-04
4.711771926083622888e-04
4.704474247736737855e-04
4.697187872167255538e-04
4.689912781869228615e-04
4.682648959363821866e-04
4.675396387199273686e-04
4.668155047950850000e-04
4.660924924220805239e-04
4.653705998638340592e-04
4.646498253859559558e-04
4.639301672567431082e-04
4.632116237471741306e-04
4.624941931309059962e-04
4.617778736842689954e-04
4.610626636862635375e-04
4.603485614185552177e-04
4.596355651654711848e-04
4.589236732139958586e-04
4.582128838537667562e-04
4.575031953770702627e-04
4.567946060788380001e-04
4.560871142566422730e-04
4.553807182106921658e-04
4.546754162438294768e-04
4.539712066615244897e-04
4.532680877718721249e-04
4.525660578855876027e-04
4.518651153160028111e-04
4.511652583790615894e-04
4.504664853933163134e-04
4.497687946799238290e-04
4.490721845626406282e-04
4.483766533678200297e-04
4.476821994244070831e-04
4.469888210639351000e-04
4.462965166205216960e-04
4.456052844308645627e-04
4.449151228342374019e-04
4.442260301724862393e-04
4.435380047900251959e-04
4.428510450338327478e-04
4.421651492534474435e-04
4.414803158009640550e-04
4.407965430310298370e-04
4.401138293008402449e-04
4.394321729701351396e-04
4.387515724011949929e-04
4.380720259588366050e-04
4.373935320104096352e-04
4.367160889257921562e-04
4.360396950773872391e-04
4.353643488401185086e-04
4.346900485914269438e-04
4.340167927112661625e-04
4.333445795820992227e-04
4.326734075888943399e-04
4.320032751191212007e-04
4.313341805627466806e-04
4.306661223122319163e-04
4.299990987625272099e-04
4.293331083110691563e-04
4.286681493577763598e-04
4.280042203050457485e-04
4.273413195577483998e-04
4.266794455232260168e-04
4.260185966112873504e-04
4.253587712342036457e-04
4.246999678067054436e-04
4.240421847459786777e-04
4.233854204716606625e-04
4.227296734058362993e-04
4.220749419730345517e-04
4.214212246002245433e-04
4.207685197168115456e-04
4.201168257546335628e-04
4.194661411479573749e-04
4.188164643334746340e-04
4.181677937502985580e-04
4.175201278399595932e-04
4.168734650464022166e-04
4.162278038159807612e-04
4.155831425974561093e-04
4.149394798419914101e-04
4.142968140031489353e-04
4.136551435368861218e-04
4.130144669015516144e-04
4.123747825578819590e-04
4.117360889689976994e-04
4.110983846003998538e-04
4.104616679199659030e-04
4.098259373979464297e-04
4.091911915069612691e-04
4.085574287219958774e-04
4.079246475203977536e-04
4.072928463818726447e-04
4.066620237884809681e-04
4.060321782246342336e-04
4.054033081770910861e-04
4.047754121349541614e-04
4.041484885896661828e-04
4.035225360350061128e-04
4.028975529670862253e-04
4.022735378843474976e-04
4.016504892875569005e-04
4.010284056798033318e-04
4.004072855664944186e-04
3.997871274553520173e-04
3.991679298564097204e-04
3.985496912820088444e-04
3.979324102467945274e-04
3.973160852677126926e-04
3.967007148640060914e-04
3.960862975572109965e-04
3.954728318711535156e-04
3.948603163319461761e-04
3.942487494679840221e-04
3.936381298099415785e-04
3.930284558907691105e-04
3.924197262456889375e-04
3.918119394121921261e-04
3.912050939300348038e-04
3.905991883412349066e-04
3.899942211900684383e-04
3.893901910230661637e-04
3.887870963890098139e-04
3.881849358389288882e-04
3.875837079260970757e-04
3.869834112060287863e-04
3.863840442364756809e-04
3.857856055774232023e-04
3.851880937910872140e-04
3.845915074419101513e-04
3.839958450965581479e-04
3.834011053239171334e-04
3.828072866950897428e-04
3.822143877833916303e-04
3.816224071643480541e-04
3.810313434156906783e-04
3.804411951173539402e-04
3.798519608514715814e-04
3.792636392023735034e-04
3.786762287565821356e-04
3.780897281028092367e-04
3.775041358319522087e-04
3.769194505370911151e-04
3.763356708134849948e-04
3.757527952585684467e-04
3.751708224719487025e-04
3.745897510554014524e-04
3.740095796128685684e-04
3.734303067504536589e-04
3.728519310764196295e-04
3.722744512011846169e-04
3.716978657373190076e-04
3.711221732995423480e-04
3.705473725047194410e-04
3.699734619718574730e-04
3.694004403221024359e-04
3.688283061787358207e-04
3.682570581671717439e-04
3.676866949149529360e-04
3.671172150517480314e-04
3.665486172093481527e-04
3.659809000216630078e-04
3.654140621247188299e-04
3.648481021566539863e-04
3.642830187577162683e-04
3.637188105702592587e-04
3.631554762387396757e-04
3.625930144097133071e-04
3.620314237318323540e-04
3.614707028558421242e-04
3.609108504345775624e-04
3.603518651229601060e-04
3.597937455779945414e-04
3.592364904587655883e-04
3.586800984264349726e-04
3.581245681442379023e-04
3.575698982774801952e-04
3.570160874935345919e-04
3.564631344618378827e-04
3.559110378538878723e-04
3.553597963432396931e-04
3.548094086055032033e-04
3.542598733183392463e-04
3.537111891614567777e-04
3.531633548166097751e-04
3.526163689675937147e-04
3.520702303002429690e-04
3.515249375024270123e-04
3.509804892640475474e-04
3.504368842770356866e-04
3.498941212353483200e-04
3.493521988349650251e-04
3.488111157738853566e-04
3.482708707521251596e-04
3.477314624717139143e-04
3.471928896366913739e-04
3.466551509531043667e-04
3.461182451290041400e-04
3.455821708744424023e-04
3.450469269014693721e-04
3.445125119241295494e-04
3.439789246584595470e-04
3.434461638224843506e-04
3.429142281362144995e-04
3.423831163216432133e-04
3.418528271027428686e-04
3.413233592054622885e-04
3.407947113577235979e-04
3.402668822894190257e-04
3.397398707324080858e-04
3.392136754205143782e-04
3.386882950895226080e-04
3.381637284771754409e-04
3.376399743231705761e-04
3.371170313691576560e-04
3.365948983587353934e-04
3.360735740374484813e-04
3.355530571527841235e-04
3.350333464541700289e-04
3.345144406929704542e-04
3.339963386224836556e-04
3.334790389979387995e-04
3.329625405764928721e-04
3.324468421172279147e-04
3.319319423811480422e-04
3.314178401311759195e-04
3.309045341321508100e-04
3.303920231508246722e-04
3.298803059558595035e-04
3.293693813178245216e-04
3.288592480091930199e-04
3.283499048043396571e-04
3.278413504795372590e-04
3.273335838129539451e-04
3.268266035846504724e-04
3.263204085765766577e-04
3.258149975725692631e-04
3.253103693583483643e-04
3.248065227215149106e-04
3.243034564515475272e-04
3.238011693397998582e-04
3.232996601794972061e-04
3.227989277657345260e-04
3.222989708954724134e-04
3.217997883675348825e-04
3.213013789826065468e-04
3.208037415432294205e-04
3.203068748537998833e-04
3.198107777205666199e-04
3.193154489516268797e-04
3.188208873569239833e-04
3.183270917482445032e-04
3.178340609392152284e-04
3.173417937453006706e-04
3.168502889837997031e-04
3.163595454738430128e-04
3.158695620363904445e-04
3.153803374942278559e-04
3.148918706719641908e-04
3.144041603960292023e-04
3.139172054946700913e-04
3.134310047979489591e-04
3.129455571377398257e-04
3.124608613477260276e-04
3.119769162633973447e-04
3.114937207220470189e-04
3.110112735627691520e-04
3.105295736264561575e-04
3.100486197557952915e-04
3.095684107952664300e-04
3.090889455911393041e-04
3.086102229914703017e-04
3.081322418461001364e-04
3.076550010066509203e-04
3.071784993265232904e-04
3.067027356608936989e-04
3.062277088667120272e-04
3.057534178026981709e-04
3.052798613293398176e-04
3.048070383088896814e-04
3.043349476053623594e-04
3.038635880845320545e-04
3.033929586139298110e-04
3.029230580628404241e-04
3.024538853023000010e-04
3.019854392050933586e-04
3.015177186457509333e-04
3.010507225005464504e-04
3.005844496474943217e-04
3.001188989663461219e-04
2.996540693385890165e-04
2.991899596474422926e-04
2.987265687778550816e-04
2.982638956165033239e-04
2.978019390517874917e-04
2.973406979738296620e-04
2.968801712744706433e-04
2.964203578472681864e-04
2.959612565874931360e-04
2.955028663921275872e-04
2.950451861598620668e-04
2.945882147910927141e-04
2.941319511879188415e-04
2.936763942541401702e-04
2.932215428952542275e-04
2.927673960184537451e-04
2.923139525326241112e-04
2.918612113483404430e-04
2.914091713778652558e-04
2.909578315351459151e-04
2.905071907358117633e-04
2.900572478971715721e-04
2.896080019382111571e-04
2.891594517795905046e-04
2.887115963436413324e-04
2.882644345543645416e-04
2.878179653374275063e-04
2.873721876201614173e-04
2.869271003315591677e-04
2.864827024022721549e-04
2.860389927646081118e-04
2.855959703525283422e-04
2.851536341016454442e-04
2.847119829492202200e-04
2.842710158341599409e-04
2.838307316970148787e-04
2.833911294799764074e-04
2.829522081268742392e-04
2.825139665831738760e-04
2.820764037959741705e-04
2.816395187140045614e-04
2.812033102876229044e-04
2.807677774688126541e-04
2.803329192111804241e-04
2.798987344699536018e-04
2.794652222019776921e-04
2.790323813657137695e-04
2.786002109212362557e-04
2.781687098302300463e-04
2.777378770559882880e-04
2.773077115634097769e-04
2.768782123189965729e-04
2.764493782908512354e-04
2.760212084486746544e-04
2.755937017637636655e-04
2.751668572090080144e-04
2.747406737588885131e-04
2.743151503894742218e-04
2.738902860784200627e-04
2.734660798049644900e-04
2.730425305499267785e-04
2.726196372957048557e-04
2.721973990262726456e-04
2.717758147271778996e-04
2.713548833855392701e-04
2.709346039900443581e-04
2.705149755309470576e-04
2.700959970000653323e-04
2.696776673907783973e-04
2.692599856980246046e-04
2.688429509182991119e-04
2.684265620496511183e-04
2.680108180916817499e-04
2.675957180455417286e-04
2.671812609139285533e-04
2.667674457010844402e-04
2.663542714127939371e-04
2.659417370563814842e-04
2.655298416407087577e-04
2.651185841761727184e-04
2.647079636747030635e-04
2.642979791497597334e-04
2.638886296163305803e-04
2.634799140909293625e-04
2.630718315915927630e-04
2.626643811378784376e-04
2.622575617508625216e-04
2.618513724531375698e-04
2.614458122688097371e-04
2.610408802234966109e-04
2.606365753443251501e-04
2.602328966599289214e-04
2.598298432004460387e-04
2.594274139975167237e-04
2.590256080842810835e-04
2.586244244953766710e-04
2.582238622669360997e-04
2.578239204365850921e-04
2.574245980434396609e-04
2.570258941281041570e-04
2.566278077326689393e-04
2.562303379007078801e-04
2.558334836772762516e-04
2.554372441089081775e-04
2.550416182436148448e-04
2.546466051308816296e-04
2.542522038216662550e-04
2.538584133683962425e-04
2.534652328249667984e-04
2.530726612467383736e-04
2.526806976905344960e-04
2.522893412146397642e-04
2.518985908787969201e-04
2.515084457442052232e-04
2.511189048735179021e-04
2.507299673308401489e-04
2.503416321817264630e-04
2.499538984931785912e-04
2.495667653336435757e-04
2.491802317730110986e-04
2.487942968826114209e-04
2.484089597352129981e-04
2.480242194050208534e-04
2.476400749676733798e-04
2.472565255002408756e-04
2.468735700812232144e-04
2.464912077905473506e-04
2.461094377095650429e-04
2.457282589210514449e-04
2.453476705092017440e-04
2.449676715596299688e-04
2.445882611593661157e-04
2.442094383968541980e-04
2.438312023619502934e-04
2.434535521459197803e-04
2.430764868414358733e-04
2.427000055425768046e-04
2.423241073448240352e-04
2.419487913450599236e-04
2.415740566415655848e-04
2.411999023340187487e-04
2.408263275234916461e-04
2.404533313124485960e-04
2.400809128047442717e-04
2.397090711056210977e-04
2.393378053217075157e-04
2.389671145610154635e-04
2.385969979329385590e-04
2.382274545482496609e-04
2.378584835190989441e-04
2.374900839590118125e-04
2.371222549828864057e-04
2.367549957069919994e-04
2.363883052489664037e-04
2.360221827278141194e-04
2.356566272639041973e-04
2.352916379789679884e-04
2.349272139960971646e-04
2.345633544397416324e-04
2.342000584357072015e-04
2.338373251111538500e-04
2.334751535945932851e-04
2.331135430158870188e-04
2.327524925062443345e-04
2.323920011982199294e-04
2.320320682257122607e-04
2.316726927239609710e-04
2.313138738295453158e-04
2.309556106803815347e-04
2.305979024157213874e-04
2.302407481761495247e-04
2.298841471035818079e-04
2.295280983412631404e-04
2.291726010337652723e-04
2.288176543269849301e-04
2.284632573681417023e-04
2.281094093057758714e-04
2.277561092897466245e-04
2.274033564712297768e-04
2.270511500027158473e-04
2.266994890380079168e-04
2.263483727322198398e-04
2.259978002417738587e-04
2.256477707243988965e-04
2.252982833391282795e-04
2.249493372462980033e-04
2.246009316075443742e-04
2.242530655858023284e-04
2.239057383453031290e-04
2.235589490515726030e-04
2.232126968714289198e-04
2.228669809729808286e-04
2.225218005256254360e-04
2.221771547000462547e-04
2.218330426682113598e-04
2.214894636033713294e-04
2.211464166800570759e-04
2.208039010740781114e-04
2.204619159625204061e-04
2.201204605237445998e-04
2.197795339373837518e-04
2.194391353843416607e-04
2.190992640467906145e-04
2.187599191081696830e-04
2.184210997531825494e-04
2.180828051677957484e-04
2.177450345392364982e-04
2.174077870559909650e-04
2.170710619078020684e-04
2.167348582856678000e-04
2.163991753818390287e-04
2.160640123898178197e-04
2.157293685043551847e-04
2.153952429214495102e-04
2.150616348383442263e-04
2.147285434535262886e-04
2.143959679667239017e-04
2.140639075789048384e-04
2.137323614922743802e-04
2.134013289102735004e-04
2.130708090375768051e-04
2.127408010800907435e-04
2.124113042449517924e-04
2.120823177405242602e-04
2.117538407763986882e-04
2.114258725633896819e-04
2.110984123135342574e-04
2.107714592400898091e-04
2.104450125575322661e-04
2.101190714815541678e-04
2.097936352290628208e-04
2.094687030181783746e-04
2.091442740682320867e-04
2.088203475997640727e-04
2.084969228345220330e-04
2.081739989954586769e-04
2.078515753067305581e-04
2.075296509936956071e-04
2.072082252829116143e-04
2.068872974021344132e-04
2.065668665803157124e-04
2.062469320476016047e-04
2.059274930353303988e-04
2.056085487760310471e-04
2.052900985034210855e-04
2.049721414524049263e-04
2.046546768590719334e-04
2.043377039606947146e-04
2.040212219957270891e-04
2.037052302038024607e-04
2.033897278257319210e-04
2.030747141035022700e-04
2.027601882802744992e-04
2.024461496003816764e-04
2.021325973093273743e-04
2.018195306537836102e-04
2.015069488815893282e-04
2.011948512417482580e-04
2.008832369844274239e-04
2.005721053609551391e-04
2.002614556238193255e-04
1.999512870266655887e-04
1.996415988242955649e-04
1.993323902726650508e-04
1.990236606288822143e-04
1.987154091512058601e-04
1.984076350990435591e-04
1.981003377329500225e-04
1.977935163146250959e-04
1.974871701069122682e-04
1.971812983737966391e-04
1.968759003804032928e-04
1.965709753929954816e-04
1.962665226789728917e-04
1.959625415068699350e-04
1.956590311463538522e-04
1.953559908682230592e-04
1.950534199444054124e-04
1.947513176479563385e-04
1.944496832530572352e-04
1.941485160350136011e-04
1.938478152702534905e-04
1.935475802363255079e-04
1.932478102118972084e-04
1.929485044767533907e-04
1.926496623117944160e-04
1.923512829990342565e-04
1.920533658215989239e-04
1.917559100637249506e-04
1.914589150107571408e-04
1.911623799491474316e-04
1.908663041664527518e-04
1.905706869513335857e-04
1.902755275935520750e-04
1.899808253839703931e-04
1.896865796145491188e-04
1.893927895783453926e-04
1.890994545695113454e-04
1.888065738832921461e-04
1.885141468160247285e-04
1.882221726651357578e-04
1.879306507291400856e-04
1.876395803076390430e-04
1.873489607013186507e-04
1.870587912119482915e-04
1.867690711423785146e-04
1.864797997965397347e-04
1.861909764794404969e-04
1.859026004971656338e-04
1.856146711568748564e-04
1.853271877668009101e-04
1.850401496362479492e-04
1.847535560755899644e-04
1.844674063962688584e-04
1.841816999107931993e-04
1.838964359327362685e-04
1.836116137767345162e-04
1.833272327584858810e-04
1.830432921947481087e-04
1.827597914033372622e-04
1.824767297031258781e-04
1.821941064140415300e-04
1.819119208570650940e-04
1.816301723542290138e-04
1.813488602286160000e-04
1.810679838043569153e-04
1.807875424066296367e-04
1.805075353616570494e-04
1.802279619967057456e-04
1.799488216400841549e-04
1.796701136211410527e-04
1.793918372702640429e-04
1.791139919188776874e-04
1.788365768994420969e-04
1.785595915454513312e-04
1.782830351914316378e-04
1.780069071729401236e-04
1.777312068265628577e-04
1.774559334899134617e-04
1.771810865016315106e-04
1.769066652013808253e-04
1.766326689298480356e-04
1.763590970287409276e-04
1.760859488407867895e-04
1.758132237097310296e-04
1.755409209803353060e-04
1.752690399983763069e-04
1.749975801106438533e-04
1.747265406649395705e-04
1.744559210100751268e-04
1.741857204958708238e-04
1.739159384731539428e-04
1.736465742937572815e-04
1.733776273105174187e-04
1.731090968772734412e-04
1.728409823488649645e-04
1.725732830811311028e-04
1.723059984309085178e-04
1.720391277560299819e-04
1.717726704153229689e-04
1.715066257686080273e-04
1.712409931766970461e-04
1.709757720013921432e-04
1.707109616054836596e-04
1.704465613527490753e-04
1.701825706079511120e-04
1.699189887368364048e-04
1.696558151061339302e-04
1.693930490835534881e-04
1.691306900377841842e-04
1.688687373384929117e-04
1.686071903563227798e-04
1.683460484628918118e-04
1.680853110307911028e-04
1.678249774335835182e-04
1.675650470458022844e-04
1.673055192429492811e-04
1.670463934014936047e-04
1.667876688988701318e-04
1.665293451134778929e-04
1.662714214246787444e-04
1.660138972127958774e-04
1.657567718591120020e-04
1.655000447458683716e-04
1.652437152562629124e-04
1.649877827744488409e-04
1.647322466855332280e-04
1.644771063755755887e-04
1.642223612315862023e-04
1.639680106415248380e-04
1.637140539942991016e-04
1.634604906797632159e-04
1.632073200887163131e-04
1.629545416129010249e-04
1.627021546450022093e-04
1.624501585786451881e-04
1.621985528083946088e-04
1.619473367297526558e-04
1.616965097391578844e-04
1.614460712339836493e-04
1.611960206125366134e-04
1.609463572740553656e-04
1.606970806187090384e-04
1.604481900475956816e-04
1.601996849627409885e-04
1.599515647670968861e-04
1.597038288645398279e-04
1.594564766598697365e-04
1.592095075588082962e-04
1.589629209679976516e-04
1.587167162949989715e-04
1.584708929482909849e-04
1.582254503372684904e-04
1.579803878722412175e-04
1.577357049644320382e-04
1.574914010259758279e-04
1.572474754699179210e-04
1.570039277102128097e-04
1.567607571617225717e-04
1.565179632402155692e-04
1.562755453623651211e-04
1.560335029457478491e-04
1.557918354088426481e-04
1.555505421710289514e-04
1.553096226525854022e-04
1.550690762746887428e-04
1.548289024594119712e-04
1.545891006297234465e-04
1.543496702094850190e-04
1.541106106234508915e-04
1.538719212972663726e-04
1.536336016574662232e-04
1.533956511314734641e-04
1.531580691475977764e-04
1.529208551350345804e-04
1.526840085238630022e-04
1.524475287450451967e-04
1.522114152304244496e-04
1.519756674127241208e-04
1.517402847255461804e-04
1.515052666033697454e-04
1.512706124815498866e-04
1.510363217963162465e-04
1.508023939847716300e-04
1.505688284848905945e-04
1.503356247355182307e-04
1.501027821763687797e-04
1.498703002480241970e-04
1.496381783919329322e-04
1.494064160504085200e-04
1.491750126666281976e-04
1.489439676846317391e-04
1.487132805493198296e-04
1.484829507064530348e-04
1.482529776026502832e-04
1.480233606853876465e-04
1.477940994029968487e-04
1.475651932046641551e-04
1.473366415404288538e-04
1.471084438611820636e-04
1.468805996186654328e-04
1.466531082654696486e-04
1.464259692550333252e-04
1.461991820416415409e-04
1.459727460804246450e-04
1.457466608273567943e-04
1.455209257392548958e-04
1.452955402737770077e-04
1.450705038894212282e-04
1.448458160455243942e-04
1.446214762022605905e-04
1.443974838206401473e-04
1.441738383625081217e-04
1.439505392905430787e-04
1.437275860682557895e-04
1.435049781599879852e-04
1.432827150309110009e-04
1.430607961470245298e-04
1.428392209751553482e-04
1.426179889829560425e-04
1.423970996389036534e-04
1.421765524122983748e-04
1.419563467732626327e-04
1.417364821927392417e-04
1.415169581424905918e-04
1.412977740950972121e-04
1.410789295239564425e-04
1.408604239032812682e-04
1.406422567080990455e-04
1.404244274142502015e-04
1.402069354983869051e-04
1.399897804379720645e-04
1.397729617112777824e-04
1.395564787973842171e-04
1.393403311761784718e-04
1.391245183283529947e-04
1.389090397354047124e-04
1.386938948796335926e-04
1.384790832441414250e-04
1.382646043128305197e-04
1.380504575704025151e-04
1.378366425023573203e-04
1.376231585949915437e-04
1.374100053353974349e-04
1.371971822114618014e-04
1.369846887118644091e-04
1.367725243260770876e-04
1.365606885443624023e-04
1.363491808577723535e-04
1.361380007581471834e-04
1.359271477381143191e-04
1.357166212910868280e-04
1.355064209112624956e-04
1.352965460936224708e-04
1.350869963339301814e-04
1.348777711287298977e-04
1.346688699753456207e-04
1.344602923718801345e-04
1.342520378172133244e-04
1.340441058110012837e-04
1.338364958536752015e-04
1.336292074464397910e-04
1.334222400912724222e-04
1.332155932909217665e-04
1.330092665489067665e-04
1.328032593695151729e-04
1.325975712578025410e-04
1.323922017195910928e-04
1.321871502614683071e-04
1.319824163907859168e-04
1.317779996156587979e-04
1.315738994449634780e-04
1.313701153883373239e-04
1.311666469561769961e-04
1.309634936596376360e-04
1.307606550106314020e-04
1.305581305218263852e-04
1.303559197066457153e-04
1.301540220792658255e-04
1.299524371546157753e-04
1.297511644483758135e-04
1.295502034769764567e-04
1.293495537575970529e-04
1.291492148081647517e-04
1.289491861473535009e-04
1.287494672945825017e-04
1.285500577700154771e-04
1.283509570945591809e-04
1.281521647898625847e-04
1.279536803783153597e-04
1.277555033830469827e-04
1.275576333279255430e-04
1.273600697375564959e-04
1.271628121372816598e-04
1.269658600531779963e-04
1.267692130120564719e-04
1.265728705414610007e-04
1.263768321696670624e-04
1.261810974256810517e-04
1.259856658392385974e-04
1.257905369408037226e-04
1.255957102615677873e-04
1.254011853334481607e-04
1.252069616890871904e-04
1.250130388618510648e-04
1.248194163858288371e-04
1.246260937958309882e-04
1.244330706273885873e-04
1.242403464167520443e-04
1.240479207008900533e-04
1.238557930174885081e-04
1.236639629049492281e-04
1.234724299023890642e-04
1.232811935496386788e-04
1.230902533872414077e-04
1.228996089564522297e-04
1.227092597992366014e-04
1.225192054582695082e-04
1.223294454769340825e-04
1.221399793993207898e-04
1.219508067702261827e-04
1.217619271351518158e-04
1.215733400403032436e-04
1.213850450325888004e-04
1.211970416596186244e-04
1.210093294697034519e-04
1.208219080118536954e-04
1.206347768357782241e-04
1.204479354918833200e-04
1.202613835312715807e-04
1.200751205057409702e-04
1.198891459677834911e-04
1.197034594705843712e-04
1.195180605680207898e-04
1.193329488146609559e-04
1.191481237657629428e-04
1.189635849772736176e-04
1.187793320058276922e-04
1.185953644087464767e-04
1.184116817440369304e-04
1.182282835703906055e-04
1.180451694471825889e-04
1.178623389344703377e-04
1.176797915929927567e-04
1.174975269841690474e-04
1.173155446700977449e-04
1.171338442135555664e-04
1.169524251779964356e-04
1.167712871275503842e-04
1.165904296270225634e-04
1.164098522418921322e-04
1.162295545383112543e-04
1.160495360831040145e-04
1.158697964437654558e-04
1.156903351884604821e-04
1.155111518860228281e-04
1.153322461059540021e-04
1.151536174184222833e-04
1.149752653942617185e-04
1.147971896049710387e-04
1.146193896227126009e-04
1.144418650203114676e-04
1.142646153712542677e-04
1.140876402496882616e-04
1.139109392304202707e-04
1.137345118889156198e-04
1.135583578012972161e-04
1.133824765443444378e-04
1.132068676954921986e-04
1.130315308328298367e-04
1.128564655351002068e-04
1.126816713816985413e-04
1.125071479526715973e-04
1.123328948287164765e-04
1.121589115911797994e-04
1.119851978220565256e-04
1.118117531039890868e-04
1.116385770202662619e-04
1.114656691548223093e-04
1.112930290922358427e-04
1.111206564177289223e-04
1.109485507171659846e-04
1.107767115770529618e-04
1.106051385845361289e-04
1.104338313274012508e-04
1.102627893940724842e-04
1.100920123736114965e-04
1.099214998557163954e-04
1.097512514307208073e-04
1.095812666895928066e-04
1.094115452239340075e-04
1.092420866259785617e-04
1.090728904885921954e-04
1.089039564052711256e-04
1.087352839701413146e-04
1.085668727779572095e-04
1.083987224241009971e-04
1.082308325045815058e-04
1.080632026160332706e-04
1.078958323557155981e-04
1.077287213215115500e-04
1.075618691119269805e-04
1.073952753260895614e-04
1.072289395637479544e-04
1.070628614252705784e-04
1.068970405116449589e-04
1.067314764244765081e-04
1.065661687659877663e-04
1.064011171390172496e-04
1.062363211470187179e-04
1.060717803940600373e-04
1.059074944848223523e-04
1.057434630245990297e-04
1.055796856192948177e-04
1.054161618754247755e-04
1.052528914001135007e-04
1.050898738010939910e-04
1.049271086867068718e-04
1.047645956658992572e-04
1.046023343482278139e-04
1.044403243438620128e-04
1.042785652635536093e-04
1.041170567186609156e-04
1.039557983211499530e-04
1.037947896835879054e-04
1.036340304191420223e-04
1.034735201415786562e-04
1.033132584652623814e-04
1.031532450051550595e-04
1.029934793768148902e-04
1.028339611963954901e-04
1.026746900806450521e-04
1.025156656469052615e-04
1.023568875131105233e-04
1.021983552977870000e-04
1.020400686200516766e-04
1.018820270996114526e-04
1.017242303567622471e-04
1.015666780123880510e-04
1.014093696879600314e-04
1.012523050055356652e-04
1.010954835877577628e-04
1.009389050578535739e-04
1.007825690396339742e-04
1.006264751574924082e-04
1.004706230364041305e-04
1.003150123019251621e-04
1.001596425801915588e-04
1.000045134979183671e-04
9.984962468239879816e-05
9.969497576150331941e-05
9.954056636367877365e-05
9.938639611794741692e-05
9.923246465390617307e-05
9.907877160172556309e-05
9.892531659214897331e-05
9.877209925649165249e-05
9.861911922663991223e-05
9.846637613505021893e-05
9.831386961474820451e-05
9.816159929932798871e-05
9.800956482295112204e-05
9.785776582034578619e-05
9.770620192680592661e-05
9.755487277819030391e-05
9.740377801092170776e-05
9.725291726198603533e-05
9.710229016893142393e-05
9.695189636986738366e-05
9.680173550346391647e-05
9.665180720895067594e-05
9.650211112611605923e-05
9.635264689530639393e-05
9.620341415742500295e-05
9.605441255393144557e-05
9.590564172684056877e-05
9.575710131872165341e-05
9.560879097269758754e-05
9.546071033244399903e-05
9.531285904218842885e-05
9.516523674670936887e-05
9.501784309133555712e-05
9.487067772194502909e-05
9.472374028496427750e-05
9.457703042736742560e-05
9.443054779667538689e-05
9.428429204095498421e-05
9.413826280881809594e-05
9.399245974942085642e-05
9.384688251246282918e-05
9.370153074818609901e-05
9.355640410737441808e-05
9.341150224135252834e-05
9.326682480198507732e-05
9.312237144167596762e-05
9.297814181336750306e-05
9.283413557053944005e-05
9.269035236720829637e-05
9.254679185792640255e-05
9.240345369778116995e-05
9.226033754239419639e-05
9.211744304792046645e-05
9.197476987104749775e-05
9.183231766899455485e-05
9.169008609951182257e-05
9.154807482087952506e-05
9.140628349190716687e-05
9.126471177193273333e-05
9.112335932082176902e-05
9.098222579896667300e-05
9.084131086728583146e-05
9.070061418722277747e-05
9.056013542074540493e-05
9.041987423034520961e-05
9.027983027903635407e-05
9.014000323035500353e-05
9.000039274835840435e-05
8.986099849762412505e-05
8.972182014324921607e-05
8.958285735084947795e-05
8.944410978655859391e-05
8.930557711702731679e-05
8.916725900942273713e-05
8.902915513142744294e-05
8.889126515123866592e-05
8.875358873756761734e-05
8.861612555963856652e-05
8.847887528718809537e-05
8.834183759046432597e-05
8.820501214022606672e-05
8.806839860774213471e-05
8.793199666479040708e-05
8.779580598365715690e-05
8.765982623713625360e-05
8.752405709852828205e-05
8.738849824163987846e-05
8.725314934078289019e-05
8.711801007077357609e-05
8.698308010693183399e-05
8.684835912508048251e-05
8.671384680154438005e-05
8.657954281314973364e-05
8.644544683722327227e-05
8.631155855159148790e-05
8.617787763457984945e-05
8.604440376501207093e-05
8.591113662220928478e-05
8.577807588598929643e-05
8.564522123666585250e-05
8.551257235504778698e-05
8.538012892243830294e-05
8.524789062063425427e-05
8.511585713192529182e-05
8.498402813909317229e-05
8.485240332541094501e-05
8.472098237464219304e-05
8.458976497104035556e-05
8.445875079934784689e-05
8.432793954479533827e-05
8.419733089310112086e-05
8.406692453047017062e-05
8.393672014359349781e-05
8.380671741964736089e-05
8.367691604629250764e-05
8.354731571167351106e-05
8.341791610441788845e-05
8.328871691363543732e-05
8.315971782891746296e-05
8.303091854033604652e-05
8.290231873844328614e-05
8.277391811427053795e-05
8.264571635932776560e-05
8.251771316560263221e-05
8.238990822555990407e-05
8.226230123214065102e-05
8.213489187876155530e-05
8.200767985931412549e-05
8.188066486816393758e-05
8.175384660014997087e-05
8.162722475058387616e-05
8.150079901524912192e-05
8.137456909040046576e-05
8.124853467276301931e-05
8.112269545953163831e-05
8.099705114837019084e-05
8.087160143741078477e-05
8.074634602525307663e-05
8.062128461096358038e-05
8.049641689407480009e-05
8.037174257458467425e-05
8.024726135295581688e-05
8.012297293011469076e-05
7.999887700745105185e-05
7.987497328681710895e-05
7.975126147052681905e-05
7.962774126135527741e-05
7.950441236253786377e-05
7.938127447776959183e-05
7.925832731120443164e-05
7.913557056745456415e-05
7.901300395158963592e-05
7.889062716913610850e-05
7.876843992607655376e-05
7.864644192884888137e-05
7.852463288434567473e-05
7.840301249991354048e-05
7.828158048335230883e-05
7.816033654291435601e-05
7.803928038730399436e-05
7.791841172567663210e-05
7.779773026763816342e-05
7.767723572324426382e-05
7.755692780299965820e-05
7.743680621785747041e-05
7.731687067921850490e-05
7.719712089893050137e-05
7.707755658928756555e-05
7.695817746302936963e-05
7.683898323334052878e-05
7.671997361384984228e-05
7.660114831862964294e-05
7.648250706219516019e-05
7.636404955950377462e-05
7.624577552595431331e-05
7.612768467738645350e-05
7.600977673007990943e-05
7.589205140075390378e-05
7.577450840656636810e-05
7.565714746511330584e-05
7.553996829442812823e-05
7.542297061298094962e-05
7.530615413967792335e-05
7.518951859386057768e-05
7.507306369530511111e-05
7.495678916422172824e-05
7.484069472125402995e-05
7.472478008747825444e-05
7.460904498440262670e-05
7.449348913396672159e-05
7.437811225854078613e-05
7.426291408092506197e-05
7.414789432434912124e-05
7.403305271247118894e-05
7.391838896937753312e-05
7.380390281958169234e-05
7.368959398802396067e-05
7.357546220007061524e-05
7.346150718151326568e-05
7.334772865856825782e-05
7.323412635787596896e-05
7.312070000650015735e-05
7.300744933192731168e-05
7.289437406206600051e-05
7.278147392524619472e-05
7.266874865021865759e-05
7.255619796615422651e-05
7.244382160264323028e-05
7.233161928969485208e-05
7.221959075773638412e-05
7.210773573761264485e-05
7.199605396058536913e-05
7.188454515833244925e-05
7.177320906294741999e-05
7.166204540693874026e-05
7.155105392322914264e-05
7.144023434515502351e-05
7.132958640646583316e-05
7.121910984132333040e-05
7.110880438430101339e-05
7.099866977038355039e-05
7.088870573496599376e-05
7.077891201385327848e-05
7.066928834325947675e-05
7.055983445980725595e-05
7.045055010052716029e-05
7.034143500285708231e-05
7.023248890464157165e-05
7.012371154413117103e-05
7.001510265998183347e-05
6.990666199125429884e-05
6.979838927741345697e-05
6.969028425832772414e-05
6.958234667426839264e-05
6.947457626590902084e-05
6.936697277432487760e-05
6.925953594099218326e-05
6.915226550778760827e-05
6.904516121698759550e-05
6.893822281126773686e-05
6.883145003370221763e-05
6.872484262776313885e-05
6.861840033731988033e-05
6.851212290663854501e-05
6.840601008038134910e-05
6.830006160360593088e-05
6.819427722176482219e-05
6.808865668070483853e-05
6.798319972666633368e-05
6.787790610628276601e-05
6.777277556657998025e-05
6.766780785497563820e-05
6.756300271927862249e-05
6.745835990768839956e-05
6.735387916879442339e-05
6.724956025157556626e-05
6.714540290539942760e-05
6.704140688002185964e-05
6.693757192558624910e-05
6.683389779262298869e-05
6.673038423204882656e-05
6.662703099516635130e-05
6.652383783366328722e-05
6.642080449961195224e-05
6.631793074546868871e-05
6.621521632407322640e-05
6.611266098864808621e-05
6.601026449279799742e-05
6.590802659050935559e-05
6.580594703614955844e-05
6.570402558446645027e-05
6.560226199058768494e-05
6.550065601002023799e-05
6.539920739864972900e-05
6.529791591273989310e-05
6.519678130893191681e-05
6.509580334424396378e-05
6.499498177607051065e-05
6.489431636218175080e-05
6.479380686072309286e-05
6.469345303021455085e-05
6.459325462955006660e-05
6.449321141799708957e-05
6.439332315519589924e-05
6.429358960115899525e-05
6.419401051627067728e-05
6.409458566128627252e-05
6.399531479733170205e-05
6.389619768590285736e-05
6.379723408886501764e-05
6.369842376845229409e-05
6.359976648726703365e-05
6.350126200827930394e-05
6.340291009482626992e-05
6.330471051061163819e-05
6.320666301970512843e-05
6.310876738654183648e-05
6.301102337592169220e-05
6.291343075300897159e-05
6.281598928333161915e-05
6.271869873278073293e-05
6.262155886761002236e-05
6.252456945443523911e-05
6.242773026023356719e-05
6.233104105234313504e-05
6.223450159846237863e-05
6.213811166664956703e-05
6.204187102532220620e-05
6.194577944325646969e-05
6.184983668958664305e-05
6.175404253380458168e-05
6.165839674575916880e-05
6.156289909565575971e-05
6.146754935405558554e-05
6.137234729187526533e-05
6.127729268038622330e-05
6.118238529121416025e-05
6.108762489633841667e-05
6.099301126809158639e-05
6.089854417915881196e-05
6.080422340257734409e-05
6.071004871173592510e-05
6.061601988037431451e-05
6.052213668258267921e-05
6.042839889280107849e-05
6.033480628581894896e-05
6.024135863677450834e-05
6.014805572115426073e-05
6.005489731479244774e-05
5.996188319387047930e-05
5.986901313491643897e-05
5.977628691480452834e-05
5.968370431075451128e-05
5.959126510033121939e-05
5.949896906144398268e-05
5.940681597234611467e-05
5.931480561163438378e-05
5.922293775824843059e-05
5.913121219147033416e-05
5.903962869092399540e-05
5.894818703657463561e-05
5.885688700872828148e-05
5.876572838803121625e-05
5.867471095546947143e-05
5.858383449236827798e-05
5.849309878039157839e-05
5.840250360154145069e-05
5.831204873815762059e-05
5.822173397291695323e-05
5.813155908883286367e-05
5.804152386925487639e-05
5.795162809786804937e-05
5.786187155869249293e-05
5.777225403608280053e-05
5.768277531472757445e-05
5.759343517964891077e-05
5.750423341620186407e-05
5.741516981007390531e-05
5.732624414728446782e-05
5.723745621418439844e-05
5.714880579745542895e-05
5.706029268410970175e-05
5.697191666148922098e-05
5.688367751726538493e-05
5.679557503943842366e-05
5.670760901633693817e-05
5.661977923661733799e-05
5.653208548926341427e-05
5.644452756358572993e-05
5.635710524922121306e-05
5.626981833613258773e-05
5.618266661460787255e-05
5.609564987525991986e-05
5.600876790902585334e-05
5.592202050716663428e-05
5.583540746126649921e-05
5.574892856323247873e-05
5.566258360529391640e-05
5.557637238000194026e-05
5.549029468022899516e-05
5.540435029916832108e-05
5.531853903033345842e-05
5.523286066755776687e-05
5.514975741976474189e-05
