0.000000000000000000e+00
1.773866810821804614e-09
3.547733621643609228e-09
1.226300913405942140e-08
2.372519109685632198e-08
4.232885893543480716e-08
1.022197658365129761e-06
4.723240848016051162e-06
1.307440136661365992e-05
2.742548958890120173e-05
8.072690529200253484e-05
1.725156338770381635e-04
3.083866095404076343e-04
4.914492315302600558e-04
7.232591432274878889e-04
1.321244250297862795e-03
2.101159403475126586e-03
2.843631738227602422e-03
3.682694727414296144e-03
4.608430087095563565e-03
5.611011378008666853e-03
6.681037618225133326e-03
7.809678319867464566e-03
9.425054129802138206e-03
1.111632725964474717e-02
1.286837551408978771e-02
1.466855240692103643e-02
1.650642910730692331e-02
1.837347435974292023e-02
2.058516574473607738e-02
2.281859958913734499e-02
2.506694929729803151e-02
2.732504439523010531e-02
2.958894872154189254e-02
3.233842656143031541e-02
3.508786119360806505e-02
3.783448019336278084e-02
4.057624484181945185e-02
4.331172037035482814e-02
4.665476405369775592e-02
4.998568107310494280e-02
5.330364738768199329e-02
5.660830579700582704e-02
6.247071058596532361e-02
6.828871136901183692e-02
7.406212336150470865e-02
7.979108106981785964e-02
8.547581520939614985e-02
9.260755438021132935e-02
9.966962992120788345e-02
1.066626417476060212e-01
1.135871742061108636e-01
1.204439582384900370e-01
1.234566487027077414e-01
1.264562307617565218e-01
1.294427926900619530e-01
1.324163847647139847e-01
1.354916405887007791e-01
1.385530295390594580e-01
1.416006163102506432e-01
1.484895137257560838e-01
1.553077997929366294e-01
1.620561930347419188e-01
1.687353920533581630e-01
1.781400465400099220e-01
1.874074662672179370e-01
1.965396131006857672e-01
2.055384024812174915e-01
2.159057504643941139e-01
2.260960785943123830e-01
2.286163223444043491e-01
2.311257324577024042e-01
2.336243561903598442e-01
2.361122407985297988e-01
2.385894335383654530e-01
2.410823717230635155e-01
2.435644845906329292e-01
2.460358209336970248e-01
2.484963711876831127e-01
2.510352859837086670e-01
2.535627616172162480e-01
2.560788503320654552e-01
2.654113112460707580e-01
2.745869942401411024e-01
2.836084931918493868e-01
2.924783930093861062e-01
3.064933981080710801e-01
3.099375674725484142e-01
3.133582227870614356e-01
3.167555203567319344e-01
3.201296172205612134e-01
3.234806742271800206e-01
3.255987172326528789e-01
3.277075497517872860e-01
3.298072101540716616e-01
3.318977365337802965e-01
3.340103215769404388e-01
3.361135747179522237e-01
3.382075349214782589e-01
3.477264634868668658e-01
3.570533722033723545e-01
3.661918919166418096e-01
3.751456363410404782e-01
3.773556595314953577e-01
3.795544219264423424e-01
3.817419788897198907e-01
3.839183854892368464e-01
3.858314799469979017e-01
3.877359558285178309e-01
3.896318505031089452e-01
3.934873289798789808e-01
3.973073007998362827e-01
4.010920827782402109e-01
4.115190090316810378e-01
4.140837118593067578e-01
4.166317506170533203e-01
4.191623290317792461e-01
4.197926709594014261e-01
4.204219890839184792e-01
4.210497537723261741e-01
4.212066456283543592e-01
4.213634803903235082e-01
4.213700408726962499e-01
4.213766013550690470e-01
4.213897223198145858e-01
4.214028432845601246e-01
4.214159642422405372e-01
4.214185884111159019e-01
4.214194259441664259e-01
4.214202634754001253e-01
4.214219385323681455e-01
4.214236135325580834e-01
4.214252884567752933e-01
4.214420374062526342e-01
4.214587848675874215e-01
4.214755295891980391e-01
4.216427515015691574e-01
4.218092912450336351e-01
4.219747424473729303e-01
4.221388341243630382e-01
4.228087492412061499e-01
4.234289846556651415e-01
4.239900229773062024e-01
4.244877035529378007e-01
4.249221328284620292e-01
4.254679608092548082e-01
4.258863422718197622e-01
4.261946292930389180e-01
4.264103512002163088e-01
4.265496431340823347e-01
4.266268120620385629e-01
4.266543685994408919e-01
4.266249301143995587e-01
4.265529257590175427e-01
4.264493825314298325e-01
4.263225630488883255e-01
4.261510640982261733e-01
4.259630854595523597e-01
4.257637621333033584e-01
4.255567834989781861e-01
4.253122151514659999e-01
4.250632384927240937e-01
4.248114376215715859e-01
4.245579374806857098e-01
4.242909664972805972e-01
4.240232919184924176e-01
4.237553041039997526e-01
4.234872115193524245e-01
4.228928471557904523e-01
4.222990119924596719e-01
4.217059399051679702e-01
4.211137276994794676e-01
4.205223864078331819e-01
4.201209551426522970e-01
4.197199232295388827e-01
4.193193092717780734e-01
4.189191037704703136e-01
4.186412075708543790e-01
4.183635078763146553e-01
4.180860046868509761e-01
4.172009645700672786e-01
4.163179379500352439e-01
4.154369116933906980e-01
4.145578843636786304e-01
4.138845772718373062e-01
4.132124503080997213e-01
4.125414901540409573e-01
4.122218513245862748e-01
4.119024793165610432e-01
4.115833741299652071e-01
4.111913574849798692e-01
4.107997442735676352e-01
4.104085344957282833e-01
4.094987121349459858e-01
4.085910562249808198e-01
4.076855755181354457e-01
4.071596594510799028e-01
4.066344737502195494e-01
4.061100196811798790e-01
4.055862973822447204e-01
4.053298211222746139e-01
4.050735202901163401e-01
4.048173947431530362e-01
4.045635709265621438e-01
4.043099192141932918e-01
4.040564394669559634e-01
4.025372896582543603e-01
4.010243233798752027e-01
4.006470443546859550e-01
4.002701495057301995e-01
3.998936384122433463e-01
3.995175106534610832e-01
3.992654046297679504e-01
3.990134716706786877e-01
3.987617115145807301e-01
3.985126055453372951e-01
3.982636683064035843e-01
3.980148996904310232e-01
3.970377122752207222e-01
3.960631272166740269e-01
3.950911385802854947e-01
3.925510573329334951e-01
3.919188163391207902e-01
3.912876837746515624e-01
3.906576582634444517e-01
3.905003246292519936e-01
3.903430600402038042e-01
3.901858644701502454e-01
3.900287378929412907e-01
3.897842071499574290e-01
3.895398435307002027e-01
3.892956469364393102e-01
3.890521962447640036e-01
3.888089115899090453e-01
3.885657928738455169e-01
3.861437111720545379e-01
3.855407706822276404e-01
3.849388591083185984e-01
3.843379749257767042e-01
3.837381165894026558e-01
3.834971129488019548e-01
3.832562749462224416e-01
3.830156024820923211e-01
3.827761664375403661e-01
3.825368942629946423e-01
3.822977858602079060e-01
3.816430789382475597e-01
3.809896002469209120e-01
3.803373477616012188e-01
3.796410394673220834e-01
3.789461293367609729e-01
3.782526148850644532e-01
3.768697631416665361e-01
3.754924645255859339e-01
3.741206993316112950e-01
3.727544478777156112e-01
3.700071363005782432e-01
3.672821509368463522e-01
3.645793305663334039e-01
3.618985143851255470e-01
3.592395423024602463e-01
3.559062419659896337e-01
3.526073358644514211e-01
3.493425038811909245e-01
3.461114276016452052e-01
3.429137903528662323e-01
3.396354074347536223e-01
3.363922402980702997e-01
3.331839426418064520e-01
3.300101702810141480e-01
3.268705811782269821e-01
3.237648354764268710e-01
3.206925955312046050e-01
3.176535259408018730e-01
3.146472935662766313e-01
3.116735675533584549e-01
3.087320193551895686e-01
3.058223227512506526e-01
3.029441538683816937e-01
3.000971912005748199e-01
2.972811156183582937e-01
2.944956103795905999e-01
2.917403611502217831e-01
2.890150560151144021e-01
2.863193854772716485e-01
2.836530424722857324e-01
2.810157223844932939e-01
2.784071230377429540e-01
2.758269447073155023e-01
2.732748901262665453e-01
2.707506644847705868e-01
2.682539754317974645e-01
2.657845330777260928e-01
2.633420499939080339e-01
2.609262412111277851e-01
2.585368242183266885e-01
2.561735189603125962e-01
2.538360478342623350e-01
2.515241356857415012e-01
2.492375098041619275e-01
2.469758999174150871e-01
2.447390381858547959e-01
2.425266591957546125e-01
2.403384999521653298e-01
2.381742998711854631e-01
2.360338007717230902e-01
2.339167468667643357e-01
2.318228847541498050e-01
2.297519634068943550e-01
2.277037341630781808e-01
2.256779507153236497e-01
2.236743690998787004e-01
2.216927476853290668e-01
2.197328471609591161e-01
2.177944305247778711e-01
2.158772630712292584e-01
2.139811123786042879e-01
2.121057482961715146e-01
2.102509429310418509e-01
2.084164706347836626e-01
2.066021079898028856e-01
2.048076337955032356e-01
2.030328290542391390e-01
2.012774769570767619e-01
1.995413628693746277e-01
1.978242743161967576e-01
1.961260009675706850e-01
1.944463346236017243e-01
1.927850691994544008e-01
1.911420007102123120e-01
1.895169272556264661e-01
1.879096490047620915e-01
1.863199681805536301e-01
1.847476890442769082e-01
1.831926178799477278e-01
1.816545629786550653e-01
1.801333346228371768e-01
1.786287450705085211e-01
1.771406085394454655e-01
1.756687411913368801e-01
1.742129611159083935e-01
1.727730883150250529e-01
1.713489446867804689e-01
1.699403540095778264e-01
1.685471419262084547e-01
1.671691359279346700e-01
1.658061653385807244e-01
1.644580612986388801e-01
1.631246567493943589e-01
1.618057864170742155e-01
1.605012867970251056e-01
1.592109961379236660e-01
1.579347544260244485e-01
1.566724033694488760e-01
1.554237863825188026e-01
1.541887485701395333e-01
1.529671367122339976e-01
1.517587992482329340e-01
1.505635862616236109e-01
1.493813494645597206e-01
1.482119421825363603e-01
1.470552193391313767e-01
1.459110374408172095e-01
1.447792545618442617e-01
1.436597303291994310e-01
1.425523259076407756e-01
1.414569039848112553e-01
1.403733287564334353e-01
1.393014659115862641e-01
1.382411826180669490e-01
1.371923475078381527e-01
1.361548306625633697e-01
1.351285035992311201e-01
1.341132392558693487e-01
1.331089119773520013e-01
1.321153975012980542e-01
1.311325729440647181e-01
1.301603167868359001e-01
1.291985088618061162e-01
1.282470303384618815e-01
1.273057637099603290e-01
1.263745927796065538e-01
1.254534026474300179e-01
1.245420796968604304e-01
1.236405115815043670e-01
1.227485872120222532e-01
1.218661967431067528e-01
1.209932315605628805e-01
1.201295842684898807e-01
1.192751486765653984e-01
1.184298197874321390e-01
1.175934937841872502e-01
1.167660680179743726e-01
1.159474409956787466e-01
1.151375123677254031e-01
1.143361829159799808e-01
1.135433545417530166e-01
1.127589302539069027e-01
1.119828141570658048e-01
1.112149114399283711e-01
1.104551283636830139e-01
1.097033722505256770e-01
1.089595514722798975e-01
1.082235754391186466e-01
1.074953545883883255e-01
1.067748003735338458e-01
1.060618252531250610e-01
1.053563426799840747e-01
1.046582670904128987e-01
1.039675138935213933e-01
1.032839994606547102e-01
1.026076411149203227e-01
1.019383571208136718e-01
1.012760666739424692e-01
1.006206898908488107e-01
9.997214779892890646e-02
9.933036232644980312e-02
9.869525629266245881e-02
9.806675339801115832e-02
9.744477821443789378e-02
9.682925617578216904e-02
9.622011356827467332e-02
9.561727752112528234e-02
9.502067599720369351e-02
9.443023778381326450e-02
9.384589248355651447e-02
9.326757050529219106e-02
9.269520305518333392e-02
9.212872212783537740e-02
9.156806049752386212e-02
9.101315170951139455e-02
9.046393007145257792e-02
8.992033064488708094e-02
8.938228923681951210e-02
8.884974239138571095e-02
8.832262738160516491e-02
8.780088220121812226e-02
8.728444555660755388e-02
8.677325685880478423e-02
8.626725621557831958e-02
8.576638442360517978e-02
8.527058296072409505e-02
8.477979397826992947e-02
8.429396029348854014e-02
8.381302538203153074e-02
8.333693337053027506e-02
8.286562902924837770e-02
8.239905776481186439e-02
8.193716561301689350e-02
8.147989923171372606e-02
8.102720589376659344e-02
8.057903348008885192e-02
8.013533047275259169e-02
7.969604594817208953e-02
7.926112957036066109e-02
7.883053158425977480e-02
7.840420280914024709e-02
7.798209463207464442e-02
7.756415900148030951e-02
7.715034842073213717e-02
7.674061594184489188e-02
7.633491515922391502e-02
7.593320020348409694e-02
7.553542573533594817e-02
7.514154693953845054e-02
7.475151951891817470e-02
7.436529968845359551e-02
7.398284416942435548e-02
7.360411018362465752e-02
7.322905544764038432e-02
7.285763816718891783e-02
7.248981703152160283e-02
7.212555120788755048e-02
7.176480033605897590e-02
7.140752452291677932e-02
7.105368433709607912e-02
7.070324080369110031e-02
7.035615539901887705e-02
7.001239004544081157e-02
6.967190710624208971e-02
6.933466938056789819e-02
6.900064009841602730e-02
6.866978291568534565e-02
6.834206190927955005e-02
6.801744157226541354e-02
6.769588680908546208e-02
6.737736293082385863e-02
6.706183565052561968e-02
6.674927107856809538e-02
6.643963571808443602e-02
6.613289646043839232e-02
6.582902058075008889e-02
6.552797573347195204e-02
6.522972994801448654e-02
6.493425162442138798e-02
6.464150952909324122e-02
6.435147279055961067e-02
6.406411089529881475e-02
6.377939368360478756e-02
6.349729134550081977e-02
6.321777441669945707e-02
6.294081377460811200e-02
6.266638063437990347e-02
6.239444654500932858e-02
6.212498338547207954e-02
6.185796336090881864e-02
6.159335899885209908e-02
6.133114314549634183e-02
6.107128896201004242e-02
6.081376992089006922e-02
6.055855980235729658e-02
6.030563269079339955e-02
6.005496297121818566e-02
5.980652532580708197e-02
5.956029473044834044e-02
5.931624645133952434e-02
5.907435604162283166e-02
5.883459933805889469e-02
5.859695245773851452e-02
5.836139179483198353e-02
5.812789401737572526e-02
5.789643606409545368e-02
5.766699514126596288e-02
5.743954871960665204e-02
5.721407453121277187e-02
5.699055056652177487e-02
5.676895507131441559e-02
5.654926654375032335e-02
5.633146373143756158e-02
5.611552562853579229e-02
5.590143147289276804e-02
5.568916074321365872e-02
5.547869315626294262e-02
5.527000866409843838e-02
5.506308745133717264e-02
5.485790993245272251e-02
5.465445674910354712e-02
5.445270876749219030e-02
5.425264707575486178e-02
5.405425298138105683e-02
5.385750800866291599e-02
5.366239389617402655e-02
5.346889259427720087e-02
5.327698626266107185e-02
5.308665726790510325e-02
5.289788818107264007e-02
5.271066177533180463e-02
5.252496102360378061e-02
5.234076909623837370e-02
5.215806935871627331e-02
5.197684536937800109e-02
5.179708087717897758e-02
5.161875981947068592e-02
5.144186631980733615e-02
5.126638468577797425e-02
5.109229940686373095e-02
5.091959515231971045e-02
5.074825676908149841e-02
5.057826927969593517e-02
5.040961788027568946e-02
5.024228793847770880e-02
5.007626499150491517e-02
4.991153474413120850e-02
4.974808306674922964e-02
4.958589599344077198e-02
4.942495972006966110e-02
4.926526060239656835e-02
4.910678515421585538e-02
4.894952004551393621e-02
4.879345210064899713e-02
4.863856829655189423e-02
4.848485576094785365e-02
4.833230177059888444e-02
4.818089374956653625e-02
4.803061926749482846e-02
4.788146603791318401e-02
4.773342191655897265e-02
4.758647489971962186e-02
4.744061312259391372e-02
4.729582485767240552e-02
4.715209851313658523e-02
4.700942263127666498e-02
4.686778588692780412e-02
4.672717708592442898e-02
4.658758516357260071e-02
4.644899918314009807e-02
4.631140833436409032e-02
4.617480193197612270e-02
4.603916941424431031e-02
4.590450034153244208e-02
4.577078439487589079e-02
4.563801137457411394e-02
4.550617119879940553e-02
4.537525390222202359e-02
4.524524963465118704e-02
4.511614865969190702e-02
4.498794135341756956e-02
4.486061820305778380e-02
4.473416980570170398e-02
4.460858686701627690e-02
4.448386019997958851e-02
4.435998072362883071e-02
4.423693946182288839e-02
4.411472754201936630e-02
4.399333619406591012e-02
4.387275674900546762e-02
4.375298063789560821e-02
4.363399939064153271e-02
4.351580463484272521e-02
4.339838809465302455e-02
4.328174158965397700e-02
4.316585703374131722e-02
4.305072643402449439e-02
4.293634188973894511e-02
4.282269559117108521e-02
4.270977981859588185e-02
4.259758694122670747e-02
4.248610941617757958e-02
4.237533978743736329e-02
4.226527068485606831e-02
4.215589482314284486e-02
4.204720500087578972e-02
4.193919409952326371e-02
4.183185508247652673e-02
4.172518099409384257e-02
4.161916495875556815e-02
4.151380017993037963e-02
4.140907993925238562e-02
4.130499759560889161e-02
4.120154658423902383e-02
4.109872041584267111e-02
4.099651267569991153e-02
4.089491702280077801e-02
4.079392718898505049e-02
4.069353697809222070e-02
4.059374026512126143e-02
4.049453099540033241e-02
4.039590318376606870e-02
4.029785091375250039e-02
4.020036833678947152e-02
4.010344967141034334e-02
4.000708920246903721e-02
3.991128128036613987e-02
3.981602032028413313e-02
3.972130080143146391e-02
3.962711726629548903e-02
3.953346431990419074e-02
3.944033662909640636e-02
3.934772892180071757e-02
3.925563598632261786e-02
3.916405267064011070e-02
3.907297388170753727e-02
3.898239458476743247e-02
3.889230980267061044e-02
3.880271461520393150e-02
3.871360415842618752e-02
3.862497362401158540e-02
3.853681825860094667e-02
3.844913336316046343e-02
3.836191429234802469e-02
3.827515645388684939e-02
3.818885530794648153e-02
3.810300636653105727e-02
3.801760519287465667e-02
3.793264740084372616e-02
3.784812865434658558e-02
3.776404466674967292e-02
3.768039120030072797e-02
3.759716406555872747e-02
3.751435912083035673e-02
3.743197227161325358e-02
3.734999947004558063e-02
3.726843671436214783e-02
3.718728004835684942e-02
3.710652556085140136e-02
3.702616938517026141e-02
3.694620769862171084e-02
3.686663672198498692e-02
3.678745271900343144e-02
3.670865199588356498e-02
3.663023090079997601e-02
3.655218582340601791e-02
3.647451319435031369e-02
3.639720948479872875e-02
3.632027120596210273e-02
3.624369490862943549e-02
3.616747718270650613e-02
3.609161465675993913e-02
3.601610399756658559e-02
3.594094190966811569e-02
3.586612513493092624e-02
3.579165045211107898e-02
3.571751467642444305e-02
3.564371465912173631e-02
3.557024728706865979e-02
3.549710948233085472e-02
3.542429820176371674e-02
3.535181043660709510e-02
3.527964321208461318e-02
3.520779358700773520e-02
3.513625865338447507e-02
3.506503553603266404e-02
3.499412139219770096e-02
3.492351341117485436e-02
3.485320881393589448e-02
3.478320485276018004e-02
3.471349881086996381e-02
3.464408800207003508e-02
3.457496977039156705e-02
3.450614148974008588e-02
3.443760056354761012e-02
3.436934442442879378e-02
3.430137053384118423e-02
3.423367638174934502e-02
3.416625948629301024e-02
3.409911739345904830e-02
3.403224767675724904e-02
3.396564793689999667e-02
3.389931580148558554e-02
3.383324892468531075e-02
3.376744498693416002e-02
3.370190169462519009e-02
3.363661677980740727e-02
3.357158799988722853e-02
3.350681313733341188e-02
3.344228999938546332e-02
3.337801641776541595e-02
3.331399024839300921e-02
3.325020937110419184e-02
3.318667168937289302e-02
3.312337513003610345e-02
3.306031764302211351e-02
3.299749720108195727e-02
3.293491179952399289e-02
3.287255945595157769e-02
3.281043821000386579e-02
3.274854612309952007e-02
3.268688127818353967e-02
3.262544177947700880e-02
3.256422575222973903e-02
3.250323134247581902e-02
3.244245671679207854e-02
3.238190006205932114e-02
3.232155958522631156e-02
3.226143351307662888e-02
3.220152009199818421e-02
3.214181758775540992e-02
3.208232428526416186e-02
3.202303848836923067e-02
3.196395851962446910e-02
3.190508272007545887e-02
3.184640944904477272e-02
3.178793708391966510e-02
3.172966401994235797e-02
3.167158867000266498e-02
3.161370946443312763e-02
3.155602485080648972e-02
3.149853329373557276e-02
3.144123327467548273e-02
3.138412329172812765e-02
3.132720185944902480e-02
3.127046750865634245e-02
3.121391878624223126e-02
3.115755425498629300e-02
3.110137249337130427e-02
3.104537209540101511e-02
3.098955167042013320e-02
3.093390984293641066e-02
3.087844525244478125e-02
3.082315655325356882e-02
3.076804241431275316e-02
3.071310151904419611e-02
3.065833256517389721e-02
3.060373426456616461e-02
3.054930534305978426e-02
3.049504454030604189e-02
3.044095060960869126e-02
3.038702231776577514e-02
3.033325844491323309e-02
3.027965778437048672e-02
3.022621914248767999e-02
3.017294133849476867e-02
3.011982320435237920e-02
3.006686358460442313e-02
3.001406133623238381e-02
2.996141532851134825e-02
2.990892444286770424e-02
2.985658757273853409e-02
2.980440362343258348e-02
2.975237151199293384e-02
2.970049016706122896e-02
2.964875852874350112e-02
2.959717554847757226e-02
2.954574018890199910e-02
2.949445142372656911e-02
2.944330823760427790e-02
2.939230962600480196e-02
2.934145459508950143e-02
2.929074216158783842e-02
2.924017135267524548e-02
2.918974120585242360e-02
2.913945076882606608e-02
2.908929909939097017e-02
2.903928526531349141e-02
2.898940834421643090e-02
2.893966742346519572e-02
2.889006160005534035e-02
2.884058998050140904e-02
2.879125168072703411e-02
2.874204582595641169e-02
2.869297155060694660e-02
2.864402799818320522e-02
2.859521432117212436e-02
2.854652968093938925e-02
2.849797324762706058e-02
2.844954420005238460e-02
2.840124172560781757e-02
2.835306502016214647e-02
2.830501328796283800e-02
2.825708574153950811e-02
2.820928160160849490e-02
2.816160009697854863e-02
2.811404046445767704e-02
2.806660194876101772e-02
2.801928380241981015e-02
2.797208528569142955e-02
2.792500566647047877e-02
2.787804422020090378e-02
2.783120022978916724e-02
2.778447298551838668e-02
2.773786178496352034e-02
2.769136593290751069e-02
2.764498474125844096e-02
2.759871752896765271e-02
2.755256362194876546e-02
2.750652235299773027e-02
2.746059306171374018e-02
2.741477509442112256e-02
2.736906780409211620e-02
2.732347055027052607e-02
2.727798269899631839e-02
2.723260362273108651e-02
2.718733270028432514e-02
2.714216931674067954e-02
2.709711286338793018e-02
2.705216273764589688e-02
2.700731834299611306e-02
2.696257908891241256e-02
2.691794439079218254e-02
2.687341366988858782e-02
2.682898635324343362e-02
2.678466187362093034e-02
2.674043966944214881e-02
2.669631918472029769e-02
2.665229986899671569e-02
2.660838117727765129e-02
2.656456256997171902e-02
2.652084351282817110e-02
2.647722347687580038e-02
2.643370193836263454e-02
2.639027837869627538e-02
2.634695228438495990e-02
2.630372314697931868e-02
2.626059046301480737e-02
2.621755373395476957e-02
2.617461246613424913e-02
2.613176617070436802e-02
2.608901436357742576e-02
2.604635656537257482e-02
2.600379230136221076e-02
2.596132110141888272e-02
2.591894249996292560e-02
2.587665603591064734e-02
2.583446125262311641e-02
2.579235769785558074e-02
2.575034492370744527e-02
2.570842248657287388e-02
2.566658994709189456e-02
2.562484687010215673e-02
2.558319282459120547e-02
2.554162738364932142e-02
2.550015012442290868e-02
2.545876062806842061e-02
2.541745847970685798e-02
2.537624326837875643e-02
2.533511458699969077e-02
2.529407203231636564e-02
2.525311520486313299e-02
2.521224370891909580e-02
2.517145715246562471e-02
2.513075514714448178e-02
2.509013730821630511e-02
2.504960325451967978e-02
2.500915260843065285e-02
2.496878499582268207e-02
2.492850004602712582e-02
2.488829739179411471e-02
2.484817666925394700e-02
2.480813751787887961e-02
2.476817958044541523e-02
2.472830250299697802e-02
2.468850593480706457e-02
2.464878952834280781e-02
2.460915293922895375e-02
2.456959582621228572e-02
2.453011785112644422e-02
2.449071867885714918e-02
2.445139797730785935e-02
2.441215541736579259e-02
2.437299067286837276e-02
2.433390342057003414e-02
2.429489334010948021e-02
2.425596011397720964e-02
2.421710342748355574e-02
2.417832296872698267e-02
2.413961842856281181e-02
2.410098950057231251e-02
2.406243588103212927e-02
2.402395726888407329e-02
2.398555336570526442e-02
2.394722387567863042e-02
2.390896850556373937e-02
2.387078696466797545e-02
2.383267896481805481e-02
2.379464422033186755e-02
2.375668244799062842e-02
2.371879336701139887e-02
2.368097669901989000e-02
2.364323216802358130e-02
2.360555950038519674e-02
2.356795842479639941e-02
2.353042867225191639e-02
2.349296997602385445e-02
2.345558207163635570e-02
2.341826469684059331e-02
2.338101759158995804e-02
2.334384049801562985e-02
2.330673316040237503e-02
2.326969532516464517e-02
2.323272674082297456e-02
2.319582715798059955e-02
2.315899632930039018e-02
2.312223400948204555e-02
2.308553995523954933e-02
2.304891392527888203e-02
2.301235568027598655e-02
2.297586498285501821e-02
2.293944159756682033e-02
2.290308529086767381e-02
2.286679583109824110e-02
2.283057298846283972e-02
2.279441653500887538e-02
2.275832624460655609e-02
2.272230189292884228e-02
2.268634325743161539e-02
2.265045011733408595e-02
2.261462225359941319e-02
2.257885944891558500e-02
2.254316148767647465e-02
2.250752815596314405e-02
2.247195924152538271e-02
2.243645453376340304e-02
2.240101382370980609e-02
2.236563690401173476e-02
2.233032356891322123e-02
2.229507361423774953e-02
2.225988683737104012e-02
2.222476303724400110e-02
2.218970201431589434e-02
2.215470357055769959e-02
2.211976750943565190e-02
2.208489363589499765e-02
2.205008175634393108e-02
2.201533167863770762e-02
2.198064321206291694e-02
2.194601616732202304e-02
2.191145035651796691e-02
2.187694559313905357e-02
2.184250169204395020e-02
2.180811846944687160e-02
2.177379574290295647e-02
2.173953333129378940e-02
2.170533105481309288e-02
2.167118873495260667e-02
2.163710619448811975e-02
2.160308325746563771e-02
2.156911974918774427e-02
2.153521549620013298e-02
2.150137032627821854e-02
2.146758406841400499e-02
2.143385655280304058e-02
2.140018761083152185e-02
2.136657707506359888e-02
2.133302477922875001e-02
2.129953055820939245e-02
2.126609424802855530e-02
2.123271568583773652e-02
2.119939470990490904e-02
2.116613115960262054e-02
2.113292487539629450e-02
2.109977569883259713e-02
2.106668347252799167e-02
2.103364804015741413e-02
2.100066924644305305e-02
2.096774693714328203e-02
2.093488095904174132e-02
2.090207115993646808e-02
2.086931738862926600e-02
2.083661949491508181e-02
2.080397732957160045e-02
2.077139074434889224e-02
2.073885959195920226e-02
2.070638372606689245e-02
2.067396300127842534e-02
2.064159727313255241e-02
2.060928639809052332e-02
2.057703023352648597e-02
2.054482863771795592e-02
2.051268146983639684e-02
2.048058858993792586e-02
2.044854985895412300e-02
2.041656513868293082e-02
2.038463429177966857e-02
2.035275718174815729e-02
2.032093367293194910e-02
2.028916363050561542e-02
2.025744692046620860e-02
2.022578340962476184e-02
2.019417296559790354e-02
2.016261545679958606e-02
2.013111075243288056e-02
2.009965872248188276e-02
2.006825923770372277e-02
2.003691216962064786e-02
2.000561739051218146e-02
1.997437477340743839e-02
1.994318419207743651e-02
1.991204552102755765e-02
1.988095863549009870e-02
1.984992341141687475e-02
1.981893972547191934e-02
1.978800745502427849e-02
1.975712647814088438e-02
1.972629667357949507e-02
1.969551792078173824e-02
1.966479009986621396e-02
1.963411309162169452e-02
1.960348677750039376e-02
1.957291103961130568e-02
1.954238576071364725e-02
1.951191082421031148e-02
1.948148611414150799e-02
1.945111151517833759e-02
1.942078691261656803e-02
1.939051219237040297e-02
1.936028724096632708e-02
1.933011194553706930e-02
1.929998619381557978e-02
1.926990987412912151e-02
1.923988287539338954e-02
1.920990508710672742e-02
1.917997639934438531e-02
1.915009670275288206e-02
1.912026588854437437e-02
1.909048384849113683e-02
1.906075047492011149e-02
1.903106566070745381e-02
1.900142929927322796e-02
1.897184128457609503e-02
1.894230151110808807e-02
1.891280987388946344e-02
1.888336626846357641e-02
1.885397059089182620e-02
1.882462273774869466e-02
1.879532260611676761e-02
1.876607009358189151e-02
1.873686509822834051e-02
1.870770751863403553e-02
1.867859725386585013e-02
1.864953420347491980e-02
1.862051826749206579e-02
1.859154934642322232e-02
1.856262734124494718e-02
1.853375215339994955e-02
1.850492368479269428e-02
1.847614183778506503e-02
1.844740651519203786e-02
1.841871762027744858e-02
1.839007505674977033e-02
1.836147872875796769e-02
1.833292854088738183e-02
1.830442439815566438e-02
1.827596620600875632e-02
1.824755387031692586e-02
1.821918729737083409e-02
1.819086639387764576e-02
1.816259106695719550e-02
1.813436122413820614e-02
1.810617677335449316e-02
1.807803762294131825e-02
1.804994368163165275e-02
1.802189485855259024e-02
1.799389106322175913e-02
1.796593220554376993e-02
1.793801819580669032e-02
1.791014894467862079e-02
1.788232436320421476e-02
1.785454436280133755e-02
1.782680885525769060e-02
1.779911775272749810e-02
1.777147096772824231e-02
1.774386841313741262e-02
1.771631000218931024e-02
1.768879564847188404e-02
1.766132526592358379e-02
1.763389876883029658e-02
1.760651607182224174e-02
1.757917708987097663e-02
1.755188173828639564e-02
1.752462993271377417e-02
1.749742158913081963e-02
1.747025662384481953e-02
1.744313495348973411e-02
1.741605649502340342e-02
1.738902116572473358e-02
1.736202888319092474e-02
1.733507956533476141e-02
1.730817313038187505e-02
1.728130949686808651e-02
1.725448858363676924e-02
1.722771030983620555e-02
1.720097459491704700e-02
1.717428135862969843e-02
1.714763052102184424e-02
1.712102200243590874e-02
1.709445572350660331e-02
1.706793160515847688e-02
1.704144956860349086e-02
1.701500953533863214e-02
1.698861142714355385e-02
1.696225516607823350e-02
1.693594067448064844e-02
1.690966787496451726e-02
1.688343669041699260e-02
1.685724704399647195e-02
1.683109885913036327e-02
1.680499205951288891e-02
1.677892656910293795e-02
1.675290231212191866e-02
1.672691921305165599e-02
1.670097719663227176e-02
1.667507618786013418e-02
1.664921611198582133e-02
1.662339689451207414e-02
1.659761846119179457e-02
1.657188073802609227e-02
1.654618365126230353e-02
1.652052712739205537e-02
1.649491109314935727e-02
1.646933547550870694e-02
1.644380020168321327e-02
1.641830519912274369e-02
1.639285039551209577e-02
1.636743571876916881e-02
1.634206109704319093e-02
1.631672645871294625e-02
1.629143173238499498e-02
1.626617684689195958e-02
1.624096173129081083e-02
1.621578631486115737e-02
1.619065052710358388e-02
1.616555429773796487e-02
1.614049755670184799e-02
1.611548023414881986e-02
1.609050226044688586e-02
1.606556356617691236e-02
1.604066408213101341e-02
1.601580373931102766e-02
1.599098246892697445e-02
1.596620020239550644e-02
1.594145687133844552e-02
1.591675240758125970e-02
1.589208674315160247e-02
1.586745981027785565e-02
1.584287154138768611e-02
1.581832186910663018e-02
1.579381072625665738e-02
1.576933804585480339e-02
1.574490376111177189e-02
1.572050780543057455e-02
1.569615011240517097e-02
1.567183061581915726e-02
1.564754924964441296e-02
1.562330594803980344e-02
1.559910064534990315e-02
1.557493327610368072e-02
1.555080377501326383e-02
1.552671207697267630e-02
1.550265811705658567e-02
1.547864183051909058e-02
1.545466315279249957e-02
1.543072201948613234e-02
1.540681836638512978e-02
1.538295212944928991e-02
1.535912324481188487e-02
1.533533164877852635e-02
1.531157727782601202e-02
1.528786006860121532e-02
1.526417995791996135e-02
1.524053688276591836e-02
1.521693078028951707e-02
1.519336158780686813e-02
1.516982924279868666e-02
1.514633368290924098e-02
1.512287484594530135e-02
1.509945266987511303e-02
1.507606709282736067e-02
1.505271805309016213e-02
1.502940548911005370e-02
1.500612933949101863e-02
1.498288954299348448e-02
1.495968603853335341e-02
1.493651876518104979e-02
1.491338766216055399e-02
1.489029266884847602e-02
1.486723372477311012e-02
1.484421076961351185e-02
1.482122374319859610e-02
1.479827258550621590e-02
1.477535723666227596e-02
1.475247763693985671e-02
1.472963372675831911e-02
1.470682544668244947e-02
1.468405273742158859e-02
1.466131553982880260e-02
1.463861379490002251e-02
1.461594744377322369e-02
1.459331642772757932e-02
1.457072068818267632e-02
1.454816016669769133e-02
1.452563480497058405e-02
1.450314454483732189e-02
1.448068932827108191e-02
1.445826909738149105e-02
1.443588379441384031e-02
1.441353336174834229e-02
1.439121774189936614e-02
1.436893687751469514e-02
1.434669071137480156e-02
1.432447918639209727e-02
1.430230224561023292e-02
1.428015983220335544e-02
1.425805188947543330e-02
1.423597836085952612e-02
1.421393918991710296e-02
1.419193432033735713e-02
1.416996369593652785e-02
1.414802726065720814e-02
1.412612495856770643e-02
1.410425673386135788e-02
1.408242253085589465e-02
1.406062229399277982e-02
1.403885596783657416e-02
1.401712349707430472e-02
1.399542482651483510e-02
1.397375990108823234e-02
1.395212866584515793e-02
1.393053106595626769e-02
1.390896704671158550e-02
1.388743655351992734e-02
1.386593953190829245e-02
1.384447592752127525e-02
1.382304568612050324e-02
1.380164875358403688e-02
1.378028507590581958e-02
1.375895459919509317e-02
1.373765726967585837e-02
1.371639303368631449e-02
1.369516183767829562e-02
1.367396362821674503e-02
1.365279835197917568e-02
1.363166595575512896e-02
1.361056638644564734e-02
1.358949959106275918e-02
1.356846551672894613e-02
1.354746411067665746e-02
1.352649532024776009e-02
1.350555909289307202e-02
1.348465537617185052e-02
1.346378411775128563e-02
1.344294526540603524e-02
1.342213876701770989e-02
1.340136457057442693e-02
1.338062262417029705e-02
1.335991287600498019e-02
1.333923527438321370e-02
1.331858976771433528e-02
1.329797630451184237e-02
1.327739483339291510e-02
1.325684530307799647e-02
1.323632766239031533e-02
1.321584186025546309e-02
1.319538784570095137e-02
1.317496556785576964e-02
1.315457497594997582e-02
1.313421601931423835e-02
1.311388864737944235e-02
1.309359280967625425e-02
1.307332845583471584e-02
1.305309553558382449e-02
1.303289399875113413e-02
1.301272379526234590e-02
1.299258487514090912e-02
1.297247718850762059e-02
1.295240068558024121e-02
1.293235531667309875e-02
1.291234103219670096e-02
1.289235778265735224e-02
1.287240551865677721e-02
1.285248419089174768e-02
1.283259375015370109e-02
1.281273414732837443e-02
1.279290533339543998e-02
1.277310725942813578e-02
1.275333987659291526e-02
1.273360313614908118e-02
1.271389698944843175e-02
1.269422138793492062e-02
1.267457628314429090e-02
1.265496162670374722e-02
1.263537737033159844e-02
1.261582346583693497e-02
1.259629986511927660e-02
1.257680652016824989e-02
1.255734338306324985e-02
1.253791040597311904e-02
1.251850754115581971e-02
1.249913474095810245e-02
1.247979195781520091e-02
1.246047914425050737e-02
1.244119625287525704e-02
1.242194323638822102e-02
1.240272004757539057e-02
1.238352663930967351e-02
1.236436296455059244e-02
1.234522897634398111e-02
1.232612462782167739e-02
1.230704987220123531e-02
1.228800466278563708e-02
1.226898895296298260e-02
1.225000269620621189e-02
1.223104584607281366e-02
1.221211835620454426e-02
1.219322018032713631e-02
1.217435127225003494e-02
1.215551158586609080e-02
1.213670107515131547e-02
1.211791969416458475e-02
1.209916739704737509e-02
1.208044413802349462e-02
1.206174987139881430e-02
1.204308455156100077e-02
1.202444813297925616e-02
1.200584057020405090e-02
1.198726181786687051e-02
1.196871183067995011e-02
1.195019056343603163e-02
1.193169797100809490e-02
1.191323400834911825e-02
1.189479863049181831e-02
1.187639179254841582e-02
1.185801344971037022e-02
1.183966355724815761e-02
1.182134207051100706e-02
1.180304894492667858e-02
1.178478413600120983e-02
1.176654759931868889e-02
1.174833929054100792e-02
1.173015916540764980e-02
1.171200717973542964e-02
1.169388328941828661e-02
1.167578745042704286e-02
1.165771961880918139e-02
1.163967975068862237e-02
1.162166780226549408e-02
1.160368372981591609e-02
1.158572748969177724e-02
1.156779903832051010e-02
1.154989833220489148e-02
1.153202532792280653e-02
1.151417998212704401e-02
1.149636225154508293e-02
1.147857209297888093e-02
1.146080946330466435e-02
1.144307431947272358e-02
1.142536661850719615e-02
1.140768631750587250e-02
1.139003337363998086e-02
1.137240774415399641e-02
1.135480938636542966e-02
1.133723825766463564e-02
1.131969431551460570e-02
1.130217751745077846e-02
1.128468782108083684e-02
1.126722518408452070e-02
1.124978956421342560e-02
1.123238091929081722e-02
1.121499920721143705e-02
1.119764438594131328e-02
1.118031641351757872e-02
1.116301524804826778e-02
1.114574084771214474e-02
1.112849317075852162e-02
1.111127217550705870e-02
1.109407782034759274e-02
1.107691006373995660e-02
1.105976886421380229e-02
1.104265418036840321e-02
1.102556597087250498e-02
1.100850419446412071e-02
1.099146880995038184e-02
1.097445977620733516e-02
1.095747705217979540e-02
1.094052059688115607e-02
1.092359036939322819e-02
1.090668632886606509e-02
1.088980843451779063e-02
1.087295664563443960e-02
1.085613092156977738e-02
1.083933122174515415e-02
1.082255750564931410e-02
1.080580973283825491e-02
1.078908786293504563e-02
1.077239185562968091e-02
1.075572167067890585e-02
1.073907726790606157e-02
1.072245860720093084e-02
1.070586564851956982e-02
1.068929835188415882e-02
1.067275667738283584e-02
1.065624058516955602e-02
1.063975003546391643e-02
1.062328498855102596e-02
1.060684540478132667e-02
1.059043124457046368e-02
1.057404246839912035e-02
1.055767903681287256e-02
1.054134091042203958e-02
1.052502804990152960e-02
1.050874041599069927e-02
1.049247796949320452e-02
1.047624067127684439e-02
1.046002848227342921e-02
1.044384136347863840e-02
1.042767927595184690e-02
1.041154218081601947e-02
1.039543003925754577e-02
1.037934281252610343e-02
1.036328046193451917e-02
1.034724294885862317e-02
1.033123023473711891e-02
1.031524228107143573e-02
1.029927904942559008e-02
1.028334050142605538e-02
1.026742659876161978e-02
1.025153730318324914e-02
1.023567257650395516e-02
1.021983238059866531e-02
1.020401667740407532e-02
1.018822542891852784e-02
1.017245859720186836e-02
1.015671614437532906e-02
1.014099803262138652e-02
1.012530422418362989e-02
1.010963468136663601e-02
1.009398936653583927e-02
1.007836824211739632e-02
1.006277127059806986e-02
1.004719841452508464e-02
1.003164963650602162e-02
1.001612489920867405e-02
1.000062416536092250e-02
9.985147397750627346e-03
9.969694559225477856e-03
9.954265612692889814e-03
9.938860521119873698e-03
9.923479247532906306e-03
9.908121755017824939e-03
9.892788006719686889e-03
9.877477965842654944e-03
9.862191595649888107e-03
9.846928859463397604e-03
9.831689720663953219e-03
9.816474142690946245e-03
9.801282089042278461e-03
9.786113523274238973e-03
9.770968409001400123e-03
9.755846709896482186e-03
9.740748389690245812e-03
9.725673412171377541e-03
9.710621741186378775e-03
9.695593340639432206e-03
9.680588174492311612e-03
9.665606206764248282e-03
9.650647401531830399e-03
9.635711722928881617e-03
9.620799135146355235e-03
9.605909602432211036e-03
9.591043089091323345e-03
9.576199559485347457e-03
9.561378978032625958e-03
9.546581309208070770e-03
9.531806517543046919e-03
9.517054567625285802e-03
9.502325424098749876e-03
9.487619051663537251e-03
9.472935415075774135e-03
9.458274479147507283e-03
9.443636208746587768e-03
9.429020568796579044e-03
9.414427524276635512e-03
9.399857040221410581e-03
9.385309081720936975e-03
9.370783613920538255e-03
9.356280602020705661e-03
9.341800011277007904e-03
9.327341806999981874e-03
9.312905954555030300e-03
9.298492419362314187e-03
9.284101166896657417e-03
9.269732162687439186e-03
9.255385372318495132e-03
9.241060761428013248e-03
9.226758295708431534e-03
9.212477940906344323e-03
9.198219662822392992e-03
9.183983427311167083e-03
9.169769200281115834e-03
9.155576947694428480e-03
9.141406635566954458e-03
9.127258229968097589e-03
9.113131697020711991e-03
9.099027002901010144e-03
9.084944113838467478e-03
9.070882996115723490e-03
9.056843616068472463e-03
9.042825940085387135e-03
9.028829934608009408e-03
9.014855566130660150e-03
9.000902801200335104e-03
8.986971606416621627e-03
8.973061948431594603e-03
8.959173793949724504e-03
8.945307109727787184e-03
8.931461862574756327e-03
8.917638019351730588e-03
8.903835546971822570e-03
8.890054412400070355e-03
8.876294582653349030e-03
8.862556024800273546e-03
8.848838705961113715e-03
8.835142593307688391e-03
8.821467654063285674e-03
8.807813855502570968e-03
8.794181164951491575e-03
8.780569549787183015e-03
8.766978977437889231e-03
8.753409415382861977e-03
8.739860831152275814e-03
8.726333192327139637e-03
8.712826466539206477e-03
8.699340621470878082e-03
8.685875624855125127e-03
8.672431444475395268e-03
8.659008048165519472e-03
8.645605403809637421e-03
8.632223479342095163e-03
8.618862242747363581e-03
8.605521662059956861e-03
8.592201705364335348e-03
8.578902340794825748e-03
8.565623536535529187e-03
8.552365260820246617e-03
8.539127481932374739e-03
8.525910168204836603e-03
8.512713288019989680e-03
8.499536809809539115e-03
8.486380702054450997e-03
8.473244933284881236e-03
8.460129472080069740e-03
8.447034287068274500e-03
8.433959346926681380e-03
8.420904620381313918e-03
8.407870076206958726e-03
8.394855683227078758e-03
8.381861410313733510e-03
8.368887226387487083e-03
8.355933100417337056e-03
8.342999001420626018e-03
8.330084898462956564e-03
8.317190760658116702e-03
8.304316557167991386e-03
8.291462257202489652e-03
8.278627830019450948e-03
8.265813244924577474e-03
8.253018471271338780e-03
8.240243478460911042e-03
8.227488235942072986e-03
8.214752713211145169e-03
8.202036879811901507e-03
8.189340705335484277e-03
8.176664159420341665e-03
8.164007211752127152e-03
8.151369832063637064e-03
8.138751990134725570e-03
8.126153655792221417e-03
8.113574798909856806e-03
8.101015389408185857e-03
8.088475397254508287e-03
8.075954792462786136e-03
8.063453545093569180e-03
8.050971625253922070e-03
8.038509003097341066e-03
8.026065648823675971e-03
8.013641532679062485e-03
8.001236624955833723e-03
7.988850895992447368e-03
7.976484316173416272e-03
7.964136855929219994e-03
7.951808485736240606e-03
7.939499176116679435e-03
7.927208897638487670e-03
7.914937620915276154e-03
7.902685316606261612e-03
7.890451955416179913e-03
7.878237508095204539e-03
7.866041945438885866e-03
7.853865238288066167e-03
7.841707357528811956e-03
7.829568274092334190e-03
7.817447958954924087e-03
7.805346383137859445e-03
7.793263517707352608e-03
7.781199333774465460e-03
7.769153802495039167e-03
7.757126895069620456e-03
7.745118582743385285e-03
7.733128836806072055e-03
7.721157628591907018e-03
7.709204929479527083e-03
7.697270710891914759e-03
7.685354944296321836e-03
7.673457601204191313e-03
7.661578653171102760e-03
7.649718071796682110e-03
7.637875828724540080e-03
7.626051895642199305e-03
7.614246244281022355e-03
7.602458846416139740e-03
7.590689673866380521e-03
7.578938698494200321e-03
7.567205892205610199e-03
7.555491226950112466e-03
7.543794674720620888e-03
7.532116207553395636e-03
7.520455797527970422e-03
7.508813416767089188e-03
7.497189037436631509e-03
7.485582631745541470e-03
7.473994171945760878e-03
7.462423630332160746e-03
7.450870979242468425e-03
7.439336191057206900e-03
7.427819238199613247e-03
7.416320093135583130e-03
7.404838728373589266e-03
7.393375116464628513e-03
7.381929230002138610e-03
7.370501041621939191e-03
7.359090524002161529e-03
7.347697649863180885e-03
7.336322391967547984e-03
7.324964723119919627e-03
7.313624616166997106e-03
7.302302043997455083e-03
7.290996979541871335e-03
7.279709395772668637e-03
7.268439265704036700e-03
7.257186562391883602e-03
7.245951258933739508e-03
7.234733328468721109e-03
7.223532744177446618e-03
7.212349479281976797e-03
7.201183507045746425e-03
7.190034800773501857e-03
7.178903333811227291e-03
7.167789079546087530e-03
7.156692011406361187e-03
7.145612102861373036e-03
7.134549327421425488e-03
7.123503658637743083e-03
7.112475070102394423e-03
7.101463535448241868e-03
7.090469028348866942e-03
7.079491522518507884e-03
7.068530991711994595e-03
7.057587409724688787e-03
7.046660750392412867e-03
7.035750987591391815e-03
7.024858095238185537e-03
7.013982047289627278e-03
7.003122817742755968e-03
6.992280380634761580e-03
6.981454710042909670e-03
6.970645780084485862e-03
6.959853564916729934e-03
6.949078038736778568e-03
6.938319175781589888e-03
6.927576950327894029e-03
6.916851336692120267e-03
6.906142309230339782e-03
6.895449842338202337e-03
6.884773910450874695e-03
6.874114488042973835e-03
6.863471549628511435e-03
6.852845069760826226e-03
6.842235023032524135e-03
6.831641384075416712e-03
6.821064127560460405e-03
6.810503228197694117e-03
6.799958660736174151e-03
6.789430399963919567e-03
6.778918420707850598e-03
6.768422697833714925e-03
6.757943206246046046e-03
6.747479920888085209e-03
6.737032816741732842e-03
6.726601868827482636e-03
6.716187052204357355e-03
6.705788341969856799e-03
6.695405713259891881e-03
6.685039141248723046e-03
6.674688601148907365e-03
6.664354068211228270e-03
6.654035517724647859e-03
6.643732925016233165e-03
6.633446265451110185e-03
6.623175514432393628e-03
6.612920647401132265e-03
6.602681639836251691e-03
6.592458467254489266e-03
6.582251105210337738e-03
6.572059529295991472e-03
6.561883715141275317e-03
6.551723638413598644e-03
6.541579274817889422e-03
6.531450600096535240e-03
6.521337590029327794e-03
6.511240220433403905e-03
6.501158467163188279e-03
6.491092306110328447e-03
6.481041713203645332e-03
6.471006664409074266e-03
6.460987135729599935e-03
6.450983103205205210e-03
6.440994542912810428e-03
6.431021430966218748e-03
6.421063743516055439e-03
6.411121456749712365e-03
6.401194546891289874e-03
6.391282990201536951e-03
6.381386762977803509e-03
6.371505841553969270e-03
6.361640202300400393e-03
6.351789821623883558e-03
6.341954675967573923e-03
6.332134741810937009e-03
6.322329995669688854e-03
6.312540414095749175e-03
6.302765973677172846e-03
6.293006651038102195e-03
6.283262422838709754e-03
6.273533265775137549e-03
6.263819156579448523e-03
6.254120072019562354e-03
6.244435988899206882e-03
6.234766884057859129e-03
6.225112734370688919e-03
6.215473516748505969e-03
6.205849208137704381e-03
6.196239785520203658e-03
6.186645225913396662e-03
6.177065506370097575e-03
6.167500603978477713e-03
6.157950495862020424e-03
6.148415159179460368e-03
6.138894571124731483e-03
6.129388708926912337e-03
6.119897549850169746e-03
6.110421071193703271e-03
6.100959250291697507e-03
6.091512064513259633e-03
6.082079491262371712e-03
6.072661507977831705e-03
6.063258092133202298e-03
6.053869221236757997e-03
6.044494872831426141e-03
6.035135024494741804e-03
6.025789653838787077e-03
6.016458738510135559e-03
6.007142256189808988e-03
5.997840184593215655e-03
5.988552501470099237e-03
5.979279184604487617e-03
5.970020211814634770e-03
5.960775560952973062e-03
5.951545209906056871e-03
5.942329136594516614e-03
5.933127318972993697e-03
5.923939735030098880e-03
5.914766362788353299e-03
5.905607180304140759e-03
5.896462165667651356e-03
5.887331297002832038e-03
5.878214552467331960e-03
5.869111910252453046e-03
5.860023348583094475e-03
5.850948845717705848e-03
5.841888379948229071e-03
5.832841929600051517e-03
5.823809473031953121e-03
5.814790988636051733e-03
5.805786454837756280e-03
5.796795850095712993e-03
5.787819152901753361e-03
5.778856341780845562e-03
5.769907395291037217e-03
5.760972292023413752e-03
5.752051010602039424e-03
5.743143529683908746e-03
5.734249827958896178e-03
5.725369884149706691e-03
5.716503677011822854e-03
5.707651185333453663e-03
5.698812387935485967e-03
5.689987263671434162e-03
5.681175791427388148e-03
5.672377950121964760e-03
5.663593718706256587e-03
5.654823076163779938e-03
5.646066001510428867e-03
5.637322473794425734e-03
5.628592472096262227e-03
5.619875975528661194e-03
5.611172963236522870e-03
5.602483414396869366e-03
5.593807308218803898e-03
5.585144623943456149e-03
5.576495340843935430e-03
5.567859438225278637e-03
5.559236895424401678e-03
5.550627691810054373e-03
5.542031806782764941e-03
5.533449219774795765e-03
5.524879910250093083e-03
5.516323857704237554e-03
5.507781041664397415e-03
5.499251441689274704e-03
5.490735037369064500e-03
5.482231808325398539e-03
5.473741734211301849e-03
5.465264794711146776e-03
5.456800969540593141e-03
5.448350238446554410e-03
5.439912581207140448e-03
5.431487977631609815e-03
5.423076407560328133e-03
5.414677850864711706e-03
5.406292287447187622e-03
5.397919697241139111e-03
5.389560060210861307e-03
5.381213356351517013e-03
5.372879565689082058e-03
5.364558668280300195e-03
5.356250644212641465e-03
5.347955473604244954e-03
5.339673136603880627e-03
5.331403613390897286e-03
5.323146884175174870e-03
5.314902929197083681e-03
5.306671728727428011e-03
5.298453263067405376e-03
5.290247512548562278e-03
5.282054457532738695e-03
5.273874078412028182e-03
5.265706355608733638e-03
5.257551269575310923e-03
5.249408800794332433e-03
5.241278929778435056e-03
5.233161637070275068e-03
5.225056903242483036e-03
5.216964708897620442e-03
5.208885034668122443e-03
5.200817861216268378e-03
5.192763169234122789e-03
5.184720939443492049e-03
5.176691152595886206e-03
5.168673789472463462e-03
5.160668830883988548e-03
5.152676257670792820e-03
5.144696050702715281e-03
5.136728190879071357e-03
5.128772659128599115e-03
5.120829436409416770e-03
5.112898503708978443e-03
5.104979842044023858e-03
5.097073432460542779e-03
5.089179256033718630e-03
5.081297293867894672e-03
5.073427527096519354e-03
5.065569936882109020e-03
5.057724504416197600e-03
5.049891210919300183e-03
5.042070037640856636e-03
5.034260965859196045e-03
5.026463976881489874e-03
5.018679052043706866e-03
5.010906172710568804e-03
5.003145320275509747e-03
4.995396476160625723e-03
4.987659621816634831e-03
4.979934738722833001e-03
4.972221808387048032e-03
4.964520812345598819e-03
4.956831732163250251e-03
4.949154549433165511e-03
4.941489245776869640e-03
4.933835802844200105e-03
4.926194202313268627e-03
4.918564425890409146e-03
4.910946455310145724e-03
4.903340272335138771e-03
4.895745858756149482e-03
4.888163196391992135e-03
4.880592267089490718e-03
4.873033052723442504e-03
4.865485535196564272e-03
4.857949696439459349e-03
4.850425518410569903e-03
4.842912983096133578e-03
4.835412072510142725e-03
4.827922768694301037e-03
4.820445053717982778e-03
4.812978909678185951e-03
4.805524318699495867e-03
4.798081262934034835e-03
4.790649724561426605e-03
4.783229685788753863e-03
4.775821128850511396e-03
4.768424036008567062e-03
4.761038389552120151e-03
4.753664171797659758e-03
4.746301365088917076e-03
4.738949951796833301e-03
4.731609914319510196e-03
4.724281235082171057e-03
4.716963896537118214e-03
4.709657881163694000e-03
4.702363171468234779e-03
4.695079749984033650e-03
4.687807599271297948e-03
4.680546701917104140e-03
4.673297040535361394e-03
4.666058597766771683e-03
4.658831356278781213e-03
4.651615298765544859e-03
4.644410407947885400e-03
4.637216666573251017e-03
4.630034057415671062e-03
4.622862563275724826e-03
4.615702166980489504e-03
4.608552851383507232e-03
4.601414599364739982e-03
4.594287393830533139e-03
4.587171217713571260e-03
4.580066053972838176e-03
4.572971885593577965e-03
4.565888695587256782e-03
4.558816466991516027e-03
4.551755182870138514e-03
4.544704826313005104e-03
4.537665380436055676e-03
4.530636828381246622e-03
4.523619153316516157e-03
4.516612338435740080e-03
4.509616366958693612e-03
4.502631222131009761e-03
4.495656887224140294e-03
4.488693345535321039e-03
4.481740580387524181e-03
4.474798575129424437e-03
4.467867313135355685e-03
4.460946777805276271e-03
4.454036952564726509e-03
4.447137820864787913e-03
4.440249366182045902e-03
4.433371572018555973e-03
4.426504421901791657e-03
4.419647899384619369e-03
4.412801988045248966e-03
4.405966671487199920e-03
4.399141933339265759e-03
4.392327757255464621e-03
4.385524126915010638e-03
4.378731026022271433e-03
4.371948438306727351e-03
4.365176347522938503e-03
4.358414737450499662e-03
4.351663591894009038e-03
4.344922894683022306e-03
4.338192629672017915e-03
4.331472780740360656e-03
4.324763331792261765e-03
4.318064266756738157e-03
4.311375569587578595e-03
4.304697224263305533e-03
4.298029214787129140e-03
4.291371525186923885e-03
4.284724139515174758e-03
4.278087041848952984e-03
4.271460216289869188e-03
4.264843646964041300e-03
4.258237318022050320e-03
4.251641213638912564e-03
4.245055318014031090e-03
4.238479615371169677e-03
4.231914089958403388e-03
4.225358726048093413e-03
4.218813507936836765e-03
4.212278419945442859e-03
4.205753446418884073e-03
4.199238571726265391e-03
4.192733780260789710e-03
4.186239056439712732e-03
4.179754384704312611e-03
4.173279749519848321e-03
4.166815135375528424e-03
4.160360526784469444e-03
4.153915908283662035e-03
4.147481264433931086e-03
4.141056579819904493e-03
4.134641839049969791e-03
4.128237026756244668e-03
4.121842127594533590e-03
4.115457126244298318e-03
4.109082007408616267e-03
4.102716755814146687e-03
4.096361356211093360e-03
4.090015793373168174e-03
4.083680052097559895e-03
4.077354117204889938e-03
4.071037973539181135e-03
4.064731605967822174e-03
4.058434999381531176e-03
4.052148138694318391e-03
4.045871008843450641e-03
4.039603594789418356e-03
4.033345881515897416e-03
4.027097854029713583e-03
4.020859497360806944e-03
4.014630796562198081e-03
4.008411736709950775e-03
4.002202302903138179e-03
3.996002480263805522e-03
3.989812253936936282e-03
3.983631609090416623e-03
3.977460530915000701e-03
3.971299004624275104e-03
3.965147015454620685e-03
3.959004548665186543e-03
3.952871589537844052e-03
3.946748123377159106e-03
3.940634135510354824e-03
3.934529611287275984e-03
3.928434536080358669e-03
3.922348895284586898e-03
3.916272674317469206e-03
3.910205858618995278e-03
3.904148433651603856e-03
3.898100384900149776e-03
3.892061697871869279e-03
3.886032358096343578e-03
3.880012351125466767e-03
3.874001662533410259e-03
3.868000277916588958e-03
3.862008182893626566e-03
3.856025363105323490e-03
3.850051804214620413e-03
3.844087491906564898e-03
3.838132411888278001e-03
3.832186549888919568e-03
3.826249891659657017e-03
3.820322422973626737e-03
3.814404129625904166e-03
3.808494997433469528e-03
3.802595012235171837e-03
3.796704159891699411e-03
3.790822426285543004e-03
3.784949797320961984e-03
3.779086258923954403e-03
3.773231797042220573e-03
3.767386397645129670e-03
3.761550046723688076e-03
3.755722730290506420e-03
3.749904434379762713e-03
3.744095145047175895e-03
3.738294848369965069e-03
3.732503530446821746e-03
3.726721177397875583e-03
3.720947775364660988e-03
3.715183310510083731e-03
3.709427769018389283e-03
3.703681137095128986e-03
3.697943400967129268e-03
3.692214546882455206e-03
3.686494561110383213e-03
3.680783429941363732e-03
3.675081139686989587e-03
3.669387676679966917e-03
3.663703027274078320e-03
3.658027177844152926e-03
3.652360114786033004e-03
3.646701824516543171e-03
3.641052293473456998e-03
3.635411508115464051e-03
3.629779454922139100e-03
3.624156120393910892e-03
3.618541491052027458e-03
3.612935553438526189e-03
3.607338294116200009e-03
3.601749699668569185e-03
3.596169756699844899e-03
3.590598451834899757e-03
3.585035771719237430e-03
3.579481703018957527e-03
3.573936232420726541e-03
3.568399346631746620e-03
3.562871032379721307e-03
3.557351276412826051e-03
3.551840065499676548e-03
3.546337386429297515e-03
3.540843226011091034e-03
3.535357571074804021e-03
3.529880408470499609e-03
3.524411725068523314e-03
3.518951507759472686e-03
3.513499743454169544e-03
3.508056419083621820e-03
3.502621521598997534e-03
3.497195037971596171e-03
3.491776955192809652e-03
3.486367260274099347e-03
3.480965940246962247e-03
3.475572982162898443e-03
3.470188373093383363e-03
3.464812100129833518e-03
3.459444150383580909e-03
3.454084510985838338e-03
3.448733169087669047e-03
3.443390111859959829e-03
3.438055326493386771e-03
3.432728800198386193e-03
3.427410520205121693e-03
3.422100473763460288e-03
3.416798648142935560e-03
3.411505030632721192e-03
3.406219608541599317e-03
3.400942369197931456e-03
3.395673299949624694e-03
3.390412388164109128e-03
3.385159621228300570e-03
3.379914986548572791e-03
3.374678471550730634e-03
3.369450063679975751e-03
3.364229750400879286e-03
3.359017519197351510e-03
3.353813357572612772e-03
3.348617253049163134e-03
3.343429193168752020e-03
3.338249165492351324e-03
3.333077157600120716e-03
3.327913157091384223e-03
3.322757151584597272e-03
3.317609128717317630e-03
3.312469076146177215e-03
3.307336981546850005e-03
3.302212832614026886e-03
3.297096617061383989e-03
3.291988322621552335e-03
3.286887937046091383e-03
3.281795448105459534e-03
3.276710843588981174e-03
3.271634111304824559e-03
3.266565239079965814e-03
3.261504214760165520e-03
3.256451026209936182e-03
3.251405661312515780e-03
3.246368107969837408e-03
3.241338354102500652e-03
3.236316387649745135e-03
3.231302196569417993e-03
3.226295768837949586e-03
3.221297092450319671e-03
3.216306155420034854e-03
3.211322945779096927e-03
3.206347451577972515e-03
3.201379660885568350e-03
3.196419561789202654e-03
3.191467142394573478e-03
3.186522390825733547e-03
3.181585295225060773e-03
3.176655843753230929e-03
3.171734024589189030e-03
3.166819825930120708e-03
3.161913235991424456e-03
3.157014243006685608e-03
3.152122835227644249e-03
3.147239000924170488e-03
3.142362728384236713e-03
3.137494005913888089e-03
3.132632821837216114e-03
3.127779164496328253e-03
3.122933022251324960e-03
3.118094383480268014e-03
3.113263236579153197e-03
3.108439569961886015e-03
3.103623372060249162e-03
3.098814631323879975e-03
3.094013336220240509e-03
3.089219475234588480e-03
3.084433036869953411e-03
3.079654009647108011e-03
3.074882382104538684e-03
3.070118142798422545e-03
3.065361280302595758e-03
3.060611783208529689e-03
3.055869640125301843e-03
3.051134839679570283e-03
3.046407370515544569e-03
3.041687221294961906e-03
3.036974380697056355e-03
3.032268837418534979e-03
3.027570580173550088e-03
3.022879597693671483e-03
3.018195878727859133e-03
3.013519412042441926e-03
3.008850186421082110e-03
3.004188190664755769e-03
2.999533413591722909e-03
2.994885844037501431e-03
2.990245470854841978e-03
2.985612282913698012e-03
2.980986269101204567e-03
2.976367418321645281e-03
2.971755719496433756e-03
2.967151161564079292e-03
2.962553733480166509e-03
2.957963424217326283e-03
2.953380222765210165e-03
2.948804118130464360e-03
2.944235099336703701e-03
2.939673155424484333e-03
2.935118275451279856e-03
2.930570448491453574e-03
2.926029663636232469e-03
2.921495909993682485e-03
2.916969176688682074e-03
2.912449452862894868e-03
2.907936727674747569e-03
2.903430990299400022e-03
2.898932229928721360e-03
2.894440435771264419e-03
2.889955597052239721e-03
2.885477703013491178e-03
2.881006742913467915e-03
2.876542706027200840e-03
2.872085581646275330e-03
2.867635359078808677e-03
2.863192027649421462e-03
2.858755576699213707e-03
2.854325995585739722e-03
2.849903273682982945e-03
2.845487400381328628e-03
2.841078365087541715e-03
2.836676157224739085e-03
2.832280766232365271e-03
2.827892181566168603e-03
2.823510392698174755e-03
2.819135389116659424e-03
2.814767160326130113e-03
2.810405695847293175e-03
2.806050985217034728e-03
2.801703017988392032e-03
2.797361783730532240e-03
2.793027272028723342e-03
2.788699472484313779e-03
2.784378374714703824e-03
2.780063968353323461e-03
2.775756243049607233e-03
2.771455188468967788e-03
2.767160794292774628e-03
2.762873050218326784e-03
2.758591945958828538e-03
2.754317471243367295e-03
2.750049615816886270e-03
2.745788369440161063e-03
2.741533721889776246e-03
2.737285662958101502e-03
2.733044182453263447e-03
2.728809270199125669e-03
2.724580916035264019e-03
2.720359109816938414e-03
2.716143841415074624e-03
2.711935100716235218e-03
2.707732877622599180e-03
2.703537162051935019e-03
2.699347943937577786e-03
2.695165213228406086e-03
2.690988959888816062e-03
2.686819173898701441e-03
2.682655845253424480e-03
2.678498963963795582e-03
2.674348520056048575e-03
2.670204503571816865e-03
2.666066904568111309e-03
2.661935713117293337e-03
2.657810919307055427e-03
2.653692513240391623e-03
2.649580485035581481e-03
2.645474824826161021e-03
2.641375522760900599e-03
2.637282569003782801e-03
2.633195953733976843e-03
2.629115667145817334e-03
2.625041699448779544e-03
2.620974040867456428e-03
2.616912681641536068e-03
2.612857612025776960e-03
2.608808822289987190e-03
2.604766302718997985e-03
2.600730043612642893e-03
2.596700035285735668e-03
2.592676268068042945e-03
2.588658732304266463e-03
2.584647418354016173e-03
2.580642316591790723e-03
2.576643417406950139e-03
2.572650711203695872e-03
2.568664188401049552e-03
2.564683839432826094e-03
2.560709654747612453e-03
2.556741624808747237e-03
2.552779740094294689e-03
2.548823991097023435e-03
2.544874368324385669e-03
2.540930862298489828e-03
2.536993463556084117e-03
2.533062162648528313e-03
2.529136950141774691e-03
2.525217816616344597e-03
2.521304752667306338e-03
2.517397748904252192e-03
2.513496795951275422e-03
2.509601884446951200e-03
2.505713005044310146e-03
2.501830148410818383e-03
2.497953305228355417e-03
2.494082466193190718e-03
2.490217622015961606e-03
2.486358763421654162e-03
2.482505881149576349e-03
2.478658965953338920e-03
2.474818008600834177e-03
2.470982999874211244e-03
2.467153930569854822e-03
2.463330791498366968e-03
2.459513573484539348e-03
2.455702267367334581e-03
2.451896863999866727e-03
2.448097354249373098e-03
2.444303728997198645e-03
2.440515979138771670e-03
2.436734095583581276e-03
2.432958069255158288e-03
2.429187891091050960e-03
2.425423552042804600e-03
2.421665043075941180e-03
2.417912355169935489e-03
2.414165479318194744e-03
2.410424406528037782e-03
2.406689127820673367e-03
2.402959634231176776e-03
2.399235916808472452e-03
2.395517966615308848e-03
2.391805774728238479e-03
2.388099332237597541e-03
2.384398630247484656e-03
2.380703659875736157e-03
2.377014412253912641e-03
2.373330878527268178e-03
2.369653049854736435e-03
2.365980917408907688e-03
2.362314472376005406e-03
2.358653705955868901e-03
2.354998609361929479e-03
2.351349173821191789e-03
2.347705390574209971e-03
2.344067250875071177e-03
2.340434745991369549e-03
2.336807867204190609e-03
2.333186605808085234e-03
2.329570953111053180e-03
2.325960900434520962e-03
2.322356439113320604e-03
2.318757560495668391e-03
2.315164255943147082e-03
2.311576516830682500e-03
2.307994334546523141e-03
2.304417700492222831e-03
2.300846606082615573e-03
2.297281042745798196e-03
2.293721001923109976e-03
2.290166475069110082e-03
2.286617453651559363e-03
2.283073929151399097e-03
2.279535893062730172e-03
2.276003336892794444e-03
2.272476252161953481e-03
2.268954630403666878e-03
2.265438463164474916e-03
2.261927742003976873e-03
2.258422458494811075e-03
2.254922604222634516e-03
2.251428170786102904e-03
2.247939149796852019e-03
2.244455532879475589e-03
2.240977311671505778e-03
2.237504477823395836e-03
2.234037022998495818e-03
2.230574938873036966e-03
2.227118217136107858e-03
2.223666849489639233e-03
2.220220827648379698e-03
2.216780143339878387e-03
2.213344788304465009e-03
2.209914754295230332e-03
2.206490033078005366e-03
2.203070616431343585e-03
2.199656496146499239e-03
2.196247664027408276e-03
2.192844111890671424e-03
2.189445831565531644e-03
2.186052814893854179e-03
2.182665053730110938e-03
2.179282539941357084e-03
2.175905265407212814e-03
2.172533222019846447e-03
2.169166401683951875e-03
2.165804796316729910e-03
2.162448397847870508e-03
2.159097198219531947e-03
2.155751189386322618e-03
2.152410363315281940e-03
2.149074711985859976e-03
2.145744227389899221e-03
2.142418901531615953e-03
2.139098726427579415e-03
2.135783694106695337e-03
2.132473796610184248e-03
2.129169025991565871e-03
2.125869374316636130e-03
2.122574833663450240e-03
2.119285396122304495e-03
2.116001053795717179e-03
2.112721798798409059e-03
2.109447623257283862e-03
2.106178519311410931e-03
2.102914479112006144e-03
2.099655494822413263e-03
2.096401558618084422e-03
2.093152662686562776e-03
2.089908799227461686e-03
2.086669960452449974e-03
2.083436138585229372e-03
2.080207325861517173e-03
2.076983514529028886e-03
2.073764696847459586e-03
2.070550865088463099e-03
2.067342011535637687e-03
2.064138128484503069e-03
2.060939208242485235e-03
2.057745243128896936e-03
2.054556225474920336e-03
2.051372147623587057e-03
2.048193001929760840e-03
2.045018780760119326e-03
2.041849476493135841e-03
2.038685081519061616e-03
2.035525588239906272e-03
2.032370989069422207e-03
2.029221276433082911e-03
2.026076442768068656e-03
2.022936480523244811e-03
2.019801382159147965e-03
2.016671140147963809e-03
2.013545746973512823e-03
2.010425195131228596e-03
2.007309477128143074e-03
2.004198585482867920e-03
2.001092512725575426e-03
1.997991251397982469e-03
1.994894794053330995e-03
1.991803133256370671e-03
1.988716261583343275e-03
1.985634171621961010e-03
1.982556855971393493e-03
1.979484307242245639e-03
1.976416518056542913e-03
1.973353481047713555e-03
1.970295188860568623e-03
1.967241634151288120e-03
1.964192809587399745e-03
1.961148707847764142e-03
1.958109321622556256e-03
1.955074643613248422e-03
1.952044666532592142e-03
1.949019383104601180e-03
1.945998786064534209e-03
1.942982868158878336e-03
1.939971622145330015e-03
1.936965040792779005e-03
1.933963116881290585e-03
1.930965843202088646e-03
1.927973212557537903e-03
1.924985217761128291e-03
1.922001851637456307e-03
1.919023107022207672e-03
1.916048976762141712e-03
1.913079453715072278e-03
1.910114530749853871e-03
1.907154200746360388e-03
1.904198456595471893e-03
1.901247291199055977e-03
1.898300697469949968e-03
1.895358668331946191e-03
1.892421196719772884e-03
1.889488275579079887e-03
1.886559897866418476e-03
1.883636056549227705e-03
1.880716744605815532e-03
1.877801955025343653e-03
1.874891680807808407e-03
1.871985914964027341e-03
1.869084650515619693e-03
1.866187880494991208e-03
1.863295597945317230e-03
1.860407795920525787e-03
1.857524467485281109e-03
1.854645605714967367e-03
1.851771203695671978e-03
1.848901254524169552e-03
1.846035751307904121e-03
1.843174687164973952e-03
1.840318055224114419e-03
1.837465848624682393e-03
1.834618060516639108e-03
1.831774684060533901e-03
1.828935712427487946e-03
1.826101138799178427e-03
1.823270956367821841e-03
1.820445158336158166e-03
1.817623737917432435e-03
1.814806688335382371e-03
1.811994002824219522e-03
1.809185674628613870e-03
1.806381697003678214e-03
1.803582063214949956e-03
1.800786766538377444e-03
1.797995800260303052e-03
1.795209157677447355e-03
1.792426832096892433e-03
1.789648816836066254e-03
1.786875105222727068e-03
1.784105690594947786e-03
1.781340566301098643e-03
1.778579725699832442e-03
1.775823162160068951e-03
1.773070869060977984e-03
1.770322839791964656e-03
1.767579067752651821e-03
1.764839546352867930e-03
1.762104269012627292e-03
1.759373229162116206e-03
1.756646420241677557e-03
1.753923835701794772e-03
1.751205469003075561e-03
1.748491313616238035e-03
1.745781363022092273e-03
1.743075610711528186e-03
1.740374050185496645e-03
1.737676674954996905e-03
1.734983478541058614e-03
1.732294454474728792e-03
1.729609596297053409e-03
1.726928897559065236e-03
1.724252351821765634e-03
1.721579952656111107e-03
1.718911693642997040e-03
1.716247568373242523e-03
1.713587570447574950e-03
1.710931693476614845e-03
1.708279931080861330e-03
1.705632276890675213e-03
1.702988724546264680e-03
1.700349267697671193e-03
1.697713900004753232e-03
1.695082615137169816e-03
1.692455406774368140e-03
1.689832268605566661e-03
1.687213194329740575e-03
1.684598177655607064e-03
1.681987212301608824e-03
1.679380291995901699e-03
1.676777410476336036e-03
1.674178561490446710e-03
1.671583738795432740e-03
1.668992936158146230e-03
1.666406147355075675e-03
1.663823366172332294e-03
1.661244586405633559e-03
1.658669801860290175e-03
1.656099006351189826e-03
1.653532193702783940e-03
1.650969357749070996e-03
1.648410492333583516e-03
1.645855591309372014e-03
1.643304648538991553e-03
1.640757657894486785e-03
1.638214613257375687e-03
1.635675508518638285e-03
1.633140337578697790e-03
1.630609094347409971e-03
1.628081772744046241e-03
1.625558366697280651e-03
1.623038870145172754e-03
1.620523277035156983e-03
1.618011581324024870e-03
1.615503776977912252e-03
1.612999857972284307e-03
1.610499818291921681e-03
1.608003651930905737e-03
1.605511352892603815e-03
1.603022915189655784e-03
1.600538332843959083e-03
1.598057599886654840e-03
1.595580710358112698e-03
1.593107658307918451e-03
1.590638437794857996e-03
1.588173042886903245e-03
1.585711467661199978e-03
1.583253706204051361e-03
1.580799752610904073e-03
1.578349600986336809e-03
1.575903245444041419e-03
1.573460680106813798e-03
1.571021899106537188e-03
1.568586896584168305e-03
1.566155666689723891e-03
1.563728203582265969e-03
1.561304501429888834e-03
1.558884554409705825e-03
1.556468356707832630e-03
1.554055902519375140e-03
1.551647186048417306e-03
1.549242201508003146e-03
1.546840943120127414e-03
1.544443405115718043e-03
1.542049581734624211e-03
1.539659467225603772e-03
1.537273055846305903e-03
1.534890341863261133e-03
1.532511319551865293e-03
1.530135983196366945e-03
1.527764327089853281e-03
1.525396345534236250e-03
1.523032032840240194e-03
1.520671383327386241e-03
1.518314391323980373e-03
1.515961051167099335e-03
1.513611357202577189e-03
1.511265303784990787e-03
1.508922885277648278e-03
1.506584096052574146e-03
1.504248930490496199e-03
1.501917382980832126e-03
1.499589447921675402e-03
1.497265119719783794e-03
1.494944392790563967e-03
1.492627261558058908e-03
1.490313720454934480e-03
1.488003763922466846e-03
1.485697386410528373e-03
1.483394582377574409e-03
1.481095346290630266e-03
1.478799672625277783e-03
1.476507555865642311e-03
1.474218990504380135e-03
1.471933971042663734e-03
1.469652491990170069e-03
1.467374547865067137e-03
1.465100133194000313e-03
1.462829242512079554e-03
1.460561870362866825e-03
1.458298011298362435e-03
1.456037659878992464e-03
1.453780810673595096e-03
1.451527458259408918e-03
1.449277597222057732e-03
1.447031222155540156e-03
1.444788327662215304e-03
1.442548908352789781e-03
1.440312958846305322e-03
1.438080473770126429e-03
1.435851447759925199e-03
1.433625875459671774e-03
1.431403751521618953e-03
1.429185070606290913e-03
1.426969827382469332e-03
1.424758016527181460e-03
1.422549632725687548e-03
1.420344670671467181e-03
1.418143125066207138e-03
1.415944990619789033e-03
1.413750262050276520e-03
1.411558934083901630e-03
1.409371001455053934e-03
1.407186458906266660e-03
1.405005301188204554e-03
1.402827523059651301e-03
1.400653119287496948e-03
1.398482084646725547e-03
1.396314413920402790e-03
1.394150101899662569e-03
1.391989143383695702e-03
1.389831533179737132e-03
1.387677266103053142e-03
1.385526336976929422e-03
1.383378740632658279e-03
1.381234471909526928e-03
1.379093525654804479e-03
1.376955896723729362e-03
1.374821579979498051e-03
1.372690570293252921e-03
1.370562862544067503e-03
1.368438451618938026e-03
1.366317332412768024e-03
1.364199499828357490e-03
1.362084948776390737e-03
1.359973674175424035e-03
1.357865670951873037e-03
1.355760934040001501e-03
1.353659458381908064e-03
1.351561238927516048e-03
1.349466270634558721e-03
1.347374548468569097e-03
1.345286067402868234e-03
1.343200822418551352e-03
1.341118808504477428e-03
1.339040020657256830e-03
1.336964453881239398e-03
1.334892103188500562e-03
1.332822963598833321e-03
1.330757030139733711e-03
1.328694297846388234e-03
1.326634761761664527e-03
1.324578416936097059e-03
1.322525258427876931e-03
1.320475281302839086e-03
1.318428480634451470e-03
1.316384851503801801e-03
1.314344388999587158e-03
1.312307088218102064e-03
1.310272944263225683e-03
1.308241952246411415e-03
1.306214107286674322e-03
1.304189404510580283e-03
1.302167839052232982e-03
1.300149406053263939e-03
1.298134100662819927e-03
1.296121918037550615e-03
1.294112853341599029e-03
1.292106901746588538e-03
1.290104058431611146e-03
1.288104318583217084e-03
1.286107677395401799e-03
1.284114130069596415e-03
1.282123671814653634e-03
1.280136297846839067e-03
1.278152003389818004e-03
1.276170783674644357e-03
1.274192633939749382e-03
1.272217549430930406e-03
1.270245525401339547e-03
1.268276557111471794e-03
1.266310639829154160e-03
1.264347768829533758e-03
1.262387939395067608e-03
1.260431146815510495e-03
1.258477386387903043e-03
1.256526653416563475e-03
1.254578943213071783e-03
1.252634251096262138e-03
1.250692572392210749e-03
1.248753902434223718e-03
1.246818236562827285e-03
1.244885570125755245e-03
1.242955898477938765e-03
1.241029216981495969e-03
1.239105521005718497e-03
1.237184805927062613e-03
1.235267067129137931e-03
1.233352300002695055e-03
1.231440499945615167e-03
1.229531662362900058e-03
1.227625782666659114e-03
1.225722856276100642e-03
1.223822878617519079e-03
1.221925845124285015e-03
1.220031751236833051e-03
1.218140592402653342e-03
1.216252364076278372e-03
1.214367061719272322e-03
1.212484680800221537e-03
1.210605216794723247e-03
1.208728665185373422e-03
1.206855021461757018e-03
1.204984281120437999e-03
1.203116439664946979e-03
1.201251492605770813e-03
1.199389435460343489e-03
1.197530263753032904e-03
1.195673973015131970e-03
1.193820558784846469e-03
1.191970016607286605e-03
1.190122342034453766e-03
1.188277530625231858e-03
1.186435577945374725e-03
1.184596479567498126e-03
1.182760231071066943e-03
1.180926828042385421e-03
1.179096266074586546e-03
1.177268540767621632e-03
1.175443647728249700e-03
1.173621582570026634e-03
1.171802340913295423e-03
1.169985918385174888e-03
1.168172310619549920e-03
1.166361513257059990e-03
1.164553521945090042e-03
1.162748332337759215e-03
1.160945940095910655e-03
1.159146340887101320e-03
1.157349530385590923e-03
1.155555504272333042e-03
1.153764258234962542e-03
1.151975787967787334e-03
1.150190089171777537e-03
1.148407157554554199e-03
1.146626988830379973e-03
1.144849578720148709e-03
1.143074922951375482e-03
1.141303017258185311e-03
1.139533857381304274e-03
1.137767439068048661e-03
1.136003758072313919e-03
1.134242810154566629e-03
1.132484591081832359e-03
1.130729096627686777e-03
1.128976322572244808e-03
1.127226264702150442e-03
1.125478918810567629e-03
1.123734280697169215e-03
1.121992346168127408e-03
1.120253111036103363e-03
1.118516571120237429e-03
1.116782722246139389e-03
1.115051560245877618e-03
1.113323080957969759e-03
1.111597280227373400e-03
1.109874153905474146e-03
1.108153697850078247e-03
1.106435907925400024e-03
1.104720780002054273e-03
1.103008309957045213e-03
1.101298493673756509e-03
1.099591327041941511e-03
1.097886805957714587e-03
1.096184926323539406e-03
1.094485684048220270e-03
1.092789075046892355e-03
1.091095095241011734e-03
1.089403740558344755e-03
1.087715006932960232e-03
1.086028890305217954e-03
1.084345386621759361e-03
1.082664491835498436e-03
1.080986201905611730e-03
1.079310512797527957e-03
1.077637420482920397e-03
1.075966920939693677e-03
1.074299010151978564e-03
1.072633684110118300e-03
1.070970938810661887e-03
1.069310770256353023e-03
1.067653174456120345e-03
1.065998147425069624e-03
1.064345685184472055e-03
1.062695783761756453e-03
1.061048439190497971e-03
1.059403647510410518e-03
1.057761404767336346e-03
1.056121707013236294e-03
1.054484550306180463e-03
1.052849930710339759e-03
1.051217844295974837e-03
1.049588287139428290e-03
1.047961255323114028e-03
1.046336744935508168e-03
1.044714752071140580e-03
1.043095272830584473e-03
1.041478303320447080e-03
1.039863839653360975e-03
1.038251877947974971e-03
1.036642414328943712e-03
1.035035444926918780e-03
1.033430965878540456e-03
1.031828973326426660e-03
1.030229463419165149e-03
1.028632432311304620e-03
1.027037876163343442e-03
1.025445791141722709e-03
1.023856173418815404e-03
1.022269019172919024e-03
1.020684324588243871e-03
1.019102085854906546e-03
1.017522299168919326e-03
1.015944960732181055e-03
1.014370066752468685e-03
1.012797613443427742e-03
1.011227597024564077e-03
1.009660013721233032e-03
1.008094859764632496e-03
1.006532131391792064e-03
1.004971824845565451e-03
1.003413936374620945e-03
1.001858462233432088e-03
1.000305398682268783e-03
9.987547419871888391e-04
9.972064884200290778e-04
9.956606342583953616e-04
9.941171757856550033e-04
9.925761092909270080e-04
9.910374310690731828e-04
9.895011374206896804e-04
9.879672246520981079e-04
9.864356890753364204e-04
9.849065270081500297e-04
9.833797347739837817e-04
9.818553087019715481e-04
9.803332451269288535e-04
9.788135403893442020e-04
9.772961908353688856e-04
9.757811928168096116e-04
9.742685426911191788e-04
9.727582368213875865e-04
9.712502715763340119e-04
9.697446433302971602e-04
9.682413484632276758e-04
9.667403833606787091e-04
9.652417444137965929e-04
9.637454280193145538e-04
9.622514305795413277e-04
9.607597485023541134e-04
9.592703782011900064e-04
9.577833160950367840e-04
9.562985586084242311e-04
9.548161021714165510e-04
9.533359432196027161e-04
9.518580781940885532e-04
9.503825035414883949e-04
9.489092157139156474e-04
9.474382111689752008e-04
9.459694863697548639e-04
9.445030377848157152e-04
9.430388618881858139e-04
9.415769551593497922e-04
9.401173140832412654e-04
9.386599351502342668e-04
9.372048148561351166e-04
9.357519497021733138e-04
9.343013361949940561e-04
9.328529708466492404e-04
9.314068501745892230e-04
9.299629707016550135e-04
9.285213289560686253e-04
9.270819214714264619e-04
9.256447447866896676e-04
9.242097954461762129e-04
9.227770699995535217e-04
9.213465650018286051e-04
9.199182770133409060e-04
9.184922025997537334e-04
9.170683383320462397e-04
9.156466807865048553e-04
9.142272265447155908e-04
9.128099721935548213e-04
9.113949143251825645e-04
9.099820495370332645e-04
9.085713744318076610e-04
9.071628856174654160e-04
9.057565797072164408e-04
9.043524533195123304e-04
9.029505030780393161e-04
9.015507256117097010e-04
9.001531175546529685e-04
8.987576755462092781e-04
8.973643962309201406e-04
8.959732762585210456e-04
8.945843122839327883e-04
8.931975009672548553e-04
8.918128389737553421e-04
8.904303229738646640e-04
8.890499496431668834e-04
8.876717156623917943e-04
8.862956177174072248e-04
8.849216524992106888e-04
8.835498167039217967e-04
8.821801070327737982e-04
8.808125201921069691e-04
8.794470528933588530e-04
8.780837018530579735e-04
8.767224637928150519e-04
8.753633354393155260e-04
8.740063135243118526e-04
8.726513947846147251e-04
8.712985759620871110e-04
8.699478538036348185e-04
8.685992250611989079e-04
8.672526864917482099e-04
8.659082348572719537e-04
8.645658669247714180e-04
8.632255794662523421e-04
8.618873692587171193e-04
8.605512330841572077e-04
8.592171677295454323e-04
8.578851699868282870e-04
8.565552366529181286e-04
8.552273645296853705e-04
8.539015504239514352e-04
8.525777911474804061e-04
8.512560835169714381e-04
8.499364243540518185e-04
8.486188104852682938e-04
8.473032387420805639e-04
8.459897059608530428e-04
8.446782089828472687e-04
8.433687446542147484e-04
8.420613098259887176e-04
8.407559013540772015e-04
8.394525160992551008e-04
8.381511509271573606e-04
8.368518027082701887e-04
8.355544683179250923e-04
8.342591446362900964e-04
8.329658285483629125e-04
8.316745169439631333e-04
8.303852067177251847e-04
8.290978947690907366e-04
8.278125780023010052e-04
8.265292533263895970e-04
8.252479176551752449e-04
8.239685679072537849e-04
8.226912010059915428e-04
8.214158138795177441e-04
8.201424034607163833e-04
8.188709666872202603e-04
8.176015005014023070e-04
8.163340018503689732e-04
8.150684676859530717e-04
8.138048949647056461e-04
8.125432806478898994e-04
8.112836217014724122e-04
8.100259150961171793e-04
8.087701578071778037e-04
8.075163468146903407e-04
8.062644791033653831e-04
8.050145516625824239e-04
8.037665614863808566e-04
8.025205055734539045e-04
8.012763809271413558e-04
8.000341845554214326e-04
7.987939134709050445e-04
7.975555646908273318e-04
7.963191352370413770e-04
7.950846221360107239e-04
7.938520224188023305e-04
7.926213331210791961e-04
7.913925512830938562e-04
7.901656739496804678e-04
7.889406981702483043e-04
7.877176209987747082e-04
7.864964394937975015e-04
7.852771507184090225e-04
7.840597517402474528e-04
7.828442396314910703e-04
7.816306114688509853e-04
7.804188643335638765e-04
7.792089953113850520e-04
7.780010014925816189e-04
7.767948799719252189e-04
7.755906278486856317e-04
7.743882422266229687e-04
7.731877202139816017e-04
7.719890589234826815e-04
7.707922554723173076e-04
7.695973069821396978e-04
7.684042105790601408e-04
7.672129633936387080e-04
7.660235625608774468e-04
7.648360052202139844e-04
7.636502885155149137e-04
7.624664095950685295e-04
7.612843656115779976e-04
7.601041537221547417e-04
7.589257710883118291e-04
7.577492148759564904e-04
7.565744822553840477e-04
7.554015704012704332e-04
7.542304764926665520e-04
7.530611977129896082e-04
7.518937312500184426e-04
7.507280742958856185e-04
7.495642240470706992e-04
7.484021777043939599e-04
7.472419324730092318e-04
7.460834855623977224e-04
7.449268341863609678e-04
7.437719755630140027e-04
7.426189069147791800e-04
7.414676254683786900e-04
7.403181284548294647e-04
7.391704131094345041e-04
7.380244766717778890e-04
7.368803163857172997e-04
7.357379294993776197e-04
7.345973132651446467e-04
7.334584649396579375e-04
7.323213817838046275e-04
7.311860610627127091e-04
7.300525000457445263e-04
7.289206960064901607e-04
7.277906462227614693e-04
7.266623479765842771e-04
7.255357985541929572e-04
7.244109952460235993e-04
7.232879353467077223e-04
7.221666161550650094e-04
7.210470349740978873e-04
7.199291891109843708e-04
7.188130758770719907e-04
7.176986925878704217e-04
7.165860365630470370e-04
7.154751051264180177e-04
7.143658956059437994e-04
7.132584053337216994e-04
7.121526316459798455e-04
7.110485718830712124e-04
7.099462233894660327e-04
7.088455835137467010e-04
7.077466496086010517e-04
7.066494190308150953e-04
7.055538891412684640e-04
7.044600573049259557e-04
7.033679208908333053e-04
7.022774772721092698e-04
7.011887238259403160e-04
7.001016579335736815e-04
6.990162769803116285e-04
6.979325783555048301e-04
6.968505594525459734e-04
6.957702176688641219e-04
6.946915504059177765e-04
6.936145550691891291e-04
6.925392290681776659e-04
6.914655698163935538e-04
6.903935747313526532e-04
6.893232412345687114e-04
6.882545667515483755e-04
6.871875487117846872e-04
6.861221845487503607e-04
6.850584716998927952e-04
6.839964076066267027e-04
6.829359897143286867e-04
6.818772154723311708e-04
6.808200823339156764e-04
6.797645877563075105e-04
6.787107292006687182e-04
6.776585041320928784e-04
6.766079100195985987e-04
6.755589443361237692e-04
6.745116045585187320e-04
6.734658881675408600e-04
6.724217926478489194e-04
6.713793154879959136e-04
6.703384541804240961e-04
6.692992062214580314e-04
6.682615691112996081e-04
6.672255403540212080e-04
6.661911174575599597e-04
6.651582979337123183e-04
6.641270792981268005e-04
6.630974590702994314e-04
6.620694347735670221e-04
6.610430039351016408e-04
6.600181640859039984e-04
6.589949127607981367e-04
6.579732474984254648e-04
6.569531658412387960e-04
6.559346653354961683e-04
6.549177435312550973e-04
6.539023979823671562e-04
6.528886262464715781e-04
6.518764258849894019e-04
6.508657944631180510e-04
6.498567295498249366e-04
6.488492287178421452e-04
6.478432895436602584e-04
6.468389096075226070e-04
6.458360864934195242e-04
6.448348177890828167e-04
6.438351010859793676e-04
6.428369339793057156e-04
6.418403140679828506e-04
6.408452389546489495e-04
6.398517062456551482e-04
6.388597135510590361e-04
6.378692584846190183e-04
6.368803386637887859e-04
6.358929517097115704e-04
6.349070952472140716e-04
6.339227669048010366e-04
6.329399643146497306e-04
6.319586851126041908e-04
6.309789269381689374e-04
6.300006874345044205e-04
6.290239642484205147e-04
6.280487550303710982e-04
6.270750574344484147e-04
6.261028691183774357e-04
6.251321877435104396e-04
6.241630109748213737e-04
6.231953364808995657e-04
6.222291619339453874e-04
6.212644850097630983e-04
6.203013033877572682e-04
6.193396147509251876e-04
6.183794167858524225e-04
6.174207071827073935e-04
6.164634836352348704e-04
6.155077438407515270e-04
6.145534855001396528e-04
6.136007063178422743e-04
6.126494040018569745e-04
6.116995762637307977e-04
6.107512208185547197e-04
6.098043353849581186e-04
6.088589176851035706e-04
6.079149654446803445e-04
6.069724763929006074e-04
6.060314482624924856e-04
6.050918787896956193e-04
6.041537657142553083e-04
6.032171067794166565e-04
6.022818997319201277e-04
6.013481423219954733e-04
6.004158323033564199e-04
5.994849674331954653e-04
5.985555454721784574e-04
5.976275641844388479e-04
5.967010213375729217e-04
5.957759147026341594e-04
5.948522420541273821e-04
5.939300011700046318e-04
5.930091898316585579e-04
5.920898058239180799e-04
5.911718469350422077e-04
5.902553109567154881e-04
5.893401956840423669e-04
5.884264989155414422e-04
5.875142184531413451e-04
5.866033521021746678e-04
5.856938976713724340e-04
5.847858529728592204e-04
5.838792158221484943e-04
5.829739840381358918e-04
5.820701554430956397e-04
5.811677278626742674e-04
5.802666991258855107e-04
5.793670670651054335e-04
5.784688295160673316e-04
5.775719843178557696e-04
5.766765293129022443e-04
5.757824623469795467e-04
5.748897812691967750e-04
5.739984839319939129e-04
5.731085681911370598e-04
5.722200319057132263e-04
5.713328729381246963e-04
5.704470891540845820e-04
5.695626784226110774e-04
5.686796386160230133e-04
5.677979676099341108e-04
5.669176632832484278e-04
5.660387235181546127e-04
5.651611462001215674e-04
5.642849292178929183e-04
5.634100704634818118e-04
5.625365678321666858e-04
5.616644192224849817e-04
5.607936225362290241e-04
5.599241756784409255e-04
5.590560765574068393e-04
5.581893230846528406e-04
5.573239131749393961e-04
5.564598447462564858e-04
5.555971157198186152e-04
5.547357240200595030e-04
5.538756675746280694e-04
5.530169443143821478e-04
5.521595521733845815e-04
5.513034890888976946e-04
5.504487530013784128e-04
5.495953418544738183e-04
5.487432535950151867e-04
5.478924861730140837e-04
5.470430375416569443e-04
5.461949056573003024e-04
5.453480884794656945e-04
5.445025839708353237e-04
5.436583900972459873e-04
5.428155048276857167e-04
5.419739261342877050e-04
5.411336519923261876e-04
5.402946803802110209e-04
5.394570092794831288e-04
5.386206366748097323e-04
5.377855605539792532e-04
5.369517789078967615e-04
5.361192897305789868e-04
5.352880910191494404e-04
5.344581807738337529e-04
5.336295569979550117e-04
5.328022176979282324e-04
5.319761608832568886e-04
5.311513845665268409e-04
5.303278867634022165e-04
5.295056654926204222e-04
5.286847187759878075e-04
5.278650446383743519e-04
5.270466411077091113e-04
5.262295062149756645e-04
5.254136379942073425e-04
5.245990344824823497e-04
5.237856937199191019e-04
5.229736137496715639e-04
5.221627926179244795e-04
5.213532283738890345e-04
5.205449190697975436e-04
5.197378627608993315e-04
5.189320575054557445e-04
5.181275013647357059e-04
5.173241924030108369e-04
5.165221286875509030e-04
5.157213082886192602e-04
5.149217292794684101e-04
5.141233897363345785e-04
5.133262877384340292e-04
5.125304213679580771e-04
5.117357887100683171e-04
5.109423878528922876e-04
5.101502168875187001e-04
5.093592739079929937e-04
5.085695570113127817e-04
5.077810642974230808e-04
5.069937938692117580e-04
5.062077438325054100e-04
5.054229122960641595e-04
5.046392973715777518e-04
5.038568971736606759e-04
5.030757098198473942e-04
5.022957334305884394e-04
5.015169661292454267e-04
5.007394060420868260e-04
4.999630512982831910e-04
4.991879000299028228e-04
4.984139503719074325e-04
4.976412004621473713e-04
4.968696484413571849e-04
4.960992924531517105e-04
4.953301306440206558e-04
4.945621611633250212e-04
4.937953821632921122e-04
4.930297917990112029e-04
4.922653882284296328e-04
4.915021696123474939e-04
4.907401341144139451e-04
4.899792799011223323e-04
4.892196051418061780e-04
4.884611080086344098e-04
4.877037866766071325e-04
4.869476393235515625e-04
4.861926641301171485e-04
4.854388592797713974e-04
4.846862229587956461e-04
4.839347533562803993e-04
4.831844486641213182e-04
4.824353070770147746e-04
4.816873267924533524e-04
4.809405060107218351e-04
4.801948429348924362e-04
4.794503357708207328e-04
4.787069827271419253e-04
4.779647820152651454e-04
4.772237318493706372e-04
4.764838304464046612e-04
4.757450760260751579e-04
4.750074668108480070e-04
4.742710010259422026e-04
4.735356768993260047e-04
4.728014926617124937e-04
4.720684465465552334e-04
4.713365367900442600e-04
4.706057616311018531e-04
4.698761193113776572e-04
4.691476080752456459e-04
4.684202261697990258e-04
4.676939718448459545e-04
4.669688433529060705e-04
4.662448389492055605e-04
4.655219568916733647e-04
4.648001954409370024e-04
4.640795528603180184e-04
4.633600274158285138e-04
4.626416173761661041e-04
4.619243210127105042e-04
4.612081365995190831e-04
4.604930624133225271e-04
4.597790967335210451e-04
4.590662378421801943e-04
4.583544840240264895e-04
4.576438335664433912e-04
4.569342847594675110e-04
4.562258358957839498e-04
4.555184852707227193e-04
4.548122311822542434e-04
4.541070719309855627e-04
4.534030058201562151e-04
4.527000311556339529e-04
4.519981462459108940e-04
4.512973494020992935e-04
4.505976389379274779e-04
4.498990131697363755e-04
4.492014704164743670e-04
4.485050089996942490e-04
4.478096272435486266e-04
4.471153234747863355e-04
4.464220960227479424e-04
4.457299432193620589e-04
4.450388633991412212e-04
4.443488548991779332e-04
4.436599160591406547e-04
4.429720452212697899e-04
4.422852407303737841e-04
4.415995009338251126e-04
4.409148241815560518e-04
4.402312088260553185e-04
4.395486532223635704e-04
4.388671557280694486e-04
4.381867147033063252e-04
4.375073285107474244e-04
4.368289955156024612e-04
4.361517140856136301e-04
4.354754825910514852e-04
4.348002994047116330e-04
4.341261629019096914e-04
4.334530714604786870e-04
4.327810234607640683e-04
4.321100172856207240e-04
4.314400513204082665e-04
4.307711239529879964e-04
4.301032335737180233e-04
4.294363785754504474e-04
4.287705573535268593e-04
4.281057683057746003e-04
4.274420098325029671e-04
4.267792803364993089e-04
4.261175782230256122e-04
4.254569018998137844e-04
4.247972497770627267e-04
4.241386202674338884e-04
4.234810117860478523e-04
4.228244227504804310e-04
4.221688515807586013e-04
4.215142966993570893e-04
4.208607565311945752e-04
4.202082295036292485e-04
4.195567140464560429e-04
4.189062085919021371e-04
4.182567115746236479e-04
4.176082214317011852e-04
4.169607366026368699e-04
4.163142555293501603e-04
4.156687766561743282e-04
4.150242984298525015e-04
4.143808192995340864e-04
4.137383377167709185e-04
4.130968521355136850e-04
4.124563610121082381e-04
4.118168628052915840e-04
4.111783559761885212e-04
4.105408389883079007e-04
4.099043103075388308e-04
4.092687684021467740e-04
4.086342117427704031e-04
4.080006388024174811e-04
4.073680480564613915e-04
4.067364379826374525e-04
4.061058070610391217e-04
4.054761537741147443e-04
4.048474766066633237e-04
4.042197740458312698e-04
4.035930445811088747e-04
4.029672867043261933e-04
4.023424989096498986e-04
4.017186796935794330e-04
4.010958275549435389e-04
4.004739409948965181e-04
3.998530185169145456e-04
3.992330586267924713e-04
3.986140598326396453e-04
3.979960206448769373e-04
3.973789395762328323e-04
3.967628151417397454e-04
3.961476458587306600e-04
3.955334302468357672e-04
3.949201668279782914e-04
3.943078541263715631e-04
3.936964906685151699e-04
3.930860749831914872e-04
3.924766056014619914e-04
3.918680810566639540e-04
3.912604998844069711e-04
3.906538606225691155e-04
3.900481618112937917e-04
3.894434019929858331e-04
3.888395797123083038e-04
3.882366935161790829e-04
3.876347419537670160e-04
3.870337235764887709e-04
3.864336369380050426e-04
3.858344805942173555e-04
3.852362531032646475e-04
3.846389530255192590e-04
3.840425789235842220e-04
3.834471293622892488e-04
3.828526029086876418e-04
3.822589981320525534e-04
3.816663136038737870e-04
3.810745478978541656e-04
3.804836995899063328e-04
3.798937672581490670e-04
3.793047494829041369e-04
3.787166448466927778e-04
3.781294519342321141e-04
3.775431693324320147e-04
3.769577956303916239e-04
3.763733294193960001e-04
3.757897692929124838e-04
3.752071138465876620e-04
3.746253616782438444e-04
3.740445113878756479e-04
3.734645615776466905e-04
3.728855108518862836e-04
3.723073578170859634e-04
3.717301010818961833e-04
3.711537392571231161e-04
3.705782709557250759e-04
3.700036947928092654e-04
3.694300093856285779e-04
3.688572133535782897e-04
3.682853053181922662e-04
3.677142839031403597e-04
3.671441477342247766e-04
3.665748954393765547e-04
3.660065256486524725e-04
3.654390369942320141e-04
3.648724281104135736e-04
3.643066976336116914e-04
3.637418442023532044e-04
3.631778664572745362e-04
3.626147630411180644e-04
3.620525325987289768e-04
3.614911737770520731e-04
3.609306852251284578e-04
3.603710655940923959e-04
3.598123135371676272e-04
3.592544277096649261e-04
3.586974067689780907e-04
3.581412493745811778e-04
3.575859541880252500e-04
3.570315198729347443e-04
3.564779450950049779e-04
3.559252285219982452e-04
3.553733688237411615e-04
3.548223646721210310e-04
3.542722147410828654e-04
3.537229177066263477e-04
3.531744722468022546e-04
3.526268770417097459e-04
3.520801307734927328e-04
3.515342321263370583e-04
3.509891797864671910e-04
3.504449724421430804e-04
3.499016087836572301e-04
3.493590875033309026e-04
3.488174072955118428e-04
3.482765668565703746e-04
3.477365648848969077e-04
3.471974000808982505e-04
3.466590711469949007e-04
3.461215767876176831e-04
3.455849157092049317e-04
3.450490866201989110e-04
3.445140882310429977e-04
3.439799192541787530e-04
3.434465784040425618e-04
3.429140643970625965e-04
3.423823759516557820e-04
3.418515117882245423e-04
3.413214706291542531e-04
3.407922511988093384e-04
3.402638522235309940e-04
3.397362724316336634e-04
3.392095105534022196e-04
3.386835653210885488e-04
3.381584354689090577e-04
3.376341197330412578e-04
3.371106168516207298e-04
3.365879255647382501e-04
3.360660446144365932e-04
3.355449727447077117e-04
3.350247087014897015e-04
3.345052512326633317e-04
3.339865990880497683e-04
3.334687510194071043e-04
3.329517057804273240e-04
3.324354621267337014e-04
3.319200188158773299e-04
3.314053746073342501e-04
3.308915282625030096e-04
3.303784785447008688e-04
3.298662242191614151e-04
3.293547640530313111e-04
3.288440968153674747e-04
3.283342212771338817e-04
3.278251362111992339e-04
3.273168403923330566e-04
3.268093325972036382e-04
3.263026116043744526e-04
3.257966761943017738e-04
3.252915251493312065e-04
3.247871572536951924e-04
3.242835712935099204e-04
3.237807660567722364e-04
3.232787403333570956e-04
3.227774929150143638e-04
3.222770225953660531e-04
3.217773281699033401e-04
3.212784084359837471e-04
3.207802621928281060e-04
3.202828882415179566e-04
3.197862853849924025e-04
3.192904524280453459e-04
3.187953881773226148e-04
3.183010914413189271e-04
3.178075610303753972e-04
3.173147957566763914e-04
3.168227944342466009e-04
3.163315558789485480e-04
3.158410789084792249e-04
3.153513623423679258e-04
3.148624050019726683e-04
3.143742057104781341e-04
3.138867632928919824e-04
3.134000765760427357e-04
3.129141443885766899e-04
3.124289655609550952e-04
3.119445389254513375e-04
3.114608633161481733e-04
3.109779375689348570e-04
3.104957605215046467e-04
3.100143310133514438e-04
3.095336478857673530e-04
3.090537099818401346e-04
3.085745161464498979e-04
3.080960652262667698e-04
3.076183560697476967e-04
3.071413875271342218e-04
3.066651584504491782e-04
3.061896676934943036e-04
3.057149141118474219e-04
3.052408965628593523e-04
3.047676139056515791e-04
3.042950650011135407e-04
3.038232487118994857e-04
3.033521639024261418e-04
3.028818094388696256e-04
3.024121841891630577e-04
3.019432870229937435e-04
3.014751168118001918e-04
3.010076724287698920e-04
3.005409527488360618e-04
3.000749566486753160e-04
2.996096830067050644e-04
2.991451307030803131e-04
2.986812986196914427e-04
2.982181856401613343e-04
2.977557906498427137e-04
2.972941125358153865e-04
2.968331501868837988e-04
2.963729024935740555e-04
2.959133683481315349e-04
2.954545466445180160e-04
2.949964362784091845e-04
2.945390361471917056e-04
2.940823451499611097e-04
2.936263621875185399e-04
2.931710861623684208e-04
2.927165159787158567e-04
2.922626505424638665e-04
2.918094887612108362e-04
2.913570295442477541e-04
2.909052718025558252e-04
2.904542144488037611e-04
2.900038563973450154e-04
2.895541965642152351e-04
2.891052338671299305e-04
2.886569672254815470e-04
2.882093955603368639e-04
2.877625177944347166e-04
2.873163328521831242e-04
2.868708396596566872e-04
2.864260371445942564e-04
2.859819242363961138e-04
2.855384998661215337e-04
2.850957629664860717e-04
2.846537124718593421e-04
2.842123473182618740e-04
2.837716664433632139e-04
2.833316687864788895e-04
2.828923532885679708e-04
2.824537188922305762e-04
2.820157645417055957e-04
2.815784891828675466e-04
2.811418917632246221e-04
2.807059712319156554e-04
2.802707265397082767e-04
2.798361566389956606e-04
2.794022604837942490e-04
2.789690370297415829e-04
2.785364852340933752e-04
2.781046040557211795e-04
2.776733924551098420e-04
2.772428493943550083e-04
2.768129738371606836e-04
2.763837647488366308e-04
2.759552210962960936e-04
2.755273418480529233e-04
2.751001259742195731e-04
2.746735724465042792e-04
2.742476802382086756e-04
2.738224483242255713e-04
2.733978756810360230e-04
2.729739612867072753e-04
2.725507041208901043e-04
2.721281031648163781e-04
2.717061574012965630e-04
2.712848658147177182e-04
2.708642273910402427e-04
2.704442411177961948e-04
2.700249059840864737e-04
2.696062209805783795e-04
2.691881850995033907e-04
2.687707973346546166e-04
2.683540566813843575e-04
2.679379621366017195e-04
2.675225126987702839e-04
2.671077073679055044e-04
2.666935451455724852e-04
2.662800250348835410e-04
2.658671460404957577e-04
2.654549071686086075e-04
2.650433074269616172e-04
2.646323458248319295e-04
2.642220213730317544e-04
2.638123330839065267e-04
2.634032799713319239e-04
2.629948610507116982e-04
2.625870753389755079e-04
2.621799218545763695e-04
2.617733996174883269e-04
2.613675076492040115e-04
2.609622449727325827e-04
2.605576106125969630e-04
2.601536035948317778e-04
2.597502229469810789e-04
2.593474676980956880e-04
2.589453368787310826e-04
2.585438295209450650e-04
2.581429446582954312e-04
2.577426813258375856e-04
2.573430385601222100e-04
2.569440153991930952e-04
2.565456108825845934e-04
2.561478240513195576e-04
2.557506539479068486e-04
2.553540996163390577e-04
2.549581601020904469e-04
2.545628344521142384e-04
2.541681217148406631e-04
2.537740209401745210e-04
2.533805311794929587e-04
2.529876514856431923e-04
2.525953809129400144e-04
2.522037185171640584e-04
2.518126633555588722e-04
2.514222144868290200e-04
2.510323709711379143e-04
2.506431318701051597e-04
2.502544962468048178e-04
2.498664631657625886e-04
2.494790316929539672e-04
2.490922008958019671e-04
2.487059698431747347e-04
2.483203376053833814e-04
2.479353032541795434e-04
2.475508658627535935e-04
2.471670245057320386e-04
2.467837782591755140e-04
2.464011262005762898e-04
2.460190674088563734e-04
2.456376009643651786e-04
2.452567259488771948e-04
2.448764414455897637e-04
2.444967465391212368e-04
2.441176403155083732e-04
2.437391218622043064e-04
2.433611902680763762e-04
2.429838446234038247e-04
2.426070840198757904e-04
2.422309075505888962e-04
2.418553143100453243e-04
2.414803033941502421e-04
2.411058739002102020e-04
2.407320249269304861e-04
2.403587555744131810e-04
2.399860649441549012e-04
2.396139521390447022e-04
2.392424162633618036e-04
2.388714564227736913e-04
2.385010717243336517e-04
2.381312612764789551e-04
2.377620241890283351e-04
2.373933595731802268e-04
2.370252665415103002e-04
2.366577442079695359e-04
2.362907916878820020e-04
2.359244080979429033e-04
2.355585925562161411e-04
2.351933441821324705e-04
2.348286620964872777e-04
2.344645454214384114e-04
2.341009932805041775e-04
2.337380047985611158e-04
2.333755791018421303e-04
2.330137153179340497e-04
2.326524125757758110e-04
2.322916700056561559e-04
2.319314867392117605e-04
2.315718619094249582e-04
2.312127946506216804e-04
2.308542840984695852e-04
2.304963293899756462e-04
2.301389296634842813e-04
2.297820840586753746e-04
2.294257917165619452e-04
2.290700517794882498e-04
2.287148633911276414e-04
2.283602256964807262e-04
2.280061378418729513e-04
2.276525989749528158e-04
2.272996082446897563e-04
2.269471648013720330e-04
2.265952677966048866e-04
2.262439163833081528e-04
2.258931097157146090e-04
2.255428469493675893e-04
2.251931272411192763e-04
2.248439497491284793e-04
2.244953136328586818e-04
2.241472180530758741e-04
2.237996621718467633e-04
2.234526451525366058e-04
2.231061661598072012e-04
2.227602243596151302e-04
2.224148189192092884e-04
2.220699490071292056e-04
2.217256137932030675e-04
2.213818124485455736e-04
2.210385441455559323e-04
2.206958080579160715e-04
2.203536033605884160e-04
2.200119292298140987e-04
2.196707848431107921e-04
2.193301693792709195e-04
2.189900820183594593e-04
2.186505219417122646e-04
2.183114883319338677e-04
2.179729803728956098e-04
2.176349972497334997e-04
2.172975381488465875e-04
2.169606022578947151e-04
2.166241887657967269e-04
2.162882968627284370e-04
2.159529257401208405e-04
2.156180745906577552e-04
2.152837426082744663e-04
2.149499289881553143e-04
2.146166329267319868e-04
2.142838536216814865e-04
2.139515902719243143e-04
2.136198420776224370e-04
2.132886082401775252e-04
2.129578879622285952e-04
2.126276804476507623e-04
2.122979849015527469e-04
2.119688005302753839e-04
2.116401265413893188e-04
2.113119621436933271e-04
2.109843065472125523e-04
2.106571589631963380e-04
2.103305186041163569e-04
2.100043846836649312e-04
2.096787564167529446e-04
2.093536330195080271e-04
2.090290137092727109e-04
2.087048977046023445e-04
2.083812842252634923e-04
2.080581724922319839e-04
2.077355617276907453e-04
2.074134511550285252e-04
2.070918399988373195e-04
2.067707274849111794e-04
2.064501128402437987e-04
2.061299952930269685e-04
2.058103740726487346e-04
2.054912484096913102e-04
2.051726175359293953e-04
2.048544806843283878e-04
2.045368370890423507e-04
2.042196859854123587e-04
2.039030266099645192e-04
2.035868582004081841e-04
2.032711799956341599e-04
2.029559912357128655e-04
2.026412911618923800e-04
2.023270790165968436e-04
2.020133540434244251e-04
2.017001154871456137e-04
2.013873625937014035e-04
2.010750946102013957e-04
2.007633107849220644e-04
2.004520103673050483e-04
2.001411926079551184e-04
1.998308567586384160e-04
1.995210020722808534e-04
1.992116278029661624e-04
1.989027332059341052e-04
1.985943175375787131e-04
1.982863800554464969e-04
1.979789200182346584e-04
1.976719366857893284e-04
1.973654293191036153e-04
1.970593971803162765e-04
1.967538395327092797e-04
1.964487556407066909e-04
1.961441447698725334e-04
1.958400061869089448e-04
1.955363391596547399e-04
1.952331429570834057e-04
1.949304168493014473e-04
1.946281601075465994e-04
1.943263720041860099e-04
1.940250518127147224e-04
1.937241988077535075e-04
1.934238122650475621e-04
1.931238914614645573e-04
1.928244356749928771e-04
1.925254441847399104e-04
1.922269162709304251e-04
1.919288512149045888e-04
1.916312482991165873e-04
1.913341068071325638e-04
1.910374260236290744e-04
1.907412052343914074e-04
1.904454437263116860e-04
1.901501407873873234e-04
1.898552957067192065e-04
1.895609077745100970e-04
1.892669762820627880e-04
1.889735005217785052e-04
1.886804797871551444e-04
1.883879133727855916e-04
1.880958005743560424e-04
1.878041406886442940e-04
1.875129330135180379e-04
1.872221768479332337e-04
1.869318714919323198e-04
1.866420162466426416e-04
1.863526104142747167e-04
1.860636532981204999e-04
1.857751442025517576e-04
1.854870824330185220e-04
1.851994672960472215e-04
1.849122980992390537e-04
1.846255741512684142e-04
1.843392947618812425e-04
1.840534592418931518e-04
1.837680669031880199e-04
1.834831170587162001e-04
1.831986090224929761e-04
1.829145421095966918e-04
1.826309156361673961e-04
1.823477289194049456e-04
1.820649812775675406e-04
1.817826720299699640e-04
1.815008004969820895e-04
1.812193660000270122e-04
1.809383678615796931e-04
1.806578054051650344e-04
1.803776779553566329e-04
1.800979848377746930e-04
1.798187253790849149e-04
1.795398989069963271e-04
1.792615047502601469e-04
1.789835422386678839e-04
1.787060107030498217e-04
1.784289094752734188e-04
1.781522378882417095e-04
1.778759952758916232e-04
1.776001809731924124e-04
1.773247943161441347e-04
1.770498346417760270e-04
1.767753012881447428e-04
1.765011935943329707e-04
1.762275109004478345e-04
1.759542525476191592e-04
1.756814178779980066e-04
1.754090062347549682e-04
1.751370169620788367e-04
1.748654494051747089e-04
1.745943029102626576e-04
1.743235768245760507e-04
1.740532704963600066e-04
1.737833832748697407e-04
1.735139145103692371e-04
1.732448635541293785e-04
1.729762297584265637e-04
1.727080124765412443e-04
1.724402110627560269e-04
1.721728248723545618e-04
1.719058532616196460e-04
1.716392955878317595e-04
1.713731512092677095e-04
1.711074194851988422e-04
1.708420997758895786e-04
1.705771914425959239e-04
1.703126938475639225e-04
1.700486063540280861e-04
1.697849283262098212e-04
1.695216591293160200e-04
1.692587981295374882e-04
1.689963446940473727e-04
1.687342981909996441e-04
1.684726579895276868e-04
1.682114234597425649e-04
1.679505939727317745e-04
1.676901689005575369e-04
1.674301476162553073e-04
1.671705294938324740e-04
1.669113139082664611e-04
1.666525002355035627e-04
1.663940878524573438e-04
1.661360761370070957e-04
1.658784644679964530e-04
1.656212522252316864e-04
1.653644387894804288e-04
1.651080235424700758e-04
1.648520058668863494e-04
1.645963851463717528e-04
1.643411607655241070e-04
1.640863321098951411e-04
1.638318985659890014e-04
1.635778595212605715e-04
1.633242143641142519e-04
1.630709624839024965e-04
1.628181032709240510e-04
1.625656361164228958e-04
1.623135604125863752e-04
1.620618755525440055e-04
1.618105809303659569e-04
1.615596759410615623e-04
1.613091599805778812e-04
1.610590324457982089e-04
1.608092927345406938e-04
1.605599402455568743e-04
1.603109743785301330e-04
1.600623945340744507e-04
1.598142001137326982e-04
1.595663905199754440e-04
1.593189651561994634e-04
1.590719234267261393e-04
1.588252647368002153e-04
1.585789884925882509e-04
1.583330941011773204e-04
1.580875809705734405e-04
1.578424485097002698e-04
1.575976961283975363e-04
1.573533232374198178e-04
1.571093292484349426e-04
1.568657135740227158e-04
1.566224756276733470e-04
1.563796148237862308e-04
1.561371305776684012e-04
1.558950223055330961e-04
1.556532894244985364e-04
1.554119313525864090e-04
1.551709475087203755e-04
1.549303373127247987e-04
1.546901001853233327e-04
1.544502355481375136e-04
1.542107428236853773e-04
1.539716214353800228e-04
1.537328708075283109e-04
1.534944903653293199e-04
1.532564795348732335e-04
1.530188377431396338e-04
1.527815644179964709e-04
1.525446589881983826e-04
1.523081208833854203e-04
1.520719495340818296e-04
1.518361443716943694e-04
1.516007048285113363e-04
1.513656303377008028e-04
1.511309203333095329e-04
1.508965742502615460e-04
1.506625915243566796e-04
1.504289715922693432e-04
1.501957138915469730e-04
1.499628178606090829e-04
1.497302829387453949e-04
1.494981085661148629e-04
1.492662941837441819e-04
1.490348392335265142e-04
1.488037431582199988e-04
1.485730054014466125e-04
1.483426254076906795e-04
1.481126026222975975e-04
1.478829364914725363e-04
1.476536264622789474e-04
1.474246719826375609e-04
1.471960725013245967e-04
1.469678274679708427e-04
1.467399363330601373e-04
1.465123985479280949e-04
1.462852135647607784e-04
1.460583808365933706e-04
1.458318998173088461e-04
1.456057699616367519e-04
1.453799907251517433e-04
1.451545615642724186e-04
1.449294819362599096e-04
1.447047512992166078e-04
1.444803691120849444e-04
1.442563348346458997e-04
1.440326479275178917e-04
1.438093078521553668e-04
1.435863140708475800e-04
1.433636660467172124e-04
1.431413632437191787e-04
1.429194051266392449e-04
1.426977911610928084e-04
1.424765208135235972e-04
1.422555935512023414e-04
1.420350088422255811e-04
1.418147661555142563e-04
1.415948649608125961e-04
1.413753047286867091e-04
1.411560849305233093e-04
1.409372050385285507e-04
1.407186645257266992e-04
1.405004628659588316e-04
1.402825995338816427e-04
1.400650740049660904e-04
1.398478857554961486e-04
1.396310342625677503e-04
1.394145190040871612e-04
1.391983394587700308e-04
1.389824951061399835e-04
1.387669854265274525e-04
1.385518099010684063e-04
1.383369680117030472e-04
1.381224592411746193e-04
1.379082830730281068e-04
1.376944389916090960e-04
1.374809264820624471e-04
1.372677450303310743e-04
1.370548941231546991e-04
1.368423732480686850e-04
1.366301818934027358e-04
1.364183195482796223e-04
1.362067857026140168e-04
1.359955798471113812e-04
1.357847014732665308e-04
1.355741500733624420e-04
1.353639251404692217e-04
1.351540261684426711e-04
1.349444526519231471e-04
1.347352040863344241e-04
1.345262799678823386e-04
1.343176797935536509e-04
1.341094030611149064e-04
1.339014492691110807e-04
1.336938179168644411e-04
1.334865085044734351e-04
1.332795205328112539e-04
1.330728535035249384e-04
1.328665069190338604e-04
1.326604802825288561e-04
1.324547730979706807e-04
1.322493848700890867e-04
1.320443151043815776e-04
1.318395633071121063e-04
1.316351289853099639e-04
1.314310116467686689e-04
1.312272108000445841e-04
1.310237259544559413e-04
1.308205566200815943e-04
1.306177023077597179e-04
1.304151625290868321e-04
1.302129367964165012e-04
1.300110246228581407e-04
1.298094255222759339e-04
1.296081390092876113e-04
1.294071645992633400e-04
1.292065018083244493e-04
1.290061501533423197e-04
1.288061091519373527e-04
1.286063783224774800e-04
1.284069571840773776e-04
1.282078452565971107e-04
1.280090420606409677e-04
1.278105471175563492e-04
1.276123599494327111e-04
1.274144800791001818e-04
1.272169070301286951e-04
1.270196403268265535e-04
1.268226794942395612e-04
1.266260240581496953e-04
1.264296735450740224e-04
1.262336274822635322e-04
1.260378853977021625e-04
1.258424468201053623e-04
1.256473112789191699e-04
1.254524783043191023e-04
1.252579474272088808e-04
1.250637181792194552e-04
1.248697900927077300e-04
1.246761627007555073e-04
1.244828355371684569e-04
1.242898081364748148e-04
1.240970800339243811e-04
1.239046507654874350e-04
1.237125198678534072e-04
1.235206868784300663e-04
1.233291513353421912e-04
1.231379127774305136e-04
1.229469707442506338e-04
1.227563247760719367e-04
1.225659744138763991e-04
1.223759191993575054e-04
1.221861586749192720e-04
1.219966923836749188e-04
1.218075198694460023e-04
1.216186406767611958e-04
1.214300543508551640e-04
1.212417604376675472e-04
1.210537584838418770e-04
1.208660480367243424e-04
1.206786286443629235e-04
1.204914998555061301e-04
1.203046612196019452e-04
1.201181122867968083e-04
1.199318526079345043e-04
1.197458817345550385e-04
1.195601992188935795e-04
1.193748046138794157e-04
1.191896974731348981e-04
1.190048773509742343e-04
1.188203438024025939e-04
1.186360963831148755e-04
1.184521346494947708e-04
1.182684581586136003e-04
1.180850664682293091e-04
1.179019591367854109e-04
1.177191357234098082e-04
1.175365957879138847e-04
1.173543388907913939e-04
1.171723645932173474e-04
1.169906724570469992e-04
1.168092620448148015e-04
1.166281329197333750e-04
1.164472846456923976e-04
1.162667167872575338e-04
1.160864289096695399e-04
1.159064205788430581e-04
1.157266913613655868e-04
1.155472408244965718e-04
1.153680685361662008e-04
1.151891740649744545e-04
1.150105569801901037e-04
1.148322168517494895e-04
1.146541532502557781e-04
1.144763657469776596e-04
1.142988539138484671e-04
1.141216173234650791e-04
1.139446555490869570e-04
1.137679681646350070e-04
1.135915547446907125e-04
1.134154148644949550e-04
1.132395480999471335e-04
1.130639540276039986e-04
1.128886322246787312e-04
1.127135822690398989e-04
1.125388037392104665e-04
1.123642962143667527e-04
1.121900592743373999e-04
1.120160924996023579e-04
1.118423954712919759e-04
1.116689677711858774e-04
1.114958089817120524e-04
1.113229186859456649e-04
1.111502964676083343e-04
1.109779419110669293e-04
1.108058546013325382e-04
1.106340341240596959e-04
1.104624800655451512e-04
1.102911920127269446e-04
1.101201695531835281e-04
1.099494122751326262e-04
1.097789197674303008e-04
1.096086916195699218e-04
1.094387274216812990e-04
1.092690267645295306e-04
1.090995892395141764e-04
1.089304144386681462e-04
1.087615019546567653e-04
1.085928513807768659e-04
1.084244623109556488e-04
1.082563343397499383e-04
1.080884670623448945e-04
1.079208600745533490e-04
1.077535129728146536e-04
1.075864253541937578e-04
1.074195968163802069e-04
1.072530269576872468e-04
1.070867153770507942e-04
1.069206616740284746e-04
1.067548654487987005e-04
1.065893263021596414e-04
1.064240438355283972e-04
1.062590176509398056e-04
1.060942473510457509e-04
1.059297325391140389e-04
1.057654728190274350e-04
1.056014677952828645e-04
1.054377170729902877e-04
1.052742202578717918e-04
1.051109769562607780e-04
1.049479867751008228e-04
1.047852493219448785e-04
1.046227642049541757e-04
1.044605310328974233e-04
1.042985494151498464e-04
1.041368189616921836e-04
1.039753392831097652e-04
1.038141099905916459e-04
1.036531306959295615e-04
1.034924010115170745e-04
1.033319205503485856e-04
1.031716889260184654e-04
1.030117057527201065e-04
1.028519706452449202e-04
1.026924832189815508e-04
1.025332430899147772e-04
1.023742498746247546e-04
1.022155031902859709e-04
1.020570026546664059e-04
1.018987478861265426e-04
1.017407385036185266e-04
1.015829741266852039e-04
1.014254543754591453e-04
1.012681788706618600e-04
1.011111472336028068e-04
1.009543590861784854e-04
1.007978140508715290e-04
1.006415117507498367e-04
1.004854518094655839e-04
1.003296338512544097e-04
1.001740575009344271e-04
1.000187223839054101e-04
9.986362812614779053e-05
9.970877435422185889e-05
9.955416069526676110e-05
9.939978677699973968e-05
9.924565222771509023e-05
9.909175667628336180e-05
9.893809975215042175e-05
9.878468108533657488e-05
9.863150030643569603e-05
9.847855704661433564e-05
9.832585093761075749e-05
9.817338161173413914e-05
9.802114870186373163e-05
9.786915184144777532e-05
9.771739066450284934e-05
9.756586480561284160e-05
9.741457389992816277e-05
9.726351758316477045e-05
9.711269549160336963e-05
9.696210726208851817e-05
9.681175253202774591e-05
9.666163093939066022e-05
9.651174212270810569e-05
9.636208572107133751e-05
9.621266137413105914e-05
9.606346872209655502e-05
9.591450740573497229e-05
9.576577706637027718e-05
9.561727734588246902e-05
9.546900788670675353e-05
9.532096833183263478e-05
9.517315832480302074e-05
9.502557750971349143e-05
9.487822553121133670e-05
9.473110203449464821e-05
9.458420666531164181e-05
9.443753906995969530e-05
9.429109889528446749e-05
9.414488578867912579e-05
9.399889939808343808e-05
9.385313937198294610e-05
9.370760535940819290e-05
9.356229700993370642e-05
9.341721397367730830e-05
9.327235590129924654e-05
9.312772244400130102e-05
9.298331325352597035e-05
9.283912798215564514e-05
9.269516628271179490e-05
9.255142780855403289e-05
9.240791221357941136e-05
9.226461915222148647e-05
9.212154827944958645e-05
9.197869925076784933e-05
9.183607172221449114e-05
9.169366535036099276e-05
9.155147979231117832e-05
9.140951470570051049e-05
9.126776974869514180e-05
9.112624457999118281e-05
9.098493885881386183e-05
9.084385224491668470e-05
9.070298439858058093e-05
9.056233498061321257e-05
9.042190365234799841e-05
9.028169007564346344e-05
9.014169391288224956e-05
9.000191482697042435e-05
8.986235248133666795e-05
8.972300653993141924e-05
8.958387666722604915e-05
8.944496252821210170e-05
8.930626378840049440e-05
8.916778011382065091e-05
8.902951117101978273e-05
8.889145662706198121e-05
8.875361614952753989e-05
8.861598940651201940e-05
8.847857606662559693e-05
8.834137579899213112e-05
8.820438827324847083e-05
8.806761315954356076e-05
8.793105012853776373e-05
8.779469885140195275e-05
8.765855899981679264e-05
8.752263024597196764e-05
8.738691226256530041e-05
8.725140472280203379e-05
8.711610730039405829e-05
8.698101966955908539e-05
8.684614150501984795e-05
8.671147248200339547e-05
8.657701227624021317e-05
8.644276056396353082e-05
8.630871702190850959e-05
8.617488132731137467e-05
8.604125315790887320e-05
8.590783219193720360e-05
8.577461810813148701e-05
8.564161058572481865e-05
8.550880930444764436e-05
8.537621394452685262e-05
8.524382418668511045e-05
8.511163971214002317e-05
8.497966020260341608e-05
8.484788534028054848e-05
8.471631480786934111e-05
8.458494828855963080e-05
8.445378546603237086e-05
8.432282602445896700e-05
8.419206964850039642e-05
8.406151602330646242e-05
8.393116483451515744e-05
8.380101576825176859e-05
8.367106851112822712e-05
8.354132275024222750e-05
8.341177817317664469e-05
8.328243446799861254e-05
8.315329132325887328e-05
8.302434842799103214e-05
8.289560547171075772e-05
8.276706214441507730e-05
8.263871813658153656e-05
8.251057313916764391e-05
8.238262684360993541e-05
8.225487894182335132e-05
8.212732912620039584e-05
8.199997708961052727e-05
8.187282252539930419e-05
8.174586512738768072e-05
8.161910458987132891e-05
8.149254060761977137e-05
8.136617287587581205e-05
8.124000109035466890e-05
8.111402494724326913e-05
8.098824414319959870e-05
8.086265837535188913e-05
8.073726734129789927e-05
8.061207073910421053e-05
8.048706826730548151e-05
8.036225962490377035e-05
8.023764451136773516e-05
8.011322262663192928e-05
7.998899367109615075e-05
7.986495734562462916e-05
7.974111335154536158e-05
7.961746139064938073e-05
7.949400116518998247e-05
7.937073237788215660e-05
7.924765473190166531e-05
7.912476793088452814e-05
7.900207167892616821e-05
7.887956568058076168e-05
7.875724964086051948e-05
7.863512326523498254e-05
7.851318625963027648e-05
7.839143833042846099e-05
7.826987918446677095e-05
7.814850852903696592e-05
7.802732607188454404e-05
7.790633152120815931e-05
7.778552458565874067e-05
7.766490497433901766e-05
7.754447239680262594e-05
7.742422656305348390e-05
7.730416718354512855e-05
7.718429396917998373e-05
7.706460663130862822e-05
7.694510488172914527e-05
7.682578843268648560e-05
7.670665699687160004e-05
7.658771028742095166e-05
7.646894801791570258e-05
7.635036990238100929e-05
7.623197565528545339e-05
7.611376499154024204e-05
7.599573762649857096e-05
7.587789327595490614e-05
7.576023165614434690e-05
7.564275248374193470e-05
7.552545547586189418e-05
7.540834035005709109e-05
7.529140682431816490e-05
7.517465461707309514e-05
7.505808344718630691e-05
7.494169303395808817e-05
7.482548309712388492e-05
7.470945335685367790e-05
7.459360353375126419e-05
7.447793334885359322e-05
7.436244252363006201e-05
7.424713077998197305e-05
7.413199784024165342e-05
7.401704342717202109e-05
7.390226726396569045e-05
7.378766907424447088e-05
7.367324858205870266e-05
7.355900551188643028e-05
7.344493958863295520e-05
7.333105053762996848e-05
7.321733808463506293e-05
7.310380195583094699e-05
7.299044187782487559e-05
7.287725757764791830e-05
7.276424878275433586e-05
7.265141522102098396e-05
7.253875662074652712e-05
7.242627271065088307e-05
7.231396321987455865e-05
7.220182787797797222e-05
7.208986641494081668e-05
7.197807856116136827e-05
7.186646404745598512e-05
7.175502260505821285e-05
7.164375396561835081e-05
7.153265786120273383e-05
7.142173402429305461e-05
7.131098218778578093e-05
7.120040208499145093e-05
7.108999344963407680e-05
7.097975601585049428e-05
7.086968951818969854e-05
7.075979369161223436e-05
7.065006827148957269e-05
7.054051299360339236e-05
7.043112759414505157e-05
7.032191180971486956e-05
7.021286537732155742e-05
7.010398803438154048e-05
6.999527951871829421e-05
6.988673956856184281e-05
6.977836792254795957e-05
6.967016431971769256e-05
6.956212849951660569e-05
6.945426020179426368e-05
6.934655916680351382e-05
6.923902513519991674e-05
6.913165784804112301e-05
6.902445704678623613e-05
6.891742247329513496e-05
6.881055386982797223e-05
6.870385097904444275e-05
6.859731354400322770e-05
6.849094130816134416e-05
6.838473401537356231e-05
6.827869140989175495e-05
6.817281323636427404e-05
6.806709923983539508e-05
6.796154916574463948e-05
6.785616275992619178e-05
6.775093976860828979e-05
6.764587993841260122e-05
6.754098301635361374e-05
6.743624874983806584e-05
6.733167688666425561e-05
6.722726717502149865e-05
6.712301936348953179e-05
6.701893320103787606e-05
6.691500843702519977e-05
6.681124482119880350e-05
6.670764210369394247e-05
6.660420003503327089e-05
6.650091836612620499e-05
6.639779684826834026e-05
6.629483523314086868e-05
6.619203327280994179e-05
6.608939071972612855e-05
6.598690732672376482e-05
6.588458284702041130e-05
6.578241703421617583e-05
6.568040964229325269e-05
6.557856042561517715e-05
6.547686913892636470e-05
6.537533553735141989e-05
6.527395937639466196e-05
6.517274041193936592e-05
6.507167840024738307e-05
6.497077309795839563e-05
6.487002426208934749e-05
6.476943165003399704e-05
6.466899501956213105e-05
6.456871412881913107e-05
6.446858873632532283e-05
6.436861860097543419e-05
6.426880348203798526e-05
6.416914313915471921e-05
6.406963733234001947e-05
6.397028582198034056e-05
6.387108836883362533e-05
6.377204473402873575e-05
6.367315467906487013e-05
6.357441796581096683e-05
6.347583435650521637e-05
6.337740361375437026e-05
6.327912550053323951e-05
6.318099978018415258e-05
6.308302621641629130e-05
6.298520457330520294e-05
6.288753461529220394e-05
6.279001610718383780e-05
6.269264881415123809e-05
6.259543250172964059e-05
6.249836693581780050e-05
6.240145188267740971e-05
6.230468710893251403e-05
6.220807238156901174e-05
6.211160746793408438e-05
6.201529213573553270e-05
6.191912615304138361e-05
6.182310928827921257e-05
6.172724131023558795e-05
6.163152198805561019e-05
6.153595109124223423e-05
6.144052838965583581e-05
6.134525365351354740e-05
6.125012665338875673e-05
6.115514716021055119e-05
6.106031494526318920e-05
6.096562978018549045e-05
6.087109143697037503e-05
6.077669968796419939e-05
6.068245430586633620e-05
6.058835506372849675e-05
6.049440173495428368e-05
6.040059409329861503e-05
6.030693191286716856e-05
6.021341496811584643e-05
6.012004303385023313e-05
6.002681588522501945e-05
5.993373329774357561e-05
5.984079504725724652e-05
5.974800090996493842e-05
5.965535066241250901e-05
5.956284408149229315e-05
5.947048094444249973e-05
5.937826102884670345e-05
5.928618411263332987e-05
5.919424997407510649e-05
5.910245839178850710e-05
5.901080914473323679e-05
5.891930201221171022e-05
5.882793677386851619e-05
5.873671320968987567e-05
5.864563110000311314e-05
5.855469022547610779e-05
5.846389036711684622e-05
5.837323130627279232e-05
5.828271282463043997e-05
5.819233470421473033e-05
5.810209672738857748e-05
5.801199867685229243e-05
5.792204033564310201e-05
5.783222148713460680e-05
5.774254191503627287e-05
5.765300140339289645e-05
5.756359973658409576e-05
5.747433669932378920e-05
5.738521207665966002e-05
5.729622565397265489e-05
5.720737721697648247e-05
5.711866655171707129e-05
5.703009344457207508e-05
5.694165768225031713e-05
5.685335905179134304e-05
5.676519734056487864e-05
5.667717233627026755e-05
5.658928382693605104e-05
5.650153160091936496e-05
5.641391544690553994e-05
5.632643515390747119e-05
5.623909051126520513e-05
5.615188130864537700e-05
5.606480733604073650e-05
5.597786838376963279e-05
5.589106424247548594e-05
5.580439470312631938e-05
5.571785955701425845e-05
5.563145859575498154e-05
5.554519161128725248e-05
5.545905839587243270e-05
5.537305874209395265e-05
5.528719244285681717e-05
5.520145929138711754e-05
5.511585908123154364e-05
5.503039160625686893e-05
5.494505666064942193e-05
5.485985403891468636e-05
5.477478353587670489e-05
5.468984494667763867e-05
5.460503806677725230e-05
5.452036269195246663e-05
5.443581861829680988e-05
5.435140564221994328e-05
5.426712356044719355e-05
5.418297217001902429e-05
5.409895126829059557e-05
5.401506065293123539e-05
5.393130012192398561e-05
5.384766947356508702e-05
5.376416850646349819e-05
5.368079701954042791e-05
5.359755481202886087e-05
5.351444168347300199e-05
5.343145743372789016e-05
5.334860186295886295e-05
5.326587477164108225e-05
5.318327596055905993e-05
5.310080523080617674e-05
5.301846238378420118e-05
5.293624722120281515e-05
5.285415954507909899e-05
5.277219915773717233e-05
5.269036586180754353e-05
5.260865946022677769e-05
5.252707975623699518e-05
5.244562655338530244e-05
5.236429965552345317e-05
5.228309886680728591e-05
5.220202399169628354e-05
5.212107483495309900e-05
5.204025120164310124e-05
5.195955289713388736e-05
5.187897972709479467e-05
5.179853149749648062e-05
5.171820801461042810e-05
5.163800908500845076e-05
5.155793451556230002e-05
5.147798411344317040e-05
5.139815768612115737e-05
5.131845504136491862e-05
5.123887598724113186e-05
5.115942033211404768e-05
5.108008788464506259e-05
5.100087845379219049e-05
5.092179184880967640e-05
5.084282787924748151e-05
5.076398635495085623e-05
5.068526708605987266e-05
5.060666988300897731e-05
5.052819455652648973e-05
5.044984091763423653e-05
5.037160877764700929e-05
5.029349794817214447e-05
5.021550824110906935e-05
5.013763946864885482e-05
5.005989144327376136e-05
4.998226397775676474e-05
4.990475688516114939e-05
4.982736997884001375e-05
4.975010307243585696e-05
4.967295597988010444e-05
4.959592851539265396e-05
4.951902049348146225e-05
4.944223172894208422e-05
4.936556203685722570e-05
4.928901123259626915e-05
4.921257913181488063e-05
4.913626555045452863e-05
4.906007030474204367e-05
4.898399321118922527e-05
4.890803408659231337e-05
4.883219274803162922e-05
4.875646901287108070e-05
4.868086269875774219e-05
4.860537362362143444e-05
4.853000160567423670e-05
4.845474646341012075e-05
4.837960801560443598e-05
4.830458608131352985e-05
4.822968047987428715e-05
4.815489103090369628e-05
4.808021755429842917e-05
4.800565987023439399e-05
4.793121779916630152e-05
4.785689116182725855e-05
4.778267977922827999e-05
4.770858347265792294e-05
4.763460206368181916e-05
4.756073537414224814e-05
4.748698322615771698e-05
4.741334544212251993e-05
4.733982184470634537e-05
4.726641225685379469e-05
4.719311650178400282e-05
4.711993440299018423e-05
4.704686578423921957e-05
4.697391046957124909e-05
4.690106828329919830e-05
4.682833905000840532e-05
4.675572259455618033e-05
4.668321874207138553e-05
4.661082731795400142e-05
4.653854814787472023e-05
4.646638105777452579e-05
4.639432587386428696e-05
4.632238242262429683e-05
4.625055053080390682e-05
4.617883002542107944e-05
4.610722073376195460e-05
4.603572248338049048e-05
4.596433510209800273e-05
4.589305841800276470e-05
4.582189225944957372e-05
4.575083645505939199e-05
4.567989083371885189e-05
4.560905522457991718e-05
4.553832945705944932e-05
4.546771336083878733e-05
4.539720676586332090e-05
4.532680950234213124e-05
4.525652140074753029e-05
4.518634229181469480e-05
4.511627200654122591e-05
4.504631037618676284e-05
4.497645723227256957e-05
4.490671240658113508e-05
4.483707573115573280e-05
4.476754703830008867e-05
4.469812616057792029e-05
4.462881293081254392e-05
4.455960718208647469e-05
4.449050874774101999e-05
4.442151746137591359e-05
4.435263315684885485e-05
4.428385566827516308e-05
4.421518483002735071e-05
4.414662047673470989e-05
4.407816244328296692e-05
4.400981056481383498e-05
4.394156467672462795e-05
4.387342461466788767e-05
4.380539021455095023e-05
4.373746131253559370e-05
4.366963774503759756e-05
4.360191934872639720e-05
4.353430596052465019e-05
4.346679741760787715e-05
4.339939355740402130e-05
4.333209421759312319e-05
4.326489923610688025e-05
4.319780845112828086e-05
4.313082170109117748e-05
4.306393882467994777e-05
4.299715966082910164e-05
4.293048404872284752e-05
4.286391182779474679e-05
4.279744283772729367e-05
4.273107691845159668e-05
4.266481391014689080e-05
4.259865365324025962e-05
4.253259598840615426e-05
4.246664075656608837e-05
4.240078779888821806e-05
4.233503695678694887e-05
4.226938807192257659e-05
4.220384098620090106e-05
4.213839554177283312e-05
4.207305158103404226e-05
4.200780894662455679e-05
4.194266748142836407e-05
4.187762702857309203e-05
4.181268743142956869e-05
4.174784853361148334e-05
4.168311017897498002e-05
4.161847221161832540e-05
4.155393447588150228e-05
4.148949681634583008e-05
4.142515907783361924e-05
4.136092110540773759e-05
4.129678274437135278e-05
4.123274384026741736e-05
4.116880423887839767e-05
4.110496378622586729e-05
4.104122232857014790e-05
4.097757971240989592e-05
4.091403578448183146e-05
4.085059039176024365e-05
4.078724338145673316e-05
4.072399460101975817e-05
4.066084389813433622e-05
4.059779112072161732e-05
4.053483611693856542e-05
4.047197873517757900e-05
4.040921882406611158e-05
4.034655623246631931e-05
4.028399080947470188e-05
4.022152240442170273e-05
4.015915086687142437e-05
4.009687604662118124e-05
4.003469779370118795e-05
3.997261595837416624e-05
3.991063039113504688e-05
3.984874094271052239e-05
3.978694746405874892e-05
3.972524980636898707e-05
3.966364782106118856e-05
3.960214135978570486e-05
3.954073027442289414e-05
3.947941441708276893e-05
3.941819364010464374e-05
3.935706779605678269e-05
3.929603673773605395e-05
3.923510031816753666e-05
3.917425839060420252e-05
3.911351080852655657e-05
3.905285742564229166e-05
3.899229809588590219e-05
3.893183267341834527e-05
3.887146101262676969e-05
3.881118296812400772e-05
3.875099839474836500e-05
3.869090714756322756e-05
3.863090908185665519e-05
3.857100405314111725e-05
3.851119191715311990e-05
3.845147252985281310e-05
3.839184574742371956e-05
3.833231142627230786e-05
3.827286942302772136e-05
3.821351959454138519e-05
3.815426179788667424e-05
3.809509589035856751e-05
3.803602172947330939e-05
3.797703917296807073e-05
3.791814807880060335e-05
3.785934830514888763e-05
3.780063971041079370e-05
3.774202215320375618e-05
3.768349549236440826e-05
3.762505958694827002e-05
3.756671429622939601e-05
3.750845947970003649e-05
3.745029499707027147e-05
3.739222070826773970e-05
3.733423647343724560e-05
3.727634215294043404e-05
3.721853760735545152e-05
3.716082269747664798e-05
3.710319728431418383e-05
3.704566122909373174e-05
3.698821439325613789e-05
3.693085663845708307e-05
3.687358782656674396e-05
3.681640781966947460e-05
3.675931648006347432e-05
3.670231367026042190e-05
3.664539925298521123e-05
3.658857309117555153e-05
3.653183504798167600e-05
3.647518498676600974e-05
3.641862277110283094e-05
3.636214826477794567e-05
3.630576133178834900e-05
3.624946183634193366e-05
3.619324964285712412e-05
3.613712461596256488e-05
3.608108662049679517e-05
3.602513552150792377e-05
3.596927118425330368e-05
3.591349347419921364e-05
3.585780225702049905e-05
3.580219739860032794e-05
3.574667876502976414e-05
3.569124622260753683e-05
3.563589963783966109e-05
3.558063887743913978e-05
3.552546380832563144e-05
3.547037429762515216e-05
3.541537021266973680e-05
3.536045142099710013e-05
3.530561779035037935e-05
3.525086918867774107e-05
3.519620548413212381e-05
3.514162654507088564e-05
3.508713224005549245e-05
3.503272243785122660e-05
3.497839700742683453e-05
3.492415581795422862e-05
3.486999873880818225e-05
3.481592563956599100e-05
3.476193639000718123e-05
3.470803086011318490e-05
3.465420892006704131e-05
3.460047044025304483e-05
3.454681529125648733e-05
3.449324334386331264e-05
3.443975446905980483e-05
3.438634853803229679e-05
3.433302542216683148e-05
3.427978499304889761e-05
3.422662712246306375e-05
3.417355168239270726e-05
3.412055854501971615e-05
3.406764758272413669e-05
3.401481866808390915e-05
3.396207167387452224e-05
3.390940647306874879e-05
3.385682293883632727e-05
3.380432094454362301e-05
3.375190036375335712e-05
3.369956107022430158e-05
3.364730293791096751e-05
3.359512584096329346e-05
3.354302965372635406e-05
3.349101425074006862e-05
3.343907950673884877e-05
3.338722529665137483e-05
3.333545149560022990e-05
3.328375797890160850e-05
3.323214462206507260e-05
3.318061130079316538e-05
3.312915789098118082e-05
3.307778426871683171e-05
3.302649031027995823e-05
3.297527589214223657e-05
3.292414089096687402e-05
3.287308518360830404e-05
3.282210864711192195e-05
3.277121115871375293e-05
3.272039259584016063e-05
3.266965283610758289e-05
3.261899175732220648e-05
3.256840923747968250e-05
3.251790515476482823e-05
3.246747938755134252e-05
3.241713181440151440e-05
3.236686231406591139e-05
3.231667076548312202e-05
3.226655704777941694e-05
3.221652104026851186e-05
3.216656262245122186e-05
3.211668167401523783e-05
3.206687807483474701e-05
3.201715170497023642e-05
3.196750244466814732e-05
3.191793017436059737e-05
3.186843477466510957e-05
3.181901612638429381e-05
3.176967411050560285e-05
3.172040860820100715e-05
3.167121950082672375e-05
3.162210666992293850e-05
3.157306999721349428e-05
3.152410936460565391e-05
3.147522465418974773e-05
3.142641574823897710e-05
3.137768252920903494e-05
3.132902487973790245e-05
3.128044268264551026e-05
3.123193582093350130e-05
3.118350417778491230e-05
3.113514763656392305e-05
3.108686608081555829e-05
3.103865939426538951e-05
3.099052746081929779e-05
3.094247016456316889e-05
3.089448738976260185e-05
3.084657902086266506e-05
3.079874494248759130e-05
3.075098503944050674e-05
3.070329919670313949e-05
3.065568729943558927e-05
3.060814923297598857e-05
3.056068488284027903e-05
3.051329413472189976e-05
3.046597687449153317e-05
3.041873298819681705e-05
3.037156236206209041e-05
3.032446488248808519e-05
3.027744043605168567e-05
3.023048890950563375e-05
3.018361018977828156e-05
3.013680416397329675e-05
3.009007071936937783e-05
3.004340974342002382e-05
2.999682112375323608e-05
2.995030474817124725e-05
2.990386050465027395e-05
2.985748828134020163e-05
2.981118796656437455e-05
2.976495944881926372e-05
2.972012043959463109e-05
