0.000000000000000000e+00
1.735051627477928528e-09
4.950366176486650520e-09
1.646448148818019192e-08
3.887203786400299508e-08
7.745026709269451896e-08
2.420482609181807013e-06
1.185386533611460584e-05
3.266153640322366899e-05
6.852952981602667033e-05
2.011569256815853629e-04
4.294669659184257942e-04
7.664122288022805684e-04
1.219573549022431305e-03
1.792684767003873509e-03
3.268388653937259920e-03
5.186471621586721988e-03
7.007075663502143614e-03
9.059810972238764928e-03
1.131882707572101632e-02
1.375894514556933942e-02
1.635645461141294402e-02
1.908917672588974698e-02
2.298860572658268167e-02
2.705714965041969636e-02
3.125746093106310242e-02
3.555855625200140396e-02
3.993493162538944152e-02
4.436588844400036341e-02
4.959609081540747311e-02
5.485738297057603935e-02
6.013367738721906580e-02
6.541265969436546590e-02
7.068505638261250723e-02
7.706181611402374010e-02
8.340987601068515500e-02
8.972290353824649567e-02
9.599658728640904359e-02
1.022280386981294781e-01
1.098059617023408735e-01
1.173153731717412884e-01
1.247550587507138681e-01
1.321245297607543945e-01
1.450994534618167131e-01
1.578524593583331137e-01
1.703860272141554666e-01
1.827030935570724823e-01
1.948073859780967421e-01
2.098270558782544259e-01
2.245194239595768304e-01
2.388919660704355019e-01
2.529502701966170886e-01
2.667015902393444216e-01
2.726905015547743116e-01
2.786209909076436397e-01
2.844937095340547839e-01
2.903093060547736748e-01
2.962906798745579273e-01
3.022117392588668516e-01
3.080729590974984333e-01
3.212004017542038903e-01
3.340276514965760390e-01
3.465614099954922311e-01
3.588085564273214567e-01
3.757868788023726037e-01
3.922136722267589581e-01
4.081067764922807206e-01
4.234833668801072926e-01
4.408494680340542815e-01
4.575559535160947933e-01
4.616324636761199307e-01
4.656696354623968137e-01
4.696679003526359475e-01
4.736276448004741457e-01
4.775492552595477225e-01
4.814744102297824901e-01
4.853613027554347092e-01
4.892103205803815524e-01
4.930218455659636234e-01
4.969330279229371983e-01
5.008046258526482886e-01
5.046371036690936451e-01
5.186636584331153488e-01
5.321659511369286610e-01
5.451629640450387226e-01
5.576733793711405873e-01
5.769002760258191698e-01
5.815242468512206164e-01
5.860772845975597001e-01
5.905605023390519959e-01
5.949749247066479230e-01
5.993215875273757431e-01
6.020495989143868076e-01
6.047509062913624112e-01
6.074257629676441672e-01
6.100744242923434868e-01
6.127362886301952472e-01
6.153716836118455769e-01
6.179808660067918069e-01
6.296590740514774742e-01
6.408114139439426982e-01
6.514609287041444041e-01
6.616296367389504773e-01
6.640991880259435876e-01
6.665403331614706550e-01
6.689533855384326433e-01
6.713386564600595241e-01
6.734226015473270266e-01
6.754853222799576118e-01
6.775270255221352844e-01
6.816430167982776567e-01
6.856735272714320484e-01
6.896202551168596484e-01
7.002535475502773554e-01
7.028152505496456648e-01
7.053395066479329900e-01
7.078268423927671638e-01
7.084429177256190702e-01
7.090563684785919918e-01
7.096670652976732052e-01
7.098195399270945671e-01
7.099718924462360414e-01
7.099782641581670051e-01
7.099846358700979687e-01
7.099973792426413910e-01
7.100101218370246103e-01
7.100228636860695941e-01
7.100254119233098127e-01
7.100262252190094880e-01
7.100270385117920524e-01
7.100286650762892560e-01
7.100302916248287799e-01
7.100319181543027769e-01
7.100481824237010464e-01
7.100644444450543435e-01
7.100807036765200975e-01
7.102430420551625323e-01
7.104045742554014886e-01
7.105648733680552942e-01
7.107235570075874920e-01
7.113688914859686019e-01
7.119612680727777088e-01
7.124908132862123322e-01
7.129533671679518791e-01
7.133487599642220900e-01
7.138282434846640045e-01
7.141734103106741616e-01
7.144024151119079402e-01
7.145336505515998970e-01
7.145843714190454055e-01
7.145696692639447178e-01
7.144809105003349092e-01
7.143322366109040589e-01
7.141387638758006640e-01
7.139121200830692571e-01
7.136610052073668609e-01
7.133414884081676899e-01
7.130046331186840058e-01
7.126559512700820775e-01
7.122992812674062701e-01
7.118820288078210323e-01
7.114602468196544738e-01
7.110357258385346935e-01
7.106095026869254649e-01
7.101615777163585719e-01
7.097130497427999174e-01
7.092642356614653476e-01
7.088153877115266344e-01
7.078206591572230311e-01
7.068270650852905845e-01
7.058348243792633703e-01
7.048440483029817516e-01
7.038547339303103945e-01
7.031831464764610740e-01
7.025122433080004392e-01
7.018420314465674270e-01
7.011725023914521238e-01
7.007075935712945292e-01
7.002430145470650569e-01
6.997787662159175026e-01
6.982981438415440945e-01
6.968208909163027265e-01
6.953469930727346204e-01
6.938764553151901548e-01
6.927500750673497576e-01
6.916256559239900570e-01
6.905032030419361311e-01
6.899684820988728484e-01
6.894342076233276329e-01
6.889003793186416758e-01
6.882445776661293424e-01
6.875894502013144560e-01
6.869349961319068942e-01
6.854129735177179050e-01
6.838945935216603766e-01
6.823798379271079906e-01
6.815000376837637708e-01
6.806214608844022296e-01
6.797441090716741519e-01
6.788679841051720176e-01
6.784389295511851214e-01
6.780101683149180047e-01
6.775817002152898505e-01
6.771570826043162850e-01
6.767327529227858962e-01
6.763087109940956188e-01
6.737673506493504494e-01
6.712363357887365378e-01
6.706051941857132936e-01
6.699746962456353261e-01
6.693448413966497368e-01
6.687156290669036274e-01
6.682938895743941732e-01
6.678724388003978163e-01
6.674512765722760976e-01
6.670345547233504924e-01
6.666181157363163523e-01
6.662019592691019731e-01
6.645672598941271270e-01
6.629369208323928619e-01
6.613109321519619055e-01
6.570617818202861837e-01
6.560041493431003623e-01
6.549483732642165101e-01
6.538944507439601317e-01
6.536312593882664945e-01
6.533681836571648693e-01
6.531052235062636546e-01
6.528423788911547065e-01
6.524333230083035895e-01
6.520245469877347100e-01
6.516160506615421566e-01
6.512088023823916494e-01
6.508018321374411386e-01
6.503951397596887674e-01
6.463434622137126384e-01
6.453348625827777241e-01
6.443279856443336895e-01
6.433228288007519780e-01
6.423193894534834358e-01
6.419162404775241582e-01
6.415133688103620280e-01
6.411107743894904898e-01
6.407102485030180539e-01
6.403099969884955556e-01
6.399100196818066077e-01
6.388148360842547113e-01
6.377217089662746696e-01
6.366306349563981559e-01
6.354658673687925141e-01
6.343034406558406557e-01
6.331433507151886797e-01
6.308301647095713172e-01
6.285262763034282774e-01
6.262316518969318624e-01
6.239462584389746658e-01
6.193507233975833470e-01
6.147925645053141652e-01
6.102715128050865134e-01
6.057872980752637693e-01
6.013396504697282596e-01
5.957640954805846212e-01
5.902461136579819634e-01
5.847851696910606467e-01
5.793807267767578928e-01
5.740322515955106342e-01
5.685487578000111286e-01
5.631242064666934777e-01
5.577580135062274458e-01
5.524496010892541165e-01
5.471983977333806370e-01
5.420038324160036947e-01
5.368653383200594487e-01
5.317823531209570076e-01
5.267543181569086519e-01
5.217806784772205386e-01
5.168608831169484441e-01
5.119943850967225707e-01
5.071806413828812143e-01
5.024191129307621351e-01
4.977092647474942178e-01
4.930505658837097127e-01
4.884424894198618472e-01
4.838845125375124123e-01
4.793761165477427588e-01
4.749167868282381244e-01
4.705060128573888556e-01
4.661432883075603550e-01
4.618281109738164858e-01
4.575599827123167929e-01
4.533384096159550625e-01
4.491629018991756261e-01
4.450329738994128759e-01
4.409481441164507798e-01
4.369079352000910244e-01
4.329118739301207608e-01
4.289594912210323296e-01
4.250503221203627557e-01
4.211839057950033105e-01
4.173597855222769826e-01
4.135775086832566005e-01
4.098366267511538430e-01
4.061366952783516671e-01
4.024772738844716868e-01
3.988579262430927974e-01
3.952782200667977475e-01
3.917377270918661614e-01
3.882360230624277708e-01
3.847726877135757562e-01
3.813473047537521698e-01
3.779594618466096678e-01
3.746087505922013339e-01
3.712947665075065351e-01
3.680171090064215944e-01
3.647753813792250499e-01
3.615691907715101738e-01
3.583981481626313803e-01
3.552618683437078762e-01
3.521599698951941582e-01
3.490920751640432806e-01
3.460578102404943124e-01
3.430568049345054105e-01
3.400886927518542158e-01
3.371531108699278301e-01
3.342497001132252454e-01
3.313781049285917657e-01
3.285379733602047381e-01
3.257289570243305787e-01
3.229507110838713002e-01
3.202028942227171937e-01
3.174851686199239298e-01
3.147971999237303420e-01
3.121386572254309932e-01
3.095092130331211222e-01
3.069085432453266815e-01
3.043363271245341783e-01
3.017922472706330850e-01
2.992759895942858073e-01
2.967872432902342039e-01
2.943257008105580885e-01
2.918910578378947074e-01
2.894830132586311278e-01
2.871012691360803615e-01
2.847455306836506050e-01
2.824155062380179770e-01
2.801109072323113569e-01
2.778314481693189841e-01
2.755768465947244228e-01
2.733468230703816060e-01
2.711411011476342892e-01
2.689594073406905705e-01
2.668014711000563643e-01
2.646670247860372638e-01
2.625558036423136232e-01
2.604675457695963536e-01
2.584019920993682606e-01
2.563588863677171981e-01
2.543379750892663660e-01
2.523390075312070824e-01
2.503617356874381361e-01
2.484059142528176056e-01
2.464713005975303628e-01
2.445576547415762303e-01
2.426647393293825117e-01
2.407923196045447800e-01
2.389401633846991446e-01
2.371080410365299651e-01
2.352957254509156215e-01
2.335029920182158103e-01
2.317296186037028360e-01
2.299753855231398691e-01
2.282400755185083896e-01
2.265234737338875926e-01
2.248253676914872545e-01
2.231455472678370577e-01
2.214838046701333163e-01
2.198399344127456856e-01
2.182137332938848817e-01
2.166050003724333817e-01
2.150135369449405198e-01
2.134391465227825080e-01
2.118816348094900159e-01
2.103408096782425352e-01
2.088164811495322737e-01
2.073084613689973321e-01
2.058165645854251602e-01
2.043406071289272652e-01
2.028804073892853665e-01
2.014357857944698293e-01
2.000065647893307652e-01
1.985925688144617174e-01
1.971936242852370680e-01
1.958095595710223624e-01
1.944402049745583005e-01
1.930853927115185886e-01
1.917449568902410695e-01
1.904187334916324637e-01
1.891065603492466385e-01
1.878082771295360998e-01
1.865237253122764838e-01
1.852527481711636059e-01
1.839951907545832599e-01
1.827508998665529072e-01
1.815197240478347851e-01
1.803015135572205163e-01
1.790961203529862211e-01
1.779033980745174937e-01
1.767232020241044088e-01
1.755553891489049778e-01
1.743998180230770523e-01
1.732563488300779830e-01
1.721248433451306736e-01
1.710051649178563338e-01
1.698971784550720454e-01
1.688007504037534190e-01
1.677157487341605080e-01
1.666420429231268152e-01
1.655795039375104749e-01
1.645280042178063062e-01
1.634874176619182107e-01
1.624576196090911362e-01
1.614384868240006932e-01
1.604298974810011436e-01
1.594317311485288768e-01
1.584438687736620111e-01
1.574661926668340928e-01
1.564985864867011189e-01
1.555409352251613808e-01
1.545931251925261041e-01
1.536550440028407183e-01
1.527265805593554515e-01
1.518076250401436122e-01
1.508980688838675588e-01
1.499978047756902466e-01
1.491067266333318264e-01
1.482247295932701547e-01
1.473517099970838018e-01
1.464875653779370290e-01
1.456321944472048491e-01
1.447854970812378350e-01
1.439473743082649304e-01
1.431177282954336494e-01
1.422964623359861958e-01
1.414834808365705299e-01
1.406786893046850784e-01
1.398819943362565876e-01
1.390933036033487891e-01
1.383125258420021819e-01
1.375395708402026851e-01
1.367743494259788251e-01
1.360167734556254338e-01
1.352667558020539396e-01
1.345242103432670588e-01
1.337890519509573606e-01
1.330611964792283441e-01
1.323405607534370587e-01
1.316270625591571541e-01
1.309206206312611420e-01
1.302211546431208955e-01
1.295285851959251389e-01
1.288428338081131774e-01
1.281638229049232580e-01
1.274914758080549215e-01
1.268257167254440154e-01
1.261664707411497000e-01
1.255136638053515608e-01
1.248672227244567168e-01
1.242270751513150917e-01
1.235931495755426129e-01
1.229653753139502981e-01
1.223436825010788820e-01
1.217280020798380546e-01
1.211182657922485750e-01
1.205144061702869834e-01
1.199163565268314552e-01
1.193240509467079769e-01
1.187374242778356515e-01
1.181564121224705222e-01
1.175809508285464433e-01
1.170109774811123882e-01
1.164464298938649861e-01
1.158872466007754287e-01
1.153333668478099261e-01
1.147847305847423671e-01
1.142412784570586426e-01
1.137029517979513960e-01
1.131696926204045495e-01
1.126414436093664262e-01
1.121181481140105796e-01
1.115997501400836228e-01
1.110861943423389619e-01
1.105774260170555162e-01
1.100733910946407879e-01
1.095740361323170597e-01
1.090793083068899855e-01
1.085891554075989196e-01
1.081035258290477252e-01
1.076223685642155314e-01
1.071456331975463860e-01
1.066732698981171790e-01
1.062052294128827123e-01
1.057414630599974037e-01
1.052819227222125953e-01
1.048265608403486787e-01
1.043753304068414239e-01
1.039281849593613333e-01
1.034850785745057011e-01
1.030459658615622415e-01
1.026108019563436724e-01
1.021795425150923559e-01
1.017521437084544927e-01
1.013285622155228327e-01
1.009087552179472602e-01
1.004926803941126046e-01
1.000802959133828551e-01
9.967156043041100477e-02
9.926643307951399375e-02
9.886487346911171370e-02
9.846684167622976602e-02
9.807229824106505900e-02
9.768120416161339692e-02
9.729352088835874213e-02
9.690921031902331728e-02
9.652823479337754864e-02
9.615055708810990587e-02
9.577614041175513959e-02
9.540494839968105545e-02
9.503694510913254789e-02
9.467209501433257457e-02
9.431036300163948838e-02
9.395171436475985294e-02
9.359611480001631123e-02
9.324353040166998008e-02
9.289392765729637125e-02
9.254727344321471427e-02
9.220353501996975121e-02
9.186268002786567022e-02
9.152467648255124821e-02
9.118949277065606374e-02
9.085709764547683642e-02
9.052746022271351833e-02
9.020054997625462367e-02
8.987633673401089485e-02
8.955479067379745750e-02
8.923588231926306291e-02
8.891958253586651484e-02
8.860586252689960085e-02
8.829469382955573709e-02
8.798604831104425705e-02
8.767989816474937304e-02
8.737621590643369907e-02
8.707497437048562772e-02
8.677614670620995008e-02
8.647970637416144135e-02
8.618562714252112067e-02
8.589388308351392221e-02
8.560444856986823559e-02
8.531729827131633026e-02
8.503240715113513648e-02
8.474975046272728574e-02
8.446930374624164739e-02
8.419104282523295901e-02
8.391494380336035619e-02
8.364098306112391357e-02
8.336913725263923880e-02
8.309938330244923121e-02
8.283169840237303294e-02
8.256606000839140924e-02
8.230244583756818333e-02
8.204083386500760078e-02
8.178120232084670760e-02
8.152352968728299176e-02
8.126779469563610858e-02
8.101397632344416178e-02
8.076205379159329123e-02
8.051200656148080337e-02
8.026381433221133066e-02
8.001745703782531249e-02
7.977291484455990844e-02
7.953016814814158064e-02
7.928919757111022037e-02
7.904998396017437479e-02
7.881250838359718514e-02
7.857675212861270353e-02
7.834269669887231058e-02
7.811032381192070662e-02
7.787961539670146260e-02
7.765055359109142297e-02
7.742312073946375217e-02
7.719729939027948629e-02
7.697307229370704829e-02
7.675042239926940790e-02
7.652933285351867787e-02
7.630978699773774410e-02
7.609176836566872160e-02
7.587526068126780598e-02
7.566024785648618745e-02
7.544671398907693005e-02
7.523464336042738621e-02
7.502402043341674376e-02
7.481482985029863642e-02
7.460705643060835945e-02
7.440068516909445484e-02
7.419570123367452696e-02
7.399208996341463673e-02
7.378983686653250995e-02
7.358892761842375507e-02
7.338934805971135400e-02
7.319108419431766266e-02
7.299412218755894910e-02
7.279844836426224708e-02
7.260404920690402553e-02
7.241091135377064614e-02
7.221902159714017888e-02
7.202836688148560318e-02
7.183893430169872862e-02
7.165071110133500176e-02
7.146368467087872711e-02
7.127784254602845260e-02
7.109317240600253329e-02
7.090966207186426284e-02
7.072729950486666972e-02
7.054607280481661746e-02
7.036597020845786199e-02
7.018698008787326026e-02
7.000909094890522821e-02
6.983229142959500313e-02
6.965657029863991934e-02
6.948191645386871118e-02
6.930831892073462119e-02
6.913576685082617468e-02
6.896424952039520440e-02
6.879375632890216696e-02
6.862427679757837629e-02
6.845580056800509849e-02
6.828831740070909206e-02
6.812181717377470413e-02
6.795628988147212057e-02
6.779172563290157549e-02
6.762811465065345085e-02
6.746544726948400239e-02
6.730371393500660104e-02
6.714290520239814264e-02
6.698301173512070938e-02
6.682402430365802504e-02
6.666593378426678707e-02
6.650873115774251498e-02
6.635240750819980382e-02
6.619695402186687172e-02
6.604236198589420737e-02
6.588862278717702581e-02
6.573572791119161596e-02
6.558366894084516341e-02
6.543243755533909023e-02
6.528202552904570355e-02
6.513242473039783376e-02
6.498362712079158721e-02
6.483562475350181098e-02
6.468840977261035297e-02
6.454197441194672868e-02
6.439631099404122261e-02
6.425141192909020194e-02
6.410726971393357343e-02
6.396387693104409189e-02
6.382122624752861739e-02
6.367931041414087723e-02
6.353812226430592680e-02
6.339765471315594869e-02
6.325790075657722333e-02
6.311885347026842397e-02
6.298050600880977790e-02
6.284285160474321896e-02
6.270588356766310101e-02
6.256959528331780540e-02
6.243398021272160425e-02
6.229903189127708463e-02
6.216474392790773823e-02
6.203111000420068882e-02
6.189812387355950879e-02
6.176577936036684729e-02
6.163407035915694637e-02
6.150299083379773268e-02
6.137253481668256128e-02
6.124269640793134767e-02
6.111346977460108132e-02
6.098484914990549149e-02
6.085682883244396268e-02
6.072940318543935956e-02
6.060256663598476146e-02
6.047631367429916194e-02
6.035063885299161990e-02
6.022553678633420227e-02
6.010100214954339215e-02
5.997702967806981672e-02
5.985361416689641278e-02
5.973075046984467618e-02
5.960843349888909903e-02
5.948665822347959375e-02
5.936541966987182728e-02
5.924471292046545878e-02
5.912453311314996851e-02
5.900487544065833451e-02
5.888573514992809232e-02
5.876710754146993732e-02
5.864898796874375847e-02
5.853137183754185402e-02
5.841425460537946063e-02
5.829763178089238801e-02
5.818149892324163408e-02
5.806585164152508471e-02
5.795068559419594423e-02
5.783599648848807007e-02
5.772178007984803128e-02
5.760803217137375198e-02
5.749474861325974684e-02
5.738192530224885124e-02
5.726955818109032148e-02
5.715764323800438113e-02
5.704617650615285279e-02
5.693515406311618066e-02
5.682457203037642041e-02
5.671442657280629379e-02
5.660471389816436327e-02
5.649543025659584106e-02
5.638657194013955987e-02
5.627813528224039769e-02
5.617011665726761444e-02
5.606251248003876753e-02
5.595531920534918546e-02
5.584853332750690236e-02
5.574215137987309499e-02
5.563616993440789055e-02
5.553058560122142717e-02
5.542539502813022961e-02
5.532059490021876136e-02
5.521618193940607683e-02
5.511215290401749733e-02
5.500850458836149814e-02
5.490523382231121685e-02
5.480233747089120755e-02
5.469981243386873998e-02
5.459765564535005999e-02
5.449586407338127825e-02
5.439443471955397735e-02
5.429336461861540564e-02
5.419265083808320893e-02
5.409229047786475592e-02
5.399228066988077945e-02
5.389261857769356290e-02
5.379330139613931749e-02
5.369432635096504924e-02
5.359569069846949196e-02
5.349739172514834940e-02
5.339942674734361738e-02
5.330179311089712491e-02
5.320448819080793312e-02
5.310750939089393940e-02
5.301085414345729774e-02
5.291451990895384289e-02
5.281850417566633094e-02
5.272280445938147542e-02
5.262741830307085533e-02
5.253234327657543834e-02
5.243757697629390646e-02
5.234311702487452755e-02
5.224896107091067665e-02
5.215510678863993776e-02
5.206155187764668901e-02
5.196829406256814332e-02
5.187533109280390020e-02
5.178266074222886289e-02
5.169028080890944454e-02
5.159818911482316750e-02
5.150638350558159329e-02
5.141486185015632648e-02
5.132362204060836319e-02
5.123266199182054809e-02
5.114197964123319562e-02
5.105157294858275047e-02
5.096143989564350801e-02
5.087157848597242960e-02
5.078198674465687901e-02
5.069266271806525948e-02
5.060360447360069680e-02
5.051481009945747724e-02
5.042627770438040669e-02
5.033800541742697310e-02
5.024999138773226376e-02
5.016223378427661639e-02
5.007473079565605278e-02
4.998748062985538393e-02
4.990048151402383392e-02
4.981373169425352965e-02
4.972722943536034279e-02
4.964097302066744488e-02
4.955496075179131876e-02
4.946919094843030967e-02
4.938366194815564658e-02
4.929837210620485743e-02
4.921331979527765466e-02
4.912850340533420068e-02
4.904392134339570497e-02
4.895957203334734553e-02
4.887545391574354275e-02
4.879156544761546754e-02
4.870790510228079767e-02
4.862447136915575008e-02
4.854126275356920872e-02
4.845827777657915614e-02
4.837551497479111728e-02
4.829297290017882383e-02
4.821065011990696009e-02
4.812854521615587966e-02
4.804665678594856326e-02
4.796498344097936684e-02
4.788352380744498316e-02
4.780227652587723530e-02
4.772124025097789629e-02
4.764041365145538914e-02
4.755979540986345760e-02
4.747938422244166179e-02
4.739917879895775427e-02
4.731917786255195046e-02
4.723938014958291298e-02
4.715978440947565797e-02
4.708038940457110605e-02
4.700119390997752750e-02
4.692219671342363202e-02
4.684339661511337238e-02
4.676479242758252441e-02
4.668638297555683520e-02
4.660816709581193373e-02
4.653014363703479594e-02
4.645231145968682640e-02
4.637466943586868867e-02
4.629721644918644019e-02
4.621995139461951979e-02
4.614287317839006752e-02
4.606598071783388204e-02
4.598927294127283516e-02
4.591274878788882685e-02
4.583640720759912107e-02
4.576024716093327060e-02
4.568426761891131171e-02
4.560846756292356863e-02
4.553284598461168620e-02
4.545740188575120300e-02
4.538213427813533873e-02
4.530704218346031514e-02
4.523212463321185650e-02
4.515738066855314037e-02
4.508280934021394182e-02
4.500840970838117239e-02
4.493418084259064027e-02
4.486012182162008033e-02
4.478623173338346086e-02
4.471250967482651162e-02
4.463895475182340367e-02
4.456556607907478929e-02
4.449234278000683412e-02
4.441928398667164407e-02
4.434638883964865663e-02
4.427365648794729519e-02
4.420108608891075430e-02
4.412867680812086746e-02
4.405642781930413365e-02
4.398433830423871538e-02
4.391240745266275503e-02
4.384063446218353782e-02
4.376901853818784133e-02
4.369755889375324942e-02
4.362625474956059735e-02
4.355510533380729798e-02
4.348410988212189632e-02
4.341326763747935247e-02
4.334257785011755293e-02
4.327203977745464059e-02
4.320165268400737169e-02
4.313141584131040263e-02
4.306132852783660370e-02
4.299139002891810141e-02
4.292159963666847267e-02
4.285195664990572306e-02
4.278246037407616720e-02
4.271311012117919720e-02
4.264390520969299492e-02
4.257484496450102129e-02
4.250592871681942164e-02
4.243715580412522892e-02
4.236852557008545517e-02
4.230003736448703644e-02
4.223169054316742999e-02
4.216348446794623839e-02
4.209541850655749984e-02
4.202749203258273475e-02
4.195970442538495687e-02
4.189205507004321871e-02
4.182454335728809369e-02
4.175716868343783833e-02
4.168993045033528300e-02
4.162282806528553453e-02
4.155586094099428252e-02
4.148902849550699379e-02
4.142233015214860647e-02
4.135576533946414002e-02
4.128933349115983947e-02
4.122303404604504840e-02
4.115686644797482419e-02
4.109083014579314325e-02
4.102492459327677921e-02
4.095914924907986809e-02
4.089350357667910496e-02
4.082798704431957193e-02
4.076259912496118382e-02
4.069733929622577906e-02
4.063220704034486985e-02
4.056720184410785024e-02
4.050232319881102994e-02
4.043757060020702898e-02
4.037294354845495647e-02
4.030844154807106117e-02
4.024406410787995797e-02
4.017981074096646510e-02
4.011568096462798938e-02
4.005167430032745279e-02
3.998779027364676719e-02
3.992402841424083637e-02
3.986038825579218958e-02
3.979686933596597587e-02
3.973347119636561064e-02
3.967019338248892191e-02
3.960703544368474049e-02
3.954399693311008712e-02
3.948107740768776186e-02
3.941827642806453036e-02
3.935559355856967090e-02
3.929302836717416675e-02
3.923058042545016916e-02
3.916824930853113340e-02
3.910603459507230178e-02
3.904393586721165155e-02
3.898195271053131461e-02
3.892008471401950387e-02
3.885833147003277255e-02
3.879669257425874540e-02
3.873516762567938421e-02
3.867375622653453082e-02
3.861245798228598453e-02
3.855127250158191937e-02
3.849019939622178033e-02
3.842923828112151940e-02
3.836838877427934530e-02
3.830765049674170197e-02
3.824702307256983708e-02
3.818650612880658546e-02
3.812609929544363840e-02
3.806580220538919451e-02
3.800561449443593670e-02
3.794553580122939085e-02
3.788556576723670077e-02
3.782570403671568077e-02
3.776595025668434691e-02
3.770630407689066349e-02
3.764676514978274047e-02
3.758733313047933622e-02
3.752800767674074889e-02
3.746878844893991589e-02
3.740967511003407547e-02
3.735066732553648378e-02
3.729176476348869396e-02
3.723296709443300184e-02
3.717427399138532873e-02
3.711568512980831236e-02
3.705720018758475870e-02
3.699881884499144069e-02
3.694054078467312596e-02
3.688236569161693762e-02
3.682429325312702728e-02
3.676632315879954649e-02
3.670845510049784016e-02
3.665068877232803557e-02
3.659302387061479089e-02
3.653546009387748095e-02
3.647799714280646616e-02
3.642063472023980564e-02
3.636337253114013679e-02
3.630621028257190186e-02
3.624914768367872020e-02
3.619218444566116299e-02
3.613532028175470145e-02
3.607855490720791175e-02
3.602188803926095750e-02
3.596531939712430126e-02
3.590884870195767964e-02
3.585247567684932135e-02
3.579620004679538725e-02
3.574002153867966020e-02
3.568393988125347777e-02
3.562795480511586621e-02
3.557206604269395195e-02
3.551627332822354655e-02
3.546057639772999537e-02
3.540497498900925522e-02
3.534946884160912461e-02
3.529405769681075861e-02
3.523874129761039864e-02
3.518351938870124818e-02
3.512839171645561892e-02
3.507335802890725052e-02
3.501841807573388698e-02
3.496357160823992949e-02
3.490881837933947768e-02
3.485415814353937797e-02
3.479959065692260489e-02
3.474511567713174653e-02
3.469073296335272588e-02
3.463644227629870953e-02
3.458224337819418293e-02
3.452813603275921295e-02
3.447412000519389785e-02
3.442019506216300456e-02
3.436636097178076554e-02
3.431261750359584223e-02
3.425896442857651047e-02
3.420540151909595705e-02
3.415192854891778429e-02
3.409854529318166738e-02
3.404525152838917129e-02
3.399204703238975500e-02
3.393893158436690066e-02
3.388590496482443704e-02
3.383296695557298089e-02
3.378011733971658659e-02
3.372735590163952052e-02
3.367468242699316050e-02
3.362209670268308942e-02
3.356959851685631380e-02
3.351718765888866275e-02
3.346486391937226329e-02
3.341262709010321685e-02
3.336047696406942153e-02
3.330841333543849841e-02
3.325643599954584279e-02
3.320454475288289742e-02
3.315273939308547441e-02
3.310101971892222966e-02
3.304938553028331089e-02
3.299783662816906799e-02
3.294637281467895779e-02
3.289499389300055976e-02
3.284369966739866809e-02
3.279248994320457106e-02
3.274136452680542764e-02
3.269032322563376891e-02
3.263936584815711056e-02
3.258849220386769024e-02
3.253770210327232293e-02
3.248699535788239501e-02
3.243637178020390699e-02
3.238583118372771741e-02
3.233537338291984226e-02
3.228499819321185155e-02
3.223470543099143243e-02
3.218449491359302167e-02
3.213436645928853530e-02
3.208431988727825090e-02
3.203435501768171767e-02
3.198447167152890236e-02
3.193466967075121732e-02
3.188494883817293707e-02
3.183530899750244836e-02
3.178574997332372920e-02
3.173627159108796669e-02
3.168687367710512626e-02
3.163755605853578456e-02
3.158831856338290001e-02
3.153916102048377745e-02
3.149008325950212323e-02
3.144108511092012087e-02
3.139216640603066655e-02
3.134332697692962522e-02
3.129456665650827418e-02
3.124588527844574318e-02
3.119728267720155157e-02
3.114875868800827396e-02
3.110031314686426129e-02
3.105194589052644519e-02
3.100365675650321173e-02
3.095544558304738625e-02
3.090731220914927357e-02
3.085925647452981285e-02
3.081127821963371149e-02
3.076337728562282894e-02
3.071555351436942860e-02
3.066780674844968996e-02
3.062013683113717216e-02
3.057254360639641982e-02
3.052502691887661046e-02
3.047758661390524357e-02
3.043022253748199971e-02
3.038293453627255447e-02
3.033572245760254513e-02
3.028858614945154765e-02
3.024152546044717171e-02
3.019454023985916960e-02
3.014763033759368382e-02
3.010079560418747746e-02
3.005403589080227547e-02
3.000735104921917196e-02
2.996074093183309292e-02
2.991420539164730413e-02
2.986774428226798839e-02
2.982135745789893724e-02
2.977504477333620808e-02
2.972880608396289911e-02
2.968264124574399032e-02
2.963655011522120519e-02
2.959053254950796269e-02
2.954458840628435695e-02
2.949871754379224109e-02
2.945291982083030058e-02
2.940719509674921683e-02
2.936154323144691408e-02
2.931596408536379234e-02
2.927045751947807486e-02
2.922502339530119037e-02
2.917966157487313084e-02
2.913437192075803844e-02
2.908915429603965014e-02
2.904400856431688452e-02
2.899893458969951890e-02
2.895393223680380046e-02
2.890900137074822046e-02
2.886414185714926417e-02
2.881935356211720589e-02
2.877463635225203237e-02
2.872999009463929332e-02
2.868541465684609770e-02
2.864090990691708569e-02
2.859647571337051164e-02
2.855211194519428203e-02
2.850781847184214596e-02
2.846359516322981981e-02
2.841944188973123328e-02
2.837535852217478935e-02
2.833134493183964500e-02
2.828740099045206832e-02
2.824352657018182333e-02
2.819972154363857564e-02
2.815598578386838136e-02
2.811231916435016909e-02
2.806872155899227395e-02
2.802519284212901668e-02
2.798173288851733831e-02
2.793834157333343476e-02
2.789501877216943315e-02
2.785176436103016517e-02
2.780857821632986421e-02
2.776546021488901506e-02
2.772241023393114470e-02
2.767942815107973450e-02
2.763651384435507341e-02
2.759366719217121872e-02
2.755088807333297071e-02
2.750817636703286467e-02
2.746553195284819060e-02
2.742295471073807195e-02
2.738044452104058252e-02
2.733800126446984946e-02
2.729562482211321528e-02
2.725331507542846227e-02
2.721107190624099531e-02
2.716889519674110104e-02
2.712678482948126246e-02
2.708474068737344587e-02
2.704276265368643628e-02
2.700085061204322845e-02
2.695900444641840393e-02
2.691722404113557066e-02
2.687550928086482327e-02
2.683386005062021046e-02
2.679227623575724387e-02
2.675075772197045565e-02
2.670930439529092815e-02
2.666791614208392780e-02
2.662659284904644874e-02
2.658533440320494379e-02
2.654414069191291664e-02
2.650301160284863899e-02
2.646194702401287457e-02
2.642094684372661359e-02
2.638001095062882106e-02
2.633913923367425108e-02
2.629833158213124022e-02
2.625758788557953222e-02
2.621690803390818239e-02
2.617629191731337540e-02
2.613573942629638519e-02
2.609525045166145862e-02
2.605482488451377893e-02
2.601446261625745687e-02
2.597416353859348381e-02
2.593392754351776797e-02
2.589375452331915684e-02
2.585364437057750125e-02
2.581359697816172638e-02
2.577361223922791308e-02
2.573369004721743833e-02
2.569383029585508779e-02
2.565403287914722052e-02
2.561429769137995097e-02
2.557462462711731707e-02
2.553501358119952130e-02
2.549546444874112999e-02
2.545597712512936983e-02
2.541655150602233071e-02
2.537718748734730384e-02
2.533788496529907133e-02
2.529864383633822003e-02
2.525946399718948659e-02
2.522034534484009563e-02
2.518128777653816028e-02
2.514229118979106892e-02
2.510335548236385800e-02
2.506448055227767507e-02
2.502566629780819327e-02
2.498691261748409165e-02
2.494821941008548358e-02
2.490958657464244913e-02
2.487101401043352242e-02
2.483250161698418584e-02
2.479404929406543723e-02
2.475565694169232223e-02
2.471732446012249798e-02
2.467905174985481065e-02
2.464083871162789027e-02
2.460268524641875260e-02
2.456459125544142863e-02
2.452655664014559075e-02
2.448858130221519963e-02
2.445066514356718235e-02
2.441280806635007933e-02
2.437500997294277105e-02
2.433727076595314232e-02
2.429959034821682629e-02
2.426196862279593469e-02
2.422440549297776025e-02
2.418690086227356928e-02
2.414945463441736662e-02
2.411206671336465004e-02
2.407473700329122029e-02
2.403746540859198061e-02
2.400025183387975020e-02
2.396309618398408114e-02
2.392599836395011698e-02
2.388895827903742691e-02
2.385197583471886790e-02
2.381505093667947437e-02
2.377818349081532029e-02
2.374137340323241585e-02
2.370462058024562502e-02
2.366792492837758305e-02
2.363128635435760710e-02
2.359470476512064152e-02
2.355818006780622392e-02
2.352171216975739582e-02
2.348530097851973808e-02
2.344894640184028850e-02
2.341264834766655645e-02
2.337640672414552367e-02
2.334022143962265552e-02
2.330409240264088785e-02
2.326801952193969375e-02
2.323200270645409474e-02
2.319604186531371709e-02
2.316013690784183773e-02
2.312428774355445443e-02
2.308849428215935598e-02
2.305275643355520626e-02
2.301707410783062485e-02
2.298144721526330231e-02
2.294587566631909811e-02
2.291035937165114555e-02
2.287489824209901212e-02
2.283949218868776970e-02
2.280414112262720699e-02
2.276884495531092401e-02
2.273360359831551672e-02
2.269841696339973056e-02
2.266328496250363464e-02
2.262820750774780648e-02
2.259318451143250972e-02
2.255821588603691003e-02
2.252330154421824243e-02
2.248844139881105847e-02
2.245363536282642125e-02
2.241888334945113873e-02
2.238418527204698999e-02
2.234954104414997242e-02
2.231495057946954186e-02
2.228041379188785281e-02
2.224593059545904722e-02
2.221150090440849809e-02
2.217712463313208093e-02
2.214280169619547295e-02
2.210853200833341053e-02
2.207431548444901276e-02
2.204015203961306318e-02
2.200604158906330210e-02
2.197198404820376386e-02
2.193797933260408298e-02
2.190402735799881068e-02
2.187012804028675567e-02
2.183628129553030761e-02
2.180248703995479181e-02
2.176874518994781349e-02
2.173505566205859163e-02
2.170141837299734491e-02
2.166783323963463598e-02
2.163430017900076080e-02
2.160081910828508950e-02
2.156738994483549735e-02
2.153401260615770210e-02
2.150068700991467768e-02
2.146741307392605047e-02
2.143419071616750604e-02
2.140101985477017854e-02
2.136790040802007823e-02
2.133483229435750861e-02
2.130181543237646274e-02
2.126884974082410285e-02
2.123593513860012882e-02
2.120307154475625788e-02
2.117025887849566246e-02
2.113749705917238042e-02
2.110478600629081894e-02
2.107212563950516815e-02
2.103951587861888767e-02
2.100695664358413414e-02
2.097444785450128940e-02
2.094198943161836024e-02
2.090958129533052046e-02
2.087722336617955574e-02
2.084491556485335712e-02
2.081265781218542138e-02
2.078045002915433065e-02
2.074829213688325277e-02
2.071618405663946602e-02
2.068412570983382479e-02
2.065211701802030508e-02
2.062015790289551190e-02
2.058824828629818304e-02
2.055638809020871038e-02
2.052457723674869575e-02
2.049281564818045132e-02
2.046110324690654514e-02
2.042943995546932234e-02
2.039782569655047145e-02
2.036626039297054561e-02
2.033474396768852888e-02
2.030327634380136442e-02
2.027185744454354510e-02
2.024048719328662427e-02
2.020916551353881679e-02
2.017789232894455498e-02
2.014666756328404446e-02
2.011549114047283399e-02
2.008436298456141994e-02
2.005328301973479527e-02
2.002225117031201929e-02
1.999126736074585339e-02
1.996033151562230309e-02
1.992944355966021902e-02
1.989860341771089447e-02
1.986781101475767336e-02
1.983706627591552002e-02
1.980636912643065489e-02
1.977571949168013821e-02
1.974511729717148834e-02
1.971456246854228281e-02
1.968405493155978708e-02
1.965359461212056597e-02
1.962318143625008809e-02
1.959281533010236859e-02
1.956249621995959087e-02
1.953222403223172504e-02
1.950199869345616011e-02
1.947182013029734315e-02
1.944168826954641854e-02
1.941160303812085319e-02
1.938156436306407576e-02
1.935157217154514359e-02
1.932162639085836103e-02
1.929172694842294644e-02
1.926187377178265742e-02
1.923206678860548899e-02
1.920230592668328157e-02
1.917259111393140175e-02
1.914292227838840232e-02
1.911329934821568224e-02
1.908372225169713970e-02
1.905419091723887029e-02
1.902470527336879227e-02
1.899526524873634825e-02
1.896587077211218247e-02
1.893652177238780085e-02
1.890721817857523787e-02
1.887795991980676519e-02
1.884874692533455159e-02
1.881957912453037507e-02
1.879045644688526889e-02
1.876137882200923368e-02
1.873234617963092166e-02
1.870335844959734525e-02
1.867441556187354398e-02
1.864551744654228960e-02
1.861666403380380849e-02
1.858785525397543478e-02
1.855909103749135702e-02
1.853037131490228862e-02
1.850169601687519719e-02
1.847306507419300622e-02
1.844447841775428282e-02
1.841593597857298092e-02
1.838743768777812912e-02
1.835898347661355651e-02
1.833057327643761864e-02
1.830220701872287831e-02
1.827388463505587313e-02
1.824560605713679978e-02
1.821737121677926424e-02
1.818918004590996951e-02
1.816103247656849357e-02
1.813292844090697020e-02
1.810486787118983226e-02
1.807685069979356185e-02
1.804887685920639889e-02
1.802094628202808441e-02
1.799305890096959681e-02
1.796521464885288827e-02
1.793741345861062098e-02
1.790965526328591045e-02
1.788193999603206186e-02
1.785426759011231670e-02
1.782663797889960308e-02
1.779905109587626849e-02
1.777150687463384046e-02
1.774400524887276287e-02
1.771654615240214961e-02
1.768912951913954867e-02
1.766175528311067500e-02
1.763442337844917107e-02
1.760713373939637796e-02
1.757988630030106816e-02
1.755268099561921660e-02
1.752551775991376126e-02
1.749839652785435684e-02
1.747131723421713884e-02
1.744427981388449456e-02
1.741728420184481679e-02
1.739033033319226790e-02
1.736341814312656121e-02
1.733654756695271124e-02
1.730971854008082206e-02
1.728293099802583749e-02
1.725618487640732945e-02
1.722948011094925166e-02
1.720281663747974185e-02
1.717619439193086156e-02
1.714961331033840880e-02
1.712307332884166478e-02
1.709657438368318225e-02
1.707011641120857737e-02
1.704369934786629376e-02
1.701732313020739781e-02
1.699098769488533930e-02
1.696469297865575709e-02
1.693843891837626056e-02
1.691222545100620409e-02
1.688605251360647888e-02
1.685992004333931177e-02
1.683382797746803272e-02
1.680777625335688058e-02
1.678176480847080182e-02
1.675579358037520422e-02
1.672986250673579381e-02
1.670397152531835627e-02
1.667812057398851064e-02
1.665230959071158437e-02
1.662653851355233234e-02
1.660080728067477723e-02
1.657511583034199446e-02
1.654946410091591436e-02
1.652385203085712795e-02
1.649827955872466140e-02
1.647274662317582683e-02
1.644725316296597253e-02
1.642179911694831990e-02
1.639638442407374830e-02
1.637100902339062511e-02
1.634567285404458364e-02
1.632037585527834622e-02
1.629511796643152988e-02
1.626989912694045554e-02
1.624471927633794333e-02
1.621957835425314950e-02
1.619447630041135483e-02
1.616941305463378761e-02
1.614438855683742596e-02
1.611940274703481391e-02
1.609445556533389138e-02
1.606954695193779648e-02
1.604467684714466769e-02
1.601984519134748430e-02
1.599505192503386519e-02
1.597029698878589879e-02
1.594558032327995922e-02
1.592090186928651549e-02
1.589626156766996146e-02
1.587165935938843891e-02
1.584709518549364676e-02
1.582256898713067100e-02
1.579808070553781127e-02
1.577363028204639347e-02
1.574921765808059981e-02
1.572484277515730222e-02
1.570050557488586462e-02
1.567620599896799374e-02
1.565194398919755175e-02
1.562771948746038628e-02
1.560353243573415691e-02
1.557938277608817042e-02
1.555527045068320728e-02
1.553119540177134300e-02
1.550715757169578331e-02
1.548315690289070456e-02
1.545919333788108030e-02
1.543526681928250252e-02
1.541137728980103080e-02
1.538752469223301188e-02
1.536370896946492176e-02
1.533993006447320617e-02
1.531618792032409665e-02
1.529248248017347350e-02
1.526881368726666979e-02
1.524518148493834296e-02
1.522158581661227708e-02
1.519802662580124752e-02
1.517450385610685966e-02
1.515101745121936322e-02
1.512756735491751527e-02
1.510415351106841539e-02
1.508077586362733917e-02
1.505743435663759074e-02
1.503412893423033275e-02
1.501085954062443897e-02
1.498762612012632771e-02
1.496442861712981784e-02
1.494126697611595361e-02
1.491814114165287281e-02
1.489505105839563151e-02
1.487199667108606710e-02
1.484897792455262128e-02
1.482599476371020651e-02
1.480304713356005164e-02
1.478013497918953187e-02
1.475725824577204040e-02
1.473441687856681670e-02
1.471161082291880771e-02
1.468884002425851348e-02
1.466610442810183101e-02
1.464340398004991550e-02
1.462073862578902074e-02
1.459810831109036380e-02
1.457551298180995852e-02
1.455295258388848191e-02
1.453042706335111976e-02
1.450793636630741748e-02
1.448548043895114476e-02
1.446305922756013253e-02
1.444067267849614804e-02
1.441832073820472661e-02
1.439600335321504325e-02
1.437372047013976695e-02
1.435147203567490107e-02
1.432925799659966193e-02
1.430707829977631920e-02
1.428493289215005888e-02
1.426282172074884620e-02
1.424074473268326438e-02
1.421870187514640178e-02
1.419669309541369412e-02
1.417471834084277002e-02
1.415277755887333830e-02
1.413087069702703355e-02
1.410899770290727391e-02
1.408715852419913095e-02
1.406535310866918048e-02
1.404358140416537420e-02
1.402184335861689224e-02
1.400013892003401303e-02
1.397846803650796763e-02
1.395683065621081825e-02
1.393522672739529525e-02
1.391365619839468951e-02
1.389211901762269982e-02
1.387061513357330106e-02
1.384914449482060883e-02
1.382770705001874420e-02
1.380630274790169490e-02
1.378493153728319390e-02
1.376359336705657715e-02
1.374228818619464831e-02
1.372101594374954860e-02
1.369977658885262323e-02
1.367857007071428613e-02
1.365739633862390195e-02
1.363625534194962477e-02
1.361514703013830610e-02
1.359407135271532320e-02
1.357302825928448017e-02
1.355201769952787093e-02
1.353103962320572479e-02
1.351009398015631108e-02
1.348918072029578821e-02
1.346829979361808399e-02
1.344745115019475509e-02
1.342663474017487257e-02
1.340585051378489004e-02
1.338509842132851006e-02
1.336437841318656103e-02
1.334369043981686355e-02
1.332303445175411771e-02
1.330241039960976084e-02
1.328181823407185123e-02
1.326125790590493812e-02
1.324072936594993324e-02
1.322023256512399117e-02
1.319976745442038614e-02
1.317933398490837155e-02
1.315893210773307932e-02
1.313856177411537249e-02
1.311822293535173586e-02
1.309791554281414770e-02
1.307763954794995478e-02
1.305739490228175620e-02
1.303718155740726803e-02
1.301699946499921406e-02
1.299684857680519570e-02
1.297672884464756704e-02
1.295664022042332213e-02
1.293658265610397179e-02
1.291655610373541874e-02
1.289656051543783266e-02
1.287659584340553574e-02
1.285666203990688643e-02
1.283675905728415279e-02
1.281688684795339109e-02
1.279704536440432958e-02
1.277723455920024356e-02
1.275745438497785829e-02
1.273770479444719626e-02
1.271798574039148186e-02
1.269829717566701641e-02
1.267863905320306545e-02
1.265901132600173035e-02
1.263941394713783729e-02
1.261984686975881932e-02
1.260031004708460356e-02
1.258080343240748807e-02
1.256132697909202386e-02
1.254188064057491087e-02
1.252246437036486082e-02
1.250307812204250885e-02
1.248372184926027292e-02
1.246439550574225154e-02
1.244509904528410746e-02
1.242583242175294977e-02
1.240659558908722288e-02
1.238738850129658849e-02
1.236821111246181638e-02
1.234906337673466123e-02
1.232994524833776195e-02
1.231085668156451859e-02
1.229179763077898474e-02
1.227276805041574957e-02
1.225376789497982857e-02
1.223479711904655251e-02
1.221585567726144600e-02
1.219694352434013210e-02
1.217806061506820567e-02
1.215920690430112583e-02
1.214038234696411186e-02
1.212158689805201833e-02
1.210282051262923965e-02
1.208408314582958692e-02
1.206537475285618388e-02
1.204669528898135410e-02
1.202804470954651345e-02
1.200942296996206256e-02
1.199083002570726711e-02
1.197226583233015895e-02
1.195373034544742336e-02
1.193522352074428625e-02
1.191674531397441186e-02
1.189829568095979867e-02
1.187987457759064752e-02
1.186148195982528880e-02
1.184311778369003844e-02
1.182478200527911985e-02
1.180647458075454251e-02
1.178819546634599265e-02
1.176994461835073266e-02
1.175172199313348660e-02
1.173352754712634824e-02
1.171536123682865790e-02
1.169722301880690880e-02
1.167911284969462907e-02
1.166103068619228633e-02
1.164297648506718019e-02
1.162495020315333291e-02
1.160695179735138707e-02
1.158898122462849629e-02
1.157103844201823155e-02
1.155312340662046321e-02
1.153523607560126216e-02
1.151737640619280093e-02
1.149954435569323571e-02
1.148173988146661967e-02
1.146396294094279011e-02
1.144621349161726101e-02
1.142849149105113274e-02
1.141079689687097068e-02
1.139312966676871847e-02
1.137548975850159044e-02
1.135787712989197104e-02
1.134029173882729682e-02
1.132273354325998189e-02
1.130520250120729125e-02
1.128769857075126101e-02
1.127022171003856654e-02
1.125277187728045830e-02
1.123534903075262825e-02
1.121795312879513007e-02
1.120058412981226464e-02
1.118324199227249682e-02
1.116592667470833050e-02
1.114863813571622883e-02
1.113137633395650146e-02
1.111414122815321433e-02
1.109693277709408732e-02
1.107975093963038671e-02
1.106259567467683669e-02
1.104546694121151182e-02
1.102836469827574856e-02
1.101128890497403076e-02
1.099423952047390643e-02
1.097721650400587667e-02
1.096021981486330898e-02
1.094324941240232621e-02
1.092630525604172329e-02
1.090938730526286315e-02
1.089249551960956575e-02
1.087562985868803511e-02
1.085879028216674494e-02
1.084197674977634487e-02
1.082518922130956338e-02
1.080842765662112098e-02
1.079169201562761408e-02
1.077498225830743686e-02
1.075829834470067373e-02
1.074164023490901260e-02
1.072500788909563733e-02
1.070840126748513928e-02
1.069182033036342530e-02
1.067526503807761026e-02
1.065873535103593547e-02
1.064223122970766461e-02
1.062575263462299351e-02
1.060929952637294782e-02
1.059287186560929975e-02
1.057646961304446395e-02
1.056009272945140909e-02
1.054374117566355892e-02
1.052741491257470560e-02
1.051111390113890556e-02
1.049483810237039627e-02
1.047858747734349560e-02
1.046236198719251165e-02
1.044616159311165249e-02
1.042998625635491866e-02
1.041383593823603376e-02
1.039771060012833342e-02
1.038161020346467164e-02
1.036553470973735139e-02
1.034948408049800490e-02
1.033345827735751218e-02
1.031745726198591770e-02
1.030148099611232458e-02
1.028552944152480789e-02
1.026960256007033480e-02
1.025370031365464840e-02
1.023782266424220003e-02
1.022196957385605384e-02
1.020614100457778103e-02
1.019033691854738174e-02
1.017455727796320181e-02
1.015880204508182345e-02
1.014307118221798726e-02
1.012736465174449846e-02
1.011168241609214369e-02
1.009602443774958863e-02
1.008039067926329649e-02
1.006478110323744297e-02
1.004919567233381397e-02
1.003363434927173094e-02
1.001809709682794855e-02
1.000258387783657145e-02
9.987094655188970965e-03
9.971629391833689710e-03
9.956188050776351370e-03
9.940770595079584382e-03
9.925376987862917846e-03
9.910007192302699996e-03
9.894661171632018401e-03
9.879338889140599350e-03
9.864040308174731528e-03
9.848765392137165398e-03
9.833514104487038610e-03
9.818286408739785795e-03
9.803082268467046625e-03
9.787901647296582547e-03
9.772744508912190042e-03
9.757610817053613897e-03
9.742500535516462196e-03
9.727413628152110914e-03
9.712350058867634528e-03
9.697309791625703668e-03
9.682292790444507052e-03
9.667299019397675164e-03
9.652328442614169224e-03
9.637381024278215275e-03
9.622456728629220912e-03
9.607555519961679877e-03
9.592677362625090520e-03
9.577822221023869070e-03
9.562990059617269833e-03
9.548180842919296724e-03
9.533394535498621730e-03
9.518631101978494713e-03
9.503890507036670543e-03
9.489172715405305020e-03
9.474477691870894155e-03
9.459805401274177031e-03
9.445155808510054263e-03
9.430528878527504738e-03
9.415924576329500612e-03
9.401342866972930978e-03
9.386783715568508199e-03
9.372247087280693306e-03
9.357732947327611003e-03
9.343241260980961194e-03
9.328771993565951326e-03
9.314325110461190577e-03
9.299900577098629134e-03
9.285498358963471463e-03
9.271118421594079159e-03
9.256760730581908500e-03
9.242425251571418504e-03
9.228111950259992868e-03
9.213820792397849763e-03
9.199551743787975910e-03
9.185304770286034648e-03
9.171079837800282658e-03
9.156876912291497111e-03
9.142695959772892400e-03
9.128536946310031666e-03
9.114399838020755679e-03
9.100284601075101301e-03
9.086191201695218225e-03
9.072119606155282234e-03
9.058069780781431019e-03
9.044041691951668765e-03
9.030035306095801975e-03
9.016050589695335377e-03
9.002087509283423356e-03
8.988146031444762402e-03
8.974226122815530393e-03
8.960327750083299861e-03
8.946450879986958191e-03
8.932595479316629561e-03
8.918761514913600350e-03
8.904948953670232398e-03
8.891157762529891886e-03
8.877387908486867804e-03
8.863639358586292150e-03
8.849912079924063604e-03
8.836206039646769470e-03
8.822521204951604135e-03
8.808857543086297953e-03
8.795215021349032242e-03
8.781593607088369891e-03
8.767993267703165158e-03
8.754413970642502957e-03
8.740855683405608645e-03
8.727318373541771701e-03
8.713802008650278069e-03
8.700306556380325157e-03
8.686831984430945508e-03
8.673378260550930474e-03
8.659945352538760827e-03
8.646533228242520019e-03
8.633141855559821332e-03
8.619771202437733273e-03
8.606421236872706729e-03
8.593091926910493422e-03
8.579783240646067857e-03
8.566495146223559662e-03
8.553227611836177260e-03
8.539980605726117668e-03
8.526754096184514450e-03
8.513548051551345780e-03
8.500362440215363316e-03
8.487197230614022814e-03
8.474052391233397388e-03
8.460927890608115065e-03
8.447823697321277248e-03
8.434739780004384124e-03
8.421676107337267014e-03
8.408632648048006836e-03
8.395609370912857777e-03
8.382606244756184849e-03
8.369623238450378880e-03
8.356660320915785395e-03
8.343717461120636961e-03
8.330794628080966449e-03
8.317891790860551526e-03
8.305008918570824447e-03
8.292145980370809605e-03
8.279302945467043734e-03
8.266479783113508256e-03
8.253676462611552953e-03
8.240892953309826574e-03
8.228129224604198780e-03
8.215385245937689013e-03
8.202660986800398846e-03
8.189956416729437388e-03
8.177271505308846694e-03
8.164606222169523697e-03
8.151960536989169906e-03
8.139334419492192524e-03
8.126727839449652407e-03
8.114140766679180800e-03
8.101573171044915145e-03
8.089025022457421027e-03
8.076496290873629719e-03
8.063986946296758385e-03
8.051496958776242427e-03
8.039026298407660892e-03
8.026574935332677491e-03
8.014142839738957330e-03
8.001729981860092322e-03
7.989336331975550876e-03
7.976961860410589425e-03
7.964606537536184777e-03
7.952270333768973395e-03
7.939953219571169868e-03
7.927655165450500988e-03
7.915376141960139833e-03
7.903116119698631176e-03
7.890875069309820355e-03
7.878652961482792566e-03
7.866449766951796527e-03
7.854265456496168155e-03
7.842100000940276788e-03
7.829953371153447125e-03
7.817825538049889833e-03
7.805716472588633895e-03
7.793626145773460689e-03
7.781554528652829400e-03
7.769501592319811092e-03
7.757467307912024532e-03
7.745451646611561589e-03
7.733454579644919585e-03
7.721476078282937978e-03
7.709516113840725500e-03
7.697574657677593371e-03
7.685651681196987647e-03
7.673747155846422432e-03
7.661861053117410489e-03
7.649993344545394716e-03
7.638144001709687436e-03
7.626312996233392330e-03
7.614500299783347192e-03
7.602705884070049339e-03
7.590929720847591419e-03
7.579171781913597236e-03
7.567432039109152353e-03
7.555710464318732104e-03
7.544007029470148687e-03
7.532321706534466157e-03
7.520654467525951861e-03
7.509005284501999236e-03
7.497374129563067098e-03
7.485760974852603312e-03
7.474165792556994488e-03
7.462588554905488780e-03
7.451029234170130841e-03
7.439487802665704572e-03
7.427964232749653326e-03
7.416458496822028734e-03
7.404970567325416114e-03
7.393500416744873752e-03
7.382048017607865248e-03
7.370613342484191866e-03
7.359196363985937017e-03
7.347797054767387336e-03
7.336415387524985836e-03
7.325051334997244312e-03
7.313704869964701705e-03
7.302375965249845169e-03
7.291064593717049361e-03
7.279770728272509650e-03
7.268494341864188343e-03
7.257235407481734887e-03
7.245993898156433827e-03
7.234769786961137150e-03
7.223563047010200973e-03
7.212373651459415280e-03
7.201201573505953621e-03
7.190046786388299381e-03
7.178909263386179865e-03
7.167788977820511651e-03
7.156685903053339008e-03
7.145600012487755837e-03
7.134531279567861428e-03
7.123479677778678069e-03
7.112445180646108540e-03
7.101427761736858052e-03
7.090427394658377000e-03
7.079444053058795913e-03
7.068477710626871677e-03
7.057528341091915541e-03
7.046595918223732408e-03
7.035680415832558376e-03
7.024781807769006972e-03
7.013900067923994550e-03
7.003035170228688253e-03
6.992187088654440094e-03
6.981355797212722772e-03
6.970541269955075891e-03
6.959743480973033108e-03
6.948962404398073556e-03
6.938198014401548985e-03
6.927450285194629992e-03
6.916719191028241828e-03
6.906004706193005424e-03
6.895306805019169732e-03
6.884625461876564025e-03
6.873960651174525899e-03
6.863312347361837096e-03
6.852680524926683600e-03
6.842065158396568904e-03
6.831466222338270639e-03
6.820883691357774656e-03
6.810317540100217781e-03
6.799767743249824498e-03
6.789234275529847096e-03
6.778717111702508430e-03
6.768216226568940334e-03
6.757731594969122908e-03
6.747263191781823800e-03
6.736810991924545300e-03
6.726374970353458417e-03
6.715955102063341300e-03
6.705551362087530665e-03
6.695163725497849799e-03
6.684792167404562599e-03
6.674436662956299837e-03
6.664097187340011462e-03
6.653773715780905013e-03
6.643466223542384905e-03
6.633174685925993450e-03
6.622899078271356210e-03
6.612639375956121286e-03
6.602395554395896864e-03
6.592167589044200041e-03
6.581955455392394377e-03
6.571759128969632650e-03
6.561578585342797004e-03
6.551413800116447778e-03
6.541264748932754114e-03
6.531131407471447992e-03
6.521013751449757437e-03
6.510911756622357084e-03
6.500825398781301390e-03
6.490754653755976059e-03
6.480699497413035595e-03
6.470659905656346925e-03
6.460635854426931279e-03
6.450627319702911290e-03
6.440634277499450271e-03
6.430656703868695839e-03
6.420694574899722673e-03
6.410747866718478731e-03
6.400816555487723672e-03
6.390900617406977680e-03
6.381000028712461615e-03
6.371114765677039771e-03
6.361244804610168696e-03
6.351390121857834747e-03
6.341550693802502914e-03
6.331726496863056101e-03
6.321917507494743960e-03
6.312123702189123900e-03
6.302345057474009055e-03
6.292581549913404092e-03
6.282833156107460112e-03
6.273099852692412201e-03
6.263381616340525648e-03
6.253678423760046512e-03
6.243990251695131360e-03
6.234317076925809109e-03
6.224658876267918570e-03
6.215015626573047736e-03
6.205387304728488679e-03
6.195773887657178569e-03
6.186175352317643296e-03
6.176591675703944559e-03
6.167022834845626092e-03
6.157468806807658152e-03
6.147929568690382006e-03
6.138405097629457026e-03
6.128895370795806041e-03
6.119400365395561564e-03
6.109920058670011145e-03
6.100454427895542729e-03
6.091003450383593483e-03
6.081567103480593414e-03
6.072145364567909862e-03
6.062738211061798055e-03
6.053345620413347339e-03
6.043967570108421325e-03
6.034604037667614523e-03
6.025255000646189893e-03
6.015920436634030269e-03
6.006600323255582852e-03
5.997294638169810635e-03
5.988003359070133425e-03
5.978726463684377532e-03
5.969463929774725466e-03
5.960215735137656956e-03
5.950981857603902109e-03
5.941762275038387636e-03
5.932556965340181343e-03
5.923365906442441819e-03
5.914189076312366400e-03
5.905026452951139988e-03
5.895878014393877813e-03
5.886743738709579454e-03
5.877623604001071603e-03
5.868517588404960350e-03
5.859425670091578282e-03
5.850347827264927233e-03
5.841284038162635785e-03
5.832234281055900284e-03
5.823198534249438008e-03
5.814176776081432518e-03
5.805168984923480754e-03
5.796175139180549662e-03
5.787195217290912880e-03
5.778229197726109101e-03
5.769277058990891771e-03
5.760338779623168370e-03
5.751414338193957046e-03
5.742503713307334570e-03
5.733606883600386034e-03
5.724723827743151069e-03
5.715854524438577014e-03
5.706998952422463398e-03
5.698157090463417708e-03
5.689328917362801614e-03
5.680514411954678058e-03
5.671713553105768753e-03
5.662926319715392599e-03
5.654152690715426657e-03
5.645392645070249765e-03
5.636646161776696570e-03
5.627913219864002017e-03
5.619193798393756246e-03
5.610487876459853418e-03
5.601795433188441406e-03
5.593116447737876695e-03
5.584450899298666268e-03
5.575798767093425104e-03
5.567160030376825872e-03
5.558534668435545154e-03
5.549922660588225282e-03
5.541323986185406683e-03
5.532738624609497523e-03
5.524166555274715590e-03
5.515607757627039726e-03
5.507062211144162119e-03
5.498529895335440600e-03
5.490010789741846600e-03
5.481504873935921784e-03
5.473012127521725140e-03
5.464532530134784405e-03
5.456066061442051834e-03
5.447612701141852157e-03
5.439172428963835737e-03
5.430745224668929137e-03
5.422331068049289146e-03
5.413929938928254207e-03
5.405541817160295845e-03
5.397166682630969228e-03
5.388804515256867197e-03
5.380455294985575163e-03
5.372119001795618194e-03
5.363795615696417655e-03
5.355485116728240895e-03
5.347187484962155277e-03
5.338902700499980475e-03
5.330630743474243372e-03
5.322371594048122545e-03
5.314125232415416178e-03
5.305891638800478739e-03
5.297670793458185423e-03
5.289462676673880107e-03
5.281267268763327645e-03
5.273084550072673106e-03
5.264914500978388860e-03
5.256757101887228611e-03
5.248612333236184896e-03
5.240480175492438775e-03
5.232360609153314732e-03
5.224253614746232968e-03
5.216159172828668637e-03
5.208077263988096332e-03
5.200007868841952791e-03
5.191950968037586586e-03
5.183906542252208691e-03
5.175874572192856043e-03
5.167855038596337776e-03
5.159847922229190108e-03
5.151853203887633847e-03
5.143870864397527554e-03
5.135900884614323300e-03
5.127943245423014634e-03
5.119997927738101015e-03
5.112064912503534037e-03
5.104144180692677529e-03
5.096235713308259856e-03
5.088339491382329674e-03
5.080455495976209102e-03
5.072583708180450346e-03
5.064724109114791470e-03
5.056876679928110421e-03
5.049041401798377328e-03
5.041218255932617201e-03
5.033407223566859628e-03
5.025608285966091937e-03
5.017821424424220161e-03
5.010046620264024808e-03
5.002283854837109682e-03
4.994533109523866324e-03
4.986794365733420234e-03
4.979067604903596178e-03
4.971352808500868747e-03
4.963649958020316388e-03
4.955959034985584974e-03
4.948280020948835761e-03
4.940612897490703759e-03
4.932957646220261297e-03
4.925314248774959047e-03
4.917682686820598267e-03
4.910062942051278759e-03
4.902454996189354632e-03
4.894858830985396141e-03
4.887274428218141113e-03
4.879701769694454183e-03
4.872140837249283422e-03
4.864591612745617841e-03
4.857054078074441415e-03
4.849528215154693192e-03
4.842014005933221316e-03
4.834511432384743998e-03
4.827020476511801814e-03
4.819541120344719536e-03
4.812073345941561033e-03
4.804617135388086768e-03
4.797172470797708699e-03
4.789739334311454710e-03
4.782317708097918313e-03
4.774907574353223078e-03
4.767508915300972330e-03
4.760121713192216192e-03
4.752745950305403005e-03
4.745381608946335102e-03
4.738028671448135838e-03
4.730687120171200161e-03
4.723356937503152969e-03
4.716038105858811821e-03
4.708730607680138361e-03
4.701434425436204489e-03
4.694149541623143795e-03
4.686875938764113389e-03
4.679613599409253137e-03
4.672362506135639693e-03
4.665122641547249198e-03
4.657893988274915652e-03
4.650676528976286674e-03
4.643470246335787074e-03
4.636275123064571152e-03
4.629091141900487129e-03
4.621918285608034652e-03
4.614756536978323158e-03
4.607605878829029375e-03
4.600466294004357422e-03
4.593337765375003247e-03
4.586220275838105188e-03
4.579113808317209280e-03
4.572018345762225017e-03
4.564933871149387187e-03
4.557860367481214245e-03
4.550797817786471008e-03
4.543746205120122693e-03
4.536705512563296745e-03
4.529675723223246415e-03
4.522656820233304786e-03
4.515648786752849211e-03
4.508651605967255345e-03
4.501665261087868519e-03
4.494689735351947366e-03
4.487725012022641263e-03
4.480771074388936563e-03
4.473827905765624495e-03
4.466895489493258667e-03
4.459973808938115167e-03
4.453062847492157868e-03
4.446162588572990723e-03
4.439273015623825674e-03
4.432394112113436681e-03
4.425525861536126759e-03
4.418668247411683750e-03
4.411821253285345620e-03
4.404984862727757099e-03
4.398159059334931509e-03
4.391343826728212607e-03
4.384539148554237285e-03
4.377745008484894805e-03
4.370961390217284297e-03
4.364188277473683535e-03
4.357425654001504702e-03
4.350673503573257092e-03
4.343931809986508082e-03
4.337200557063847564e-03
4.330479728652844584e-03
4.323769308626010041e-03
4.317069280880764595e-03
4.310379629339390964e-03
4.303700337949000962e-03
4.297031390681496470e-03
4.290372771533530402e-03
4.283724464526472014e-03
4.277086453706362666e-03
4.270458723143882862e-03
4.263841256934313220e-03
4.257234039197494574e-03
4.250637054077794144e-03
4.244050285744061304e-03
4.237473718389600692e-03
4.230907336232121035e-03
4.224351123513708263e-03
4.217805064500783005e-03
4.211269143484063296e-03
4.204743344778530748e-03
4.198227652723388915e-03
4.191722051682026003e-03
4.185226526041981032e-03
4.178741060214906551e-03
4.172265638636526996e-03
4.165800245766606603e-03
4.159344866088907772e-03
4.152899484111158973e-03
4.146464084365014853e-03
4.140038651406019801e-03
4.133623169813573257e-03
4.127217624190886343e-03
4.120821999164955840e-03
4.114436279386518222e-03
4.108060449530018428e-03
4.101694494293569096e-03
4.095338398398918472e-03
4.088992146591413981e-03
4.082655723639959724e-03
4.076329114336986123e-03
4.070012303498416091e-03
4.063705275963619065e-03
4.057408016595383249e-03
4.051120510279876581e-03
4.044842741926612910e-03
4.038574696468412092e-03
4.032316358861367904e-03
4.026067714084808138e-03
4.019828747141265118e-03
4.013599443056432327e-03
4.007379786879135784e-03
4.001169763681294150e-03
3.994969358557881427e-03
3.988778556626899202e-03
3.982597343029332417e-03
3.976425702929119871e-03
3.970263621513115196e-03
3.964111083991054760e-03
3.957968075595520371e-03
3.951834581581902851e-03
3.945710587228372541e-03
3.939596077835836804e-03
3.933491038727909665e-03
3.927395455250875383e-03
3.921309312773654625e-03
3.915232596687767165e-03
3.909165292407301533e-03
3.903107385368876411e-03
3.897058861031604642e-03
3.891019704877063737e-03
3.884989902409256846e-03
3.878969439154581964e-03
3.872958300661792468e-03
3.866956472501966759e-03
3.860963940268475302e-03
3.854980689576938124e-03
3.849006706065201400e-03
3.843041975393294944e-03
3.837086483243401860e-03
3.831140215319825144e-03
3.825203157348947350e-03
3.819275295079205875e-03
3.813356614281052624e-03
3.807447100746922785e-03
3.801546740291198833e-03
3.795655518750178439e-03
3.789773421982039342e-03
3.783900435866807688e-03
3.778036546306323337e-03
3.772181739224205171e-03
3.766336000565819429e-03
3.760499316298244153e-03
3.754671672410238390e-03
3.748853054912205766e-03
3.743043449836163262e-03
3.737242843235707816e-03
3.731451221185981201e-03
3.725668569783640097e-03
3.719894875146820962e-03
3.714130123415104474e-03
3.708374300749487339e-03
3.702627393332345428e-03
3.696889387367404724e-03
3.691160269079705319e-03
3.685440024715568030e-03
3.679728640542565335e-03
3.674026102849483645e-03
3.668332397946293816e-03
3.662647512164120787e-03
3.656971431855204555e-03
3.651304143392873278e-03
3.645645633171508589e-03
3.639995887606512198e-03
3.634354893134276836e-03
3.628722636212149827e-03
3.623099103318402729e-03
3.617484280952200544e-03
3.611878155633566588e-03
3.606280713903353002e-03
3.600691942323205191e-03
3.595111827475535801e-03
3.589540355963486556e-03
3.583977514410898770e-03
3.578423289462282549e-03
3.572877667782782540e-03
3.567340636058147999e-03
3.561812180994701135e-03
3.556292289319303718e-03
3.550780947779327151e-03
3.545278143142620384e-03
3.539783862197477815e-03
3.534298091752608503e-03
3.528820818637103205e-03
3.523352029700404890e-03
3.517891711812277510e-03
3.512439851862771741e-03
3.506996436762198962e-03
3.501561453441092223e-03
3.496134888850184561e-03
3.490716729960369538e-03
3.485306963762675216e-03
3.479905577268232065e-03
3.474512557508240007e-03
3.469127891533940224e-03
3.463751566416582196e-03
3.458383569247392916e-03
3.453023887137549562e-03
3.447672507218143504e-03
3.442329416640153850e-03
3.436994602574413617e-03
3.431668052211581978e-03
3.426349752762112167e-03
3.421039691456219389e-03
3.415737855543855232e-03
3.410444232294671668e-03
3.405158808997994606e-03
3.399881572962791792e-03
3.394612511517643323e-03
3.389351612010709988e-03
3.384098861809704643e-03
3.378854248301861422e-03
3.373617758893906245e-03
3.368389381012026028e-03
3.363169102101839624e-03
3.357956909628365735e-03
3.352752791075995584e-03
3.347556733948461698e-03
3.342368725768808842e-03
3.337188754079362801e-03
3.332016806441702624e-03
3.326852870436630260e-03
3.321696933664138908e-03
3.316548983743386556e-03
3.311409008312665193e-03
3.306276995029370450e-03
3.301152931569973411e-03
3.296036805629990254e-03
3.290928604923953199e-03
3.285828317185383179e-03
3.280735930166755587e-03
3.275651431639476415e-03
3.270574809393850604e-03
3.265506051239053416e-03
3.260445145003098774e-03
3.255392078532815849e-03
3.250346839693813925e-03
3.245309416370458985e-03
3.240279796465839884e-03
3.235257967901742325e-03
3.230243918618620671e-03
3.225237636575565420e-03
3.220239109750278918e-03
3.215248326139043700e-03
3.210265273756696038e-03
3.205289940636594712e-03
3.200322314830594990e-03
3.195362384409017840e-03
3.190410137460624775e-03
3.185465562092584888e-03
3.180528646430450142e-03
3.175599378618125437e-03
3.170677746817841293e-03
3.165763739210123925e-03
3.160857343993769657e-03
3.155958549385813258e-03
3.151067343621502363e-03
3.146183714954268844e-03
3.141307651655701489e-03
3.136439142015516948e-03
3.131578174341531108e-03
3.126724736959631771e-03
3.121878818213754368e-03
3.117040406465846833e-03
3.112209490095847915e-03
3.107386057501658125e-03
3.102570097099110243e-03
3.097761597321942867e-03
3.092960546621773520e-03
3.088166933468069163e-03
3.083380746348119740e-03
3.078601973767012591e-03
3.073830604247601225e-03
3.069066626330480604e-03
3.064310028573959815e-03
3.059560799554032155e-03
3.054818927864352135e-03
3.050084402116203398e-03
3.045357210938476160e-03
3.040637342977635989e-03
3.035924786897700386e-03
3.031219531380207992e-03
3.026521565124195168e-03
3.021830876846166077e-03
3.017147455280068391e-03
3.012471289177263804e-03
3.007802367306502446e-03
3.003140678453897726e-03
2.998486211422895543e-03
2.993838955034250869e-03
2.989198898126000856e-03
2.984566029553435348e-03
2.979940338189075201e-03
2.975321812922639315e-03
2.970710442661024693e-03
2.966106216328276077e-03
2.961509122865559063e-03
2.956919151231135814e-03
2.952336290400339042e-03
2.947760529365542510e-03
2.943191857136136756e-03
2.938630262738504799e-03
2.934075735215991784e-03
2.929528263628881565e-03
2.924987837054371549e-03
2.920454444586543206e-03
2.915928075336337785e-03
2.911408718431532459e-03
2.906896363016709534e-03
2.902390998253236501e-03
2.897892613319233077e-03
2.893401197409552553e-03
2.888916739735751874e-03
2.884439229526066482e-03
2.879968656025383000e-03
2.875505008495217972e-03
2.871048276213689684e-03
2.866598448475489967e-03
2.862155514591862519e-03
2.857719463890576878e-03
2.853290285715900237e-03
2.848867969428575328e-03
2.844452504405793093e-03
2.840043880041167972e-03
2.835642085744711008e-03
2.831247110942806434e-03
2.826858945078187819e-03
2.822477577609908139e-03
2.818102998013318101e-03
2.813735195780040985e-03
2.809374160417946187e-03
2.805019881451125373e-03
2.800672348419866453e-03
2.796331550880628864e-03
2.791997478406018848e-03
2.787670120584765168e-03
2.783349467021691784e-03
2.779035507337697039e-03
2.774728231169725032e-03
2.770427628170743072e-03
2.766133688009716086e-03
2.761846400371582334e-03
2.757565754957228693e-03
2.753291741483465498e-03
2.749024349683003125e-03
2.744763569304426408e-03
2.740509390112170780e-03
2.736261801886497556e-03
2.732020794423469217e-03
2.727786357534925550e-03
2.723558481048458935e-03
2.719337154807391355e-03
2.715122368670747077e-03
2.710914112513232270e-03
2.706712376225207245e-03
2.702517149712665642e-03
2.698328422897207542e-03
2.694146185716016044e-03
2.689970428121835587e-03
2.685801140082944190e-03
2.681638311583131769e-03
2.677481932621674984e-03
2.673331993213317291e-03
2.669188483388237713e-03
2.665051393192033932e-03
2.660920712685694960e-03
2.656796431945578595e-03
2.652678541063386696e-03
2.648567030146142635e-03
2.644461889316167442e-03
2.640363108711053786e-03
2.636270678483648624e-03
2.632184588802021982e-03
2.628104829849448737e-03
2.624031391824383462e-03
2.619964264940436577e-03
2.615903439426351795e-03
2.611848905525981836e-03
2.607800653498267181e-03
2.603758673617209175e-03
2.599722956171849654e-03
2.595693491466249253e-03
2.591670269819459221e-03
2.587653281565502339e-03
2.583642517053346896e-03
2.579637966646887610e-03
2.575639620724919608e-03
2.571647469681114569e-03
2.567661503924002081e-03
2.563681713876940146e-03
2.559708089978100006e-03
2.555740622680437515e-03
2.551779302451670593e-03
2.547824119774261438e-03
2.543875065145387044e-03
2.539932129076922715e-03
2.535995302095414312e-03
2.532064574742058736e-03
2.528139937572680511e-03
2.524221381157707930e-03
2.520308896082153974e-03
2.516402472945588557e-03
2.512502102362120741e-03
2.508607774960374456e-03
2.504719481383466378e-03
2.500837212288982512e-03
2.496960958348957808e-03
2.493090710249850576e-03
2.489226458692525568e-03
2.485368194392227094e-03
2.481515908078557771e-03
2.477669590495458138e-03
2.473829232401182805e-03
2.469994824568278770e-03
2.466166357783562864e-03
2.462343822848101806e-03
2.458527210577187913e-03
2.454716511800318288e-03
2.450911717361172262e-03
2.447112818117590585e-03
2.443319804941551567e-03
2.439532668719151566e-03
2.435751400350582435e-03
2.431975990750108105e-03
2.428206430846045934e-03
2.424442711580741990e-03
2.420684823910551967e-03
2.416932758805816032e-03
2.413186507250842348e-03
2.409446060243881482e-03
2.405711408797106023e-03
2.401982543936589769e-03
2.398259456702285172e-03
2.394542138148002090e-03
2.390830579341388269e-03
2.387124771363905058e-03
2.383424705310808328e-03
2.379730372291125051e-03
2.376041763427634654e-03
2.372358869856846034e-03
2.368681682728977604e-03
2.365010193207933882e-03
2.361344392471287704e-03
2.357684271710254638e-03
2.354029822129677374e-03
2.350381034947999267e-03
2.346737901397248725e-03
2.343100412723013622e-03
2.339468560184422216e-03
2.335842335054122334e-03
2.332221728618261852e-03
2.328606732176463981e-03
2.324997337041810781e-03
2.321393534540819748e-03
2.317795316013424294e-03
2.314202672812951632e-03
2.310615596306104125e-03
2.307034077872937173e-03
2.303458108906838390e-03
2.299887680814508527e-03
2.296322785015939786e-03
2.292763412944395004e-03
2.289209556046388136e-03
2.285661205781663440e-03
2.282118353623174660e-03
2.278580991057065075e-03
2.275049109582647118e-03
2.271522700712381992e-03
2.268001755971859289e-03
2.264486266899776168e-03
2.260976225047919147e-03
2.257471621981139813e-03
2.253972449277340077e-03
2.250478698527448324e-03
2.246990361335399894e-03
2.243507429318116701e-03
2.240029894105489885e-03
2.236557747340355527e-03
2.233090980678478169e-03
2.229629585788528694e-03
2.226173554352066548e-03
2.222722878063516753e-03
2.219277548630153429e-03
2.215837557772077672e-03
2.212402897222198045e-03
2.208973558726212358e-03
2.205549534042585552e-03
2.202130814942531486e-03
2.198717393209993851e-03
2.195309260641624492e-03
2.191906409046765619e-03
2.188508830247429433e-03
2.185116516078278170e-03
2.181729458386606757e-03
2.178347649032318523e-03
2.174971079887911760e-03
2.171599742838456297e-03
2.168233629781574860e-03
2.164872732627423114e-03
2.161517043298674060e-03
2.158166553730492872e-03
2.154821255870521292e-03
2.151481141678858976e-03
2.148146203128040947e-03
2.144816432203021980e-03
2.141491820901154919e-03
2.138172361232173330e-03
2.134858045218168947e-03
2.131548864893578234e-03
2.128244812305158957e-03
2.124945879511971544e-03
2.121652058585362603e-03
2.118363341608942799e-03
2.115079720678570384e-03
2.111801187902330804e-03
2.108527735400518924e-03
2.105259355305618644e-03
2.101996039762285551e-03
2.098737780927327837e-03
2.095484570969687217e-03
2.092236402070419415e-03
2.088993266422677682e-03
2.085755156231691547e-03
2.082522063714750335e-03
2.079293981101182787e-03
2.076070900632339278e-03
2.072852814561574036e-03
2.069639715154224756e-03
2.066431594687596560e-03
2.063228445450939873e-03
2.060030259745436118e-03
2.056837029884177326e-03
2.053648748192146191e-03
2.050465407006200891e-03
2.047286998675054270e-03
2.044113515559257358e-03
2.040944950031179424e-03
2.037781294474990193e-03
2.034622541286642498e-03
2.031468682873853633e-03
2.028319711656086273e-03
2.025175620064531556e-03
2.022036400542090440e-03
2.018902045543355481e-03
2.015772547534593496e-03
2.012647898993726904e-03
2.009528092410315086e-03
2.006413120285537467e-03
2.003302975132176169e-03
2.000197649474596499e-03
1.997097135848729596e-03
1.994001426802055089e-03
1.990910514893582447e-03
1.987824392693834062e-03
1.984743052784827474e-03
1.981666487760055419e-03
1.978594690224471948e-03
1.975527652794471182e-03
1.972465368097871697e-03
1.969407828773898743e-03
1.966355027473165162e-03
1.963306956857654908e-03
1.960263609600706568e-03
1.957224978386993414e-03
1.954191055912507784e-03
1.951161834884542878e-03
1.948137308021674965e-03
1.945117468053746482e-03
1.942102307721848675e-03
1.939091819778303825e-03
1.936085996986648553e-03
1.933084832121615814e-03
1.930088317969117992e-03
1.927096447326229114e-03
1.924109213001168588e-03
1.921126607813282774e-03
1.918148624593028935e-03
1.915175256181957456e-03
1.912206495432694497e-03
1.909242335208926385e-03
1.906282768385380091e-03
1.903327787847806972e-03
1.900377386492967807e-03
1.897431557228613499e-03
1.894490292973469029e-03
1.891553586657214805e-03
1.888621431220473225e-03
1.885693819614789150e-03
1.882770744802613654e-03
1.879852199757286232e-03
1.876938177463020061e-03
1.874028670914882917e-03
1.871123673118783512e-03
1.868223177091450464e-03
1.865327175860419500e-03
1.862435662464014593e-03
1.859548629951331914e-03
1.856666071382222921e-03
1.853787979827278961e-03
1.850914348367811756e-03
1.848045170095841041e-03
1.845180438114074183e-03
1.842320145535891653e-03
1.839464285485330978e-03
1.836612851097067876e-03
1.833765835516402379e-03
1.830923231899241489e-03
1.828085033412082255e-03
1.825251233231996173e-03
1.822421824546612262e-03
1.819596800554101890e-03
1.816776154463160559e-03
1.813959879492993378e-03
1.811147968873297927e-03
1.808340415844249087e-03
1.805537213656480382e-03
1.802738355571071194e-03
1.799943834859527893e-03
1.797153644803769958e-03
1.794367778696111335e-03
1.791586229839246119e-03
1.788808991546232512e-03
1.786036057140477423e-03
1.783267419955717609e-03
1.780503073336005791e-03
1.777743010635696348e-03
1.774987225219426014e-03
1.772235710462100218e-03
1.769488459748876173e-03
1.766745466475148560e-03
1.764006724046530451e-03
1.761272225878842031e-03
1.758541965398090646e-03
1.755815936040457364e-03
1.753094131252282009e-03
1.750376544490044733e-03
1.747663169220352135e-03
1.744953998919921865e-03
1.742249027075565932e-03
1.739548247184176388e-03
1.736851652752707982e-03
1.734159237298164499e-03
1.731470994347581848e-03
1.728786917438013097e-03
1.726107000116513081e-03
1.723431235940123870e-03
1.720759618475856774e-03
1.718092141300678680e-03
1.715428798001497742e-03
1.712769582175145168e-03
1.710114487428362421e-03
1.707463507377785178e-03
1.704816635649927066e-03
1.702173865881165780e-03
1.699535191717726611e-03
1.696900606815668344e-03
1.694270104840867649e-03
1.691643679469003684e-03
1.689021324385542484e-03
1.686403033285722650e-03
1.683788799874541466e-03
1.681178617866736693e-03
1.678572480986773984e-03
1.675970382968830844e-03
1.673372317556781445e-03
1.670778278504183190e-03
1.668188259574259792e-03
1.665602254539886966e-03
1.663020257183578984e-03
1.660442261297470894e-03
1.657868260683306380e-03
1.655298249152421710e-03
1.652732220525730562e-03
1.650170168633710143e-03
1.647612087316385147e-03
1.645057970423314739e-03
1.642507811813576513e-03
1.639961605355752181e-03
1.637419344927913255e-03
1.634881024417604578e-03
1.632346637721833037e-03
1.629816178747049357e-03
1.627289641409136170e-03
1.624767019633392403e-03
1.622248307354517451e-03
1.619733498516600333e-03
1.617222587073099960e-03
1.614715566986836028e-03
1.612212432229969935e-03
1.609713176783994157e-03
1.607217794639714901e-03
1.604726279797239526e-03
1.602238626265961152e-03
1.599754828064544557e-03
1.597274879220913178e-03
1.594798773772232187e-03
1.592326505764895921e-03
1.589858069254514433e-03
1.587393458305896583e-03
1.584932666993038542e-03
1.582475689399108184e-03
1.580022519616430766e-03
1.577573151746475494e-03
1.575127579899841205e-03
1.572685798196242057e-03
1.570247800764493218e-03
1.567813581742497856e-03
1.565383135277230876e-03
1.562956455524728292e-03
1.560533536650069667e-03
1.558114372827367269e-03
1.555698958239748724e-03
1.553287287079346390e-03
1.550879353547281745e-03
1.548475151853651727e-03
1.546074676217514422e-03
1.543677920866876269e-03
1.541284880038677751e-03
1.538895547978778866e-03
1.536509918941946547e-03
1.534127987191839923e-03
1.531749747000996868e-03
1.529375192650820996e-03
1.527004318431566914e-03
1.524637118642326993e-03
1.522273587591017711e-03
1.519913719594365772e-03
1.517557508977895094e-03
1.515204950075912504e-03
1.512856037231494937e-03
1.510510764796474913e-03
1.508169127131427523e-03
1.505831118605657206e-03
1.503496733597183867e-03
1.501165966492729650e-03
1.498838811687705063e-03
1.496515263586195750e-03
1.494195316600949262e-03
1.491878965153362047e-03
1.489566203673464706e-03
1.487257026599910501e-03
1.484951428379959956e-03
1.482649403469469586e-03
1.480350946332877364e-03
1.478056051443189713e-03
1.475764713281968498e-03
1.473476926339317141e-03
1.471192685113868488e-03
1.468911984112771137e-03
1.466634817851675352e-03
1.464361180854721785e-03
1.462091067654526294e-03
1.459824472792168671e-03
1.457561390817178545e-03
1.455301816287521942e-03
1.453045743769590219e-03
1.450793167838184024e-03
1.448544083076502668e-03
1.446298484076130684e-03
1.444056365437024377e-03
1.441817721767498384e-03
1.439582547684214835e-03
1.437350837812168165e-03
1.435122586784673198e-03
1.432897789243351913e-03
1.430676439838121953e-03
1.428458533227181665e-03
1.426244064076998821e-03
1.424033027062298045e-03
1.421825416866046281e-03
1.419621228179442172e-03
1.417420455701901526e-03
1.415223094141045829e-03
1.413029138212689665e-03
1.410838582640826407e-03
1.408651422157617805e-03
1.406467651503379894e-03
1.404287265426570636e-03
1.402110258683777338e-03
1.399936626039704514e-03
1.397766362267161304e-03
1.395599462147048032e-03
1.393435920468344283e-03
1.391275732028097404e-03
1.389118891631408413e-03
1.386965394091420074e-03
1.384815234229305400e-03
1.382668406874253131e-03
1.380524906863458403e-03
1.378384729042107359e-03
1.376247868263366300e-03
1.374114319388369549e-03
1.371984077286206218e-03
1.369857136833908936e-03
1.367733492916440620e-03
1.365613140426682765e-03
1.363496074265423304e-03
1.361382289341343810e-03
1.359271780571006706e-03
1.357164542878846591e-03
1.355060571197152890e-03
1.352959860466061833e-03
1.350862405633541929e-03
1.348768201655383336e-03
1.346677243495185070e-03
1.344589526124342210e-03
1.342505044522035711e-03
1.340423793675219171e-03
1.338345768578606040e-03
1.336270964234659644e-03
1.334199375653579529e-03
1.332130997853289960e-03
1.330065825859428220e-03
1.328003854705332894e-03
1.325945079432031080e-03
1.323889495088227328e-03
1.321837096730291497e-03
1.319787879422247047e-03
1.317741838235758026e-03
1.315698968250119533e-03
1.313659264552243834e-03
1.311622722236650395e-03
1.309589336405451998e-03
1.307559102168344770e-03
1.305532014642595603e-03
1.303508068953030449e-03
1.301487260232023907e-03
1.299469583619485133e-03
1.297455034262848077e-03
1.295443607317060212e-03
1.293435297944568220e-03
1.291430101315309536e-03
1.289428012606699554e-03
1.287429027003619483e-03
1.285433139698404642e-03
1.283440345890834913e-03
1.281450640788120866e-03
1.279464019604893352e-03
1.277480477563192659e-03
1.275500009892455936e-03
1.273522611829505918e-03
1.271548278618540081e-03
1.269577005511118937e-03
1.267608787766153888e-03
1.265643620649897902e-03
1.263681499435932287e-03
1.261722419405155197e-03
1.259766375845772311e-03
1.257813364053283599e-03
1.255863379330472273e-03
1.253916416987395019e-03
1.251972472341369210e-03
1.250031540716962280e-03
1.248093617445979577e-03
1.246158697867455045e-03
1.244226777327639075e-03
1.242297851179986583e-03
1.240371914785146600e-03
1.238448963510951645e-03
1.236528992732405805e-03
1.234611997831673667e-03
1.232697974198069700e-03
1.230786917228047193e-03
1.228878822325186766e-03
1.226973684900185737e-03
1.225071500370847073e-03
1.223172264162067455e-03
1.221275971705828613e-03
1.219382618441184089e-03
1.217492199814248837e-03
1.215604711278189462e-03
1.213720148293211641e-03
1.211838506326550153e-03
1.209959780852458682e-03
1.208083967352197247e-03
1.206211061314022871e-03
1.204341058233177877e-03
1.202473953611879693e-03
1.200609742959309577e-03
1.198748421791601994e-03
1.196889985631833988e-03
1.195034430010014342e-03
1.193181750463073168e-03
1.191331942534850632e-03
1.189485001776086764e-03
1.187640923744410180e-03
1.185799704004328325e-03
1.183961338127215764e-03
1.182125821691304857e-03
1.180293150281673835e-03
1.178463319490237471e-03
1.176636324915734944e-03
1.174812162163720725e-03
1.172990826846553739e-03
1.171172314583386305e-03
1.169356621000153945e-03
1.167543741729564757e-03
1.165733672411089225e-03
1.163926408690949378e-03
1.162121946222109030e-03
1.160320280664262722e-03
1.158521407683825314e-03
1.156725322953921792e-03
1.154932022154376431e-03
1.153141500971704113e-03
1.151353755099097324e-03
1.149568780236418560e-03
1.147786572090187321e-03
1.146007126373572299e-03
1.144230438806379457e-03
1.142456505115042051e-03
1.140685321032610874e-03
1.138916882298744064e-03
1.137151184659696045e-03
1.135388223868308202e-03
1.133627995683998257e-03
1.131870495872750295e-03
1.130115720207103920e-03
1.128363664466145583e-03
1.126614324435497088e-03
1.124867695907305837e-03
1.123123774680235285e-03
1.121382556559454100e-03
1.119644037356626407e-03
1.117908212889902027e-03
1.116175078983906287e-03
1.114444631469729396e-03
1.112716866184917767e-03
1.110991778973462315e-03
1.109269365685789776e-03
1.107549622178752736e-03
1.105832544315619222e-03
1.104118127966062513e-03
1.102406369006151375e-03
1.100697263318341831e-03
1.098990806791463925e-03
1.097286995320715438e-03
1.095585824807649095e-03
1.093887291160165190e-03
1.092191390292500093e-03
1.090498118125216714e-03
1.088807470585195173e-03
1.087119443605622827e-03
1.085434033125984949e-03
1.083751235092053882e-03
1.082071045455880367e-03
1.080393460175783568e-03
1.078718475216340882e-03
1.077046086548378396e-03
1.075376290148962648e-03
1.073709082001388700e-03
1.072044458095171683e-03
1.070382414426037689e-03
1.068722946995912925e-03
1.067066051812915264e-03
1.065411724891343614e-03
1.063759962251669463e-03
1.062110759920526469e-03
1.060464113930701356e-03
1.058820020321123937e-03
1.057178475136858874e-03
1.055539474429093754e-03
1.053903014255132579e-03
1.052269090678383846e-03
1.050637699768352737e-03
1.049008837600630710e-03
1.047382500256886610e-03
1.045758683824856913e-03
1.044137384398336832e-03
1.042518598077170778e-03
1.040902320967241517e-03
1.039288549180463882e-03
1.037677278834772850e-03
1.036068506054115294e-03
1.034462226968440451e-03
1.032858437713690593e-03
1.031257134431792354e-03
1.029658313270646105e-03
1.028061970384118147e-03
1.026468101932030740e-03
1.024876704080153423e-03
1.023287773000193046e-03
1.021701304869784659e-03
1.020117295872483487e-03
1.018535742197754527e-03
1.016956640040963655e-03
1.015379985603368732e-03
1.013805775092111372e-03
1.012234004720205006e-03
1.010664670706529471e-03
1.009097769275819727e-03
1.007533296658656534e-03
1.005971249091458432e-03
1.004411622816472633e-03
1.002854414081765910e-03
1.001299619141214842e-03
9.997472342544977929e-04
9.981972556870853663e-04
9.966496797102321684e-04
9.951045026009663983e-04
9.935617206420824764e-04
9.920213301221317195e-04
9.904833273354128002e-04
9.889477085819632900e-04
9.874144701675507691e-04
9.858836084036641523e-04
9.843551196075045820e-04
9.828290001019765378e-04
9.813052462156789460e-04
9.797838542828969394e-04
9.782648206435925337e-04
9.767481416433957363e-04
9.752338136335965239e-04
9.737218329711350845e-04
9.722121960185934686e-04
9.707048991441878921e-04
9.691999387217578935e-04
9.676973111307597209e-04
9.661970127562563571e-04
9.646990399889092795e-04
9.632033892249698952e-04
9.617100568662705420e-04
9.602190393202161400e-04
9.587303329997754094e-04
9.572439343234727394e-04
9.557598397153792974e-04
9.542780456051034883e-04
9.527985484277842320e-04
9.513213446240805556e-04
9.498464306401646542e-04
9.483738029277122413e-04
9.469034579438944180e-04
9.454353921513696489e-04
9.439696020182742221e-04
9.425060840182145506e-04
9.410448346302586076e-04
9.395858503389274696e-04
9.381291276341866426e-04
9.366746630114373886e-04
9.352224529715097868e-04
9.337724940206518914e-04
9.323247826705239856e-04
9.308793154381884982e-04
9.294360888461012217e-04
9.279950994221053493e-04
9.265563436994207411e-04
9.251198182166362263e-04
9.236855195177023393e-04
9.222534441519216700e-04
9.208235886739414913e-04
9.193959496437450855e-04
9.179705236266431792e-04
9.165473071932666790e-04
9.151262969195574559e-04
9.137074893867604304e-04
9.122908811814156582e-04
9.108764688953504152e-04
9.094642491256693315e-04
9.080542184747485363e-04
9.066463735502255754e-04
9.052407109649926887e-04
9.038372273371879199e-04
9.024359192901869851e-04
9.010367834525952494e-04
8.996398164582402462e-04
8.982450149461625698e-04
8.968523755606085026e-04
8.954618949510218841e-04
8.940735697720352199e-04
8.926873966834637190e-04
8.913033723502947767e-04
8.899214934426817949e-04
8.885417566359349664e-04
8.871641586105148778e-04
8.857886960520219930e-04
8.844153656511919911e-04
8.830441641038844908e-04
8.816750881110774121e-04
8.803081343788586284e-04
8.789432996184171846e-04
8.775805805460361406e-04
8.762199738830847660e-04
8.748614763560101908e-04
8.735050846963301422e-04
8.721507956406242702e-04
8.707986059305268837e-04
8.694485123127194699e-04
8.681005115389220199e-04
8.667546003658859822e-04
8.654107755553858052e-04
8.640690338742116738e-04
8.627293720941621360e-04
8.613917869920345626e-04
8.600562753496197258e-04
8.587228339536929090e-04
8.573914595960056666e-04
8.560621490732794273e-04
8.547348991871967124e-04
8.534097067443943046e-04
8.520865685564544666e-04
8.507654814398988696e-04
8.494464422161791600e-04
8.481294477116706719e-04
8.468144947576645119e-04
8.455015801903591026e-04
8.441907008508542191e-04
8.428818535851415571e-04
8.415750352440990942e-04
8.402702426834816581e-04
8.389674727639145294e-04
8.376667223508858524e-04
8.363679883147381779e-04
8.350712675306622840e-04
8.337765568786888268e-04
8.324838532436808604e-04
8.311931535153267887e-04
8.299044545881328850e-04
8.286177533614149434e-04
8.273330467392918820e-04
8.260503316306782619e-04
8.247696049492757222e-04
8.234908636135670167e-04
8.222141045468079907e-04
8.209393246770198835e-04
8.196665209369822808e-04
8.183956902642259591e-04
8.171268296010250794e-04
8.158599358943901397e-04
8.145950060960607114e-04
8.133320371624976324e-04
8.120710260548762854e-04
8.108119697390792253e-04
8.095548651856883729e-04
8.082997093699785095e-04
8.070464992719092543e-04
8.057952318761180165e-04
8.045459041719135989e-04
8.032985131532675242e-04
8.020530558188083969e-04
8.008095291718129050e-04
7.995679302202002899e-04
7.983282559765243237e-04
7.970905034579659366e-04
7.958546696863269283e-04
7.946207516880219451e-04
7.933887464940717581e-04
7.921586511400959983e-04
7.909304626663061100e-04
7.897041781174986286e-04
7.884797945430468318e-04
7.872573089968953192e-04
7.860367185375518803e-04
7.848180202280805560e-04
7.836012111360946995e-04
7.823862883337502541e-04
7.811732488977380555e-04
7.799620899092774354e-04
7.787528084541088481e-04
7.775454016224869324e-04
7.763398665091736806e-04
7.751362002134311747e-04
7.739343998390150808e-04
7.727344624941672770e-04
7.715363852916089140e-04
7.703401653485336936e-04
7.691457997866011460e-04
7.679532857319290411e-04
7.667626203150870994e-04
7.655738006710898370e-04
7.643868239393897344e-04
7.632016872638704066e-04
7.620183877928398807e-04
7.608369226790230068e-04
7.596572890795560366e-04
7.584794841559781668e-04
7.573035050742259015e-04
7.561293490046258961e-04
7.549570131218880185e-04
7.537864946050986271e-04
7.526177906377140656e-04
7.514508984075531821e-04
7.502858151067916910e-04
7.491225379319541499e-04
7.479610640839086475e-04
7.468013907678586714e-04
7.456435151933374708e-04
7.444874345742006835e-04
7.433331461286197227e-04
7.421806470790757049e-04
7.410299346523520781e-04
7.398810060795283326e-04
7.387338585959732796e-04
7.375884894413378950e-04
7.364448958595498987e-04
7.353030750988060566e-04
7.341630244115657841e-04
7.330247410545450738e-04
7.318882222887090156e-04
7.307534653792663749e-04
7.296204675956616779e-04
7.284892262115698998e-04
7.273597385048890911e-04
7.262320017577341986e-04
7.251060132564305597e-04
7.239817702915068553e-04
7.228592701576897969e-04
7.217385101538961040e-04
7.206194875832270825e-04
7.195021997529622284e-04
7.183866439745518551e-04
7.172728175636110216e-04
7.161607178399140034e-04
7.150503421273863777e-04
7.139416877540996024e-04
7.128347520522641855e-04
7.117295323582233969e-04
7.106260260124468717e-04
7.095242303595242130e-04
7.084241427481585956e-04
7.073257605311606940e-04
7.062290810654415271e-04
7.051341017120069284e-04
7.040408198359510410e-04
7.029492328064494873e-04
7.018593379967538390e-04
7.007711327841844619e-04
6.996846145501253115e-04
6.985997806800159100e-04
6.975166285633472261e-04
6.964351555936538693e-04
6.953553591685080176e-04
6.942772366895137801e-04
6.932007855623005836e-04
6.921260031965167751e-04
6.910528870058237679e-04
6.899814344078895358e-04
6.889116428243824333e-04
6.878435096809652326e-04
6.867770324072890523e-04
6.857122084369862008e-04
6.846490352076655154e-04
6.835875101609050972e-04
6.825276307422464567e-04
6.814693944011884427e-04
6.804127985911812785e-04
6.793578407696202739e-04
6.783045183978393200e-04
6.772528289411055766e-04
6.762027698686127498e-04
6.751543386534755633e-04
6.741075327727230355e-04
6.730623497072929506e-04
6.720187869420257872e-04
6.709768419656579955e-04
6.699365122708171192e-04
6.688977953540145311e-04
6.678606887156403370e-04
6.668251898599574130e-04
6.657912962950941413e-04
6.647590055330403983e-04
6.637283150896396405e-04
6.626992224845844586e-04
6.616717252414094225e-04
6.606458208874860932e-04
6.596215069540165184e-04
6.585987809760278106e-04
6.575776404923654259e-04
6.565580830456875256e-04
6.555401061824602058e-04
6.545237074529494745e-04
6.535088844112175652e-04
6.524956346151151304e-04
6.514839556262770138e-04
6.504738450101153107e-04
6.494653003358142728e-04
6.484583191763233691e-04
6.474528991083526239e-04
6.464490377123665449e-04
6.454467325725775102e-04
6.444459812769409972e-04
6.434467814171492949e-04
6.424491305886256484e-04
6.414530263905185133e-04
6.404584664256960259e-04
6.394654483007401486e-04
6.384739696259408154e-04
6.374840280152900768e-04
6.364956210864768961e-04
6.355087464608808606e-04
6.345234017635663273e-04
6.335395846232777604e-04
6.325572926724329012e-04
6.315765235471176723e-04
6.305972748870802141e-04
6.296195443357253561e-04
6.286433295401091951e-04
6.276686281509326988e-04
6.266954378225370438e-04
6.257237562128975441e-04
6.247535809836173622e-04
6.237849097999230647e-04
6.228177403306582247e-04
6.218520702482783265e-04
6.208878972288443690e-04
6.199252189520183115e-04
6.189640331010566772e-04
6.180043373628055659e-04
6.170461294276946909e-04
6.160894069897319579e-04
6.151341677464981523e-04
6.141804093991409764e-04
6.132281296523697366e-04
6.122773262144502477e-04
6.113279967971984360e-04
6.103801391159754605e-04
6.094337508896821836e-04
6.084888298407538582e-04
6.075453736951537311e-04
6.066033801823689231e-04
6.056628470354041404e-04
6.047237719907759285e-04
6.037861527885083355e-04
6.028499871721265148e-04
6.019152728886517385e-04
6.009820076885957589e-04
6.000501893259554964e-04
5.991198155582079434e-04
5.981908841463043098e-04
5.972633928546648187e-04
5.963373394511733939e-04
5.954127217071723474e-04
5.944895373974567413e-04
5.935677843002695091e-04
5.926474601972956009e-04
5.917285628736571046e-04
5.908110901179073910e-04
5.898950397220266689e-04
5.889804094814155878e-04
5.880671971948906850e-04
5.871554006646789638e-04
5.862450176964127983e-04
5.853360460991239699e-04
5.844284836852392225e-04
5.835223282705742989e-04
5.826175776743291708e-04
5.817142297190828343e-04
5.808122822307876720e-04
5.799117330387645744e-04
5.790125799756975188e-04
5.781148208776285815e-04
5.772184535839525177e-04
5.763234759374116648e-04
5.754298857840909557e-04
5.745376809734121723e-04
5.736468593581295003e-04
5.727574187943239997e-04
5.718693571413980756e-04
5.709826722620712494e-04
5.700973620223741961e-04
5.692134242916440821e-04
5.683308569425191440e-04
5.674496578509340269e-04
5.665698248961139293e-04
5.656913559605703749e-04
5.648142489300955749e-04
5.639385016937572236e-04
5.630641121438941616e-04
5.621910781761105215e-04
5.613193976892710650e-04
5.604490685854960881e-04
5.595800887701561080e-04
5.587124561518676345e-04
5.578461686424869906e-04
5.569812241571061922e-04
5.561176206140475272e-04
5.552553559348587849e-04
5.543944280443078351e-04
5.535348348703781826e-04
5.526765743442639805e-04
5.518196444003642832e-04
5.509640429762791437e-04
5.501097680128036503e-04
5.492568174539238070e-04
5.484051892468113287e-04
5.475548813418182207e-04
5.467058916924727669e-04
5.458582182554737837e-04
5.450118589906860662e-04
5.441668118611356179e-04
5.433230748330044463e-04
5.424806458756259008e-04
5.416395229614797942e-04
5.407997040661871981e-04
5.399611871685062146e-04
5.391239702503264472e-04
5.382880512966643381e-04
5.374534282956589405e-04
5.366200992385660633e-04
5.357880621197542602e-04
5.349573149366996247e-04
5.341278556899810206e-04
5.332996823832754189e-04
5.324727930233528030e-04
5.316471856200717227e-04
5.308228581863744158e-04
5.299998087382820373e-04
5.291780352948894555e-04
5.283575358783613486e-04
5.275383085139267840e-04
5.267203512298744474e-04
5.259036620575485233e-04
5.250882390313432735e-04
5.242740801886987007e-04
5.234611835700957779e-04
5.226495472190518946e-04
5.218391691821153274e-04
5.210300475088617709e-04
5.202221802518889162e-04
5.194155654668116805e-04
5.186102012122580877e-04
5.178060855498641717e-04
5.170032165442693152e-04
5.162015922631118039e-04
5.154012107770241649e-04
5.146020701596281787e-04
5.138041684875309769e-04
5.130075038403196204e-04
5.122120743005567634e-04
5.114178779537764240e-04
5.106249128884788897e-04
5.098331771961265961e-04
5.090426689711385986e-04
5.082533863108873191e-04
5.074653273156929083e-04
5.066784900888195598e-04
5.058928727364697632e-04
5.051084733677809434e-04
5.043252900948203650e-04
5.035433210325804699e-04
5.027625642989747576e-04
5.019830180148327978e-04
5.012046803038965439e-04
5.004275492928143701e-04
4.996516231111380359e-04
4.988768998913173727e-04
4.981033777686961648e-04
4.973310548815073782e-04
4.965599293708688241e-04
4.957899993807789304e-04
4.950212630581117546e-04
4.942537185526128633e-04
4.934873640168951046e-04
4.927221976064336201e-04
4.919582174795617251e-04
4.911954217974666805e-04
4.904338087241845966e-04
4.896733764265970724e-04
4.889141230744258829e-04
4.881560468402288051e-04
4.873991458993953349e-04
4.866434184301423509e-04
4.858888626135098856e-04
4.851354766333560841e-04
4.843832586763534634e-04
4.836322069319845757e-04
4.828823195925371296e-04
4.821335948531001950e-04
4.813860309115596502e-04
4.806396259685937356e-04
4.798943782276688264e-04
4.791502858950352035e-04
4.784073471797227711e-04
4.776655602935362321e-04
4.769249234510517270e-04
4.761854348696116295e-04
4.754470927693210235e-04
4.747098953730425524e-04
4.739738409063930040e-04
4.732389275977386491e-04
4.725051536781910665e-04
4.717725173816025895e-04
4.710410169445626745e-04
4.703106506063930753e-04
4.695814166091438323e-04
4.688533131975892608e-04
4.681263386192232884e-04
4.674004911242557155e-04
4.666757689656077148e-04
4.659521703989075495e-04
4.652296936824866697e-04
4.645083370773753760e-04
4.637880988472986446e-04
4.630689772586718458e-04
4.623509705805967855e-04
4.616340770848576403e-04
4.609182950459163493e-04
4.602036227409086024e-04
4.594900584496402628e-04
4.587776004545825420e-04
4.580662470408680426e-04
4.573559964962869637e-04
4.566468471112824926e-04
4.559387971789471191e-04
4.552318449950182441e-04
4.545259888578743850e-04
4.538212270685307304e-04
4.531175579306350744e-04
4.524149797504644016e-04
4.517134908369195741e-04
4.510130895015227294e-04
4.503137740584120768e-04
4.496155428243384274e-04
4.489183941186606947e-04
4.482223262633424797e-04
4.475273375829474628e-04
4.468334264046357716e-04
4.461405910581599157e-04
4.454488298758600695e-04
4.447581411926613626e-04
4.440685233460686752e-04
4.433799746761633853e-04
4.426924935255989240e-04
4.420060782395971973e-04
4.413207271659444117e-04
4.406364386549869007e-04
4.399532110596273836e-04
4.392710427353211169e-04
4.385899320400717203e-04
4.379098773344272189e-04
4.372308769814764115e-04
4.365529293468445879e-04
4.358760327986896258e-04
4.352001857076981959e-04
4.345253864470821842e-04
4.338516333925738133e-04
4.331789249224227687e-04
4.325072594173919711e-04
4.318366352607531304e-04
4.311670508382836565e-04
4.304985045382622678e-04
4.298309947514655761e-04
4.291645198711635328e-04
4.284990782931162850e-04
4.278346684155697301e-04
4.271712886392522090e-04
4.265089373673700609e-04
4.258476130056045332e-04
4.251873139621072822e-04
4.245280386474966326e-04
4.238697854748541623e-04
4.232125528597205279e-04
4.225563392200917790e-04
4.219011429764156712e-04
4.212469625515874927e-04
4.205937963709468650e-04
4.199416428622731361e-04
4.192905004557825606e-04
4.186403675841236923e-04
4.179912426823742403e-04
4.173431241880369482e-04
4.166960105410357461e-04
4.160499001837123889e-04
4.154047915608224451e-04
4.147606831195315563e-04
4.141175733094118591e-04
4.134754605824381363e-04
4.128343433929841308e-04
4.121942201978186964e-04
4.115550894561023827e-04
4.109169496293834235e-04
4.102797991815942133e-04
4.096436365790477293e-04
4.090084602904333570e-04
4.083742687868139633e-04
4.077410605416215594e-04
4.071088340306537774e-04
4.064775877320704004e-04
4.058473201263898935e-04
4.052180296964849040e-04
4.045897149275796056e-04
4.039623743072454694e-04
4.033360063253977950e-04
4.027106094742919696e-04
4.020861822485201614e-04
4.014627231450074163e-04
4.008402306630079719e-04
4.002187033041017337e-04
3.995981395721910764e-04
3.989785379734965077e-04
3.983598970165537403e-04
3.977422152122096267e-04
3.971254910736189605e-04
3.965097231162405733e-04
3.958949098578340821e-04
3.952810498184560406e-04
3.946681415204564150e-04
3.940561834884753322e-04
3.934451742494392843e-04
3.928351123325575511e-04
3.922259962693185140e-04
3.916178245934867283e-04
3.910105958410989117e-04
3.904043085504603668e-04
3.897989612621418362e-04
3.891945525189756004e-04
3.885910808660524409e-04
3.879885448507174126e-04
3.873869430225671331e-04
3.867862739334458795e-04
3.861865361374422815e-04
3.855877281908856352e-04
3.849898486523425966e-04
3.843928960826136030e-04
3.837968690447295670e-04
3.832017661039482980e-04
3.826075858277511958e-04
3.820143267858394556e-04
3.814219875501312492e-04
3.808305666947573885e-04
3.802400627960589394e-04
3.796504744325830487e-04
3.790618001850796907e-04
3.784740386364984690e-04
3.778871883719851473e-04
3.773012479788778544e-04
3.767162160467043197e-04
3.761320911671779156e-04
3.755488719341948389e-04
3.749665569438300448e-04
3.743851447943343739e-04
3.738046340861310825e-04
3.732250234218126989e-04
3.726463114061367944e-04
3.720684966460238155e-04
3.714915777505527466e-04
3.709155533309585083e-04
3.703404220006281081e-04
3.697661823750974424e-04
3.691928330720481519e-04
3.686203727113040985e-04
3.680487999148281120e-04
3.674781133067185753e-04
3.669083115132063888e-04
3.663393931626513379e-04
3.657713568855389488e-04
3.652042013144774532e-04
3.646379250841938306e-04
3.640725268315312063e-04
3.635080051954454362e-04
3.629443588170012036e-04
3.623815863393696881e-04
3.618196864078247711e-04
3.612586576697397831e-04
3.606984987745844680e-04
3.601392083739215133e-04
3.595807851214032980e-04
3.590232276727690734e-04
3.584665346858411684e-04
3.579107048205220623e-04
3.573557367387910234e-04
3.568016291047013447e-04
3.562483805843763866e-04
3.556959898460067574e-04
3.551444555598473867e-04
3.545937763982137843e-04
3.540439510354792757e-04
3.534949781480715330e-04
3.529468564144695383e-04
3.523995845152004406e-04
3.518531611328361937e-04
3.513075849519907380e-04
3.507628546593163682e-04
3.502189689435009686e-04
3.496759264952645435e-04
3.491337260073563986e-04
3.485923661745518880e-04
3.480518456936490534e-04
3.475121632634656970e-04
3.469733175848362908e-04
3.464353073606087248e-04
3.458981312956412165e-04
3.453617880967993839e-04
3.448262764729528298e-04
3.442915951349721608e-04
3.437577427957258427e-04
3.432247181700773817e-04
3.426925199748819635e-04
3.421611469289833089e-04
3.416305977532108551e-04
3.411008711703763943e-04
3.405719659052712555e-04
3.400438806846630508e-04
3.395166142372926950e-04
3.389901652938715317e-04
3.384645325870777556e-04
3.379397148515540274e-04
3.374157108239038416e-04
3.368925192426889788e-04
3.363701388484261444e-04
3.358485683835839329e-04
3.353278065925802262e-04
3.348078522217783981e-04
3.342887040194852553e-04
3.337703607359471334e-04
3.332528211233475122e-04
3.327360839358038712e-04
3.322201479293644373e-04
3.317050118620052572e-04
3.311906744936277038e-04
3.306771345860550068e-04
3.301643909030290000e-04
3.296524422102080614e-04
3.291412872751634270e-04
3.286309248673762633e-04
3.281213537582350652e-04
3.276125727210324034e-04
3.271045805309621057e-04
3.265973759651163294e-04
3.260909578024824172e-04
3.255853248239402409e-04
3.250804758122591656e-04
3.245764095520949598e-04
3.240731248299871391e-04
3.235706204343558761e-04
3.230688951554991275e-04
3.225679477855896522e-04
3.220677771186724637e-04
3.215683819506612523e-04
3.210697610793361622e-04
3.205719133043406473e-04
3.200748374271783275e-04
3.195785322512104945e-04
3.190829965816531846e-04
3.185882292255740348e-04
3.180942289918895719e-04
3.176009946913624479e-04
3.171085251365984045e-04
3.166168191420437247e-04
3.161258755239818724e-04
3.156356931005310524e-04
3.151462706916413376e-04
3.146576071190916330e-04
3.141697012064869113e-04
3.136825517792556648e-04
3.131961576646464357e-04
3.127105176917257569e-04
3.122256306913749526e-04
3.117414954962870492e-04
3.112581109409646605e-04
3.107754758617166271e-04
3.102935890966552514e-04
3.098124494856939123e-04
3.093320558705437047e-04
3.088524070947112161e-04
3.083735020034953289e-04
3.078953394439847262e-04
3.074179182650548024e-04
3.069412373173653315e-04
3.064652954533571066e-04
3.059900915272498797e-04
3.055156243950391090e-04
3.050418929144933029e-04
3.045688959451513093e-04
3.040966323483197675e-04
3.036251009870699646e-04
3.031543007262353954e-04
3.026842304324091066e-04
3.022148889739406609e-04
3.017462752209335345e-04
3.012783880452426242e-04
3.008112263204712109e-04
3.003447889219684665e-04
2.998790747268267973e-04
2.994140826138787541e-04
2.989498114636947009e-04
2.984862601585801592e-04
2.980234275825729886e-04
2.975613126214404595e-04
2.970999141626769766e-04
2.966392310955013678e-04
2.961792623108538492e-04
2.957200067013937474e-04
2.952614631614967357e-04
2.948036305872518519e-04
2.943465078764593299e-04
2.938900939286277813e-04
2.934343876449714843e-04
2.929793879284075652e-04
2.925250936835537214e-04
2.920715038167254565e-04
2.916186172359333702e-04
2.911664328508803933e-04
2.907149495729596735e-04
2.902641663152514314e-04
2.898140819925205209e-04
2.893646955212139356e-04
2.889160058194580982e-04
2.884680118070562043e-04
2.880207124054857829e-04
2.875741065378959859e-04
2.871281931291049861e-04
2.866829711055974292e-04
2.862384393955219402e-04
2.857945969286883043e-04
2.853514426365651364e-04
2.849089754522773324e-04
2.844671943106031426e-04
2.840260981479720572e-04
2.835856859024620414e-04
2.831459565137967710e-04
2.827069089233435724e-04
2.822685420741104408e-04
2.818308549107438176e-04
2.813938463795256635e-04
2.809575154283713979e-04
2.805218610068269721e-04
2.800868820660665378e-04
2.796525775588898453e-04
2.792189464397199124e-04
2.787859876646002055e-04
2.783537001911923084e-04
2.779220829787734832e-04
2.774911349882339595e-04
2.770608551820746574e-04
2.766312425244044776e-04
2.762022959809381324e-04
2.757740145189931102e-04
2.753463971074878325e-04
2.749194427169386178e-04
2.744931503194576760e-04
2.740675188887502895e-04
2.736425474001124279e-04
2.732182348304285253e-04
2.727945801581686076e-04
2.723715823633861776e-04
2.719492404277155050e-04
2.715275533343694580e-04
2.711065200681367924e-04
2.706861396153798752e-04
2.702664109640321366e-04
2.698473331035958472e-04
2.694289050251392451e-04
2.690111257212946384e-04
2.685939941862556949e-04
2.681775094157750564e-04
2.677616704071618457e-04
2.673464761592794434e-04
2.669319256725428860e-04
2.665180179489167519e-04
2.661047519919123965e-04
2.656921268065856752e-04
2.652801413995347756e-04
2.648687947788974520e-04
2.644580859543490745e-04
2.640480139370998637e-04
2.636385777398925602e-04
2.632297763770003645e-04
2.628216088642242260e-04
2.624140742188906211e-04
2.620071714598492217e-04
2.616008996074703475e-04
2.611952576836429601e-04
2.607902447117718984e-04
2.603858597167757645e-04
2.599821017250845924e-04
2.595789697646375170e-04
2.591764628648802267e-04
2.587745800567627943e-04
2.583733203727374547e-04
2.579726828467559488e-04
2.575726665142676259e-04
2.571732704122167874e-04
2.567744935790403559e-04
2.563763350546660320e-04
2.559787938805092042e-04
2.555818690994714312e-04
2.551855597559376230e-04
2.547898648957739806e-04
2.543947835663254485e-04
2.540003148164138172e-04
2.536064576963352295e-04
2.532132112578576867e-04
2.528205745542191516e-04
2.524285466401249463e-04
2.520371265717458002e-04
2.516463134067151945e-04
2.512561062041273555e-04
2.508665040245351414e-04
2.504775059299472768e-04
2.500891109838265097e-04
2.497013182510873352e-04
2.493141267980936095e-04
2.489275356926562194e-04
2.485415440040311848e-04
2.481561508029170022e-04
2.477713551614529105e-04
2.473871561532159087e-04
2.470035528532194555e-04
2.466205443379103249e-04
2.462381296851672507e-04
2.458563079742979995e-04
2.454750782860375276e-04
2.450944397025457580e-04
2.447143913074051953e-04
2.443349321856188661e-04
2.439560614236081228e-04
2.435777781092103404e-04
2.432000813316766933e-04
2.428229701816703124e-04
2.424464437512635748e-04
2.420705011339363685e-04
2.416951414245736536e-04
2.413203637194633207e-04
2.409461671162941307e-04
2.405725507141534927e-04
2.401995136135251052e-04
2.398270549162871408e-04
2.394551737257097520e-04
2.390838691464532281e-04
2.387131402845656374e-04
2.383429862474806043e-04
2.379734061440154120e-04
2.376043990843686442e-04
2.372359641801181527e-04
2.368681005442188885e-04
2.365008072910007879e-04
2.361340835361666309e-04
2.357679283967898732e-04
2.354023409913125588e-04
2.350373204395432873e-04
2.346728658626548827e-04
2.343089763831824419e-04
2.339456511250211936e-04
2.335828892134244380e-04
2.332206897750013514e-04
2.328590519377149535e-04
2.324979748308798032e-04
2.321374575851603453e-04
2.317774993325683627e-04
2.314180992064611875e-04
2.310592563415393426e-04
2.307009698738448614e-04
2.303432389407587670e-04
2.299860626809993374e-04
2.296294402346198019e-04
2.292733707430064159e-04
2.289178533488764561e-04
2.285628871962757801e-04
2.282084714305772821e-04
2.278546051984785617e-04
2.275012876479997823e-04
2.271485179284818282e-04
2.267962951905841634e-04
2.264446185862827715e-04
2.260934872688681227e-04
2.257429003929432767e-04
2.253928571144215242e-04
2.250433565905247610e-04
2.246943979797811567e-04
2.243459804420232305e-04
2.239981031383858449e-04
2.236507652313042549e-04
2.233039658845118304e-04
2.229577042630383763e-04
2.226119795332078823e-04
2.222667908626367616e-04
2.219221374202315735e-04
2.215780183761870722e-04
2.212344329019844450e-04
2.208913801703890623e-04
2.205488593554486617e-04
2.202068696324912069e-04
2.198654101781230173e-04
2.195244801702266805e-04
2.191840787879592914e-04
2.188442052117502016e-04
2.185048586232992850e-04
2.181660382055747153e-04
2.178277431428112584e-04
2.174899726205081849e-04
2.171527258254272378e-04
2.168160019455908432e-04
2.164798001702801316e-04
2.161441196900328781e-04
2.158089596966414423e-04
2.154743193831512235e-04
2.151401979438584107e-04
2.148065945743080855e-04
2.144735084712922702e-04
2.141409388328482477e-04
2.138088848582560676e-04
2.134773457480374891e-04
2.131463207039531352e-04
2.128158089290010826e-04
2.124858096274149654e-04
2.121563220046618326e-04
2.118273452674403873e-04
2.114988786236790888e-04
2.111709212825339842e-04
2.108434724543872991e-04
2.105165313508451609e-04
2.101900971847357551e-04
2.098641691701074558e-04
2.095387465222269549e-04
2.092138284575775818e-04
2.088894141938568640e-04
2.085655029499752528e-04
2.082420939460539284e-04
2.079191864034229020e-04
2.075967795446192273e-04
2.072748725933852110e-04
2.069534647746663805e-04
2.066325553146097218e-04
2.063121434405618365e-04
2.059922283810668544e-04
2.056728093658649972e-04
2.053538856258903559e-04
2.050354563932691560e-04
2.047175209013180498e-04
2.044000783845419480e-04
2.040831280786325834e-04
2.037666692204663423e-04
2.034507010481025838e-04
2.031352228007817157e-04
2.028202337189235951e-04
2.025057330441254141e-04
2.021917200191599654e-04
2.018781938879738260e-04
2.015651538956857310e-04
2.012525992885843781e-04
2.009405293141269095e-04
2.006289432209370691e-04
2.003178402588032508e-04
2.000072196786768178e-04
1.996970807326702599e-04
1.993874226740553768e-04
1.990782447572615711e-04
1.987695462378738693e-04
1.984613263726313500e-04
1.981535844194252461e-04
1.978463196372971019e-04
1.975395312864371470e-04
1.972332186281822901e-04
1.969273809250146287e-04
1.966220174405594156e-04
1.963171274395834334e-04
1.960127101879931776e-04
1.957087649528330955e-04
1.954052910022838782e-04
1.951022876056605633e-04
1.947997540334108543e-04
1.944976895571135216e-04
1.941960934494763426e-04
1.938949649843345292e-04
1.935943034366490476e-04
1.932941080825046937e-04
1.929943781991084670e-04
1.926951130647878898e-04
1.923963119589891101e-04
1.920979741622752751e-04
1.918000989563247425e-04
1.915026856239293996e-04
1.912057334489930104e-04
1.909092417165291823e-04
1.906132097126601193e-04
1.903176367246143998e-04
1.900225220407258378e-04
1.897278649504312059e-04
1.894336647442687181e-04
1.891399207138765655e-04
1.888466321519909107e-04
1.885537983524443158e-04
1.882614186101640077e-04
1.879694922211702245e-04
1.876780184825744538e-04
1.873869966925778064e-04
1.870964261504692817e-04
1.868063061566240868e-04
1.865166360125019836e-04
1.862274150206456619e-04
1.859386424846788427e-04
1.856503177093049226e-04
1.853624400003049677e-04
1.850750086645363320e-04
1.847880230099307867e-04
1.845014823454929479e-04
1.842153859812986237e-04
1.839297332284930519e-04
1.836445233992894369e-04
1.833597558069671057e-04
1.830754297658698554e-04
1.827915445914045432e-04
1.825080996000391078e-04
1.822250941093012415e-04
1.819425274377763839e-04
1.816603989051065299e-04
1.813787078319881695e-04
1.810974535401709592e-04
1.808166353524558526e-04
1.805362525926936901e-04
1.802563045857834376e-04
1.799767906576706144e-04
1.796977101353455851e-04
1.794190623468420423e-04
1.791408466212354072e-04
1.788630622886410674e-04
1.785857086802129139e-04
1.783087851281416601e-04
1.780322909656532697e-04
1.777562255270073309e-04
1.774805881474954294e-04
1.772053781634396310e-04
1.769305949121907737e-04
1.766562377321269231e-04
1.763823059626519355e-04
1.761087989441935332e-04
1.758357160182019772e-04
1.755630565271484129e-04
1.752908198145232714e-04
1.750190052248347785e-04
1.747476121036072201e-04
1.744766397973794244e-04
1.742060876537033522e-04
1.739359550211422539e-04
1.736662412492693142e-04
1.733969456886659446e-04
1.731280676909203737e-04
1.728596066086259399e-04
1.725915617953796273e-04
1.723239326057804399e-04
1.720567183954279376e-04
1.717899185209205556e-04
1.715235323398542496e-04
1.712575592108207334e-04
1.709919984934060971e-04
1.707268495481891802e-04
1.704621117367399730e-04
1.701977844216183964e-04
1.699338669663723236e-04
1.696703587355364142e-04
1.694072590946302443e-04
1.691445674101571951e-04
1.688822830496025012e-04
1.686204053814320308e-04
1.683589337750907413e-04
1.680978676010009437e-04
1.678372062305610022e-04
1.675769490361437349e-04
1.673170953910949499e-04
1.670576446697318463e-04
1.667985962473416046e-04
1.665399495001798689e-04
1.662817038054692021e-04
1.660238585413975404e-04
1.657664130871168927e-04
1.655093668227416602e-04
1.652527191293471720e-04
1.649964693889683308e-04
1.647406169845978775e-04
1.644851613001851445e-04
1.642301017206345380e-04
1.639754376318038574e-04
1.637211684205030484e-04
1.634672934744926852e-04
1.632138121824822899e-04
1.629607239341291942e-04
1.627080281200368587e-04
1.624557241317534095e-04
1.622038113617702286e-04
1.619522892035204630e-04
1.617011570513775883e-04
1.614504143006539449e-04
1.612000603475993287e-04
1.609500945893993919e-04
1.607005164241743958e-04
1.604513252509775308e-04
1.602025204697936963e-04
1.599541014815380102e-04
1.597060676880541282e-04
1.594584184921131052e-04
1.592111532974119052e-04
1.589642715085717742e-04
1.587177725311369667e-04
1.584716557715733633e-04
1.582259206372668985e-04
1.579805665365222056e-04
1.577355928785612342e-04
1.574909990735217052e-04
1.572467845324558642e-04
1.570029486673288550e-04
1.567594908910175538e-04
1.565164106173088624e-04
1.562737072608986230e-04
1.560313802373899114e-04
1.557894289632918441e-04
1.555478528560180599e-04
1.553066513338853657e-04
1.550658238161122990e-04
1.548253697228177189e-04
1.545852884750195861e-04
1.543455794946331744e-04
1.541062422044702841e-04
1.538672760282371824e-04
1.536286803905336819e-04
1.533904547168516493e-04
1.531525984335734068e-04
1.529151109679707560e-04
1.526779917482032432e-04
1.524412402033169397e-04
1.522048557632430053e-04
1.519688378587963871e-04
1.517331859216744375e-04
1.514978993844554771e-04
1.512629776805975482e-04
1.510284202444368428e-04
1.507942265111866451e-04
1.505603959169357056e-04
1.503269278986469129e-04
1.500938218941562092e-04
1.498610773421709102e-04
1.496286936822684849e-04
1.493966703548951465e-04
1.491650068013647412e-04
1.489337024638570943e-04
1.487027567854167908e-04
1.484721692099518744e-04
1.482419391822325464e-04
1.480120661478896205e-04
1.477825495534134932e-04
1.475533888461525171e-04
1.473245834743118357e-04
1.470961328869520551e-04
1.468680365339878615e-04
1.466402938661866935e-04
1.464129043351675217e-04
1.461858673933994401e-04
1.459591824942002829e-04
1.457328490917354324e-04
1.455068666410165720e-04
1.452812345979000597e-04
1.450559524190860343e-04
1.448310195621167339e-04
1.446064354853753855e-04
1.443821996480849576e-04
1.441583115103067510e-04
1.439347705329390163e-04
1.437115761777158971e-04
1.434887279072058844e-04
1.432662251848107330e-04
1.430440674747639705e-04
1.428222542421298132e-04
1.426007849528017292e-04
1.423796590735011919e-04
1.421588760717764331e-04
1.419384354160011148e-04
1.417183365753730553e-04
1.414985790199130094e-04
1.412791622204633674e-04
1.410600856486867458e-04
1.408413487770649570e-04
1.406229510788975729e-04
1.404048920283006781e-04
1.401871711002056231e-04
1.399697877703578314e-04
1.397527415153154446e-04
1.395360318124480483e-04
1.393196581399354524e-04
1.391036199767665255e-04
1.388879168027378126e-04
1.386725480984522070e-04
1.384575133453180016e-04
1.382428120255473438e-04
1.380284436221551787e-04
1.378144076189578122e-04
1.376007035005719081e-04
1.373873307524130791e-04
1.371742888606946665e-04
1.369615773124265750e-04
1.367491955954139445e-04
1.365371431982560389e-04
1.363254196103448363e-04
1.361140243218640535e-04
1.359029568237876554e-04
1.356922166078787973e-04
1.354818031666885515e-04
1.352717159935546874e-04
1.350619545826004246e-04
1.348525184287332676e-04
1.346434070276437316e-04
1.344346198758042854e-04
1.342261564704678339e-04
1.340180163096668230e-04
1.338101988922118580e-04
1.336027037176905103e-04
1.333955302864662336e-04
1.331886780996769000e-04
1.329821466592339871e-04
1.327759354678210058e-04
1.325700440288925242e-04
1.323644718466728399e-04
1.321592184261549500e-04
1.319542832730992226e-04
1.317496658940322043e-04
1.315453657962455092e-04
1.313413824877946259e-04
1.311377154774977520e-04
1.309343642749344122e-04
1.307313283904446173e-04
1.305286073351273200e-04
1.303262006208396012e-04
1.301241077601951793e-04
1.299223282665634889e-04
1.297208616540682438e-04
1.295197074375865703e-04
1.293188651327475968e-04
1.291183342559313978e-04
1.289181143242678544e-04
1.287182048556353813e-04
1.285186053686598147e-04
1.283193153827134371e-04
1.281203344179134051e-04
1.279216619951211256e-04
1.277232976359405758e-04
1.275252408627175439e-04
1.273274911985382469e-04
1.271300481672283820e-04
1.269329112933517169e-04
1.267360801022092767e-04
1.265395541198378535e-04
1.263433328730091383e-04
1.261474158892284480e-04
1.259518026967335860e-04
1.257564928244938403e-04
1.255614858022086272e-04
1.253667811603065166e-04
1.251723784299441197e-04
1.249782771430049243e-04
1.247844768320979932e-04
1.245909770305571513e-04
1.243977772724396574e-04
1.242048770925251199e-04
1.240122760263144401e-04
1.238199736100285917e-04
1.236279693806075918e-04
1.234362628757092802e-04
1.232448536337084257e-04
1.230537411936953162e-04
1.228629250954748914e-04
1.226724048795655234e-04
1.224821800871979047e-04
1.222922502603140461e-04
1.221026149415659751e-04
1.219132736743149231e-04
1.217242260026299156e-04
1.215354714712869053e-04
1.213470096257675788e-04
1.211588400122583003e-04
1.209709621776488913e-04
1.207833756695317904e-04
1.205960800362007525e-04
1.204090748266498187e-04
1.202223595905722593e-04
1.200359338783594620e-04
1.198497972410998621e-04
1.196639492305778710e-04
1.194783893992727519e-04
1.192931173003576573e-04
1.191081324876983825e-04
1.189234345158524163e-04
1.187390229400678710e-04
1.185548973162822760e-04
1.183710572011217237e-04
1.181875021518996637e-04
1.180042317266157914e-04
1.178212454839551264e-04
1.176385429832868469e-04
1.174561237846632734e-04
1.172739874488187844e-04
1.170921335371687729e-04
1.169105616118086300e-04
1.167292712355126063e-04
1.165482619717327550e-04
1.163675333845980511e-04
1.161870850389131577e-04
1.160069165001574099e-04
1.158270273344838661e-04
1.156474171087181152e-04
1.154680853903574365e-04
1.152890317475695393e-04
1.151102557491916819e-04
1.149317569647295332e-04
1.147535349643562106e-04
1.145755893189111821e-04
1.143979195998993178e-04
1.142205253794897240e-04
1.140434062305149034e-04
1.138665617264695488e-04
1.136899914415096077e-04
1.135136949504511985e-04
1.133376718287697291e-04
1.131619216525986101e-04
1.129864439987285493e-04
1.128112384446063190e-04
1.126363045683337664e-04
1.124616419486668784e-04
1.122872501650147114e-04
1.121131287974384014e-04
1.119392774266501071e-04
1.117656956340120478e-04
1.115923830015354870e-04
1.114193391118796885e-04
1.112465635483510359e-04
1.110740558949018805e-04
1.109018157361295245e-04
1.107298426572754356e-04
1.105581362442240132e-04
1.103866960835016807e-04
1.102155217622759773e-04
1.100446128683543924e-04
1.098739689901835257e-04
1.097035897168480026e-04
1.095334746380695258e-04
1.093636233442058859e-04
1.091940354262499718e-04
1.090247104758287683e-04
1.088556480852024069e-04
1.086868478472631635e-04
1.085183093555344279e-04
1.083500322041698366e-04
1.081820159879522700e-04
1.080142603022927680e-04
1.078467647432296631e-04
1.076795289074275767e-04
1.075125523921764714e-04
1.073458347953906066e-04
1.071793757156077123e-04
1.070131747519878100e-04
1.068472315043125212e-04
1.066815455729838073e-04
1.065161165590232785e-04
1.063509440640710143e-04
1.061860276903847644e-04
1.060213670408389320e-04
1.058569617189235844e-04
1.056928113287435044e-04
1.055289154750172962e-04
1.053652737630763952e-04
1.052018857988641610e-04
1.050387511889348195e-04
1.048758695404526366e-04
1.047132404611908610e-04
1.045508635595309246e-04
1.043887384444613448e-04
1.042268647255769113e-04
1.040652420130776560e-04
1.039038699177679723e-04
1.037427480510555986e-04
1.035818760249508457e-04
1.034212534520654312e-04
1.032608799456117752e-04
1.031007551194019020e-04
1.029408785878466138e-04
1.027812499659545419e-04
1.026218688693310895e-04
1.024627349141777677e-04
1.023038477172910166e-04
1.021452068960614459e-04
1.019868120684728596e-04
1.018286628531012801e-04
1.016707588691141348e-04
1.015130997362692535e-04
1.013556850749140417e-04
1.011985145059844638e-04
1.010415876510041761e-04
1.008849041320836865e-04
1.007284635719193108e-04
1.005722655937923461e-04
1.004163098215681764e-04
1.002605958796953236e-04
1.001051233932045401e-04
9.994989198770799484e-05
9.979490128939823052e-05
9.964015092504737705e-05
9.948564052200617599e-05
9.933136970820318087e-05
9.917733811214379499e-05
9.902354536290930919e-05
9.886999109015617002e-05
9.871667492411496329e-05
9.856359649558957378e-05
9.841075543595627730e-05
9.825815137716285971e-05
9.810578395172777667e-05
9.795365279273915080e-05
9.780175753385401266e-05
9.765009780929737927e-05
9.749867325386135956e-05
9.734748350290421931e-05
9.719652819234966281e-05
9.704580695868577581e-05
9.689531943896430722e-05
9.674506527079963910e-05
9.659504409236805485e-05
9.644525554240680407e-05
9.629569926021319453e-05
9.614637488564381973e-05
9.599728205911363724e-05
9.584842042159507432e-05
9.569978961461721471e-05
9.555138928026490419e-05
9.540321906117792388e-05
9.525527860055008219e-05
9.510756754212840169e-05
9.496008553021225177e-05
9.481283220965246769e-05
9.466580722585046966e-05
9.451901022475751749e-05
9.437244085287374833e-05
9.422609875724737710e-05
9.407998358547385619e-05
9.393409498569498103e-05
9.378843260659811758e-05
9.364299609741522654e-05
9.349778510792217221e-05
9.335279928843781441e-05
9.320803828982311408e-05
9.306350176348037427e-05
9.291918936135234574e-05
9.277510073592144086e-05
9.263123554020883917e-05
9.248759342777370133e-05
9.234417405271228821e-05
9.220097706965717482e-05
9.205800213377642364e-05
9.191524890077269012e-05
9.177271702688242312e-05
9.163040616887507882e-05
9.148831598405223983e-05
9.134644613024684270e-05
9.120479626582231054e-05
9.106336604967173989e-05
9.092215514121707400e-05
9.078116320040833034e-05
9.064038988772271969e-05
9.049983486416386007e-05
9.035949779126096365e-05
9.021937833106796929e-05
9.007947614616282437e-05
8.993979089964664443e-05
8.980032225514280523e-05
8.966106987679626507e-05
8.952203342927267035e-05
8.938321257775758307e-05
8.924460698795568122e-05
8.910621632608991855e-05
8.896804025890077915e-05
8.883007845364538301e-05
8.869233057809680837e-05
8.855479630054318373e-05
8.841747528978696953e-05
8.828036721514403659e-05
8.814347174644306983e-05
8.800678855402459244e-05
8.787031730874024765e-05
8.773405768195201261e-05
8.759800934553137175e-05
8.746217197185858494e-05
8.732654523382180653e-05
8.719112880481640776e-05
8.705592235874412294e-05
8.692092557001227697e-05
8.678613811353298572e-05
8.665155966472241065e-05
8.651718989949993210e-05
8.638302849428741747e-05
8.624907512600840805e-05
8.611532947208741431e-05
8.598179121044894008e-05
8.584846001951696760e-05
8.571533557821402237e-05
8.558241756596045486e-05
8.544970566267357317e-05
8.531719954876706025e-05
8.518489890515003880e-05
8.505280341322635294e-05
8.492091275489384999e-05
8.478922661254355373e-05
8.465774466905891900e-05
8.452646660781501856e-05
8.439539211267793324e-05
8.426452086800380326e-05
8.413385255863817767e-05
8.400338686991528259e-05
8.387312348765715376e-05
8.374306209817293186e-05
8.361320238825817135e-05
8.348354404519400015e-05
8.335408675674640141e-05
8.322483021116542745e-05
8.309577409718453566e-05
8.296691810401974829e-05
8.283826192136893411e-05
8.270980523941107664e-05
8.258154774880554225e-05
8.245348914069129415e-05
8.232562910668613345e-05
8.219796733888603505e-05
8.207050352986434809e-05
8.194323737267106408e-05
8.181616856083205797e-05
8.168929678834845119e-05
8.156262174969570360e-05
8.143614313982303077e-05
8.130986065415261789e-05
8.118377398857884735e-05
8.105788283946762100e-05
8.093218690365562844e-05
8.080668587844953377e-05
8.068137946162537931e-05
8.055626735142775894e-05
8.043134924656911329e-05
8.030662484622903862e-05
8.018209385005350075e-05
8.005775595815419810e-05
7.993361087110774854e-05
7.980965828995503883e-05
7.968589791620043865e-05
7.956232945181113646e-05
7.943895259921644834e-05
7.931576706130701840e-05
7.919277254143412760e-05
7.906996874340902967e-05
7.894735537150219216e-05
7.882493213044260529e-05
7.870269872541703652e-05
7.858065486206938007e-05
7.845880024649988440e-05
7.833713458526451524e-05
7.821565758537416956e-05
7.809436895429402504e-05
7.797326839994282179e-05
7.785235563069215761e-05
7.773163035536582392e-05
7.761109228323897905e-05
7.749074112403759262e-05
7.737057658793774074e-05
7.725059838556476584e-05
7.713080622799269384e-05
7.701119982674359721e-05
7.689177889378672761e-05
7.677254314153793312e-05
7.665349228285899420e-05
7.653462603105685113e-05
7.641594409988294000e-05
7.629744620353255571e-05
7.617913205664407950e-05
7.606100137429835548e-05
7.594305387201798598e-05
7.582528926576664028e-05
7.570770727194836352e-05
7.559030760740688545e-05
7.547308998942503771e-05
7.535605413572390001e-05
7.523919976446229868e-05
7.512252659423596644e-05
7.500603434407697315e-05
7.488972273345306178e-05
7.477359148226687588e-05
7.465764031085536331e-05
7.454186893998907145e-05
7.442627709087145608e-05
7.431086448513827148e-05
7.419563084485689282e-05
7.408057589252557077e-05
7.396569935107283518e-05
7.385100094385679034e-05
7.373648039466447804e-05
7.362213742771117283e-05
7.350797176763979924e-05
7.339398313952017285e-05
7.328017126884837690e-05
7.316653588154611171e-05
7.305307670396004422e-05
7.293979346286111679e-05
7.282668588544388309e-05
7.271375369932592540e-05
7.260099663254713630e-05
7.248841441356898682e-05
7.237600677127407922e-05
7.226377343496532028e-05
7.215171413436531145e-05
7.203982859961575254e-05
7.192811656127670985e-05
7.181657775032603344e-05
7.170521189815869307e-05
7.159401873658607343e-05
7.148299799783543206e-05
7.137214941454919463e-05
7.126147271978427729e-05
7.115096764701155812e-05
7.104063393011506402e-05
7.093047130339150987e-05
7.082047950154952607e-05
7.071065825970910287e-05
7.060100731340091277e-05
7.049152639856565996e-05
7.038221525155349757e-05
7.027307360912336365e-05
7.016410120844230344e-05
7.005529778708488673e-05
6.994666308303263856e-05
6.983819683467325321e-05
6.972989878080007922e-05
6.962176866061146885e-05
6.951380621371014109e-05
6.940601118010253118e-05
6.929838330019820784e-05
6.919092231480924982e-05
6.908362796514955478e-05
6.897649999283432423e-05
6.886953813987930465e-05
6.876274214870029954e-05
6.865611176211247830e-05
6.854964672332973920e-05
6.844334677596420799e-05
6.833721166402542473e-05
6.823124113191991009e-05
6.812543492445044709e-05
6.801979278681553897e-05
6.791431446460869097e-05
6.780899970381789525e-05
6.770384825082503464e-05
6.759885985240512366e-05
6.749403425572586134e-05
6.738937120834695351e-05
6.728487045821950302e-05
6.718053175368538627e-05
6.707635484347673825e-05
6.697233947671520711e-05
6.686848540291149342e-05
6.676479237196459118e-05
6.666126013416139484e-05
6.655788844017584548e-05
6.645467704106852421e-05
6.635162568828601522e-05
6.624873413366024171e-05
6.614600212940792380e-05
6.604342942812996861e-05
6.594101578281084692e-05
6.583876094681805102e-05
6.573666467390147129e-05
6.563472671819281349e-05
6.553294683420498885e-05
6.543132477683153130e-05
6.532986030134600123e-05
6.522855316340144330e-05
6.512740311902970888e-05
6.502640992464095459e-05
6.492557333702303241e-05
6.482489311334085273e-05
6.472436901113586937e-05
6.462400078832545615e-05
6.452378820320231055e-05
6.442373101443397943e-05
6.432382898106208649e-05
6.422408186250191215e-05
6.412448941854178371e-05
6.402505140934243834e-05
6.392576759543652169e-05
6.382663773772789665e-05
6.372766159749125039e-05
6.362883893637130825e-05
6.353016951638242721e-05
6.343165309990794537e-05
6.333328944969966691e-05
6.323507832887714385e-05
6.313701950092729656e-05
6.303911272970376325e-05
6.294135777942627653e-05
6.284375441468014844e-05
6.274630240041575546e-05
6.264900150194787438e-05
6.255185148495516739e-05
6.245485211547962634e-05
6.235800315992597650e-05
6.226130438506112085e-05
6.216475555801365225e-05
6.206835644627316218e-05
6.197210681768978004e-05
6.187600644047359032e-05
6.178005508319404991e-05
6.168425251477945947e-05
6.158859850451640786e-05
6.149309282204917576e-05
6.139773523737923427e-05
6.130252552086466213e-05
6.120746344321961719e-05
6.111254877551374007e-05
6.101778128917161211e-05
6.092316075597226739e-05
6.082868694804858297e-05
6.073435963788671640e-05
6.064017859832563137e-05
6.054614360255648113e-05
6.045225442412207988e-05
6.035851083691636746e-05
6.026491261518390795e-05
6.017145953351923232e-05
6.007815136686639121e-05
5.998498789051841284e-05
5.989196888011670669e-05
5.979909411165054852e-05
5.970636336145656534e-05
5.961377640621815947e-05
5.952133302296500029e-05
5.942903298907246858e-05
5.933687608226111446e-05
5.924486208059613558e-05
5.915299076248688924e-05
5.906126190668624864e-05
5.896967529229016922e-05
5.887823069873709232e-05
5.878692790580749119e-05
5.869576669362322723e-05
5.860474684264714346e-05
5.851386813368243423e-05
5.842313034787220488e-05
5.833253326669885500e-05
5.824207667198363805e-05
5.815176034588606500e-05
5.806158407090343000e-05
5.797154762987027509e-05
5.788165080595782770e-05
5.779189338267354671e-05
5.770227514386055322e-05
5.761279587369711553e-05
5.752345535669614097e-05
5.743425337770465406e-05
5.734518972190329514e-05
5.725626417480573756e-05
5.716747652225827433e-05
5.707882655043920153e-05
5.699031404585839134e-05
5.690193879535672286e-05
5.681370058610554004e-05
5.672559920560623828e-05
5.663763444168967492e-05
5.654980608251568134e-05
5.646211391657252087e-05
5.637455773267646187e-05
5.628713731997119499e-05
5.619985246792733171e-05
5.611270296634193001e-05
5.602568860533795904e-05
5.593880917536382479e-05
5.585206446719284830e-05
5.576545427192272360e-05
5.567897838097509073e-05
5.559263658609500051e-05
5.550642867935037236e-05
5.542035445313155389e-05
5.533441370015077876e-05
5.524860621344170595e-05
5.516293178635888438e-05
5.507739021257727181e-05
5.499198128609176053e-05
5.490670480121660811e-05
5.482156055258505798e-05
5.473654833514872951e-05
5.465166794417718437e-05
5.456691917525745218e-05
5.448230182429348841e-05
5.439781568750567291e-05
5.431346056143042373e-05
5.422923624291955329e-05
5.414514252913994318e-05
5.406117921757290718e-05
5.397734610601380499e-05
5.389364299257150016e-05
5.381006967566789249e-05
5.372662595403745729e-05
5.364331162672671680e-05
5.356012649309378618e-05
5.347707035280787886e-05
5.339414300584883219e-05
5.331134425250661955e-05
5.322867389338085568e-05
5.314613172938033591e-05
5.306371756172256857e-05
5.298143119193328714e-05
5.289927242184592842e-05
5.281724105360119891e-05
5.273533688964663431e-05
5.265355973273603711e-05
5.257190938592907001e-05
5.249038565259073414e-05
5.240898833639095572e-05
5.232771724130403718e-05
5.224657217160825058e-05
5.216555293188532261e-05
5.208465932702002125e-05
5.200389116219960011e-05
5.192324824291338507e-05
5.184273037495232706e-05
5.176233736440847351e-05
5.168206901767455498e-05
5.160192514144347020e-05
5.152190554270788623e-05
5.144201002875969638e-05
5.136223840718960685e-05
5.128259048588665564e-05
5.120306607303779238e-05
5.112366497712732272e-05
5.104438700693654914e-05
5.096523197154324922e-05
5.088619968032121485e-05
5.080728994293984562e-05
5.072850256936362707e-05
5.064983736985171736e-05
5.057129415495747289e-05
5.049287273552799431e-05
5.041457292270365897e-05
5.033639452791770078e-05
5.025833736289570875e-05
5.018040123965520011e-05
5.010258597050519340e-05
5.002710962514009550e-05
