0.000000000000000000e+00
1.525446651327337731e-03
3.049253790332751100e-03
6.093591257440997104e-03
9.131379927261699947e-03
1.216262950064062737e-02
4.211757573354819872e-02
7.142942968300147744e-02
1.001080649746273338e-01
1.281634927804567170e-01
2.120158256318791512e-01
2.901784768900917966e-01
3.629607308441712421e-01
4.306663007231021356e-01
4.935907473491309982e-01
5.765370494569515003e-01
6.509335148553206940e-01
7.175388101951074571e-01
7.770555573277709849e-01
8.301310506975287939e-01
8.400263556977851653e-01
8.496924315765157498e-01
8.505643978727119858e-01
8.514344905728411517e-01
8.523027130129036122e-01
8.540335593187105001e-01
8.557569650419896146e-01
8.561006074680886924e-01
8.564439537321303364e-01
8.571300543561195528e-01
8.571612900234913957e-01
8.571925232346826462e-01
8.572549847450250393e-01
8.572644131304726356e-01
8.572738412920445361e-01
8.572738918807287778e-01
8.572738266378310268e-01
8.572737613949388269e-01
8.572736961520524002e-01
8.572736309091717466e-01
8.572735004234216527e-01
8.572733699376940963e-01
8.572732394519895216e-01
8.572719345961897774e-01
8.572706297426601063e-01
8.572693248914002861e-01
8.572562765036497723e-01
8.572432283428907951e-01
8.572301804091190247e-01
8.572171327023307974e-01
8.570866681176463331e-01
8.569562262268655140e-01
8.568258070259578973e-01
8.566954105108939288e-01
8.553926921956374052e-01
8.540922380373655587e-01
8.527940440182479875e-01
8.514981061275517238e-01
8.502044203616958562e-01
8.422153540246427594e-01
8.343121517609805027e-01
8.264938711329545828e-01
8.187595800792926148e-01
8.111083567995788224e-01
8.035392896412352215e-01
7.960514769878476171e-01
7.886440271486320208e-01
7.813160582491177619e-01
7.740666981230357457e-01
7.668950842053963157e-01
7.598003634267458395e-01
7.527816921085866975e-01
7.458382358599511264e-01
7.389691694751119311e-01
7.321736768324212941e-01
7.254509507942634716e-01
7.188001931081093865e-01
7.122206143079750085e-01
7.057114336180376757e-01
6.992718788597449553e-01
6.929011863532443805e-01
6.865986008249834738e-01
6.803633753152948938e-01
6.741947710868313459e-01
6.680920575340097978e-01
6.620545120934535621e-01
6.560814201554203695e-01
6.501720751912851703e-01
6.443257781248157290e-01
6.385418375750779862e-01
6.328195698807920211e-01
6.271582989057046253e-01
6.215573559558635885e-01
6.160160796976698050e-01
6.105338160768134514e-01
6.051099182381047825e-01
5.997437464461874423e-01
5.944346680071269651e-01
5.891820571908605864e-01
5.839852951545025928e-01
5.788437698664947728e-01
5.737568760315903127e-01
5.687240150166662511e-01
5.637445947773519483e-01
5.588180297854655754e-01
5.539437409572496307e-01
5.491211555823978241e-01
5.443497072538633352e-01
5.396288357984388995e-01
5.349579872081040577e-01
5.303366135721254704e-01
5.257641730099080757e-01
5.212401296045835464e-01
5.167639533373314942e-01
5.123351200224235402e-01
5.079531108845950493e-01
5.036174136582309835e-01
4.993275212321663936e-01
4.950829320771426012e-01
4.908831502233728106e-01
4.867276853082631582e-01
4.826160521403310977e-01
4.785477708677359776e-01
4.745223669951792456e-01
4.705393709244686251e-01
4.665983189495341854e-01
4.626987520298050938e-01
4.588402161771111265e-01
4.550222624353774670e-01
4.512444467887369304e-01
4.475063301072819133e-01
4.438074780932410035e-01
4.401474612277601617e-01
4.365258547182738758e-01
4.329422384464554074e-01
4.293961969167400250e-01
4.258873192054157819e-01
4.224151989102743476e-01
4.189794341008165057e-01
4.155796272705994943e-01
4.122153852839781640e-01
4.088863193315019906e-01
4.055920448829088976e-01
4.023321816383699234e-01
3.991063534822557046e-01
3.959141884371080722e-01
3.927553186180682832e-01
3.896293801878067953e-01
3.865360133119491448e-01
3.834748621149932091e-01
3.804455746367117475e-01
3.774478027890348919e-01
3.744812023134080348e-01
3.715454327386189526e-01
3.686401573390898911e-01
3.657650430936284502e-01
3.629197606446330493e-01
3.601039842577481442e-01
3.573173917819629786e-01
3.545596646101504268e-01
3.518304876400402681e-01
3.491295492356221164e-01
3.464565411889740099e-01
3.438111586825106647e-01
3.411931002516482847e-01
3.386020677478799312e-01
3.360377663022580119e-01
3.334999042892788368e-01
3.309881932911649671e-01
3.285023480625409720e-01
3.260420864954980957e-01
3.236071295850439511e-01
3.211972013949325189e-01
3.188120290238709020e-01
3.164513425720975048e-01
3.141148751083292501e-01
3.118023626370721169e-01
3.095135440662922233e-01
3.072481611754425135e-01
3.050059585838419407e-01
3.027866837194029825e-01
3.005900867877031590e-01
2.984159207413976667e-01
2.962639412499685765e-01
2.941339066698075433e-01
2.920255780146275848e-01
2.899387189262010445e-01
2.878730956454200185e-01
2.858284769836748618e-01
2.838046342945488854e-01
2.818013414458236943e-01
2.798183747917940556e-01
2.778555131458865790e-01
2.759125377535808221e-01
2.739892322656278800e-01
2.720853827115649604e-01
2.702007774735205592e-01
2.683352072603089611e-01
2.664884650818094558e-01
2.646603462236282733e-01
2.628506482220394069e-01
2.610591708392010490e-01
2.592857160386458082e-01
2.575300879610400440e-01
2.557920929002105992e-01
2.540715392794354877e-01
2.523682376279960393e-01
2.506820005579865063e-01
2.490126427413799082e-01
2.473599808873462313e-01
2.457238337198200395e-01
2.441040219553155532e-01
2.425003682809862282e-01
2.409126973329254184e-01
2.393408356747064869e-01
2.377846117761592826e-01
2.362438559923800419e-01
2.347184005429726605e-01
2.332080794915186717e-01
2.317127287252733758e-01
2.302321859350851263e-01
2.287662905955366033e-01
2.273148839453039693e-01
2.258778089677329626e-01
2.244549103716285132e-01
2.230460345722562743e-01
2.216510296725530127e-01
2.202697454445444458e-01
2.189020333109671923e-01
2.175477463270936163e-01
2.162067391627564006e-01
2.148788680845716836e-01
2.135639909383572066e-01
2.122619671317448609e-01
2.109726576169843326e-01
2.096959248739360959e-01
2.084316328932520057e-01
2.071796471597409095e-01
2.059398346359174736e-01
2.047120637457323367e-01
2.034962043584813418e-01
2.022921277728920442e-01
2.010997067013854389e-01
1.999188152545110231e-01
1.987493289255533868e-01
1.975911245753082246e-01
1.964440804170260735e-01
1.953080760015217798e-01
1.941829922024483346e-01
1.930687112017321905e-01
1.919651164751697836e-01
1.908720927781822341e-01
1.897895261317268378e-01
1.887173038083642118e-01
1.876553143184784000e-01
1.866034473966490248e-01
1.855615939881733456e-01
1.845296462357370326e-01
1.835074974662314617e-01
1.824950421777163934e-01
1.814921760265259532e-01
1.804987958145171101e-01
1.795147994764581534e-01
1.785400860675562251e-01
1.775745557511223816e-01
1.766181097863720462e-01
1.756706505163603826e-01
1.747320813560502284e-01
1.738023067805115063e-01
1.728812323132504769e-01
1.719687645146678046e-01
1.710648109706435216e-01
1.701692802812477812e-01
1.692820820495758716e-01
1.684031268707063822e-01
1.675323263207808278e-01
1.666695929462035097e-01
1.658148402529604493e-01
1.649679826960559204e-01
1.641289356690652790e-01
1.632976154938027835e-01
1.624739394101035461e-01
1.616578255657174779e-01
1.608491930063150888e-01
1.600479616656029225e-01
1.592540523555481813e-01
1.584673867567107375e-01
1.576878874086818372e-01
1.569154777006280255e-01
1.561500818619390996e-01
1.553916249529794236e-01
1.546400328559404680e-01
1.538952322657948790e-01
1.531571506813495243e-01
1.524257163963973483e-01
1.517008584909667890e-01
1.509825068226671729e-01
1.502705920181300336e-01
1.495650454645439942e-01
1.488657993012834357e-01
1.481727864116290649e-01
1.474859404145798525e-01
1.468051956567548444e-01
1.461304872043846237e-01
1.454617508353904798e-01
1.447989230315512021e-01
1.441419409707558885e-01
1.434907425193422403e-01
1.428452662245191518e-01
1.422054513068727044e-01
1.415712376529548733e-01
1.409425658079537236e-01
1.403193769684441539e-01
1.397016129752189917e-01
1.390892163061984987e-01
1.384821300694182300e-01
1.378802979960941366e-01
1.372836644337639411e-01
1.366921743395040356e-01
1.361057732732213199e-01
1.355244073910185365e-01
1.349480234386329358e-01
1.343765687449471891e-01
1.338099912155716886e-01
1.332482393264975973e-01
1.326912621178196194e-01
1.321390091875281614e-01
1.315914306853697424e-01
1.310484773067748798e-01
1.305101002868532256e-01
1.299762513944542341e-01
1.294468829262939991e-01
1.289219477011460668e-01
1.284013990540966432e-01
1.278851908308629159e-01
1.273732773821740771e-01
1.268656135582140188e-01
1.263621547031253678e-01
1.258628566495740841e-01
1.253676757133738162e-01
1.248765686881694315e-01
1.243894928401793748e-01
1.239064059029954812e-01
1.234272660724404364e-01
1.229520320014816648e-01
1.224806627952013532e-01
1.220131180058217635e-01
1.215493576277853760e-01
1.210893420928892544e-01
1.206330322654729226e-01
1.201803894376592408e-01
1.197313753246478374e-01
1.192859520600600687e-01
1.188440821913356038e-01
1.184057286751794141e-01
1.179708548730591250e-01
1.175394245467517168e-01
1.171114018539395202e-01
1.166867513438545334e-01
1.162654379529707432e-01
1.158474270007440188e-01
1.154326841853985930e-01
1.150211755797604096e-01
1.146128676271359059e-01
1.142077271372364949e-01
1.138057212821477482e-01
1.134068175923430705e-01
1.130109839527412424e-01
1.126181885988073172e-01
1.122284001126965525e-01
1.118415874194407938e-01
1.114577197831767563e-01
1.110767668034159245e-01
1.106986984113556144e-01
1.103234848662304202e-01
1.099510967517040444e-01
1.095815049723008194e-01
1.092146807498764749e-01
1.088505956201278324e-01
1.084892214291408308e-01
1.081305303299766873e-01
1.077744947792956542e-01
1.074210875340178006e-01
1.070702816480207237e-01
1.067220504688735777e-01
1.063763676346070192e-01
1.060332070705188312e-01
1.056925429860145621e-01
1.053543498714831772e-01
1.050186024952068364e-01
1.046852759003049360e-01
1.043543454017117345e-01
1.040257865831872297e-01
1.036995752943609406e-01
1.033756876478082593e-01
1.030541000161590698e-01
1.027347890292380772e-01
1.024177315712367503e-01
1.021029047779163090e-01
1.017902860338415344e-01
1.014798529696451235e-01
1.011715834593220203e-01
1.008654556175536954e-01
1.005614477970618037e-01
1.002595385859909177e-01
9.995970680532023644e-02
9.966193150630370257e-02
9.936619196793831932e-02
9.907246769446031998e-02
9.878073841286898193e-02
9.849098407047761350e-02
9.820318483249158847e-02
9.791732107961302611e-02
9.763337340567179723e-02
9.735132261528267605e-02
9.707114972152827703e-02
9.679283594366751287e-02
9.651636270486922686e-02
9.624171162997088858e-02
9.596886454326182536e-02
9.569780346629101764e-02
9.542851061569888882e-02
9.516096840107310384e-02
9.489515942282790439e-02
9.463106647010674499e-02
9.436867251870813267e-02
9.410796072903424014e-02
9.384891444406215366e-02
9.359151718733735303e-02
9.333575266098939616e-02
9.308160474376948879e-02
9.282905748910942612e-02
9.257809512320219758e-02
9.232870204310357487e-02
9.208086281485459990e-02
9.183456217162477841e-02
9.158978501187570176e-02
9.134651639754497177e-02
9.110474155224983217e-02
9.086444585951106157e-02
9.062561486099598995e-02
9.038823425478106910e-02
9.015228989363352485e-02
8.991776778331196651e-02
8.968465408088563406e-02
8.945293509307213065e-02
8.922259727459368184e-02
8.899362722655114466e-02
8.876601169481622422e-02
8.853973756844121801e-02
8.831479187808632947e-02
8.809116179446430106e-02
8.786883462680213086e-02
8.764779782131978947e-02
8.742803895972561801e-02
8.720954575772833783e-02
8.699230606356542217e-02
8.677630785654770473e-02
8.656153924561996171e-02
8.634798846793734217e-02
8.613564388745753586e-02
8.592449399354834538e-02
8.571452739961073208e-02
8.550573284171680832e-02
8.529809917726305368e-02
8.509161538363818611e-02
8.488627055690581291e-02
8.468205391050145914e-02
8.447895477394412600e-02
8.427696259156179648e-02
8.407606692123129055e-02
8.387625743313158189e-02
8.367752390851120048e-02
8.347985623846906900e-02
8.328324442274868955e-02
8.308767856854573641e-02
8.289314888932866610e-02
8.269964570367240031e-02
8.250715943410476261e-02
8.231568060596573810e-02
8.212519984627911218e-02
8.193570788263669635e-02
8.174719554209472494e-02
8.155965375008254747e-02
8.137307352932310334e-02
8.118744599876551171e-02
8.100276237252923561e-02
8.081901395886001427e-02
8.063619215909717530e-02
8.045428846665239608e-02
8.027329446599963669e-02
8.009320183167623064e-02
7.991400232729496678e-02
7.973568780456706528e-02
7.955825020233592282e-02
7.938168154562133538e-02
7.920597394467451813e-02
7.903111959404325593e-02
7.885711077164755944e-02
7.868393983785887391e-02
7.851159923459972989e-02
7.834008148447574316e-02
7.816937918985462919e-02
7.799948503200296313e-02
7.783039177022266220e-02
7.766209224099555886e-02
7.749457935713711942e-02
7.732784610695983551e-02
7.716188555344553890e-02
7.699669083342701448e-02
7.683225515677843953e-02
7.666857180561491292e-02
7.650563413350069952e-02
7.634343556466613445e-02
7.618196959323335349e-02
7.602122978245029472e-02
7.586120976393329052e-02
7.570190323691791678e-02
7.554330396751819665e-02
7.538540578799375613e-02
7.522820259602536197e-02
7.507168835399802287e-02
7.491585708829236190e-02
7.476070288858355228e-02
7.460621990714806639e-02
7.445240235817802976e-02
7.429924451710311073e-02
7.414674071991990412e-02
7.399488536252867010e-02
7.384367290007738671e-02
7.369309784631292159e-02
7.354315477293961456e-02
7.339383830898459082e-02
7.324514314017029071e-02
7.309706400829373008e-02
7.294959571061278292e-02
7.280273309923908365e-02
7.265647108053763237e-02
7.251080461453303372e-02
7.236572871432223053e-02
7.222123844549377392e-02
7.207732892555336612e-02
7.193399532335587043e-02
7.179123285854346892e-02
7.164903680098999583e-02
7.150740247025144658e-02
7.136632523502253744e-02
7.122580051259910783e-02
7.108582376834668426e-02
7.094639051517463713e-02
7.080749631301627711e-02
7.066913676831466928e-02
7.053130753351397053e-02
7.039400430655662344e-02
7.025722283038571270e-02
7.012095889245316405e-02
6.998520832423316129e-02
6.984996700074089238e-02
6.971523084005672166e-02
6.958099580285546926e-02
6.944725789194092225e-02
6.931401315178556399e-02
6.918125766807513288e-02
6.904898756725845466e-02
6.891719901610200705e-02
6.878588822124957758e-02
6.865505142878654266e-02
6.852468492380922593e-02
6.839478502999872533e-02
6.826534810919955565e-02
6.813637056100294020e-02
6.800784882233462669e-02
6.787977936704733817e-02
6.775215870551749842e-02
6.762498338424668964e-02
6.749824998546720412e-02
6.737195512675217546e-02
6.724609546062980392e-02
6.712066767420200863e-02
6.699566848876703506e-02
6.687109465944648945e-02
6.674694297481630068e-02
6.662321025654174833e-02
6.649989335901661247e-02
6.637698916900611201e-02
6.625449460529399259e-02
6.613240661833333367e-02
6.601072218990119977e-02
6.588943833275724693e-02
6.576855209030586791e-02
6.564806053626216775e-02
6.552796077432164468e-02
6.540824993783345143e-02
6.528892518947729262e-02
6.516998372094373604e-02
6.505142275261829865e-02
6.493323953326868292e-02
6.481543133973576010e-02
6.469799547662778705e-02
6.458092927601799538e-02
6.446423009714549734e-02
6.434789532611957796e-02
6.423192237562712348e-02
6.411630868464328337e-02
6.400105171814544913e-02
6.388614896683020294e-02
6.377159794683340266e-02
6.365739619945348648e-02
6.354354129087767811e-02
6.343003081191124493e-02
6.331686237770975390e-02
6.320403362751421394e-02
6.309154222438924375e-02
6.297938585496395958e-02
6.286756222917586068e-02
6.275606908001744866e-02
6.264490416328563627e-02
6.253406525733393173e-02
6.242355016282735702e-02
6.231335670250002373e-02
6.220348272091541508e-02
6.209392608422924925e-02
6.198468467995502801e-02
6.187575641673206950e-02
6.176713922409617086e-02
6.165883105225275496e-02
6.155082987185251514e-02
6.144313367376952328e-02
6.133574046888175951e-02
6.122864828785411218e-02
6.112185518092369541e-02
6.101535921768755366e-02
6.090915848689275325e-02
6.080325109622864571e-02
6.069763517212155984e-02
6.059230885953166557e-02
6.048727032175209989e-02
6.038251774021026475e-02
6.027804931427137303e-02
6.017386326104411792e-02
6.006995781518843780e-02
5.996633122872545296e-02
5.986298177084947714e-02
5.975990772774210369e-02
5.965710740238825555e-02
5.955457911439436536e-02
5.945232119980853325e-02
5.935033201094255112e-02
5.924860991619606415e-02
5.914715329988246006e-02
5.904596056205688864e-02
5.894503011834593964e-02
5.884436039977943012e-02
5.874394985262382241e-02
5.864379693821760581e-02
5.854390013280846849e-02
5.844425792739220415e-02
5.834486882755347131e-02
5.824573135330816942e-02
5.814684403894773007e-02
5.804820543288494172e-02
5.794981409750159934e-02
5.785166860899774999e-02
5.775376755724257599e-02
5.765610954562704060e-02
5.755869319091799774e-02
5.746151712311401566e-02
5.736457998530269942e-02
5.726788043351965091e-02
5.717141713660896934e-02
5.707518877608522279e-02
5.697919404599698090e-02
5.688343165279187430e-02
5.678790031518305553e-02
5.669259876401720744e-02
5.659752574214396009e-02
5.650268000428673720e-02
5.640806031691501105e-02
5.631366545811804236e-02
5.621949421747985537e-02
5.612554539595574626e-02
5.603181780575003379e-02
5.593831027019519758e-02
5.584502162363234878e-02
5.575195071129297741e-02
5.565909638918203894e-02
5.556645752396228988e-02
5.547403299283994865e-02
5.538182168345149453e-02
5.528982249375185426e-02
5.519803433190371977e-02
5.510645611616811490e-02
5.501508677479611392e-02
5.492392524592182995e-02
5.483297047745654823e-02
5.474222142698397658e-02
5.465167706165669631e-02
5.456133635809369553e-02
5.447119830227910992e-02
5.438126188946198342e-02
5.429152612405721556e-02
5.420199001954748713e-02
5.411265259838638625e-02
5.402351289190250594e-02
5.393456994020460332e-02
5.384582279208784822e-02
5.375727050494106402e-02
5.366891214465499549e-02
5.358074678553155501e-02
5.349277351019410265e-02
5.340499140949869078e-02
5.331739958244629402e-02
5.322999713609596895e-02
5.314278318547903390e-02
5.305575685351410220e-02
5.296891727092310070e-02
5.288226357614821127e-02
5.279579491526967955e-02
5.270951044192459523e-02
5.262340931743104272e-02
5.253749071019321593e-02
5.245175379593508547e-02
5.236619775772637791e-02
5.228082178535516100e-02
5.219562507669581880e-02
5.211060683602939531e-02
5.202576627457679292e-02
5.194110261047368143e-02
5.185661506864717302e-02
5.177230288074401165e-02
5.168816528505937313e-02
5.160420152646646996e-02
5.152041085634685713e-02
5.143679253252157052e-02
5.135334581918301472e-02
5.127006998682756556e-02
5.118696431218890813e-02
5.110402807817213816e-02
5.102126057378857105e-02
5.093866109409126569e-02
5.085622894011122136e-02
5.077396341879433089e-02
5.069186384293898617e-02
5.060992953113437054e-02
5.052815980769944509e-02
5.044655400262255257e-02
5.036511145150177754e-02
5.028383149548584785e-02
5.020271348121575772e-02
5.012175676076700143e-02
5.004096069159245930e-02
4.996032463646585958e-02
4.987984796342595506e-02
4.979953004572116454e-02
4.971937026175496377e-02
4.963936799503181063e-02
4.955952263410363934e-02
4.947983357251697911e-02
4.940030020876062800e-02
4.932092194621393033e-02
4.924169819309558160e-02
4.916262836241298839e-02
4.908371187191225282e-02
4.900494814402860111e-02
4.892633660583745048e-02
4.884787668900591323e-02
4.876956782974495308e-02
4.869140946876195086e-02
4.861340105121380456e-02
4.853554202666063994e-02
4.845783184901992363e-02
4.838026997652110361e-02
4.830285587166074923e-02
4.822558900115823943e-02
4.814846883591177018e-02
4.807149485095507657e-02
4.799466652541441863e-02
4.791798334246617080e-02
4.784144478929477223e-02
4.776505035705125302e-02
4.768879954081211431e-02
4.761269183953867334e-02
4.753672675603692194e-02
4.746090379691771804e-02
4.738522247255753245e-02
4.730968229705946604e-02
4.723428278821488469e-02
4.715902346746530388e-02
4.708390385986477300e-02
4.700892349404266202e-02
4.693408190216685760e-02
4.685937861990732700e-02
4.678481318640009129e-02
4.671038514421164273e-02
4.663609403930368824e-02
4.656193942099829536e-02
4.648792084194340590e-02
4.641403785807877297e-02
4.634029002869140268e-02
4.626667691615753836e-02
4.619319808604576555e-02
4.611985310712953673e-02
4.604664155130906017e-02
4.597356299357943654e-02
4.590061701199905919e-02
4.582780318765837524e-02
4.575512110464904914e-02
4.568257035003332744e-02
4.561015051381386853e-02
4.553786118890382900e-02
4.546570197109729011e-02
4.539367245904000342e-02
4.532177225420048333e-02
4.525000096084134948e-02
4.517835818599109238e-02
4.510684353941598473e-02
4.503545663359246470e-02
4.496419708367971335e-02
4.489306450749257216e-02
4.482205852547471725e-02
4.475117876067220141e-02
4.468042483870719034e-02
4.460979638775205286e-02
4.453929303850370780e-02
4.446891442415823459e-02
4.439866018038579609e-02
4.432852994530578350e-02
4.425852335946232896e-02
4.418864006579991538e-02
4.411887970963945110e-02
4.404924193865444176e-02
4.397972640284750212e-02
4.391033275452710383e-02
4.384106064828461463e-02
4.377190974097147635e-02
4.370287969167676451e-02
4.363397016170490750e-02
4.356518081455366259e-02
4.349651131589236247e-02
4.342796133354035609e-02
4.335953053744570629e-02
4.329121859966410246e-02
4.322302519433801615e-02
4.315494999767612722e-02
4.308699268793282633e-02
4.301915294538813384e-02
4.295143045232767409e-02
4.288382489302298289e-02
4.281633595371193285e-02
4.274896332257945714e-02
4.268170668973840509e-02
4.261456574721065454e-02
4.254754018890844619e-02
4.248062971061581511e-02
4.241383400997038311e-02
4.234715278644519965e-02
4.228058574133086722e-02
4.221413257771780558e-02
4.214779300047879346e-02
4.208156671625159356e-02
4.201545343342179273e-02
4.194945286210595425e-02
4.188356471413469395e-02
4.181778870303623497e-02
4.175212454401989320e-02
4.168657195395990278e-02
4.162113065137931778e-02
4.155580035643417769e-02
4.149058079089775614e-02
4.142547167814500386e-02
4.136047274313723460e-02
4.129558371240681786e-02
4.123080431404226032e-02
4.116613427767321087e-02
4.110157333445576405e-02
4.103712121705793692e-02
4.097277765964521534e-02
4.090854239786634317e-02
4.084441516883917378e-02
4.078039571113677153e-02
4.071648376477355474e-02
4.065267907119171631e-02
4.058898137324767896e-02
4.052539041519874485e-02
4.046190594268989082e-02
4.039852770274070248e-02
4.033525544373240540e-02
4.027208891539513919e-02
4.020902786879524543e-02
4.014607205632278464e-02
4.008322123167912948e-02
4.002047514986472460e-02
3.995783356716698514e-02
3.989529624114827866e-02
3.983286293063408728e-02
3.977053339570125329e-02
3.970830739766639111e-02
3.964618469907440351e-02
3.958416506368709481e-02
3.952224825647200623e-02
3.946043404359119572e-02
3.939872219239030915e-02
3.933711247138770017e-02
3.927560465026361941e-02
3.921419849984963263e-02
3.915289379211801118e-02
3.909169030017137225e-02
3.903058779823235375e-02
3.896958606163336558e-02
3.890868486680657684e-02
3.884788399127387520e-02
3.878718321363701371e-02
3.872658231356782693e-02
3.866608107179858589e-02
3.860567927011240852e-02
3.854537669133380889e-02
3.848517311931935053e-02
3.842506833894835522e-02
3.836506213611378530e-02
3.830515429771311209e-02
3.824534461163942717e-02
3.818563286677250507e-02
3.812601885297006721e-02
3.806650236105907359e-02
3.800708318282714632e-02
3.794776111101404170e-02
3.788853593930330277e-02
3.782940746231386320e-02
3.777037547559183861e-02
3.771143977560241500e-02
3.765260015972177188e-02
3.759385642622908169e-02
3.753520837429865503e-02
3.747665580399212049e-02
3.741819851625072246e-02
3.735983631288764678e-02
3.730156899658050584e-02
3.724339637086382382e-02
3.718531824012163284e-02
3.712733440958018716e-02
3.706944468530071202e-02
3.701164887417220106e-02
3.695394678390435950e-02
3.689633822302058191e-02
3.683882300085099953e-02
3.678140092752563151e-02
3.672407181396754317e-02
3.666683547188618469e-02
3.660969171377069509e-02
3.655264035288333796e-02
3.649568120325297899e-02
3.643881407966860497e-02
3.638203879767303722e-02
3.632535517355653387e-02
3.626876302435058652e-02
3.621226216782173074e-02
3.615585242246543290e-02
3.609953360750006723e-02
3.604330554286087895e-02
3.598716804919410706e-02
3.593112094785110011e-02
3.587516406088254312e-02
3.581929721103267045e-02
3.576352022173363843e-02
3.570783291709989093e-02
3.565223512192257360e-02
3.559672666166409372e-02
3.554130736245258992e-02
3.548597705107662398e-02
3.543073555497981697e-02
3.537558270225557577e-02
3.532051832164186805e-02
3.526554224251607361e-02
3.521065429488985654e-02
3.515585430940410677e-02
3.510114211732395101e-02
3.504651755053380530e-02
3.499198044153243453e-02
3.493753062342812993e-02
3.488316792993390730e-02
3.482889219536276088e-02
3.477470325462296563e-02
3.472060094321337970e-02
3.466658509721891324e-02
3.461265555330592797e-02
3.455881214871772689e-02
3.450505472127009254e-02
3.445138310934691556e-02
3.439779715189574677e-02
3.434429668842355760e-02
3.429088155899239626e-02
3.423755160421516897e-02
3.418430666525145573e-02
3.413114658380336092e-02
3.407807120211141239e-02
3.402508036295047444e-02
3.397217390962573719e-02
3.391935168596876826e-02
3.386661353633350913e-02
3.381395930559245172e-02
3.376138883913269717e-02
3.370890198285219491e-02
3.365649858315596793e-02
3.360417848695233106e-02
3.355194154164920645e-02
3.349978759515045978e-02
3.344771649585228518e-02
3.339572809263956915e-02
3.334382223488241426e-02
3.329199877243253780e-02
3.324025755561985096e-02
3.318859843524900322e-02
3.313702126259591985e-02
3.308552588940450595e-02
3.303411216788324639e-02
3.298277995070191676e-02
3.293152909098830822e-02
3.288035944232499397e-02
3.282927085874611656e-02
3.277826319473419597e-02
3.272733630521702797e-02
3.267649004556450604e-02
3.262572427158560995e-02
3.257503883952534568e-02
3.252443360606166456e-02
3.247390842830256280e-02
3.242346316378305615e-02
3.237309767046230025e-02
3.232281180672065546e-02
3.227260543135685583e-02
3.222247840358511556e-02
3.217243058303238118e-02
3.212246182973550745e-02
3.207257200413850956e-02
3.202276096708983610e-02
3.197302857983967683e-02
3.192337470403728422e-02
3.187379920172832282e-02
3.182430193535223939e-02
3.177488276773972331e-02
3.172554156211005588e-02
3.167627818206861928e-02
3.162709249160438468e-02
3.157798435508737261e-02
3.152895363726626599e-02
3.148000020326588433e-02
3.143112391858480376e-02
3.138232464909296304e-02
3.133360226102929746e-02
3.128495662099936570e-02
3.123638759597306344e-02
3.118789505328228157e-02
3.113947886061864401e-02
3.109113888603126999e-02
3.104287499792451541e-02
3.099468706505577667e-02
3.094657495653328413e-02
3.089853854181394410e-02
3.085057769070119471e-02
3.080269227334287221e-02
3.075488216022910157e-02
3.070714722219022863e-02
3.065948733039473503e-02
3.061190235634720161e-02
3.056439217188628918e-02
3.051695664918273668e-02
3.046959566073734194e-02
3.042230907937905002e-02
3.037509677826296869e-02
3.032795863086843596e-02
3.028089451099714308e-02
3.023390429277120206e-02
3.018698785063132078e-02
3.014014505933489824e-02
3.009337579395422735e-02
3.004667992987464231e-02
3.000005734279274222e-02
2.995350790871460778e-02
2.990703150395401452e-02
2.986062800513069118e-02
2.981429728916858493e-02
2.976803923329414750e-02
2.972185371503463860e-02
2.967574061221643286e-02
2.962969980296335445e-02
2.958373116569502567e-02
2.953783457912520852e-02
2.949200992226023305e-02
2.944625707439733897e-02
2.940057591512312482e-02
2.935496632431193811e-02
2.930942818212433146e-02
2.926396136900552905e-02
2.921856576568385849e-02
2.917324125316927974e-02
2.912798771275184120e-02
2.908280502600020870e-02
2.903769307476019093e-02
2.899265174115327887e-02
2.894768090757519202e-02
2.890278045669444906e-02
2.885795027145093838e-02
2.881319023505451993e-02
2.876850023098363393e-02
2.872388014298390274e-02
2.867932985506678120e-02
2.863484925150817928e-02
2.859043821684714715e-02
2.854609663588450474e-02
2.850182439368155810e-02
2.845762137555877397e-02
2.841348746709448231e-02
2.836942255412360989e-02
2.832542652273639661e-02
2.828149925927713609e-02
2.823764065034292323e-02
2.819385058278243289e-02
2.815012894369466057e-02
2.810647562042776354e-02
2.806289050057779455e-02
2.801937347198754646e-02
2.797592442274537614e-02
2.793254324118399357e-02
2.788922981587934474e-02
2.784598403564943550e-02
2.780280578955319007e-02
2.775969496688934085e-02
2.771665145719528350e-02
2.767367515024600141e-02
2.763076593605291384e-02
2.758792370486283507e-02
2.754514834715686075e-02
2.750243975364933396e-02
2.745979781528672461e-02
2.741722242324664410e-02
2.737471346893674551e-02
2.733227084399372786e-02
2.728989444028229183e-02
2.724758414989413360e-02
2.720533986514692831e-02
2.716316147858334473e-02
2.712104888297003913e-02
2.707900197129669076e-02
2.703702063677502002e-02
2.699510477283782392e-02
2.695325427313802202e-02
2.691146903154771619e-02
2.686974894215723650e-02
2.682809389927422530e-02
2.678650379742270743e-02
2.674497853134216382e-02
2.670351799598664685e-02
2.666212208652386437e-02
2.662079069833428457e-02
2.657952372701026175e-02
2.653832106835515847e-02
2.649718261838247130e-02
2.645610827331497036e-02
2.641509792958383548e-02
2.637415148382783042e-02
2.633326883289242512e-02
2.629244987382901508e-02
2.625169450389404011e-02
2.621100262054818636e-02
2.617037412145559530e-02
2.612980890448301716e-02
2.608930686769903723e-02
2.604886790937327445e-02
2.600849192797559731e-02
2.596817882217534318e-02
2.592792849084053775e-02
2.588774083303713169e-02
2.584761574802825826e-02
2.580755313527343525e-02
2.576755289442786076e-02
2.572761492534164293e-02
2.568773912805906445e-02
2.564792540281786090e-02
2.560817365004850951e-02
2.556848377037346590e-02
2.552885566460649444e-02
2.548928923375193972e-02
2.544978437900402915e-02
2.541034100174616173e-02
2.537095900355025233e-02
2.533163828617600311e-02
2.529237875157025819e-02
2.525318030186629939e-02
2.521404283938320431e-02
2.517496626662516293e-02
2.513595048628082876e-02
2.509699540122264927e-02
2.505810091450624486e-02
2.501926692936972188e-02
2.498049334923307940e-02
2.494178007769756039e-02
2.490312701854498906e-02
2.486453407573720187e-02
2.482600115341538488e-02
2.478752815589947006e-02
2.474911498768753854e-02
2.471076155345520650e-02
2.467246775805500766e-02
2.463423350651583466e-02
2.459605870404229719e-02
2.455794325601417735e-02
2.451988706798581899e-02
2.448189004568557606e-02
2.444395209501519506e-02
2.440607312204929116e-02
2.436825303303476534e-02
2.433049173439021454e-02
2.429278913270540782e-02
2.425514513474074166e-02
2.421755964742662928e-02
2.418003257786304275e-02
2.414256383331888495e-02
2.410515332123151777e-02
2.406780094920618271e-02
2.403050662501549778e-02
2.399327025659891630e-02
2.395609175206223074e-02
2.391897101967699682e-02
2.388190796788008941e-02
2.384490250527313004e-02
2.380795454062201860e-02
2.377106398285641284e-02
2.373423074106922881e-02
2.369745472451613780e-02
2.366073584261509100e-02
2.362407400494580256e-02
2.358746912124929165e-02
2.355092110142736547e-02
2.351442985554217519e-02
2.347799529381570591e-02
2.344161732662932568e-02
2.340529586452329974e-02
2.336903081819633951e-02
2.333282209850510991e-02
2.329666961646381304e-02
2.326057328324367818e-02
2.322453301017253849e-02
2.318854870873439042e-02
2.315262029056890103e-02
2.311674766747100554e-02
2.308093075139043548e-02
2.304516945443130238e-02
2.300946368885163282e-02
2.297381336706295560e-02
2.293821840162987499e-02
2.290267870526960584e-02
2.286719419085159188e-02
2.283176477139705826e-02
2.279639036007858818e-02
2.276107087021972744e-02
2.272580621529453337e-02
2.269059630892720364e-02
2.265544106489163212e-02
2.262034039711102382e-02
2.258529421965747505e-02
2.255030244675157794e-02
2.251536499276203182e-02
2.248048177220521304e-02
2.244565269974482802e-02
2.241087769019147261e-02
2.237615665850227475e-02
2.234148951978049899e-02
2.230687618927515090e-02
2.227231658238061282e-02
2.223781061463624489e-02
2.220335820172601032e-02
2.216895925947812152e-02
2.213461370386463067e-02
2.210032145100108633e-02
2.206608241714615518e-02
2.203189651870124388e-02
2.199776367221015910e-02
2.196368379435872237e-02
2.192965680197441619e-02
2.189568261202604060e-02
2.186176114162331763e-02
2.182789230801659291e-02
2.179407602859642287e-02
2.176031222089328324e-02
2.172660080257717355e-02
2.169294169145729798e-02
2.165933480548170448e-02
2.162578006273695869e-02
2.159227738144780043e-02
2.155882667997678984e-02
2.152542787682397776e-02
2.149208089062659352e-02
2.145878564015867712e-02
2.142554204433077050e-02
2.139235002218958445e-02
2.135920949291766555e-02
2.132612037583307002e-02
2.129308259038905152e-02
2.126009605617372802e-02
2.122716069290977309e-02
2.119427642045407581e-02
2.116144315879744595e-02
2.112866082806429471e-02
2.109592934851230520e-02
2.106324864053213744e-02
2.103061862464711967e-02
2.099803922151291871e-02
2.096551035191725892e-02
2.093303193677960999e-02
2.090060389715086078e-02
2.086822615421304872e-02
2.083589862927904060e-02
2.080362124379223770e-02
2.077139391932628087e-02
2.073921657758475215e-02
2.070708914040087639e-02
2.067501152973723680e-02
2.064298366768547652e-02
2.061100547646600722e-02
2.057907687842772809e-02
2.054719779604773089e-02
2.051536815193102589e-02
2.048358786881023658e-02
2.045185686954533594e-02
2.042017507712335159e-02
2.038854241465809861e-02
2.035695880538989505e-02
2.032542417268527399e-02
2.029393844003671635e-02
2.026250153106238377e-02
2.023111336950582720e-02
2.019977387923573009e-02
2.016848298424563438e-02
2.013724060865365942e-02
2.010604667670224527e-02
2.007490111275788205e-02
2.004380384131083243e-02
2.001275478697490603e-02
1.998175387448713342e-02
1.995080102870755434e-02
1.991989617461894374e-02
1.988903923732654455e-02
1.985823014205780057e-02
1.982746881416212748e-02
1.979675517911062485e-02
1.976608916249584375e-02
1.973547069003151605e-02
1.970489968755232205e-02
1.967437608101360938e-02
1.964389979649116408e-02
1.961347076018096075e-02
1.958308889839890238e-02
1.955275413758057051e-02
1.952246640428099284e-02
1.949222562517439333e-02
1.946203172705393905e-02
1.943188463683150763e-02
1.940178428153743057e-02
1.937173058832027811e-02
1.934172348444658518e-02
1.931176289730063278e-02
1.928184875438421556e-02
1.925198098331637117e-02
1.922215951183318949e-02
1.919238426778754891e-02
1.916265517914888042e-02
1.913297217400293515e-02
1.910333518055158317e-02
1.907374412711253242e-02
1.904419894211912406e-02
1.901469955412011387e-02
1.898524589177941202e-02
1.895583788387588536e-02
1.892647545930311453e-02
1.889715854706916151e-02
1.886788707629637185e-02
1.883866097622111796e-02
1.880948017619359092e-02
1.878034460567758190e-02
1.875125419425024628e-02
1.872220887160189889e-02
1.869320856753578508e-02
1.866425321196785517e-02
1.863534273492655977e-02
1.860647706655262426e-02
1.857765613709883024e-02
1.854887987692980036e-02
1.852014821652180065e-02
1.849146108646249412e-02
1.846281841745073954e-02
1.843422014029640066e-02
1.840566618592009290e-02
1.837715648535302032e-02
1.834869096973671884e-02
1.832026957032287587e-02
1.829189221847311517e-02
1.826355884565877483e-02
1.823526938346072337e-02
1.820702376356913774e-02
1.817882191778328466e-02
1.815066377801135417e-02
1.812254927627020978e-02
1.809447834468522198e-02
1.806645091549003920e-02
1.803846692102640051e-02
1.801052629374392047e-02
1.798262896619990531e-02
1.795477487105913775e-02
1.792696394109367236e-02
1.789919610918267595e-02
1.787147130831216388e-02
1.784378947157486128e-02
1.781615053216997063e-02
1.778855442340299825e-02
1.776100107868553574e-02
1.773349043153509344e-02
1.770602241557486106e-02
1.767859696453357235e-02
1.765121401224525877e-02
1.762387349264909683e-02
1.759657533978918609e-02
1.756931948781437214e-02
1.754210587097806626e-02
1.751493442363802333e-02
1.748780508025618227e-02
1.746071777539847172e-02
1.743367244373461231e-02
1.740666902003793273e-02
1.737970743918517899e-02
1.735278763615634087e-02
1.732590954603446115e-02
1.729907310400542395e-02
1.727227824535781595e-02
1.724552490548270436e-02
1.721881301987347040e-02
1.719214252412562885e-02
1.716551335393663377e-02
1.713892544510570159e-02
1.711237873353363068e-02
1.708587315522262090e-02
1.705940864627609674e-02
1.703298514289850948e-02
1.700660258139518807e-02
1.698026089817213438e-02
1.695396002973584282e-02
1.692769991269315807e-02
1.690148048375105655e-02
1.687530167971649370e-02
1.684916343749621320e-02
1.682306569409658392e-02
1.679700838662341947e-02
1.677099145228180127e-02
1.674501482837591204e-02
1.671907845230884496e-02
1.669318226158245100e-02
1.666732619379716202e-02
1.664151018665180684e-02
1.661573417794343435e-02
1.658999810556717816e-02
1.656430190751604845e-02
1.653864552188077236e-02
1.651302888684963791e-02
1.648745194070829617e-02
1.646191462183962950e-02
1.643641686872354679e-02
1.641095861993684124e-02
1.638553981415301342e-02
1.636016039014209777e-02
1.633482028677051001e-02
1.630951944300086318e-02
1.628425779789182196e-02
1.625903529059791880e-02
1.623385186036940819e-02
1.620870744655207932e-02
1.618360198858710686e-02
1.615853542601089488e-02
1.613350769845488600e-02
1.610851874564543998e-02
1.608356850740362554e-02
1.605865692364508504e-02
1.603378393437988186e-02
1.600894947971231302e-02
1.598415349984076000e-02
1.595939593505753956e-02
1.593467672574871985e-02
1.590999581239400246e-02
1.588535313556650036e-02
1.586074863593264425e-02
1.583618225425198478e-02
1.581165393137704336e-02
1.578716360825315607e-02
1.576271122591832441e-02
1.573829672550304537e-02
1.571392004823016220e-02
1.568958113541470481e-02
1.566527992846374756e-02
1.564101636887622881e-02
1.561679039824282605e-02
1.559260195824577547e-02
1.556845099065873143e-02
1.554433743734661387e-02
1.552026124026544864e-02
1.549622234146221661e-02
1.547222068307470798e-02
1.544825620733135743e-02
1.542432885655110018e-02
1.540043857314322799e-02
1.537658529960721915e-02
1.535276897853259971e-02
1.532898955259879951e-02
1.530524696457498390e-02
1.528154115731992710e-02
1.525787207378183699e-02
1.523423965699823024e-02
1.521064385009576574e-02
1.518708459629010583e-02
1.516356183888577409e-02
1.514007552127598702e-02
1.511662558694252569e-02
1.509321197945558482e-02
1.506983464247362015e-02
1.504649351974320960e-02
1.502318855509890416e-02
1.499991969246307691e-02
1.497668687584578946e-02
1.495349004934463412e-02
1.493032915714460548e-02
1.490720414351793394e-02
1.488411495282396420e-02
1.486106152950899748e-02
1.483804381810615441e-02
1.481506176323522592e-02
1.479211530960254130e-02
1.476920440200081390e-02
1.474632898530900404e-02
1.472348900449218026e-02
1.470068440460137356e-02
1.467791513077344213e-02
1.465518112823091870e-02
1.463248234228188387e-02
1.460981871831981867e-02
1.458719020182346407e-02
1.456459673835668218e-02
1.454203827356832096e-02
1.451951475319207194e-02
1.449702612304632453e-02
1.447457232903404632e-02
1.445215331714262176e-02
1.442976903344373590e-02
1.440741942409321484e-02
1.438510443533091640e-02
1.436282401348055841e-02
1.434057810494961983e-02
1.431836665622916900e-02
1.429618961389375609e-02
1.427404692460125697e-02
1.425193853509275181e-02
1.422986439219237759e-02
1.420782444280720321e-02
1.418581863392709072e-02
1.416384691262456003e-02
1.414190922605465701e-02
1.412000552145482000e-02
1.409813574614473750e-02
1.407629984752623194e-02
1.405449777308310534e-02
1.403272947038103000e-02
1.401099488706739581e-02
1.398929397087118540e-02
1.396762666960285094e-02
1.394599293115416846e-02
1.392439270349810944e-02
1.390282593468871765e-02
1.388129257286097040e-02
1.385979256623065363e-02
1.383832586309422137e-02
1.381689241182868129e-02
1.379549216089145415e-02
1.377412505882023852e-02
1.375279105423290148e-02
1.373149009582732769e-02
1.371022213238130144e-02
1.368898711275238003e-02
1.366778498587775843e-02
1.364661570077414787e-02
1.362547920653764399e-02
1.360437545234359676e-02
1.358330438744649420e-02
1.356226596117981673e-02
1.354126012295592957e-02
1.352028682226594745e-02
1.349934600867960452e-02
1.347843763184513287e-02
1.345756164148914115e-02
1.343671798741647924e-02
1.341590661951011509e-02
1.339512748773101850e-02
1.337438054211802230e-02
1.335366573278771486e-02
1.333298300993429782e-02
1.331233232382946982e-02
1.329171362482230515e-02
1.327112686333913050e-02
1.325057198988339492e-02
1.323004895503555010e-02
1.320955770945292373e-02
1.318909820386961022e-02
1.316867038909633018e-02
1.314827421602031768e-02
1.312790963560520226e-02
1.310757659889087018e-02
1.308727505699336380e-02
1.306700496110474452e-02
1.304676626249298525e-02
1.302655891250183336e-02
1.300638286255070310e-02
1.298623806413454554e-02
1.296612446882373926e-02
1.294604202826396024e-02
1.292599069417606390e-02
1.290597041835597411e-02
1.288598115267455130e-02
1.286602284907747973e-02
1.284609545958515127e-02
1.282619893629253528e-02
1.280633323136907802e-02
1.278649829705856729e-02
1.276669408567902148e-02
1.274692054962257848e-02
1.272717764135536389e-02
1.270746531341738345e-02
1.268778351842240158e-02
1.266813220905782869e-02
1.264851133808459795e-02
1.262892085833705429e-02
1.260936072272283645e-02
1.258983088422276249e-02
1.257033129589070486e-02
1.255086191085348461e-02
1.253142268231076037e-02
1.251201356353489301e-02
1.249263450787084853e-02
1.247328546873607662e-02
1.245396639962039961e-02
1.243467725408588763e-02
1.241541798576676486e-02
1.239618854836926562e-02
1.237698889567154931e-02
1.235781898152357033e-02
1.233867875984696882e-02
1.231956818463495439e-02
1.230048720995220030e-02
1.228143578993472554e-02
1.226241387878977684e-02
1.224342143079573328e-02
1.222445840030196573e-02
1.220552474172876233e-02
1.218662040956717922e-02
1.216774535837895389e-02
1.214889954279638369e-02
1.213008291752221135e-02
1.211129543732952264e-02
1.209253705706163536e-02
1.207380773163197613e-02
1.205510741602398503e-02
1.203643606529099415e-02
1.201779363455612523e-02
1.199918007901217519e-02
1.198059535392150335e-02
1.196203941461593083e-02
1.194351221649662606e-02
1.192501371503399375e-02
1.190654386576756561e-02
1.188810262430589626e-02
1.186968994632645741e-02
1.185130578757551123e-02
1.183295010386802362e-02
1.181462285108755145e-02
1.179632398518611416e-02
1.177805346218412444e-02
1.175981123817024243e-02
1.174159726930128558e-02
1.172341151180213321e-02
1.170525392196558948e-02
1.168712445615230876e-02
1.166902307079066212e-02
1.165094972237665054e-02
1.163290436747379218e-02
1.161488696271301309e-02
1.159689746479253790e-02
1.157893583047779791e-02
1.156100201660131485e-02
1.154309598006259506e-02
1.152521767782802714e-02
1.150736706693078655e-02
1.148954410447070550e-02
1.147174874761419834e-02
1.145398095359413497e-02
1.143624067970974885e-02
1.141852788332652080e-02
1.140084252187609573e-02
1.138318455285615427e-02
1.136555393383032776e-02
1.134795062242808204e-02
1.133037457634462723e-02
1.131282575334080151e-02
1.129530411124297570e-02
1.127780960794295441e-02
1.126034220139786150e-02
1.124290184963004473e-02
1.122548851072698028e-02
1.120810214284115834e-02
1.119074270418998415e-02
1.117341015305568439e-02
1.115610444778519610e-02
1.113882554679007132e-02
1.112157340854637820e-02
1.110434799159458301e-02
1.108714925453947904e-02
1.106997715605005476e-02
1.105283165485941230e-02
1.103571270976466331e-02
1.101862027962683017e-02
1.100155432337073837e-02
1.098451479998492457e-02
1.096750166852153603e-02
1.095051488809622303e-02
1.093355441788805386e-02
1.091662021713940382e-02
1.089971224515585632e-02
1.088283046130611616e-02
1.086597482502189502e-02
1.084914529579782475e-02
1.083234183319135499e-02
1.081556439682264392e-02
1.079881294637448884e-02
1.078208744159219780e-02
1.076538784228350636e-02
1.074871410831848215e-02
1.073206619962942081e-02
1.071544407621075057e-02
1.069884769811893510e-02
1.068227702547238332e-02
1.066573201845134357e-02
1.064921263729780299e-02
1.063271884231541120e-02
1.061625059386936062e-02
1.059980785238631359e-02
1.058339057835427921e-02
1.056699873232254047e-02
1.055063227490154500e-02
1.053429116676282695e-02
1.051797536863888390e-02
1.050168484132310565e-02
1.048541954566967194e-02
1.046917944259345180e-02
1.045296449306991858e-02
1.043677465813504755e-02
1.042060989888522402e-02
1.040447017647714960e-02
1.038835545212774859e-02
1.037226568711407428e-02
1.035620084277321350e-02
1.034016088050219127e-02
1.032414576175788232e-02
1.030815544805691562e-02
1.029218990097558253e-02
1.027624908214973438e-02
1.026033295327470618e-02
1.024444147610521251e-02
1.022857461245525387e-02
1.021273232419802994e-02
1.019691457326584588e-02
1.018112132165001869e-02
1.016535253140078698e-02
1.014960816462721384e-02
1.013388818349710702e-02
1.011819255023691487e-02
1.010252122713163787e-02
1.008687417652474883e-02
1.007125136081808182e-02
1.005565274247175594e-02
1.004007828400408329e-02
1.002452794799147187e-02
1.000900169706834056e-02
9.993499493927023719e-03
9.978021301317687927e-03
9.962567082048234823e-03
9.947136798984221318e-03
9.931730415048752036e-03
9.916347893222409934e-03
9.900989196543153945e-03
9.885654288106232243e-03
9.870343131064097247e-03
9.855055688626308472e-03
9.839791924059450995e-03
9.824551800687046990e-03
9.809335281889460315e-03
9.794142331103813243e-03
9.778972911823896261e-03
9.763826987600084800e-03
9.748704522039238624e-03
9.733605478804625497e-03
9.718529821615834452e-03
9.703477514248680380e-03
9.688448520535117292e-03
9.673442804363156788e-03
9.658460329676777853e-03
9.643501060475838382e-03
9.628564960815990184e-03
9.613651994808587037e-03
9.598762126620606627e-03
9.583895320474562080e-03
9.569051540648408280e-03
9.554230751475462080e-03
9.539432917344315560e-03
9.524658002698745823e-03
9.509905972037640404e-03
9.495176789914894916e-03
9.480470420939340198e-03
9.465786829774655575e-03
9.451125981139275184e-03
9.436487839806311645e-03
9.421872370603467592e-03
9.407279538412952405e-03
9.392709308171392005e-03
9.378161644869757729e-03
9.363636513553258781e-03
9.349133879321286714e-03
9.334653707327302680e-03
9.320195962778776710e-03
9.305760610937087104e-03
9.291347617117449303e-03
9.276956946688820482e-03
9.262588565073828425e-03
9.248242437748676117e-03
9.233918530243065415e-03
9.219616808140117248e-03
9.205337237076274479e-03
9.191079782741232510e-03
9.176844410877857752e-03
9.162631087282090483e-03
9.148439777802880660e-03
9.134270448342087304e-03
9.120123064854407380e-03
9.105997593347301203e-03
9.091893999880888352e-03
9.077812250567883490e-03
9.063752311573511355e-03
9.049714149115421769e-03
9.035697729463608094e-03
9.021703018940329180e-03
9.007729983920029562e-03
8.993778590829249256e-03
8.979848806146554369e-03
8.965940596402448629e-03
8.952053928179295322e-03
8.938188768111234028e-03
8.924345082884107758e-03
8.910522839235374484e-03
8.896722003954030816e-03
8.882942543880528730e-03
8.869184425906700975e-03
8.855447616975677810e-03
8.841732084081803736e-03
8.828037794270571573e-03
8.814364714638523585e-03
8.800712812333187293e-03
8.787082054552990476e-03
8.773472408547186574e-03
8.759883841615761016e-03
8.746316321109375708e-03
8.732769814429270153e-03
8.719244289027197267e-03
8.705739712405329706e-03
8.692256052116202614e-03
8.678793275762611281e-03
8.665351350997553895e-03
8.651930245524139598e-03
8.638529927095519104e-03
8.625150363514799690e-03
8.611791522634975812e-03
8.598453372358849309e-03
8.585135880638942660e-03
8.571839015477438276e-03
8.558562744926086555e-03
8.545307037086138230e-03
8.532071860108262837e-03
8.518857182192474120e-03
8.505662971588055440e-03
8.492489196593474773e-03
8.479335825556322259e-03
8.466202826873216528e-03
8.453090168989745717e-03
8.439997820400384210e-03
8.426925749648409361e-03
8.413873925325840789e-03
8.400842316073351898e-03
8.387830890580202231e-03
8.374839617584154197e-03
8.361868465871407155e-03
8.348917404276517615e-03
8.335986401682326380e-03
8.323075427019875280e-03
8.310184449268342988e-03
8.297313437454966953e-03
8.284462360654963609e-03
8.271631187991464185e-03
8.258819888635426237e-03
8.246028431805583342e-03
8.233256786768335805e-03
8.220504922837705564e-03
8.207772809375258119e-03
8.195060415790015804e-03
8.182367711538393595e-03
8.169694666124121055e-03
8.157041249098185079e-03
8.144407430058727554e-03
8.131793178650995046e-03
8.119198464567255538e-03
8.106623257546735975e-03
8.094067527375533797e-03
8.081531243886556221e-03
8.069014376959445650e-03
8.056516896520501611e-03
8.044038772542614832e-03
8.031579975045187447e-03
8.019140474094074017e-03
8.006720239801494790e-03
7.994319242325973254e-03
7.981937451872263278e-03
7.969574838691265845e-03
7.957231373079978742e-03
7.944907025381406362e-03
7.932601765984498982e-03
7.920315565324074700e-03
7.908048393880755256e-03
7.895800222180886230e-03
7.883571020796472859e-03
7.871360760345112381e-03
7.859169411489914242e-03
7.846996944939428967e-03
7.834843331447592651e-03
7.822708541813638491e-03
7.810592546882040403e-03
7.798495317542428890e-03
7.786416824729537264e-03
7.774357039423117517e-03
7.762315932647879599e-03
7.750293475473416828e-03
7.738289639014139971e-03
7.726304394429203519e-03
7.714337712922439763e-03
7.702389565742287676e-03
7.690459924181726990e-03
7.678548759578201870e-03
7.666656043313560195e-03
7.654781746813980707e-03
7.642925841549902746e-03
7.631088299035961205e-03
7.619269090830917135e-03
7.607468188537585760e-03
7.595685563802772287e-03
7.583921188317205124e-03
7.572175033815462149e-03
7.560447072075905661e-03
7.548737274920614727e-03
7.537045614215317525e-03
7.525372061869324558e-03
7.513716589835456663e-03
7.502079170109985165e-03
7.490459774732552943e-03
7.478858375786123260e-03
7.467274945396896492e-03
7.455709455734253754e-03
7.444161879010685774e-03
7.432632187481725237e-03
7.421120353445886941e-03
7.409626349244587129e-03
7.398150147262094051e-03
7.386691719925448166e-03
7.375251039704401428e-03
7.363828079111351364e-03
7.352422810701272557e-03
7.341035207071656792e-03
7.329665240862435864e-03
7.318312884755927804e-03
7.306978111476761413e-03
7.295660893791819888e-03
7.284361204510164493e-03
7.273079016482981649e-03
7.261814302603507472e-03
7.250567035806966196e-03
7.239337189070505982e-03
7.228124735413133869e-03
7.216929647895648989e-03
7.205751899620579243e-03
7.194591463732117123e-03
7.183448313416053790e-03
7.172322421899714022e-03
7.161213762451893762e-03
7.150122308382795069e-03
7.139048033043963667e-03
7.127990909828221290e-03
7.116950912169604099e-03
7.105928013543297631e-03
7.094922187465572613e-03
7.083933407493726853e-03
7.072961647226010638e-03
7.062006880301574703e-03
7.051069080400400833e-03
7.040148221243237685e-03
7.029244276591542669e-03
7.018357220247413431e-03
7.007487026053525400e-03
6.996633667893075413e-03
6.985797119689710587e-03
6.974977355407470207e-03
6.964174349050723280e-03
6.953388074664102608e-03
6.942618506332447550e-03
6.931865618180735496e-03
6.921129384374027221e-03
6.910409779117394902e-03
6.899706776655870066e-03
6.889020351274375079e-03
6.878350477297666757e-03
6.867697129090266986e-03
6.857060281056410675e-03
6.846439907639973767e-03
6.835835983324421196e-03
6.825248482632739234e-03
6.814677380127378246e-03
6.804122650410187635e-03
6.793584268122360333e-03
6.783062207944363410e-03
6.772556444595886904e-03
6.762066952835778764e-03
6.751593707461976332e-03
6.741136683311462971e-03
6.730695855260191741e-03
6.720271198223035092e-03
6.709862687153715470e-03
6.699470297044754150e-03
6.689094002927406177e-03
6.678733779871602258e-03
6.668389602985884575e-03
6.658061447417353007e-03
6.647749288351604419e-03
6.637453101012666737e-03
6.627172860662946911e-03
6.616908542603169331e-03
6.606660122172311640e-03
6.596427574747553563e-03
6.586210875744210116e-03
6.576010000615679571e-03
6.565824924853377528e-03
6.555655623986684014e-03
6.545502073582880158e-03
6.535364249247090085e-03
6.525242126622226267e-03
6.515135681388927943e-03
6.505044889265499536e-03
6.494969726007859476e-03
6.484910167409477753e-03
6.474866189301313468e-03
6.464837767551767124e-03
6.454824878066614709e-03
6.444827496788950449e-03
6.434845599699132168e-03
6.424879162814719699e-03
6.414928162190423715e-03
6.404992573918038938e-03
6.395072374126392102e-03
6.385167538981289907e-03
6.375278044685447031e-03
6.365403867478445360e-03
6.355544983636664605e-03
6.345701369473230255e-03
6.335873001337960671e-03
6.326059855617301164e-03
6.316261908734271957e-03
6.306479137148416139e-03
6.296711517355733749e-03
6.286959025888632334e-03
6.277221639315867102e-03
6.267499334242487147e-03
6.257792087309776465e-03
6.248099875195199313e-03
6.238422674612346432e-03
6.228760462310871729e-03
6.219113215076446308e-03
6.209480909730696017e-03
6.199863523131145943e-03
6.190261032171167493e-03
6.180673413779922028e-03
6.171100644922303605e-03
6.161542702598886943e-03
6.151999563845868442e-03
6.142471205735013269e-03
6.132957605373600719e-03
6.123458739904366968e-03
6.113974586505453897e-03
6.104505122390347510e-03
6.095050324807830232e-03
6.085610171041924525e-03
6.076184638411833046e-03
6.066773704271893539e-03
6.057377346011514653e-03
6.047995541055129105e-03
6.038628266862134698e-03
6.029275500926842279e-03
6.019937220778421964e-03
6.010613403980845891e-03
6.001304028132842250e-03
5.992009070867829364e-03
5.982728509853873188e-03
5.973462322793627460e-03
5.964210487424282531e-03
5.954972981517509846e-03
5.945749782879411645e-03
5.936540869350461977e-03
5.927346218805460733e-03
5.918165809153476398e-03
5.908999618337790541e-03
5.899847624335852712e-03
5.890709805159218861e-03
5.881586138853501892e-03
5.872476603498323101e-03
5.863381177207250584e-03
5.854299838127754139e-03
5.845232564441149754e-03
5.836179334362550167e-03
5.827140126140806752e-03
5.818114918058460948e-03
5.809103688431693953e-03
5.800106415610268608e-03
5.791123077977485163e-03
5.782153653950122298e-03
5.773198121978387679e-03
5.764256460545871125e-03
5.755328648169482156e-03
5.746414663399410962e-03
5.737514484819066819e-03
5.728628091045028653e-03
5.719755460726999932e-03
5.710896572547750558e-03
5.702051405223067422e-03
5.693219937501704971e-03
5.684402148165332291e-03
5.675598016028481942e-03
5.666807519938500508e-03
5.658030638775497431e-03
5.649267351452294701e-03
5.640517636914372211e-03
5.631781474139822656e-03
5.623058842139299490e-03
5.614349719955964019e-03
5.605654086665435958e-03
5.596971921375746596e-03
5.588303203227285888e-03
5.579647911392748676e-03
5.571006025077092187e-03
5.562377523517478793e-03
5.553762385983231770e-03
5.545160591775784124e-03
5.536572120228626555e-03
5.527996950707259743e-03
5.519435062609141449e-03
5.510886435363642269e-03
5.502351048431995337e-03
5.493828881307242541e-03
5.485319913514188558e-03
5.476824124609354014e-03
5.468341494180917368e-03
5.459872001848676756e-03
5.451415627263997074e-03
5.442972350109757072e-03
5.434542150100304253e-03
5.426125006981407164e-03
5.417720900530203360e-03
5.409329810555156028e-03
5.400951716895995881e-03
5.392586599423683860e-03
5.384234438040358221e-03
5.375895212679283365e-03
5.367568903304802130e-03
5.359255489912295028e-03
5.350954952528121263e-03
5.342667271209581431e-03
5.334392426044858547e-03
5.326130397152982476e-03
5.317881164683771825e-03
5.309644708817788834e-03
5.301421009766296016e-03
5.293210047771202374e-03
5.285011803105024372e-03
5.276826256070827822e-03
5.268653387002190588e-03
5.260493176263146206e-03
5.252345604248144853e-03
5.244210651382003041e-03
5.236088298119852442e-03
5.227978524947100858e-03
5.219881312379379308e-03
5.211796640962496063e-03
5.203724491272392408e-03
5.195664843915094068e-03
5.187617679526663507e-03
5.179582978773160026e-03
5.171560722350582520e-03
5.163550890984830444e-03
5.155553465431656109e-03
5.147568426476618712e-03
5.139595754935039236e-03
5.131635431651947535e-03
5.123687437502046776e-03
5.115751753389658797e-03
5.107828360248684203e-03
5.099917239042552064e-03
5.092018370764176544e-03
5.084131736435910064e-03
5.076257317109500802e-03
5.068395093866042388e-03
5.060545047815932264e-03
5.052707160098823987e-03
5.044881411883584722e-03
5.037067784368244074e-03
5.029266258779956783e-03
5.021476816374953293e-03
5.013699438438491175e-03
5.005934106284819565e-03
4.998180801257127125e-03
4.990439504727494334e-03
4.982710198096861401e-03
4.974992862794969280e-03
4.967287480280324109e-03
4.959594032040149508e-03
4.951912499590338870e-03
4.944242864475421537e-03
4.936585108268504683e-03
4.928939212571241228e-03
4.921305159013774320e-03
4.913682929254704380e-03
4.906072504981037058e-03
4.898473867908141599e-03
4.890886999779708345e-03
4.883311882367703631e-03
4.875748497472324680e-03
4.868196826921958840e-03
4.860656852573138481e-03
4.853128556310495022e-03
4.845611920046719034e-03
4.838106925722516875e-03
4.830613555306563847e-03
4.823131790795462566e-03
4.815661614213701328e-03
4.808203007613609872e-03
4.800755953075314282e-03
4.793320432706697949e-03
4.785896428643351269e-03
4.778483923048540416e-03
4.771082898113152698e-03
4.763693336055660130e-03
4.756315219122077796e-03
4.748948529585914416e-03
4.741593249748138512e-03
4.734249361937127240e-03
4.726916848508632557e-03
4.719595691845730918e-03
4.712285874358785979e-03
4.704987378485406095e-03
4.697700186690397482e-03
4.690424281465728658e-03
4.683159645330482734e-03
4.675906260830820990e-03
4.668664110539934298e-03
4.661433177058008429e-03
4.654213443012173747e-03
4.647004891056473116e-03
4.639807503871813329e-03
4.632621264165926074e-03
4.625446154673324567e-03
4.618282158155262787e-03
4.611129257399698179e-03
4.603987435221243950e-03
4.596856674461134371e-03
4.589736957987172739e-03
4.582628268693702753e-03
4.575530589501559942e-03
4.568443903358034366e-03
4.561368193236826386e-03
4.554303442138006759e-03
4.547249633087978478e-03
4.540206749139430800e-03
4.533174773371302820e-03
4.526153688888744434e-03
4.519143478823067772e-03
4.512144126331715105e-03
4.505155614598213738e-03
4.498177926832136984e-03
4.491211046269065130e-03
4.484254956170540332e-03
4.477309639824033662e-03
4.470375080542899129e-03
4.463451261666335525e-03
4.456538166559347383e-03
4.449635778612700751e-03
4.442744081242891094e-03
4.435863057892098192e-03
4.428992692028144509e-03
4.422132967144458762e-03
4.415283866760037756e-03
4.408445374419402152e-03
4.401617473692560900e-03
4.394800148174968744e-03
4.387993381487488923e-03
4.381197157276355003e-03
4.374411459213126650e-03
4.367636270994655796e-03
4.360871576343045009e-03
4.354117359005606723e-03
4.347373602754826816e-03
4.340640291388328173e-03
4.333917408728821252e-03
4.327204938624080663e-03
4.320502864946891390e-03
4.313811171595020172e-03
4.307129842491172131e-03
4.300458861582956080e-03
4.293798212842838552e-03
4.287147880268112575e-03
4.280507847880857773e-03
4.273878099727898734e-03
4.267258619880769446e-03
4.260649392435676003e-03
4.254050401513454101e-03
4.247461631259533479e-03
4.240883065843903225e-03
4.234314689461067538e-03
4.227756486330013636e-03
4.221208440694164052e-03
4.214670536821354084e-03
4.208142759003779751e-03
4.201625091557969170e-03
4.195117518824738323e-03
4.188620025169158094e-03
4.182132594980516108e-03
4.175655212672276829e-03
4.169187862682046004e-03
4.162730529471532492e-03
4.156283197526514442e-03
4.149845851356794187e-03
4.143418475496167888e-03
4.137001054502385637e-03
4.130593572957117626e-03
4.124196015465909047e-03
4.117808366658154071e-03
4.111430611187049007e-03
4.105062733729563686e-03
4.098704718986396350e-03
4.092356551681943302e-03
4.086018216564262472e-03
4.079689698405029180e-03
4.073370981999510122e-03
4.067062052166518261e-03
4.060762893748379870e-03
4.054473491610899837e-03
4.048193830643320897e-03
4.041923895758290676e-03
4.035663671891825260e-03
4.029413144003271899e-03
4.023172297075270840e-03
4.016941116113726708e-03
4.010719586147761667e-03
4.004507692229689400e-03
3.998305419434972606e-03
3.992112752862191777e-03
3.985929677633005298e-03
3.979756178892113888e-03
3.973592241807231105e-03
3.967437851569039983e-03
3.961292993391160935e-03
3.955157652510116195e-03
3.949031814185293386e-03
3.942915463698915164e-03
3.936808586355990645e-03
3.930711167484298926e-03
3.924623192434336175e-03
3.918544646579291343e-03
3.912475515315008007e-03
3.906415784059949665e-03
3.900365438255161150e-03
3.894324463364238695e-03
3.888292844873292211e-03
3.882270568290912757e-03
3.876257619148133944e-03
3.870253982998400274e-03
3.864259645417530715e-03
3.858274592003686169e-03
3.852298808377332181e-03
3.846332280181205977e-03
3.840374993080283069e-03
3.834426932761739095e-03
3.828488084934919891e-03
3.822558435331302896e-03
3.816637969704467226e-03
3.810726673830055079e-03
3.804824533505742241e-03
3.798931534551199495e-03
3.793047662808060952e-03
3.787172904139888933e-03
3.781307244432142306e-03
3.775450669592139621e-03
3.769603165549026587e-03
3.763764718253742678e-03
3.757935313678986873e-03
3.752114937819183826e-03
3.746303576690450041e-03
3.740501216330561346e-03
3.734707842798917765e-03
3.728923442176511425e-03
3.723148000565893161e-03
3.717381504091136959e-03
3.711623938897810459e-03
3.705875291152936363e-03
3.700135547044965112e-03
3.694404692783737152e-03
3.688682714600453015e-03
3.682969598747636453e-03
3.677265331499105817e-03
3.671569899149936759e-03
3.665883288016434042e-03
3.660205484436092945e-03
3.654536474767572807e-03
3.648876245390659297e-03
3.643224782706233188e-03
3.637582073136239134e-03
3.631948103123650972e-03
3.626322859132439635e-03
3.620706327647541922e-03
3.615098495174826239e-03
3.609499348241062677e-03
3.603908873393885711e-03
3.598327057201768618e-03
3.592753886253986177e-03
3.587189347160584310e-03
3.581633426552348429e-03
3.576086111080768303e-03
3.570547387418009869e-03
3.565017242256881408e-03
3.559495662310802749e-03
3.553982634313769713e-03
3.548478145020326352e-03
3.542982181205531992e-03
3.537494729664928707e-03
3.532015777214509225e-03
3.526545310690686573e-03
3.521083316950262849e-03
3.515629782870394963e-03
3.510184695348565580e-03
3.504748041302551027e-03
3.499319807670389637e-03
3.493899981410350519e-03
3.488488549500901471e-03
3.483085498940679484e-03
3.477690816748456922e-03
3.472304489963113326e-03
3.466926505643601591e-03
3.461556850868918473e-03
3.456195512738072934e-03
3.450842478370056213e-03
3.445497734903808437e-03
3.440161269498190431e-03
3.434833069331951188e-03
3.429513121603697950e-03
3.424201413531863247e-03
3.418897932354679741e-03
3.413602665330142932e-03
3.408315599735983401e-03
3.403036722869637754e-03
3.397766022048215664e-03
3.392503484608471245e-03
3.387249097906770093e-03
3.382002849319061966e-03
3.376764726240849990e-03
3.371534716087156835e-03
3.366312806292498690e-03
3.361098984310853608e-03
3.355893237615629847e-03
3.350695553699639413e-03
3.345505920075063366e-03
3.340324324273426237e-03
3.335150753845562196e-03
3.329985196361589031e-03
3.324827639410874325e-03
3.319678070602008133e-03
3.314536477562773486e-03
3.309402847940115175e-03
3.304277169400109820e-03
3.299159429627938119e-03
3.294049616327854920e-03
3.288947717223158432e-03
3.283853720056159869e-03
3.278767612588157424e-03
3.273689382599403314e-03
3.268619017889077324e-03
3.263556506275255582e-03
3.258501835594882368e-03
3.253454993703739327e-03
3.248415968476418576e-03
3.243384747806291046e-03
3.238361319605480033e-03
3.233345671804830398e-03
3.228337792353879517e-03
3.223337669220828657e-03
3.218345290392515649e-03
3.213360643874382371e-03
3.208383717690450887e-03
3.203414499883289624e-03
3.198452978513987351e-03
3.193499141662125857e-03
3.188552976435455807e-03
3.183614471943816467e-03
3.178683616322083502e-03
3.173760399203009487e-03
3.168844806780999300e-03
3.163936827740684594e-03
3.159036450290224861e-03
3.154143662656101743e-03
3.149258453083033163e-03
3.144380809833945134e-03
3.139510721189941404e-03
3.134648175449143356e-03
3.129793160930315586e-03
3.124945665968802740e-03
3.120105678918016177e-03
3.115273188149533280e-03
3.110448182052939162e-03
3.105630649035801948e-03
3.100820577523646319e-03
3.096017955959921419e-03
3.091222772805976137e-03
3.086435016541031785e-03
3.081654675662151305e-03
3.076881738684216720e-03
3.072116194139895302e-03
3.067358030579617027e-03
3.062607236571545082e-03
3.057863800701548108e-03
3.053127711573172445e-03
3.048398957807617413e-03
3.043677528043704523e-03
3.038963410937854052e-03
3.034256595164052089e-03
3.029557069413828848e-03
3.024864822396228312e-03
3.020179842837783513e-03
3.015502119482486604e-03
3.010831641091764148e-03
3.006168396444450219e-03
3.001512374336756054e-03
2.996863563582247928e-03
2.992221953011817235e-03
2.987587531473652729e-03
2.982960287833218409e-03
2.978340210973220558e-03
2.973727289793586491e-03
2.969121513211434634e-03
2.964522870161048502e-03
2.959931349593851544e-03
2.955346940478377656e-03
2.950769631800249492e-03
2.946199412562145511e-03
2.941636271783780020e-03
2.937080198501871957e-03
2.932531181770121897e-03
2.927989210659182572e-03
2.923454274256635441e-03
2.918926361666964245e-03
2.914405462011526379e-03
2.909891564428528608e-03
2.905384658073001478e-03
2.900884732116771562e-03
2.896391775748437172e-03
2.891905778173341039e-03
2.887426728613545161e-03
2.882954616307803909e-03
2.878489430511540614e-03
2.874031160496818508e-03
2.869579795552317306e-03
2.865135324983306316e-03
2.860697738111618853e-03
2.856267024275627522e-03
2.851843172830217325e-03
2.847426173146760942e-03
2.843016014613092279e-03
2.838612686633483050e-03
2.834216178628614583e-03
2.829826480035554405e-03
2.825443580307728918e-03
2.821067468914901285e-03
2.816698135343142801e-03
2.812335569094809046e-03
2.807979759688515597e-03
2.803630696659110272e-03
2.799288369557650577e-03
2.794952767951377690e-03
2.790623881423690868e-03
2.786301699574122298e-03
2.781986212018314111e-03
2.777677408387991490e-03
2.773375278330936656e-03
2.769079811510968044e-03
2.764790997607911253e-03
2.760508826317576488e-03
2.756233287351733414e-03
2.751964370438087296e-03
2.747702065320250815e-03
2.743446361757725417e-03
2.739197249525870091e-03
2.734954718415881416e-03
2.730718758234767975e-03
2.726489358805324770e-03
2.722266509966110234e-03
2.718050201571420212e-03
2.713840423491264541e-03
2.709637165611343632e-03
2.705440417833022016e-03
2.701250170073305357e-03
2.697066412264817036e-03
2.692889134355771694e-03
2.688718326309953981e-03
2.684553978106690806e-03
2.680396079740831380e-03
2.676244621222720332e-03
2.672099592578173859e-03
2.667960983848457167e-03
2.663828785090259759e-03
2.659702986375671579e-03
2.655583577792158725e-03
2.651470549442539598e-03
2.647363891444963653e-03
2.643263593932883206e-03
2.639169647055033055e-03
2.635082040975406624e-03
2.631000765873229945e-03
2.626925811942940839e-03
2.622857169394165067e-03
2.618794828451689437e-03
2.614738779355443594e-03
2.610689012360471392e-03
2.606645517736910951e-03
2.602608285769971233e-03
2.598577306759906023e-03
2.594552571021992680e-03
2.590534068886509150e-03
2.586521790698710545e-03
2.582515726818803131e-03
2.578515867621926101e-03
2.574522203498123829e-03
2.570534724852325918e-03
2.566553422104323780e-03
2.562578285688745915e-03
2.558609306055034931e-03
2.554646473667427156e-03
2.550689779004927053e-03
2.546739212561286835e-03
2.542794764844980016e-03
2.538856426379183188e-03
2.534924187701749140e-03
2.530998039365186473e-03
2.527077971936637045e-03
2.523163975997850389e-03
2.519256042145165929e-03
2.515354160989486092e-03
2.511458323156254627e-03
2.507568519285437083e-03
2.503684740031493928e-03
2.499806976063361462e-03
2.495935218064427967e-03
2.492069456732510721e-03
2.488209682779836049e-03
2.484355886933013735e-03
2.480508059933017075e-03
2.476666192535159888e-03
2.472830275509074402e-03
2.469000299638689135e-03
2.465176255722206344e-03
2.461358134572080771e-03
2.457545927014996665e-03
2.453739623891846092e-03
2.449939216057707252e-03
2.446144694381821496e-03
2.442356049747573376e-03
2.438573273052466791e-03
2.434796355208103738e-03
2.431025287140162194e-03
2.427260059788374433e-03
2.423500664106507073e-03
2.419747091062336361e-03
2.415999331637627787e-03
2.412257376828115269e-03
2.408521217643479033e-03
2.404790845107321762e-03
2.401066250257151251e-03
2.397347424144355248e-03
2.393634357834181943e-03
2.389927042405717850e-03
2.386225468951865686e-03
2.382529628579324425e-03
2.378839512408567614e-03
2.375155111573819949e-03
2.371476417223039503e-03
2.367803420517892131e-03
2.364136112633736294e-03
2.360474484759595305e-03
2.356818528098140412e-03
2.353168233865668250e-03
2.349523593292079590e-03
2.345884597620858086e-03
2.342251238109050327e-03
2.338623506027244590e-03
2.335001392659549150e-03
2.331384889303570167e-03
2.327773987270393904e-03
2.324168677884565475e-03
2.320568952484064126e-03
2.316974802420285456e-03
2.313386219058021030e-03
2.309803193775437132e-03
2.306225717964052648e-03
2.302653783028720848e-03
2.299087380387605534e-03
2.295526501472163697e-03
2.291971137727122961e-03
2.288421280610462936e-03
2.284876921593389631e-03
2.281338052160322444e-03
2.277804663808869010e-03
2.274276748049803946e-03
2.270754296407051509e-03
2.267237300417664775e-03
2.263725751631802657e-03
2.260219641612711688e-03
2.256718961936706944e-03
2.253223704193149050e-03
2.249733859984424239e-03
2.246249420925927869e-03
2.242770378646039269e-03
2.239296724786104826e-03
2.235828451000416734e-03
2.232365548956192613e-03
2.228908010333558593e-03
2.225455826825523727e-03
2.222008990137964816e-03
2.218567491989604287e-03
2.215131324111990676e-03
2.211700478249479553e-03
2.208274946159212698e-03
2.204854719611098156e-03
2.201439790387791154e-03
2.198030150284674585e-03
2.194625791109838190e-03
2.191226704684060347e-03
2.187832882840786818e-03
2.184444317426112100e-03
2.181061000298760346e-03
2.177682923330063244e-03
2.174310078403944840e-03
2.170942457416897686e-03
2.167580052277965925e-03
2.164222854908724909e-03
2.160870857243263419e-03
2.157524051228159809e-03
2.154182428822468999e-03
2.150845981997698188e-03
2.147514702737789941e-03
2.144188583039101804e-03
2.140867614910387223e-03
2.137551790372778197e-03
2.134241101459762296e-03
2.130935540217167908e-03
2.127635098703142130e-03
2.124339768988132982e-03
2.121049543154869023e-03
2.117764413298342009e-03
2.114484371525786940e-03
2.111209409956663410e-03
2.107939520722636965e-03
2.104674695967558712e-03
2.101414927847448412e-03
2.098160208530474961e-03
2.094910530196936876e-03
2.091665885039243212e-03
2.088426265261896647e-03
2.085191663081474838e-03
2.081962070726608733e-03
2.078737480437966526e-03
2.075517884468233709e-03
2.072303275082095723e-03
2.069093644556217575e-03
2.065888985179226492e-03
2.062689289251695441e-03
2.059494549086118842e-03
2.056304757006901292e-03
2.053119905350333282e-03
2.049939986464575144e-03
2.046764992709639280e-03
2.043594916457371069e-03
2.040429750091429795e-03
2.037269486007272160e-03
2.034114116612132338e-03
2.030963634325004628e-03
2.027818031576623502e-03
2.024677300809449732e-03
2.021541434477646965e-03
2.018410425047066116e-03
2.015284264995229752e-03
2.012162946811307807e-03
2.009046462996105439e-03
2.005934806062043083e-03
2.002827968533136063e-03
1.999725942944980284e-03
1.996628721844732283e-03
1.993536297791091445e-03
1.990448663354282659e-03
1.987365811116038970e-03
1.984287733669580760e-03
1.981214423619603177e-03
1.978145873582253141e-03
1.975082076185115040e-03
1.972023024067190780e-03
1.968968709878884168e-03
1.965919126281982267e-03
1.962874265949636314e-03
1.959834121566346541e-03
1.956798685827944827e-03
1.953767951441573014e-03
1.950741911125671415e-03
1.947720557609955829e-03
1.944703883635403446e-03
1.941691881954234634e-03
1.938684545329894503e-03
1.935681866537036864e-03
1.932683838361506229e-03
1.929690453600320463e-03
1.926701705061653006e-03
1.923717585564817473e-03
1.920738087940247925e-03
1.917763205029483905e-03
1.914792929685151142e-03
1.911827254770945717e-03
1.908866173161616938e-03
1.905909677742948904e-03
1.902957761411745328e-03
1.900010417075812192e-03
1.897067637653938009e-03
1.894129416075879951e-03
1.891195745282345415e-03
1.888266618224975976e-03
1.885342027866329173e-03
1.882421967179862899e-03
1.879506429149917614e-03
1.876595406771699439e-03
1.873688893051264756e-03
1.870786881005501341e-03
1.867889363662112974e-03
1.864996334059601871e-03
1.862107785247252636e-03
1.859223710285115355e-03
1.856344102243989106e-03
1.853468954205405054e-03
1.850598259261609316e-03
1.847732010515547351e-03
1.844870201080846608e-03
1.842012824081800922e-03
1.839159872653352290e-03
1.836311339941077434e-03
1.833467219101166980e-03
1.830627503300412450e-03
1.827792185716189130e-03
1.824961259536438509e-03
1.822134717959653961e-03
1.819312554194861889e-03
1.816494761461607838e-03
1.813681332989937854e-03
1.810872262020385036e-03
1.808067541803950237e-03
1.805267165602088188e-03
1.802471126686689936e-03
1.799679418340067224e-03
1.796892033854936887e-03
1.794108966534403065e-03
1.791330209691943546e-03
1.788555756651391115e-03
1.785785600746919678e-03
1.783019735323026480e-03
1.780258153734518012e-03
1.777500849346491576e-03
1.774747815534322495e-03
1.771999045683645465e-03
1.769254533190339589e-03
1.766514271460512334e-03
1.763778253910485219e-03
1.761046473966775168e-03
1.758318925066081496e-03
1.755595600655268131e-03
1.752876494191348651e-03
1.750161599141470672e-03
1.747450908982900670e-03
1.744744417203007063e-03
1.742042117299244823e-03
1.739344002779141373e-03
1.736650067160278813e-03
1.733960303970279605e-03
1.731274706746790959e-03
1.728593269037468792e-03
1.725915984399962978e-03
1.723242846401901304e-03
1.720573848620874074e-03
1.717908984644418713e-03
1.715248248070004372e-03
1.712591632505017182e-03
1.709939131566743558e-03
1.707290738882355670e-03
1.704646448088897349e-03
1.702006252833265440e-03
1.699370146772197871e-03
1.696738123572257180e-03
1.694110176909814462e-03
1.691486300471035714e-03
1.688866487951866001e-03
1.686250733058013412e-03
1.683639029504936267e-03
1.681031371017824684e-03
1.678427751331589522e-03
1.675828164190843080e-03
1.673232603349887387e-03
1.670641062572697511e-03
1.668053535632907456e-03
1.665470016313793473e-03
1.662890498408262779e-03
1.660314975718833828e-03
1.657743442057624814e-03
1.655175891246338498e-03
1.652612317116245507e-03
1.650052713508171976e-03
1.647497074272482199e-03
1.644945393269066705e-03
1.642397664367324477e-03
1.639853881446151239e-03
1.637314038393921679e-03
1.634778129108477090e-03
1.632246147497109969e-03
1.629718087476549060e-03
1.627193942972945690e-03
1.624673707921857292e-03
1.622157376268235258e-03
1.619644941966408682e-03
1.617136398980069606e-03
1.614631741282260670e-03
1.612130962855357974e-03
1.609634057691058506e-03
1.607141019790364958e-03
1.604651843163571205e-03
1.602166521830248637e-03
1.599685049819230334e-03
1.597207421168598705e-03
1.594733629925669223e-03
1.592263670146977853e-03
1.589797535898264998e-03
1.587335221254462716e-03
1.584876720299680398e-03
1.582422027127189162e-03
1.579971135839408842e-03
1.577524040547894323e-03
1.575080735373319716e-03
1.572641214445465565e-03
1.570205471903204095e-03
1.567773501894485994e-03
1.565345298576325227e-03
1.562920856114785812e-03
1.560500168684967725e-03
1.558083230470991504e-03
1.555670035665986323e-03
1.553260578472075680e-03
1.550854853100361785e-03
1.548452853770913200e-03
1.546054574712751395e-03
1.543660010163835136e-03
1.541269154371047905e-03
1.538882001590183377e-03
1.536498546085932840e-03
1.534118782131869583e-03
1.531742704010436752e-03
1.529370306012933041e-03
1.527001582439498377e-03
1.524636527599100913e-03
1.522275135809523583e-03
1.519917401397349790e-03
1.517563318697949960e-03
1.515212882055468101e-03
1.512866085822808359e-03
1.510522924361620703e-03
1.508183392042288786e-03
1.505847483243914764e-03
1.503515192354306718e-03
1.501186513769965430e-03
1.498861441896069853e-03
1.496539971146464967e-03
1.494222095943647253e-03
1.491907810718751679e-03
1.489597109911539128e-03
1.487289987970381649e-03
1.484986439352249882e-03
1.482686458522699830e-03
1.480390039955858982e-03
1.478097178134413952e-03
1.475807867549596385e-03
1.473522102701169947e-03
1.471239878097417748e-03
1.468961188255127380e-03
1.466686027699580508e-03
1.464414390964537257e-03
1.462146272592223855e-03
1.459881667133320054e-03
1.457620569146945901e-03
1.455362973200647215e-03
1.453108873870385389e-03
1.450858265740521133e-03
1.448611143403804712e-03
1.446367501461359468e-03
1.444127334522671627e-03
1.441890637205576206e-03
1.439657404136244004e-03
1.437427629949169670e-03
1.435201309287156965e-03
1.432978436801308130e-03
1.430759007151008932e-03
1.428543015003917597e-03
1.426330455035950719e-03
1.424121321931270685e-03
1.421915610382273962e-03
1.419713315089577224e-03
1.417514430762004552e-03
1.415318952116575730e-03
1.413126873878492581e-03
1.410938190781126610e-03
1.408752897566006640e-03
1.406570988982805805e-03
1.404392459789328973e-03
1.402217304751500384e-03
1.400045518643351075e-03
1.397877096247005652e-03
1.395712032352671014e-03
1.393550321758622694e-03
1.391391959271192497e-03
1.389236939704756790e-03
1.387085257881723278e-03
1.384936908632519292e-03
1.382791886795578561e-03
1.380650187217328422e-03
1.378511804752179624e-03
1.376376734262511371e-03
1.374244970618660692e-03
1.372116508698909866e-03
1.369991343389473197e-03
1.367869469584485085e-03
1.365750882185988750e-03
1.363635576103923008e-03
1.361523546256110124e-03
1.359414787568243889e-03
1.357309294973877258e-03
1.355207063414409774e-03
1.353108087839076943e-03
1.351012363204935922e-03
1.348919884476855544e-03
1.346830646627501793e-03
1.344744644637328040e-03
1.342661873494562039e-03
1.340582328195193346e-03
1.338506003742962911e-03
1.336432895149348987e-03
1.334362997433556500e-03
1.332296305622504258e-03
1.330232814750814327e-03
1.328172519860799233e-03
1.326115416002449175e-03
1.324061498233421825e-03
1.322010761619029544e-03
1.319963201232227882e-03
1.317918812153602353e-03
1.315877589471359330e-03
1.313839528281311514e-03
1.311804623686867741e-03
1.309772870799021495e-03
1.307744264736337243e-03
1.305718800624940459e-03
1.303696473598505269e-03
1.301677278798243605e-03
1.299661211372891544e-03
1.297648266478699988e-03
1.295638439279420996e-03
1.293631724946298035e-03
1.291628118658053395e-03
1.289627615600875835e-03
1.287630210968410604e-03
1.285635899961746868e-03
1.283644677789406215e-03
1.281656539667332031e-03
1.279671480818876921e-03
1.277689496474791655e-03
1.275710581873214103e-03
1.273734732259657098e-03
1.271761942886996937e-03
1.269792209015462980e-03
1.267825525912625716e-03
1.265861888853385062e-03
1.263901293119959078e-03
1.261943734001873133e-03
1.259989206795948408e-03
1.258037706806289756e-03
1.256089229344276373e-03
1.254143769728548142e-03
1.252201323284995874e-03
1.250261885346750463e-03
1.248325451254169447e-03
1.246392016354828762e-03
1.244461576003509304e-03
1.242534125562187383e-03
1.240609660400021500e-03
1.238688175893343886e-03
1.236769667425647711e-03
1.234854130387575159e-03
1.232941560176908750e-03
1.231031952198558552e-03
1.229125301864551767e-03
1.227221604594020809e-03
1.225320855813194845e-03
1.223423050955385052e-03
1.221528185460976591e-03
1.219636254777416249e-03
1.217747254359202464e-03
1.215861179667873182e-03
1.213978026171996316e-03
1.212097789347157386e-03
1.210220464675950194e-03
1.208346047647964466e-03
1.206474533759776526e-03
1.204605918514937155e-03
1.202740197423961613e-03
1.200877366004317933e-03
1.199017419780418030e-03
1.197160354283604688e-03
1.195306165052142239e-03
1.193454847631205068e-03
1.191606397572868075e-03
1.189760810436094746e-03
1.187918081786726743e-03
1.186078207197473504e-03
1.184241182247901605e-03
1.182407002524424582e-03
1.180575663620290995e-03
1.178747161135575540e-03
1.176921490677167127e-03
1.175098647858758682e-03
1.173278628300836743e-03
1.171461427630672136e-03
1.169647041482306310e-03
1.167835465496544186e-03
1.166026695320941794e-03
1.164220726609796301e-03
1.162417555024136033e-03
1.160617176231708986e-03
1.158819585906973497e-03
1.157024779731087192e-03
1.155232753391897222e-03
1.153443502583928774e-03
1.151657023008376178e-03
1.149873310373091201e-03
1.148092360392573936e-03
1.146314168787961746e-03
1.144538731287019070e-03
1.142766043624127885e-03
1.140996101540275561e-03
1.139228900783047053e-03
1.137464437106613414e-03
1.135702706271721381e-03
1.133943704045683835e-03
1.132187426202369181e-03
1.130433868522191364e-03
1.128683026792099689e-03
1.126934896805568834e-03
1.125189474362588669e-03
1.123446755269654060e-03
1.121706735339754240e-03
1.119969410392365012e-03
1.118234776253435730e-03
1.116502828755380414e-03
1.114773563737069071e-03
1.113046977043815559e-03
1.111323064527369340e-03
1.109601822045904211e-03
1.107883245464009406e-03
1.106167330652678762e-03
1.104454073489301389e-03
1.102743469857651480e-03
1.101035515647878771e-03
1.099330206756498566e-03
1.097627539086381112e-03
1.095927508546742707e-03
1.094230111053135944e-03
1.092535342527438868e-03
1.090843198897845654e-03
1.089153676098858145e-03
1.087466770071273932e-03
1.085782476762177677e-03
1.084100792124931571e-03
1.082421712119165146e-03
1.080745232710766165e-03
1.079071349871869780e-03
1.077400059580850078e-03
1.075731357822309886e-03
1.074065240587071448e-03
1.072401703872165801e-03
1.070740743680824317e-03
1.069082356022468512e-03
1.067426536912701156e-03
1.065773282373294996e-03
1.064122588432185601e-03
1.062474451123460086e-03
1.060828866487347139e-03
1.059185830570210296e-03
1.057545339424534932e-03
1.055907389108921108e-03
1.054271975688073158e-03
1.052639095232790582e-03
1.051008743819959379e-03
1.049380917532540328e-03
1.047755612459561622e-03
1.046132824696109328e-03
1.044512550343316753e-03
1.042894785508356216e-03
1.041279526304429498e-03
1.039666768850758087e-03
1.038056509272574290e-03
1.036448743701111255e-03
1.034843468273595165e-03
1.033240679133233531e-03
1.031640372429208901e-03
1.030042544316666937e-03
1.028447190956709037e-03
1.026854308516381717e-03
1.025263893168668582e-03
1.023675941092479919e-03
1.022090448472645109e-03
1.020507411499902003e-03
1.018926826370888461e-03
1.017348689288133032e-03
1.015772996460045626e-03
1.014199744100909495e-03
1.012628928430870170e-03
1.011060545675928528e-03
1.009494592067929726e-03
1.007931063844556049e-03
1.006369957249316502e-03
1.004811268531538137e-03
1.003254993946357159e-03
1.001701129754710255e-03
1.000149672223324838e-03
9.986006176247105848e-04
9.970539622371509848e-04
9.955097023446924948e-04
9.939678342371384683e-04
9.924283542100374462e-04
9.908912585646764346e-04
9.893565436080702796e-04
9.878242056529540783e-04
9.862942410177742876e-04
9.847666460266778828e-04
9.832414170095069364e-04
9.817185503017866917e-04
9.801980422447186241e-04
9.786798891851711171e-04
9.771640874756701376e-04
9.756506334743911052e-04
9.741395235451500009e-04
9.726307540573948026e-04
9.711243213861962690e-04
9.696202219122399164e-04
9.681184520218163699e-04
9.666190081068136647e-04
9.651218865647083565e-04
9.636270837985559798e-04
9.621345962169838926e-04
9.606444202341813017e-04
9.591565522698913479e-04
9.576709887494023240e-04
9.561877261035393264e-04
9.547067607686552564e-04
9.532280891866222548e-04
9.517517078048241125e-04
9.502776130761464045e-04
9.488058014589684664e-04
9.473362694171554802e-04
9.458690134200487161e-04
9.444040299424587021e-04
9.429413154646553580e-04
9.414808664723601887e-04
9.400226794567372859e-04
9.385667509143860634e-04
9.371130773473312827e-04
9.356616552630161142e-04
9.342124811742925959e-04
9.327655515994140445e-04
9.313208630620263811e-04
9.298784120911596750e-04
9.284381952212195782e-04
9.270002089919801699e-04
9.255644499485738731e-04
9.241309146414848413e-04
9.226995996265394172e-04
9.212705014648985436e-04
9.198436167230494148e-04
9.184189419727970200e-04
9.169964737912561200e-04
9.155762087608426822e-04
9.141581434692660742e-04
9.127422745095207157e-04
9.113285984798776213e-04
9.099171119838768114e-04
9.085078116303187470e-04
9.071006940332561981e-04
9.056957558119861119e-04
9.042929935910418073e-04
9.028924040001840836e-04
9.014939836743941738e-04
9.000977292538649621e-04
8.987036373839929612e-04
8.973117047153702890e-04
8.959219279037770791e-04
8.945343036101726991e-04
8.931488285006882692e-04
8.917654992466186393e-04
8.903843125244139322e-04
8.890052650156719544e-04
8.876283534071301726e-04
8.862535743906575824e-04
8.848809246632472272e-04
8.835104009270077418e-04
8.821419998891552204e-04
8.807757182620063862e-04
8.794115527629694845e-04
8.780495001145369096e-04
8.766895570442777242e-04
8.753317202848293109e-04
8.739759865738893491e-04
8.726223526542083338e-04
8.712708152735816614e-04
8.699213711848421482e-04
8.685740171458514658e-04
8.672287499194928761e-04
8.658855662736636427e-04
8.645444629812665737e-04
8.632054368202029745e-04
8.618684845733644078e-04
8.605336030286253211e-04
8.592007889788353487e-04
8.578700392218108553e-04
8.565413505603284303e-04
8.552147198021161061e-04
8.538901437598466360e-04
8.525676192511292542e-04
8.512471430985017610e-04
8.499287121294234757e-04
8.486123231762680809e-04
8.472979730763142980e-04
8.459856586717399247e-04
8.446753768096137028e-04
8.433671243418876208e-04
8.420608981253891075e-04
8.407566950218144184e-04
8.394545118977199622e-04
8.381543456245156868e-04
8.368561930784567315e-04
8.355600511406368128e-04
8.342659166969799847e-04
8.329737866382335917e-04
8.316836578599605704e-04
8.303955272625321857e-04
8.291093917511204413e-04
8.278252482356907071e-04
8.265430936309939129e-04
8.252629248565601519e-04
8.239847388366901152e-04
8.227085325004484780e-04
8.214343027816559855e-04
8.201620466188827303e-04
8.188917609554400212e-04
8.176234427393735526e-04
8.163570889234559235e-04
8.150926964651795904e-04
8.138302623267491690e-04
8.125697834750741705e-04
8.113112568817621708e-04
8.100546795231105711e-04
8.088000483801004170e-04
8.075473604383888102e-04
8.062966126883011012e-04
8.050478021248243850e-04
8.038009257475998027e-04
8.025559805609157110e-04
8.013129635737000931e-04
8.000718717995137282e-04
7.988327022565428186e-04
7.975954519675919428e-04
7.963601179600767908e-04
7.951266972660169007e-04
7.938951869220287191e-04
7.926655839693186626e-04
7.914378854536756368e-04
7.902120884254643140e-04
7.889881899396173270e-04
7.877661870556290896e-04
7.865460768375485317e-04
7.853278563539712936e-04
7.841115226780335460e-04
7.828970728874045087e-04
7.816845040642800540e-04
7.804738132953744668e-04
7.792649976719149153e-04
7.780580542896332105e-04
7.768529802487596269e-04
7.756497726540154212e-04
7.744484286146065440e-04
7.732489452442160502e-04
7.720513196609971604e-04
7.708555489875669724e-04
7.696616303509988717e-04
7.684695608828160263e-04
7.672793377189842312e-04
7.660909579999052943e-04
7.649044188704098813e-04
7.637197174797509015e-04
7.625368509815967860e-04
7.613558165340241152e-04
7.601766112995111133e-04
7.589992324449310350e-04
7.578236771415450095e-04
7.566499425649954270e-04
7.554780258952991084e-04
7.543079243168403659e-04
7.531396350183646067e-04
7.519731551929713939e-04
7.508084820381073993e-04
7.496456127555603316e-04
7.484845445514514556e-04
7.473252746362296292e-04
7.461678002246639307e-04
7.450121185358374786e-04
7.438582267931403849e-04
7.427061222242634661e-04
7.415558020611908710e-04
7.404072635401945509e-04
7.392605039018265625e-04
7.381155203909127785e-04
7.369723102565468170e-04
7.358308707520827769e-04
7.346911991351281904e-04
7.335532926675390362e-04
7.324171486154117160e-04
7.312827642490768746e-04
7.301501368430932202e-04
7.290192636762402598e-04
7.278901420315127702e-04
7.267627691961133169e-04
7.256371424614460738e-04
7.245132591231106438e-04
7.233911164808946859e-04
7.222707118387688193e-04
7.211520425048784924e-04
7.200351057915392117e-04
7.189198990152283024e-04
7.178064194965803543e-04
7.166946645603789823e-04
7.155846315355519471e-04
7.144763177551634575e-04
7.133697205564084242e-04
7.122648372806063884e-04
7.111616652731943657e-04
7.100602018837207747e-04
7.089604444658391489e-04
7.078623903773021732e-04
7.067660369799543115e-04
7.056713816397262775e-04
7.045784217266286373e-04
7.034871546147450881e-04
7.023975776822266029e-04
7.013096883112848170e-04
7.002234838881860653e-04
6.991389618032446598e-04
6.980561194508170348e-04
6.969749542292949171e-04
6.958954635411000126e-04
6.948176447926768511e-04
6.937414953944870399e-04
6.926670127610028670e-04
6.915941943107013377e-04
6.905230374660575616e-04
6.894535396535387889e-04
6.883856983035981222e-04
6.873195108506688789e-04
6.862549747331574352e-04
6.851920873934381302e-04
6.841308462778460022e-04
6.830712488366720179e-04
6.820132925241554830e-04
6.809569747984790550e-04
6.799022931217620211e-04
6.788492449600546600e-04
6.777978277833314122e-04
6.767480390654860003e-04
6.756998762843238401e-04
6.746533369215573783e-04
6.736084184627990452e-04
6.725651183975557253e-04
6.715234342192230111e-04
6.704833634250782640e-04
6.694449035162751936e-04
6.684080519978381112e-04
6.673728063786549909e-04
6.663391641714729160e-04
6.653071228928905982e-04
6.642766800633533898e-04
6.632478332071471043e-04
6.622205798523916193e-04
6.611949175310357805e-04
6.601708437788510056e-04
6.591483561354246701e-04
6.581274521441558790e-04
6.571081293522478776e-04
6.560903853107030639e-04
6.550742175743169173e-04
6.540596237016721437e-04
6.530466012551326043e-04
6.520351478008377857e-04
6.510252609086967287e-04
6.500169381523824988e-04
6.490101771093255726e-04
6.480049753607090672e-04
6.470013304914622350e-04
6.459992400902548259e-04
6.449987017494911243e-04
6.439997130653048532e-04
6.430022716375524520e-04
6.420063750698079812e-04
6.410120209693569420e-04
6.400192069471908555e-04
6.390279306180015164e-04
6.380381896001749214e-04
6.370499815157858485e-04
6.360633039905921101e-04
6.350781546540286990e-04
6.340945311392023670e-04
6.331124310828854448e-04
6.321318521255108553e-04
6.311527919111658246e-04
6.301752480875865694e-04
6.291992183061524430e-04
6.282247002218806220e-04
6.272516914934200350e-04
6.262801897830461584e-04
6.253101927566549452e-04
6.243416980837574034e-04
6.233747034374742839e-04
6.224092064945303338e-04
6.214452049352482254e-04
6.204826964435440021e-04
6.195216787069203566e-04
6.185621494164620770e-04
6.176041062668295419e-04
6.166475469562540581e-04
6.156924691865320060e-04
6.147388706630192018e-04
6.137867490946251510e-04
6.128361021938084950e-04
6.118869276765701807e-04
6.109392232624490148e-04
6.099929866745158096e-04
6.090482156393681786e-04
6.081049078871241399e-04
6.071630611514179958e-04
6.062226731693943702e-04
6.052837416817019199e-04
6.043462644324891064e-04
6.034102391693982326e-04
6.024756636435602388e-04
6.015425356095888479e-04
6.006108528255757950e-04
5.996806130530852978e-04
5.987518140571476601e-04
5.978244536062556937e-04
5.968985294723579962e-04
5.959740394308541810e-04
5.950509812605892391e-04
5.941293527438483348e-04
5.932091516663513852e-04
5.922903758172482890e-04
5.913730229891124221e-04
5.904570909779366253e-04
5.895425775831275670e-04
5.886294806074993460e-04
5.877177978572701309e-04
5.868075271420551122e-04
5.858986662748623831e-04
5.849912130720871925e-04
5.840851653535068496e-04
5.831805209422755197e-04
5.822772776649186950e-04
5.813754333513282066e-04
5.804749858347571295e-04
5.795759329518145779e-04
5.786782725424601762e-04
5.777820024499989628e-04
5.768871205210766200e-04
5.759936246056737274e-04
5.751015125571009917e-04
5.742107822319940423e-04
5.733214314903077938e-04
5.724334581953124338e-04
5.715468602135868100e-04
5.706616354150146351e-04
5.697777816727783067e-04
5.688952968633547878e-04
5.680141788665096433e-04
5.671344255652922698e-04
5.662560348460313414e-04
5.653790045983284138e-04
5.645033327150544540e-04
5.636290170923436609e-04
5.627560556295889112e-04
5.618844462294360137e-04
5.610141867977800224e-04
5.601452752437587317e-04
5.592777094797485565e-04
5.584114874213593274e-04
5.575466069874290874e-04
5.566830661000194292e-04
5.558208626844101828e-04
5.549599946690943197e-04
5.541004599857738333e-04
5.532422565693534498e-04
5.523853823579365089e-04
5.515298352928205182e-04
5.506756133184906483e-04
5.498227143826163715e-04
5.489711364360453901e-04
5.481208774327994086e-04
5.472719353300690374e-04
5.464243080882086974e-04
5.455779936707317408e-04
5.447329900443062230e-04
5.438892951787489393e-04
5.430469070470210881e-04
5.422058236252238258e-04
5.413660428925924119e-04
5.405275628314923060e-04
5.396903814274138554e-04
5.388544966689674158e-04
5.380199065478786895e-04
5.371866090589838463e-04
5.363546022002247532e-04
5.355238839726439871e-04
5.346944523803801724e-04
5.338663054306633194e-04
5.330394411338098366e-04
5.322138575032175434e-04
5.313895525553615504e-04
5.305665243097889465e-04
5.297447707891140287e-04
5.289242900190136397e-04
5.281050800282230482e-04
5.272871388485300941e-04
5.264704645147711770e-04
5.256550550648265941e-04
5.248409085396154444e-04
5.240280229830911836e-04
5.232163964422368533e-04
5.224060269670598774e-04
5.215969126105888089e-04
5.207890514288669335e-04
5.199824414809486916e-04
5.191770808288945823e-04
5.183729675377668272e-04
5.175700996756244909e-04
5.167684753135186023e-04
5.159680925254879263e-04
5.151689493885545186e-04
5.143710439827183043e-04
5.135743743909531754e-04
5.127789386992022197e-04
5.119847349963728422e-04
5.111917613743327538e-04
5.104000159279046579e-04
5.096094967548623483e-04
5.088202019559253959e-04
5.080321296347554624e-04
5.072452778979510968e-04
5.064596448550435061e-04
5.056752286184916772e-04
5.048920273036781479e-04
5.041100390289046706e-04
5.033292619153871160e-04
5.025496940872512452e-04
5.017713336715283728e-04
5.009941787981507045e-04
5.002182275999466753e-04
4.994434782126369382e-04
4.986699287748292677e-04
4.978975774280146576e-04
4.971264223165622245e-04
4.963564615877155218e-04
4.955876933915875525e-04
4.948201158811565406e-04
4.940537272122612691e-04
4.932885255435969602e-04
4.925245090367105045e-04
4.917616758559963412e-04
4.910000241686921212e-04
4.902395521448737201e-04
4.894802579574516598e-04
4.887221397821657964e-04
4.879651957975819588e-04
4.872094241850868533e-04
4.864548231288837806e-04
4.857013908159885161e-04
4.849491254362248648e-04
4.841980251822201615e-04
4.834480882494009884e-04
4.826993128359890551e-04
4.819516971429966992e-04
4.812052393742224953e-04
4.804599377362470266e-04
4.797157904384284936e-04
4.789727956928986488e-04
4.782309517145582429e-04
4.774902567210727962e-04
4.767507089328684245e-04
4.760123065731274483e-04
4.752750478677841644e-04
4.745389310455205628e-04
4.738039543377621531e-04
4.730701159786736276e-04
4.723374142051545784e-04
4.716058472568353775e-04
4.708754133760729489e-04
4.701461108079464310e-04
4.694179378002530031e-04
4.686908926035037652e-04
4.679649734709193467e-04
4.672401786584260580e-04
4.665165064246512821e-04
4.657939550309194636e-04
4.650725227412479883e-04
4.643522078223431175e-04
4.636330085435954890e-04
4.629149231770761591e-04
4.621979499975325373e-04
4.614820872823841035e-04
4.607673333117182882e-04
4.600536863682864065e-04
4.593411447374994299e-04
4.586297067074240289e-04
4.579193705687781280e-04
4.572101346149272730e-04
4.565019971418801323e-04
4.557949564482847559e-04
4.550890108354239678e-04
4.543841586072117338e-04
4.536803980701892042e-04
4.529777275335201059e-04
4.522761453089870561e-04
4.515756497109873883e-04
4.508762390565291948e-04
4.501779116652271525e-04
4.494806658592986740e-04
4.487844999635596794e-04
4.480894123054206929e-04
4.473954012148826688e-04
4.467024650245332508e-04
4.460106020695424355e-04
4.453198106876590486e-04
4.446300892192060284e-04
4.439414360070772819e-04
4.432538493967329144e-04
4.425673277361959223e-04
4.418818693760475855e-04
4.411974726694242147e-04
4.405141359720125978e-04
4.398318576420462596e-04
4.391506360403016665e-04
4.384704695300939989e-04
4.377913564772734642e-04
4.371132952502212858e-04
4.364362842198457452e-04
4.357603217595783338e-04
4.350854062453697406e-04
4.344115360556860040e-04
4.337387095715047707e-04
4.330669251763111217e-04
4.323961812560939404e-04
4.317264761993418469e-04
4.310578083970394571e-04
4.303901762426634798e-04
4.297235781321787052e-04
4.290580124640344813e-04
4.283934776391605396e-04
4.277299720609634170e-04
4.270674941353223364e-04
4.264060422705856284e-04
4.257456148775668825e-04
4.250862103695408271e-04
4.244278271622399143e-04
4.237704636738503627e-04
4.231141183250081996e-04
4.224587895387957380e-04
4.218044757407376729e-04
4.211511753587971786e-04
4.204988868233722221e-04
4.198476085672919853e-04
4.191973390258126909e-04
4.185480766366142958e-04
4.178998198397963705e-04
4.172525670778744677e-04
4.166063167957764898e-04
4.159610674408388401e-04
4.153168174628027909e-04
4.146735653138105258e-04
4.140313094484017247e-04
4.133900483235097151e-04
4.127497803984577309e-04
4.121105041349551728e-04
4.114722179970940839e-04
4.108349204513453011e-04
4.101986099665548774e-04
4.095632850139402869e-04
4.089289440670868469e-04
4.082955856019439235e-04
4.076632080968215703e-04
4.070318100323864628e-04
4.064013898916586458e-04
4.057719461600075759e-04
4.051434773251485978e-04
4.045159818771393669e-04
4.038894583083761625e-04
4.032639051135902559e-04
4.026393207898443325e-04
4.020157038365288057e-04
4.013930527553584014e-04
4.007713660503682551e-04
4.001506422279106048e-04
3.995308797966510509e-04
3.989120772675649779e-04
3.982942331539340310e-04
3.976773459713425383e-04
3.970614142376739327e-04
3.964464364731071200e-04
3.958324112001130094e-04
3.952193369434509355e-04
3.946072122301652434e-04
3.939960355895814935e-04
3.933858055533029385e-04
3.927765206552074327e-04
3.921681794314432583e-04
3.915607804204262522e-04
3.909543221628357943e-04
3.903488032016115550e-04
3.897442220819498089e-04
3.891405773513003990e-04
3.885378675593625626e-04
3.879360912580818955e-04
3.873352470016468824e-04
3.867353333464851025e-04
3.861363488512602475e-04
3.855382920768682191e-04
3.849411615864337674e-04
3.843449559453072386e-04
3.837496737210609426e-04
3.831553134834857926e-04
3.825618738045877807e-04
3.819693532585847259e-04
3.813777504219026957e-04
3.807870638731724287e-04
3.801972921932264072e-04
3.796084339650950077e-04
3.790204877740031950e-04
3.784334522073672146e-04
3.778473258547912863e-04
3.772621073080638095e-04
3.766777951611544896e-04
3.760943880102105984e-04
3.755118844535537746e-04
3.749302830916766095e-04
3.743495825272392312e-04
3.737697813650660522e-04
3.731908782121424084e-04
3.726128716776110896e-04
3.720357603727690869e-04
3.714595429110642858e-04
3.708842179080919970e-04
3.703097839815919202e-04
3.697362397514444040e-04
3.691635838396675729e-04
3.685918148704135861e-04
3.680209314699657108e-04
3.674509322667348526e-04
3.668818158912561401e-04
3.663135809761858892e-04
3.657462261562980797e-04
3.651797500684813192e-04
3.646141513517352651e-04
3.640494286471676437e-04
3.634855805979908885e-04
3.629226058495188339e-04
3.623605030491633535e-04
3.617992708464314337e-04
3.612389078929215407e-04
3.606794128423207479e-04
3.601207843504012122e-04
3.595630210750170837e-04
3.590061216761013621e-04
3.584500848156624265e-04
3.578949091577810003e-04
3.573405933686070609e-04
3.567871361163562618e-04
3.562345360713070597e-04
3.556827919057974075e-04
3.551319022942216641e-04
3.545818659130271799e-04
3.540326814407113143e-04
3.534843475578180755e-04
3.529368629469353011e-04
3.523902262926911885e-04
3.518444362817510431e-04
3.512994916028145125e-04
3.507553909466121721e-04
3.502121330059022723e-04
3.496697164754679192e-04
3.491281400521137140e-04
3.485874024346626628e-04
3.480475023239530327e-04
3.475084384228353698e-04
3.469702094361691385e-04
3.464328140708199024e-04
3.458962510356559635e-04
3.453605190415453261e-04
3.448256168013526615e-04
3.442915430299362174e-04
3.437582964441446742e-04
3.432258757628140551e-04
3.426942797067647440e-04
3.421635069987983961e-04
3.416335563636946305e-04
3.411044265282082663e-04
3.405761162210662316e-04
3.400486241729642578e-04
3.395219491165642222e-04
3.389960897864907337e-04
3.384710449193281505e-04
3.379468132536179244e-04
3.374233935298550226e-04
3.369007844904852713e-04
3.363789848799022121e-04
3.358579934444441738e-04
3.353378089323910205e-04
3.348184300939613866e-04
3.342998556813096952e-04
3.337820844485228514e-04
3.332651151516176943e-04
3.327489465485376362e-04
3.322335773991497892e-04
3.317190064652421463e-04
3.312052325105203292e-04
3.306922543006048229e-04
3.301800706030279405e-04
3.296686801872308957e-04
3.291580818245608210e-04
3.286482742882677324e-04
3.281392563535017099e-04
3.276310267973099166e-04
3.271235843986337248e-04
3.266169279383055184e-04
3.261110561990461986e-04
3.256059679654618776e-04
3.251016620240411133e-04
3.245981371631518199e-04
3.240953921730389364e-04
3.235934258458206866e-04
3.230922369754862474e-04
3.225918243578926596e-04
3.220921867907620625e-04
3.215933230736785502e-04
3.210952320080856775e-04
3.205979123972830993e-04
3.201013630464240767e-04
3.196055827625125497e-04
3.191105703543999387e-04
3.186163246327828680e-04
3.181228444101997501e-04
3.176301285010282925e-04
3.171381757214824073e-04
3.166469848896095551e-04
3.161565548252878721e-04
3.156668843502232424e-04
3.151779722879464790e-04
3.146898174638105596e-04
3.142024187049878071e-04
3.137157748404671253e-04
3.132298847010509630e-04
3.127447471193527118e-04
3.122603609297937245e-04
3.117767249686009302e-04
3.112938380738034189e-04
3.108116990852300560e-04
3.103303068445067178e-04
3.098496601950533644e-04
3.093697579820811660e-04
3.088905990525899555e-04
3.084121822553653552e-04
3.079345064409759578e-04
3.074575704617707244e-04
3.069813731718760573e-04
3.065059134271931433e-04
3.060311900853951352e-04
3.055572020059243868e-04
3.050839480499899594e-04
3.046114270805645860e-04
3.041396379623820690e-04
3.036685795619344075e-04
3.031982507474694118e-04
3.027286503889877758e-04
3.022597773582402043e-04
3.017916305287248109e-04
3.013242087756847864e-04
3.008575109761050387e-04
3.003915360087099692e-04
2.999262827539607087e-04
2.994617500940521359e-04
2.989979369129106002e-04
2.985348420961911027e-04
2.980724645312742612e-04
2.976108031072643577e-04
2.971498567149859237e-04
2.966896242469815176e-04
2.962301045975089596e-04
2.957712966625386758e-04
2.953131993397510417e-04
2.948558115285336719e-04
2.943991321299789803e-04
2.939431600468811988e-04
2.934878941837341004e-04
2.930333334467280721e-04
2.925794767437477290e-04
2.921263229843690961e-04
2.916738710798571685e-04
2.912221199431630925e-04
2.907710684889216720e-04
2.903207156334488203e-04
2.898710602947388503e-04
2.894221013924619260e-04
2.889738378479614063e-04
2.885262685842513515e-04
2.880793925260138129e-04
2.876332085995963930e-04
2.871877157330095893e-04
2.867429128559241384e-04
2.862987988996685759e-04
2.858553727972266891e-04
2.854126334832347519e-04
2.849705798939791397e-04
2.845292109673938901e-04
2.840885256430577752e-04
2.836485228621920250e-04
2.832092015676578338e-04
2.827705607039535953e-04
2.823325992172125718e-04
2.818953160552001833e-04
2.814587101673117855e-04
2.810227805045696333e-04
2.805875260196208755e-04
2.801529456667347360e-04
2.797190384018001822e-04
2.792858031823231609e-04
2.788532389674243752e-04
2.784213447178366828e-04
2.779901193959025477e-04
2.775595619655715470e-04
2.771296713923980396e-04
2.767004466435383473e-04
2.762718866877486947e-04
2.758439904953823366e-04
2.754167570383874971e-04
2.749901852903044431e-04
2.745642742262632613e-04
2.741390228229816355e-04
2.737144300587617571e-04
2.732904949134885896e-04
2.728672163686268336e-04
2.724445934072189206e-04
2.720226250138821941e-04
2.716013101748066330e-04
2.711806478777526830e-04
2.707606371120482749e-04
2.703412768685868194e-04
2.699225661398247126e-04
2.695045039197786806e-04
2.690870892040237729e-04
2.686703209896904899e-04
2.682541982754626684e-04
2.678387200615752048e-04
2.674238853498111276e-04
2.670096931434998090e-04
2.665961424475140370e-04
2.661832322682681183e-04
2.657709616137150592e-04
2.653593294933445602e-04
2.649483349181801966e-04
2.645379769007775756e-04
2.641282544552213548e-04
2.637191665971234532e-04
2.633107123436204491e-04
2.629028907133709779e-04
2.624957007265537809e-04
2.620891414048651569e-04
2.616832117715165232e-04
2.612779108512322469e-04
2.608732376702472058e-04
2.604691912563045111e-04
2.600657706386530683e-04
2.596629748480453002e-04
2.592608029167348701e-04
2.588592538784742969e-04
2.584583267685126233e-04
2.580580206235930855e-04
2.576583344819509446e-04
2.572592673833109926e-04
2.568608183688852217e-04
2.564629864813708728e-04
2.560657707649476706e-04
2.556691702652757092e-04
2.552731840294933927e-04
2.548778111062146700e-04
2.544830505455273001e-04
2.540889013989901420e-04
2.536953627196309314e-04
2.533024335619442216e-04
2.529101129818889975e-04
2.525184000368863447e-04
2.521272937858172816e-04
2.517367932890203735e-04
2.513468976082896189e-04
2.509576058068721722e-04
2.505689169494658506e-04
2.501808301022173989e-04
2.497933443327196167e-04
2.494064587100097859e-04
2.490201723045667439e-04
2.486344841883092027e-04
2.482493934345931467e-04
2.478648991182099358e-04
2.474810003153838115e-04
2.470976961037698368e-04
2.467149855624515653e-04
2.463328677719388727e-04
2.459513418141659512e-04
2.455704067724886531e-04
2.451900617316826476e-04
2.448103057779411982e-04
2.444311379988728860e-04
2.440525574834992786e-04
2.436745633222530327e-04
2.432971546069755359e-04
2.429203304309147113e-04
2.425440898887228764e-04
2.421684320764546554e-04
2.417933560915646219e-04
2.414188610329052922e-04
2.410449460007248494e-04
2.406716100966651368e-04
2.402988524237592734e-04
2.399266720864297016e-04
2.395550681904859110e-04
2.391840398431223510e-04
2.388135861529162894e-04
2.384437062298256174e-04
2.380743991851867075e-04
2.377056641317124356e-04
2.373375001834898495e-04
2.369699064559781091e-04
2.366028820660063723e-04
2.362364261317716804e-04
2.358705377728368443e-04
2.355052161101283033e-04
2.351404602659340644e-04
2.347762693639014536e-04
2.344126425290352718e-04
2.340495788876953561e-04
2.336870775675947633e-04
2.333251376977976015e-04
2.329637584087167809e-04
2.326029388321121426e-04
2.322426781010882371e-04
2.318829753500923447e-04
2.315238297149122264e-04
2.311652403326742262e-04
2.308072063418411569e-04
2.304497268822101050e-04
2.300928010949105599e-04
2.297364281224021374e-04
2.293806071084727636e-04
2.290253371982363981e-04
2.286706175381310823e-04
2.283164472759168526e-04
2.279628255606737613e-04
2.276097515427997629e-04
2.272572243740086538e-04
2.269052432073281477e-04
2.265538071970977618e-04
2.262029154989667024e-04
2.258525672698920490e-04
2.255027616681365313e-04
2.251534978532665509e-04
2.248047749861502840e-04
2.244565922289555127e-04
2.241089487451476735e-04
2.237618436994878788e-04
2.234152762580308299e-04
2.230692455881229462e-04
2.227237508584001431e-04
2.223787912387861245e-04
2.220343659004901053e-04
2.216904740160050501e-04
2.213471147591055321e-04
2.210042873048458079e-04
2.206619908295578394e-04
2.203202245108493152e-04
2.199789875276015629e-04
2.196382790599678693e-04
2.192980982893711489e-04
2.189584443985022094e-04
2.186193165713177188e-04
2.182807139930382806e-04
2.179426358501464287e-04
2.176050813303846752e-04
2.172680496227535863e-04
2.169315399175098305e-04
2.165955514061642002e-04
2.162600832814797142e-04
2.159251347374696931e-04
2.155907049693956724e-04
2.152567931737657493e-04
2.149233985483323594e-04
2.145905202920904886e-04
2.142581576052758564e-04
2.139263096893626937e-04
2.135949757470621704e-04
2.132641549823202274e-04
2.129338466003157329e-04
2.126040498074586668e-04
2.122747638113881149e-04
2.119459878209703442e-04
2.116177210462969870e-04
2.112899626986830895e-04
2.109627119906652682e-04
2.106359681359997046e-04
2.103097303496604374e-04
2.099839978478372754e-04
2.096587698479340355e-04
2.093340455685666730e-04
2.090098242295613834e-04
2.086861050519525976e-04
2.083628872579813547e-04
2.080401700710932155e-04
2.077179527159365817e-04
2.073962344183606090e-04
2.070750144054136349e-04
2.067542919053410103e-04
2.064340661475834459e-04
2.061143363627751697e-04
2.057951017827419746e-04
2.054763616404994028e-04
2.051581151702509570e-04
2.048403616073862028e-04
2.045231001884789798e-04
2.042063301512854500e-04
2.038900507347424446e-04
2.035742611789655393e-04
2.032589607252472384e-04
2.029441486160550774e-04
2.026298240950299425e-04
2.023159864069842004e-04
2.020026347978998279e-04
2.016897685149266503e-04
2.013773868063804980e-04
2.010654889217415261e-04
2.007540741116522088e-04
2.004431416279156585e-04
2.001326907234938373e-04
1.998227206525057678e-04
1.995132306702256358e-04
1.992042200330811368e-04
1.988956879986515788e-04
1.985876338256662018e-04
1.982800567740022803e-04
1.979729561046834701e-04
1.976663310798779376e-04
1.973601809628966258e-04
1.970545050181914917e-04
1.967493025113536639e-04
1.964445727091118426e-04
1.961403148793303488e-04
1.958365282910074705e-04
1.955332122142737006e-04
1.952303659203900030e-04
1.949279886817459687e-04
1.946260797718581625e-04
1.943246384653683615e-04
1.940236640380417119e-04
1.937231557667651836e-04
1.934231129295456463e-04
1.931235348055082427e-04
1.928244206748945728e-04
1.925257698190610946e-04
1.922275815204772267e-04
1.919298550627237762e-04
1.916325897304911770e-04
1.913357848095777007e-04
1.910394395868877764e-04
1.907435533504303637e-04
1.904481253893171105e-04
1.901531549937607259e-04
1.898586414550732459e-04
1.895645840656643528e-04
1.892709821190396405e-04
1.889778349097989609e-04
1.886851417336346895e-04
1.883929018873300716e-04
1.881011146687574338e-04
1.878097793768766929e-04
1.875188953117334857e-04
1.872284617744575158e-04
1.869384780672609812e-04
1.866489434934368128e-04
1.863598573573570206e-04
1.860712189644710135e-04
1.857830276213038646e-04
1.854952826354549014e-04
1.852079833155956192e-04
1.849211289714684607e-04
1.846347189138848382e-04
1.843487524547236420e-04
1.840632289069295334e-04
1.837781475845113178e-04
1.834935078025401835e-04
1.832093088771482919e-04
1.829255501255269342e-04
1.826422308659248785e-04
1.823593504176469326e-04
1.820769081010521285e-04
1.817949032375520686e-04
1.815133351496094896e-04
1.812322031607364729e-04
1.809515065954927918e-04
1.806712447794844476e-04
1.803914170393619348e-04
1.801120227028185606e-04
1.798330610985890627e-04
1.795545315564477118e-04
1.792764334072069563e-04
1.789987659827156066e-04
1.787215286158573438e-04
1.784447206405491480e-04
1.781683413917395636e-04
1.778923902054072893e-04
1.776168664185593087e-04
1.773417693692296427e-04
1.770670983964774798e-04
1.767928528403857119e-04
1.765190320420593085e-04
1.762456353436237715e-04
1.759726620882235088e-04
1.757001116200203436e-04
1.754279832841918070e-04
1.751562764269296469e-04
1.748849903954383101e-04
1.746141245379332079e-04
1.743436782036393063e-04
1.740736507427894731e-04
1.738040415066230404e-04
1.735348498473840439e-04
1.732660751183198126e-04
1.729977166736794511e-04
1.727297738687121325e-04
1.724622460596656338e-04
1.721951326037848189e-04
1.719284328593101202e-04
1.716621461854758311e-04
1.713962719425087509e-04
1.711308094916265312e-04
1.708657581950362664e-04
1.706011174159327592e-04
1.703368865184971923e-04
1.700730648678955292e-04
1.698096518302769423e-04
1.695466467727722946e-04
1.692840490634927306e-04
1.690218580715279958e-04
1.687600731669451084e-04
1.684986937207866515e-04
1.682377191050693640e-04
1.679771486927826769e-04
1.677169818578870325e-04
1.674572179753126377e-04
1.671978564209577567e-04
1.669388965716872195e-04
1.666803378053311217e-04
1.664221795006830349e-04
1.661644210374987874e-04
1.659070617964947833e-04
1.656501011593466207e-04
1.653935385086875731e-04
1.651373732281070992e-04
1.648816047021493792e-04
1.646262323163118235e-04
1.643712554570435282e-04
1.641166735117440011e-04
1.638624858687614541e-04
1.636086919173915016e-04
1.633552910478755624e-04
1.631022826513995304e-04
1.628496661200922032e-04
1.625974408470238998e-04
1.623456062262049421e-04
1.620941616525841918e-04
1.618431065220477221e-04
1.615924402314171913e-04
1.613421621784484606e-04
1.610922717618302113e-04
1.608427683811824549e-04
1.605936514370550142e-04
1.603449203309262772e-04
1.600965744652015164e-04
1.598486132432116145e-04
1.596010360692115744e-04
1.593538423483791629e-04
1.591070314868133666e-04
1.588606028915330094e-04
1.586145559704753695e-04
1.583688901324947166e-04
1.581236047873608747e-04
1.578786993457578943e-04
1.576341732192825071e-04
1.573900258204428255e-04
1.571462565626568239e-04
1.569028648602510657e-04
1.566598501284591845e-04
1.564172117834204483e-04
1.561749492421785122e-04
1.559330619226798737e-04
1.556915492437725712e-04
1.554504106252046938e-04
1.552096454876230800e-04
1.549692532525718809e-04
1.547292333424911783e-04
1.544895851807154936e-04
1.542503081914726765e-04
1.540114017998821976e-04
1.537728654319539827e-04
1.535346985145869762e-04
1.532969004755676775e-04
1.530594707435689486e-04
1.528224087481484686e-04
1.525857139197474603e-04
1.523493856896892260e-04
1.521134234901779555e-04
1.518778267542972077e-04
1.516425949160085283e-04
1.514077274101502575e-04
1.511732236724360389e-04
1.509390831394534103e-04
1.507053052486626921e-04
1.504718894383953612e-04
1.502388351478528040e-04
1.500061418171051242e-04
1.497738088870895429e-04
1.495418357996091525e-04
1.493102219973316421e-04
1.490789669237879700e-04
1.488480700233708453e-04
1.486175307413335896e-04
1.483873485237886738e-04
1.481575228177065245e-04
1.479280530709140343e-04
1.476989387320933685e-04
1.474701792507805286e-04
1.472417740773641329e-04
1.470137226630840880e-04
1.467860244600300982e-04
1.465586789211406355e-04
1.463316855002013946e-04
1.461050436518440460e-04
1.458787528315449891e-04
1.456528124956239702e-04
1.454272221012427541e-04
1.452019811064039854e-04
1.449770889699496441e-04
1.447525451515599339e-04
1.445283491117519000e-04
1.443045003118781822e-04
1.440809982141255782e-04
1.438578422815139869e-04
1.436350319778949714e-04
1.434125667679504853e-04
1.431904461171915174e-04
1.429686694919570075e-04
1.427472363594123285e-04
1.425261461875482563e-04
1.423053984451793980e-04
1.420849926019432158e-04
1.418649281282985094e-04
1.416452044955242772e-04
1.414258211757184159e-04
1.412067776417964186e-04
1.409880733674902372e-04
1.407697078273468182e-04
1.405516804967269645e-04
1.403339908518040613e-04
1.401166383695628026e-04
1.398996225277979980e-04
1.396829428051131093e-04
1.394665986809193018e-04
1.392505896354339810e-04
1.390349151496796261e-04
1.388195747054825173e-04
1.386045677854714066e-04
1.383898938730764884e-04
1.381755524525279629e-04
1.379615430088549245e-04
1.377478650278839796e-04
1.375345179962381625e-04
1.373215014013356343e-04
1.371088147313883818e-04
1.368964574754011874e-04
1.366844291231701387e-04
1.364727291652816522e-04
1.362613570931110914e-04
1.360503123988215468e-04
1.358395945753627248e-04
1.356292031164696194e-04
1.354191375166614007e-04
1.352093972712400331e-04
1.349999818762892718e-04
1.347908908286732539e-04
1.345821236260354950e-04
1.343736797667975072e-04
1.341655587501576334e-04
1.339577600760899630e-04
1.337502832453428959e-04
1.335431277594382202e-04
1.333362931206697301e-04
1.331297788321020065e-04
1.329235843975694136e-04
1.327177093216747711e-04
1.325121531097880802e-04
1.323069152680455207e-04
1.321019953033481496e-04
1.318973927233607906e-04
1.316931070365107322e-04
1.314891377519866711e-04
1.312854843797374926e-04
1.310821464304710502e-04
1.308791234156530549e-04
1.306764148475058555e-04
1.304740202390072996e-04
1.302719391038895146e-04
1.300701709566377687e-04
1.298687153124893599e-04
1.296675716874323421e-04
1.294667395982044135e-04
1.292662185622918327e-04
1.290660080979281175e-04
1.288661077240929338e-04
1.286665169605110922e-04
1.284672353276511121e-04
1.282682623467243268e-04
1.280695975396835555e-04
1.278712404292221003e-04
1.276731905387724453e-04
1.274754473925052806e-04
1.272780105153282018e-04
1.270808794328847063e-04
1.268840536715528657e-04
1.266875327584444314e-04
1.264913162214035061e-04
1.262954035890055682e-04
1.260997943905561435e-04
1.259044881560898027e-04
1.257094844163690497e-04
1.255147827028830750e-04
1.253203825478468609e-04
1.251262834841997183e-04
1.249324850456045004e-04
1.247389867664463017e-04
1.245457881818312921e-04
1.243528888275857421e-04
1.241602882402548561e-04
1.239679859571016078e-04
1.237759815161057096e-04
1.235842744559624475e-04
1.233928643160815426e-04
1.232017506365861749e-04
1.230109329583117101e-04
1.228204108228047502e-04
1.226301837723218872e-04
1.224402513498287271e-04
1.222506130989987243e-04
1.220612685642121382e-04
1.218722172905548133e-04
1.216834588238172715e-04
1.214949927104934651e-04
1.213068184977797871e-04
1.211189357335738928e-04
1.209313439664736964e-04
1.207440427457762735e-04
1.205570316214767227e-04
1.203703101442671488e-04
1.201838778655354978e-04
1.199977343373646215e-04
1.198118791125310712e-04
1.196263117445040409e-04
1.194410317874443643e-04
1.192560387962033762e-04
1.190713323263219099e-04
1.188869119340291316e-04
1.187027771762415779e-04
1.185189276105620042e-04
1.183353627952783683e-04
1.181520822893627863e-04
1.179690856524704084e-04
1.177863724449384293e-04
1.176039422277850172e-04
1.174217945627082033e-04
1.172399290120849187e-04
1.170583451389698565e-04
1.168770425070944690e-04
1.166960206808659236e-04
1.165152792253660327e-04
1.163348177063502236e-04
1.161546356902465083e-04
1.159747327441543858e-04
1.157951084358438664e-04
1.156157623337544283e-04
1.154366940069939196e-04
1.152579030253375825e-04
1.150793889592269964e-04
1.149011513797690748e-04
1.147231898587349949e-04
1.145455039685591676e-04
1.143680932823382341e-04
1.141909573738300365e-04
1.140140958174526014e-04
1.138375081882830956e-04
1.136611940620568242e-04
1.134851530151661863e-04
1.133093846246596860e-04
1.131338884682409160e-04
1.129586641242675139e-04
1.127837111717501593e-04
1.126090291903515981e-04
1.124346177603855856e-04
1.122604764628158832e-04
1.120866048792552963e-04
1.119130025919646312e-04
1.117396691838516644e-04
1.115666042384702214e-04
1.113938073400190927e-04
1.112212780733411117e-04
1.110490160239220575e-04
1.108770207778897601e-04
1.107052919220130838e-04
1.105338290437008571e-04
1.103626317310009777e-04
1.101916995725993694e-04
1.100210321578190195e-04
1.098506290766189760e-04
1.096804899195933584e-04
1.095106142779704090e-04
1.093410017436114492e-04
1.091716519090099715e-04
1.090025643672905829e-04
1.088337387122081094e-04
1.086651745381465536e-04
1.084968714401181859e-04
1.083288290137624470e-04
1.081610468553451484e-04
1.079935245617573609e-04
1.078262617305145068e-04
1.076592579597554110e-04
1.074925128482412981e-04
1.073260259953548169e-04
1.071597970010991458e-04
1.069938254660969491e-04
1.068281109915894691e-04
1.066626531794355503e-04
1.064974516321107043e-04
1.063325059527232103e-04
1.061678157449705572e-04
1.060033806131639191e-04
1.058392001622357318e-04
1.056752739977303955e-04
1.055116017258033123e-04
1.053481829532198837e-04
1.051850172873545076e-04
1.050221043361898056e-04
1.048594437083154307e-04
1.046970350129273623e-04
1.045348778598267952e-04
1.043729718594192988e-04
1.042113166227138826e-04
1.040499117613220067e-04
1.038887568874566868e-04
1.037278516139315327e-04
1.035671955541598536e-04
1.034067883221537226e-04
1.032466295325230150e-04
1.030867188004745135e-04
1.029270557418110140e-04
1.027676399729302953e-04
1.026084711108243467e-04
1.024495487730782975e-04
1.022908725778696174e-04
1.021324421439671404e-04
1.019742570907301437e-04
1.018163170381074798e-04
1.016586216066366012e-04
1.015011704174427064e-04
1.013439630922377777e-04
1.011869992533197271e-04
1.010302785235714211e-04
1.008738005264598806e-04
1.007175648860352376e-04
1.005615712269299490e-04
1.004058191743578075e-04
1.002503083541131417e-04
1.000950383925698135e-04
9.994000891668039109e-05
9.978521955397518710e-05
9.963066993256143155e-05
9.947635968112239111e-05
9.932228842891637974e-05
9.916845580577591840e-05
9.901486144210688129e-05
9.886150496888758779e-05
9.870838601766786734e-05
9.855550422056824633e-05
9.840285921027902647e-05
9.825045062005940391e-05
9.809827808373657477e-05
9.794634123570489486e-05
9.779463971092495816e-05
9.764317314492275651e-05
9.749194117378878516e-05
9.734094343417717542e-05
9.719017956330478663e-05
9.703964919895040656e-05
9.688935197945380275e-05
9.673928754371492289e-05
9.658945553119300035e-05
9.643985558190561907e-05
9.629048733642796818e-05
9.614135043589192042e-05
9.599244452198513764e-05
9.584376923695029835e-05
9.569532422358412193e-05
9.554710912523660968e-05
9.539912358581016389e-05
9.525136724975866631e-05
9.510383976208673271e-05
9.495654076834876426e-05
9.480946991464816141e-05
9.466262684763641596e-05
9.451601121451235204e-05
9.436962266302113681e-05
9.422346084145358930e-05
9.407752539864524524e-05
9.393181598397550328e-05
9.378633224736683896e-05
9.364107383928392374e-05
9.349604041073282545e-05
9.335123161326011382e-05
9.320664709895204729e-05
9.306228652043374637e-05
9.291814953086838041e-05
9.277423578395627320e-05
9.263054493393410333e-05
9.248707663557410462e-05
9.234383054418318518e-05
9.220080631560215493e-05
9.205800360620479048e-05
9.191542207289717104e-05
9.177306137311672975e-05
9.163092116483142699e-05
9.148900110653905918e-05
9.134730085726629656e-05
9.120582007656791070e-05
9.106455842452596135e-05
9.092351556174901037e-05
9.078269114937125440e-05
9.064208484905173879e-05
9.050169632297354447e-05
9.036152523384294766e-05
9.022157124488866097e-05
9.008183401986099312e-05
8.994231322303102222e-05
8.980300851918982333e-05
8.966391957364766878e-05
8.952504605223317443e-05
8.938638762129254072e-05
8.924794394768878014e-05
8.910971469880078213e-05
8.897169954252268965e-05
8.883389814726299120e-05
8.869631018194373470e-05
8.855893531599978220e-05
8.842177321937796952e-05
8.828482356253632027e-05
8.814808601644325979e-05
8.801156025257682910e-05
8.787524594292388529e-05
8.773914275997931548e-05
8.760325037674529145e-05
8.746756846673041581e-05
8.733209670394893594e-05
8.719683476292006640e-05
8.706178231866708089e-05
8.692693904671660752e-05
8.679230462309781566e-05
8.665787872434164345e-05
8.652366102748002528e-05
8.638965121004514645e-05
8.625584895006860287e-05
8.612225392608068280e-05
8.598886581710955368e-05
8.585568430268053031e-05
8.572270906281528879e-05
8.558993977803106695e-05
8.545737612933995957e-05
8.532501779824807817e-05
8.519286446675485979e-05
8.506091581735228098e-05
8.492917153302400398e-05
8.479763129724479393e-05
8.466629479397958381e-05
8.453516170768281030e-05
8.440423172329766842e-05
8.427350452625524419e-05
8.414297980247393183e-05
8.401265723835849865e-05
8.388253652079944811e-05
8.375261733717224728e-05
8.362289937533655437e-05
8.349338232363545979e-05
8.336406587089476787e-05
8.323494970642226500e-05
8.310603352000689296e-05
8.297731700191808481e-05
8.284879984290499243e-05
8.272048173419574110e-05
8.259236236749668413e-05
8.246444143499165747e-05
8.233671862934128854e-05
8.220919364368215593e-05
8.208186617162617959e-05
8.195473590725976701e-05
8.182780254514316265e-05
8.170106578030967551e-05
8.157452530826496081e-05
8.144818082498627462e-05
8.132203202692175556e-05
8.119607861098966585e-05
8.107032027457772728e-05
8.094475671554232155e-05
8.081938763220782626e-05
8.069421272336582880e-05
8.056923168827446232e-05
8.044444422665763324e-05
8.031985003870434358e-05
8.019544882506793207e-05
8.007124028686539647e-05
7.994722412567662113e-05
7.982340004354369933e-05
7.969976774297022855e-05
7.957632692692056511e-05
7.945307729881907874e-05
7.933001856254955628e-05
7.920715042245437501e-05
7.908447258333382499e-05
7.896198475044544497e-05
7.883968662950320929e-05
7.871757792667697219e-05
7.859565834859161401e-05
7.847392760232645842e-05
7.835238539541445929e-05
7.823103143584157727e-05
7.810986543204603437e-05
7.798888709291766348e-05
7.786809612779713586e-05
7.774749224647531062e-05
7.762707515919254351e-05
7.750684457663799579e-05
7.738680020994886174e-05
7.726694177070977227e-05
7.714726897095207673e-05
7.702778152315311103e-05
7.690847914023553355e-05
7.678936153556663400e-05
7.667042842295765577e-05
7.655167951666309119e-05
7.643311453138000393e-05
7.631473318224736492e-05
7.619653518484529339e-05
7.607852025519444702e-05
7.596068810975534430e-05
7.584303846542761918e-05
7.572557103954938404e-05
7.560828554989657924e-05
7.549118171468221410e-05
7.537425925255575711e-05
7.525751788260244470e-05
7.514095732434259009e-05
7.502457729773091919e-05
7.490837752315590656e-05
7.479235772143908421e-05
7.467651761383440462e-05
7.456085692202753603e-05
7.444537536813517127e-05
7.433007267470444495e-05
7.421494856471221523e-05
7.410000276156437264e-05
7.398523498909520307e-05
7.387064497156675083e-05
7.375623243366810037e-05
7.364199710051477993e-05
7.352793869764801622e-05
7.341405695103415160e-05
7.330035158706398003e-05
7.318682233255204234e-05
7.307346891473596214e-05
7.296029106127587666e-05
7.284728850025373194e-05
7.273446096017257818e-05
7.262180816995602759e-05
7.250932985894748190e-05
7.239702575690957673e-05
7.228489559402349039e-05
7.217293910088829335e-05
7.206115600852033842e-05
7.194954604835255597e-05
7.183810895223384410e-05
7.172684445242843163e-05
7.161575228161521408e-05
7.150483217288711667e-05
7.139408385975048446e-05
7.128350707612436405e-05
7.117310155633994797e-05
7.106286703513989701e-05
7.095280324767771682e-05
7.084290992951709385e-05
7.073318681663131257e-05
7.062363364540255074e-05
7.051425015262126957e-05
7.040503607548567158e-05
7.029599115160091460e-05
7.018711511897861028e-05
7.007840771603610585e-05
6.996986868159591486e-05
6.986149775488506672e-05
6.975329467553448325e-05
6.964525918357835526e-05
6.953739101945349203e-05
6.942968992399873858e-05
6.932215563845433865e-05
6.921478790446131135e-05
6.910758646406081412e-05
6.900055105969353291e-05
6.889368143419908588e-05
6.878697733081537283e-05
6.868043849317799249e-05
6.857406466531956485e-05
6.846785559166918911e-05
6.836181101705180666e-05
6.825593068668757771e-05
6.815021434619124427e-05
6.804466174157156098e-05
6.793927261923067172e-05
6.783404672596351321e-05
6.772898380895716458e-05
6.762408361579027812e-05
6.751934589443246942e-05
6.741477039324372106e-05
6.731035686097369144e-05
6.720610504676126752e-05
6.710201470013381949e-05
6.699808557100668570e-05
6.689431740968252219e-05
6.679070996685071990e-05
6.668726299358682195e-05
6.658397624135191373e-05
6.648084946199201307e-05
6.637788240773747391e-05
6.627507483120243068e-05
6.617242648538416126e-05
6.606993712366249075e-05
6.596760649979922222e-05
6.586543436793755395e-05
6.576342048260145603e-05
6.566156459869510115e-05
6.555986647150229539e-05
6.545832585668584123e-05
6.535694251028698195e-05
6.525571618872480527e-05
6.515464664879566062e-05
6.505373364767257636e-05
6.495297694290470413e-05
6.485237629241668190e-05
6.475193145450806474e-05
6.465164218785280986e-05
6.455150825149859892e-05
6.445152940486633666e-05
6.435170540774950033e-05
6.425203602031365180e-05
6.415252100309581419e-05
6.405316011700383483e-05
6.395395312331593810e-05
6.385489978368006129e-05
6.375599986011331254e-05
6.365725311500137454e-05
6.364501639827754311e-05
