0.000000000000000000e+00
1.525468651706814258e-03
3.049297779860822479e-03
6.093679029047832998e-03
9.131511273797887282e-03
1.216280421537115769e-02
4.211817285070518918e-02
7.143042898299094279e-02
1.001094466484305640e-01
1.281652374262067240e-01
2.120185849062549699e-01
2.901820769514723564e-01
3.629650095057829207e-01
4.306711069691047666e-01
4.935959408079451105e-01
5.765425745540698754e-01
6.509391286131571697e-01
7.175442956930268013e-01
7.770607214906715132e-01
8.301357222022023308e-01
8.400309098855988088e-01
8.496968625418532817e-01
8.505688172891976429e-01
8.514388983924985332e-01
8.523071091878650085e-01
8.540379320611073410e-01
8.557613131504807624e-01
8.561049508259528373e-01
8.564482933447676860e-01
8.571343843454866107e-01
8.571656195777164200e-01
8.571968524447003412e-01
8.572593130582800702e-01
8.572687413122760391e-01
8.572781123176371754e-01
8.572780470631027327e-01
8.572779818085745074e-01
8.572779165540562740e-01
8.572778512995395950e-01
8.572777860450325749e-01
8.572776555360224204e-01
8.572775250270326941e-01
8.572773945180657273e-01
8.572760894296451717e-01
8.572747843434952442e-01
8.572734792596160558e-01
8.572604285457174900e-01
8.572473780588931724e-01
8.572343277991391064e-01
8.572212777664511840e-01
8.570907899273232378e-01
8.569603247903760934e-01
8.568298823515774210e-01
8.566994626068946683e-01
8.553965124499643968e-01
8.540958272748594426e-01
8.527974030615446122e-01
8.515012357970874746e-01
8.502073214757126518e-01
8.422168530418909782e-01
8.343122796748073666e-01
8.264926584235007256e-01
8.187570567210397110e-01
8.111045522687909681e-01
8.035342329232986192e-01
7.960451965845097844e-01
7.886365510851388594e-01
7.813074140812543700e-01
7.740569129440684204e-01
7.668841846529198536e-01
7.597883756894343588e-01
7.527686419328531997e-01
7.458241485565126894e-01
7.389540699254655287e-01
7.321575894952286889e-01
7.254338997116487331e-01
7.187822019118679240e-01
7.122017062256956743e-01
7.056916314791409350e-01
6.992512051014396768e-01
6.928796630263971412e-01
6.865762495999078174e-01
6.803402174874606523e-01
6.741708275824926933e-01
6.680673489157574751e-01
6.620290585656870563e-01
6.560552415697447071e-01
6.501451910519768784e-01
6.442982075938493702e-01
6.385135994773003532e-01
6.327906827090982178e-01
6.271287808260676000e-01
6.215272248122927223e-01
6.159853530171011116e-01
6.105025110739292771e-01
6.050780518200875591e-01
5.997113352174059386e-01
5.944017282737555918e-01
5.891486049654355295e-01
5.839513461604126654e-01
5.788093395424086518e-01
5.737219795358223795e-01
5.686886672314802604e-01
5.637088103132030792e-01
5.587818229851839735e-01
5.539071259001639991e-01
5.490841460884008374e-01
5.443123168874187678e-01
5.395910778725334644e-01
5.349198747881414029e-01
5.302981594797664400e-01
5.257253898268551273e-01
5.212010296763125439e-01
5.167245487767693213e-01
5.122954227135742000e-01
5.079131324858920937e-01
5.035771656065590740e-01
4.992870147460310992e-01
4.950421781600944371e-01
4.908421596674071297e-01
4.866864686972364740e-01
4.825746198531016273e-01
4.785061330813954461e-01
4.744805336882855773e-01
4.704973518799905330e-01
4.665561237583837340e-01
4.626563900936211393e-01
4.587976967112658566e-01
4.549795944719622343e-01
4.512016391794816395e-01
4.474633915264334405e-01
4.437644170403993726e-01
4.401042860306747517e-01
4.364825735355980507e-01
4.328988592704621219e-01
4.293527275759977391e-01
4.258437673674259072e-01
4.223715720840698351e-01
4.189357396395239075e-01
4.155358723739636106e-01
4.121715770008473889e-01
4.088424645622802389e-01
4.055481503819717837e-01
4.022882540164449683e-01
3.990623992087678484e-01
3.958702138424911032e-01
3.927113298960425158e-01
3.895853833976229419e-01
3.864920143806002129e-01
3.834308668393932584e-01
3.804015886858431728e-01
3.774038317060636749e-01
3.744372515177683547e-01
3.715015075280670986e-01
3.685962628917275885e-01
3.657211844698968761e-01
3.628759427892770950e-01
3.600602120017515895e-01
3.572736698444554659e-01
3.545159976002859592e-01
3.517868800588478395e-01
3.490860054778290866e-01
3.464130655448024454e-01
3.437677553394467012e-01
3.411497732961855656e-01
3.385588211672368453e-01
3.359946039860696176e-01
3.334568300312633626e-01
3.309452107907652207e-01
3.284594609265416576e-01
3.259992982396187622e-01
3.235644436355079590e-01
3.211546210900128595e-01
3.187695576154121468e-01
3.164089832270158276e-01
3.140726309100889124e-01
3.117602365871405823e-01
3.094715390855726223e-01
3.072062801056851811e-01
3.049642041890339716e-01
3.027450586871373028e-01
3.005485937305265032e-01
2.983745621981384044e-01
2.962227196870442780e-01
2.940928244825124493e-01
2.919846375284009810e-01
2.898979223978761510e-01
2.878324452644533404e-01
2.857879748733576086e-01
2.837642825131991287e-01
2.817611419879609835e-01
2.797783295892953270e-01
2.778156240691249668e-01
2.758728066125464284e-01
2.739496608110320031e-01
2.720459726359265029e-01
2.701615304122363947e-01
2.682961247927072579e-01
2.664495487321870693e-01
2.646215974622720957e-01
2.628120684662315631e-01
2.610207614542089383e-01
2.592474783386963244e-01
2.574920232102789197e-01
2.557542023136467058e-01
2.540338240238707024e-01
2.523306988229399583e-01
2.506446392765576681e-01
2.489754600111920846e-01
2.473229776913811739e-01
2.456870109972868477e-01
2.440673806024961090e-01
2.424639091520673362e-01
2.408764212408180394e-01
2.393047433918518152e-01
2.377487040353222225e-01
2.362081334874299998e-01
2.346828639296520413e-01
2.331727293881992180e-01
2.316775657137001565e-01
2.301972105611091446e-01
2.287315033698352207e-01
2.272802853440903104e-01
2.258433994334534400e-01
2.244206903136495845e-01
2.230120043675399288e-01
2.216171896663215457e-01
2.202360959509343519e-01
2.188685746136726507e-01
2.175144786799994567e-01
2.161736627905610220e-01
2.148459831833994804e-01
2.135312976763614479e-01
2.122294656497005771e-01
2.109403480288715160e-01
2.096638072675134357e-01
2.083997073306210757e-01
2.071479136779014185e-01
2.059082932473130789e-01
2.046807144387876587e-01
2.034650470981300696e-01
2.022611625010964365e-01
2.010689333376468602e-01
1.998882336963725415e-01
1.987189390490936569e-01
1.975609262356272933e-01
1.964140734487229700e-01
1.952782602191643901e-01
1.941533674010349764e-01
1.930392771571460275e-01
1.919358729446250245e-01
1.908430395006631697e-01
1.897606628284194685e-01
1.886886301830803525e-01
1.876268300580728188e-01
1.865751521714293371e-01
1.855334874523031918e-01
1.845017280276320115e-01
1.834797672089486520e-01
1.824674994793368255e-01
1.814648204805310860e-01
1.804716270001582024e-01
1.794878169591196948e-01
1.785132893991127623e-01
1.775479444702895426e-01
1.765916834190512374e-01
1.756444085759774898e-01
1.747060233438884058e-01
1.737764321860381933e-01
1.728555406144388074e-01
1.719432551783121044e-01
1.710394834526693664e-01
1.701441340270166969e-01
1.692571164941845396e-01
1.683783414392804323e-01
1.675077204287636068e-01
1.666451659996395218e-01
1.657905916487738551e-01
1.649439118223239575e-01
1.641050419052867693e-01
1.632738982111619497e-01
1.624503979717287772e-01
1.616344593269356533e-01
1.608260013149011569e-01
1.600249438620248987e-01
1.592312077732077891e-01
1.584447147221795249e-01
1.576653872419329638e-01
1.568931487152638304e-01
1.561279233654144505e-01
1.553696362468207637e-01
1.546182132359610328e-01
1.538735810223056943e-01
1.531356670993665181e-01
1.524043997558445773e-01
1.516797080668758069e-01
1.509615218853726792e-01
1.502497718334616650e-01
1.495443892940146735e-01
1.488453064022739469e-01
1.481524560375691024e-01
1.474657718151256569e-01
1.467851880779634244e-01
1.461106398888843694e-01
1.454420630225488342e-01
1.447793939576386413e-01
1.441225698691070700e-01
1.434715286205136553e-01
1.428262087564438620e-01
1.421865494950119435e-01
1.415524907204465943e-01
1.409239729757581772e-01
1.403009374554867184e-01
1.396833259985297837e-01
1.390710810810494302e-01
1.384641458094571786e-01
1.378624639134763963e-01
1.372659797392808967e-01
1.366746382427093676e-01
1.360883849825543224e-01
1.355071661139250483e-01
1.349309283816838290e-01
1.343596191139541374e-01
1.337931862157006324e-01
1.332315781623797102e-01
1.326747439936600825e-01
1.321226333072124393e-01
1.315751962525675556e-01
1.310323835250421509e-01
1.304941463597314166e-01
1.299604365255679905e-01
1.294312063194462126e-01
1.289064085604110510e-01
1.283859965839112272e-01
1.278699242361154564e-01
1.273581458682915002e-01
1.268506163312467239e-01
1.263472909698305502e-01
1.258481256174967533e-01
1.253530765909261491e-01
1.248621006847084464e-01
1.243751551660823157e-01
1.238921977697338278e-01
1.234131866926520688e-01
1.229380805890412376e-01
1.224668385652890323e-01
1.219994201749902279e-01
1.215357854140253074e-01
1.210758947156930776e-01
1.206197089458970889e-01
1.201671893983848743e-01
1.197182977900398682e-01
1.192729962562249363e-01
1.188312473461773655e-01
1.183930140184545204e-01
1.179582596364296687e-01
1.175269479638373360e-01
1.170990431603680382e-01
1.166745097773109474e-01
1.162533127532452276e-01
1.158354174097783323e-01
1.154207894473314733e-01
1.150093949409715099e-01
1.146012003362885251e-01
1.141961724453192245e-01
1.137942784425147180e-01
1.133954858607532507e-01
1.129997625873963712e-01
1.126070768603889133e-01
1.122173972644016360e-01
1.118306927270166090e-01
1.114469325149543971e-01
1.110660862303429752e-01
1.106881238070276247e-01
1.103130155069215329e-01
1.099407319163964447e-01
1.095712439427134061e-01
1.092045228104924076e-01
1.088405400582211774e-01
1.084792675348023872e-01
1.081206773961387868e-01
1.077647421017560864e-01
1.074114344114629332e-01
1.070607273820477212e-01
1.067125943640117869e-01
1.063670089983384803e-01
1.060239452132980542e-01
1.056833772212875389e-01
1.053452795157054367e-01
1.050096268678609446e-01
1.046763943239171768e-01
1.043455572018680000e-01
1.040170910885481748e-01
1.036909718366765543e-01
1.033671755619316873e-01
1.030456786400596736e-01
1.027264577040139515e-01
1.024094896411265332e-01
1.020947515903102842e-01
1.017822209392922617e-01
1.014718753218773195e-01
1.011636926152418847e-01
1.008576509372576535e-01
1.005537286438446393e-01
1.002519043263533915e-01
9.995215680897608090e-02
9.965446514618614415e-02
9.935880862020604609e-02
9.906516673850283838e-02
9.877351923131161282e-02
9.848384604918590524e-02
9.819612736057517499e-02
9.791034354942916573e-02
9.762647521282828700e-02
9.734450315864041914e-02
9.706440840320332275e-02
9.678617216903270815e-02
9.650977588255538198e-02
9.623520117186756817e-02
9.596242986451772317e-02
9.569144398531387319e-02
9.542222575415509889e-02
9.515475758388690364e-02
9.488902207818009082e-02
9.462500202943321947e-02
9.436268041669787499e-02
9.410204040362708799e-02
9.384306533644615200e-02
9.358573874194575648e-02
9.333004432549744933e-02
9.307596596909070708e-02
9.282348772939179316e-02
9.257259383582380763e-02
9.232326868866819192e-02
9.207549685718678656e-02
9.182926307776474728e-02
9.158455225207402794e-02
9.134134944525677813e-02
9.109963988412897451e-02
9.085940895540393913e-02
9.062064220393503677e-02
9.038332533097813426e-02
9.014744419247294749e-02
8.991298479734334548e-02
8.967993330581643108e-02
8.944827602776024567e-02
8.921799942103941783e-02
8.898909008988929725e-02
8.876153478330776891e-02
8.853532039346491411e-02
8.831043395413004649e-02
8.808686263911627568e-02
8.786459376074190475e-02
8.764361476830903608e-02
8.742391324659880281e-02
8.720547691438315652e-02
8.698829362295316947e-02
8.677235135466336569e-02
8.655763822149227515e-02
8.634414246361860057e-02
8.613185244801332963e-02
8.592075666704709902e-02
8.571084373711315707e-02
8.550210239726521722e-02
8.529452150787043829e-02
8.508809004927740671e-02
8.488279712049838499e-02
8.467863193790645115e-02
8.447558383394684900e-02
8.427364225586238267e-02
8.407279676443316085e-02
8.387303703272987188e-02
8.367435284488101976e-02
8.347673409485373286e-02
8.328017078524779793e-02
8.308465302610321124e-02
8.289017103372063600e-02
8.269671512949516856e-02
8.250427573876251142e-02
8.231284338965823288e-02
8.212240871198936421e-02
8.193296243611851437e-02
8.174449539186026681e-02
8.155699850738971912e-02
8.137046280816295774e-02
8.118487941584956458e-02
8.100023954727680886e-02
8.081653451338537131e-02
8.063375571819678123e-02
8.045189465779198357e-02
8.027094291930136905e-02
8.009089217990571219e-02
7.991173420584829490e-02
7.973346085145775752e-02
7.955606405818185789e-02
7.937953585363179132e-02
7.920386835063690512e-02
7.902905374631007118e-02
7.885508432112321719e-02
7.868195243798654925e-02
7.850965054134803611e-02
7.833817115632565886e-02
7.816750688778617562e-02
7.799765041948203415e-02
7.782859451318768773e-02
7.766033200784420998e-02
7.749285581871316608e-02
7.732615893653972672e-02
7.716023442672519106e-02
7.699507542850850261e-02
7.683067515415666071e-02
7.666702688816437461e-02
7.650412398646214140e-02
7.634195987563331676e-02
7.618052805213976209e-02
7.601982208155580456e-02
7.585983559781099561e-02
7.570056230244077977e-02
7.554199596384589266e-02
7.538413041655940561e-02
7.522695956052224964e-02
7.507047736036649710e-02
7.491467784470656754e-02
7.475955510543831617e-02
7.460510329704567178e-02
7.445131663591518512e-02
7.429818939965775193e-02
7.414571592643816322e-02
7.399389061431177472e-02
7.384270792056860100e-02
7.369216236108463991e-02
7.354224850968024696e-02
7.339296099748568447e-02
7.324429451231348476e-02
7.309624379803801586e-02
7.294880365398151434e-02
7.280196893430714022e-02
7.265573454741867943e-02
7.251009545536667156e-02
7.236504667326131013e-02
7.222058326869162936e-02
7.207670036115118584e-02
7.193339312147006837e-02
7.179065677125301415e-02
7.164848658232395029e-02
7.150687787617636404e-02
7.136582602343000126e-02
7.122532644329329643e-02
7.108537460303195055e-02
7.094596601744314335e-02
7.080709624833567140e-02
7.066876090401583155e-02
7.053095563877878615e-02
7.039367615240564591e-02
7.025691818966621482e-02
7.012067753982692553e-02
6.998495003616438115e-02
6.984973155548426793e-02
6.971501801764536099e-02
6.958080538508902568e-02
6.944708966237377046e-02
6.931386689571483739e-02
6.918113317252909400e-02
6.904888462098460189e-02
6.891711740955550058e-02
6.878582774658152654e-02
6.865501187983251430e-02
6.852466609607758830e-02
6.839478672065917031e-02
6.826537011707173308e-02
6.813641268654502259e-02
6.800791086763198490e-02
6.787986113580120329e-02
6.775226000303374851e-02
6.762510401742467814e-02
6.749838976278865754e-02
6.737211385826996635e-02
6.724627295795707060e-02
6.712086375050108078e-02
6.699588295873855348e-02
6.687132733931852591e-02
6.674719368233347772e-02
6.662347881095455338e-02
6.650017958107060090e-02
6.637729288093129065e-02
6.625481563079420322e-02
6.613274478257567812e-02
6.601107731950553448e-02
6.588981025578574680e-02
6.576894063625254860e-02
6.564846553604269941e-02
6.552838206026295742e-02
6.540868734366347970e-02
6.528937855031485826e-02
6.517045287328834813e-02
6.505190753434013373e-02
6.493373978359856524e-02
6.481594689925518349e-02
6.469852618725896454e-02
6.458147498101404760e-02
6.446479064108064094e-02
6.434847055487935563e-02
6.423251213639868951e-02
6.411691282590586960e-02
6.400167008966066440e-02
6.388678141963249901e-02
6.377224433322069286e-02
6.365805637297763941e-02
6.354421510633513626e-02
6.343071812533378206e-02
6.331756304635513533e-02
6.320474750985703716e-02
6.309226918011173746e-02
6.298012574494694926e-02
6.286831491548966477e-02
6.275683442591287187e-02
6.264568203318508777e-02
6.253485551682251564e-02
6.242435267864398368e-02
6.231417134252870138e-02
6.220430935417649299e-02
6.209476458087073714e-02
6.198553491124395021e-02
6.187661825504596480e-02
6.176801254291452298e-02
6.165971572614854790e-02
6.155172577648378163e-02
6.144404068587104584e-02
6.133665846625673684e-02
6.122957714936588108e-02
6.112279478648755676e-02
6.101630944826264003e-02
6.091011922447385485e-02
6.080422222383824460e-02
6.069861657380175995e-02
6.059330042033631014e-02
6.048827192773883338e-02
6.038352927843273349e-02
6.027907067277138431e-02
6.017489432884391004e-02
6.007099848228299177e-02
5.996738138607485974e-02
5.986404131037136034e-02
5.976097654230400763e-02
5.965818538580021368e-02
5.955566616140146874e-02
5.945341720608345731e-02
5.935143687307830457e-02
5.924972353169863371e-02
5.914827556716359402e-02
5.904709138042686656e-02
5.894616938800646688e-02
5.884550802181647694e-02
5.874510572900060873e-02
5.864496097176759987e-02
5.854507222722840631e-02
5.844543798723519229e-02
5.834605675822210347e-02
5.824692706104775408e-02
5.814804743083946265e-02
5.804941641683921544e-02
5.795103258225133003e-02
5.785289450409170087e-02
5.775500077303884205e-02
5.765734999328646360e-02
5.755994078239767830e-02
5.746277177116085322e-02
5.736584160344702227e-02
5.726914893606882551e-02
5.717269243864112060e-02
5.707647079344289887e-02
5.698048269528102616e-02
5.688472685135516349e-02
5.678920198112440143e-02
5.669390681617526156e-02
5.659884010009111344e-02
5.650400058832318745e-02
5.640938704806278126e-02
5.631499825811500659e-02
5.622083300877390999e-02
5.612689010169896048e-02
5.603316834979287647e-02
5.593966657708075024e-02
5.584638361859059486e-02
5.575331832023515399e-02
5.566046953869500935e-02
5.556783614130296478e-02
5.547541700592970026e-02
5.538321102087067488e-02
5.529121708473435509e-02
5.519943410633151859e-02
5.510786100456585568e-02
5.501649670832582661e-02
5.492534015637761530e-02
5.483439029725927644e-02
5.474364608917607622e-02
5.465310649989696401e-02
5.456277050665214734e-02
5.447263709603187426e-02
5.438270526388622184e-02
5.429297401522608507e-02
5.420344236412515115e-02
5.411410933362303943e-02
5.402497395562945448e-02
5.393603527082938692e-02
5.384729232858940368e-02
5.375874418686487494e-02
5.367038991210833221e-02
5.358222857917874921e-02
5.349425927125181501e-02
5.340648107973127584e-02
5.331889310416113720e-02
5.323149445213892078e-02
5.314428423922981648e-02
5.305726158888177807e-02
5.297042563234159729e-02
5.288377550857186610e-02
5.279731036416882711e-02
5.271102935328111916e-02
5.262493163773395571e-02
5.253901638643451028e-02
5.245328277560542402e-02
5.236772998881077112e-02
5.228235721632904648e-02
5.219716365652023876e-02
5.211214851414720794e-02
5.202731100090855071e-02
5.194265033541352328e-02
5.185816574305872340e-02
5.177385645595638380e-02
5.168972171286316530e-02
5.160576075910977556e-02
5.152197284653134424e-02
5.143835723339858917e-02
5.135491318434971114e-02
5.127163997032302412e-02
5.118853686849035578e-02
5.110560316219114885e-02
5.102283814086732566e-02
5.094024109999883976e-02
5.085781134103984497e-02
5.077554817135575271e-02
5.069345090416084443e-02
5.061151885845655701e-02
5.052975135897054548e-02
5.044814773609632153e-02
5.036670732583358595e-02
5.028542946972915789e-02
5.020431351481872279e-02
5.012335881356900363e-02
5.004256472382067472e-02
4.996193060873192759e-02
4.988145583672255745e-02
4.980113978141874342e-02
4.972098182159839785e-02
4.964098134113714700e-02
4.956113772895483910e-02
4.948145037896270471e-02
4.940191869001105823e-02
4.932254206583755463e-02
4.924331991501607747e-02
4.916425165090608507e-02
4.908533669160266427e-02
4.900657445988694516e-02
4.892796438317717489e-02
4.884950589348033972e-02
4.877119842734421729e-02
4.869304142581005329e-02
4.861503433436570321e-02
4.853717660289925961e-02
4.845946768565332491e-02
4.838190704117956847e-02
4.830449413229394307e-02
4.822722842603235915e-02
4.815010939360678949e-02
4.807313651036193569e-02
4.799630925573224877e-02
4.791962711319958795e-02
4.784308957025117798e-02
4.776669611833807977e-02
4.769044625283422323e-02
4.761433947299565511e-02
4.753837528192055017e-02
4.746255318650925703e-02
4.738687269742519748e-02
4.731133332905589073e-02
4.723593459947452583e-02
4.716067603040197814e-02
4.708555714716913115e-02
4.701057747867971870e-02
4.693573655737352107e-02
4.686103391918999134e-02
4.678646910353222166e-02
4.671204165323138147e-02
4.663775111451145400e-02
4.656359703695444469e-02
4.648957897346592261e-02
4.641569648024092276e-02
4.634194911681938089e-02
4.626833644582831889e-02
4.619485803308480409e-02
4.612151344760851562e-02
4.604830226154370959e-02
4.597522405012725855e-02
4.590227839165717666e-02
4.582946486746142245e-02
4.575678306186694438e-02
4.568423256216920525e-02
4.561181295860194246e-02
4.553952384430732386e-02
4.546736481530633950e-02
4.539533547046961659e-02
4.532343541148851213e-02
4.525166424284644134e-02
4.518002157179070583e-02
4.510850700830439791e-02
4.503712016507883248e-02
4.496586065748606198e-02
4.489472810355189109e-02
4.482372212392907174e-02
4.475284234187077576e-02
4.468208838320442827e-02
4.461145987630579096e-02
4.454095645207330201e-02
4.447057774390272833e-02
4.440032338766213005e-02
4.433019302166695680e-02
4.426018628665558119e-02
4.419030282576501267e-02
4.412054228450687510e-02
4.405090431074366875e-02
4.398138855466525443e-02
4.391199466876568452e-02
4.384272230782011032e-02
4.377357112886217511e-02
4.370454079116141421e-02
4.363563095620109217e-02
4.356684128765615088e-02
4.349817145137146318e-02
4.342962111534032221e-02
4.336118994968312518e-02
4.329287762662632072e-02
4.322468382048157143e-02
4.315660820762513838e-02
4.308865046647752939e-02
4.302081027748327902e-02
4.295308732309104788e-02
4.288548128773387452e-02
4.281799185780966327e-02
4.275061872166188714e-02
4.268336156956047817e-02
4.261622009368293967e-02
4.254919398809567377e-02
4.248228294873550304e-02
4.241548667339136575e-02
4.234880486168624003e-02
4.228223721505926930e-02
4.221578343674807499e-02
4.214944323177117341e-02
4.208321630691079507e-02
4.201710237069564147e-02
4.195110113338400282e-02
4.188521230694697978e-02
4.181943560505189950e-02
4.175377074304593289e-02
4.168821743793987150e-02
4.162277540839203621e-02
4.155744437469251901e-02
4.149222405874731373e-02
4.142711418406292562e-02
4.136211447573094613e-02
4.129722466041287066e-02
4.123244446632500643e-02
4.116777362322370654e-02
4.110321186239055541e-02
4.103875891661788039e-02
4.097441452019431885e-02
4.091017840889057955e-02
4.084605031994537061e-02
4.078202999205145923e-02
4.071811716534184944e-02
4.065431158137620266e-02
4.059061298312730687e-02
4.052702111496772619e-02
4.046353572265662391e-02
4.040015655332667571e-02
4.033688335547117032e-02
4.027371587893122107e-02
4.021065387488309550e-02
4.014769709582575313e-02
4.008484529556844561e-02
4.002209822921846266e-02
3.995945565316905146e-02
3.989691732508742622e-02
3.983448300390289576e-02
3.977215244979517839e-02
3.970992542418277232e-02
3.964780168971149960e-02
3.958578101024314705e-02
3.952386315084421842e-02
3.946204787777490147e-02
3.940033495847793804e-02
3.933872416156793117e-02
3.927721525682041637e-02
3.921580801516134918e-02
3.915450220865652337e-02
3.909329761050113483e-02
3.903219399500956754e-02
3.897119113760505460e-02
3.891028881480977641e-02
3.884948680423472300e-02
3.878878488456991708e-02
3.872818283557463021e-02
3.866768043806771693e-02
3.860727747391806686e-02
3.854697372603513306e-02
3.848676897835959232e-02
3.842666301585411642e-02
3.836665562449416422e-02
3.830674659125894721e-02
3.824693570412249916e-02
3.818722275204476657e-02
3.812760752496287958e-02
3.806808981378242279e-02
3.800866941036891433e-02
3.794934610753921550e-02
3.789011969905325961e-02
3.783098997960562815e-02
3.777195674481737681e-02
3.771301979122788223e-02
3.765417891628680680e-02
3.759543391834607035e-02
3.753678459665208550e-02
3.747823075133783349e-02
3.741977218341525913e-02
3.736140869476753390e-02
3.730314008814158977e-02
3.724496616714059044e-02
3.718688673621656227e-02
3.712890160066308759e-02
3.707101056660803973e-02
3.701321344100645672e-02
3.695551003163342202e-02
3.689790014707706317e-02
3.684038359673164065e-02
3.678296019079063672e-02
3.672562974024001781e-02
3.666839205685148984e-02
3.661124695317583000e-02
3.655419424253636418e-02
3.649723373902238194e-02
3.644036525748278743e-02
3.638358861351964624e-02
3.632690362348191954e-02
3.627031010445923298e-02
3.621380787427565945e-02
3.615739675148368915e-02
3.610107655535809562e-02
3.604484710589003077e-02
3.598870822378105044e-02
3.593265973043729272e-02
3.587670144796367699e-02
3.582083319915817243e-02
3.576505480750611504e-02
3.570936609717460797e-02
3.565376689300695651e-02
3.559825702051717250e-02
3.554283630588454812e-02
3.548750457594823660e-02
3.543226165820197171e-02
3.537710738078880118e-02
3.532204157249581311e-02
3.526706406274903588e-02
3.521217468160829644e-02
3.515737325976216188e-02
3.510265962852299193e-02
3.504803361982190835e-02
3.499349506620396538e-02
3.493904380082330646e-02
3.488467965743829308e-02
3.483040247040683490e-02
3.477621207468165748e-02
3.472210830580566704e-02
3.466809099990733611e-02
3.461415999369620022e-02
3.456031512445825044e-02
3.450655623005159656e-02
3.445288314890197073e-02
3.439929571999839758e-02
3.434579378288887819e-02
3.429237717767605331e-02
3.423904574501309556e-02
3.418579932609936561e-02
3.413263776267640853e-02
3.407956089702374181e-02
3.402656857195487938e-02
3.397366063081325854e-02
3.392083691746827084e-02
3.386809727631136940e-02
3.381544155225208598e-02
3.376286959071427701e-02
3.371038123763225175e-02
3.365797633944699052e-02
3.360565474310244632e-02
3.355341629604178394e-02
3.350126084620376476e-02
3.344918824201915247e-02
3.339719833240701458e-02
3.334529096677131543e-02
3.329346599499726639e-02
3.324172326744796735e-02
3.319006263496085407e-02
3.313848394884439524e-02
3.308698706087462998e-02
3.303557182329187880e-02
3.298423808879742680e-02
3.293298571055027629e-02
3.288181454216384386e-02
3.283072443770283094e-02
3.277971525168000416e-02
3.272878683905309366e-02
3.267793905522160813e-02
3.262717175602385805e-02
3.257648479773385397e-02
3.252587803705828812e-02
3.247535133113356454e-02
3.242490453752284313e-02
3.237453751421311143e-02
3.232425011961229805e-02
3.227404221254639299e-02
3.222391365225661664e-02
3.217386429839660944e-02
3.212389401102966335e-02
3.207400265062595318e-02
3.202419007805981654e-02
3.197445615460706853e-02
3.192480074194230244e-02
3.187522370213627387e-02
3.182572489765328472e-02
3.177630419134856027e-02
3.172696144646570265e-02
3.167769652663416508e-02
3.162850929586670523e-02
3.157939961855692895e-02
3.153036735947681996e-02
3.148141238377426265e-02
3.143253455697066212e-02
3.138373374495855017e-02
3.133500981399919144e-02
3.128636263072028662e-02
3.123779206211358545e-02
3.118929797553264202e-02
3.114088023869050759e-02
3.109253871965748928e-02
3.104427328685890886e-02
3.099608380907292390e-02
3.094797015542828655e-02
3.089993219540221325e-02
3.085196979881824064e-02
3.080408283584408838e-02
3.075627117698954971e-02
3.070853469310443756e-02
3.066087325537646818e-02
3.061328673532929395e-02
3.056577500482041132e-02
3.051833793603918321e-02
3.047097540150487879e-02
3.042368727406467854e-02
3.037647342689172789e-02
3.032933373348322553e-02
3.028226806765852569e-02
3.023527630355721599e-02
3.018835831563727867e-02
3.014151397867321017e-02
3.009474316775422043e-02
3.004804575828236984e-02
3.000142162597080678e-02
2.995487064684197384e-02
2.990839269722583502e-02
2.986198765375814440e-02
2.981565539337866985e-02
2.976939579332954500e-02
2.972320873115351716e-02
2.967709408469228205e-02
2.963105173208482185e-02
2.958508155176574339e-02
2.953918342246364750e-02
2.949335722319952613e-02
2.944760283328511086e-02
2.940192013232133944e-02
2.935630900019674944e-02
2.931076931708592043e-02
2.926530096344793705e-02
2.921990382002484857e-02
2.917457776784018395e-02
2.912932268819739060e-02
2.908413846267841191e-02
2.903902497314216416e-02
2.899398210172311058e-02
2.894900973082979723e-02
2.890410774314340625e-02
2.885927602161637157e-02
2.881451444947096333e-02
2.876982291019785504e-02
2.872520128755481211e-02
2.868064946556525552e-02
2.863616732851693991e-02
2.859175476096062485e-02
2.854741164770871129e-02
2.850313787383395442e-02
2.845893332466813141e-02
2.841479788580077506e-02
2.837073144307785191e-02
2.832673388260054451e-02
2.828280509072394339e-02
2.823894495405583974e-02
2.819515335945545209e-02
2.815143019403222591e-02
2.810777534514462619e-02
2.806418870039890934e-02
2.802067014764795042e-02
2.797721957499005666e-02
2.793383687076779476e-02
2.789052192356683210e-02
2.784727462221479530e-02
2.780409485578012527e-02
2.776098251357093580e-02
2.771793748513391026e-02
2.767495966025319137e-02
2.763204892894927794e-02
2.758920518147794237e-02
2.754642830832913086e-02
2.750371820022591909e-02
2.746107474812343671e-02
2.741849784320781955e-02
2.737598737689517225e-02
2.733354324083052053e-02
2.729116532688680499e-02
2.724885352716385073e-02
2.720660773398738200e-02
2.716442783990799525e-02
2.712231373770020507e-02
2.708026532036143796e-02
2.703828248111106447e-02
2.699636511338944847e-02
2.695451311085697577e-02
2.691272636739312427e-02
2.687100477709552029e-02
2.682934823427899490e-02
2.678775663347467487e-02
2.674622986942907371e-02
2.670476783710317922e-02
2.666337043167153406e-02
2.662203754852136839e-02
2.658076908325172211e-02
2.653956493167255321e-02
2.649842498980385999e-02
2.645734915387483455e-02
2.641633732032301618e-02
2.637538938579342060e-02
2.633450524713772112e-02
2.629368480141340211e-02
2.625292794588294717e-02
2.621223457801298909e-02
2.617160459547353615e-02
2.613103789613715339e-02
2.609053437807813680e-02
2.605009393957176053e-02
2.600971647909346846e-02
2.596940189531810050e-02
2.592915008711911898e-02
2.588896095356782445e-02
2.584883439393263760e-02
2.580877030767830815e-02
2.576876859446517246e-02
2.572882915414841445e-02
2.568895188677734406e-02
2.564913669259463735e-02
2.560938347203564266e-02
2.556969212572763814e-02
2.553006255448912395e-02
2.549049465932914232e-02
2.545098834144652114e-02
2.541154350222923561e-02
2.537216004325366925e-02
2.533283786628397205e-02
2.529357687327135271e-02
2.525437696635339860e-02
2.521523804785344089e-02
2.517616002027985023e-02
2.513714278632540877e-02
2.509818624886664754e-02
2.505929031096317677e-02
2.502045487585707884e-02
2.498167984697225244e-02
2.494296512791376041e-02
2.490431062246723642e-02
2.486571623459823271e-02
2.482718186845161989e-02
2.478870742835095203e-02
2.475029281879788726e-02
2.471193794447154937e-02
2.467364271022794153e-02
2.463540702109935643e-02
2.459723078229378648e-02
2.455911389919430282e-02
2.452105627735852791e-02
2.448305782251801455e-02
2.444511844057768030e-02
2.440723803761524896e-02
2.436941651988067462e-02
2.433165379379558999e-02
2.429394976595272010e-02
2.425630434311537922e-02
2.421871743221687412e-02
2.418118894035999056e-02
2.414371877481643128e-02
2.410630684302628862e-02
2.406895305259750331e-02
2.403165731130533708e-02
2.399441952709186962e-02
2.395723960806543304e-02
2.392011746250011922e-02
2.388305299883527674e-02
2.384604612567496965e-02
2.380909675178749865e-02
2.377220478610486687e-02
2.373537013772230447e-02
2.369859271589776911e-02
2.366187243005143936e-02
2.362520918976522208e-02
2.358860290478229094e-02
2.355205348500658338e-02
2.351556084050232531e-02
2.347912488149353494e-02
2.344274551836359258e-02
2.340642266165472718e-02
2.337015622206758611e-02
2.333394611046072861e-02
2.329779223785020947e-02
2.326169451540908290e-02
2.322565285446698269e-02
2.318966716650963655e-02
2.315373736317845668e-02
2.311786335627004016e-02
2.308204505773578386e-02
2.304628237968140564e-02
2.301057523436652458e-02
2.297492353420422379e-02
2.293932719176061674e-02
2.290378611975442055e-02
2.286830023105653267e-02
2.283286943868958682e-02
2.279749365582757481e-02
2.276217279579539551e-02
2.272690677206844895e-02
2.269169549827223381e-02
2.265653888818190687e-02
2.262143685572192559e-02
2.258638931496559366e-02
2.255139618013469668e-02
2.251645736559907893e-02
2.248157278587625818e-02
2.244674235563104067e-02
2.241196598967508738e-02
2.237724360296657056e-02
2.234257511060977822e-02
2.230796042785470473e-02
2.227339947009669696e-02
2.223889215287605525e-02
2.220443839187766222e-02
2.217003810293060109e-02
2.213569120200779838e-02
2.210139760522563182e-02
2.206715722884357994e-02
2.203296998926385086e-02
2.199883580303099023e-02
2.196475458683157592e-02
2.193072625749379820e-02
2.189675073198714406e-02
2.186282792742201206e-02
2.182895776104938623e-02
2.179514015026044402e-02
2.176137501258625789e-02
2.172766226569741027e-02
2.169400182740366043e-02
2.166039361565357674e-02
2.162683754853424525e-02
2.159333354427089152e-02
2.155988152122654405e-02
2.152648139790170473e-02
2.149313309293401572e-02
2.145983652509793685e-02
2.142659161330439169e-02
2.139339827660045185e-02
2.136025643416900391e-02
2.132716600532844758e-02
2.129412690953232448e-02
2.126113906636905443e-02
2.122820239556156424e-02
2.119531681696699629e-02
2.116248225057639626e-02
2.112969861651437312e-02
2.109696583503881812e-02
2.106428382654055784e-02
2.103165251154307316e-02
2.099907181070218357e-02
2.096654164480573138e-02
2.093406193477327995e-02
2.090163260165581877e-02
2.086925356663545117e-02
2.083692475102509253e-02
2.080464607626818924e-02
2.077241746393840294e-02
2.074023883573931221e-02
2.070811011350413497e-02
2.067603121919542666e-02
2.064400207490479228e-02
2.061202260285257062e-02
2.058009272538760884e-02
2.054821236498689460e-02
2.051638144425533411e-02
2.048459988592543982e-02
2.045286761285704941e-02
2.042118454803703437e-02
2.038955061457905366e-02
2.035796573572324145e-02
2.032642983483595386e-02
2.029494283540945326e-02
2.026350466106168619e-02
2.023211523553597804e-02
2.020077448270076945e-02
2.016948232654933171e-02
2.013823869119951704e-02
2.010704350089348100e-02
2.007589667999740840e-02
2.004479815300127393e-02
2.001374784451853336e-02
1.998274567928590845e-02
1.995179158216307466e-02
1.992088547813245653e-02
1.989002729229891533e-02
1.985921694988952019e-02
1.982845437625328430e-02
1.979773949686090481e-02
1.976707223730450949e-02
1.973645252329741043e-02
1.970588028067383340e-02
1.967535543538867851e-02
1.964487791351727380e-02
1.961444764125510470e-02
1.958406454491760582e-02
1.955372855093985562e-02
1.952343958587637179e-02
1.949319757640087178e-02
1.946300244930598833e-02
1.943285413150306826e-02
1.940275255002189489e-02
1.937269763201047643e-02
1.934268930473478573e-02
1.931272749557852789e-02
1.928281213204290079e-02
1.925294314174635923e-02
1.922312045242439635e-02
1.919334399192925561e-02
1.916361368822975739e-02
1.913392946941102832e-02
1.910429126367427580e-02
1.907469899933657634e-02
1.904515260483060149e-02
1.901565200870445130e-02
1.898619713962134900e-02
1.895678792635948837e-02
1.892742429781174920e-02
1.889810618298549613e-02
1.886883351100236694e-02
1.883960621109801933e-02
1.881042421262191580e-02
1.878128744503711547e-02
1.875219583792003125e-02
1.872314932096024245e-02
1.869414782396022420e-02
1.866519127683517743e-02
1.863627960961277211e-02
1.860741275243296342e-02
1.857859063554774537e-02
1.854981318932095655e-02
1.852108034422804417e-02
1.849239203085588021e-02
1.846374817990251507e-02
1.843514872217698330e-02
1.840659358859908154e-02
1.837808271019917769e-02
1.834961601811797155e-02
1.832119344360630397e-02
1.829281491802493831e-02
1.826448037284436957e-02
1.823618973964458850e-02
1.820794295011491162e-02
1.817973993605373137e-02
1.815158062936833919e-02
1.812346496207473123e-02
1.809539286629737245e-02
1.806736427426900923e-02
1.803937911833047511e-02
1.801143733093048260e-02
1.798353884462540811e-02
1.795568359207911843e-02
1.792787150606274874e-02
1.790010251945451519e-02
1.787237656523951376e-02
1.784469357650951896e-02
1.781705348646277567e-02
1.778945622840384308e-02
1.776190173574336215e-02
1.773438994199786484e-02
1.770692078078959023e-02
1.767949418584627980e-02
1.765211009100100398e-02
1.762476843019194356e-02
1.759746913746221622e-02
1.757021214695967878e-02
1.754299739293673985e-02
1.751582480975015163e-02
1.748869433186086772e-02
1.746160589383378633e-02
1.743455943033762542e-02
1.740755487614468328e-02
1.738059216613069974e-02
1.735367123527463418e-02
1.732679201865848159e-02
1.729995445146711650e-02
1.727315846898806739e-02
1.724640400661137801e-02
1.721969099982937484e-02
1.719301938423652490e-02
1.716638909552922060e-02
1.713980006950563406e-02
1.711325224206549506e-02
1.708674554920994182e-02
1.706027992704133023e-02
1.703385531176304299e-02
1.700747163967933351e-02
1.698112884719512120e-02
1.695482687081582840e-02
1.692856564714721387e-02
1.690234511289515767e-02
1.687616520486553279e-02
1.685002585996399002e-02
1.682392701519579495e-02
1.679786860766566137e-02
1.677185057457757436e-02
1.674587285323459948e-02
1.671993538103873356e-02
1.669403809549071041e-02
1.666818093418984473e-02
1.664236383483385512e-02
1.661658673521866983e-02
1.659084957323828796e-02
1.656515228688460600e-02
1.653949481424722354e-02
1.651387709351328364e-02
1.648829906296733067e-02
1.646276066099108468e-02
1.643726182606333394e-02
1.641180249675973021e-02
1.638638261175261873e-02
1.636100210981089945e-02
1.633566092979983272e-02
1.631035901068089017e-02
1.628509629151158114e-02
1.625987271144528970e-02
1.623468820973110460e-02
1.620954272571365970e-02
1.618443619883298129e-02
1.615936856862429036e-02
1.613433977471788114e-02
1.610934975683894071e-02
1.608439845480736513e-02
1.605948580853764143e-02
1.603461175803864297e-02
1.600977624341350450e-02
1.598497920485942789e-02
1.596022058266755722e-02
1.593550031722277757e-02
1.591081834900360051e-02
1.588617461858198021e-02
1.586156906662314348e-02
1.583700163388545787e-02
1.581247226122025826e-02
1.578798088957170109e-02
1.576352745997658400e-02
1.573911191356422087e-02
1.571473419155625453e-02
1.569039423526652488e-02
1.566609198610091278e-02
1.564182738555715615e-02
1.561760037522472687e-02
1.559341089678466935e-02
1.556925889200943408e-02
1.554514430276273708e-02
1.552106707099940031e-02
1.549702713876520074e-02
1.547302444819672294e-02
1.544905894152118903e-02
1.542513056105633204e-02
1.540123924921022423e-02
1.537738494848113827e-02
1.535356760145739283e-02
1.532978715081719651e-02
1.530604353932850901e-02
1.528233670984887813e-02
1.525866660532530783e-02
1.523503316879409007e-02
1.521143634338066597e-02
1.518787607229948530e-02
1.516435229885383998e-02
1.514086496643573913e-02
1.511741401852573566e-02
1.509399939869280304e-02
1.507062105059417227e-02
1.504727891797520180e-02
1.502397294466921267e-02
1.500070307459735498e-02
1.497746925176846738e-02
1.495427142027891398e-02
1.493110952431245600e-02
1.490798350814010430e-02
1.488489331611997542e-02
1.486183889269713371e-02
1.483882018240347683e-02
1.481583712985756231e-02
1.479288967976448606e-02
1.476997777691573324e-02
1.474710136618903426e-02
1.472426039254822253e-02
1.470145480104309739e-02
1.467868453680928192e-02
1.465594954506807893e-02
1.463324977112633561e-02
1.461058516037629096e-02
1.458795565829545601e-02
1.456536121044645776e-02
1.454280176247691077e-02
1.452027726011926624e-02
1.449778764919068368e-02
1.447533287559288513e-02
1.445291288531202513e-02
1.443052762441854840e-02
1.440817703906704939e-02
1.438586107549614038e-02
1.436357968002830929e-02
1.434133279906979301e-02
1.431912037911042476e-02
1.429694236672351092e-02
1.427479870856569397e-02
1.425268935137681200e-02
1.423061424197976689e-02
1.420857332728038547e-02
1.418656655426729640e-02
1.416459387001177579e-02
1.414265522166763267e-02
1.412075055647106503e-02
1.409887982174052277e-02
1.407704296487658803e-02
1.405523993336183115e-02
1.403347067476067543e-02
1.401173513671927565e-02
1.399003326696538277e-02
1.396836501330819651e-02
1.394673032363825949e-02
1.392512914592730806e-02
1.390356142822814223e-02
1.388202711867450763e-02
1.386052616548094120e-02
1.383905851694267053e-02
1.381762412143546122e-02
1.379622292741549024e-02
1.377485488341922276e-02
1.375351993806328728e-02
1.373221804004432813e-02
1.371094913813889794e-02
1.368971318120331369e-02
1.366851011817353523e-02
1.364733989806503518e-02
1.362620246997267061e-02
1.360509778307055634e-02
1.358402578661194529e-02
1.356298642992908622e-02
1.354197966243310229e-02
1.352100543361387484e-02
1.350006369303990636e-02
1.347915439035818862e-02
1.345827747529410034e-02
1.343743289765125630e-02
1.341662060731138931e-02
1.339584055423424097e-02
1.337509268845740729e-02
1.335437696009624323e-02
1.333369331934371876e-02
1.331304171647030091e-02
1.329242210182383747e-02
1.327183442582941658e-02
1.325127863898925909e-02
1.323075469188258677e-02
1.321026253516550085e-02
1.318980211957086410e-02
1.316937339590816547e-02
1.314897631506341431e-02
1.312861082799900679e-02
1.310827688575360618e-02
1.308797443944203186e-02
1.306770344025511357e-02
1.304746383945959778e-02
1.302725558839800540e-02
1.300707863848852772e-02
1.298693294122489281e-02
1.296681844817625107e-02
1.294673511098706244e-02
1.292668288137695416e-02
1.290666171114062538e-02
1.288667155214772223e-02
1.286671235634269904e-02
1.284678407574472818e-02
1.282688666244756470e-02
1.280702006861943361e-02
1.278718424650290147e-02
1.276737914841477237e-02
1.274760472674596121e-02
1.272786093396137928e-02
1.270814772259981282e-02
1.268846504527381194e-02
1.266881285466957448e-02
1.264919110354681756e-02
1.262959974473867354e-02
1.261003873115156340e-02
1.259050801576509261e-02
1.257100755163192453e-02
1.255153729187767110e-02
1.253209718970077317e-02
1.251268719837238599e-02
1.249330727123626472e-02
1.247395736170865688e-02
1.245463742327816703e-02
1.243534740950566660e-02
1.241608727402416200e-02
1.239685697053869405e-02
1.237765645282620959e-02
1.235848567473546086e-02
1.233934459018688236e-02
1.232023315317248326e-02
1.230115131775573467e-02
1.228209903807144995e-02
1.226307626832567887e-02
1.224408296279560007e-02
1.222511907582938921e-02
1.220618456184612705e-02
1.218727937533567451e-02
1.216840347085857733e-02
1.214955680304592722e-02
1.213073932659927863e-02
1.211195099629052557e-02
1.209319176696178368e-02
1.207446159352529302e-02
1.205576043096329673e-02
1.203708823432793860e-02
1.201844495874115036e-02
1.199983055939453369e-02
1.198124499154926484e-02
1.196268821053597144e-02
1.194416017175463710e-02
1.192566083067447998e-02
1.190719014283384697e-02
1.188874806384010788e-02
1.187033454936954439e-02
1.185194955516724255e-02
1.183359303704698169e-02
1.181526495089113560e-02
1.179696525265055279e-02
1.177869389834445418e-02
1.176045084406032552e-02
1.174223604595380811e-02
1.172404946024859645e-02
1.170589104323632550e-02
1.168776075127647175e-02
1.166965854079623534e-02
1.165158436829044110e-02
1.163353819032142931e-02
1.161551996351895683e-02
1.159752964458007907e-02
1.157956719026905466e-02
1.156163255741723614e-02
1.154372570292296063e-02
1.152584658375144927e-02
1.150799515693471005e-02
1.149017137957141464e-02
1.147237520882680648e-02
1.145460660193259143e-02
1.143686551618684072e-02
1.141915190895387983e-02
1.140146573766417926e-02
1.138380695981426778e-02
1.136617553296661622e-02
1.134857141474953160e-02
1.133099456285706352e-02
1.131344493504889658e-02
1.129592248915024626e-02
1.127842718305176010e-02
1.126095897470941014e-02
1.124351782214438877e-02
1.122610368344301862e-02
1.120871651675664146e-02
1.119135628030151243e-02
1.117402293235870980e-02
1.115671643127402399e-02
1.113943673545785169e-02
1.112218380338511788e-02
1.110495759359515083e-02
1.108775806469158853e-02
1.107058517534228147e-02
1.105343888427919204e-02
1.103631915029828874e-02
1.101922593225944554e-02
1.100215918908635515e-02
1.098511887976641455e-02
1.096810496335063473e-02
1.095111739895352800e-02
1.093415614575302466e-02
1.091722116299036899e-02
1.090031240997000814e-02
1.088342984605951067e-02
1.086657343068946242e-02
1.084974312335336075e-02
1.083293888360752251e-02
1.081616067107098872e-02
1.079940844542541696e-02
1.078268216641499293e-02
1.076598179384632460e-02
1.074930728758835378e-02
1.073265860757225548e-02
1.071603571379132862e-02
1.069943856630092317e-02
1.068286712521832049e-02
1.066632135072264828e-02
1.064980120305478346e-02
1.063330664251724983e-02
1.061683762947412610e-02
1.060039412435095398e-02
1.058397608763462887e-02
1.056758347987332529e-02
1.055121626167637369e-02
1.053487439371419108e-02
1.051855783671817174e-02
1.050226655148059351e-02
1.048600049885452419e-02
1.046975963975373125e-02
1.045354393515257087e-02
1.043735334608592198e-02
1.042118783364905793e-02
1.040504735899758053e-02
1.038893188334731252e-02
1.037284136797420042e-02
1.035677577421423128e-02
1.034073506346333375e-02
1.032471919717728448e-02
1.030872813687160917e-02
1.029276184412150283e-02
1.027682028056172391e-02
1.026090340788651280e-02
1.024501118784948601e-02
1.022914358226355291e-02
1.021330055300082550e-02
1.019748206199251432e-02
1.018168807122884871e-02
1.016591854275897266e-02
1.015017343869087200e-02
1.013445272119126161e-02
1.011875635248550738e-02
1.010308429485752210e-02
1.008743651064969438e-02
1.007181296226277584e-02
1.005621361215581003e-02
1.004063842284601792e-02
1.002508735690873717e-02
1.000956037697730595e-02
9.994057445742979620e-03
9.978578525954849218e-03
9.963123580419747799e-03
9.947692572002144601e-03
9.932285463624080865e-03
9.916902218265065752e-03
9.901542798961980932e-03
9.886207168809014664e-03
9.870895290957542104e-03
9.855607128616059379e-03
9.840342645050084713e-03
9.825101803582071691e-03
9.809884567591319049e-03
9.794690900513887410e-03
9.779520765842500407e-03
9.764374127126473554e-03
9.749250947971610168e-03
9.734151192040114628e-03
9.719074823050517786e-03
9.704021804777576352e-03
9.688992101052187889e-03
9.673985675761309286e-03
9.659002492847864815e-03
9.644042516310657662e-03
9.629105710204288390e-03
9.614192038639061272e-03
9.599301465780899281e-03
9.584433955851267770e-03
9.569589473127073850e-03
9.554767981940588337e-03
9.539969446679352066e-03
9.525193831786106513e-03
9.510441101758686233e-03
9.495711221149947742e-03
9.481004154567679310e-03
9.466319866674519426e-03
9.451658322187859659e-03
9.437019485879775266e-03
9.422403322576934984e-03
9.407809797160505624e-03
9.393238874566080948e-03
9.378690519783594928e-03
9.364164697857228076e-03
9.349661373885332846e-03
9.335180513020341700e-03
9.320722080468692508e-03
9.306286041490736613e-03
9.291872361400657296e-03
9.277481005566393449e-03
9.263111939409535492e-03
9.248765128405266392e-03
9.234440538082261049e-03
9.220138134022618642e-03
9.205857881861760281e-03
9.191599747288363084e-03
9.177363696044264774e-03
9.163149693924396016e-03
9.148957706776679813e-03
9.134787700501962107e-03
9.120639641053931990e-03
9.106513494439017614e-03
9.092409226716339360e-03
9.078326803997593605e-03
9.064266192446995482e-03
9.050227358281178261e-03
9.036210267769130902e-03
9.022214887232100911e-03
9.008241183043528416e-03
8.994289121628945560e-03
8.980358669465910576e-03
8.966449793083921052e-03
8.952562459064341074e-03
8.938696634040304081e-03
8.924852284696655619e-03
8.911029377769849255e-03
8.897227880047884133e-03
8.883447758370218231e-03
8.869688979627681630e-03
8.855951510762407122e-03
8.842235318767748681e-03
8.828540370688199926e-03
8.814866633619312594e-03
8.801214074707623680e-03
8.787582661150566965e-03
8.773972360196400158e-03
8.760383139144135509e-03
8.746814965343433987e-03
8.733267806194549773e-03
8.719741629148253931e-03
8.706236401705733791e-03
8.692752091418533972e-03
8.679288665888476584e-03
8.665846092767571021e-03
8.652424339757949778e-03
8.639023374611778244e-03
8.625643165131188783e-03
8.612283679168204406e-03
8.598944884624636423e-03
8.585626749452044543e-03
8.572329241651627588e-03
8.559052329274164511e-03
8.545795980419936336e-03
8.532560163238637682e-03
8.519344845929314319e-03
8.506149996740279898e-03
8.492975583969032682e-03
8.479821575962194838e-03
8.466687941115418753e-03
8.453574647873331530e-03
8.440481664729436104e-03
8.427408960226052265e-03
8.414356502954235123e-03
8.401324261553693579e-03
8.388312204712727871e-03
8.375320301168149781e-03
8.362348519705190691e-03
8.349396829157454750e-03
8.336465198406819987e-03
8.323553596383379341e-03
8.310661992065355649e-03
8.297790354479032265e-03
8.284938652698674993e-03
8.272106855846464435e-03
8.259294933092409252e-03
8.246502853654283718e-03
8.233730586797551390e-03
8.220978101835287044e-03
8.208245368128103819e-03
8.195532355084080359e-03
8.182839032158691420e-03
8.170165368854724608e-03
8.157511334722214458e-03
8.144876899358369574e-03
8.132262032407496302e-03
8.119666703560927609e-03
8.107090882556943282e-03
8.094534539180707478e-03
8.081997643264195869e-03
8.069480164686105433e-03
8.056982073371811090e-03
8.044503339293268551e-03
8.032043932468946670e-03
8.019603822963768461e-03
8.007182980889029564e-03
7.994781376402318451e-03
7.982398979707462650e-03
7.970035761054436799e-03
7.957691690739310611e-03
7.945366739104167339e-03
7.933060876537032652e-03
7.920774073471798307e-03
7.908506300388163171e-03
7.896257527811558624e-03
7.884027726313068765e-03
7.871816866509364491e-03
7.859624919062642781e-03
7.847451854680539962e-03
7.835297644116069257e-03
7.823162258167553132e-03
7.811045667678551303e-03
7.798947843537781810e-03
7.786868756679062899e-03
7.774808378081237564e-03
7.762766678768107630e-03
7.750743629808353082e-03
7.738739202315479161e-03
7.726753367447733965e-03
7.714786096408042526e-03
7.702837360443940025e-03
7.690907130847500668e-03
7.678995378955265697e-03
7.667102076148180935e-03
7.655227193851523934e-03
7.643370703534833714e-03
7.631532576711847447e-03
7.619712784940425865e-03
7.607911299822488205e-03
7.596128093003945425e-03
7.584363136174629080e-03
7.572616401068219330e-03
7.560887859462187693e-03
7.549177483177724191e-03
7.537485244079661882e-03
7.525811114076421358e-03
7.514155065119934411e-03
7.502517069205582451e-03
7.490897098372124516e-03
7.479295124701634823e-03
7.467711120319429040e-03
7.456145057394005307e-03
7.444596908136967908e-03
7.433066644802970892e-03
7.421554239689640009e-03
7.410059665137518937e-03
7.398582893529990351e-03
7.387123897293218673e-03
7.375682648896078088e-03
7.364259120850090087e-03
7.352853285709351483e-03
7.341465116070480627e-03
7.330094584572535016e-03
7.318741663896959244e-03
7.307406326767512152e-03
7.296088545950203501e-03
7.284788294253226326e-03
7.273505544526897952e-03
7.262240269663584533e-03
7.250992442597644673e-03
7.239762036305360908e-03
7.228549023804872048e-03
7.217353378156117667e-03
7.206175072460757440e-03
7.195014079862124302e-03
7.183870373545145523e-03
7.172743926736288925e-03
7.161634712703490030e-03
7.150542704756093944e-03
7.139467876244783365e-03
7.128410200561526543e-03
7.117369651139504420e-03
7.106346201453046449e-03
7.095339825017573342e-03
7.084350495389523349e-03
7.073378186166301082e-03
7.062422870986203791e-03
7.051484523528362379e-03
7.040563117512678958e-03
7.029658626699758321e-03
7.018771024890853305e-03
7.007900285927795396e-03
6.997046383692934017e-03
6.986209292109072343e-03
6.975388985139405716e-03
6.964585436787460934e-03
6.953798621097029460e-03
6.943028512152109311e-03
6.932275084076838269e-03
6.921538311035439241e-03
6.910818167232144794e-03
6.900114626911151190e-03
6.889427664356546389e-03
6.878757253892248472e-03
6.868103369881947522e-03
6.857465986729044914e-03
6.846845078876583925e-03
6.836240620807198555e-03
6.825652587043045012e-03
6.815080952145744463e-03
6.804525690716317111e-03
6.793986777395126693e-03
6.783464186861818020e-03
6.772957893835252798e-03
6.762467873073450646e-03
6.751994099373532718e-03
6.741536547571654048e-03
6.731095192542946304e-03
6.720670009201459676e-03
6.710260972500100424e-03
6.699868057430567563e-03
6.689491239023297349e-03
6.679130492347403435e-03
6.668785792510613548e-03
6.658457114659211383e-03
6.648144433977975880e-03
6.637847725690124850e-03
6.627566965057250792e-03
6.617302127379264508e-03
6.607053187994337863e-03
6.596820122278833527e-03
6.586602905647264208e-03
6.576401513552214591e-03
6.566215921484294497e-03
6.556046104972077307e-03
6.545892039582038371e-03
6.535753700918497770e-03
6.525631064623565666e-03
6.515524106377075519e-03
6.505432801896532044e-03
6.495357126937050495e-03
6.485297057291299419e-03
6.475252568789444281e-03
6.465223637299082407e-03
6.455210238725193547e-03
6.445212349010073956e-03
6.435229944133288686e-03
6.425263000111603069e-03
6.415311492998928937e-03
6.405375398886272581e-03
6.395454693901668833e-03
6.385549354210129022e-03
6.375659356013582864e-03
6.365784675550817742e-03
6.355925289097428404e-03
6.346081172965752776e-03
6.336252303504820785e-03
6.326438657100290179e-03
6.316640210174401422e-03
6.306856939185908305e-03
6.297088820630028505e-03
6.287335831038389812e-03
6.277597946978965941e-03
6.267875145056021891e-03
6.258167401910064501e-03
6.248474694217781740e-03
6.238796998691981989e-03
6.229134292081545468e-03
6.219486551171365257e-03
6.209853752782290050e-03
6.200235873771073845e-03
6.190632891030314368e-03
6.181044781488397553e-03
6.171471522109448979e-03
6.161913089893269677e-03
6.152369461875289297e-03
6.142840615126500189e-03
6.133326526753416635e-03
6.123827173898006328e-03
6.114342533737641798e-03
6.104872583485047507e-03
6.095417300388240867e-03
6.085976661730475856e-03
6.076550644830197925e-03
6.067139227040978071e-03
6.057742385751466868e-03
6.048360098385334623e-03
6.038992342401220195e-03
6.029639095292674625e-03
6.020300334588112555e-03
6.010976037850748917e-03
6.001666182678552959e-03
5.992370746704191002e-03
5.983089707594974396e-03
5.973823043052799674e-03
5.964570730814108650e-03
5.955332748649818167e-03
5.946109074365278462e-03
5.936899685800217652e-03
5.927704560828682759e-03
5.918523677358996336e-03
5.909357013333690553e-03
5.900204546729469895e-03
5.891066255557143513e-03
5.881942117861578383e-03
5.872832111721651600e-03
5.863736215250189669e-03
5.854654406593919926e-03
5.845586663933417630e-03
5.836532965483051325e-03
5.827493289490934258e-03
5.818467614238867144e-03
5.809455918042295657e-03
5.800458179250243644e-03
5.791474376245274967e-03
5.782504487443432782e-03
5.773548491294192703e-03
5.764606366280405556e-03
5.755678090918252277e-03
5.746763643757184931e-03
5.737863003379885946e-03
5.728976148402204795e-03
5.720103057473110292e-03
5.711243709274646356e-03
5.702398082521870429e-03
5.693566155962810973e-03
5.684747908378409362e-03
5.675943318582473904e-03
5.667152365421624337e-03
5.658375027775247590e-03
5.649611284555440538e-03
5.640861114706963164e-03
5.632124497207186518e-03
5.623401411066039808e-03
5.614691835325969632e-03
5.605995749061874929e-03
5.597313131381067078e-03
5.588643961423216990e-03
5.579988218360306534e-03
5.571345881396575633e-03
5.562716929768475420e-03
5.554101342744610127e-03
5.545499099625703261e-03
5.536910179744528211e-03
5.528334562465876158e-03
5.519772227186494490e-03
5.511223153335046906e-03
5.502687320372051834e-03
5.494164707789846863e-03
5.485655295112527169e-03
5.477159061895903874e-03
5.468675987727455480e-03
5.460206052226273220e-03
5.451749235043015090e-03
5.443305515859857280e-03
5.434874874390446461e-03
5.426457290379846019e-03
5.418052743604495278e-03
5.409661213872154865e-03
5.401282681021859003e-03
5.392917124923866934e-03
5.384564525479621291e-03
5.376224862621685648e-03
5.367898116313713289e-03
5.359584266550383030e-03
5.351283293357362789e-03
5.342995176791257537e-03
5.334719896939559870e-03
5.326457433920602294e-03
5.318207767883515596e-03
5.309970879008171600e-03
5.301746747505140661e-03
5.293535353615648302e-03
5.285336677611516230e-03
5.277150699795125043e-03
5.268977400499364784e-03
5.260816760087585510e-03
5.252668758953551315e-03
5.244533377521393494e-03
5.236410596245561974e-03
5.228300395610779340e-03
5.220202756131996601e-03
5.212117658354338545e-03
5.204045082853069049e-03
5.195985010233532958e-03
5.187937421131117062e-03
5.179902296211195446e-03
5.171879616169093065e-03
5.163869361730036300e-03
5.155871513649100055e-03
5.147886052711166983e-03
5.139912959730882393e-03
5.131952215552607402e-03
5.124003801050370371e-03
5.116067697127820064e-03
5.108143884718188352e-03
5.100232344784232097e-03
5.092333058318196728e-03
5.084446006341767667e-03
5.076571169906023487e-03
5.068708530091392550e-03
5.060858068007603565e-03
5.053019764793646555e-03
5.045193601617720819e-03
5.037379559677195029e-03
5.029577620198560396e-03
5.021787764437381230e-03
5.014009973678258507e-03
5.006244229234777833e-03
4.998490512449466072e-03
4.990748804693748847e-03
4.983019087367903700e-03
4.975301341901014994e-03
4.967595549750931407e-03
4.959901692404219964e-03
4.952219751376121804e-03
4.944549708210506204e-03
4.936891544479829821e-03
4.929245241785089847e-03
4.921610781755779776e-03
4.913988146049844304e-03
4.906377316353640293e-03
4.898778274381887336e-03
4.891191001877626121e-03
4.883615480612172460e-03
4.876051692385078261e-03
4.868499619024080349e-03
4.860959242385066645e-03
4.853430544352023250e-03
4.845913506836993685e-03
4.838408111780043326e-03
4.830914341149200424e-03
4.823432176940425746e-03
4.815961601177568344e-03
4.808502595912312640e-03
4.801055143224147205e-03
4.793619225220311850e-03
4.786194824035762060e-03
4.778781921833123898e-03
4.771380500802647161e-03
4.763990543162166351e-03
4.756612031157062513e-03
4.749244947060206855e-03
4.741889273171934725e-03
4.734544991819989238e-03
4.727212085359488308e-03
4.719890536172877821e-03
4.712580326669888256e-03
4.705281439287496530e-03
4.697993856489880889e-03
4.690717560768379278e-03
4.683452534641446841e-03
4.676198760654616017e-03
4.668956221380449710e-03
4.661724899418506589e-03
4.654504777395294252e-03
4.647295837964230195e-03
4.640098063805594107e-03
4.632911437626495779e-03
4.625735942160824794e-03
4.618571560169215835e-03
4.611418274439003581e-03
4.604276067784178472e-03
4.597144923045355484e-03
4.590024823089720353e-03
4.582915750810996613e-03
4.575817689129403967e-03
4.568730620991613180e-03
4.561654529370709650e-03
4.554589397266149177e-03
4.547535207703716324e-03
4.540491943735491462e-03
4.533459588439796989e-03
4.526438124921168711e-03
4.519427536310309870e-03
4.512427805764050379e-03
4.505438916465307787e-03
4.498460851623043918e-03
4.491493594472229303e-03
4.484537128273801548e-03
4.477591436314620234e-03
4.470656501907433085e-03
4.463732308390832605e-03
4.456818839129217912e-03
4.449916077512752234e-03
4.443024006957325620e-03
4.436142610904510696e-03
4.429271872821531446e-03
4.422411776201215505e-03
4.415562304561954261e-03
4.408723441447669894e-03
4.401895170427770274e-03
4.395077475097113398e-03
4.388270339075961424e-03
4.381473746009953776e-03
4.374687679570048171e-03
4.367912123452502397e-03
4.361147061378822277e-03
4.354392477095726105e-03
4.347648354375107348e-03
4.340914677013991280e-03
4.334191428834498552e-03
4.327478593683809632e-03
4.320776155434120566e-03
4.314084097982605684e-03
4.307402405251379435e-03
4.300731061187459958e-03
4.294070049762727451e-03
4.287419354973886002e-03
4.280778960842427164e-03
4.274148851414589188e-03
4.267529010761321462e-03
4.260919422978242006e-03
4.254320072185604519e-03
4.247730942528254137e-03
4.241152018175595347e-03
4.234583283321552080e-03
4.228024722184526955e-03
4.221476319007365710e-03
4.214938058057318172e-03
4.208409923626002698e-03
4.201891900029367140e-03
4.195383971607651551e-03
4.188886122725346550e-03
4.182398337771163835e-03
4.175920601157990207e-03
4.169452897322858953e-03
4.162995210726901270e-03
4.156547525855320245e-03
4.150109827217344886e-03
4.143682099346200631e-03
4.137264326799063377e-03
4.130856494157029990e-03
4.124458586025079275e-03
4.118070587032030341e-03
4.111692481830513113e-03
4.105324255096924092e-03
4.098965891531398606e-03
4.092617375857762231e-03
4.086278692823506510e-03
4.079949827199740378e-03
4.073630763781165877e-03
4.067321487386028715e-03
4.061021982856092248e-03
4.054732235056599313e-03
4.048452228876226258e-03
4.042181949227061262e-03
4.035921381044557492e-03
4.029670509287501014e-03
4.023429318937972628e-03
4.017197795001316643e-03
4.010975922506096643e-03
4.004763686504067728e-03
3.998561072070136620e-03
3.992368064302323494e-03
3.986184648321732492e-03
3.980010809272508353e-03
3.973846532321807790e-03
3.967691802659763060e-03
3.961546605499436866e-03
3.955410926076800664e-03
3.949284749650690436e-03
3.943168061502773727e-03
3.937060846937513216e-03
3.930963091282132886e-03
3.924874779886583336e-03
3.918795898123501008e-03
3.912726431388183906e-03
3.906666365098543890e-03
3.900615684695081086e-03
3.894574375640844858e-03
3.888542423421399545e-03
3.882519813544789769e-03
3.876506531541506172e-03
3.870502562964446818e-03
3.864507893388889875e-03
3.858522508412451976e-03
3.852546393655056998e-03
3.846579534758902234e-03
3.840621917388419362e-03
3.834673527230246688e-03
3.828734349993187947e-03
3.822804371408184548e-03
3.816883577228275242e-03
3.810971953228566630e-03
3.805069485206195867e-03
3.799176158980296838e-03
3.793291960391970228e-03
3.787416875304242762e-03
3.781550889602037710e-03
3.775693989192140630e-03
3.769846160003164238e-03
3.764007387985515013e-03
3.758177659111360241e-03
3.752356959374594184e-03
3.746545274790800788e-03
3.740742591397227656e-03
3.734948895252746155e-03
3.729164172437817587e-03
3.723388409054465865e-03
3.717621591226238486e-03
3.711863705098173566e-03
3.706114736836769920e-03
3.700374672629951067e-03
3.694643498687034434e-03
3.688921201238692764e-03
3.683207766536929825e-03
3.677503180855037912e-03
3.671807430487572261e-03
3.666120501750314183e-03
3.660442380980240273e-03
3.654773054535487720e-03
3.649112508795321341e-03
3.643460730160103227e-03
3.637817705051259783e-03
3.632183419911246599e-03
3.626557861203516791e-03
3.620941015412489777e-03
3.615332869043519186e-03
3.609733408622856857e-03
3.604142620697625525e-03
3.598560491835782384e-03
3.592987008626088302e-03
3.587422157678075724e-03
3.581865925622017884e-03
3.576318299108892807e-03
3.570779264810354688e-03
3.565248809418701363e-03
3.559726919646841355e-03
3.554213582228263075e-03
3.548708783916999267e-03
3.543212511487603151e-03
3.537724751735106792e-03
3.532245491474997681e-03
3.526774717543182305e-03
3.521312416795954921e-03
3.515858576109969370e-03
3.510413182382202645e-03
3.504976222529927136e-03
3.499547683490677238e-03
3.494127552222218991e-03
3.488715815702518423e-03
3.483312460929710325e-03
3.477917474922067025e-03
3.472530844717966296e-03
3.467152557375862733e-03
3.461782599974251758e-03
3.456420959611645333e-03
3.451067623406535098e-03
3.445722578497365050e-03
3.440385812042497712e-03
3.435057311220187249e-03
3.429737063228543471e-03
3.424425055285506246e-03
3.419121274628810804e-03
3.413825708515959550e-03
3.408538344224190404e-03
3.403259169050447310e-03
3.397988170311347280e-03
3.392725335343152199e-03
3.387470651501738039e-03
3.382224106162563197e-03
3.376985686720640738e-03
3.371755380590504142e-03
3.366533175206181706e-03
3.361319058021162293e-03
3.356113016508368001e-03
3.350915038160122948e-03
3.345725110488122472e-03
3.340543221023404511e-03
3.335369357316319248e-03
3.330203506936498751e-03
3.325045657472826179e-03
3.319895796533409767e-03
3.314753911745548561e-03
3.309619990755704663e-03
3.304494021229474610e-03
3.299375990851557278e-03
3.294265887325726130e-03
3.289163698374799293e-03
3.284069411740610060e-03
3.278983015183976543e-03
3.273904496484673476e-03
3.268833843441402726e-03
3.263771043871763373e-03
3.258716085612222649e-03
3.253668956518087317e-03
3.248629644463472445e-03
3.243598137341275819e-03
3.238574423063145420e-03
3.233558489559452964e-03
3.228550324779261380e-03
3.223549916690301824e-03
3.218557253278938549e-03
3.213572322550142454e-03
3.208595112527464193e-03
3.203625611253002950e-03
3.198663806787376950e-03
3.193709687209698739e-03
3.188763239627211143e-03
3.183824453149326252e-03
3.178893315910449619e-03
3.173969817542927462e-03
3.169053944240619956e-03
3.164145684687712495e-03
3.159245027091898365e-03
3.154351959679195169e-03
3.149466470693857226e-03
3.144588548398345642e-03
3.139718181073303162e-03
3.134855357016386266e-03
3.130000064545900278e-03
3.125152291996727109e-03
3.120312027721816248e-03
3.115479260092287542e-03
3.110653977497264237e-03
3.105836168343856490e-03
3.101025821057129279e-03
3.096222924080075083e-03
3.091427465873584825e-03
3.086639434916422717e-03
3.081858819705196768e-03
3.077085608754331902e-03
3.072319790596039595e-03
3.067561353780295756e-03
3.062810286874809076e-03
3.058066578464994564e-03
3.053330217153946667e-03
3.048601191562411074e-03
3.043879490328757400e-03
3.039165102108953159e-03
3.034458015576535148e-03
3.029758219422583419e-03
3.025065702355692228e-03
3.020380453101944879e-03
3.015702460404884235e-03
3.011031713025490164e-03
3.006368199742147449e-03
3.001711909350621935e-03
2.997062830664031906e-03
2.992420952512822932e-03
2.987786263744739677e-03
2.983158753224799016e-03
2.978538409835264009e-03
2.973925222475618316e-03
2.969319180062536707e-03
2.964720271529859476e-03
2.960128485828568152e-03
2.955543811926756442e-03
2.950966238809602914e-03
2.946395755479348007e-03
2.941832350955263242e-03
2.937276014273630404e-03
2.932726734487709017e-03
2.928184500667715528e-03
2.923649301900791645e-03
2.919121127290983959e-03
2.914599965959211846e-03
2.910085807043247957e-03
2.905578639697685688e-03
2.901078453093916196e-03
2.896585236420102811e-03
2.892098978881154584e-03
2.887619669698698530e-03
2.883147298111057941e-03
2.878681853373221168e-03
2.874223324756819929e-03
2.869771701550102427e-03
2.865326973057906023e-03
2.860889128601634690e-03
2.856458157519229952e-03
2.852034049165146599e-03
2.847616792910330138e-03
2.843206378142184697e-03
2.838802794264553946e-03
2.834406030697692036e-03
2.830016076878238019e-03
2.825632922259194591e-03
2.821256556309895570e-03
2.816886968515989846e-03
2.812524148379406258e-03
2.808168085418335808e-03
2.803818769167203476e-03
2.799476189176642194e-03
2.795140335013470735e-03
2.790811196260665952e-03
2.786488762517338926e-03
2.782173023398709817e-03
2.777863968536080971e-03
2.773561587576818272e-03
2.769265870184317319e-03
2.764976806037984774e-03
2.760694384833212774e-03
2.756418596281352048e-03
2.752149430109689793e-03
2.747886876061423223e-03
2.743630923895634417e-03
2.739381563387267328e-03
2.735138784327102637e-03
2.730902576521733894e-03
2.726672929793541068e-03
2.722449833980668428e-03
2.718233278936996351e-03
2.714023254532124847e-03
2.709819750651338427e-03
2.705622757195590925e-03
2.701432264081476010e-03
2.697248261241205931e-03
2.693070738622583768e-03
2.688899686188984343e-03
2.684735093919325168e-03
2.680576951808045193e-03
2.676425249865081388e-03
2.672279978115841420e-03
2.668141126601182404e-03
2.664008685377385749e-03
2.659882644516135472e-03
2.655762994104492181e-03
2.651649724244867050e-03
2.647542825055004042e-03
2.643442286667952151e-03
2.639348099232040681e-03
2.635260252910858868e-03
2.631178737883231155e-03
2.627103544343191172e-03
2.623034662499961790e-03
2.618972082577928663e-03
2.614915794816619846e-03
2.610865789470678475e-03
2.606822056809843247e-03
2.602784587118920669e-03
2.598753370697767275e-03
2.594728397861261002e-03
2.590709658939281245e-03
2.586697144276683263e-03
2.582690844233279104e-03
2.578690749183808108e-03
2.574696849517920435e-03
2.570709135640148000e-03
2.566727597969886265e-03
2.562752226941369515e-03
2.558783013003646141e-03
2.554819946620557822e-03
2.550863018270715238e-03
2.546912218447477255e-03
2.542967537658925772e-03
2.539028966427844033e-03
2.535096495291693213e-03
2.531170114802591600e-03
2.527249815527288137e-03
2.523335588047144647e-03
2.519427422958108505e-03
2.515525310870693997e-03
2.511629242409955855e-03
2.507739208215471055e-03
2.503855198941312785e-03
2.499977205256027468e-03
2.496105217842620010e-03
2.492239227398518678e-03
2.488379224635563821e-03
2.484525200279980549e-03
2.480677145072356180e-03
2.476835049767620728e-03
2.472998905135021745e-03
2.469168701958103940e-03
2.465344431034686631e-03
2.461526083176842055e-03
2.457713649210871518e-03
2.453907119977286316e-03
2.450106486330782141e-03
2.446311739140220442e-03
2.442522869288603262e-03
2.438739867673056332e-03
2.434962725204801743e-03
2.431191432809138003e-03
2.427425981425420515e-03
2.423666362007035995e-03
2.419912565521382519e-03
2.416164582949850443e-03
2.412422405287795515e-03
2.408686023544521961e-03
2.404955428743257330e-03
2.401230611921132980e-03
2.397511564129161960e-03
2.393798276432218628e-03
2.390090739909014796e-03
2.386388945652078916e-03
2.382692884767739598e-03
2.379002548376095254e-03
2.375317927610999351e-03
2.371639013620037862e-03
2.367965797564506713e-03
2.364298270619392267e-03
2.360636423973347907e-03
2.356980248828674084e-03
2.353329736401299239e-03
2.349684877920753777e-03
2.346045664630154893e-03
2.342412087786179247e-03
2.338784138659048221e-03
2.335161808532502329e-03
2.331545088703782572e-03
2.327933970483607885e-03
2.324328445196156487e-03
2.320728504179043333e-03
2.317134138783299296e-03
2.313545340373351217e-03
2.309962100327001087e-03
2.306384410035404366e-03
2.302812260903050034e-03
2.299245644347741938e-03
2.295684551800572775e-03
2.292128974705908047e-03
2.288578904521365674e-03
2.285034332717793010e-03
2.281495250779247332e-03
2.277961650202975450e-03
2.274433522499394195e-03
2.270910859192069170e-03
2.267393651817691761e-03
2.263881891926064396e-03
2.260375571080076255e-03
2.256874680855683324e-03
2.253379212841890179e-03
2.249889158640726999e-03
2.246404509867232224e-03
2.242925258149430431e-03
2.239451395128311088e-03
2.235982912457813807e-03
2.232519801804801023e-03
2.229062054849043680e-03
2.225609663283198252e-03
2.222162618812789387e-03
2.218720913156184762e-03
2.215284538044583369e-03
2.211853485221986024e-03
2.208427746445185830e-03
2.205007313483738247e-03
2.201592178119948090e-03
2.198182332148850004e-03
2.194777767378182018e-03
2.191378475628374262e-03
2.187984448732523384e-03
2.184595678536376071e-03
2.181212156898307795e-03
2.177833875689304168e-03
2.174460826792941857e-03
2.171093002105366036e-03
2.167730393535274337e-03
2.164372993003897336e-03
2.161020792444977301e-03
2.157673783804750847e-03
2.154331959041924649e-03
2.150995310127664165e-03
2.147663829045566315e-03
2.144337507791646471e-03
2.141016338374316340e-03
2.137700312814363145e-03
2.134389423144934881e-03
2.131083661411516464e-03
2.127783019671915417e-03
2.124487489996238019e-03
2.121197064466873259e-03
2.117911735178472886e-03
2.114631494237931893e-03
2.111356333764371606e-03
2.108086245889117995e-03
2.104821222755685634e-03
2.101561256519755578e-03
2.098306339349158452e-03
2.095056463423856236e-03
2.091811620935922749e-03
2.088571804089525003e-03
2.085337005100902381e-03
2.082107216198351464e-03
2.078882429622206079e-03
2.075662637624815614e-03
2.072447832470533310e-03
2.069238006435690676e-03
2.066033151808581870e-03
2.062833260889445058e-03
2.059638325990444628e-03
2.056448339435651678e-03
2.053263293561025365e-03
2.050083180714394691e-03
2.046907993255442457e-03
2.043737723555682281e-03
2.040572363998444713e-03
2.037411906978855124e-03
2.034256344903820259e-03
2.031105670192004820e-03
2.027959875273815851e-03
2.024818952591384523e-03
2.021682894598548792e-03
2.018551693760831708e-03
2.015425342555428410e-03
2.012303833471184005e-03
2.009187159008576657e-03
2.006075311679700671e-03
2.002968284008247411e-03
1.999866068529487957e-03
1.996768657790254885e-03
1.993676044348922753e-03
1.990588220775392925e-03
1.987505179651076221e-03
1.984426913568870365e-03
1.981353415133146542e-03
1.978284676959731619e-03
1.975220691675887326e-03
1.972161451920294642e-03
1.969106950343037319e-03
1.966057179605581930e-03
1.963012132380759223e-03
1.959971801352750238e-03
1.956936179217068101e-03
1.953905258680535030e-03
1.950879032461273668e-03
1.947857493288681274e-03
1.944840633903418235e-03
1.941828447057387247e-03
1.938820925513716834e-03
1.935818062046744219e-03
1.932819849441998195e-03
1.929826280496180473e-03
1.926837348017150509e-03
1.923853044823906197e-03
1.920873363746567180e-03
1.917898297626359017e-03
1.914927839315593450e-03
1.911961981677654096e-03
1.909000717586976275e-03
1.906044039929032704e-03
1.903091941600314630e-03
1.900144415508314916e-03
1.897201454571512211e-03
1.894263051719352305e-03
1.891329199892232511e-03
1.888399892041483456e-03
1.885475121129353681e-03
1.882554880128991430e-03
1.879639162024427951e-03
1.876727959810561234e-03
1.873821266493138011e-03
1.870919075088739447e-03
1.868021378624761626e-03
1.865128170139399282e-03
1.862239442681630627e-03
1.859355189311199998e-03
1.856475403098599430e-03
1.853600077125054776e-03
1.850729204482507058e-03
1.847862778273596423e-03
1.845000791611646311e-03
1.842143237620645678e-03
1.839290109435233814e-03
1.836441400200682778e-03
1.833597103072881354e-03
1.830757211218317923e-03
1.827921717814066363e-03
1.825090616047765667e-03
1.822263899117607588e-03
1.819441560232318636e-03
1.816623592611142082e-03
1.813809989483824948e-03
1.811000744090599142e-03
1.808195849682166711e-03
1.805395299519683147e-03
1.802599086874739822e-03
1.799807205029350975e-03
1.797019647275935068e-03
1.794236406917298519e-03
1.791457477266621178e-03
1.788682851647439408e-03
1.785912523393630262e-03
1.783146485849395647e-03
1.780384732369244549e-03
1.777627256317979585e-03
1.774874051070680957e-03
1.772125110012688458e-03
1.769380426539586505e-03
1.766639994057188964e-03
1.763903805981522884e-03
1.761171855738812454e-03
1.758444136765463820e-03
1.755720642508048178e-03
1.753001366423286586e-03
1.750286301978036096e-03
1.747575442649270446e-03
1.744868781924066841e-03
1.742166313299590118e-03
1.739468030283076918e-03
1.736773926391818991e-03
1.734083995153149534e-03
1.731398230104426710e-03
1.728716624793016953e-03
1.726039172776281522e-03
1.723365867621559806e-03
1.720696702906154146e-03
1.718031672217314437e-03
1.715370769152223165e-03
1.712713987317978715e-03
1.710061320331581489e-03
1.707412761819917862e-03
1.704768305419744568e-03
1.702127944777673740e-03
1.699491673550159029e-03
1.696859485403476959e-03
1.694231374013715217e-03
1.691607333066755519e-03
1.688987356258259739e-03
1.686371437293652555e-03
1.683759569888108442e-03
1.681151747766536060e-03
1.678547964663562857e-03
1.675948214323520324e-03
1.673352490500427947e-03
1.670760786957980418e-03
1.668173097469530285e-03
1.665589415818073855e-03
1.663009735796237322e-03
1.660434051206260064e-03
1.657862355859980770e-03
1.655294643578822692e-03
1.652730908193778252e-03
1.650171143545395378e-03
1.647615343483759941e-03
1.645063501868483831e-03
1.642515612568690858e-03
1.639971669462997675e-03
1.637431666439502932e-03
1.634895597395771881e-03
1.632363456238821202e-03
1.629835236885103381e-03
1.627310933260494794e-03
1.624790539300277701e-03
1.622274048949129193e-03
1.619761456161103626e-03
1.617252754899619607e-03
1.614747939137446122e-03
1.612247002856686054e-03
1.609749940048763170e-03
1.607256744714407812e-03
1.604767410863641936e-03
1.602281932515764364e-03
1.599800303699337343e-03
1.597322518452171363e-03
1.594848570821311281e-03
1.592378454863022878e-03
1.589912164642776158e-03
1.587449694235233428e-03
1.584991037724233680e-03
1.582536189202780235e-03
1.580085142773023392e-03
1.577637892546249589e-03
1.575194432642864706e-03
1.572754757192381487e-03
1.570318860333405012e-03
1.567886736213618170e-03
1.565458378989768862e-03
1.563033782827653742e-03
1.560612941902106291e-03
1.558195850396982716e-03
1.555782502505145696e-03
1.553372892428453098e-03
1.550967014377743021e-03
1.548564862572819698e-03
1.546166431242440055e-03
1.543771714624298961e-03
1.541380706965016223e-03
1.538993402520122920e-03
1.536609795554047097e-03
1.534229880340099881e-03
1.531853651160461609e-03
1.529481102306169031e-03
1.527112228077101216e-03
1.524747022781965024e-03
1.522385480738281879e-03
1.520027596272374758e-03
1.517673363719354313e-03
1.515322777423104344e-03
1.512975831736269438e-03
1.510632521020240223e-03
1.508292839645141228e-03
1.505956781989816569e-03
1.503624342441815202e-03
1.501295515397380953e-03
1.498970295261434302e-03
1.496648676447563057e-03
1.494330653378006524e-03
1.492016220483643584e-03
1.489705372203978164e-03
1.487398102987126875e-03
1.485094407289804051e-03
1.482794279577310257e-03
1.480497714323518845e-03
1.478204706010860774e-03
1.475915249130312686e-03
1.473629338181384977e-03
1.471346967672106402e-03
1.469068132119012151e-03
1.466792826047130186e-03
1.464521043989966929e-03
1.462252780489497290e-03
1.459988030096148184e-03
1.457726787368787691e-03
1.455469046874710527e-03
1.453214803189626552e-03
1.450964050897645156e-03
1.448716784591266371e-03
1.446472998871362872e-03
1.444232688347171084e-03
1.441995847636276442e-03
1.439762471364600376e-03
1.437532554166387954e-03
1.435306090684194871e-03
1.433083075568874869e-03
1.430863503479565214e-03
1.428647369083676068e-03
1.426434667056877045e-03
1.424225392083082898e-03
1.422019538854443549e-03
1.419817102071328687e-03
1.417618076442316282e-03
1.415422456684180437e-03
1.413230237521876861e-03
1.411041413688531596e-03
1.408855979925428652e-03
1.406673930981996784e-03
1.404495261615796046e-03
1.402319966592506300e-03
1.400148040685915071e-03
1.397979478677903453e-03
1.395814275358435268e-03
1.393652425525542535e-03
1.391493923985315283e-03
1.389338765551887235e-03
1.387186945047424319e-03
1.385038457302112088e-03
1.382893297154142278e-03
1.380751459449702182e-03
1.378612939042960991e-03
1.376477730796057649e-03
1.374345829579089575e-03
1.372217230270098140e-03
1.370091927755058255e-03
1.367969916927865579e-03
1.365851192690324808e-03
1.363735749952134499e-03
1.361623583630879909e-03
1.359514688652016523e-03
1.357409059948858554e-03
1.355306692462570056e-03
1.353207581142147793e-03
1.351111720944411917e-03
1.349019106833995556e-03
1.346929733783328118e-03
1.344843596772626621e-03
1.342760690789883329e-03
1.340681010830852742e-03
1.338604551899040540e-03
1.336531309005690137e-03
1.334461277169772054e-03
1.332394451417971129e-03
1.330330826784674805e-03
1.328270398311962508e-03
1.326213161049591112e-03
1.324159110054985190e-03
1.322108240393223997e-03
1.320060547137030414e-03
1.318016025366759237e-03
1.315974670170383300e-03
1.313936476643484804e-03
1.311901439889241435e-03
1.309869555018414655e-03
1.307840817149338647e-03
1.305815221407908818e-03
1.303792762927569442e-03
1.301773436849301517e-03
1.299757238321612787e-03
1.297744162500524302e-03
1.295734204549559357e-03
1.293727359639732649e-03
1.291723622949538137e-03
1.289722989664936247e-03
1.287725454979344979e-03
1.285731014093625599e-03
1.283739662216072663e-03
1.281751394562402526e-03
1.279766206355740978e-03
1.277784092826612840e-03
1.275805049212929603e-03
1.273829070759977715e-03
1.271856152720409264e-03
1.269886290354227442e-03
1.267919478928777660e-03
1.265955713718735619e-03
1.263994990006094736e-03
1.262037303080156816e-03
1.260082648237518393e-03
1.258131020782061408e-03
1.256182416024941711e-03
1.254236829284575841e-03
1.252294255886632346e-03
1.250354691164019209e-03
1.248418130456872572e-03
1.246484569112545678e-03
1.244554002485598896e-03
1.242626425937786274e-03
1.240701834838046002e-03
1.238780224562488919e-03
1.236861590494388102e-03
1.234945928024165423e-03
1.233033232549383745e-03
1.231123499474733691e-03
1.229216724212022589e-03
1.227312902180164710e-03
1.225412028805168913e-03
1.223514099520128882e-03
1.221619109765211854e-03
1.219727054987646041e-03
1.217837930641712174e-03
1.215951732188731141e-03
1.214068455097053363e-03
1.212188094842047521e-03
1.210310646906091010e-03
1.208436106778557366e-03
1.206564469955806939e-03
1.204695731941174104e-03
1.202829888244959016e-03
1.200966934384414819e-03
1.199106865883737888e-03
1.197249678274056551e-03
1.195395367093420470e-03
1.193543927886790658e-03
1.191695356206027125e-03
1.189849647609880420e-03
1.188006797663978620e-03
1.186166801940818439e-03
1.184329656019753301e-03
1.182495355486984454e-03
1.180663895935548388e-03
1.178835272965307298e-03
1.177009482182938670e-03
1.175186519201924015e-03
1.173366379642538666e-03
1.171549059131841812e-03
1.169734553303665436e-03
1.167922857798603473e-03
1.166113968264002486e-03
1.164307880353949304e-03
1.162504589729262353e-03
1.160704092057480378e-03
1.158906383012853333e-03
1.157111458276329592e-03
1.155319313535547489e-03
1.153529944484824694e-03
1.151743346825146938e-03
1.149959516264158254e-03
1.148178448516151652e-03
1.146400139302057196e-03
1.144624584349432242e-03
1.142851779392451902e-03
1.141081720171897547e-03
1.139314402435147701e-03
1.137549821936168068e-03
1.135787974435498735e-03
1.134028855700248105e-03
1.132272461504078799e-03
1.130518787627200284e-03
1.128767829856357381e-03
1.127019583984820075e-03
1.125274045812374186e-03
1.123531211145310967e-03
1.121791075796416690e-03
1.120053635584962676e-03
1.118318886336695751e-03
1.116586823883827405e-03
1.114857444065024466e-03
1.113130742725398914e-03
1.111406715716498116e-03
1.109685358896294423e-03
1.107966668129175191e-03
1.106250639285933247e-03
1.104537268243756688e-03
1.102826550886218480e-03
1.101118483103268866e-03
1.099413060791221705e-03
1.097710279852747968e-03
1.096010136196864460e-03
1.094312625738923413e-03
1.092617744400604680e-03
1.090925488109903158e-03
1.089235852801121850e-03
1.087548834414859287e-03
1.085864428898003237e-03
1.084182632203716835e-03
1.082503440291432504e-03
1.080826849126840031e-03
1.079152854681878111e-03
1.077481452934723289e-03
1.075812639869781718e-03
1.074146411477679185e-03
1.072482763755250919e-03
1.070821692705531403e-03
1.069163194337747862e-03
1.067507264667306175e-03
1.065853899715784800e-03
1.064203095510924150e-03
1.062554848086615968e-03
1.060909153482896168e-03
1.059266007745932048e-03
1.057625406928015778e-03
1.055987347087553995e-03
1.054351824289057179e-03
1.052718834603132278e-03
1.051088374106471214e-03
1.049460438881842867e-03
1.047835025018082657e-03
1.046212128610084311e-03
1.044591745758789237e-03
1.042973872571177846e-03
1.041358505160260668e-03
1.039745639645067504e-03
1.038135272150640274e-03
1.036527398808020656e-03
1.034922015754244666e-03
1.033319119132329426e-03
1.031718705091267101e-03
1.030120769786013833e-03
1.028525309377481501e-03
1.026932320032527103e-03
1.025341797923945159e-03
1.023753739230457305e-03
1.022168140136703622e-03
1.020584996833234824e-03
1.019004305516499256e-03
1.017426062388838114e-03
1.015850263658474393e-03
1.014276905539502694e-03
1.012705984251882066e-03
1.011137496021426250e-03
1.009571437079793705e-03
1.008007803664480451e-03
1.006446592018809009e-03
1.004887798391920165e-03
1.003331419038764726e-03
1.001777450220093981e-03
1.000225888202450160e-03
9.986767292581573245e-04
9.971299696653139998e-04
9.955856057077829783e-04
9.940436336751826488e-04
9.925040498628774546e-04
9.909668505719703042e-04
9.894320321092928139e-04
9.878995907873966333e-04
9.863695229245449895e-04
9.848418248447016275e-04
9.833164928775264737e-04
9.817935233583619751e-04
9.802729126282274611e-04
9.787546570338087355e-04
9.772387529274509203e-04
9.757251966671470723e-04
9.742139846165324361e-04
9.727051131448734940e-04
9.711985786270603766e-04
9.696943774435976470e-04
9.681925059805958442e-04
9.666929606297631344e-04
9.651957377883953366e-04
9.637008338593690921e-04
9.622082452511316730e-04
9.607179683776930672e-04
9.592299996586177392e-04
9.577443355190150883e-04
9.562609723895314261e-04
9.547799067063415194e-04
9.533011349111396998e-04
9.518246534511311903e-04
9.503504587790241901e-04
9.488785473530208766e-04
9.474089156368087307e-04
9.459415600995527314e-04
9.444764772158858145e-04
9.430136634659020420e-04
9.415531153351461941e-04
9.400948293146066132e-04
9.386388019007064218e-04
9.371850295952952829e-04
9.357335089056405091e-04
9.342842363444194735e-04
9.328372084297099605e-04
9.313924216849835515e-04
9.299498726390953256e-04
9.285095578262774624e-04
9.270714737861292676e-04
9.256356170636094753e-04
9.242019842090287663e-04
9.227705717780401197e-04
9.213413763316311142e-04
9.199143944361162306e-04
9.184896226631275281e-04
9.170670575896068370e-04
9.156466957977987126e-04
9.142285338752398089e-04
9.128125684147530249e-04
9.113987960144375291e-04
9.099872132776621464e-04
9.085778168130559255e-04
9.071706032345005491e-04
9.057655691611225281e-04
9.043627112172843109e-04
9.029620260325768024e-04
9.015635102418109075e-04
9.001671604850095074e-04
8.987729734073993289e-04
8.973809456594034626e-04
8.959910738966323646e-04
8.946033547798768089e-04
8.932177849750988887e-04
8.918343611534245352e-04
8.904530799911359283e-04
8.890739381696627147e-04
8.876969323755742013e-04
8.863220593005719829e-04
8.849493156414813769e-04
8.835786981002435089e-04
8.822102033839076141e-04
8.808438282046235574e-04
8.794795692796326166e-04
8.781174233312611949e-04
8.767573870869119299e-04
8.753994572790561044e-04
8.740436306452255147e-04
8.726899039280052069e-04
8.713382738750254531e-04
8.699887372389532953e-04
8.686412907774859315e-04
8.672959312533418249e-04
8.659526554342533320e-04
8.646114600929592211e-04
8.632723420071966493e-04
8.619352979596932481e-04
8.606003247381597502e-04
8.592674191352821841e-04
8.579365779487140671e-04
8.566077979810683826e-04
8.552810760399107495e-04
8.539564089377509656e-04
8.526337934920358514e-04
8.513132265251412275e-04
8.499947048643642167e-04
8.486782253419163048e-04
8.473637847949149924e-04
8.460513800653767479e-04
8.447410080002089837e-04
8.434326654512024676e-04
8.421263492750242748e-04
8.408220563332095485e-04
8.395197834921547773e-04
8.382195276231095560e-04
8.369212856021691037e-04
8.356250543102673256e-04
8.343308306331685730e-04
8.330386114614613544e-04
8.317483936905489036e-04
8.304601742206436498e-04
8.291739499567590864e-04
8.278897178087018562e-04
8.266074746910647038e-04
8.253272175232195373e-04
8.240489432293088626e-04
8.227726487382399289e-04
8.214983309836759468e-04
8.202259869040294743e-04
8.189556134424549362e-04
8.176872075468408175e-04
8.164207661698034838e-04
8.151562862686785073e-04
8.138937648055142703e-04
8.126331987470641590e-04
8.113745850647795157e-04
8.101179207348024837e-04
8.088632027379586342e-04
8.076104280597493773e-04
8.063595936903451313e-04
8.051106966245780584e-04
8.038637338619346925e-04
8.026187024065487832e-04
8.013755992671940317e-04
8.001344214572770437e-04
7.988951659948301731e-04
7.976578299025040416e-04
7.964224102075610334e-04
7.951889039418672716e-04
7.939573081418860052e-04
7.927276198486708867e-04
7.914998361078581660e-04
7.902739539696595344e-04
7.890499704888556199e-04
7.878278827247886138e-04
7.866076877413553329e-04
7.853893826069995206e-04
7.841729643947062097e-04
7.829584301819931570e-04
7.817457770509046635e-04
7.805350020880046352e-04
7.793261023843688854e-04
7.781190750355789550e-04
7.769139171417144144e-04
7.757106258073469002e-04
7.745091981415317675e-04
7.733096312578024512e-04
7.721119222741625520e-04
7.709160683130794394e-04
7.697220665014776380e-04
7.685299139707311294e-04
7.673396078566566310e-04
7.661511452995074150e-04
7.649645234439660449e-04
7.637797394391367860e-04
7.625967904385397506e-04
7.614156736001038506e-04
7.602363860861596420e-04
7.590589250634327111e-04
7.578832877030370610e-04
7.567094711804677387e-04
7.555374726755944388e-04
7.543672893726551063e-04
7.531989184602482391e-04
7.520323571313270328e-04
7.508676025831922257e-04
7.497046520174850508e-04
7.485435026401813813e-04
7.473841516615842501e-04
7.462265962963171269e-04
7.450708337633180642e-04
7.439168612858321076e-04
7.427646760914048988e-04
7.416142754118762795e-04
7.404656564833731348e-04
7.393188165463036475e-04
7.381737528453496001e-04
7.370304626294604117e-04
7.358889431518459822e-04
7.347491916699711630e-04
7.336112054455478423e-04
7.324749817445294154e-04
7.313405178371034125e-04
7.302078109976855354e-04
7.290768585049130441e-04
7.279476576416380341e-04
7.268202056949204983e-04
7.256944999560230140e-04
7.245705377204025030e-04
7.234483162877056780e-04
7.223278329617610193e-04
7.212090850505727038e-04
7.200920698663150748e-04
7.189767847253247281e-04
7.178632269480945483e-04
7.167513938592685050e-04
7.156412827876330873e-04
7.145328910661125337e-04
7.134262160317616759e-04
7.123212550257601930e-04
7.112180053934050216e-04
7.101164644841051520e-04
7.090166296513749061e-04
7.079184982528272151e-04
7.068220676501680904e-04
7.057273352091889256e-04
7.046342982997619428e-04
7.035429542958321694e-04
7.024533005754121260e-04
7.013653345205757544e-04
7.002790535174508281e-04
6.991944549562141824e-04
6.981115362310846666e-04
6.970302947403165302e-04
6.959507278861941110e-04
6.948728330750248957e-04
6.937966077171335566e-04
6.927220492268558807e-04
6.916491550225319388e-04
6.905779225265007730e-04
6.895083491650932407e-04
6.884404323686265943e-04
6.873741695713980835e-04
6.863095582116785593e-04
6.852465957317067273e-04
6.841852795776825341e-04
6.831256071997613127e-04
6.820675760520481445e-04
6.810111835925902702e-04
6.799564272833724275e-04
6.789033045903107794e-04
6.778518129832452168e-04
6.768019499359351297e-04
6.757537129260523601e-04
6.747070994351755642e-04
6.736621069487833818e-04
6.726187329562497742e-04
6.715769749508363265e-04
6.705368304296876938e-04
6.694982968938248792e-04
6.684613718481391626e-04
6.674260528013861368e-04
6.663923372661803958e-04
6.653602227589887038e-04
6.643297068001238152e-04
6.633007869137399213e-04
6.622734606278254943e-04
6.612477254741977581e-04
6.602235789884962911e-04
6.592010187101779309e-04
6.581800421825102689e-04
6.571606469525657955e-04
6.561428305712162625e-04
6.551265905931267196e-04
6.541119245767493349e-04
6.530988300843180820e-04
6.520873046818421266e-04
6.510773459391010556e-04
6.500689514296375052e-04
6.490621187307532569e-04
6.480568454235016490e-04
6.470531290926829137e-04
6.460509673268376727e-04
6.450503577182416237e-04
6.440512978628992529e-04
6.430537853605390640e-04
6.420578178146066394e-04
6.410633928322591107e-04
6.400705080243602801e-04
6.390791610054737896e-04
6.380893493938580253e-04
6.371010708114605882e-04
6.361143228839115718e-04
6.351291032405189003e-04
6.341454095142622571e-04
6.331632393417871213e-04
6.321825903633997807e-04
6.312034602230608268e-04
6.302258465683802753e-04
6.292497470506113865e-04
6.282751593246449192e-04
6.273020810490040344e-04
6.263305098858386582e-04
6.253604435009188674e-04
6.243918795636307700e-04
6.234248157469695663e-04
6.224592497275348866e-04
6.214951791855249366e-04
6.205326018047306429e-04
6.195715152725301232e-04
6.186119172798838078e-04
6.176538055213278257e-04
6.166971776949695594e-04
6.157420315024812480e-04
6.147883646490947835e-04
6.138361748435963976e-04
6.128854597983209159e-04
6.119362172291464451e-04
6.109884448554885180e-04
6.100421404002947818e-04
6.090973015900400097e-04
6.081539261547199218e-04
6.072120118278460888e-04
6.062715563464406198e-04
6.053325574510300903e-04
6.043950128856412059e-04
6.034589203977940800e-04
6.025242777384982222e-04
6.015910826622457080e-04
6.006593329270068417e-04
5.997290262942244106e-04
5.988001605288081550e-04
5.978727333991295644e-04
5.969467426770165650e-04
5.960221861377483152e-04
5.950990615600488089e-04
5.941773667260836231e-04
5.932570994214522199e-04
5.923382574351842601e-04
5.914208385597338573e-04
5.905048405909738311e-04
5.895902613281911540e-04
5.886770985740810962e-04
5.877653501347422389e-04
5.868550138196709440e-04
5.859460874417560423e-04
5.850385688172744965e-04
5.841324557658845703e-04
5.832277461106223594e-04
5.823244376778947441e-04
5.814225282974757030e-04
5.805220158025006750e-04
5.796228980294601627e-04
5.787251728181965881e-04
5.778288380118974622e-04
5.769338914570909397e-04
5.760403310036403979e-04
5.751481545047397751e-04
5.742573598169072816e-04
5.733679447999817137e-04
5.724799073171160570e-04
5.715932452347731495e-04
5.707079564227200436e-04
5.698240387540232359e-04
5.689414901050435713e-04
5.680603083554307134e-04
5.671804913881186997e-04
5.663020370893201948e-04
5.654249433485217203e-04
5.645492080584789928e-04
5.636748291152109602e-04
5.628018044179953572e-04
5.619301318693636091e-04
5.610598093750957362e-04
5.601908348442150411e-04
5.593232061889840973e-04
5.584569213248982440e-04
5.575919781706810321e-04
5.567283746482807553e-04
5.558661086828629687e-04
5.550051782028075616e-04
5.541455811397026860e-04
5.532873154283397691e-04
5.524303790067093935e-04
5.515747698159955510e-04
5.507204858005707634e-04
5.498675249079916375e-04
5.490158850889935525e-04
5.481655642974854557e-04
5.473165604905458510e-04
5.464688716284168361e-04
5.456224956745003071e-04
5.447774305953517792e-04
5.439336743606764833e-04
5.430912249433244871e-04
5.422500803192850573e-04
5.414102384676825397e-04
5.405716973707707209e-04
5.397344550139295764e-04
5.388985093856583312e-04
5.380638584775718821e-04
5.372305002843961357e-04
5.363984328039623703e-04
5.355676540372030078e-04
5.347381619881464094e-04
5.339099546639127555e-04
5.330830300747084081e-04
5.322573862338217908e-04
5.314330211576184012e-04
5.306099328655354986e-04
5.297881193800784176e-04
5.289675787268152555e-04
5.281483089343717765e-04
5.273303080344271835e-04
5.265135740617092391e-04
5.256981050539894949e-04
5.248838990520788466e-04
5.240709540998223295e-04
5.232592682440945654e-04
5.224488395347958586e-04
5.216396660248459084e-04
5.208317457701808813e-04
5.200250768297474480e-04
5.192196572654989885e-04
5.184154851423901714e-04
5.176125585283727253e-04
5.168108754943907769e-04
5.160104341143766224e-04
5.152112324652450897e-04
5.144132686268897440e-04
5.136165406821779000e-04
5.128210467169463938e-04
5.120267848199965954e-04
5.112337530830899637e-04
5.104419496009434927e-04
5.096513724712248327e-04
5.088620197945481699e-04
5.080738896744699988e-04
5.072869802174830500e-04
5.065012895330134714e-04
5.057168157334150822e-04
5.049335569339659033e-04
5.041515112528623024e-04
5.033706768112156333e-04
5.025910517330475736e-04
5.018126341452845956e-04
5.010354221777546047e-04
5.002594139631821694e-04
4.994846076371839676e-04
4.987110013382637990e-04
4.979385932078087907e-04
4.971673813900848431e-04
4.963973640322318602e-04
4.956285392842594119e-04
4.948609052990427231e-04
4.940944602323174692e-04
4.933292022426760898e-04
4.925651294915624765e-04
4.918022401432686113e-04
4.910405323649294712e-04
4.902800043265186916e-04
4.895206542008445540e-04
4.887624801635448912e-04
4.880054803930832376e-04
4.872496530707447638e-04
4.864949963806310725e-04
4.857415085096561868e-04
4.849891876475425929e-04
4.842380319868162526e-04
4.834880397228025922e-04
4.827392090536223820e-04
4.819915381801869662e-04
4.812450253061939802e-04
4.804996686381235015e-04
4.797554663852333879e-04
4.790124167595546695e-04
4.782705179758880792e-04
4.775297682517989028e-04
4.767901658076133470e-04
4.760517088664138231e-04
4.753143956540348812e-04
4.745782243990589273e-04
4.738431933328119414e-04
4.731093006893593569e-04
4.723765447055014530e-04
4.716449236207696143e-04
4.709144356774218310e-04
4.701850791204383083e-04
4.694568521975176173e-04
4.687297531590721954e-04
4.680037802582243350e-04
4.672789317508019551e-04
4.665552058953342644e-04
4.658326009530477495e-04
4.651111151878618388e-04
4.643907468663849443e-04
4.636714942579099629e-04
4.629533556344106438e-04
4.622363292705367098e-04
4.615204134436105506e-04
4.608056064336222895e-04
4.600919065232263140e-04
4.593793119977367220e-04
4.586678211451231482e-04
4.579574322560072937e-04
4.572481436236578854e-04
4.565399535439871519e-04
4.558328603155468658e-04
4.551268622395238995e-04
4.544219576197361583e-04
4.537181447626287322e-04
4.530154219772697215e-04
4.523137875753459542e-04
4.516132398711594081e-04
4.509137771816226032e-04
4.502153978262551318e-04
4.495181001271790510e-04
4.488218824091154673e-04
4.481267429993799289e-04
4.474326802278785222e-04
4.467396924271042403e-04
4.460477779321326999e-04
4.453569350806181842e-04
4.446671622127894687e-04
4.439784576714461348e-04
4.432908198019544499e-04
4.426042469522433018e-04
4.419187374728004037e-04
4.412342897166682287e-04
4.405509020394399980e-04
4.398685727992559949e-04
4.391873003567991736e-04
4.385070830752917440e-04
4.378279193204906721e-04
4.371498074606843193e-04
4.364727458666882139e-04
4.357967329118410393e-04
4.351217669720010024e-04
4.344478464255417129e-04
4.337749696533484437e-04
4.331031350388140646e-04
4.324323409678353558e-04
4.317625858288089971e-04
4.310938680126277724e-04
4.304261859126766129e-04
4.297595379248288021e-04
4.290939224474421272e-04
4.284293378813549755e-04
4.277657826298825942e-04
4.271032550988131875e-04
4.264417536964040670e-04
4.257812768333776952e-04
4.251218229229183237e-04
4.244633903806677112e-04
4.238059776247213827e-04
4.231495830756251057e-04
4.224942051563708250e-04
4.218398422923931384e-04
4.211864929115649602e-04
4.205341554441945941e-04
4.198828283230212331e-04
4.192325099832114907e-04
4.185831988623555516e-04
4.179348934004637026e-04
4.172875920399621037e-04
4.166412932256893732e-04
4.159959954048929017e-04
4.153516970272247313e-04
4.147083965447383039e-04
4.140660924118847201e-04
4.134247830855084026e-04
4.127844670248440604e-04
4.121451426915127858e-04
4.115068085495183136e-04
4.108694630652431727e-04
4.102331047074454329e-04
4.095977319472546394e-04
4.089633432581681266e-04
4.083299371160477114e-04
4.076975119991157353e-04
4.070660663879513788e-04
4.064355987654872998e-04
4.058061076170056767e-04
4.051775914301348471e-04
4.045500486948452423e-04
4.039234779034462427e-04
4.032978775505823834e-04
4.026732461332296138e-04
4.020495821506918821e-04
4.014268841045971780e-04
4.008051504988944971e-04
4.001843798398497208e-04
3.995645706360424721e-04
3.989457213983618874e-04
3.983278306400039057e-04
3.977108968764669320e-04
3.970949186255489098e-04
3.964798944073429305e-04
3.958658227442345763e-04
3.952527021608979638e-04
3.946405311842919486e-04
3.940293083436570898e-04
3.934190321705117468e-04
3.928097011986487184e-04
3.922013139641316107e-04
3.915938690052914758e-04
3.909873648627232344e-04
3.903818000792819891e-04
3.897771732000798262e-04
3.891734827724822919e-04
3.885707273461043811e-04
3.879689054728079349e-04
3.873680157066973582e-04
3.867680566041165296e-04
3.861690267236453323e-04
3.855709246260962926e-04
3.849737488745104603e-04
3.843774980341550232e-04
3.837821706725190788e-04
3.831877653593102734e-04
3.825942806664516579e-04
3.820017151680781637e-04
3.814100674405328630e-04
3.808193360623640948e-04
3.802295196143215626e-04
3.796406166793531351e-04
3.790526258426015946e-04
3.784655456914007873e-04
3.778793748152728046e-04
3.772941118059240260e-04
3.767097552572421914e-04
3.761263037652928234e-04
3.755437559283156495e-04
3.749621103467217290e-04
3.743813656230898746e-04
3.738015203621628587e-04
3.732225731708448645e-04
3.726445226581974208e-04
3.720673674354365288e-04
3.714911061159288674e-04
3.709157373151892451e-04
3.703412596508762634e-04
3.697676717427898232e-04
3.691949722128674382e-04
3.686231596851808202e-04
3.680522327859329511e-04
3.674821901434543428e-04
3.669130303882002183e-04
3.663447521527466626e-04
3.657773540717880207e-04
3.652108347821327776e-04
3.646451929227011190e-04
3.640804271345210279e-04
3.635165360607255742e-04
3.629535183465490119e-04
3.623913726393241763e-04
3.618300975884785817e-04
3.612696918455319812e-04
3.607101540640920848e-04
3.601514828998523903e-04
3.595936770105881723e-04
3.590367350561539882e-04
3.584806556984795043e-04
3.579254376015670019e-04
3.573710794314880162e-04
3.568175798563801384e-04
3.562649375464434914e-04
3.557131511739381824e-04
3.551622194131805622e-04
3.546121409405399182e-04
3.540629144344361440e-04
3.535145385753355645e-04
3.529670120457484425e-04
3.524203335302254552e-04
3.518745017153547669e-04
3.513295152897587758e-04
3.507853729440906995e-04
3.502420733710320810e-04
3.496996152652889398e-04
3.491579973235889528e-04
3.486172182446786358e-04
3.480772767293195485e-04
3.475381714802856922e-04
3.469999012023601494e-04
3.464624646023322101e-04
3.459258603889938484e-04
3.453900872731369034e-04
3.448551439675502607e-04
3.443210291870160570e-04
3.437877416483072412e-04
3.432552800701841591e-04
3.427236431733914632e-04
3.421928296806554023e-04
3.416628383166801352e-04
3.411336678081451287e-04
3.406053168837021761e-04
3.400777842739718731e-04
3.395510687115409622e-04
3.390251689309591878e-04
3.385000836687362610e-04
3.379758116633387152e-04
3.374523516551869245e-04
3.369297023866522846e-04
3.364078626020537439e-04
3.358868310476554177e-04
3.353666064716629021e-04
3.348471876242207265e-04
3.343285732574092085e-04
3.338107621252415277e-04
3.332937529836604721e-04
3.327775445905356740e-04
3.322621357056607908e-04
3.317475250907500357e-04
3.312337115094357381e-04
3.307206937272650369e-04
3.302084705116968989e-04
3.296970406320995166e-04
3.291864028597466765e-04
3.286765559678157529e-04
3.281674987313836964e-04
3.276592299274250827e-04
3.271517483348084258e-04
3.266450527342937391e-04
3.261391419085292822e-04
3.256340146420487426e-04
3.251296697212683077e-04
3.246261059344840634e-04
3.241233220718685239e-04
3.236213169254678677e-04
3.231200892891994978e-04
3.226196379588486263e-04
3.221199617320656184e-04
3.216210594083630109e-04
3.211229297891126386e-04
3.206255716775428702e-04
3.201289838787356803e-04
3.196331651996235060e-04
3.191381144489868066e-04
3.186438304374510284e-04
3.181503119774837314e-04
3.176575578833915536e-04
3.171655669713177713e-04
3.166743380592391553e-04
3.161838699669631517e-04
3.156941615161251171e-04
3.152052115301855542e-04
3.147170188344270759e-04
3.142295822559519115e-04
3.137429006236785458e-04
3.132569727683395507e-04
3.127717975224782242e-04
3.122873737204464217e-04
3.118037001984009246e-04
3.113207757943013253e-04
3.108385993479069920e-04
3.103571697007740868e-04
3.098764856962531807e-04
3.093965461794862719e-04
3.089173499974039671e-04
3.084388959987227163e-04
3.079611830339421571e-04
3.074842099553422412e-04
3.070079756169805238e-04
3.065324788746893992e-04
3.060577185860733360e-04
3.055836936105062207e-04
3.051104028091284844e-04
3.046378450448446098e-04
3.041660191823199861e-04
3.036949240879785244e-04
3.032245586299998387e-04
3.027549216783164267e-04
3.022860121046112305e-04
3.018178287823146009e-04
3.013503705866017496e-04
3.008836363943899299e-04
3.004176250843360518e-04
2.999523355368337004e-04
2.994877666340103168e-04
2.990239172597250299e-04
2.985607862995654036e-04
2.980983726408452687e-04
2.976366751726014699e-04
2.971756927855918060e-04
2.967154243722918317e-04
2.962558688268926888e-04
2.957970250452980707e-04
2.953388919251216747e-04
2.948814683656845992e-04
2.944247532680129053e-04
2.939687455348344173e-04
2.935134440705766635e-04
2.930588477813638403e-04
2.926049555750145350e-04
2.921517663610387447e-04
2.916992790506354907e-04
2.912474925566901625e-04
2.907964057937717527e-04
2.903460176781306893e-04
2.898963271276955821e-04
2.894473330620711635e-04
2.889990344025354695e-04
2.885514300720370203e-04
2.881045189951929233e-04
2.876583000982855121e-04
2.872127723092602865e-04
2.867679345577230391e-04
2.863237857749374162e-04
2.858803248938223697e-04
2.854375508489495551e-04
2.849954625765406752e-04
2.845540590144652032e-04
2.841133391022375638e-04
2.836733017810145856e-04
2.832339459935931695e-04
2.827952706844075789e-04
2.823572747995268910e-04
2.819199572866526666e-04
2.814833170951160763e-04
2.810473531758757326e-04
2.806120644815149247e-04
2.801774499662391797e-04
2.797435085858739306e-04
2.793102392978616443e-04
2.788776410612594896e-04
2.784457128367370067e-04
2.780144535865735592e-04
2.775838622746552441e-04
2.771539378664735907e-04
2.767246793291218204e-04
2.762960856312932740e-04
2.758681557432783225e-04
2.754408886369623605e-04
2.750142832858230423e-04
2.745883386649279503e-04
2.741630537509320473e-04
2.737384275220753997e-04
2.733144589581803586e-04
2.728911470406494995e-04
2.724684907524630210e-04
2.720464890781762500e-04
2.716251410039170408e-04
2.712044455173839310e-04
2.707844016078429978e-04
2.703650082661260149e-04
2.699462644846274163e-04
2.695281692573026164e-04
2.691107215796650280e-04
2.686939204487836228e-04
2.682777648632810887e-04
2.678622538233307935e-04
2.674473863306547254e-04
2.670331613885210532e-04
2.666195780017417412e-04
2.662066351766698385e-04
2.657943319211976906e-04
2.653826672447540656e-04
2.649716401583018777e-04
2.645612496743360732e-04
2.641514948068809194e-04
2.637423745714877286e-04
2.633338879852326888e-04
2.629260340667140456e-04
2.625188118360504753e-04
2.621122203148781578e-04
2.617062585263481744e-04
2.613009254951251530e-04
2.608962202473839604e-04
2.604921418108078601e-04
2.600886892145860179e-04
2.596858614894112256e-04
2.592836576674774612e-04
2.588820767824778291e-04
2.584811178696018496e-04
2.580807799655335613e-04
2.576810621084487025e-04
2.572819633380130306e-04
2.568834826953793945e-04
2.564856192231859460e-04
2.560883719655533751e-04
2.556917399680831205e-04
2.552957222778545515e-04
2.549003179434231243e-04
2.545055260148176715e-04
2.541113455435385594e-04
2.537177755825550853e-04
2.533248151863034723e-04
2.529324634106841583e-04
2.525407193130601159e-04
2.521495819522540874e-04
2.517590503885466335e-04
2.513691236836735851e-04
2.509798009008241460e-04
2.505910811046383998e-04
2.502029633612051405e-04
2.498154467380595965e-04
2.494285303041812079e-04
2.490422131299913490e-04
2.486564942873512149e-04
2.482713728495594360e-04
2.478868478913498550e-04
2.475029184888896845e-04
2.471195837197765247e-04
2.467368426630370628e-04
2.463546943991240913e-04
2.459731380099146650e-04
2.455921725787078239e-04
2.452117971902225877e-04
2.448320109305953535e-04
2.444528128873779444e-04
2.440742021495355223e-04
2.436961778074441757e-04
2.433187389528887511e-04
2.429418846790609287e-04
2.425656140805567285e-04
2.421899262533744779e-04
2.418148202949127240e-04
2.414402953039678759e-04
2.410663503807321175e-04
2.406929846267913745e-04
2.403201971451229834e-04
2.399479870400935235e-04
2.395763534174568646e-04
2.392052953843518636e-04
2.388348120493000875e-04
2.384649025222041602e-04
2.380955659143449703e-04
2.377268013383800993e-04
2.373586079083412736e-04
2.369909847396325215e-04
2.366239309490279232e-04
2.362574456546694427e-04
2.358915279760649491e-04
2.355261770340860749e-04
2.351613919509659126e-04
2.347971718502971713e-04
2.344335158570297914e-04
2.340704230974692372e-04
2.337078926992739217e-04
2.333459237914535262e-04
2.329845155043665879e-04
2.326236669697186838e-04
2.322633773205601271e-04
2.319036456912839880e-04
2.315444712176240071e-04
2.311858530366524538e-04
2.308277902867782562e-04
2.304702821077446429e-04
2.301133276406272185e-04
2.297569260278320121e-04
2.294010764130931734e-04
2.290457779414710752e-04
2.286910297593502809e-04
2.283368310144374025e-04
2.279831808557591228e-04
2.276300784336600532e-04
2.272775228998008643e-04
2.269255134071559814e-04
2.265740491100119041e-04
2.262231291639648484e-04
2.258727527259188762e-04
2.255229189540839437e-04
2.251736270079735707e-04
2.248248760484032409e-04
2.244766652374879901e-04
2.241289937386407524e-04
2.237818607165701105e-04
2.234352653372782902e-04
2.230892067680592900e-04
2.227436841774967937e-04
2.223986967354621652e-04
2.220542436131124966e-04
2.217103239828886838e-04
2.213669370185132037e-04
2.210240818949883528e-04
2.206817577885942139e-04
2.203399638768866234e-04
2.199986993386952199e-04
2.196579633541214922e-04
2.193177551045368012e-04
2.189780737725804006e-04
2.186389185421574587e-04
2.183002885984372152e-04
2.179621831278507585e-04
2.176246013180893721e-04
2.172875423581023936e-04
2.169510054380953715e-04
2.166149897495280323e-04
2.162794944851123829e-04
2.159445188388107865e-04
2.156100620058339296e-04
2.152761231826390601e-04
2.149427015669279546e-04
2.146097963576449393e-04
2.142774067549749661e-04
2.139455319603419318e-04
2.136141711764064555e-04
2.132833236070641166e-04
2.129529884574434223e-04
2.126231649339040727e-04
2.122938522440349549e-04
2.119650495966522187e-04
2.116367562017974335e-04
2.113089712707356905e-04
2.109816940159536249e-04
2.106549236511575990e-04
2.103286593912717781e-04
2.100029004524363145e-04
2.096776460520053688e-04
2.093528954085452397e-04
2.090286477418325749e-04
2.087049022728524196e-04
2.083816582237964005e-04
2.080589148180606929e-04
2.077366712802444489e-04
2.074149268361476554e-04
2.070936807127694542e-04
2.067729321383061903e-04
2.064526803421495144e-04
2.061329245548847297e-04
2.058136640082887587e-04
2.054948979353283817e-04
2.051766255701583123e-04
2.048588461481194083e-04
2.045415589057368827e-04
2.042247630807184067e-04
2.039084579119523476e-04
2.035926426395058444e-04
2.032773165046229105e-04
2.029624787497229428e-04
2.026481286183985263e-04
2.023342653554139161e-04
2.020208882067030048e-04
2.017079964193674790e-04
2.013955892416753287e-04
2.010836659230586789e-04
2.007722257141122176e-04
2.004612678665913523e-04
2.001507916334102318e-04
1.998407962686402008e-04
1.995312810275079842e-04
1.992222451663936810e-04
1.989136879428291113e-04
1.986056086154961353e-04
1.982980064442247563e-04
1.979908806899912505e-04
1.976842306149166216e-04
1.973780554822647580e-04
1.970723545564404271e-04
1.967671271029877299e-04
1.964623723885884209e-04
1.961580896810600106e-04
1.958542782493538951e-04
1.955509373635537843e-04
1.952480662948739398e-04
1.949456643156573590e-04
1.946437306993739592e-04
1.943422647206190321e-04
1.940412656551112930e-04
1.937407327796912266e-04
1.934406653723194614e-04
1.931410627120748447e-04
1.928419240791527352e-04
1.925432487548634582e-04
1.922450360216303806e-04
1.919472851629882855e-04
1.916499954635815820e-04
1.913531662091626532e-04
1.910567966865901475e-04
1.907608861838272171e-04
1.904654339899397564e-04
1.901704393950948298e-04
1.898759016905588826e-04
1.895818201686960875e-04
1.892881941229665834e-04
1.889950228479247670e-04
1.887023056392176127e-04
1.884100417935831548e-04
1.881182306088484543e-04
1.878268713839282710e-04
1.875359634188230847e-04
1.872455060146176317e-04
1.869554984734790885e-04
1.866659400986554187e-04
1.863768301944737735e-04
1.860881680663387843e-04
1.857999530207307735e-04
1.855121843652042914e-04
1.852248614083863265e-04
1.849379834599746797e-04
1.846515498307362295e-04
1.843655598325054682e-04
1.840800127781826590e-04
1.837949079817322365e-04
1.835102447581811805e-04
1.832260224236173627e-04
1.829422402951879202e-04
1.826588976910976296e-04
1.823759939306071446e-04
1.820935283340315600e-04
1.818115002227385949e-04
1.815299089191470489e-04
1.812487537467252557e-04
1.809680340299892412e-04
1.806877490945012861e-04
1.804078982668682457e-04
1.801284808747399509e-04
1.798494962468075273e-04
1.795709437128018774e-04
1.792928226034920004e-04
1.790151322506833384e-04
1.787378719872163943e-04
1.784610411469648614e-04
1.781846390648341599e-04
1.779086650767598102e-04
1.776331185197058344e-04
1.773579987316632647e-04
1.770833050516482197e-04
1.768090368197008737e-04
1.765351933768832891e-04
1.762617740652782771e-04
1.759887782279875011e-04
1.757162052091301480e-04
1.754440543538411668e-04
1.751723250082697233e-04
1.749010165195778450e-04
1.746301282359384696e-04
1.743596595065343064e-04
1.740896096815558577e-04
1.738199781122001721e-04
1.735507641506691095e-04
1.732819671501679320e-04
1.730135864649036230e-04
1.727456214500833155e-04
1.724780714619128009e-04
1.722109358575951200e-04
1.719442139953287194e-04
1.716779052343062051e-04
1.714120089347126073e-04
1.711465244577238900e-04
1.708814511655054873e-04
1.706167884212107040e-04
1.703525355889791166e-04
1.700886920339352991e-04
1.698252571221869260e-04
1.695622302208236337e-04
1.692996106979151772e-04
1.690373979225101564e-04
1.687755912646342273e-04
1.685141900952889901e-04
1.682531937864500927e-04
1.679926017110658473e-04
1.677324132430558492e-04
1.674726277573093496e-04
1.672132446296837379e-04
1.669542632370031056e-04
1.666956829570567008e-04
1.664375031685974918e-04
1.661797232513406220e-04
1.659223425859619196e-04
1.656653605540964874e-04
1.654087765383371043e-04
1.651525899222328151e-04
1.648968000902874406e-04
1.646414064279580047e-04
1.643864083216534338e-04
1.641318051587330120e-04
1.638775963275047539e-04
1.636237812172241862e-04
1.633703592180927471e-04
1.631173297212563239e-04
1.628646921188037883e-04
1.626124458037655335e-04
1.623605901701120370e-04
1.621091246127525059e-04
1.618580485275331418e-04
1.616073613112360024e-04
1.613570623615773485e-04
1.611071510772062610e-04
1.608576268577032863e-04
1.606084891035787824e-04
1.603597372162716994e-04
1.601113705981479260e-04
1.598633886524991512e-04
1.596157907835411296e-04
1.593685763964123258e-04
1.591217448971726952e-04
1.588752956928019217e-04
1.586292281911981983e-04
1.583835418011769259e-04
1.581382359324689515e-04
1.578933099957194298e-04
1.576487634024863053e-04
1.574045955652388486e-04
1.571608058973564097e-04
1.569173938131268185e-04
1.566743587277450573e-04
1.564317000573118774e-04
1.561894172188324449e-04
1.559475096302147409e-04
1.557059767102683960e-04
1.554648178787032000e-04
1.552240325561276104e-04
1.549836201640475875e-04
1.547435801248649406e-04
1.545039118618761085e-04
1.542646147992707501e-04
1.540256883621303344e-04
1.537871319764268132e-04
1.535489450690211296e-04
1.533111270676619444e-04
1.530736774009842265e-04
1.528365954985078437e-04
1.525998807906362885e-04
1.523635327086552142e-04
1.521275506847311076e-04
1.518919341519099327e-04
1.516566825441157220e-04
1.514217952961493293e-04
1.511872718436868849e-04
1.509531116232786299e-04
1.507193140723474527e-04
1.504858786291876150e-04
1.502528047329632608e-04
1.500200918237071972e-04
1.497877393423195929e-04
1.495557467305664331e-04
1.493241134310783818e-04
1.490928388873493445e-04
1.488619225437351945e-04
1.486313638454522009e-04
1.484011622385761071e-04
1.481713171700405041e-04
1.479418280876355300e-04
1.477126944400067039e-04
1.474839156766533273e-04
1.472554912479275078e-04
1.470274206050324519e-04
1.467997032000215160e-04
1.465723384857966344e-04
1.463453259161070997e-04
1.461186649455482617e-04
1.458923550295601992e-04
1.456663956244264458e-04
1.454407861872725270e-04
1.452155261760649022e-04
1.449906150496094745e-04
1.447660522675503980e-04
1.445418372903686680e-04
1.443179695793809017e-04
1.440944485967381725e-04
1.438712738054243837e-04
1.436484446692552655e-04
1.434259606528770199e-04
1.432038212217649385e-04
1.429820258422222906e-04
1.427605739813787790e-04
1.425394651071896178e-04
1.423186986884339607e-04
1.420982741947136537e-04
1.418781910964521517e-04
1.416584488648929996e-04
1.414390469720988304e-04
1.412199848909497922e-04
1.410012620951426004e-04
1.407828780591890462e-04
1.405648322584146688e-04
1.403471241689578880e-04
1.401297532677682424e-04
1.399127190326055219e-04
1.396960209420383583e-04
1.394796584754428974e-04
1.392636311130016600e-04
1.390479383357023501e-04
1.388325796253364445e-04
1.386175544644980011e-04
1.384028623365825468e-04
1.381885027257855872e-04
1.379744751171016579e-04
1.377607789963228063e-04
1.375474138500375892e-04
1.373343791656297442e-04
1.371216744312768075e-04
1.369092991359492466e-04
1.366972527694088340e-04
1.364855348222076983e-04
1.362741447856869966e-04
1.360630821519756399e-04
1.358523464139892362e-04
1.356419370654286815e-04
1.354318536007791021e-04
1.352220955153085266e-04
1.350126623050666665e-04
1.348035534668838586e-04
1.345947684983697646e-04
1.343863068979120150e-04
1.341781681646752342e-04
1.339703517985997930e-04
1.337628573004004807e-04
1.335556841715653941e-04
1.333488319143547171e-04
1.331423000317996099e-04
1.329360880277008809e-04
1.327301954066278477e-04
1.325246216739172809e-04
1.323193663356718040e-04
1.321144288987593249e-04
1.319098088708112735e-04
1.317055057602218432e-04
1.315015190761464729e-04
1.312978483285010065e-04
1.310944930279601213e-04
1.308914526859564871e-04
1.306887268146795199e-04
1.304863149270740806e-04
1.302842165368394453e-04
1.300824311584279224e-04
1.298809583070440398e-04
1.296797974986431087e-04
1.294789482499300842e-04
1.292784100783584821e-04
1.290781825021292400e-04
1.288782650401894161e-04
1.286786572122312412e-04
1.284793585386907354e-04
1.282803685407467873e-04
1.280816867403197442e-04
1.278833126600705721e-04
1.276852458233994727e-04
1.274874857544447187e-04
1.272900319780817318e-04
1.270928840199217274e-04
1.268960414063107661e-04
1.266995036643283712e-04
1.265032703217866073e-04
1.263073409072288874e-04
1.261117149499287808e-04
1.259163919798889010e-04
1.257213715278398224e-04
1.255266531252389409e-04
1.253322363042693637e-04
1.251381205978386614e-04
1.249443055395779473e-04
1.247507906638406299e-04
1.245575755057011665e-04
1.243646596009543583e-04
1.241720424861137242e-04
1.239797236984108500e-04
1.237877027757938709e-04
1.235959792569266309e-04
1.234045526811875448e-04
1.232134225886683779e-04
1.230225885201731895e-04
1.228320500172173837e-04
1.226418066220262462e-04
1.224518578775342663e-04
1.222622033273837005e-04
1.220728425159237865e-04
1.218837749882092659e-04
1.216950002899996658e-04
1.215065179677579302e-04
1.213183275686495797e-04
1.211304286405413832e-04
1.209428207320003689e-04
1.207555033922928480e-04
1.205684761713831141e-04
1.203817386199326029e-04
1.201952902892985503e-04
1.200091307315331792e-04
1.198232594993824259e-04
1.196376761462849506e-04
1.194523802263710937e-04
1.192673712944616833e-04
1.190826489060671273e-04
1.188982126173862206e-04
1.187140619853051151e-04
1.185301965673963035e-04
1.183466159219174129e-04
1.181633196078104051e-04
1.179803071847002082e-04
1.177975782128938759e-04
1.176151322533794494e-04
1.174329688678249544e-04
1.172510876185772354e-04
1.170694880686610481e-04
1.168881697817778664e-04
1.167071323223050017e-04
1.165263752552943559e-04
1.163458981464715678e-04
1.161657005622348474e-04
1.159857820696539731e-04
1.158061422364692615e-04
1.156267806310904973e-04
1.154476968225959162e-04
1.152688903807311889e-04
1.150903608759083909e-04
1.149121078792048642e-04
1.147341309623623633e-04
1.145564296977858630e-04
1.143790036585426364e-04
1.142018524183611978e-04
1.140249755516302595e-04
1.138483726333977016e-04
1.136720432393696097e-04
1.134959869459092316e-04
1.133202033300359063e-04
1.131446919694241427e-04
1.129694524424024947e-04
1.127944843279525989e-04
1.126197872057082530e-04
1.124453606559542234e-04
1.122712042596254046e-04
1.120973175983056946e-04
1.119237002542270869e-04
1.117503518102685588e-04
1.115772718499552046e-04
1.114044599574570834e-04
1.112319157175883244e-04
1.110596387158061107e-04
1.108876285382096901e-04
1.107158847715393175e-04
1.105444070031753206e-04
1.103731948211371231e-04
1.102022478140821885e-04
1.100315655713051115e-04
1.098611476827365477e-04
1.096909937389423323e-04
1.095211033311223830e-04
1.093514760511097911e-04
1.091821114913698329e-04
1.090130092449989260e-04
1.088441689057237615e-04
1.086755900679002476e-04
1.085072723265125601e-04
1.083392152771721811e-04
1.081714185161168818e-04
1.080038816402098013e-04
1.078366042469384572e-04
1.076695859344137832e-04
1.075028263013691943e-04
1.073363249471595430e-04
1.071700814717602113e-04
1.070040954757661624e-04
1.068383665603909777e-04
1.066728943274658140e-04
1.065076783794557204e-04
1.063427183194158229e-04
1.061780137510160040e-04
1.060135642785483016e-04
1.058493695069178027e-04
1.056854290416415446e-04
1.055217424888474993e-04
1.053583094552737600e-04
1.051951295482674161e-04
1.050322023757837675e-04
1.048695275463852535e-04
1.047071046692406402e-04
1.045449333541239629e-04
1.043830132114136999e-04
1.042213438520917283e-04
1.040599248877424572e-04
1.038987559305518652e-04
1.037378365933066198e-04
1.035771664893930739e-04
1.034167452327963720e-04
1.032565724380995011e-04
1.030966477204824777e-04
1.029369706957212094e-04
1.027775409801867765e-04
1.026183581908444021e-04
1.024594219452525443e-04
1.023007318615620147e-04
1.021422875585150167e-04
1.019840886554442509e-04
1.018261347722720206e-04
1.016684255295092695e-04
1.015109605482547009e-04
1.013537394501938830e-04
1.011967618575983143e-04
1.010400273933245149e-04
1.008835356808131191e-04
1.007272863440879804e-04
1.005712790077553182e-04
1.004155132970027144e-04
1.002599888375982465e-04
1.001047052558896741e-04
9.994966217880339569e-05
9.979485923384368929e-05
9.964029604909172347e-05
9.948597225320473050e-05
9.933188747541503059e-05
9.917804134552924583e-05
9.902443349392733797e-05
9.887106355156171397e-05
9.871793114995638572e-05
9.856503592120610267e-05
9.841237749797534899e-05
9.825995551349761168e-05
9.810776960157436416e-05
9.795581939657434798e-05
9.780410453343250216e-05
9.765262464764921783e-05
9.750137937528943017e-05
9.735036835298173754e-05
9.719959121791756117e-05
9.704904760785016944e-05
9.689873716109393244e-05
9.674865951652341397e-05
9.659881431357247709e-05
9.644920119223338961e-05
9.629981979305607875e-05
9.615066975714714177e-05
9.600175072616905995e-05
9.585306234233927699e-05
9.570460424842941298e-05
9.555637608776431573e-05
9.540837750422134246e-05
9.526060814222930275e-05
9.511306764676779441e-05
9.496575566336628194e-05
9.481867183810317496e-05
9.467181581760510990e-05
9.452518724904594716e-05
9.437878578014610698e-05
9.423261105917155305e-05
9.408666273493304709e-05
9.394094045678525438e-05
9.379544387462593065e-05
9.365017263889508176e-05
9.350512640057412350e-05
9.336030481118501420e-05
9.321570752278945514e-05
9.307133418798802318e-05
9.292718445991935761e-05
9.278325799225930635e-05
9.263955443922015345e-05
9.249607345554967041e-05
9.235281469653042500e-05
9.220977781797883260e-05
9.206696247624443789e-05
9.192436832820899330e-05
9.178199503128565940e-05
9.163984224341825951e-05
9.149790962308038524e-05
9.135619682927451557e-05
9.121470352153136633e-05
9.107342935990891443e-05
9.093237400499162534e-05
9.079153711788972127e-05
9.065091836023825961e-05
9.051051739419633331e-05
9.037033388244636615e-05
9.023036748819313697e-05
9.009061787516311559e-05
8.995108470760355480e-05
8.981176765028178559e-05
8.967266636848426854e-05
8.953378052801592968e-05
8.939510979519925253e-05
8.925665383687360040e-05
8.911841232039422714e-05
8.898038491363170787e-05
8.884257128497093613e-05
8.870497110331045977e-05
8.856758403806162718e-05
8.843040975914780123e-05
8.829344793700355965e-05
8.815669824257394967e-05
8.802016034731360709e-05
8.788383392318609220e-05
8.774771864266296825e-05
8.761181417872311019e-05
8.747612020485187807e-05
8.734063639504034444e-05
8.720536242378450838e-05
8.707029796608446877e-05
8.693544269744378733e-05
8.680079629386851280e-05
8.666635843186653047e-05
8.653212878844676256e-05
8.639810704111838217e-05
8.626429286789004077e-05
8.613068594726909575e-05
8.599728595826078368e-05
8.586409258036755625e-05
8.573110549358826710e-05
8.559832437841734514e-05
8.546574891584408982e-05
8.533337878735189862e-05
8.520121367491746743e-05
8.506925326101008589e-05
8.493749722859078350e-05
8.480594526111169269e-05
8.467459704251514081e-05
8.454345225723304026e-05
8.441251059018599400e-05
8.428177172678267214e-05
8.415123535291891752e-05
8.402090115497709512e-05
8.389076881982531961e-05
8.376083803481664219e-05
8.363110848778840007e-05
8.350157986706134908e-05
8.337225186143904030e-05
8.324312416020693912e-05
8.311419645313181538e-05
8.298546843046087599e-05
8.285693978292111444e-05
8.272861020171855186e-05
8.260047937853736962e-05
8.247254700553939436e-05
8.234481277536313576e-05
8.221727638112323090e-05
8.208993751640954975e-05
8.196279587528659892e-05
8.183585115229264067e-05
8.170910304243915088e-05
8.158255124120985678e-05
8.145619544456022198e-05
8.133003534891655197e-05
8.120407065117534362e-05
8.107830104870255336e-05
8.095272623933285174e-05
8.082734592136893231e-05
8.070215979358071198e-05
8.057716755520470762e-05
8.045236890594320935e-05
8.032776354596364360e-05
8.020335117589782765e-05
8.007913149684121076e-05
7.995510421035222364e-05
7.983126901845151945e-05
7.970762562362125559e-05
7.958417372880434828e-05
7.946091303740386266e-05
7.933784325328221325e-05
7.921496408076045921e-05
7.909227522461764021e-05
7.896977639009000402e-05
7.884746728287032880e-05
7.872534760910728619e-05
7.860341707540457394e-05
7.848167538882037378e-05
7.836012225686653828e-05
7.823875738750795392e-05
7.811758048916179564e-05
7.799659127069682215e-05
7.787578944143279315e-05
7.775517471113954778e-05
7.763474679003654381e-05
7.751450538879200384e-05
7.739445021852225123e-05
7.727458099079107315e-05
7.715489741760898868e-05
7.703539921143251706e-05
7.691608608516356776e-05
7.679695775214872221e-05
7.667801392617848845e-05
7.655925432148667764e-05
7.644067865274971297e-05
7.632228663508591130e-05
7.620407798405480558e-05
7.608605241565650785e-05
7.596820964633099098e-05
7.585054939295734328e-05
7.573307137285321283e-05
7.561577530377406209e-05
7.549866090391251742e-05
7.538172789189761006e-05
7.526497598679420702e-05
7.514840490810226561e-05
7.503201437575622362e-05
7.491580411012424036e-05
7.479977383200758681e-05
7.468392326263996797e-05
7.456825212368685884e-05
7.445276013724477250e-05
7.433744702584069099e-05
7.422231251243133340e-05
7.410735632040250541e-05
7.399257817356839450e-05
7.387797779617104148e-05
7.376355491287947303e-05
7.364930924878925454e-05
7.353524052942164984e-05
7.342134848072307907e-05
7.330763282906437332e-05
7.319409330124023252e-05
7.308072962446843940e-05
7.296754152638929025e-05
7.285452873506491735e-05
7.274169097897861130e-05
7.262902798703423828e-05
7.251653948855545399e-05
7.240422521328522933e-05
7.229208489138509144e-05
7.218011825343443255e-05
7.206832503043000848e-05
7.195670495378516621e-05
7.184525775532924754e-05
7.173398316730695212e-05
7.162288092237765981e-05
7.151195075361483440e-05
7.140119239450531887e-05
7.129060557894880681e-05
7.118019004125704288e-05
7.106994551615333484e-05
7.095987173877183537e-05
7.084996844465690498e-05
7.074023536976251580e-05
7.063067225045158745e-05
7.052127882349540431e-05
7.041205482607285657e-05
7.030299999576996586e-05
7.019411407057915347e-05
7.008539678889865756e-05
6.997684788953188262e-05
6.986846711168674901e-05
6.976025419497512367e-05
6.965220887941215612e-05
6.954433090541568211e-05
6.943662001380554601e-05
6.932907594580303159e-05
6.922169844303022504e-05
6.911448724750939162e-05
6.900744210166232504e-05
6.890056274830981900e-05
6.879384893067090818e-05
6.868730039236239395e-05
6.858091687739815317e-05
6.847469813018851477e-05
6.836864389553970413e-05
6.826275391865315183e-05
6.815702794512496518e-05
6.805146572094525055e-05
6.794606699249751706e-05
6.784083150655809385e-05
6.773575901029547952e-05
6.763084925126981359e-05
6.752610197743217182e-05
6.742151693712401046e-05
6.731709387907661071e-05
6.721283255241030611e-05
6.710873270663411671e-05
6.700479409164493590e-05
6.690101645772706957e-05
6.679739955555157212e-05
6.669394313617567718e-05
6.659064695104216069e-05
6.648751075197874456e-05
6.638453429119758171e-05
6.628171732129453772e-05
6.617905959524873012e-05
6.607656086642179651e-05
6.597422088855739311e-05
6.587203941578062560e-05
6.577001620259735788e-05
6.566815100389368357e-05
6.556644357493534323e-05
6.546489367136711448e-05
6.536350104921225641e-05
6.526226546487187252e-05
6.516118667512439580e-05
6.506026443712489751e-05
6.495949850840462641e-05
6.485888864687035823e-05
6.475843461080379939e-05
6.465813615886107193e-05
6.455799305007204952e-05
6.445800504383985597e-05
6.435817189994025539e-05
6.425849337852102873e-05
6.415896924010148594e-05
6.405959924557185609e-05
6.396038315619265039e-05
6.386132073359420140e-05
6.376241173977597188e-05
6.366365593710606688e-05
6.365141809787345194e-05
