0.000000000000000000e+00
1.525466123329684634e-03
3.049292714834900796e-03
6.093668919140687174e-03
9.131496130842169795e-03
1.216278405118167982e-02
4.211810311968680609e-02
7.143031084715403822e-02
1.001092812512357766e-01
1.281650258928074826e-01
2.120182361073196797e-01
2.901816011527008077e-01
3.629644164139745333e-01
4.306704057411303577e-01
4.935951400673616596e-01
5.765416443849451511e-01
6.509380844433633184e-01
7.175431515884838074e-01
7.770594902563895401e-01
8.301344154824084054e-01
8.400295893707842021e-01
8.496955286467131607e-01
8.505674821918332018e-01
8.514375620963009483e-01
8.523057716962210151e-01
8.540365921886919898e-01
8.557599712796277736e-01
8.561036084832526205e-01
8.564469501608646951e-01
8.571330402534484971e-01
8.571642754428475675e-01
8.571955082341086163e-01
8.572579687712572616e-01
8.572673970123261267e-01
8.572768250462238226e-01
8.572767671493288777e-01
8.572767018950113727e-01
8.572766366406994187e-01
8.572765713863903514e-01
8.572765061320869462e-01
8.572763756234971222e-01
8.572762451149300578e-01
8.572761146063857529e-01
8.572748095221910392e-01
8.572735044402669535e-01
8.572721993606139401e-01
8.572591486889751256e-01
8.572460982444101152e-01
8.572330480269150232e-01
8.572199980364860750e-01
8.570895106199344360e-01
8.569590459055400622e-01
8.568286038892700684e-01
8.566981845670925688e-01
8.553952386339095382e-01
8.540945576801735051e-01
8.527961376858419484e-01
8.514999746379747769e-01
8.502060645307898401e-01
8.422156222307941587e-01
8.343110749028161965e-01
8.264914795942068793e-01
8.187559037363965064e-01
8.111034250291626613e-01
8.035331313275080323e-01
7.960441205298856016e-01
7.886355004675620339e-01
7.813063887952035325e-01
7.740559128826642876e-01
7.668832097079689714e-01
7.597874257514722895e-01
7.527677168911867112e-01
7.458232482992612766e-01
7.389531943396013824e-01
7.321567384666178846e-01
7.254330731250890896e-01
7.187813996511280834e-01
7.122009281735531827e-01
7.056908775174184356e-01
6.992504751110411032e-01
6.928789568873443550e-01
6.865755671913746916e-01
6.803395586878079326e-01
6.741701922693015270e-01
6.680667369658613852e-01
6.620284698552058034e-01
6.560546759741151535e-01
6.501446484459851849e-01
6.442976878516599726e-01
6.385131024724861604e-01
6.327902083146703660e-01
6.271283289145037632e-01
6.215267952555659781e-01
6.159849456867069195e-01
6.105021258409133456e-01
6.050776885550713802e-01
5.997109937906134336e-01
5.944014085550386461e-01
5.891483068242986398e-01
5.839510694660374757e-01
5.788090841636780448e-01
5.737217453413439028e-01
5.686884540896088858e-01
5.637086180920641842e-01
5.587816515526948802e-01
5.539069751240559558e-01
5.490840158362398915e-01
5.443122070266265267e-01
5.395909882704074123e-01
5.349198053118745522e-01
5.302981099964672040e-01
5.257253602035655282e-01
5.212010197800273081e-01
5.167245584744539766e-01
5.122954518721829498e-01
5.079131809723835822e-01
5.035772332879168145e-01
4.992871014892774628e-01
4.950422838323078611e-01
4.908422841357376609e-01
4.866866118289215337e-01
4.825747815154808329e-01
4.785063131419254323e-01
4.744807320145549845e-01
4.704975683397327746e-01
4.665563582194928172e-01
4.626566424241642661e-01
4.587979667794966354e-01
4.549798821463331699e-01
4.512019443286572340e-01
4.474637140193021279e-01
4.437647567460859532e-01
4.401046428185509951e-01
4.364829472752952411e-01
4.328992498318815496e-01
4.293531348293219141e-01
4.258441911831284399e-01
4.223720123329263720e-01
4.189361961926217348e-01
4.155363451027116461e-01
4.121720657769855078e-01
4.088429692578889330e-01
4.055486708694804876e-01
4.022887901686414414e-01
3.990629508988063900e-01
3.958707809439009351e-01
3.927119122827357200e-01
3.895859809439025101e-01
3.864926269611675957e-01
3.834314943293557487e-01
3.804022309607208996e-01
3.774044886417968758e-01
3.744379229907240925e-01
3.715021934150457561e-01
3.685969630699693078e-01
3.657218988170876095e-01
3.628766711835547665e-01
3.600609543217118125e-01
3.572744259691572610e-01
3.545167674092569166e-01
3.517876634320896145e-01
3.490868022958225070e-01
3.464138756885122294e-01
3.437685786903263985e-01
3.411506097361821088e-01
3.385596705787948801e-01
3.359954662521357216e-01
3.334577050352902083e-01
3.309460984167157394e-01
3.284603610588924250e-01
3.260002107633639401e-01
3.235653684361628479e-01
3.211555580536170074e-01
3.187705066285329014e-01
3.164099441767510013e-01
3.140736036840702794e-01
3.117612210735362654e-01
3.094725351730899243e-01
3.072072876835731381e-01
3.049652231470860730e-01
3.027460889156933233e-01
3.005496351204750560e-01
2.983756146409189958e-01
2.962237830746493050e-01
2.940938987074889766e-01
2.919857224838524612e-01
2.898990179774640352e-01
2.878335513623989095e-01
2.857890913844432501e-01
2.837654093327695026e-01
2.817622790119244103e-01
2.797794767141251193e-01
2.778167811918600960e-01
2.758739736307927459e-01
2.739508376229630726e-01
2.720471591402843226e-01
2.701627265083319518e-01
2.682973303804214171e-01
2.664507637119709615e-01
2.646228217351475065e-01
2.628133019337912102e-01
2.610220040186169710e-01
2.592487299026883241e-01
2.574932836771621214e-01
2.557554715873001649e-01
2.540351020087450173e-01
2.523319854240572702e-01
2.506459343995115496e-01
2.489767635621473463e-01
2.473242895770735861e-01
2.456883311250225854e-01
2.440687088801515026e-01
2.424652454880883434e-01
2.408777655442196353e-01
2.393060955722176586e-01
2.377500640028036016e-01
2.362095011527454158e-01
2.346842392040863479e-01
2.331741121836027331e-01
2.316789559424878853e-01
2.301986081362598080e-01
2.287329082048902840e-01
2.272816973531529561e-01
2.258448185311875134e-01
2.244221164152784831e-01
2.230134373888454091e-01
2.216186295236425852e-01
2.202375425611657889e-01
2.188700278942639632e-01
2.175159385489534580e-01
2.161751291664324448e-01
2.148474559852936172e-01
2.135327768239326796e-01
2.122309510631508744e-01
2.109418396289489128e-01
2.096653049755104470e-01
2.084012110683732821e-01
2.071494233677856900e-01
2.059098088122459369e-01
2.046822358022237220e-01
2.034665741840601672e-01
2.022626952340459139e-01
2.010704716426739980e-01
1.998897774990665011e-01
1.987204882755728430e-01
1.975624808125373555e-01
1.964156333032350821e-01
1.952798252789733069e-01
1.941549375943570355e-01
1.930408524127173175e-01
1.919374531916993587e-01
1.908446246690101156e-01
1.897622528483223214e-01
1.886902249853341373e-01
1.876284295739822638e-01
1.865767563328067924e-01
1.855350961914665475e-01
1.845033412774025883e-01
1.834813849026490917e-01
1.824691215507890096e-01
1.814664468640538597e-01
1.804732576305654035e-01
1.794894517717177396e-01
1.785149283296988409e-01
1.775495874551489828e-01
1.765933303949555055e-01
1.756460594801819985e-01
1.747076781141302382e-01
1.737780907605337988e-01
1.728572029318818370e-01
1.719449211778710795e-01
1.710411530739854302e-01
1.701458072102013663e-01
1.692587931798172352e-01
1.683800215684064794e-01
1.675094039428915993e-01
1.666468528407392680e-01
1.657922817592739628e-01
1.649456051451095029e-01
1.641067383836969373e-01
1.632755977889876753e-01
1.624521005932104689e-01
1.616361649367608344e-01
1.608277098582020503e-01
1.600266552843762069e-01
1.592329220206241680e-01
1.584464317411133638e-01
1.576671069792719149e-01
1.568948711183285050e-01
1.561296483819559766e-01
1.553713638250185103e-01
1.546199433244202504e-01
1.538753135700549612e-01
1.531374020558555205e-01
1.524061370709418328e-01
1.516814476908659726e-01
1.509632637689544699e-01
1.502515159277454104e-01
1.495461355505198764e-01
1.488470547729268956e-01
1.481542064747006227e-01
1.474675242714686418e-01
1.467869425066504752e-01
1.461123962434455470e-01
1.454438212569090783e-01
1.447811540261156327e-01
1.441243317264087331e-01
1.434732922217358542e-01
1.428279740570680412e-01
1.421883164509027964e-01
1.415542592878497041e-01
1.409257431112976577e-01
1.403027091161629103e-01
1.396850991417169507e-01
1.390728556644933167e-01
1.384659217912728724e-01
1.378642412521457750e-01
1.372677583936505186e-01
1.366764181719881122e-01
1.360901661463109757e-01
1.355089484720862214e-01
1.349327118945314596e-01
1.343614037421232976e-01
1.337949719201772802e-01
1.332333649044983304e-01
1.326765317351015216e-01
1.321244220100015188e-01
1.315769858790709623e-01
1.310341740379660780e-01
1.304959377221193983e-01
1.299622287007986265e-01
1.294329992712309196e-01
1.289082022527919813e-01
1.283877909812588258e-01
1.278717193031264909e-01
1.273599415699866455e-01
1.268524126329685919e-01
1.263490878372413584e-01
1.258499230165761873e-01
1.253548744879692811e-01
1.248638990463233761e-01
1.243769539591882412e-01
1.238939969615588388e-01
1.234149862507308848e-01
1.229398804812132651e-01
1.224686387596961579e-01
1.220012206400747090e-01
1.215375861185276907e-01
1.210776956286501171e-01
1.206215100366396231e-01
1.201689906365358274e-01
1.197200991455120989e-01
1.192747976992192260e-01
1.188330488471804058e-01
1.183948155482368314e-01
1.179600611660435311e-01
1.175287494646149872e-01
1.171008446039192574e-01
1.166763111355214599e-01
1.162551139982745119e-01
1.158372185140576494e-01
1.154225903835619377e-01
1.150111956821221193e-01
1.146030008555942031e-01
1.141979727162787811e-01
1.137960784388891422e-01
1.133972855565635179e-01
1.130015619569217367e-01
1.126088758781648713e-01
1.122191959052180749e-01
1.118324909659159233e-01
1.114487303272296281e-01
1.110678835915359097e-01
1.106899206929269630e-01
1.103148118935609739e-01
1.099425277800529788e-01
1.095730392599053304e-01
1.092063175579776058e-01
1.088423342129952870e-01
1.084810610740969961e-01
1.081224702974196566e-01
1.077665343427213207e-01
1.074132259700412845e-01
1.070625182363967587e-01
1.067143844925161345e-01
1.063687983796082204e-01
1.060257338261667848e-01
1.056851650448108193e-01
1.053470665291589559e-01
1.050114130507389248e-01
1.046781796559305838e-01
1.043473416629428913e-01
1.040188746588241037e-01
1.036927544965047659e-01
1.033689572918735644e-01
1.030474594208850986e-01
1.027282375166995720e-01
1.024112684668542356e-01
1.020965294104655557e-01
1.017839977354625391e-01
1.014736510758504073e-01
1.011654673090044559e-01
1.008594245529935568e-01
1.005555011639333446e-01
1.002536757333685191e-01
9.995392708568377749e-02
9.965623427554355651e-02
9.936057658535979442e-02
9.906693352278751752e-02
9.877528481824825179e-02
9.848561042248041297e-02
9.819789050411704967e-02
9.791210544728974619e-02
9.762823584925947595e-02
9.734626251807312891e-02
9.706616647024605971e-02
9.678792892847008777e-02
9.651153131934674112e-02
9.623695527114548010e-02
9.596418261158663754e-02
9.569319536564868667e-02
9.542397575339973959e-02
9.515650618785295722e-02
9.489076927284542662e-02
9.462674780094058880e-02
9.436442475135357888e-02
9.410378328789963109e-02
9.384480675696482699e-02
9.358747868549942284e-02
9.333178277903310394e-02
9.307770291971222132e-02
9.282522316435856680e-02
9.257432774254954755e-02
9.232500105471948271e-02
9.207722767028192479e-02
9.183099232577242310e-02
9.158627992301206222e-02
9.134307552729092894e-02
9.110136436557157713e-02
9.086113182471268479e-02
9.062236344971180690e-02
9.038504494196775152e-02
9.014916215756195450e-02
8.991470110555881134e-02
8.968164794632474401e-02
8.944998898986587788e-02
8.921971069418382916e-02
8.899079966364970007e-02
8.876324264739601788e-02
8.853702653772629882e-02
8.831213836854219512e-02
8.808856531378794763e-02
8.786629468591188041e-02
8.764531393434503437e-02
8.742561064399632931e-02
8.720717253376443490e-02
8.698998745506598962e-02
8.677404339038002901e-02
8.655932845180844271e-02
8.634583087965236325e-02
8.613353904100397307e-02
8.592244142835415988e-02
8.571252665821529892e-02
8.550378346975916199e-02
8.529620072347011972e-02
8.508976739981269355e-02
8.488447259791419286e-02
8.468030553426172946e-02
8.447725554141349846e-02
8.427531206672435327e-02
8.407446467108535548e-02
8.387470302767724428e-02
8.367601692073757536e-02
8.347839624434151562e-02
8.328183100119598836e-02
8.308631130144709942e-02
8.289182736150077502e-02
8.269836950285630595e-02
8.250592815095277033e-02
8.231449383402811293e-02
8.212405718199082549e-02
8.193460892530411710e-02
8.174613989388219981e-02
8.155864101599889782e-02
8.137210331720821921e-02
8.118651791927668226e-02
8.100187603912764600e-02
8.081816898779703440e-02
8.063538816940073184e-02
8.045352508011316406e-02
8.027257130715734212e-02
8.009251852780588377e-02
7.991335850839298427e-02
7.973508310333742022e-02
7.955768425417626688e-02
7.938115398860913496e-02
7.920548441955307939e-02
7.903066774420779150e-02
7.885669624313125514e-02
7.868356227931891378e-02
7.851125829730325190e-02
7.833977682228587813e-02
7.816911045921645651e-02
7.799925189192956354e-02
7.783019388228104574e-02
7.766192926929255114e-02
7.749445096830551161e-02
7.732775197014422897e-02
7.716182534028831475e-02
7.699666421805437255e-02
7.683226181578628466e-02
7.666861141805493551e-02
7.650570638086630348e-02
7.634354013087849000e-02
7.618210616462735285e-02
7.602139804776060494e-02
7.586140941428039242e-02
7.570213396579417164e-02
7.554356547077391293e-02
7.538569776382327003e-02
7.522852474495306252e-02
7.507204037886469616e-02
7.491623869424107740e-02
7.476111378304600708e-02
7.460665979983076290e-02
7.445287096104845348e-02
7.429974154437597733e-02
7.414726588804348983e-02
7.399543839017104496e-02
7.384425350811280042e-02
7.369370575780814780e-02
7.354378971314037838e-02
7.339450000530189921e-02
7.324583132216699877e-02
7.309777840767098245e-02
7.295033606119662173e-02
7.280349913696688990e-02
7.265726254344480328e-02
7.251162124273964615e-02
7.236657025001967669e-02
7.222210463293146643e-02
7.207821951102558189e-02
7.193491005518848347e-02
7.179217148708076646e-02
7.164999907858164707e-02
7.150838815123938819e-02
7.136733407572788679e-02
7.122683227130929828e-02
7.108687820530240620e-02
7.094746739255698709e-02
7.080859539493399024e-02
7.067025782079119911e-02
7.053245032447474916e-02
7.039516860581639113e-02
7.025840840963588907e-02
7.012216552524917768e-02
6.998643578598187642e-02
6.985121506868814667e-02
6.971649929327482231e-02
6.958228442223081400e-02
6.944856646016162038e-02
6.931534145332914065e-02
6.918260548919623332e-02
6.905035469597664566e-02
6.891858524218964777e-02
6.878729333621970421e-02
6.865647522588083640e-02
6.852612719798595320e-02
6.839624557792081672e-02
6.826682672922279593e-02
6.813786705316403347e-02
6.800936298833946958e-02
6.788131101025925151e-02
6.775370763094559767e-02
6.762654939853424141e-02
6.749983289688007981e-02
6.737355474516727727e-02
6.724771159752372662e-02
6.712230014263959044e-02
6.699731710338995005e-02
6.687275923646210374e-02
6.674862333198630648e-02
6.662490621317110340e-02
6.650160473594231292e-02
6.637871578858624277e-02
6.625623629139666682e-02
6.613416319632574314e-02
6.601249348663876249e-02
6.589122417657271302e-02
6.577035231099860602e-02
6.564987496508740972e-02
6.552978924397984128e-02
6.541009228245971141e-02
6.529078124463078003e-02
6.517185332359713701e-02
6.505330574114748243e-02
6.493513574744230743e-02
6.481734062070493296e-02
6.469991766691579604e-02
6.458286421951014988e-02
6.446617763907890042e-02
6.434985531307309270e-02
6.423389465551133937e-02
6.411829310669062143e-02
6.400304813290007278e-02
6.388815722613826187e-02
6.377361790383323514e-02
6.365942770856584942e-02
6.354558420779604644e-02
6.343208499359220820e-02
6.331892768236341285e-02
6.320610991459468808e-02
6.309362935458517896e-02
6.298148369018913284e-02
6.286967063255986810e-02
6.275818791589633794e-02
6.264703329719271963e-02
6.253620455599061267e-02
6.242569949413395713e-02
6.231551593552676210e-02
6.220565172589335307e-02
6.209610473254138091e-02
6.198687284412732201e-02
6.187795397042465673e-02
6.176934604209454588e-02
6.166104701045904690e-02
6.155305484727679327e-02
6.144536754452113031e-02
6.133798311416081839e-02
6.123089958794295656e-02
6.112411501717841811e-02
6.101762747252961055e-02
6.091143504380053947e-02
6.080553583972929388e-02
6.069992798778262727e-02
6.059460963395296024e-02
6.048957894255750645e-02
6.038483409603970231e-02
6.028037329477273221e-02
6.017619475686528108e-02
6.007229671796935483e-02
5.996867743109025178e-02
5.986533516639865743e-02
5.976226821104470982e-02
5.965947486897422991e-02
5.955695346074683233e-02
5.945470232335617333e-02
5.935271981005207226e-02
5.925100429016463832e-02
5.914955414893029173e-02
5.904836778731976238e-02
5.894744362186791348e-02
5.884678008450543868e-02
5.874637562239248822e-02
5.864622869775398123e-02
5.854633778771687475e-02
5.844670138414913285e-02
5.834731799350048598e-02
5.824818613664492495e-02
5.814930434872497139e-02
5.805067117899759266e-02
5.795228519068189310e-02
5.785414496080837354e-02
5.775624908006996017e-02
5.765859615267455301e-02
5.756118479619933004e-02
5.746401364144648055e-02
5.736708133230069423e-02
5.727038652558807952e-02
5.717392789093678207e-02
5.707770411063892851e-02
5.698171387951427719e-02
5.688595590477526359e-02
5.679042890589355158e-02
5.669513161446806948e-02
5.660006277409444786e-02
5.650522114023594222e-02
5.641060548009575737e-02
5.631621457249074564e-02
5.622204720772652070e-02
5.612810218747394525e-02
5.603437832464695789e-02
5.594087444328175313e-02
5.584758937841725196e-02
5.575452197597696724e-02
5.566167109265208329e-02
5.556903559578584006e-02
5.547661436325922180e-02
5.538440628337783916e-02
5.529241025476015758e-02
5.520062518622678022e-02
5.510904999669112569e-02
5.501768361505119526e-02
5.492652498008256112e-02
5.483557304033257612e-02
5.474482675401561721e-02
5.465428508890959880e-02
5.456394702225361021e-02
5.447381154064658698e-02
5.438387763994716878e-02
5.429414432517470218e-02
5.420461061041117329e-02
5.411527551870436159e-02
5.402613808197202772e-02
5.393719734090705875e-02
5.384845234488379317e-02
5.375990215186528254e-02
5.367154582831155929e-02
5.358338244908899400e-02
5.349541109738058936e-02
5.340763086459722475e-02
5.332004085028994866e-02
5.323264016206320087e-02
5.314542791548894363e-02
5.305840323402183367e-02
5.297156524891523388e-02
5.288491309913815469e-02
5.279844593129317393e-02
5.271216289953517542e-02
5.262606316569545806e-02
5.254014589868719748e-02
5.245441027473891904e-02
5.236885547742049785e-02
5.228348069701609091e-02
5.219828513189122415e-02
5.211326798681424621e-02
5.202842847348911753e-02
5.194376581053030545e-02
5.185927922333959106e-02
5.177496794403423086e-02
5.169083121137585390e-02
5.160686827070001120e-02
5.152307837384657863e-02
5.143946077909092307e-02
5.135601475107581110e-02
5.127273956074401146e-02
5.118963448527170945e-02
5.110669880800264991e-02
5.102393181838292546e-02
5.094133281189654194e-02
5.085890109000169163e-02
5.077663596006769253e-02
5.069453673531262861e-02
5.061260273474168375e-02
5.053083328308615590e-02
5.044922771074311640e-02
5.036778535371571469e-02
5.028650555355420465e-02
5.020538765729756769e-02
5.012443101741573259e-02
5.004363499175251695e-02
4.996299894346917236e-02
4.988252224098847776e-02
4.980220425793950578e-02
4.972204437310302066e-02
4.964204197035736871e-02
4.956219643862508351e-02
4.948250717181998382e-02
4.940297356879487511e-02
4.932359503328988259e-02
4.924437097388124907e-02
4.916530080393074348e-02
4.908638394153566620e-02
4.900761980947927060e-02
4.892900783518193408e-02
4.885054745065262743e-02
4.877223809244109198e-02
4.869407920159041225e-02
4.861607022359027558e-02
4.853821060833052314e-02
4.846049981005540880e-02
4.838293728731819787e-02
4.830552250293643907e-02
4.822825492394745145e-02
4.815113402156467187e-02
4.807415927113414117e-02
4.799733015209160097e-02
4.792064614792012484e-02
4.784410674610809627e-02
4.776771143810772807e-02
4.769145971929394240e-02
4.761535108892382684e-02
4.753938505009642351e-02
4.746356110971301084e-02
4.738787877843779472e-02
4.731233757065905071e-02
4.723693700445070337e-02
4.716167660153421787e-02
4.708655588724111607e-02
4.701157439047564529e-02
4.693673164367810624e-02
4.686202718278834056e-02
4.678746054720985675e-02
4.671303127977410180e-02
4.663873892670539201e-02
4.656458303758592016e-02
4.649056316532144267e-02
4.641667886610711252e-02
4.634292969948296259e-02
4.626931522807602865e-02
4.619583501770335027e-02
4.612248863738457882e-02
4.604927565926380389e-02
4.597619565857776619e-02
4.590324821362427865e-02
4.583043290573102224e-02
4.575774931922467481e-02
4.568519704140035220e-02
4.561277566249141713e-02
4.554048477563958641e-02
4.546832397686539906e-02
4.539629286503896188e-02
4.532439104185106982e-02
4.525261811178455523e-02
4.518097368208606746e-02
4.510945736273806045e-02
4.503806876643107193e-02
4.496680750853643965e-02
4.489567320707917725e-02
4.482466548271116930e-02
4.475378395868472026e-02
4.468302826082637402e-02
4.461239801751090694e-02
4.454189285963579270e-02
4.447151242059579901e-02
4.440125633625787577e-02
4.433112424493640402e-02
4.426111578736863922e-02
4.419123060669041814e-02
4.412146834841216420e-02
4.405182866039514950e-02
4.398231119282797891e-02
4.391291559820336560e-02
4.384364153129519104e-02
4.377448864913567605e-02
4.370545661099300289e-02
4.363654507834898583e-02
4.356775371487710963e-02
4.349908218642076912e-02
4.343053016097171704e-02
4.336209730864881012e-02
4.329378330167693578e-02
4.322558781436612596e-02
4.315751052309100416e-02
4.308955110627040591e-02
4.302170924434717270e-02
4.295398461976823734e-02
4.288637691696489673e-02
4.281888582233327190e-02
4.275151102421503174e-02
4.268425221287826948e-02
4.261710908049864965e-02
4.255008132114065922e-02
4.248316863073921951e-02
4.241637070708131896e-02
4.234968724978800669e-02
4.228311796029642078e-02
4.221666254184214262e-02
4.215032069944171789e-02
4.208409213987525377e-02
4.201797657166940481e-02
4.195197370508035178e-02
4.188608325207705124e-02
4.182030492632469315e-02
4.175463844316826961e-02
4.168908351961636560e-02
4.162363987432512319e-02
4.155830722758232371e-02
4.149308530129176137e-02
4.142797381895765851e-02
4.136297250566928208e-02
4.129808108808580291e-02
4.123329929442118985e-02
4.116862685442944370e-02
4.110406349938974802e-02
4.103960896209203624e-02
4.097526297682251711e-02
4.091102527934947775e-02
4.084689560690915600e-02
4.078287369819184188e-02
4.071895929332805530e-02
4.065515213387493887e-02
4.059145196280274093e-02
4.052785852448149290e-02
4.046437156466777679e-02
4.040099083049170092e-02
4.033771607044395191e-02
4.027454703436301325e-02
4.021148347342252960e-02
4.014852514011882367e-02
4.008567178825846872e-02
4.002292317294608992e-02
3.996027905057224910e-02
3.989773917880141268e-02
3.983530331656020412e-02
3.977297122402560087e-02
3.971074266261332558e-02
3.964861739496643861e-02
3.958659518494395818e-02
3.952467579760959859e-02
3.946285899922069573e-02
3.940114455721722975e-02
3.933953224021092404e-02
3.927802181797449693e-02
3.921661306143102432e-02
3.915530574264342034e-02
3.909409963480402206e-02
3.903299451222427136e-02
3.897199015032453556e-02
3.891108632562404607e-02
3.885028281573085773e-02
3.878957939933206506e-02
3.872897585618397670e-02
3.866847196710247042e-02
3.860806751395345904e-02
3.854776227964341884e-02
3.848755604811000125e-02
3.842744860431288045e-02
3.836743973422449688e-02
3.830752922482104361e-02
3.824771686407349436e-02
3.818800244093875640e-02
3.812838574535087899e-02
3.806886656821239362e-02
3.800944470138571674e-02
3.795011993768466346e-02
3.789089207086601685e-02
3.783176089562129835e-02
3.777272620756843419e-02
3.771378780324367158e-02
3.765494548009350878e-02
3.759619903646679168e-02
3.753754827160674101e-02
3.747899298564319470e-02
3.742053297958492647e-02
3.736216805531192980e-02
3.730389801556796558e-02
3.724572266395301950e-02
3.718764180491591215e-02
3.712965524374704090e-02
3.707176278657104557e-02
3.701396424033977228e-02
3.695625941282505711e-02
3.689864811261181488e-02
3.684113014909106559e-02
3.678370533245307883e-02
3.672637347368053889e-02
3.666913438454190433e-02
3.661198787758470491e-02
3.655493376612899137e-02
3.649797186426079892e-02
3.644110198682573576e-02
3.638432394942259229e-02
3.632763756839703373e-02
3.627104266083542444e-02
3.621453904455850664e-02
3.615812653811547456e-02
3.610180496077780576e-02
3.604557413253333537e-02
3.598943387408029548e-02
3.593338400682150741e-02
3.587742435285858067e-02
3.582155473498613296e-02
3.576577497668617656e-02
3.571008490212248393e-02
3.565448433613498808e-02
3.559897310423438405e-02
3.554355103259659171e-02
3.548821794805743363e-02
3.543297367810728515e-02
3.537781805088581477e-02
3.532275089517675909e-02
3.526777204040276725e-02
3.521288131662030085e-02
3.515807855451456160e-02
3.510336358539452306e-02
3.504873624118794162e-02
3.499419635443648535e-02
3.493974375829089069e-02
3.488537828650615374e-02
3.483109977343677721e-02
3.477690805403210739e-02
3.472280296383165044e-02
3.466878433896048578e-02
3.461485201612473500e-02
3.456100583260698911e-02
3.450724562626196479e-02
3.445357123551198025e-02
3.439998249934266700e-02
3.434647925729859136e-02
3.429306134947900792e-02
3.423972861653364064e-02
3.418648089965847792e-02
3.413331804059160923e-02
3.408023988160917978e-02
3.402724626552124793e-02
3.397433703566783009e-02
3.392151203591492470e-02
3.386877111065051543e-02
3.381611410478076174e-02
3.376354086372606450e-02
3.371105123341731902e-02
3.365864506029208475e-02
3.360632219129084525e-02
3.355408247385337911e-02
3.350192575591503380e-02
3.344985188590308967e-02
3.339786071273322804e-02
3.334595208580595771e-02
3.329412585500308996e-02
3.324238187068426220e-02
3.319071998368349624e-02
3.313914004530580520e-02
3.308764190732382121e-02
3.303622542197443696e-02
3.298489044195550279e-02
3.293363682042257240e-02
3.288246441098564843e-02
3.283137306770599062e-02
3.278036264509293085e-02
3.272943299810076451e-02
3.267858398212558635e-02
3.262781545300229985e-02
3.257712726700143224e-02
3.252651928082628263e-02
3.247599135160979256e-02
3.242554333691173574e-02
3.237517509471565108e-02
3.232488648342603244e-02
3.227467736186545588e-02
3.222454758927171398e-02
3.217449702529503325e-02
3.212452552999526395e-02
3.207463296383916695e-02
3.202481918769766595e-02
3.197508406284315513e-02
3.192542745094680695e-02
3.187584921407594224e-02
3.182634921469144895e-02
3.177692731564514539e-02
3.172758338017722668e-02
3.167831727191372515e-02
3.162912885486399150e-02
3.158001799341822458e-02
3.153098455234497333e-02
3.148202839678875681e-02
3.143314939226753840e-02
3.138434740467046374e-02
3.133562230025540435e-02
3.128697394564662615e-02
3.123840220783251007e-02
3.118990695416320319e-02
3.114148805234836018e-02
3.109314537045489157e-02
3.104487877690473990e-02
3.099668814047265575e-02
3.094857333028401200e-02
3.090053421581264240e-02
3.085257066687869740e-02
3.080468255364650701e-02
3.075686974662249218e-02
3.070913211665308312e-02
3.066146953492263419e-02
3.061388187295140464e-02
3.056636900259352557e-02
3.051893079603500147e-02
3.047156712579172574e-02
3.042427786470750309e-02
3.037706288595213786e-02
3.032992206301946686e-02
3.028285526972547548e-02
3.023586238020641026e-02
3.018894326891687768e-02
3.014209781062805044e-02
3.009532588042577658e-02
3.004862735370877197e-02
3.000200210618685082e-02
2.995545001387911466e-02
2.990897095311218293e-02
2.986256480051846865e-02
2.981623143303443330e-02
2.976997072789885901e-02
2.972378256265118326e-02
2.967766681512976415e-02
2.963162336347027401e-02
2.958565208610399594e-02
2.953975286175622439e-02
2.949392556944462063e-02
2.944817008847763068e-02
2.940248629845287204e-02
2.935687407925557241e-02
2.931133331105702927e-02
2.926586387431301395e-02
2.922046564976230054e-02
2.917513851842510469e-02
2.912988236160160213e-02
2.908469706087043680e-02
2.903958249808726369e-02
2.899453855538324659e-02
2.894956511516365988e-02
2.890466206010642441e-02
2.885982927316070590e-02
2.881506663754548545e-02
2.877037403674820304e-02
2.872575135452333506e-02
2.868119847489106894e-02
2.863671528213590153e-02
2.859230166080533805e-02
2.854795749570853552e-02
2.850368267191500521e-02
2.845947707475328381e-02
2.841534058980966712e-02
2.837127310292689858e-02
2.832727450020291679e-02
2.828334466798959265e-02
2.823948349289149423e-02
2.819569086176462389e-02
2.815196666171521089e-02
2.810831078009850409e-02
2.806472310451755409e-02
2.802120352282203020e-02
2.797775192310703735e-02
2.793436819371194688e-02
2.789105222321923427e-02
2.784780390045333426e-02
2.780462311447948545e-02
2.776150975460263404e-02
2.771846371036628190e-02
2.767548487155139722e-02
2.763257312817530079e-02
2.758972837049058699e-02
2.754695048898405177e-02
2.750423937437561014e-02
2.746159491761722068e-02
2.741901700989187590e-02
2.737650554261251978e-02
2.733406040742104165e-02
2.729168149618723185e-02
2.724936870100778258e-02
2.720712191420528170e-02
2.716494102832719276e-02
2.712282593614490436e-02
2.708077653065271012e-02
2.703879270506687194e-02
2.699687435282462078e-02
2.695502136758324771e-02
2.691323364321911507e-02
2.687151107382674056e-02
2.682985355371786396e-02
2.678826097742051035e-02
2.674673323967809851e-02
2.670527023544852149e-02
2.666387185990324454e-02
2.662253800842642043e-02
2.658126857661400125e-02
2.654006346027287105e-02
2.649892255541996464e-02
2.645784575828141402e-02
2.641683296529168459e-02
2.637588407309274241e-02
2.633499897853320421e-02
2.629417757866750818e-02
2.625341977075507094e-02
2.621272545225951725e-02
2.617209452084779883e-02
2.613152687438943800e-02
2.609102241095572275e-02
2.605058102881889145e-02
2.601020262645135916e-02
2.596988710252495433e-02
2.592963435591012084e-02
2.588944428567516512e-02
2.584931679108548597e-02
2.580925177160282857e-02
2.576924912688455249e-02
2.572930875678283713e-02
2.568943056134399827e-02
2.564961444080773173e-02
2.560986029560639865e-02
2.557016802636431080e-02
2.553053753389698810e-02
2.549096871921050292e-02
2.545146148350072718e-02
2.541201572815265930e-02
2.537263135473974765e-02
2.533330826502317237e-02
2.529404636095119660e-02
2.525484554465847603e-02
2.521570571846538933e-02
2.517662678487737199e-02
2.513760864658428143e-02
2.509865120645971351e-02
2.505975436756036415e-02
2.502091803312538401e-02
2.498214210657576095e-02
2.494342649151365041e-02
2.490477109172178211e-02
2.486617581116279396e-02
2.482764055397866654e-02
2.478916522449006385e-02
2.475074972719574704e-02
2.471239396677194985e-02
2.467409784807179929e-02
2.463586127612471185e-02
2.459768415613579340e-02
2.455956639348527357e-02
2.452150789372788478e-02
2.448350856259232447e-02
2.444556830598065833e-02
2.440768702996775480e-02
2.436986464080071954e-02
2.433210104489833339e-02
2.429439614885049725e-02
2.425674985941768044e-02
2.421916208353035865e-02
2.418163272828849006e-02
2.414416170096095673e-02
2.410674890898501996e-02
2.406939425996581713e-02
2.403209766167579281e-02
2.399485902205422683e-02
2.395767824920664799e-02
2.392055525140435179e-02
2.388348993708388351e-02
2.384648221484653163e-02
2.380953199345779356e-02
2.377263918184690378e-02
2.373580368910631691e-02
2.369902542449121158e-02
2.366230429741899080e-02
2.362564021746880669e-02
2.358903309438107818e-02
2.355248283805697757e-02
2.351598935855797254e-02
2.347955256610534738e-02
2.344317237107973115e-02
2.340684868402062233e-02
2.337058141562591701e-02
2.333437047675145787e-02
2.329821577841056229e-02
2.326211723177356791e-02
2.322607474816739195e-02
2.319008823907504208e-02
2.315415761613522083e-02
2.311828279114182955e-02
2.308246367604355198e-02
2.304670018294341025e-02
2.301099222409833805e-02
2.297533971191872970e-02
2.293974255896799597e-02
2.290420067796219289e-02
2.286871398176952216e-02
2.283328238340996685e-02
2.279790579605483689e-02
2.276258413302637007e-02
2.272731730779731577e-02
2.269210523399049426e-02
2.265694782537843940e-02
2.262184499588293721e-02
2.258679665957465804e-02
2.255180273067275420e-02
2.251686312354443317e-02
2.248197775270457249e-02
2.244714653281534161e-02
2.241236937868580983e-02
2.237764620527151957e-02
2.234297692767413940e-02
2.230836146114105814e-02
2.227379972106501710e-02
2.223929162298370413e-02
2.220483708257941710e-02
2.217043601567864411e-02
2.213608833825171651e-02
2.210179396641243771e-02
2.206755281641769803e-02
2.203336480466712433e-02
2.199922984770270179e-02
2.196514786220842702e-02
2.193111876500993679e-02
2.189714247307415068e-02
2.186321890350891028e-02
2.182934797356265305e-02
2.179552960062400291e-02
2.176176370222149617e-02
2.172805019602316520e-02
2.169438899983624006e-02
2.166078003160675641e-02
2.162722320941928150e-02
2.159371845149649777e-02
2.156026567619893225e-02
2.152686480202456454e-02
2.149351574760853534e-02
2.146021843172278912e-02
2.142697277327574104e-02
2.139377869131196472e-02
2.136063610501186261e-02
2.132754493369133642e-02
2.129450509680144016e-02
2.126151651392811995e-02
2.122857910479180807e-02
2.119569278924718359e-02
2.116285748728282193e-02
2.113007311902086530e-02
2.109733960471673817e-02
2.106465686475881074e-02
2.103202481966811796e-02
2.099944339009801944e-02
2.096691249683391156e-02
2.093443206079291866e-02
2.090200200302359465e-02
2.086962224470560040e-02
2.083729270714942960e-02
2.080501331179609656e-02
2.077278398021684472e-02
2.074060463411283098e-02
2.070847519531486547e-02
2.067639558578308889e-02
2.064436572760669150e-02
2.061238554300363901e-02
2.058045495432034994e-02
2.054857388403142499e-02
2.051674225473938684e-02
2.048495998917436098e-02
2.045322701019378422e-02
2.042154324078218619e-02
2.038990860405082151e-02
2.035832302323746859e-02
2.032678642170611047e-02
2.029529872294665374e-02
2.026385985057467878e-02
2.023246972833115873e-02
2.020112828008217842e-02
2.016983542981867078e-02
2.013859110165614613e-02
2.010739521983441816e-02
2.007624770871733674e-02
2.004514849279253816e-02
2.001409749667116406e-02
1.998309464508760125e-02
1.995213986289921804e-02
1.992123307508610747e-02
1.989037420675083059e-02
1.985956318311815627e-02
1.982879992953477319e-02
1.979808437146909558e-02
1.976741643451094751e-02
1.973679604437134777e-02
1.970622312688223923e-02
1.967569760799622869e-02
1.964521941378637518e-02
1.961478847044589163e-02
1.958440470428791241e-02
1.955406804174526780e-02
1.952377840937021686e-02
1.949353573383419760e-02
1.946333994192759459e-02
1.943319096055949255e-02
1.940308871675743355e-02
1.937303313766717758e-02
1.934302415055245625e-02
1.931306168279472990e-02
1.928314566189297599e-02
1.925327601546340806e-02
1.922345267123927795e-02
1.919367555707063647e-02
1.916394460092405924e-02
1.913425973088246287e-02
1.910462087514485513e-02
1.907502796202608861e-02
1.904548091995664563e-02
1.901597967748240581e-02
1.898652416326441009e-02
1.895711430607865261e-02
1.892775003481582743e-02
1.889843127848111343e-02
1.886915796619396610e-02
1.883993002718785392e-02
1.881074739081007446e-02
1.878160998652152539e-02
1.875251774389644077e-02
1.872347059262222807e-02
1.869446846249921135e-02
1.866551128344044047e-02
1.863659898547143090e-02
1.860773149872997981e-02
1.857890875346595097e-02
1.855013068004102844e-02
1.852139720892853267e-02
1.849270827071319151e-02
1.846406379609092860e-02
1.843546371586865518e-02
1.840690796096404458e-02
1.837839646240533448e-02
1.834992915133111871e-02
1.832150595899012524e-02
1.829312681674101493e-02
1.826479165605216295e-02
1.823650040850147147e-02
1.820825300577614408e-02
1.818004937967249157e-02
1.815188946209571677e-02
1.812377318505972029e-02
1.809570048068688888e-02
1.806767128120789073e-02
1.803968551896147771e-02
1.801174312639429106e-02
1.798384403606064982e-02
1.795598818062233565e-02
1.792817549284843673e-02
1.790040590561510492e-02
1.787267935190537879e-02
1.784499576480897895e-02
1.781735507752212760e-02
1.778975722334731613e-02
1.776220213569314546e-02
1.773468974807411794e-02
1.770721999411042913e-02
1.767979280752780477e-02
1.765240812215727872e-02
1.762506587193500909e-02
1.759776599090210128e-02
1.757050841320439635e-02
1.754329307309227676e-02
1.751611990492050672e-02
1.748898884314801019e-02
1.746189982233770088e-02
1.743485277715628445e-02
1.740784764237408855e-02
1.738088435286483380e-02
1.735396284360549851e-02
1.732708304967610705e-02
1.730024490625953551e-02
1.727344834864135564e-02
1.724669331220960930e-02
1.721997973245467314e-02
1.719330754496903313e-02
1.716667668544713185e-02
1.714008708968517078e-02
1.711353869358092639e-02
1.708703143313358361e-02
1.706056524444353809e-02
1.703414006371224351e-02
1.700775582724198612e-02
1.698141247143577018e-02
1.695510993279706821e-02
1.692884814792969608e-02
1.690262705353762218e-02
1.687644658642478007e-02
1.685030668349489849e-02
1.682420728175133481e-02
1.679814831829687383e-02
1.677212973033358895e-02
1.674615145516264447e-02
1.672021343018412209e-02
1.669431559289685091e-02
1.666845788089824781e-02
1.664264023188412669e-02
1.661686258364854230e-02
1.659112487408358899e-02
1.656542704117927936e-02
1.653976902302333254e-02
1.651415075780101466e-02
1.648857218379497225e-02
1.646303323938507618e-02
1.643753386304823427e-02
1.641207399335822825e-02
1.638665356898554720e-02
1.636127252869722451e-02
1.633593081135666786e-02
1.631062835592349269e-02
1.628536510145335917e-02
1.626014098709779518e-02
1.623495595210405762e-02
1.620980993581493459e-02
1.618470287766861013e-02
1.615963471719847680e-02
1.613460539403300045e-02
1.610961484789552589e-02
1.608466301860413811e-02
1.605974984607149922e-02
1.603487527030466112e-02
1.601003923140493709e-02
1.598524166956773185e-02
1.596048252508236800e-02
1.593576173833193693e-02
1.591107924979313221e-02
1.588643500003611431e-02
1.586182892972431979e-02
1.583726097961431559e-02
1.581273109055566020e-02
1.578823920349069904e-02
1.576378525945446724e-02
1.573936919957448846e-02
1.571499096507063958e-02
1.569065049725497374e-02
1.566634773753160237e-02
1.564208262739649746e-02
1.561785510843737013e-02
1.559366512233349537e-02
1.556951261085556988e-02
1.554539751586555239e-02
1.552131977931651106e-02
1.549727934325247775e-02
1.547327614980827971e-02
1.544931014120940783e-02
1.542538125977185350e-02
1.540148944790194901e-02
1.537763464809623407e-02
1.535381680294129435e-02
1.533003585511361067e-02
1.530629174737942015e-02
1.528258442259454800e-02
1.525891382370427561e-02
1.523527989374318277e-02
1.521168257583500015e-02
1.518812181319246536e-02
1.516459754911716334e-02
1.514110972699939453e-02
1.511765829031802046e-02
1.509424318264031110e-02
1.507086434762180786e-02
1.504752172900616740e-02
1.502421527062502982e-02
1.500094491639786254e-02
1.497771061033181285e-02
1.495451229652157432e-02
1.493134991914922376e-02
1.490822342248410148e-02
1.488513275088264656e-02
1.486207784878826842e-02
1.483905866073118550e-02
1.481607513132830733e-02
1.479312720528306452e-02
1.477021482738528381e-02
1.474733794251104242e-02
1.472449649562252924e-02
1.470169043176789044e-02
1.467891969608110629e-02
1.465618423378183856e-02
1.463348399017529340e-02
1.461081891065208090e-02
1.458818894068807277e-02
1.456559402584427058e-02
1.454303411176665652e-02
1.452050914418606328e-02
1.449801906891802147e-02
1.447556383186264159e-02
1.445314337900446139e-02
1.443075765641231231e-02
1.440840661023917897e-02
1.438609018672206558e-02
1.436380833218185889e-02
1.434156099302318944e-02
1.431934811573429625e-02
1.429716964688688974e-02
1.427502553313601992e-02
1.425291572121993415e-02
1.423084015795994875e-02
1.420879879026030503e-02
1.418679156510804437e-02
1.416481842957287469e-02
1.414287933080702123e-02
1.412097421604511377e-02
1.409910303260403057e-02
1.407726572788278729e-02
1.405546224936238438e-02
1.403369254460568906e-02
1.401195656125729661e-02
1.399025424704339500e-02
1.396858554977164005e-02
1.394695041733102006e-02
1.392534879769171709e-02
1.390378063890499762e-02
1.388224588910305125e-02
1.386074449649888664e-02
1.383927640938618746e-02
1.381784157613918582e-02
1.379643994521252866e-02
1.377507146514115287e-02
1.375373608454015864e-02
1.373243375210467070e-02
1.371116441660971512e-02
1.368992802691009446e-02
1.366872453194025241e-02
1.364755388071414721e-02
1.362641602232513016e-02
1.360531090594580862e-02
1.358423848082792457e-02
1.356319869630223142e-02
1.354219150177835181e-02
1.352121684674466827e-02
1.350027468076819143e-02
1.347936495349442466e-02
1.345848761464724964e-02
1.343764261402880140e-02
1.341682990151932958e-02
1.339604942707709086e-02
1.337530114073820671e-02
1.335458499261655760e-02
1.333390093290363898e-02
1.331324891186844855e-02
1.329262887985736483e-02
1.327204078729401354e-02
1.325148458467915145e-02
1.323096022259053969e-02
1.321046765168282927e-02
1.319000682268741537e-02
1.316957768641235059e-02
1.314918019374218539e-02
1.312881429563787263e-02
1.310847994313663230e-02
1.308817708735183528e-02
1.306790567947288019e-02
1.304766567076507018e-02
1.302745701256950023e-02
1.300727965630292873e-02
1.298713355345764917e-02
1.296701865560139291e-02
1.294693491437718703e-02
1.292688228150324671e-02
1.290686070877285208e-02
1.288687014805422505e-02
1.286691055129041486e-02
1.284698187049918006e-02
1.282708405777286884e-02
1.280721706527829414e-02
1.278738084525662955e-02
1.276757535002326881e-02
1.274780053196773039e-02
1.272805634355353259e-02
1.270834273731806692e-02
1.268865966587249920e-02
1.266900708190162733e-02
1.264938493816378587e-02
1.262979318749072460e-02
1.261023178278748713e-02
1.259070067703229809e-02
1.257119982327644693e-02
1.255172917464416650e-02
1.253228868433252721e-02
1.251287830561132082e-02
1.249349799182293205e-02
1.247414769638224667e-02
1.245482737277650402e-02
1.243553697456522070e-02
1.241627645538004830e-02
1.239704576892466763e-02
1.237784486897467937e-02
1.235867370937748094e-02
1.233953224405216591e-02
1.232042042698939556e-02
1.230133821225129660e-02
1.228228555397135012e-02
1.226326240635426668e-02
1.224426872367588397e-02
1.222530446028305059e-02
1.220636957059351504e-02
1.218746400909581293e-02
1.216858773034915943e-02
1.214974068898333134e-02
1.213092283969855953e-02
1.211213413726541614e-02
1.209337453652470362e-02
1.207464399238734887e-02
1.205594245983428701e-02
1.203726989391634521e-02
1.201862624975415239e-02
1.200001148253800921e-02
1.198142554752778914e-02
1.196286840005282050e-02
1.194433999551178585e-02
1.192584028937260926e-02
1.190736923717235045e-02
1.188892679451708512e-02
1.187051291708180953e-02
1.185212756061032081e-02
1.183377068091511983e-02
1.181544223387729665e-02
1.179714217544641612e-02
1.177887046164043106e-02
1.176062704854554872e-02
1.174241189231614406e-02
1.172422494917463656e-02
1.170606617541139829e-02
1.168793552738463422e-02
1.166983296152028331e-02
1.165175843431191446e-02
1.163371190232061030e-02
1.161569332217486650e-02
1.159770265057048777e-02
1.157973984427048374e-02
1.156180486010495272e-02
1.154389765497098978e-02
1.152601818583257401e-02
1.150816640972046265e-02
1.149034228373209052e-02
1.147254576503146418e-02
1.145477681084905441e-02
1.143703537848169728e-02
1.141932142529248490e-02
1.140163490871066651e-02
1.138397578623153751e-02
1.136634401541634226e-02
1.134873955389217003e-02
1.133116235935185089e-02
1.131361238955384818e-02
1.129608960232216137e-02
1.127859395554622370e-02
1.126112540718079633e-02
1.124368391524586432e-02
1.122626943782654638e-02
1.120888193307297345e-02
1.119152135920019851e-02
1.117418767448809767e-02
1.115688083728126265e-02
1.113960080598890186e-02
1.112234753908473983e-02
1.110512099510691311e-02
1.108792113265787138e-02
1.107074791040427338e-02
1.105360128707689842e-02
1.103648122147052671e-02
1.101938767244386302e-02
1.100232059891941179e-02
1.098527995988339383e-02
1.096826571438564227e-02
1.095127782153950367e-02
1.093431624052173569e-02
1.091738093057240296e-02
1.090047185099480079e-02
1.088358896115532853e-02
1.086673222048340458e-02
1.084990158847137440e-02
1.083309702467438913e-02
1.081631848871033447e-02
1.079956594025971786e-02
1.078283933906556795e-02
1.076613864493334953e-02
1.074946381773085081e-02
1.073281481738810016e-02
1.071619160389726197e-02
1.069959413731253264e-02
1.068302237775006422e-02
1.066647628538783948e-02
1.064995582046559912e-02
1.063346094328473761e-02
1.061699161420820263e-02
1.060054779366040312e-02
1.058412944212711211e-02
1.056773652015537135e-02
1.055136898835339586e-02
1.053502680739047681e-02
1.051870993799688958e-02
1.050241834096379660e-02
1.048615197714314849e-02
1.046991080744759557e-02
1.045369479285039420e-02
1.043750389438529748e-02
1.042133807314648761e-02
1.040519729028845271e-02
1.038908150702591397e-02
1.037299068463371637e-02
1.035692478444674540e-02
1.034088376785983858e-02
1.032486759632766926e-02
1.030887623136467549e-02
1.029290963454496284e-02
1.027696776750219691e-02
1.026105059192952695e-02
1.024515806957948701e-02
1.022929016226390569e-02
1.021344683185381255e-02
1.019762804027933220e-02
1.018183374952962711e-02
1.016606392165275881e-02
1.015031851875563759e-02
1.013459750300390975e-02
1.011890083662186392e-02
1.010322848189235817e-02
1.008758040115670385e-02
1.007195655681459613e-02
1.005635691132400998e-02
1.004078142720111165e-02
1.002523006702017716e-02
1.000970279341348648e-02
9.994199569071242004e-03
9.978720356741485262e-03
9.963265119229989392e-03
9.947833819400182798e-03
9.932426420173058948e-03
9.917042884527077495e-03
9.901683175498086215e-03
9.886347256179220389e-03
9.871035089720821276e-03
9.855746639330345907e-03
9.840481868272278609e-03
9.825240739868039072e-03
9.810023217495890402e-03
9.794829264590869736e-03
9.779658844644670279e-03
9.764511921205575387e-03
9.749388457878368358e-03
9.734288418324231820e-03
9.719211766260671403e-03
9.704158465461427269e-03
9.689128479756378698e-03
9.674121773031466032e-03
9.659138309228603933e-03
9.644178052345582508e-03
9.629240966435989243e-03
9.614327015609122271e-03
9.599436164029900159e-03
9.584568375918782121e-03
9.569723615551674334e-03
9.554901847259844941e-03
9.540103035429839048e-03
9.525327144503393725e-03
9.510574138977351266e-03
9.495843983403581129e-03
9.481136642388872382e-03
9.466452080594871255e-03
9.451790262737989196e-03
9.437151153589310934e-03
9.422534717974519886e-03
9.407940920773799273e-03
9.393369726921767943e-03
9.378821101407371075e-03
9.364295009273817735e-03
9.349791415618478527e-03
9.335310285592821403e-03
9.320851584402305851e-03
9.306415277306311767e-03
9.292001329618061398e-03
9.277609706704513515e-03
9.263240373986302706e-03
9.248893296937647432e-03
9.234568441086259821e-03
9.220265772013276281e-03
9.205985255353162089e-03
9.191726856793638531e-03
9.177490542075587496e-03
9.163276276992987288e-03
9.149084027392806809e-03
9.134913759174944844e-03
9.120765438292139857e-03
9.106639030749879779e-03
9.092534502606332628e-03
9.078451819972256295e-03
9.064390949010922224e-03
9.050351855938028670e-03
9.036334507021624371e-03
9.022338868582020083e-03
9.008364906991719184e-03
8.994412588675324005e-03
8.980481880109464701e-03
8.966572747822707315e-03
8.952685158395484386e-03
8.938819078460011683e-03
8.924974474700203206e-03
8.911151313851589650e-03
8.897349562701254225e-03
8.883569188087728566e-03
8.869810156900928555e-03
8.856072436082077989e-03
8.842355992623609703e-03
8.828660793569103118e-03
8.814986806013202711e-03
8.801333997101536480e-03
8.787702334030625742e-03
8.774091784047829620e-03
8.760502314451247899e-03
8.746933892589644696e-03
8.733386485862372137e-03
8.719860061719299227e-03
8.706354587660716446e-03
8.692870031237275030e-03
8.679406360049893299e-03
8.665963541749699406e-03
8.652541544037927260e-03
8.639140334665855805e-03
8.625759881434727494e-03
8.612400152195675423e-03
8.599061114849633133e-03
8.585742737347270420e-03
8.572444987688910070e-03
8.559167833924449798e-03
8.545911244153289385e-03
8.532675186524249153e-03
8.519459629235497100e-03
8.506264540534472576e-03
8.493089888717804750e-03
8.479935642131241486e-03
8.466801769169571279e-03
8.453688238276546932e-03
8.440595017944810957e-03
8.427522076715814048e-03
8.414469383179752626e-03
8.401436905975473435e-03
8.388424613790419759e-03
8.375432475360534285e-03
8.362460459470208787e-03
8.349508534952176583e-03
8.336576670687472629e-03
8.323664835605332907e-03
8.310772998683130242e-03
8.297901128946303176e-03
8.285049195468267499e-03
8.272217167370353799e-03
8.259405013821734601e-03
8.246612704039337632e-03
8.233840207287786844e-03
8.221087492879312203e-03
8.208354530173692445e-03
8.195641288578170078e-03
8.182947737547381986e-03
8.170273846583286578e-03
8.157619585235085721e-03
8.144984923099153618e-03
8.132369829818970886e-03
8.119774275085039558e-03
8.107198228634818898e-03
8.094641660252647336e-03
8.082104539769671345e-03
8.069586837063774318e-03
8.057088522059507180e-03
8.044609564728001649e-03
8.032149935086923404e-03
8.019709603200367992e-03
8.007288539178819206e-03
7.994886713179057136e-03
7.982504095404093988e-03
7.970140656103096022e-03
7.957796365571328037e-03
7.945471194150059702e-03
7.933165112226513507e-03
7.920878090233781504e-03
7.908610098650759382e-03
7.896361108002071874e-03
7.884131088858006842e-03
7.871920011834444147e-03
7.859727847592774125e-03
7.847554566839842066e-03
7.835400140327868426e-03
7.823264538854382902e-03
7.811147733262148972e-03
7.799049694439103182e-03
7.786970393318272746e-03
7.774909800877713960e-03
7.762867888140441951e-03
7.750844626174358681e-03
7.738839986092181829e-03
7.726853939051378864e-03
7.714886456254098530e-03
7.702937508947097119e-03
7.691007068421668209e-03
7.679095106013585428e-03
7.667201593103014842e-03
7.655326501114462917e-03
7.643469801516701058e-03
7.631631465822691883e-03
7.619811465589531110e-03
7.608009772418371230e-03
7.596226357954355586e-03
7.584461193886551586e-03
7.572714251947881316e-03
7.560985503915053883e-03
7.549274921608494296e-03
7.537582476892281877e-03
7.525908141674080010e-03
7.514251887905064146e-03
7.502613687579860226e-03
7.490993512736477886e-03
7.479391335456235870e-03
7.467807127863702182e-03
7.456240862126622092e-03
7.444692510455856553e-03
7.433162045105311949e-03
7.421649438371870702e-03
7.410154662595332294e-03
7.398677690158338670e-03
7.387218493486310059e-03
7.375777045047385121e-03
7.364353317352342887e-03
7.352947282954549850e-03
7.341558914449881901e-03
7.330188184476669686e-03
7.318835065715619675e-03
7.307499530889761258e-03
7.296181552764373010e-03
7.284881104146923719e-03
7.273598157886998657e-03
7.262332686876239729e-03
7.251084664048281295e-03
7.239854062378680774e-03
7.228640854884857934e-03
7.217445014626027236e-03
7.206266514703134514e-03
7.195105328258790192e-03
7.183961428477205965e-03
7.172834788584134084e-03
7.161725381846796232e-03
7.150633181573822807e-03
7.139558161115188741e-03
7.128500293862150179e-03
7.117459553247177696e-03
7.106435912743894710e-03
7.095429345867011565e-03
7.084439826172269153e-03
7.073467327256361716e-03
7.062511822756885674e-03
7.051573286352269369e-03
7.040651691761716686e-03
7.029747012745135928e-03
7.018859223103078235e-03
7.007988296676681203e-03
6.997134207347597765e-03
6.986296929037937205e-03
6.975476435710204447e-03
6.964672701367234132e-03
6.953885700052128173e-03
6.943115405848193297e-03
6.932361792878886410e-03
6.921624835307735660e-03
6.910904507338296206e-03
6.900200783214077357e-03
6.889513637218484463e-03
6.878843043674753854e-03
6.868188976945898208e-03
6.857551411434638020e-03
6.846930321583340889e-03
6.836325681873962543e-03
6.825737466827986114e-03
6.815165651006357961e-03
6.804610209009426085e-03
6.794071115476883749e-03
6.783548345087702693e-03
6.773041872560080223e-03
6.762551672651364622e-03
6.752077720158011775e-03
6.741619989915513186e-03
6.731178456798332654e-03
6.720753095719862909e-03
6.710343881632344076e-03
6.699950789526818579e-03
6.689573794433060008e-03
6.679212871419526291e-03
6.668867995593287697e-03
6.658539142099972191e-03
6.648226286123705593e-03
6.637929402887049989e-03
6.627648467650948221e-03
6.617383455714661439e-03
6.607134342415705783e-03
6.596901103129803809e-03
6.586683713270812500e-03
6.576482148290678162e-03
6.566296383679362698e-03
6.556126394964795039e-03
6.545972157712808687e-03
6.535833647527081874e-03
6.525710840049084652e-03
6.515603710958010365e-03
6.505512235970728821e-03
6.495436390841717762e-03
6.485376151363009094e-03
6.475331493364133370e-03
6.465302392712057346e-03
6.455288825311126730e-03
6.445290767103008939e-03
6.435308194066634985e-03
6.425341082218143964e-03
6.415389407610821472e-03
6.405453146335047566e-03
6.395532274518229976e-03
6.385626768324756397e-03
6.375736603955934646e-03
6.365861757649931077e-03
6.356002205681717671e-03
6.346157924363013056e-03
6.336328890042231335e-03
6.326515079104410959e-03
6.316716467971174830e-03
6.306933033100665248e-03
6.297164750987484065e-03
6.287411598162647580e-03
6.277673551193516284e-03
6.267950586683747154e-03
6.258242681273236407e-03
6.248549811638061391e-03
6.238871954490425066e-03
6.229209086578602235e-03
6.219561184686880559e-03
6.209928225635505047e-03
6.200310186280627751e-03
6.190707043514243578e-03
6.181118774264139984e-03
6.171545355493838862e-03
6.161986764202548837e-03
6.152442977425095008e-03
6.142913972231881653e-03
6.133399725728821972e-03
6.123900215057292117e-03
6.114415417394072211e-03
6.104945309951295175e-03
6.095489869976382542e-03
6.086049074752004559e-03
6.076622901596017735e-03
6.067211327861404130e-03
6.057814330936227114e-03
6.048431888243572391e-03
6.039063977241495088e-03
6.029710575422964243e-03
6.020371660315809031e-03
6.011047209482664987e-03
6.001737200520921092e-03
5.992441611062665138e-03
5.983160418774629945e-03
5.973893601358136116e-03
5.964641136549048671e-03
5.955403002117712861e-03
5.946179175868901261e-03
5.936969635641770396e-03
5.927774359309798298e-03
5.918593324780732461e-03
5.909426509996541267e-03
5.900273892933355011e-03
5.891135451601418188e-03
5.882011164045032256e-03
5.872901008342507924e-03
5.863804962606106175e-03
5.854723004981994029e-03
5.845655113650180361e-03
5.836601266824475130e-03
5.827561442752433873e-03
5.818535619715295253e-03
5.809523776027945494e-03
5.800525890038855069e-03
5.791541940130028390e-03
5.782571904716955237e-03
5.773615762248555244e-03
5.764673491207127597e-03
5.755745070108300721e-03
5.746830477500979376e-03
5.737929691967290878e-03
5.729042692122536529e-03
5.720169456615141305e-03
5.711309964126597485e-03
5.702464193371420409e-03
5.693632123097088632e-03
5.684813732084004027e-03
5.676008999145428467e-03
5.667217903127443925e-03
5.658440422908891758e-03
5.649676537401331078e-03
5.640926225548982369e-03
5.632189466328679783e-03
5.623466238749816500e-03
5.614756521854297015e-03
5.606060294716490311e-03
5.597377536443174338e-03
5.588708226173485713e-03
5.580052343078872878e-03
5.571409866363046665e-03
5.562780775261924777e-03
5.554165049043584962e-03
5.545562667008219031e-03
5.536973608488078222e-03
5.528397852847424625e-03
5.519835379482482610e-03
5.511286167821385917e-03
5.502750197324135159e-03
5.494227447482542305e-03
5.485717897820182980e-03
5.477221527892347890e-03
5.468738317285993383e-03
5.460268245619693747e-03
5.451811292543588296e-03
5.443367437739338871e-03
5.434936660920070862e-03
5.426518941830340247e-03
5.418114260246068535e-03
5.409722595974502009e-03
5.401343928854164013e-03
5.392978238754806385e-03
5.384625505577355677e-03
5.376285709253871524e-03
5.367958829747492000e-03
5.359644847052395453e-03
5.351343741193739789e-03
5.343055492227626914e-03
5.334780080241042013e-03
5.326517485351817995e-03
5.318267687708577371e-03
5.310030667490694967e-03
5.301806404908239803e-03
5.293594880201933466e-03
5.285396073643100663e-03
5.277209965533626729e-03
5.269036536205902108e-03
5.260875766022779856e-03
5.252727635377530541e-03
5.244592124693788458e-03
5.236469214425511741e-03
5.228358885056930312e-03
5.220261117102500785e-03
5.212175891106863093e-03
5.204103187644785848e-03
5.196042987321127307e-03
5.187995270770783332e-03
5.179960018658644888e-03
5.171937211679549472e-03
5.163926830558233406e-03
5.155928856049291076e-03
5.147943268937122882e-03
5.139970050035890144e-03
5.132009180189470859e-03
5.124060640271412004e-03
5.116124411184884424e-03
5.108200473862637737e-03
5.100288809266951759e-03
5.092389398389596603e-03
5.084502222251777170e-03
5.076627261904098458e-03
5.068764498426512645e-03
5.060913912928275728e-03
5.053075486547904151e-03
5.045249200453126234e-03
5.037435035840837939e-03
5.029632973937058632e-03
5.021842995996887715e-03
5.014065083304450852e-03
5.006299217172870478e-03
4.998545378944205080e-03
4.990803549989414507e-03
4.983073711708307929e-03
4.975355845529510004e-03
4.967649932910401904e-03
4.959955955337089217e-03
4.952273894324350778e-03
4.944603731415597031e-03
4.936945448182820592e-03
4.929299026226561554e-03
4.921664447175853711e-03
4.914041692688187260e-03
4.906430744449459362e-03
4.898831584173932510e-03
4.891244193604194629e-03
4.883668554511104432e-03
4.876104648693761930e-03
4.868552457979453789e-03
4.861011964223611696e-03
4.853483149309774196e-03
4.845965995149532045e-03
4.838460483682502193e-03
4.830966596876263598e-03
4.823484316726332939e-03
4.816013625256107371e-03
4.808554504516828094e-03
4.801106936587536990e-03
4.793670903575030645e-03
4.786246387613822192e-03
4.778833370866090134e-03
4.771431835521647118e-03
4.764041763797885291e-03
4.756663137939743345e-03
4.749295940219656204e-03
4.741940152937516861e-03
4.734595758420633883e-03
4.727262739023686301e-03
4.719941077128682848e-03
4.712630755144921191e-03
4.705331755508940228e-03
4.698044060684487128e-03
4.690767653162464419e-03
4.683502515460896166e-03
4.676248630124882864e-03
4.669005979726558939e-03
4.661774546865051112e-03
4.654554314166438507e-03
4.647345264283706673e-03
4.640147379896712027e-03
4.632960643712136749e-03
4.625785038463443681e-03
4.618620546910843366e-03
4.611467151841243742e-03
4.604324836068212842e-03
4.597193582431943239e-03
4.590073373799200863e-03
4.582964193063284244e-03
4.575866023143992413e-03
4.568778846987580668e-03
4.561702647566711136e-03
4.554637407880423282e-03
4.547583110954085336e-03
4.540539739839356131e-03
4.533507277614148671e-03
4.526485707382580694e-03
4.519475012274939973e-03
4.512475175447642692e-03
4.505486180083195270e-03
4.498508009390148402e-03
4.491540646603059753e-03
4.484584074982454933e-03
4.477638277814784996e-03
4.470703238412390874e-03
4.463778940113453074e-03
4.456865366281964787e-03
4.449962500307684185e-03
4.443070325606091921e-03
4.436188825618359900e-03
4.429317983811303580e-03
4.422457783677347272e-03
4.415608208734479907e-03
4.408769242526223812e-03
4.401940868621581800e-03
4.395123070615012881e-03
4.388315832126378491e-03
4.381519136800914732e-03
4.374732968309188140e-03
4.367957310347054915e-03
4.361192146635624496e-03
4.354437460921217924e-03
4.347693236975334018e-03
4.340959458594600799e-03
4.334236109600749474e-03
4.327523173840560657e-03
4.320820635185841814e-03
4.314128477533373494e-03
4.307446684804880702e-03
4.300775240946990395e-03
4.294114129931192458e-03
4.287463335753801535e-03
4.280822842435923203e-03
4.274192634023406268e-03
4.267572694586812404e-03
4.260963008221372791e-03
4.254363559046956018e-03
4.247774331208025583e-03
4.241195308873599128e-03
4.234626476237215477e-03
4.228067817516897343e-03
4.221519316955106224e-03
4.214980958818712042e-03
4.208452727398954117e-03
4.201934607011397795e-03
4.195426581995904090e-03
4.188928636716588057e-03
4.182440755561778016e-03
4.175962922943991275e-03
4.169495123299876878e-03
4.163037341090194791e-03
4.156589560799773403e-03
4.150151766937465285e-03
4.143723944036123777e-03
4.137306076652550943e-03
4.130898149367471552e-03
4.124500146785492309e-03
4.118112053535063696e-03
4.111733854268441804e-03
4.105365533661657976e-03
4.099007076414477174e-03
4.092658467250354613e-03
4.086319690916416676e-03
4.079990732183405404e-03
4.073671575845655077e-03
4.067362206721047979e-03
4.061062609650982307e-03
4.054772769500334002e-03
4.048492671157421195e-03
4.042222299533965169e-03
4.035961639565060002e-03
4.029710676209126603e-03
4.023469394447889286e-03
4.017237779286328934e-03
4.011015815752651779e-03
4.004803488898253834e-03
3.998600783797681864e-03
3.992407685548601294e-03
3.986224179271756311e-03
3.980050250110940373e-03
3.973885883232952838e-03
3.967731063827567746e-03
3.961585777107499984e-03
3.955450008308364525e-03
3.949323742688642599e-03
3.943206965529652205e-03
3.937099662135503872e-03
3.931001817833070303e-03
3.924913417971949946e-03
3.918834447924434035e-03
3.912764893085467557e-03
3.906704738872617162e-03
3.900653970726035164e-03
3.894612574108422681e-03
3.888580534504998409e-03
3.882557837423461760e-03
3.876544468393955997e-03
3.870540412969037877e-03
3.864545656723640792e-03
3.858560185255037467e-03
3.852583984182810471e-03
3.846617039148813623e-03
3.840659335817139027e-03
3.834710859874084117e-03
3.828771597028112188e-03
3.822841533009825078e-03
3.816920653571924133e-03
3.811008944489176816e-03
3.805106391558383313e-03
3.799212980598341838e-03
3.793328697449813939e-03
3.787453527975492840e-03
3.781587458059966576e-03
3.775730473609686770e-03
3.769882560552932204e-03
3.764043704839775857e-03
3.758213892442052381e-03
3.752393109353324707e-03
3.746581341588847182e-03
3.740778575185533909e-03
3.734984796201927526e-03
3.729199990718160603e-03
3.723424144835927024e-03
3.717657244678445987e-03
3.711899276390429915e-03
3.706150226138049762e-03
3.700410080108902915e-03
3.694678824511979376e-03
3.688956445577629660e-03
3.683242929557529674e-03
3.677538262724649922e-03
3.671842431373223414e-03
3.666155421818706635e-03
3.660477220397754389e-03
3.654807813468182072e-03
3.649147187408935747e-03
3.643495328620055280e-03
3.637852223522647019e-03
3.632217858558848232e-03
3.626592220191793281e-03
3.620975294905584563e-03
3.615367069205256516e-03
3.609767529616746129e-03
3.604176662686858681e-03
3.598594454983236081e-03
3.593020893094324777e-03
3.587455963629341930e-03
3.581899653218245921e-03
3.576351948511703824e-03
3.570812836181056285e-03
3.565282302918288456e-03
3.559760335435998777e-03
3.554246920467362108e-03
3.548742044766103713e-03
3.543245695106464564e-03
3.537757858283169677e-03
3.532278521111396896e-03
3.526807670426743927e-03
3.521345293085199283e-03
3.515891375963108457e-03
3.510445905957141829e-03
3.505008869984267347e-03
3.499580254981713660e-03
3.494160047906942363e-03
3.488748235737614608e-03
3.483344805471562909e-03
3.477949744126755151e-03
3.472563038741267698e-03
3.467184676373252436e-03
3.461814644100904680e-03
3.456452929022435418e-03
3.451099518256035750e-03
3.445754398939850430e-03
3.440417558231943611e-03
3.435088983310268917e-03
3.429768661372639953e-03
3.424456579636699083e-03
3.419152725339884898e-03
3.413857085739402733e-03
3.408569648112195604e-03
3.403290399754911252e-03
3.398019327983872219e-03
3.392756420135048089e-03
3.387501663564019064e-03
3.382255045645952540e-03
3.377016553775567982e-03
3.371786175367107868e-03
3.366563897854307329e-03
3.361349708690366828e-03
3.356143595347916165e-03
3.350945545318990623e-03
3.345755546114996710e-03
3.340573585266683101e-03
3.335399650324112012e-03
3.330233728856627981e-03
3.325075808452828807e-03
3.319925876720533457e-03
3.314783921286756484e-03
3.309649929797675062e-03
3.304523889918598630e-03
3.299405789333944607e-03
3.294295615747201093e-03
3.289193356880902586e-03
3.284099000476600923e-03
3.279012534294830587e-03
3.273933946115085720e-03
3.268863223735786732e-03
3.263800354974251243e-03
3.258745327666666761e-03
3.253698129668060324e-03
3.248658748852269011e-03
3.243627173111910452e-03
3.238603390358355504e-03
3.233587388521697460e-03
3.228579155550724729e-03
3.223578679412888309e-03
3.218585948094278368e-03
3.213600949599590851e-03
3.208623671952100589e-03
3.203654103193632249e-03
3.198692231384530835e-03
3.193738044603634807e-03
3.188791529957892088e-03
3.183852676556463666e-03
3.178921472533485348e-03
3.173997907521063956e-03
3.169081967712744381e-03
3.164173641792451374e-03
3.159272917967611508e-03
3.154379784463970469e-03
3.149494229525514125e-03
3.144616241414436436e-03
3.139745808411109965e-03
3.134882918812926210e-03
3.130027560937922049e-03
3.125179723120713546e-03
3.120339393713984777e-03
3.115506561088589310e-03
3.110681213633385844e-03
3.105863339755221726e-03
3.101052927878895221e-03
3.096249966447136865e-03
3.091454443920575203e-03
3.086666348777710334e-03
3.081885669514889629e-03
3.077112394646275631e-03
3.072346512703820042e-03
3.067588012237237698e-03
3.062836881813977511e-03
3.058093110019194285e-03
3.053356685455724424e-03
3.048627596744054279e-03
3.043905832522296722e-03
3.039191381446160797e-03
3.034484232188925257e-03
3.029784373441415588e-03
3.025091793911968436e-03
3.020406482326411669e-03
3.015728427428035312e-03
3.011057617977561194e-03
3.006394042753122563e-03
3.001737690550228092e-03
2.997088550181746698e-03
2.992446610477867645e-03
2.987811860286085364e-03
2.983184288471163893e-03
2.978563883915116926e-03
2.973950635517175287e-03
2.969344532193763080e-03
2.964745562878472098e-03
2.960153716522032769e-03
2.955568982092291169e-03
2.950991348574176498e-03
2.946420804969681131e-03
2.941857340297829391e-03
2.937300943594655864e-03
2.932751603913172876e-03
2.928209310323350110e-03
2.923674051912084244e-03
2.919145817783177273e-03
2.914624597057303111e-03
2.910110378871988944e-03
2.905603152381585307e-03
2.901102906757239627e-03
2.896609631186871509e-03
2.892123314875148874e-03
2.887643947043456311e-03
2.883171516929873817e-03
2.878706013789149483e-03
2.874247426892675202e-03
2.869795745528456749e-03
2.865350959001094697e-03
2.860913056631750589e-03
2.856482027758127859e-03
2.852057861734444075e-03
2.847640547931404049e-03
2.843230075736176855e-03
2.838826434552367203e-03
2.834429613799993326e-03
2.830039602915458349e-03
2.825656391351527748e-03
2.821279968577302451e-03
2.816910324078192394e-03
2.812547447355895694e-03
2.808191327928366999e-03
2.803841955329797967e-03
2.799499319110589513e-03
2.795163408837326655e-03
2.790834214092753791e-03
2.786511724475749120e-03
2.782195929601303380e-03
2.777886819100487768e-03
2.773584382620434847e-03
2.769288609824312099e-03
2.764999490391296770e-03
2.760717014016551580e-03
2.756441170411198273e-03
2.752171949302294196e-03
2.747909340432809315e-03
2.743653333561598892e-03
2.739403918463378333e-03
2.735161084928703235e-03
2.730924822763939469e-03
2.726695121791241055e-03
2.722471971848527614e-03
2.718255362789455312e-03
2.714045284483396474e-03
2.709841726815414003e-03
2.705644679686237519e-03
2.701454133012236043e-03
2.697270076725399781e-03
2.693092500773309767e-03
2.688921395119117045e-03
2.684756749741520118e-03
2.680598554634735023e-03
2.676446799808476686e-03
2.672301475287934200e-03
2.668162571113743935e-03
2.664030077341967857e-03
2.659903984044070541e-03
2.655784281306893153e-03
2.651670959232629594e-03
2.647564007938805249e-03
2.643463417558251406e-03
2.639369178239080963e-03
2.635281280144665447e-03
2.631199713453613327e-03
2.627124468359742261e-03
2.623055535072060448e-03
2.618992903814737570e-03
2.614936564827086141e-03
2.610886508363536793e-03
2.606842724693611817e-03
2.602805204101906952e-03
2.598773936888063192e-03
2.594748913366747272e-03
2.590730123867625214e-03
2.586717558735342377e-03
2.582711208329495703e-03
2.578711063024617233e-03
2.574717113210143755e-03
2.570729349290399018e-03
2.566747761684567281e-03
2.562772340826671626e-03
2.558803077165554014e-03
2.554839961164846220e-03
2.550882983302950758e-03
2.546932134073018328e-03
2.542987403982922227e-03
2.539048783555240569e-03
2.535116263327227230e-03
2.531189833850792763e-03
2.527269485692481416e-03
2.523355209433448577e-03
2.519446995669436060e-03
2.515544835010754751e-03
2.511648718082254254e-03
2.507758635523305978e-03
2.503874577987781017e-03
2.499996536144023264e-03
2.496124500674831194e-03
2.492258462277433580e-03
2.488398411663468243e-03
2.484544339558956896e-03
2.480696236704287797e-03
2.476854093854187564e-03
2.473017901777704690e-03
2.469187651258183524e-03
2.465363333093242154e-03
2.461544938094754626e-03
2.457732457088822320e-03
2.453925880915757470e-03
2.450125200430058013e-03
2.446330406500387203e-03
2.442541490009550193e-03
2.438758441854473654e-03
2.434981252946184956e-03
2.431209914209783978e-03
2.427444416584430102e-03
2.423684751023315320e-03
2.419930908493642119e-03
2.416182879976605698e-03
2.412440656467367515e-03
2.408704228975035340e-03
2.404973588522644600e-03
2.401248726147132799e-03
2.397529632899319564e-03
2.393816299843886698e-03
2.390108718059352592e-03
2.386406878638055746e-03
2.382710772686129613e-03
2.379020391323483086e-03
2.375335725683778813e-03
2.371656766914411515e-03
2.367983506176486730e-03
2.364315934644800870e-03
2.360654043507817799e-03
2.356997823967649751e-03
2.353347267240033912e-03
2.349702364554314641e-03
2.346063107153417877e-03
2.342429486293835968e-03
2.338801493245600341e-03
2.335179119292265897e-03
2.331562355730884550e-03
2.327951193871991790e-03
2.324345625039577617e-03
2.320745640571071373e-03
2.317151231817318746e-03
2.313562390142562264e-03
2.309979106924418737e-03
2.306401373553859744e-03
2.302829181435190383e-03
2.299262521986028020e-03
2.295701386637285808e-03
2.292145766833145366e-03
2.288595654031041603e-03
2.285051039701638861e-03
2.281511915328813134e-03
2.277978272409629957e-03
2.274450102454324447e-03
2.270927396986280496e-03
2.267410147542010812e-03
2.263898345671137412e-03
2.260391982936367332e-03
2.256891050913480481e-03
2.253395541191298857e-03
2.249905445371676565e-03
2.246420755069471198e-03
2.242941461912530826e-03
2.239467557541666674e-03
2.235999033610640112e-03
2.232535881786137065e-03
2.229078093747752405e-03
2.225625661187964361e-03
2.222178575812121942e-03
2.218736829338418485e-03
2.215300413497875605e-03
2.211869320034321081e-03
2.208443540704369771e-03
2.205023067277405834e-03
2.201607891535559743e-03
2.198198005273689637e-03
2.194793400299363106e-03
2.191394068432835074e-03
2.188000001507030019e-03
2.184611191367522454e-03
2.181227629872514381e-03
2.177849308892821408e-03
2.174476220311845863e-03
2.171108356025564217e-03
2.167745707942502799e-03
2.164388267983720880e-03
2.161036028082790727e-03
2.157688980185777650e-03
2.154347116251221356e-03
2.151010428250115566e-03
2.147678908165890233e-03
2.144352547994391595e-03
2.141031339743861353e-03
2.137715275434921500e-03
2.134404347100550027e-03
2.131098546786065751e-03
2.127797866549108359e-03
2.124502298459617598e-03
2.121211834599815924e-03
2.117926467064188984e-03
2.114646187959466107e-03
2.111370989404603386e-03
2.108100863530761558e-03
2.104835802481289531e-03
2.101575798411703996e-03
2.098320843489672512e-03
2.095070929894992696e-03
2.091826049819574436e-03
2.088586195467420376e-03
2.085351359054608139e-03
2.082121532809272108e-03
2.078896708971582612e-03
2.075676879793728145e-03
2.072462037539898883e-03
2.069252174486265004e-03
2.066047282920959339e-03
2.062847355144061326e-03
2.059652383467572723e-03
2.056462360215403733e-03
2.053277277723355217e-03
2.050097128339097019e-03
2.046921904422151044e-03
2.043751598343871746e-03
2.040586202487431819e-03
2.037425709247799640e-03
2.034270111031721492e-03
2.031119400257704218e-03
2.027973569355998734e-03
2.024832610768578355e-03
2.021696516949124042e-03
2.018565280363002288e-03
2.015438893487251672e-03
2.012317348810561610e-03
2.009200638833254574e-03
2.006088756067269611e-03
2.002981693036142395e-03
1.999879442274989181e-03
1.996781996330487721e-03
1.993689347760859050e-03
1.990601489135850576e-03
1.987518413036718293e-03
1.984440112056207704e-03
1.981366578798536473e-03
1.978297805879379243e-03
1.975233785925844220e-03
1.972174511576461030e-03
1.969119975481161203e-03
1.966070170301257788e-03
1.963025088709432781e-03
1.959984723389716302e-03
1.956949067037467953e-03
1.953918112359362066e-03
1.950891852073369931e-03
1.947870278908739620e-03
1.944853385605980816e-03
1.941841164916847462e-03
1.938833609604318896e-03
1.935830712442583373e-03
1.932832466217021365e-03
1.929838863724186483e-03
1.926849897771789862e-03
1.923865561178681946e-03
1.920885846774835360e-03
1.917910747401327777e-03
1.914940255910324790e-03
1.911974365165062780e-03
1.909013068039831567e-03
1.906056357419957069e-03
1.903104226201785465e-03
1.900156667292664118e-03
1.897213673610926177e-03
1.894275238085873017e-03
1.891341353657756885e-03
1.888412013277764425e-03
1.885487209907999980e-03
1.882566936521467595e-03
1.879651186102055619e-03
1.876739951644518277e-03
1.873833226154460272e-03
1.870931002648319220e-03
1.868033274153348524e-03
1.865140033707601754e-03
1.862251274359914876e-03
1.859366989169889978e-03
1.856487171207878151e-03
1.853611813554964299e-03
1.850740909302948716e-03
1.847874451554331037e-03
1.845012433422294406e-03
1.842154848030687917e-03
1.839301688514010779e-03
1.836452948017395842e-03
1.833608619696592461e-03
1.830768696717950672e-03
1.827933172258404491e-03
1.825102039505455652e-03
1.822275291657157346e-03
1.819452921922097522e-03
1.816634923519382843e-03
1.813821289678623069e-03
1.811012013639912198e-03
1.808207088653815886e-03
1.805406507981352580e-03
1.802610264893978343e-03
1.799818352673570590e-03
1.797030764612411822e-03
1.794247494013173367e-03
1.791468534188899765e-03
1.788693878462991856e-03
1.785923520169192466e-03
1.783157452651568196e-03
1.780395669264495107e-03
1.777638163372641592e-03
1.774884928350953196e-03
1.772135957584636571e-03
1.769391244469143429e-03
1.766650782410154278e-03
1.763914564823563461e-03
1.761182585135462894e-03
1.758454836782126236e-03
1.755731313209992839e-03
1.753012007875652794e-03
1.750296914245830010e-03
1.747586025797368339e-03
1.744879336017213581e-03
1.742176838402400250e-03
1.739478526460034018e-03
1.736784393707276747e-03
1.734094433671331528e-03
1.731408639889426204e-03
1.728727005908798622e-03
1.726049525286680805e-03
1.723376191590283123e-03
1.720706998396778677e-03
1.718041939293289645e-03
1.715381007876869927e-03
1.712724197754489971e-03
1.710071502543022461e-03
1.707422915869226052e-03
1.704778431369730844e-03
1.702138042691021466e-03
1.699501743489424720e-03
1.696869527431090711e-03
1.694241388191981140e-03
1.691617319457851742e-03
1.688997314924237537e-03
1.686381368296438520e-03
1.683769473289503833e-03
1.681161623628216802e-03
1.678557813047080408e-03
1.675958035290301025e-03
1.673362284111774541e-03
1.670770553275070748e-03
1.668182836553418810e-03
1.665599127729691436e-03
1.663019420596390354e-03
1.660443708955632643e-03
1.657871986619134479e-03
1.655304247408195513e-03
1.652740485153686521e-03
1.650180693696032264e-03
1.647624866885197183e-03
1.645072998580672389e-03
1.642525082651458091e-03
1.639981112976050814e-03
1.637441083442427994e-03
1.634904987948034537e-03
1.632372820399765473e-03
1.629844574713953812e-03
1.627320244816354931e-03
1.624799824642131829e-03
1.622283308135841901e-03
1.619770689251419371e-03
1.617261961952164455e-03
1.614757120210726874e-03
1.612256158009090466e-03
1.609759069338560821e-03
1.607265848199749669e-03
1.604776488602560570e-03
1.602290984566175471e-03
1.599809330119038005e-03
1.597331519298842003e-03
1.594857546152515012e-03
1.592387404736205284e-03
1.589921089115266598e-03
1.587458593364244165e-03
1.584999911566861621e-03
1.582545037816005407e-03
1.580093966213710899e-03
1.577646690871147873e-03
1.575203205908607285e-03
1.572763505455486736e-03
1.570327583650275947e-03
1.567895434640543964e-03
1.565467052582923332e-03
1.563042431643096213e-03
1.560621565995782677e-03
1.558204449824724443e-03
1.555791077322671431e-03
1.553381442691367451e-03
1.550975540141537410e-03
1.548573363892873219e-03
1.546174908174017962e-03
1.543780167222554402e-03
1.541389135284990455e-03
1.539001806616744662e-03
1.536618175482132960e-03
1.534238236154354803e-03
1.531861982915479290e-03
1.529489410056432365e-03
1.527120511876981206e-03
1.524755282685721870e-03
1.522393716800066491e-03
1.520035808546226592e-03
1.517681552259202019e-03
1.515330942282767934e-03
1.512983972969457686e-03
1.510640638680553266e-03
1.508300933786070131e-03
1.505964852664742025e-03
1.503632389704010787e-03
1.501303539300009220e-03
1.498978295857550684e-03
1.496656653790115216e-03
1.494338607519832838e-03
1.492024151477474875e-03
1.489713280102437486e-03
1.487405987842730162e-03
1.485102269154959468e-03
1.482802118504319717e-03
1.480505530364576491e-03
1.478212499218054497e-03
1.475923019555624559e-03
1.473637085876690605e-03
1.471354692689174921e-03
1.469075834509507529e-03
1.466800505862609271e-03
1.464528701281882271e-03
1.462260415309196270e-03
1.459995642494872365e-03
1.457734377397674336e-03
1.455476614584791948e-03
1.453222348631830760e-03
1.450971574122796731e-03
1.448724285650084508e-03
1.446480477814464198e-03
1.444240145225068363e-03
1.442003282499378352e-03
1.439769884263212597e-03
1.437539945150713601e-03
1.435313459804333624e-03
1.433090422874823845e-03
1.430870829021219613e-03
1.428654672910828960e-03
1.426441949219218715e-03
1.424232652630202586e-03
1.422026777835828362e-03
1.419824319536364468e-03
1.417625272440287826e-03
1.415429631264270623e-03
1.413237390733168607e-03
1.411048545580007420e-03
1.408863090545970026e-03
1.406681020380384350e-03
1.404502329840711349e-03
1.402327013692530920e-03
1.400155066709530410e-03
1.397986483673491816e-03
1.395821259374279213e-03
1.393659388609826393e-03
1.391500866186122986e-03
1.389345686917205138e-03
1.387193845625139680e-03
1.385045337140013936e-03
1.382900156299921414e-03
1.380758297950951397e-03
1.378619756947175711e-03
1.376484528150635506e-03
1.374352606431330191e-03
1.372223986667204859e-03
1.370098663744137059e-03
1.367976632555925305e-03
1.365857888004277584e-03
1.363742424998796825e-03
1.361630238456971141e-03
1.359521323304159739e-03
1.357415674473582291e-03
1.355313286906305054e-03
1.353214155551230903e-03
1.351118275365084578e-03
1.349025641312402712e-03
1.346936248365520608e-03
1.344850091504561388e-03
1.342767165717421258e-03
1.340687465999761043e-03
1.338610987354991446e-03
1.336537724794261989e-03
1.334467673336449519e-03
1.332400828008145199e-03
1.330337183843643229e-03
1.328276735884928710e-03
1.326219479181666144e-03
1.324165408791187076e-03
1.322114519778477739e-03
1.320066807216169289e-03
1.318022266184522414e-03
1.315980891771419093e-03
1.313942679072348284e-03
1.311907623190396166e-03
1.309875719236233129e-03
1.307846962328100982e-03
1.305821347591804059e-03
1.303798870160695345e-03
1.301779525175665413e-03
1.299763307785130068e-03
1.297750213145019938e-03
1.295740236418768980e-03
1.293733372777300600e-03
1.291729617399018119e-03
1.289728965469792623e-03
1.287731412182952341e-03
1.285736952739268768e-03
1.283745582346947122e-03
1.281757296221614200e-03
1.279772089586306890e-03
1.277789957671460891e-03
1.275810895714898788e-03
1.273834898961819428e-03
1.271861962664784908e-03
1.269892082083711468e-03
1.267925252485856483e-03
1.265961469145806964e-03
1.264000727345468943e-03
1.262043022374056403e-03
1.260088349528078709e-03
1.258136704111330415e-03
1.256188081434879986e-03
1.254242476817058090e-03
1.252299885583445672e-03
1.250360303066864413e-03
1.248423724607364152e-03
1.246490145552212048e-03
1.244559561255881731e-03
1.242631967080041816e-03
1.240707358393545274e-03
1.238785730572416859e-03
1.236867078999843560e-03
1.234951399066163552e-03
1.233038686168853176e-03
1.231128935712518923e-03
1.229222143108883118e-03
1.227318303776775681e-03
1.225417413142121121e-03
1.223519466637928987e-03
1.221624459704281733e-03
1.219732387788324303e-03
1.217843246344253944e-03
1.215957030833307194e-03
1.214073736723751641e-03
1.212193359490872698e-03
1.210315894616964278e-03
1.208441337591317300e-03
1.206569683910209065e-03
1.204700929076891981e-03
1.202835068601583370e-03
1.200972098001453978e-03
1.199112012800617778e-03
1.197254808530121570e-03
1.195400480727933264e-03
1.193549024938931908e-03
1.191700436714896415e-03
1.189854711614495150e-03
1.188011845203275959e-03
1.186171833053653807e-03
1.184334670744901889e-03
1.182500353863140570e-03
1.180668878001325242e-03
1.178840238759238301e-03
1.177014431743476572e-03
1.175191452567441982e-03
1.173371296851329851e-03
1.171553960222119573e-03
1.169739438313563331e-03
1.167927726766175263e-03
1.166118821227222786e-03
1.164312717350713799e-03
1.162509410797388015e-03
1.160708897234705465e-03
1.158911172336836307e-03
1.157116231784651502e-03
1.155324071265710888e-03
1.153534686474252989e-03
1.151748073111186557e-03
1.149964226884077345e-03
1.148183143507140519e-03
1.146404818701227861e-03
1.144629248193820186e-03
1.142856427719014974e-03
1.141086353017516618e-03
1.139319019836626231e-03
1.137554423930232754e-03
1.135792561058799948e-03
1.134033426989359021e-03
1.132277017495496698e-03
1.130523328357346336e-03
1.128772355361575561e-03
1.127024094301379547e-03
1.125278540976468004e-03
1.123535691193056508e-03
1.121795540763855003e-03
1.120058085508060649e-03
1.118323321251343512e-03
1.116591243825841139e-03
1.114861849070145766e-03
1.113135132829294128e-03
1.111411090954758998e-03
1.109689719304437485e-03
1.107971013742643437e-03
1.106254970140094869e-03
1.104541584373906586e-03
1.102830852327577179e-03
1.101122769890982515e-03
1.099417332960363810e-03
1.097714537438318526e-03
1.096014379233789093e-03
1.094316854262055968e-03
1.092621958444724628e-03
1.090929687709717329e-03
1.089240037991264648e-03
1.087553005229893125e-03
1.085868585372416371e-03
1.084186774371927045e-03
1.082507568187783629e-03
1.080830962785605219e-03
1.079156954137257653e-03
1.077485538220845918e-03
1.075816711020705042e-03
1.074150468527387955e-03
1.072486806737659847e-03
1.070825721654484509e-03
1.069167209287015877e-03
1.067511265650590872e-03
1.065857886766716396e-03
1.064207068663061955e-03
1.062558807373449469e-03
1.060913098937843512e-03
1.059269939402341558e-03
1.057629324819165956e-03
1.055991251246653087e-03
1.054355714749243824e-03
1.052722711397475076e-03
1.051092237267969376e-03
1.049464288443426215e-03
1.047838861012611190e-03
1.046215951070349507e-03
1.044595554717513185e-03
1.042977668061014331e-03
1.041362287213793651e-03
1.039749408294813509e-03
1.038139027429046003e-03
1.036531140747465590e-03
1.034925744387039763e-03
1.033322834490717343e-03
1.031722407207422620e-03
1.030124458692044083e-03
1.028528985105425743e-03
1.026935982614357156e-03
1.025345447391565190e-03
1.023757375615704044e-03
1.022171763471347878e-03
1.020588607148978236e-03
1.019007902844978409e-03
1.017429646761622373e-03
1.015853835107066337e-03
1.014280464095338114e-03
1.012709529946330400e-03
1.011141028885791018e-03
1.009574957145312505e-03
1.008011310962324530e-03
1.006450086580083260e-03
1.004891280247665296e-03
1.003334888219954658e-03
1.001780906757636933e-03
1.000229332127189515e-03
9.986801606008716310e-04
9.971333884567163200e-04
9.955890119785211056e-04
9.940470274558395412e-04
9.925074311839723190e-04
9.909702194639568619e-04
9.894353886025606011e-04
9.879029349122707849e-04
9.863728547112864554e-04
9.848451443235076066e-04
9.833198000785295465e-04
9.817968183116322720e-04
9.802761953637696268e-04
9.787579275815651812e-04
9.772420113172996560e-04
9.757284429289034408e-04
9.742172187799484628e-04
9.727083352396379955e-04
9.712017886827996110e-04
9.696975754898747718e-04
9.681956920469113499e-04
9.666961347455546279e-04
9.651988999830384084e-04
9.637039841621768826e-04
9.622113836913550895e-04
9.607210949845211090e-04
9.592331144611769556e-04
9.577474385463706627e-04
9.562640636706868508e-04
9.547829862702382703e-04
9.533042027866579955e-04
9.518277096670898834e-04
9.503535033641810929e-04
9.488815803360723267e-04
9.474119370463905676e-04
9.459445699642395370e-04
9.444794755641917807e-04
9.430166503262801033e-04
9.415560907359892201e-04
9.400977932842470835e-04
9.386417544674165343e-04
9.371879707872868455e-04
9.357364387510658070e-04
9.342871548713700767e-04
9.328401156662185665e-04
9.313953176590223596e-04
9.299527573785773375e-04
9.285124313590560488e-04
9.270743361399987103e-04
9.256384682663051835e-04
9.242048242882261932e-04
9.227734007613561714e-04
9.213441942466240415e-04
9.199172013102851955e-04
9.184924185239132536e-04
9.170698424643917166e-04
9.156494697139060503e-04
9.142312968599351211e-04
9.128153204952437145e-04
9.114015372178729943e-04
9.099899436311335637e-04
9.085805363435966835e-04
9.071733119690865736e-04
9.057682671266718485e-04
9.043653984406577109e-04
9.029647025405774944e-04
9.015661760611848579e-04
9.001698156424454370e-04
8.987756179295293630e-04
8.973835795728025890e-04
8.959936972278187590e-04
8.946059675553118349e-04
8.932203872211873143e-04
8.918369528965150754e-04
8.904556612575204857e-04
8.890765089855769219e-04
8.876994927671977460e-04
8.863246092940284997e-04
8.849518552628383387e-04
8.835812273755129856e-04
8.822127223390459480e-04
8.808463368655309288e-04
8.794820676721546706e-04
8.781199114811877402e-04
8.767598650199773724e-04
8.754019250209397725e-04
8.740460882215518763e-04
8.726923513643435439e-04
8.713407111968905121e-04
8.699911644718049623e-04
8.686437079467293400e-04
8.672983383843275735e-04
8.659550525522781341e-04
8.646138472232651464e-04
8.632747191749717743e-04
8.619376651900712222e-04
8.606026820562207719e-04
8.592697665660521331e-04
8.579389155171652636e-04
8.566101257121196957e-04
8.552833939584271634e-04
8.539587170685444470e-04
8.526360918598646990e-04
8.513155151547103974e-04
8.499969837803260809e-04
8.486804945688698927e-04
8.473660443574066413e-04
8.460536299878997774e-04
8.447432483072041297e-04
8.434348961670577738e-04
8.421285704240755263e-04
8.408242679397400551e-04
8.395219855803956986e-04
8.382217202172394677e-04
8.369234687263148653e-04
8.356272279885038632e-04
8.343329948895188792e-04
8.330407663198962720e-04
8.317505391749884262e-04
8.304623103549556209e-04
8.291760767647600667e-04
8.278918353141570151e-04
8.266095829176879281e-04
8.253293164946737563e-04
8.240510329692059396e-04
8.227747292701405530e-04
8.215004023310904999e-04
8.202280490904167304e-04
8.189576664912236875e-04
8.176892514813494410e-04
8.164228010133593987e-04
8.151583120445391514e-04
8.138957815368865574e-04
8.126352064571052379e-04
8.113765837765962285e-04
8.101199104714519074e-04
8.088651835224480811e-04
8.076123999150358525e-04
8.063615566393367426e-04
8.051126506901329317e-04
8.038656790668615142e-04
8.026206387736072338e-04
8.013775268190940267e-04
8.001363402166798179e-04
7.988970759843477387e-04
7.976597311446997299e-04
7.964243027249486278e-04
7.951907877569123085e-04
7.939591832770054487e-04
7.927294863262330203e-04
7.915016939501822672e-04
7.902758031990173926e-04
7.890518111274703438e-04
7.878297147948348485e-04
7.866095112649601267e-04
7.853911976062417834e-04
7.841747708916169297e-04
7.829602281985554007e-04
7.817475666090540091e-04
7.805367832096289562e-04
7.793278750913084588e-04
7.781208393496266782e-04
7.769156730846161303e-04
7.757123734008008554e-04
7.745109374071892623e-04
7.733113622172677320e-04
7.721136449489928106e-04
7.709177827247852468e-04
7.697237726715226193e-04
7.685316119205321808e-04
7.673412976075844614e-04
7.661528268728860043e-04
7.649661968610725355e-04
7.637814047212027838e-04
7.625984476067503492e-04
7.614173226755979566e-04
7.602380270900304087e-04
7.590605580167267795e-04
7.578849126267559692e-04
7.567110880955667295e-04
7.555390816029834353e-04
7.543688903331982783e-04
7.532005114747644366e-04
7.520339422205895696e-04
7.508691797679290956e-04
7.497062213183794703e-04
7.485450640778710304e-04
7.473857052566618142e-04
7.462281420693307309e-04
7.450723717347702965e-04
7.439183914761814294e-04
7.427661985210651024e-04
7.416157901012162710e-04
7.404671634527178019e-04
7.393203158159328834e-04
7.381752444354992794e-04
7.370319465603221735e-04
7.358904194435674471e-04
7.347506603426558246e-04
7.336126665192553922e-04
7.324764352392752016e-04
7.313419637728596316e-04
7.302092493943805824e-04
7.290782893824314034e-04
7.279490810198208225e-04
7.268216215935653559e-04
7.256959083948843212e-04
7.245719387191915974e-04
7.234497098660904206e-04
7.223292191393661200e-04
7.212104638469803717e-04
7.200934413010641509e-04
7.189781488179114444e-04
7.178645837179724190e-04
7.167527433258480017e-04
7.156426249702828313e-04
7.145342259841579950e-04
7.134275437044863659e-04
7.123225754724049055e-04
7.112193186331687003e-04
7.101177705361446735e-04
7.090179285348048631e-04
7.079197899867203502e-04
7.068233522535550791e-04
7.057286127010589183e-04
7.046355686990621314e-04
7.035442176214680042e-04
7.024545568462480741e-04
7.013665837554342161e-04
7.002802957351132208e-04
6.991956901754203986e-04
6.981127644705333989e-04
6.970315160186652719e-04
6.959519422220595891e-04
6.948740404869826375e-04
6.937978082237182152e-04
6.927232428465614515e-04
6.916503417738115427e-04
6.905791024277668734e-04
6.895095222347179687e-04
6.884415986249413149e-04
6.873753290326938296e-04
6.863107108962062481e-04
6.852477416576769438e-04
6.841864187632655308e-04
6.831267396630874436e-04
6.820687018112077567e-04
6.810123026656338119e-04
6.799575396883105567e-04
6.789044103451142556e-04
6.778529121058451175e-04
6.768030424442232846e-04
6.757547988378807000e-04
6.747081787683566634e-04
6.736631797210905666e-04
6.726197991854171226e-04
6.715780346545585601e-04
6.705378836256206112e-04
6.694993435995850312e-04
6.684624120813041767e-04
6.674270865794950432e-04
6.663933646067328681e-04
6.653612436794460348e-04
6.643307213179090254e-04
6.633017950462368915e-04
6.622744623923798330e-04
6.612487208881166929e-04
6.602245680690486691e-04
6.592020014745940014e-04
6.581810186479826593e-04
6.571616171362489696e-04
6.561437944902264114e-04
6.551275482645418707e-04
6.541128760176102190e-04
6.530997753116271577e-04
6.520882437125644472e-04
6.510782787901636193e-04
6.500698781179303385e-04
6.490630392731285480e-04
6.480577598367740725e-04
6.470540373936298478e-04
6.460518695321994156e-04
6.450512538447211773e-04
6.440521879271627562e-04
6.430546693792149257e-04
6.420586958042866221e-04
6.410642648094985480e-04
6.400713740056771005e-04
6.390800210073497092e-04
6.380902034327374638e-04
6.371019189037517528e-04
6.361151650459860238e-04
6.351299394887118801e-04
6.341462398648725759e-04
6.331640638110773781e-04
6.321834089675959284e-04
6.312042729783532563e-04
6.302266534909230569e-04
6.292505481565222698e-04
6.282759546300062002e-04
6.273028705698620137e-04
6.263312936382035324e-04
6.253612215007654882e-04
6.243926518268979936e-04
6.234255822895611206e-04
6.224600105653187209e-04
6.214959343343335468e-04
6.205333512803610715e-04
6.195722590907446099e-04
6.186126554564088135e-04
6.176545380718550084e-04
6.166979046351552321e-04
6.157427528479471378e-04
6.147890804154273808e-04
6.138368850463473900e-04
6.128861644530070795e-04
6.119369163512497533e-04
6.109891384604569002e-04
6.100428285035410392e-04
6.090979842069425745e-04
6.081546033006227482e-04
6.072126835180590874e-04
6.062722225962387896e-04
6.053332182756547119e-04
6.043956683002990821e-04
6.034595704176582949e-04
6.025249223787074908e-04
6.015917219379048097e-04
6.006599668531868372e-04
5.997296548859625334e-04
5.988007838011075949e-04
5.978733513669603344e-04
5.969473553553147427e-04
5.960227935414163679e-04
5.950996637039561356e-04
5.941779636250655791e-04
5.932576910903113090e-04
5.923388438886897011e-04
5.914214198126215840e-04
5.905054166579466008e-04
5.895908322239185474e-04
5.886776643131999510e-04
5.877659107318562162e-04
5.868555692893509621e-04
5.859466377985401682e-04
5.850391140756681626e-04
5.841329959403605745e-04
5.832282812156206484e-04
5.823249677278229553e-04
5.814230533067089477e-04
5.805225357853814301e-04
5.796234130002988127e-04
5.787256827912713167e-04
5.778293430014540353e-04
5.769343914773431394e-04
5.760408260687701308e-04
5.751486446288964216e-04
5.742578450142086718e-04
5.733684250845135855e-04
5.724803827029325979e-04
5.715937157358963461e-04
5.707084220531408745e-04
5.698244995277004787e-04
5.689419460359046703e-04
5.680607594573715627e-04
5.671809376750037513e-04
5.663024785749824590e-04
5.654253800467631992e-04
5.645496399830701381e-04
5.636752562798912156e-04
5.628022268364732666e-04
5.619305495553160576e-04
5.610602223421692512e-04
5.601912431060251420e-04
5.593236097591149699e-04
5.584573202169036080e-04
5.575923723980841414e-04
5.567287642245736384e-04
5.558664936215075136e-04
5.550055585172349731e-04
5.541459568433135946e-04
5.532876865345045560e-04
5.524307455287679738e-04
5.515751317672573737e-04
5.507208431943153536e-04
5.498678777574681625e-04
5.490162334074210389e-04
5.481659080980531146e-04
5.473168997864126441e-04
5.464692064327120180e-04
5.456228260003232085e-04
5.447777564557716983e-04
5.439339957687334449e-04
5.430915419120284837e-04
5.422503928616164825e-04
5.414105465965921883e-04
5.405720010991802230e-04
5.397347543547307462e-04
5.388988043517137097e-04
5.380641490817148452e-04
5.372307865394306773e-04
5.363987147226633194e-04
5.355679316323158114e-04
5.347384352723878916e-04
5.339102236499703585e-04
5.330832947752408429e-04
5.322576466614587117e-04
5.314332773249605141e-04
5.306101847851551036e-04
5.297883670645188664e-04
5.289678221885911686e-04
5.281485481859691513e-04
5.273305430883036115e-04
5.265138049302937970e-04
5.256983317496828536e-04
5.248841215872530538e-04
5.240711724868213524e-04
5.232594824952341815e-04
5.224490496623634397e-04
5.216398720411009621e-04
5.208319476873546176e-04
5.200252746600429960e-04
5.192198510210917217e-04
5.184156748354272742e-04
5.176127441709737348e-04
5.168110570986474746e-04
5.160106116923528176e-04
5.152114060289772696e-04
5.144134381883863150e-04
5.136167062534200550e-04
5.128212083098876786e-04
5.120269424465631256e-04
5.112339067551805328e-04
5.104420993304292472e-04
5.096515182699500306e-04
5.088621616743298562e-04
5.080740276470974625e-04
5.072871142947189089e-04
5.065014197265932383e-04
5.057169420550475985e-04
5.049336793953322546e-04
5.041516298656173369e-04
5.033707915869872025e-04
5.025911626834365323e-04
5.018127412818652357e-04
5.010355255120744382e-04
5.002595135067623624e-04
4.994847034015189062e-04
4.987110933348213064e-04
4.979386814480303439e-04
4.971674658853855733e-04
4.963974447940002269e-04
4.956286163238580707e-04
4.948609786278077667e-04
4.940945298615587525e-04
4.933292681836773386e-04
4.925651917555815039e-04
4.918022987415373182e-04
4.910405873086535209e-04
4.902800556268780514e-04
4.895207018689929539e-04
4.887625242106105822e-04
4.880055208301689379e-04
4.872496899089268996e-04
4.864950296309607540e-04
4.857415381831588284e-04
4.849892137552180762e-04
4.842380545396389804e-04
4.834880587317216512e-04
4.827392245295612718e-04
4.819915501340439243e-04
4.812450337488420908e-04
4.804996735804104241e-04
4.797554678379816286e-04
4.790124147335618520e-04
4.782705124819263483e-04
4.775297593006156836e-04
4.767901534099310197e-04
4.760516930329297225e-04
4.753143763954215681e-04
4.745782017259641888e-04
4.738431672558587903e-04
4.731092712191459779e-04
4.723765118526016362e-04
4.716448873957322131e-04
4.709143960907712502e-04
4.701850361826745038e-04
4.694568059191160420e-04
4.687297035504839077e-04
4.680037273298760531e-04
4.672788755130960025e-04
4.665551463586487327e-04
4.658325381277366069e-04
4.651110490842547671e-04
4.643906774947876648e-04
4.636714216286040189e-04
4.629532797576535095e-04
4.622362501565621153e-04
4.615203311026281566e-04
4.608055208758180129e-04
4.600918177587621648e-04
4.593792200367508580e-04
4.586677259977301998e-04
4.579573339322980390e-04
4.572480421336996836e-04
4.565398488978237809e-04
4.558327525231985764e-04
4.551267513109873066e-04
4.544218435649845667e-04
4.537180275916121905e-04
4.530153016999147512e-04
4.523136642015559289e-04
4.516131134108144454e-04
4.509136476445796187e-04
4.502152652223480019e-04
4.495179644662185585e-04
4.488217437008891930e-04
4.481266012536525229e-04
4.474325354543918121e-04
4.467395446355771770e-04
4.460476271322613576e-04
4.453567812820757063e-04
4.446670054252264471e-04
4.439782979044903932e-04
4.432906570652110439e-04
4.426040812552947895e-04
4.419185688252067921e-04
4.412341181279670274e-04
4.405507275191461653e-04
4.398683953568621003e-04
4.391871200017754520e-04
4.385068998170860415e-04
4.378277331685287172e-04
4.371496184243693975e-04
4.364725539554014928e-04
4.357965381349416232e-04
4.351215693388258234e-04
4.344476459454056942e-04
4.337747663355444446e-04
4.331029288926130979e-04
4.324321320024863708e-04
4.317623740535392047e-04
4.310936534366425913e-04
4.304259685451595607e-04
4.297593177749417666e-04
4.290936995243252038e-04
4.284291121941267923e-04
4.277655541876399870e-04
4.271030239106315789e-04
4.264415197713373584e-04
4.257810401804583748e-04
4.251215835511573042e-04
4.244631482990546007e-04
4.238057328422246473e-04
4.231493356011916361e-04
4.224939549989265865e-04
4.218395894608425751e-04
4.211862374147915910e-04
4.205338972910607417e-04
4.198825675223682411e-04
4.192322465438595605e-04
4.185829327931041765e-04
4.179346247100911797e-04
4.172873207372259133e-04
4.166410193193261793e-04
4.159957189036185511e-04
4.153514179397344171e-04
4.147081148797064566e-04
4.140658081779648994e-04
4.134244962913338393e-04
4.127841776790273855e-04
4.121448508026458678e-04
4.115065141261725840e-04
4.108691661159698965e-04
4.102328052407751128e-04
4.095974299716975036e-04
4.089630387822143455e-04
4.083296301481668554e-04
4.076972025477572088e-04
4.070657544615444200e-04
4.064352843724410350e-04
4.058057907657091202e-04
4.051772721289567929e-04
4.045497269521346976e-04
4.039231537275320486e-04
4.032975509497735943e-04
4.026729171158152263e-04
4.020492507249409436e-04
4.014265502787592744e-04
4.008048142811991023e-04
4.001840412385067932e-04
3.995642296592420749e-04
3.989453780542746224e-04
3.983274849367806963e-04
3.977105488222391861e-04
3.970945682284281945e-04
3.964795416754217307e-04
3.958654676855858073e-04
3.952523447835749708e-04
3.946401714963288865e-04
3.940289463530687606e-04
3.934186678852936536e-04
3.928093346267770656e-04
3.922009451135634122e-04
3.915934978839647721e-04
3.909869914785566586e-04
3.903814244401753093e-04
3.897767953139136200e-04
3.891731026471182179e-04
3.885703449893852324e-04
3.879685208925572602e-04
3.873676289107201662e-04
3.867676676001988016e-04
3.861686355195542925e-04
3.855705312295803003e-04
3.849733532932994432e-04
3.843771002759600983e-04
3.837817707450323895e-04
3.831873632702057484e-04
3.825938764233846319e-04
3.820013087786851605e-04
3.814096589124321918e-04
3.808189254031556334e-04
3.802291068315865404e-04
3.796402017806545671e-04
3.790522088354841184e-04
3.784651265833908259e-04
3.778789536138784039e-04
3.772936885186350714e-04
3.767093298915302996e-04
3.761258763286116132e-04
3.755433264281006879e-04
3.749616787903904225e-04
3.743809320180414694e-04
3.738010847157789284e-04
3.732221354904886597e-04
3.726440829512145197e-04
3.720669257091545118e-04
3.714906623776576965e-04
3.709152915722208304e-04
3.703408119104848969e-04
3.697672220122320158e-04
3.691945204993819199e-04
3.686227059959889737e-04
3.680517771282382157e-04
3.674817325244428647e-04
3.669125708150403086e-04
3.663442906325893394e-04
3.657768906117667921e-04
3.652103693893636962e-04
3.646447256042829443e-04
3.640799578975351179e-04
3.635160649122358314e-04
3.629530452936022083e-04
3.623908976889497909e-04
3.618296207476889631e-04
3.612692131213221850e-04
3.607096734634400903e-04
3.601510004297192092e-04
3.595931926779176316e-04
3.590362488678727304e-04
3.584801676614974208e-04
3.579249477227769080e-04
3.573705877177659764e-04
3.568170863145850866e-04
3.562644421834177733e-04
3.557126539965071218e-04
3.551617204281527318e-04
3.546116401547073568e-04
3.540624118545739767e-04
3.535140342082023282e-04
3.529665058980860858e-04
3.524198256087592842e-04
3.518739920267934451e-04
3.513290038407944869e-04
3.507848597413992017e-04
3.502415584212727065e-04
3.496990985751044869e-04
3.491574788996058484e-04
3.486166980935069895e-04
3.480767548575532068e-04
3.475376478945020760e-04
3.469993759091205793e-04
3.464619376081816892e-04
3.459253317004612254e-04
3.453895568967349809e-04
3.448546119097755779e-04
3.443204954543492699e-04
3.437872062472126884e-04
3.432547430071104582e-04
3.427231044547711315e-04
3.421922893129049109e-04
3.416622963062002343e-04
3.411331241613206849e-04
3.406047716069020639e-04
3.400772373735493005e-04
3.395505201938333077e-04
3.390246188022881632e-04
3.384995319354077489e-04
3.379752583316430938e-04
3.374517967313987428e-04
3.369291458770306419e-04
3.364073045128421267e-04
3.358862713850817002e-04
3.353660452419396712e-04
3.348466248335449022e-04
3.343280089119623154e-04
3.338101962311895861e-04
3.332931855471543236e-04
3.327769756177107645e-04
3.322615652026372247e-04
3.317469530636326844e-04
3.312331379643142400e-04
3.307201186702136346e-04
3.302078939487749815e-04
3.296964625693510776e-04
3.291858233032007473e-04
3.286759749234861318e-04
3.281669162052693826e-04
3.276586459255098420e-04
3.271511628630611166e-04
3.266444657986682033e-04
3.261385535149645084e-04
3.256334247964689198e-04
3.251290784295826088e-04
3.246255132025869161e-04
3.241227279056395566e-04
3.236207213307721263e-04
3.231194922718870119e-04
3.226190395247548431e-04
3.221193618870114026e-04
3.216204581581544818e-04
3.211223271395413875e-04
3.206249676343858514e-04
3.201283784477552659e-04
3.196325583865677021e-04
3.191375062595891454e-04
3.186432208774305137e-04
3.181497010525448929e-04
3.176569455992247180e-04
3.171649533335987913e-04
3.166737230736295719e-04
3.161832536391102487e-04
3.156935438516619754e-04
3.152045925347307805e-04
3.147163985135854533e-04
3.142289606153135864e-04
3.137422776688200037e-04
3.132563485048229656e-04
3.127711719558517295e-04
3.122867468562438398e-04
3.118030720421424164e-04
3.113201463514928490e-04
3.108379686240406278e-04
3.103565377013280916e-04
3.098758524266918249e-04
3.093959116452599484e-04
3.089167142039491907e-04
3.084382589514622327e-04
3.079605447382849424e-04
3.074835704166835565e-04
3.070073348407018608e-04
3.065318368661584802e-04
3.060570753506444393e-04
3.055830491535199093e-04
3.051097571359117147e-04
3.046371981607106771e-04
3.041653710925686874e-04
3.036942747978961586e-04
3.032239081448593145e-04
3.027542700033771005e-04
3.022853592451189603e-04
3.018171747435019633e-04
3.013497153736879853e-04
3.008829800125808899e-04
3.004169675388242513e-04
2.999516768327983190e-04
2.994871067766175237e-04
2.990232562541275500e-04
2.985601241509028433e-04
2.980977093542438983e-04
2.976360107531747122e-04
2.971750272384397480e-04
2.967147577025016042e-04
2.962552010395383580e-04
2.957963561454405839e-04
2.953382219178090772e-04
2.948807972559520344e-04
2.944240810608824517e-04
2.939680722353151974e-04
2.935127696836651147e-04
2.930581723120433894e-04
2.926042790282557069e-04
2.921510887417994333e-04
2.916986003638607420e-04
2.912468128073122833e-04
2.907957249867103647e-04
2.903453358182927287e-04
2.898956442199752460e-04
2.894466491113500723e-04
2.889983494136826123e-04
2.885507440499089182e-04
2.881038319446333580e-04
2.876576120241258511e-04
2.872120832163193205e-04
2.867672444508070906e-04
2.863230946588405019e-04
2.858796327733259296e-04
2.854368577288227235e-04
2.849947684615402807e-04
2.845533639093356061e-04
2.841126430117108187e-04
2.836726047098106040e-04
2.832332479464194489e-04
2.827945716659595278e-04
2.823565748144876123e-04
2.819192563396930658e-04
2.814826151908950244e-04
2.810466503190398491e-04
2.806113606766987944e-04
2.801767452180654069e-04
2.797428028989528683e-04
2.793095326767917191e-04
2.788769335106273104e-04
2.784450043611169851e-04
2.780137441905282890e-04
2.775831519627353929e-04
2.771532266432178457e-04
2.767239671990571592e-04
2.762953725989345855e-04
2.758674418131289489e-04
2.754401738135137177e-04
2.750135675735548369e-04
2.745876220683081794e-04
2.741623362744169444e-04
2.737377091701095433e-04
2.733137397351966718e-04
2.728904269510693589e-04
2.724677698006959851e-04
2.720457672686203850e-04
2.716244183409590287e-04
2.712037220053986359e-04
2.707836772511940083e-04
2.703642830691653184e-04
2.699455384516955621e-04
2.695274423927289322e-04
2.691099938877670236e-04
2.686931919338677493e-04
2.682770355296423045e-04
2.678615236752528357e-04
2.674466553724100010e-04
2.670324296243705852e-04
2.666188454359353309e-04
2.662059018134461203e-04
2.657935977647840771e-04
2.653819322993667480e-04
2.649709044281459342e-04
2.645605131636054688e-04
2.641507575197583435e-04
2.637416365121449742e-04
2.633331491578303819e-04
2.629252944754019157e-04
2.625180714849671389e-04
2.621114792081511184e-04
2.617055166680942019e-04
2.613001828894499583e-04
2.608954768983823042e-04
2.604913977225637692e-04
2.600879443911725147e-04
2.596851159348904361e-04
2.592829113859009406e-04
2.588813297778860736e-04
2.584803701460246760e-04
2.580800315269899986e-04
2.576803129589472631e-04
2.572812134815512220e-04
2.568827321359442618e-04
2.564848679647537466e-04
2.560876200120899035e-04
2.556909873235434379e-04
2.552949689461830938e-04
2.548995639285538649e-04
2.545047713206740670e-04
2.541105901740333870e-04
2.537170195415908223e-04
2.533240584777720250e-04
2.529317060384670248e-04
2.525399612810282773e-04
2.521488232642681709e-04
2.517582910484569662e-04
2.513683636953201401e-04
2.509790402680364880e-04
2.505903198312358477e-04
2.502022014509966592e-04
2.498146841948439595e-04
2.494277671317468885e-04
2.490414493321167376e-04
2.486557298678042935e-04
2.482706078120981577e-04
2.478860822397220900e-04
2.475021522268328403e-04
2.471188168510183593e-04
2.467360751912948719e-04
2.463539263281054126e-04
2.459723693433167905e-04
2.455914033202181795e-04
2.452110273435184618e-04
2.448312404993441141e-04
2.444520418752370934e-04
2.440734305601525056e-04
2.436954056444566000e-04
2.433179662199243839e-04
2.429411113797375630e-04
2.425648402184823994e-04
2.421891518321474084e-04
2.418140453181212709e-04
2.414395197751906925e-04
2.410655743035380720e-04
2.406922080047396045e-04
2.403194199817629230e-04
2.399472093389649300e-04
2.395755751820897918e-04
2.392045166182667703e-04
2.388340327560078643e-04
2.384641227052058856e-04
2.380947855771323445e-04
2.377260204844351731e-04
2.373578265411366111e-04
2.369902028626311185e-04
2.366231485656832619e-04
2.362566627684256268e-04
2.358907445903566226e-04
2.355253931523382596e-04
2.351606075765944146e-04
2.347963869867083098e-04
2.344327305076205888e-04
2.340696372656272831e-04
2.337071063883775629e-04
2.333451370048717584e-04
2.329837282454591367e-04
2.326228792418360051e-04
2.322625891270433795e-04
2.319028570354651959e-04
2.315436821028259249e-04
2.311850634661887015e-04
2.308270002639532380e-04
2.304694916358536016e-04
2.301125367229563438e-04
2.297561346676583593e-04
2.294002846136847446e-04
2.290449857060867925e-04
2.286902370912400131e-04
2.283360379168419656e-04
2.279823873319103877e-04
2.276292844867809195e-04
2.272767285331051782e-04
2.269247186238488071e-04
2.265732539132892258e-04
2.262223335570138409e-04
2.258719567119178511e-04
2.255221225362021866e-04
2.251728301893717206e-04
2.248240788322330194e-04
2.244758676268923908e-04
2.241281957367539598e-04
2.237810623265174459e-04
2.234344665621764553e-04
2.230884076110161503e-04
2.227428846416116225e-04
2.223978968238255079e-04
2.220534433288062521e-04
2.217095233289860772e-04
2.213661359980788410e-04
2.210232805110782476e-04
2.206809560442557602e-04
2.203391617751586503e-04
2.199978968826080724e-04
2.196571605466968960e-04
2.193169519487880522e-04
2.189772702715122568e-04
2.186381146987662484e-04
2.182994844157107013e-04
2.179613786087684099e-04
2.176237964656222280e-04
2.172867371752130094e-04
2.169501999277379542e-04
2.166141839146484675e-04
2.162786883286481809e-04
2.159437123636911092e-04
2.156092552149797262e-04
2.152753160789630125e-04
2.149418941533342881e-04
2.146089886370297747e-04
2.142765987302262657e-04
2.139447236343392823e-04
2.136133625520213934e-04
2.132825146871599115e-04
2.129521792448752122e-04
2.126223554315188912e-04
2.122930424546717041e-04
2.119642395231417233e-04
2.116359458469624409e-04
2.113081606373908169e-04
2.109808831069054629e-04
2.106541124692047455e-04
2.103278479392048882e-04
2.100020887330379118e-04
2.096768340680500622e-04
2.093520831627997234e-04
2.090278352370555741e-04
2.087040895117947450e-04
2.083808452092009481e-04
2.080581015526625254e-04
2.077358577667707683e-04
2.074141130773177221e-04
2.070928667112947766e-04
2.067721178968904433e-04
2.064518658634886209e-04
2.061321098416668063e-04
2.058128490631941701e-04
2.054940827610297405e-04
2.051758101693204790e-04
2.048580305233995997e-04
2.045407430597845908e-04
2.042239470161754799e-04
2.039076416314529634e-04
2.035918261456764826e-04
2.032764998000825970e-04
2.029616618370829514e-04
2.026473115002626769e-04
2.023334480343783038e-04
2.020200706853562435e-04
2.017071787002907017e-04
2.013947713274421062e-04
2.010828478162351009e-04
2.007714074172569198e-04
2.004604493822553812e-04
2.001499729641373424e-04
1.998399774169666674e-04
1.995304619959626540e-04
1.992214259574979747e-04
1.989128685590971311e-04
1.986047890594345566e-04
1.982971867183329904e-04
1.979900607967613631e-04
1.976834105568332789e-04
1.973772352618054162e-04
1.970715341760751697e-04
1.967663065651795390e-04
1.964615516957929060e-04
1.961572688357255713e-04
1.958534572539217481e-04
1.955501162204579364e-04
1.952472450065412420e-04
1.949448428845074253e-04
1.946429091278193562e-04
1.943414430110651438e-04
1.940404438099563474e-04
1.937399108013264858e-04
1.934398432631289776e-04
1.931402404744355956e-04
1.928411017154347325e-04
1.925424262674296934e-04
1.922442134128367439e-04
1.919464624351836736e-04
1.916491726191079802e-04
1.913523432503550534e-04
1.910559736157764943e-04
1.907600630033286519e-04
1.904646107020703733e-04
1.901696160021620007e-04
1.898750781948629050e-04
1.895809965725304557e-04
1.892873704286179609e-04
1.889941990576729058e-04
1.887014817553355427e-04
1.884092178183369669e-04
1.881174065444975445e-04
1.878260472327252320e-04
1.875351391830137058e-04
1.872446816964410342e-04
1.869546740751675093e-04
1.866651156224345080e-04
1.863760056425625136e-04
1.860873434409493271e-04
1.857991283240687387e-04
1.855113595994685493e-04
1.852240365757691610e-04
1.849371585626616798e-04
1.846507248709065331e-04
1.843647348123314371e-04
1.840791876998301496e-04
1.837940828473605458e-04
1.835094195699430190e-04
1.832251971836589899e-04
1.829414150056490093e-04
1.826580723541113753e-04
1.823751685483002095e-04
1.820927029085242098e-04
1.818106747561445632e-04
1.815290834135736722e-04
1.812479282042734198e-04
1.809672084527534348e-04
1.806869234845695472e-04
1.804070726263223238e-04
1.801276552056550902e-04
1.798486705512527379e-04
1.795701179928397727e-04
1.792919968611788781e-04
1.790143064880692352e-04
1.787370462063449499e-04
1.784602153498735086e-04
1.781838132535540158e-04
1.779078392533158122e-04
1.776322926861166043e-04
1.773571728899411902e-04
1.770824792037995897e-04
1.768082109677256890e-04
1.765343675227754245e-04
1.762609482110253734e-04
1.759879523755711003e-04
1.757153793605255852e-04
1.754432285110177326e-04
1.751714991731906368e-04
1.749001906942000912e-04
1.746293024222130702e-04
1.743588337064061304e-04
1.740887838969638109e-04
1.738191523450770346e-04
1.735499384029416984e-04
1.732811414237570469e-04
1.730127607617240192e-04
1.727447957720438122e-04
1.724772458109162542e-04
1.722101102355384230e-04
1.719433884041028291e-04
1.716770796757961153e-04
1.714111834107974030e-04
1.711456989702768016e-04
1.708806257163938090e-04
1.706159630122959297e-04
1.703517102221168312e-04
1.700878667109752057e-04
1.698244318449729814e-04
1.695614049911938859e-04
1.692987855177019278e-04
1.690365727935399067e-04
1.687747661887277321e-04
1.685133650742611769e-04
1.682523688221101966e-04
1.679917768052173845e-04
1.677315883974965353e-04
1.674718029738312623e-04
1.672124199100732088e-04
1.669534385830408012e-04
1.666948583705176498e-04
1.664366786512510308e-04
1.661788988049504498e-04
1.659215182122861243e-04
1.656645362548874920e-04
1.654079523153417753e-04
1.651517657771924084e-04
1.648959760249376553e-04
1.646405824440289837e-04
1.643855844208697091e-04
1.641309813428136401e-04
1.638767725981632624e-04
1.636229575761685999e-04
1.633695356670255617e-04
1.631165062618745055e-04
1.628638687527988549e-04
1.626116225328236634e-04
1.623597669959138249e-04
1.621083015369730984e-04
1.618572255518423728e-04
1.616065384372982578e-04
1.613562395910516202e-04
1.611063284117461472e-04
1.608568042989569639e-04
1.606076666531891430e-04
1.603589148758762678e-04
1.601105483693789414e-04
1.598625665369834048e-04
1.596149687829001812e-04
1.593677545122625040e-04
1.591209231311249347e-04
1.588744740464619531e-04
1.586284066661665479e-04
1.583827203990487262e-04
1.581374146548342120e-04
1.578924888441629289e-04
1.576479423785875358e-04
1.574037746705722347e-04
1.571599851334910900e-04
1.569165731816268090e-04
1.566735382301692237e-04
1.564308796952139358e-04
1.561885969937609070e-04
1.559466895437131039e-04
1.557051567638749804e-04
1.554639980739512030e-04
1.552232128945452692e-04
1.549828006471579080e-04
1.547427607541859414e-04
1.545030926389207666e-04
1.542637957255470281e-04
1.540248694391411263e-04
1.537863132056699984e-04
1.535481264519895732e-04
1.533103086058435784e-04
1.530728590958619685e-04
1.528357773515596780e-04
1.525990628033351850e-04
1.523627148824692641e-04
1.521267330211233874e-04
1.518911166523387215e-04
1.516558652100343115e-04
1.514209781290060781e-04
1.511864548449253539e-04
1.509522947943374742e-04
1.507184974146604482e-04
1.504850621441836860e-04
1.502519884220665611e-04
1.500192756883370288e-04
1.497869233838903787e-04
1.495549309504878529e-04
1.493232978307552905e-04
1.490920234681818537e-04
1.488611073071185911e-04
1.486305487927771097e-04
1.484003473712283553e-04
1.481705024894011756e-04
1.479410135950810193e-04
1.477118801369086353e-04
1.474831015643786629e-04
1.472546773278384934e-04
1.470266068784866983e-04
1.467988896683719178e-04
1.465715251503915055e-04
1.463445127782900376e-04
1.461178520066582832e-04
1.458915422909316589e-04
1.456655830873891178e-04
1.454399738531515502e-04
1.452147140461808078e-04
1.449898031252783214e-04
1.447652405500835827e-04
1.445410257810730880e-04
1.443171582795589006e-04
1.440936375076875132e-04
1.438704629284383296e-04
1.436476340056226078e-04
1.434251502038819961e-04
1.432030109886873407e-04
1.429812158263373846e-04
1.427597641839574124e-04
1.425386555294981387e-04
1.423178893317342448e-04
1.420974650602632402e-04
1.418773821855040529e-04
1.416576401786958912e-04
1.414382385118969428e-04
1.412191766579829920e-04
1.410004540906463087e-04
1.407820702843943475e-04
1.405640247145483379e-04
1.403463168572422815e-04
1.401289461894213802e-04
1.399119121888411411e-04
1.396952143340658324e-04
1.394788521044672627e-04
1.392628249802238061e-04
1.390471324423187211e-04
1.388317739725392292e-04
1.386167490534751326e-04
1.384020571685177570e-04
1.381876978018582985e-04
1.379736704384870640e-04
1.377599745641918999e-04
1.375466096655571615e-04
1.373335752299622767e-04
1.371208707455807703e-04
1.369084957013787728e-04
1.366964495871139098e-04
1.364847318933341900e-04
1.362733421113765419e-04
1.360622797333658378e-04
1.358515442522134577e-04
1.356411351616162314e-04
1.354310519560551925e-04
1.352212941307940871e-04
1.350118611818788047e-04
1.348027526061353998e-04
1.345939679011695222e-04
1.343855065653647369e-04
1.341773680978816294e-04
1.339695519986565321e-04
1.337620577684001414e-04
1.335548849085965424e-04
1.333480329215019889e-04
1.331415013101435211e-04
1.329352895783180442e-04
1.327293972305908915e-04
1.325238237722947405e-04
1.323185687095283661e-04
1.321136315491556372e-04
1.319090117988041622e-04
1.317047089668640415e-04
1.315007225624869735e-04
1.312970520955846279e-04
1.310936970768279957e-04
1.308906570176457894e-04
1.306879314302234949e-04
1.304855198275021511e-04
1.302834217231770226e-04
1.300816366316967585e-04
1.298801640682619568e-04
1.296790035488239981e-04
1.294781545900841515e-04
1.292776167094920295e-04
1.290773894252447479e-04
1.288774722562855974e-04
1.286778647223030139e-04
1.284785663437292230e-04
1.282795766417392915e-04
1.280808951382499344e-04
1.278825213559182147e-04
1.276844548181405936e-04
1.274866950490516847e-04
1.272892415735231691e-04
1.270920939171625217e-04
1.268952516063120897e-04
1.266987141680477101e-04
1.265024811301777342e-04
1.263065520212418888e-04
1.261109263705100837e-04
1.259156037079812735e-04
1.257205835643823732e-04
1.255258654711671740e-04
1.253314489605150423e-04
1.251373335653299440e-04
1.249435188192394956e-04
1.247500042565933653e-04
1.245567894124625138e-04
1.243638738226380018e-04
1.241712570236299328e-04
1.239789385526661252e-04
1.237869179476912989e-04
1.235951947473657472e-04
1.234037684910642527e-04
1.232126387188750842e-04
1.230218049715987774e-04
1.228312667907471855e-04
1.226410237185420978e-04
1.224510752979144799e-04
1.222614210725032002e-04
1.220720605866537829e-04
1.218829933854176899e-04
1.216942190145509111e-04
1.215057370205129889e-04
1.213175469504658796e-04
1.211296483522729774e-04
1.209420407744978817e-04
1.207547237664034344e-04
1.205676968779505952e-04
1.203809596597972759e-04
1.201945116632974057e-04
1.200083524404997517e-04
1.198224815441469162e-04
1.196368985276741577e-04
1.194516029452084420e-04
1.192665943515672770e-04
1.190818723022576958e-04
1.188974363534751324e-04
1.187132860621024590e-04
1.185294209857087666e-04
1.183458406825484567e-04
1.181625447115600759e-04
1.179795326323653540e-04
1.177968040052680243e-04
1.176143583912528346e-04
1.174321953519845039e-04
1.172503144498066512e-04
1.170687152477407526e-04
1.168873973094850698e-04
1.167063601994136211e-04
1.165256034825751236e-04
1.163451267246919633e-04
1.161649294921591249e-04
1.159850113520431882e-04
1.158053718720812716e-04
1.156260106206799477e-04
1.154469271669143082e-04
1.152681210805268252e-04
1.150895919319263623e-04
1.149113392921871852e-04
1.147333627330478228e-04
1.145556618269101464e-04
1.143782361468382712e-04
1.142010852665575947e-04
1.140242087604536849e-04
1.138476062035713589e-04
1.136712771716135584e-04
1.134952212409404544e-04
1.133194379885682691e-04
1.131439269921684349e-04
1.129686878300664428e-04
1.127937200812408937e-04
1.126190233253224546e-04
1.124445971425929103e-04
1.122704411139840655e-04
1.120965548210768094e-04
1.119229378461000996e-04
1.117495897719299186e-04
1.115765101820882706e-04
1.114036986607422873e-04
1.112311547927031163e-04
1.110588781634248780e-04
1.108868683590038927e-04
1.107151249661774203e-04
1.105436475723228340e-04
1.103724357654566030e-04
1.102014891342332229e-04
1.100308072679443474e-04
1.098603897565177318e-04
1.096902361905162301e-04
1.095203461611368593e-04
1.093507192602098107e-04
1.091813550801974333e-04
1.090122532141932714e-04
1.088434132559211161e-04
1.086748347997339750e-04
1.085065174406131647e-04
1.083384607741672803e-04
1.081706643966312743e-04
1.080031279048653854e-04
1.078358508963543394e-04
1.076688329692061834e-04
1.075020737221515135e-04
1.073355727545423360e-04
1.071693296663512549e-04
1.070033440581704006e-04
1.068376155312105493e-04
1.066721436873000931e-04
1.065069281288841317e-04
1.063419684590235240e-04
1.061772642813938578e-04
1.060128152003016319e-04
1.058486208206408063e-04
1.056846807479171294e-04
1.055209945882557135e-04
1.053575619483918056e-04
1.051943824356698390e-04
1.050314556580423081e-04
1.048687812240690095e-04
1.047063587429159989e-04
1.045441878243545740e-04
1.043822680787605159e-04
1.042205991171130320e-04
1.040591805509938209e-04
1.038980119925862457e-04
1.037370930546742360e-04
1.035764233506415429e-04
1.034160024944705866e-04
1.032558301007418063e-04
1.030959057846324810e-04
1.029362291619159432e-04
1.027767998489606034e-04
1.026176174627291098e-04
1.024586816207772775e-04
1.022999919412533298e-04
1.021415480428968680e-04
1.019833495450379906e-04
1.018253960675964258e-04
1.016676872310805154e-04
1.015102226565864281e-04
1.013530019657971439e-04
1.011960247809815861e-04
1.010392907249937406e-04
1.008827994212716937e-04
1.007265504938367919e-04
1.005705435672926657e-04
1.004147782668243902e-04
1.002592542181975354e-04
1.001039710477573538e-04
9.994892838242773654e-05
9.979412584971045458e-05
9.963956307768419632e-05
9.948523969500368681e-05
9.933115533089879325e-05
9.917730961517363052e-05
9.902370217820570736e-05
9.887033265094499128e-05
9.871720066491304114e-05
9.856430585220211276e-05
9.841164784547430503e-05
9.825922627796062486e-05
9.810704078346020108e-05
9.795509099633924091e-05
9.780337655153032524e-05
9.765189708453144639e-05
9.750065223140512720e-05
9.734964162877758078e-05
9.719886491383778891e-05
9.704832172433668894e-05
9.689801169858626570e-05
9.674793447545872486e-05
9.659808969438549002e-05
9.644847699535660638e-05
9.629909601891952105e-05
9.614994640617855446e-05
9.600102779879382976e-05
9.585233983898047315e-05
9.570388216950774659e-05
9.555565443369820752e-05
9.540765627542688212e-05
9.525988733912026248e-05
9.511234726975568315e-05
9.496503571286026403e-05
9.481795231451016503e-05
9.467109672132970511e-05
9.452446858049052202e-05
9.437806753971071856e-05
9.423189324725398156e-05
9.408594535192882303e-05
9.394022350308767211e-05
9.379472735062604832e-05
9.364945654498169428e-05
9.350441073713380315e-05
9.335958957860211065e-05
9.321499272144606835e-05
9.307061981826404403e-05
9.292647052219248148e-05
9.278254448690500600e-05
9.263884136661171970e-05
9.249536081605818499e-05
9.235210249052477416e-05
9.220906604582576127e-05
9.206625113830844130e-05
9.192365742485246601e-05
9.178128456286885469e-05
9.163913221029918094e-05
9.149720002561493573e-05
9.135548766781644318e-05
9.121399479643227783e-05
9.107272107151827528e-05
9.093166615365680036e-05
9.079082970395593399e-05
9.065021138404859226e-05
9.050981085609180812e-05
9.036962778276583696e-05
9.022966182727341119e-05
9.008991265333887288e-05
8.995037992520741482e-05
8.981106330764424028e-05
8.967196246593376338e-05
8.953307706587880954e-05
8.939440677379985648e-05
8.925595125653413978e-05
8.911771018143492106e-05
8.897968321637067480e-05
8.884187002972426166e-05
8.870427029039219661e-05
8.856688366778379517e-05
8.842970983182037376e-05
8.829274845293451791e-05
8.815599920206924195e-05
8.801946175067720303e-05
8.788313577071988790e-05
8.774702093466690822e-05
8.761111691549513321e-05
8.747542338668795776e-05
8.733994002223443513e-05
8.720466649662858571e-05
8.706960248486858393e-05
8.693474766245597217e-05
8.680010170539483407e-05
8.666566429019114401e-05
8.653143509385184554e-05
8.639741379388414663e-05
8.626360006829480141e-05
8.612999359558918861e-05
8.599659405477064742e-05
8.586340112533970509e-05
8.573041448729327725e-05
8.559763382112386835e-05
8.546505880781890758e-05
8.533268912885986796e-05
8.520052446622156160e-05
8.506856450237135366e-05
8.493680892026841695e-05
8.480525740336298656e-05
8.467390963559553313e-05
8.454276530139604460e-05
8.441182408568332143e-05
8.428108567386412286e-05
8.415054975183246212e-05
8.402021600596884748e-05
8.389008412313952339e-05
8.376015379069575210e-05
8.363042469647297345e-05
8.350089652879015437e-05
8.337156897644900277e-05
8.324244172873318157e-05
8.311351447540763100e-05
8.298478690671776906e-05
8.285625871338875965e-05
8.272792958662480783e-05
8.259979921810833316e-05
8.247186729999933269e-05
8.234413352493459494e-05
8.221659758602690028e-05
8.208925917686439751e-05
8.196211799150980430e-05
8.183517372449963464e-05
8.170842607084356194e-05
8.158187472602361934e-05
8.145551938599345442e-05
8.132935974717763795e-05
8.120339550647095919e-05
8.107762636123763981e-05
8.095205200931061568e-05
8.082667214899080495e-05
8.070148647904645757e-05
8.057649469871235569e-05
8.045169650768906825e-05
8.032709160614234117e-05
8.020267969470227056e-05
8.007846047446262518e-05
7.995443364698014165e-05
7.983059891427375199e-05
7.970695597882391950e-05
7.958350454357194766e-05
7.946024431191919400e-05
7.933717498772640609e-05
7.921429627531298965e-05
7.909160787945629031e-05
7.896910950539092952e-05
7.884680085880804560e-05
7.872468164585462967e-05
7.860275157313279383e-05
7.848101034769901219e-05
7.835945767706356524e-05
7.823809326918968604e-05
7.811691683249293678e-05
7.799592807584047698e-05
7.787512670855039937e-05
7.775451244039098455e-05
7.763408498158006399e-05
7.751384404278426109e-05
7.739378933511834068e-05
7.727392057014445005e-05
7.715423745987154977e-05
7.703473971675458697e-05
7.691542705369389902e-05
7.679629918403445461e-05
7.667735582156523034e-05
7.655859668051843818e-05
7.644002147556898342e-05
7.632162992183359729e-05
7.620342173487030840e-05
7.608539663067762960e-05
7.596755432569401588e-05
7.584989453679705121e-05
7.573241698130281157e-05
7.561512137696525511e-05
7.549800744197547673e-05
7.538107489496098982e-05
7.526432345498512992e-05
7.514775284154639069e-05
7.503136277457765136e-05
7.491515297444559403e-05
7.479912316195001245e-05
7.468327305832312085e-05
7.456760238522886278e-05
7.445211086476231476e-05
7.433679821944895450e-05
7.422166417224403741e-05
7.410670844653187840e-05
7.399193076612522839e-05
7.387733085526462383e-05
7.376290843861770907e-05
7.364866324127853161e-05
7.353459498876690516e-05
7.342070340702784039e-05
7.330698822243071828e-05
7.319344916176878863e-05
7.308008595225839760e-05
7.296689832153843203e-05
7.285388599766958763e-05
7.274104870913374553e-05
7.262838618483333534e-05
7.251589815409064397e-05
7.240358434664719218e-05
7.229144449266312476e-05
7.217947832271643803e-05
7.206768556780247836e-05
7.195606595933322391e-05
7.184461922913663412e-05
7.173334510945597207e-05
7.162224333294927594e-05
7.151131363268864070e-05
7.140055574215955407e-05
7.128996939526031375e-05
7.117955432630130913e-05
7.106931027000449274e-05
7.095923696150264841e-05
7.084933413633882210e-05
7.073960153046561711e-05
7.063003888024462493e-05
7.052064592244574757e-05
7.041142239424657417e-05
7.030236803323182534e-05
7.019348257739255355e-05
7.008476576512568236e-05
6.997621733523330168e-05
6.986783702692203081e-05
6.975962457980242211e-05
6.965157973388829695e-05
6.954370222959620359e-05
6.943599180774468534e-05
6.932844820955372494e-05
6.922107117664414821e-05
6.911386045103689224e-05
6.900681577515249037e-05
6.889993689181044879e-05
6.879322354422852826e-05
6.868667547602228332e-05
6.858029243120430333e-05
6.847407415418364329e-05
6.836802038976526818e-05
6.826213088314938887e-05
6.815640537993079807e-05
6.805084362609838242e-05
6.794544536803440421e-05
6.784021035251399994e-05
6.773513832670438075e-05
6.763022903816443931e-05
6.752548223484405876e-05
6.742089766508344852e-05
6.731647507761264295e-05
6.721221422155081008e-05
6.710811484640570959e-05
6.700417670207306931e-05
6.690039953883596189e-05
6.679678310736423554e-05
6.669332715871391772e-05
6.659003144432659174e-05
6.648689571602878689e-05
6.638391972603147702e-05
6.628110322692934864e-05
6.617844597170029956e-05
6.607594771370482896e-05
6.597360820668541400e-05
6.587142720476595417e-05
6.576940446245117496e-05
6.566753973462597738e-05
6.556583277655499066e-05
6.546428334388179984e-05
6.536289119262852555e-05
6.526165607919510580e-05
6.516057776035883516e-05
6.505965599327366003e-05
6.495889053546967720e-05
6.485828114485249691e-05
6.475782757970274133e-05
6.465752959867535348e-05
6.455738696079913635e-05
6.445739942547607535e-05
6.435756675248076905e-05
6.425788870195995488e-05
6.415836503443179083e-05
6.405899551078538109e-05
6.395977989228017978e-05
6.386071794054538106e-05
6.376180941757937702e-05
6.366305408574917497e-05
6.365081630491301718e-05
