0.000000000000000000e+00
1.107649069458826541e-03
2.215298138917653082e-03
4.430596277835306164e-03
6.645894416752959680e-03
8.861192555670612328e-03
3.101417394484714402e-02
5.316715533402367744e-02
7.532013672320020392e-02
9.747311811237673040e-02
1.667737405997893885e-01
2.360743630872020604e-01
3.053749855746147324e-01
3.746756080620273766e-01
4.439762305494400207e-01
5.439762305494399985e-01
6.439762305494399763e-01
7.439762305494399541e-01
8.439762305494399319e-01
9.439762305494399097e-01
9.639762305494399275e-01
9.839762305494399452e-01
9.858037376883582725e-01
9.876312448272765998e-01
9.894587519661949271e-01
9.931137662440316927e-01
9.967687805218684582e-01
9.974997833774358336e-01
9.982307862330032089e-01
9.996927919441378485e-01
9.997594144594531551e-01
9.998260369747684617e-01
9.999592820053990749e-01
9.999793970191654946e-01
9.999995120329319143e-01
1.000000316633482544e+00
1.000001121234033175e+00
1.000001925834583805e+00
1.000002730435134435e+00
1.000003535035685065e+00
1.000005144236786325e+00
1.000006753437887586e+00
1.000008362638988846e+00
1.000024454650001893e+00
1.000040546661014940e+00
1.000056638672027987e+00
1.000217558782159344e+00
1.000378478892290701e+00
1.000539399002422059e+00
1.000700319112553416e+00
1.002309520213867655e+00
1.003918721315181894e+00
1.005527922416496134e+00
1.007137123517810373e+00
1.023229134530952544e+00
1.039321145544094716e+00
1.055413156557236887e+00
1.071505167570379058e+00
1.087597178583521229e+00
1.187597178583521318e+00
1.287597178583521407e+00
1.387597178583521496e+00
1.487597178583521584e+00
1.587597178583521673e+00
1.687597178583521762e+00
1.787597178583521851e+00
1.887597178583521940e+00
1.987597178583522028e+00
2.087597178583521895e+00
2.187597178583521984e+00
2.287597178583522073e+00
2.387597178583522162e+00
2.487597178583522251e+00
2.587597178583522339e+00
2.687597178583522428e+00
2.787597178583522517e+00
2.887597178583522606e+00
2.987597178583522695e+00
3.087597178583522783e+00
3.187597178583522872e+00
3.287597178583522961e+00
3.387597178583523050e+00
3.487597178583523139e+00
3.587597178583523228e+00
3.687597178583523316e+00
3.787597178583523405e+00
3.887597178583523494e+00
3.987597178583523583e+00
4.087597178583523672e+00
4.187597178583523316e+00
4.287597178583522961e+00
4.387597178583522606e+00
4.487597178583522251e+00
4.587597178583521895e+00
4.687597178583521540e+00
4.787597178583521185e+00
4.887597178583520829e+00
4.987597178583520474e+00
5.087597178583520119e+00
5.187597178583519764e+00
5.287597178583519408e+00
5.387597178583519053e+00
5.487597178583518698e+00
5.587597178583518343e+00
5.687597178583517987e+00
5.787597178583517632e+00
5.887597178583517277e+00
5.987597178583516921e+00
6.087597178583516566e+00
6.187597178583516211e+00
6.287597178583515856e+00
6.387597178583515500e+00
6.487597178583515145e+00
6.587597178583514790e+00
6.687597178583514435e+00
6.787597178583514079e+00
6.887597178583513724e+00
6.987597178583513369e+00
7.087597178583513013e+00
7.187597178583512658e+00
7.287597178583512303e+00
7.387597178583511948e+00
7.487597178583511592e+00
7.587597178583511237e+00
7.687597178583510882e+00
7.787597178583510527e+00
7.887597178583510171e+00
7.987597178583509816e+00
8.087597178583509461e+00
8.187597178583509105e+00
8.287597178583508750e+00
8.387597178583508395e+00
8.487597178583508040e+00
8.587597178583507684e+00
8.687597178583507329e+00
8.787597178583506974e+00
8.887597178583506619e+00
8.987597178583506263e+00
9.087597178583505908e+00
9.187597178583505553e+00
9.287597178583505197e+00
9.387597178583504842e+00
9.487597178583504487e+00
9.587597178583504132e+00
9.687597178583503776e+00
9.787597178583503421e+00
9.887597178583503066e+00
9.987597178583502711e+00
1.008759717858350236e+01
1.018759717858350200e+01
1.028759717858350164e+01
1.038759717858350129e+01
1.048759717858350093e+01
1.058759717858350058e+01
1.068759717858350022e+01
1.078759717858349987e+01
1.088759717858349951e+01
1.098759717858349916e+01
1.108759717858349880e+01
1.118759717858349845e+01
1.128759717858349809e+01
1.138759717858349774e+01
1.148759717858349738e+01
1.158759717858349703e+01
1.168759717858349667e+01
1.178759717858349632e+01
1.188759717858349596e+01
1.198759717858349561e+01
1.208759717858349525e+01
1.218759717858349489e+01
1.228759717858349454e+01
1.238759717858349418e+01
1.248759717858349383e+01
1.258759717858349347e+01
1.268759717858349312e+01
1.278759717858349276e+01
1.288759717858349241e+01
1.298759717858349205e+01
1.308759717858349170e+01
1.318759717858349134e+01
1.328759717858349099e+01
1.338759717858349063e+01
1.348759717858349028e+01
1.358759717858348992e+01
1.368759717858348957e+01
1.378759717858348921e+01
1.388759717858348885e+01
1.398759717858348850e+01
1.408759717858348814e+01
1.418759717858348779e+01
1.428759717858348743e+01
1.438759717858348708e+01
1.448759717858348672e+01
1.458759717858348637e+01
1.468759717858348601e+01
1.478759717858348566e+01
1.488759717858348530e+01
1.498759717858348495e+01
1.508759717858348459e+01
1.518759717858348424e+01
1.528759717858348388e+01
1.538759717858348353e+01
1.548759717858348317e+01
1.558759717858348282e+01
1.568759717858348246e+01
1.578759717858348210e+01
1.588759717858348175e+01
1.598759717858348139e+01
1.608759717858348282e+01
1.618759717858348424e+01
1.628759717858348566e+01
1.638759717858348708e+01
1.648759717858348850e+01
1.658759717858348992e+01
1.668759717858349134e+01
1.678759717858349276e+01
1.688759717858349418e+01
1.698759717858349561e+01
1.708759717858349703e+01
1.718759717858349845e+01
1.728759717858349987e+01
1.738759717858350129e+01
1.748759717858350271e+01
1.758759717858350413e+01
1.768759717858350555e+01
1.778759717858350697e+01
1.788759717858350839e+01
1.798759717858350982e+01
1.808759717858351124e+01
1.818759717858351266e+01
1.828759717858351408e+01
1.838759717858351550e+01
1.848759717858351692e+01
1.858759717858351834e+01
1.868759717858351976e+01
1.878759717858352118e+01
1.888759717858352261e+01
1.898759717858352403e+01
1.908759717858352545e+01
1.918759717858352687e+01
1.928759717858352829e+01
1.938759717858352971e+01
1.948759717858353113e+01
1.958759717858353255e+01
1.968759717858353397e+01
1.978759717858353540e+01
1.988759717858353682e+01
1.998759717858353824e+01
2.008759717858353966e+01
2.018759717858354108e+01
2.028759717858354250e+01
2.038759717858354392e+01
2.048759717858354534e+01
2.058759717858354676e+01
2.068759717858354819e+01
2.078759717858354961e+01
2.088759717858355103e+01
2.098759717858355245e+01
2.108759717858355387e+01
2.118759717858355529e+01
2.128759717858355671e+01
2.138759717858355813e+01
2.148759717858355955e+01
2.158759717858356098e+01
2.168759717858356240e+01
2.178759717858356382e+01
2.188759717858356524e+01
2.198759717858356666e+01
2.208759717858356808e+01
2.218759717858356950e+01
2.228759717858357092e+01
2.238759717858357234e+01
2.248759717858357376e+01
2.258759717858357519e+01
2.268759717858357661e+01
2.278759717858357803e+01
2.288759717858357945e+01
2.298759717858358087e+01
2.308759717858358229e+01
2.318759717858358371e+01
2.328759717858358513e+01
2.338759717858358655e+01
2.348759717858358798e+01
2.358759717858358940e+01
2.368759717858359082e+01
2.378759717858359224e+01
2.388759717858359366e+01
2.398759717858359508e+01
2.408759717858359650e+01
2.418759717858359792e+01
2.428759717858359934e+01
2.438759717858360077e+01
2.448759717858360219e+01
2.458759717858360361e+01
2.468759717858360503e+01
2.478759717858360645e+01
2.488759717858360787e+01
2.498759717858360929e+01
2.508759717858361071e+01
2.518759717858361213e+01
2.528759717858361356e+01
2.538759717858361498e+01
2.548759717858361640e+01
2.558759717858361782e+01
2.568759717858361924e+01
2.578759717858362066e+01
2.588759717858362208e+01
2.598759717858362350e+01
2.608759717858362492e+01
2.618759717858362635e+01
2.628759717858362777e+01
2.638759717858362919e+01
2.648759717858363061e+01
2.658759717858363203e+01
2.668759717858363345e+01
2.678759717858363487e+01
2.688759717858363629e+01
2.698759717858363771e+01
2.708759717858363913e+01
2.718759717858364056e+01
2.728759717858364198e+01
2.738759717858364340e+01
2.748759717858364482e+01
2.758759717858364624e+01
2.768759717858364766e+01
2.778759717858364908e+01
2.788759717858365050e+01
2.798759717858365192e+01
2.808759717858365335e+01
2.818759717858365477e+01
2.828759717858365619e+01
2.838759717858365761e+01
2.848759717858365903e+01
2.858759717858366045e+01
2.868759717858366187e+01
2.878759717858366329e+01
2.888759717858366471e+01
2.898759717858366614e+01
2.908759717858366756e+01
2.918759717858366898e+01
2.928759717858367040e+01
2.938759717858367182e+01
2.948759717858367324e+01
2.958759717858367466e+01
2.968759717858367608e+01
2.978759717858367750e+01
2.988759717858367893e+01
2.998759717858368035e+01
3.008759717858368177e+01
3.018759717858368319e+01
3.028759717858368461e+01
3.038759717858368603e+01
3.048759717858368745e+01
3.058759717858368887e+01
3.068759717858369029e+01
3.078759717858369171e+01
3.088759717858369314e+01
3.098759717858369456e+01
3.108759717858369598e+01
3.118759717858369740e+01
3.128759717858369882e+01
3.138759717858370024e+01
3.148759717858370166e+01
3.158759717858370308e+01
3.168759717858370450e+01
3.178759717858370593e+01
3.188759717858370735e+01
3.198759717858370877e+01
3.208759717858370664e+01
3.218759717858370806e+01
3.228759717858370948e+01
3.238759717858371090e+01
3.248759717858371232e+01
3.258759717858371374e+01
3.268759717858371516e+01
3.278759717858371658e+01
3.288759717858371801e+01
3.298759717858371943e+01
3.308759717858372085e+01
3.318759717858372227e+01
3.328759717858372369e+01
3.338759717858372511e+01
3.348759717858372653e+01
3.358759717858372795e+01
3.368759717858372937e+01
3.378759717858373079e+01
3.388759717858373222e+01
3.398759717858373364e+01
3.408759717858373506e+01
3.418759717858373648e+01
3.428759717858373790e+01
3.438759717858373932e+01
3.448759717858374074e+01
3.458759717858374216e+01
3.468759717858374358e+01
3.478759717858374501e+01
3.488759717858374643e+01
3.498759717858374785e+01
3.508759717858374927e+01
3.518759717858375069e+01
3.528759717858375211e+01
3.538759717858375353e+01
3.548759717858375495e+01
3.558759717858375637e+01
3.568759717858375780e+01
3.578759717858375922e+01
3.588759717858376064e+01
3.598759717858376206e+01
3.608759717858376348e+01
3.618759717858376490e+01
3.628759717858376632e+01
3.638759717858376774e+01
3.648759717858376916e+01
3.658759717858377059e+01
3.668759717858377201e+01
3.678759717858377343e+01
3.688759717858377485e+01
3.698759717858377627e+01
3.708759717858377769e+01
3.718759717858377911e+01
3.728759717858378053e+01
3.738759717858378195e+01
3.748759717858378337e+01
3.758759717858378480e+01
3.768759717858378622e+01
3.778759717858378764e+01
3.788759717858378906e+01
3.798759717858379048e+01
3.808759717858379190e+01
3.818759717858379332e+01
3.828759717858379474e+01
3.838759717858379616e+01
3.848759717858379759e+01
3.858759717858379901e+01
3.868759717858380043e+01
3.878759717858380185e+01
3.888759717858380327e+01
3.898759717858380469e+01
3.908759717858380611e+01
3.918759717858380753e+01
3.928759717858380895e+01
3.938759717858381038e+01
3.948759717858381180e+01
3.958759717858381322e+01
3.968759717858381464e+01
3.978759717858381606e+01
3.988759717858381748e+01
3.998759717858381890e+01
4.008759717858382032e+01
4.018759717858382174e+01
4.028759717858382317e+01
4.038759717858382459e+01
4.048759717858382601e+01
4.058759717858382743e+01
4.068759717858382885e+01
4.078759717858383027e+01
4.088759717858383169e+01
4.098759717858383311e+01
4.108759717858383453e+01
4.118759717858383596e+01
4.128759717858383738e+01
4.138759717858383880e+01
4.148759717858384022e+01
4.158759717858384164e+01
4.168759717858384306e+01
4.178759717858384448e+01
4.188759717858384590e+01
4.198759717858384732e+01
4.208759717858384874e+01
4.218759717858385017e+01
4.228759717858385159e+01
4.238759717858385301e+01
4.248759717858385443e+01
4.258759717858385585e+01
4.268759717858385727e+01
4.278759717858385869e+01
4.288759717858386011e+01
4.298759717858386153e+01
4.308759717858386296e+01
4.318759717858386438e+01
4.328759717858386580e+01
4.338759717858386722e+01
4.348759717858386864e+01
4.358759717858387006e+01
4.368759717858387148e+01
4.378759717858387290e+01
4.388759717858387432e+01
4.398759717858387575e+01
4.408759717858387717e+01
4.418759717858387859e+01
4.428759717858388001e+01
4.438759717858388143e+01
4.448759717858388285e+01
4.458759717858388427e+01
4.468759717858388569e+01
4.478759717858388711e+01
4.488759717858388854e+01
4.498759717858388996e+01
4.508759717858389138e+01
4.518759717858389280e+01
4.528759717858389422e+01
4.538759717858389564e+01
4.548759717858389706e+01
4.558759717858389848e+01
4.568759717858389990e+01
4.578759717858390133e+01
4.588759717858390275e+01
4.598759717858390417e+01
4.608759717858390559e+01
4.618759717858390701e+01
4.628759717858390843e+01
4.638759717858390985e+01
4.648759717858391127e+01
4.658759717858391269e+01
4.668759717858391411e+01
4.678759717858391554e+01
4.688759717858391696e+01
4.698759717858391838e+01
4.708759717858391980e+01
4.718759717858392122e+01
4.728759717858392264e+01
4.738759717858392406e+01
4.748759717858392548e+01
4.758759717858392690e+01
4.768759717858392833e+01
4.778759717858392975e+01
4.788759717858393117e+01
4.798759717858393259e+01
4.808759717858393401e+01
4.818759717858393543e+01
4.828759717858393685e+01
4.838759717858393827e+01
4.848759717858393969e+01
4.858759717858394112e+01
4.868759717858394254e+01
4.878759717858394396e+01
4.888759717858394538e+01
4.898759717858394680e+01
4.908759717858394822e+01
4.918759717858394964e+01
4.928759717858395106e+01
4.938759717858395248e+01
4.948759717858395391e+01
4.958759717858395533e+01
4.968759717858395675e+01
4.978759717858395817e+01
4.988759717858395959e+01
4.998759717858396101e+01
5.008759717858396243e+01
5.018759717858396385e+01
5.028759717858396527e+01
5.038759717858396669e+01
5.048759717858396812e+01
5.058759717858396954e+01
5.068759717858397096e+01
5.078759717858397238e+01
5.088759717858397380e+01
5.098759717858397522e+01
5.108759717858397664e+01
5.118759717858397806e+01
5.128759717858397948e+01
5.138759717858398091e+01
5.148759717858398233e+01
5.158759717858398375e+01
5.168759717858398517e+01
5.178759717858398659e+01
5.188759717858398801e+01
5.198759717858398943e+01
5.208759717858399085e+01
5.218759717858399227e+01
5.228759717858399370e+01
5.238759717858399512e+01
5.248759717858399654e+01
5.258759717858399796e+01
5.268759717858399938e+01
5.278759717858400080e+01
5.288759717858400222e+01
5.298759717858400364e+01
5.308759717858400506e+01
5.318759717858400649e+01
5.328759717858400791e+01
5.338759717858400933e+01
5.348759717858401075e+01
5.358759717858401217e+01
5.368759717858401359e+01
5.378759717858401501e+01
5.388759717858401643e+01
5.398759717858401785e+01
5.408759717858401928e+01
5.418759717858402070e+01
5.428759717858402212e+01
5.438759717858402354e+01
5.448759717858402496e+01
5.458759717858402638e+01
5.468759717858402780e+01
5.478759717858402922e+01
5.488759717858403064e+01
5.498759717858403206e+01
5.508759717858403349e+01
5.518759717858403491e+01
5.528759717858403633e+01
5.538759717858403775e+01
5.548759717858403917e+01
5.558759717858404059e+01
5.568759717858404201e+01
5.578759717858404343e+01
5.588759717858404485e+01
5.598759717858404628e+01
5.608759717858404770e+01
5.618759717858404912e+01
5.628759717858405054e+01
5.638759717858405196e+01
5.648759717858405338e+01
5.658759717858405480e+01
5.668759717858405622e+01
5.678759717858405764e+01
5.688759717858405907e+01
5.698759717858406049e+01
5.708759717858406191e+01
5.718759717858406333e+01
5.728759717858406475e+01
5.738759717858406617e+01
5.748759717858406759e+01
5.758759717858406901e+01
5.768759717858407043e+01
5.778759717858407186e+01
5.788759717858407328e+01
5.798759717858407470e+01
5.808759717858407612e+01
5.818759717858407754e+01
5.828759717858407896e+01
5.838759717858408038e+01
5.848759717858408180e+01
5.858759717858408322e+01
5.868759717858408465e+01
5.878759717858408607e+01
5.888759717858408749e+01
5.898759717858408891e+01
5.908759717858409033e+01
5.918759717858409175e+01
5.928759717858409317e+01
5.938759717858409459e+01
5.948759717858409601e+01
5.958759717858409743e+01
5.968759717858409886e+01
5.978759717858410028e+01
5.988759717858410170e+01
5.998759717858410312e+01
6.008759717858410454e+01
6.018759717858410596e+01
6.028759717858410738e+01
6.038759717858410880e+01
6.048759717858411022e+01
6.058759717858411165e+01
6.068759717858411307e+01
6.078759717858411449e+01
6.088759717858411591e+01
6.098759717858411733e+01
6.108759717858411875e+01
6.118759717858412017e+01
6.128759717858412159e+01
6.138759717858412301e+01
6.148759717858412444e+01
6.158759717858412586e+01
6.168759717858412728e+01
6.178759717858412870e+01
6.188759717858413012e+01
6.198759717858413154e+01
6.208759717858413296e+01
6.218759717858413438e+01
6.228759717858413580e+01
6.238759717858413723e+01
6.248759717858413865e+01
6.258759717858414007e+01
6.268759717858414149e+01
6.278759717858414291e+01
6.288759717858414433e+01
6.298759717858414575e+01
6.308759717858414717e+01
6.318759717858414859e+01
6.328759717858415002e+01
6.338759717858415144e+01
6.348759717858415286e+01
6.358759717858415428e+01
6.368759717858415570e+01
6.378759717858415712e+01
6.388759717858415854e+01
6.398759717858415996e+01
6.408759717858416138e+01
6.418759717858415570e+01
6.428759717858415002e+01
6.438759717858414433e+01
6.448759717858413865e+01
6.458759717858413296e+01
6.468759717858412728e+01
6.478759717858412159e+01
6.488759717858411591e+01
6.498759717858411022e+01
6.508759717858410454e+01
6.518759717858409886e+01
6.528759717858409317e+01
6.538759717858408749e+01
6.548759717858408180e+01
6.558759717858407612e+01
6.568759717858407043e+01
6.578759717858406475e+01
6.588759717858405907e+01
6.598759717858405338e+01
6.608759717858404770e+01
6.618759717858404201e+01
6.628759717858403633e+01
6.638759717858403064e+01
6.648759717858402496e+01
6.658759717858401928e+01
6.668759717858401359e+01
6.678759717858400791e+01
6.688759717858400222e+01
6.698759717858399654e+01
6.708759717858399085e+01
6.718759717858398517e+01
6.728759717858397948e+01
6.738759717858397380e+01
6.748759717858396812e+01
6.758759717858396243e+01
6.768759717858395675e+01
6.778759717858395106e+01
6.788759717858394538e+01
6.798759717858393969e+01
6.808759717858393401e+01
6.818759717858392833e+01
6.828759717858392264e+01
6.838759717858391696e+01
6.848759717858391127e+01
6.858759717858390559e+01
6.868759717858389990e+01
6.878759717858389422e+01
6.888759717858388854e+01
6.898759717858388285e+01
6.908759717858387717e+01
6.918759717858387148e+01
6.928759717858386580e+01
6.938759717858386011e+01
6.948759717858385443e+01
6.958759717858384874e+01
6.968759717858384306e+01
6.978759717858383738e+01
6.988759717858383169e+01
6.998759717858382601e+01
7.008759717858382032e+01
7.018759717858381464e+01
7.028759717858380895e+01
7.038759717858380327e+01
7.048759717858379759e+01
7.058759717858379190e+01
7.068759717858378622e+01
7.078759717858378053e+01
7.088759717858377485e+01
7.098759717858376916e+01
7.108759717858376348e+01
7.118759717858375780e+01
7.128759717858375211e+01
7.138759717858374643e+01
7.148759717858374074e+01
7.158759717858373506e+01
7.168759717858372937e+01
7.178759717858372369e+01
7.188759717858371801e+01
7.198759717858371232e+01
7.208759717858370664e+01
7.218759717858370095e+01
7.228759717858369527e+01
7.238759717858368958e+01
7.248759717858368390e+01
7.258759717858367821e+01
7.268759717858367253e+01
7.278759717858366685e+01
7.288759717858366116e+01
7.298759717858365548e+01
7.308759717858364979e+01
7.318759717858364411e+01
7.328759717858363842e+01
7.338759717858363274e+01
7.348759717858362706e+01
7.358759717858362137e+01
7.368759717858361569e+01
7.378759717858361000e+01
7.388759717858360432e+01
7.398759717858359863e+01
7.408759717858359295e+01
7.418759717858358727e+01
7.428759717858358158e+01
7.438759717858357590e+01
7.448759717858357021e+01
7.458759717858356453e+01
7.468759717858355884e+01
7.478759717858355316e+01
7.488759717858354747e+01
7.498759717858354179e+01
7.508759717858353611e+01
7.518759717858353042e+01
7.528759717858352474e+01
7.538759717858351905e+01
7.548759717858351337e+01
7.558759717858350768e+01
7.568759717858350200e+01
7.578759717858349632e+01
7.588759717858349063e+01
7.598759717858348495e+01
7.608759717858347926e+01
7.618759717858347358e+01
7.628759717858346789e+01
7.638759717858346221e+01
7.648759717858345653e+01
7.658759717858345084e+01
7.668759717858344516e+01
7.678759717858343947e+01
7.688759717858343379e+01
7.698759717858342810e+01
7.708759717858342242e+01
7.718759717858341673e+01
7.728759717858341105e+01
7.738759717858340537e+01
7.748759717858339968e+01
7.758759717858339400e+01
7.768759717858338831e+01
7.778759717858338263e+01
7.788759717858337694e+01
7.798759717858337126e+01
7.808759717858336558e+01
7.818759717858335989e+01
7.828759717858335421e+01
7.838759717858334852e+01
7.848759717858334284e+01
7.858759717858333715e+01
7.868759717858333147e+01
7.878759717858332579e+01
7.888759717858332010e+01
7.898759717858331442e+01
7.908759717858330873e+01
7.918759717858330305e+01
7.928759717858329736e+01
7.938759717858329168e+01
7.948759717858328600e+01
7.958759717858328031e+01
7.968759717858327463e+01
7.978759717858326894e+01
7.988759717858326326e+01
7.998759717858325757e+01
8.008759717858325189e+01
8.018759717858324620e+01
8.028759717858324052e+01
8.038759717858323484e+01
8.048759717858322915e+01
8.058759717858322347e+01
8.068759717858321778e+01
8.078759717858321210e+01
8.088759717858320641e+01
8.098759717858320073e+01
8.108759717858319505e+01
8.118759717858318936e+01
8.128759717858318368e+01
8.138759717858317799e+01
8.148759717858317231e+01
8.158759717858316662e+01
8.168759717858316094e+01
8.178759717858315526e+01
8.188759717858314957e+01
8.198759717858314389e+01
8.208759717858313820e+01
8.218759717858313252e+01
8.228759717858312683e+01
8.238759717858312115e+01
8.248759717858311546e+01
8.258759717858310978e+01
8.268759717858310410e+01
8.278759717858309841e+01
8.288759717858309273e+01
8.298759717858308704e+01
8.308759717858308136e+01
8.318759717858307567e+01
8.328759717858306999e+01
8.338759717858306431e+01
8.348759717858305862e+01
8.358759717858305294e+01
8.368759717858304725e+01
8.378759717858304157e+01
8.388759717858303588e+01
8.398759717858303020e+01
8.408759717858302452e+01
8.418759717858301883e+01
8.428759717858301315e+01
8.438759717858300746e+01
8.448759717858300178e+01
8.458759717858299609e+01
8.468759717858299041e+01
8.478759717858298472e+01
8.488759717858297904e+01
8.498759717858297336e+01
8.508759717858296767e+01
8.518759717858296199e+01
8.528759717858295630e+01
8.538759717858295062e+01
8.548759717858294493e+01
8.558759717858293925e+01
8.568759717858293357e+01
8.578759717858292788e+01
8.588759717858292220e+01
8.598759717858291651e+01
8.608759717858291083e+01
8.618759717858290514e+01
8.628759717858289946e+01
8.638759717858289378e+01
8.648759717858288809e+01
8.658759717858288241e+01
8.668759717858287672e+01
8.678759717858287104e+01
8.688759717858286535e+01
8.698759717858285967e+01
8.708759717858285399e+01
8.718759717858284830e+01
8.728759717858284262e+01
8.738759717858283693e+01
8.748759717858283125e+01
8.758759717858282556e+01
8.768759717858281988e+01
8.778759717858281419e+01
8.788759717858280851e+01
8.798759717858280283e+01
8.808759717858279714e+01
8.818759717858279146e+01
8.828759717858278577e+01
8.838759717858278009e+01
8.848759717858277440e+01
8.858759717858276872e+01
8.868759717858276304e+01
8.878759717858275735e+01
8.888759717858275167e+01
8.898759717858274598e+01
8.908759717858274030e+01
8.918759717858273461e+01
8.928759717858272893e+01
8.938759717858272325e+01
8.948759717858271756e+01
8.958759717858271188e+01
8.968759717858270619e+01
8.978759717858270051e+01
8.988759717858269482e+01
8.998759717858268914e+01
9.008759717858268345e+01
9.018759717858267777e+01
9.028759717858267209e+01
9.038759717858266640e+01
9.048759717858266072e+01
9.058759717858265503e+01
9.068759717858264935e+01
9.078759717858264366e+01
9.088759717858263798e+01
9.098759717858263230e+01
9.108759717858262661e+01
9.118759717858262093e+01
9.128759717858261524e+01
9.138759717858260956e+01
9.148759717858260387e+01
9.158759717858259819e+01
9.168759717858259251e+01
9.178759717858258682e+01
9.188759717858258114e+01
9.198759717858257545e+01
9.208759717858256977e+01
9.218759717858256408e+01
9.228759717858255840e+01
9.238759717858255271e+01
9.248759717858254703e+01
9.258759717858254135e+01
9.268759717858253566e+01
9.278759717858252998e+01
9.288759717858252429e+01
9.298759717858251861e+01
9.308759717858251292e+01
9.318759717858250724e+01
9.328759717858250156e+01
9.338759717858249587e+01
9.348759717858249019e+01
9.358759717858248450e+01
9.368759717858247882e+01
9.378759717858247313e+01
9.388759717858246745e+01
9.398759717858246177e+01
9.408759717858245608e+01
9.418759717858245040e+01
9.428759717858244471e+01
9.438759717858243903e+01
9.448759717858243334e+01
9.458759717858242766e+01
9.468759717858242198e+01
9.478759717858241629e+01
9.488759717858241061e+01
9.498759717858240492e+01
9.508759717858239924e+01
9.518759717858239355e+01
9.528759717858238787e+01
9.538759717858238218e+01
9.548759717858237650e+01
9.558759717858237082e+01
9.568759717858236513e+01
9.578759717858235945e+01
9.588759717858235376e+01
9.598759717858234808e+01
9.608759717858234239e+01
9.618759717858233671e+01
9.628759717858233103e+01
9.638759717858232534e+01
9.648759717858231966e+01
9.658759717858231397e+01
9.668759717858230829e+01
9.678759717858230260e+01
9.688759717858229692e+01
9.698759717858229124e+01
9.708759717858228555e+01
9.718759717858227987e+01
9.728759717858227418e+01
9.738759717858226850e+01
9.748759717858226281e+01
9.758759717858225713e+01
9.768759717858225144e+01
9.778759717858224576e+01
9.788759717858224008e+01
9.798759717858223439e+01
9.808759717858222871e+01
9.818759717858222302e+01
9.828759717858221734e+01
9.838759717858221165e+01
9.848759717858220597e+01
9.858759717858220029e+01
9.868759717858219460e+01
9.878759717858218892e+01
9.888759717858218323e+01
9.898759717858217755e+01
9.908759717858217186e+01
9.918759717858216618e+01
9.928759717858216050e+01
9.938759717858215481e+01
9.948759717858214913e+01
9.958759717858214344e+01
9.968759717858213776e+01
9.978759717858213207e+01
9.988759717858212639e+01
9.998759717858212070e+01
1.000875971785821150e+02
1.001875971785821093e+02
1.002875971785821037e+02
1.003875971785820980e+02
1.004875971785820923e+02
1.005875971785820866e+02
1.006875971785820809e+02
1.007875971785820752e+02
1.008875971785820695e+02
1.009875971785820639e+02
1.010875971785820582e+02
1.011875971785820525e+02
1.012875971785820468e+02
1.013875971785820411e+02
1.014875971785820354e+02
1.015875971785820298e+02
1.016875971785820241e+02
1.017875971785820184e+02
1.018875971785820127e+02
1.019875971785820070e+02
1.020875971785820013e+02
1.021875971785819956e+02
1.022875971785819900e+02
1.023875971785819843e+02
1.024875971785819786e+02
1.025875971785819729e+02
1.026875971785819672e+02
1.027875971785819615e+02
1.028875971785819559e+02
1.029875971785819502e+02
1.030875971785819445e+02
1.031875971785819388e+02
1.032875971785819331e+02
1.033875971785819274e+02
1.034875971785819218e+02
1.035875971785819161e+02
1.036875971785819104e+02
1.037875971785819047e+02
1.038875971785818990e+02
1.039875971785818933e+02
1.040875971785818876e+02
1.041875971785818820e+02
1.042875971785818763e+02
1.043875971785818706e+02
1.044875971785818649e+02
1.045875971785818592e+02
1.046875971785818535e+02
1.047875971785818479e+02
1.048875971785818422e+02
1.049875971785818365e+02
1.050875971785818308e+02
1.051875971785818251e+02
1.052875971785818194e+02
1.053875971785818138e+02
1.054875971785818081e+02
1.055875971785818024e+02
1.056875971785817967e+02
1.057875971785817910e+02
1.058875971785817853e+02
1.059875971785817796e+02
1.060875971785817740e+02
1.061875971785817683e+02
1.062875971785817626e+02
1.063875971785817569e+02
1.064875971785817512e+02
1.065875971785817455e+02
1.066875971785817399e+02
1.067875971785817342e+02
1.068875971785817285e+02
1.069875971785817228e+02
1.070875971785817171e+02
1.071875971785817114e+02
1.072875971785817057e+02
1.073875971785817001e+02
1.074875971785816944e+02
1.075875971785816887e+02
1.076875971785816830e+02
1.077875971785816773e+02
1.078875971785816716e+02
1.079875971785816660e+02
1.080875971785816603e+02
1.081875971785816546e+02
1.082875971785816489e+02
1.083875971785816432e+02
1.084875971785816375e+02
1.085875971785816319e+02
1.086875971785816262e+02
1.087875971785816205e+02
1.088875971785816148e+02
1.089875971785816091e+02
1.090875971785816034e+02
1.091875971785815977e+02
1.092875971785815921e+02
1.093875971785815864e+02
1.094875971785815807e+02
1.095875971785815750e+02
1.096875971785815693e+02
1.097875971785815636e+02
1.098875971785815580e+02
1.099875971785815523e+02
1.100875971785815466e+02
1.101875971785815409e+02
1.102875971785815352e+02
1.103875971785815295e+02
1.104875971785815238e+02
1.105875971785815182e+02
1.106875971785815125e+02
1.107875971785815068e+02
1.108875971785815011e+02
1.109875971785814954e+02
1.110875971785814897e+02
1.111875971785814841e+02
1.112875971785814784e+02
1.113875971785814727e+02
1.114875971785814670e+02
1.115875971785814613e+02
1.116875971785814556e+02
1.117875971785814500e+02
1.118875971785814443e+02
1.119875971785814386e+02
1.120875971785814329e+02
1.121875971785814272e+02
1.122875971785814215e+02
1.123875971785814158e+02
1.124875971785814102e+02
1.125875971785814045e+02
1.126875971785813988e+02
1.127875971785813931e+02
1.128875971785813874e+02
1.129875971785813817e+02
1.130875971785813761e+02
1.131875971785813704e+02
1.132875971785813647e+02
1.133875971785813590e+02
1.134875971785813533e+02
1.135875971785813476e+02
1.136875971785813420e+02
1.137875971785813363e+02
1.138875971785813306e+02
1.139875971785813249e+02
1.140875971785813192e+02
1.141875971785813135e+02
1.142875971785813078e+02
1.143875971785813022e+02
1.144875971785812965e+02
1.145875971785812908e+02
1.146875971785812851e+02
1.147875971785812794e+02
1.148875971785812737e+02
1.149875971785812681e+02
1.150875971785812624e+02
1.151875971785812567e+02
1.152875971785812510e+02
1.153875971785812453e+02
1.154875971785812396e+02
1.155875971785812339e+02
1.156875971785812283e+02
1.157875971785812226e+02
1.158875971785812169e+02
1.159875971785812112e+02
1.160875971785812055e+02
1.161875971785811998e+02
1.162875971785811942e+02
1.163875971785811885e+02
1.164875971785811828e+02
1.165875971785811771e+02
1.166875971785811714e+02
1.167875971785811657e+02
1.168875971785811601e+02
1.169875971785811544e+02
1.170875971785811487e+02
1.171875971785811430e+02
1.172875971785811373e+02
1.173875971785811316e+02
1.174875971785811259e+02
1.175875971785811203e+02
1.176875971785811146e+02
1.177875971785811089e+02
1.178875971785811032e+02
1.179875971785810975e+02
1.180875971785810918e+02
1.181875971785810862e+02
1.182875971785810805e+02
1.183875971785810748e+02
1.184875971785810691e+02
1.185875971785810634e+02
1.186875971785810577e+02
1.187875971785810520e+02
1.188875971785810464e+02
1.189875971785810407e+02
1.190875971785810350e+02
1.191875971785810293e+02
1.192875971785810236e+02
1.193875971785810179e+02
1.194875971785810123e+02
1.195875971785810066e+02
1.196875971785810009e+02
1.197875971785809952e+02
1.198875971785809895e+02
1.199875971785809838e+02
1.200875971785809782e+02
1.201875971785809725e+02
1.202875971785809668e+02
1.203875971785809611e+02
1.204875971785809554e+02
1.205875971785809497e+02
1.206875971785809440e+02
1.207875971785809384e+02
1.208875971785809327e+02
1.209875971785809270e+02
1.210875971785809213e+02
1.211875971785809156e+02
1.212875971785809099e+02
1.213875971785809043e+02
1.214875971785808986e+02
1.215875971785808929e+02
1.216875971785808872e+02
1.217875971785808815e+02
1.218875971785808758e+02
1.219875971785808701e+02
1.220875971785808645e+02
1.221875971785808588e+02
1.222875971785808531e+02
1.223875971785808474e+02
1.224875971785808417e+02
1.225875971785808360e+02
1.226875971785808304e+02
1.227875971785808247e+02
1.228875971785808190e+02
1.229875971785808133e+02
1.230875971785808076e+02
1.231875971785808019e+02
1.232875971785807963e+02
1.233875971785807906e+02
1.234875971785807849e+02
1.235875971785807792e+02
1.236875971785807735e+02
1.237875971785807678e+02
1.238875971785807621e+02
1.239875971785807565e+02
1.240875971785807508e+02
1.241875971785807451e+02
1.242875971785807394e+02
1.243875971785807337e+02
1.244875971785807280e+02
1.245875971785807224e+02
1.246875971785807167e+02
1.247875971785807110e+02
1.248875971785807053e+02
1.249875971785806996e+02
1.250875971785806939e+02
1.251875971785806883e+02
1.252875971785806826e+02
1.253875971785806769e+02
1.254875971785806712e+02
1.255875971785806655e+02
1.256875971785806598e+02
1.257875971785806541e+02
1.258875971785806485e+02
1.259875971785806428e+02
1.260875971785806371e+02
1.261875971785806314e+02
1.262875971785806257e+02
1.263875971785806200e+02
1.264875971785806144e+02
1.265875971785806087e+02
1.266875971785806030e+02
1.267875971785805973e+02
1.268875971785805916e+02
1.269875971785805859e+02
1.270875971785805802e+02
1.271875971785805746e+02
1.272875971785805689e+02
1.273875971785805632e+02
1.274875971785805575e+02
1.275875971785805518e+02
1.276875971785805461e+02
1.277875971785805405e+02
1.278875971785805348e+02
1.279875971785805291e+02
1.280875971785805234e+02
1.281875971785805177e+02
1.282875971785805120e+02
1.283875971785805064e+02
1.284875971785805007e+02
1.285875971785804950e+02
1.286875971785804893e+02
1.287875971785804836e+02
1.288875971785804779e+02
1.289875971785804722e+02
1.290875971785804666e+02
1.291875971785804609e+02
1.292875971785804552e+02
1.293875971785804495e+02
1.294875971785804438e+02
1.295875971785804381e+02
1.296875971785804325e+02
1.297875971785804268e+02
1.298875971785804211e+02
1.299875971785804154e+02
1.300875971785804097e+02
1.301875971785804040e+02
1.302875971785803983e+02
1.303875971785803927e+02
1.304875971785803870e+02
1.305875971785803813e+02
1.306875971785803756e+02
1.307875971785803699e+02
1.308875971785803642e+02
1.309875971785803586e+02
1.310875971785803529e+02
1.311875971785803472e+02
1.312875971785803415e+02
1.313875971785803358e+02
1.314875971785803301e+02
1.315875971785803245e+02
1.316875971785803188e+02
1.317875971785803131e+02
1.318875971785803074e+02
1.319875971785803017e+02
1.320875971785802960e+02
1.321875971785802903e+02
1.322875971785802847e+02
1.323875971785802790e+02
1.324875971785802733e+02
1.325875971785802676e+02
1.326875971785802619e+02
1.327875971785802562e+02
1.328875971785802506e+02
1.329875971785802449e+02
1.330875971785802392e+02
1.331875971785802335e+02
1.332875971785802278e+02
1.333875971785802221e+02
1.334875971785802165e+02
1.335875971785802108e+02
1.336875971785802051e+02
1.337875971785801994e+02
1.338875971785801937e+02
1.339875971785801880e+02
1.340875971785801823e+02
1.341875971785801767e+02
1.342875971785801710e+02
1.343875971785801653e+02
1.344875971785801596e+02
1.345875971785801539e+02
1.346875971785801482e+02
1.347875971785801426e+02
1.348875971785801369e+02
1.349875971785801312e+02
1.350875971785801255e+02
1.351875971785801198e+02
1.352875971785801141e+02
1.353875971785801084e+02
1.354875971785801028e+02
1.355875971785800971e+02
1.356875971785800914e+02
1.357875971785800857e+02
1.358875971785800800e+02
1.359875971785800743e+02
1.360875971785800687e+02
1.361875971785800630e+02
1.362875971785800573e+02
1.363875971785800516e+02
1.364875971785800459e+02
1.365875971785800402e+02
1.366875971785800346e+02
1.367875971785800289e+02
1.368875971785800232e+02
1.369875971785800175e+02
1.370875971785800118e+02
1.371875971785800061e+02
1.372875971785800004e+02
1.373875971785799948e+02
1.374875971785799891e+02
1.375875971785799834e+02
1.376875971785799777e+02
1.377875971785799720e+02
1.378875971785799663e+02
1.379875971785799607e+02
1.380875971785799550e+02
1.381875971785799493e+02
1.382875971785799436e+02
1.383875971785799379e+02
1.384875971785799322e+02
1.385875971785799265e+02
1.386875971785799209e+02
1.387875971785799152e+02
1.388875971785799095e+02
1.389875971785799038e+02
1.390875971785798981e+02
1.391875971785798924e+02
1.392875971785798868e+02
1.393875971785798811e+02
1.394875971785798754e+02
1.395875971785798697e+02
1.396875971785798640e+02
1.397875971785798583e+02
1.398875971785798527e+02
1.399875971785798470e+02
1.400875971785798413e+02
1.401875971785798356e+02
1.402875971785798299e+02
1.403875971785798242e+02
1.404875971785798185e+02
1.405875971785798129e+02
1.406875971785798072e+02
1.407875971785798015e+02
1.408875971785797958e+02
1.409875971785797901e+02
1.410875971785797844e+02
1.411875971785797788e+02
1.412875971785797731e+02
1.413875971785797674e+02
1.414875971785797617e+02
1.415875971785797560e+02
1.416875971785797503e+02
1.417875971785797447e+02
1.418875971785797390e+02
1.419875971785797333e+02
1.420875971785797276e+02
1.421875971785797219e+02
1.422875971785797162e+02
1.423875971785797105e+02
1.424875971785797049e+02
1.425875971785796992e+02
1.426875971785796935e+02
1.427875971785796878e+02
1.428875971785796821e+02
1.429875971785796764e+02
1.430875971785796708e+02
1.431875971785796651e+02
1.432875971785796594e+02
1.433875971785796537e+02
1.434875971785796480e+02
1.435875971785796423e+02
1.436875971785796366e+02
1.437875971785796310e+02
1.438875971785796253e+02
1.439875971785796196e+02
1.440875971785796139e+02
1.441875971785796082e+02
1.442875971785796025e+02
1.443875971785795969e+02
1.444875971785795912e+02
1.445875971785795855e+02
1.446875971785795798e+02
1.447875971785795741e+02
1.448875971785795684e+02
1.449875971785795628e+02
1.450875971785795571e+02
1.451875971785795514e+02
1.452875971785795457e+02
1.453875971785795400e+02
1.454875971785795343e+02
1.455875971785795286e+02
1.456875971785795230e+02
1.457875971785795173e+02
1.458875971785795116e+02
1.459875971785795059e+02
1.460875971785795002e+02
1.461875971785794945e+02
1.462875971785794889e+02
1.463875971785794832e+02
1.464875971785794775e+02
1.465875971785794718e+02
1.466875971785794661e+02
1.467875971785794604e+02
1.468875971785794547e+02
1.469875971785794491e+02
1.470875971785794434e+02
1.471875971785794377e+02
1.472875971785794320e+02
1.473875971785794263e+02
1.474875971785794206e+02
1.475875971785794150e+02
1.476875971785794093e+02
1.477875971785794036e+02
1.478875971785793979e+02
1.479875971785793922e+02
1.480875971785793865e+02
1.481875971785793809e+02
1.482875971785793752e+02
1.483875971785793695e+02
1.484875971785793638e+02
1.485875971785793581e+02
1.486875971785793524e+02
1.487875971785793467e+02
1.488875971785793411e+02
1.489875971785793354e+02
1.490875971785793297e+02
1.491875971785793240e+02
1.492875971785793183e+02
1.493875971785793126e+02
1.494875971785793070e+02
1.495875971785793013e+02
1.496875971785792956e+02
1.497875971785792899e+02
1.498875971785792842e+02
1.499875971785792785e+02
1.500875971785792728e+02
1.501875971785792672e+02
1.502875971785792615e+02
1.503875971785792558e+02
1.504875971785792501e+02
1.505875971785792444e+02
1.506875971785792387e+02
1.507875971785792331e+02
1.508875971785792274e+02
1.509875971785792217e+02
1.510875971785792160e+02
1.511875971785792103e+02
1.512875971785792046e+02
1.513875971785791990e+02
1.514875971785791933e+02
1.515875971785791876e+02
1.516875971785791819e+02
1.517875971785791762e+02
1.518875971785791705e+02
1.519875971785791648e+02
1.520875971785791592e+02
1.521875971785791535e+02
1.522875971785791478e+02
1.523875971785791421e+02
1.524875971785791364e+02
1.525875971785791307e+02
1.526875971785791251e+02
1.527875971785791194e+02
1.528875971785791137e+02
1.529875971785791080e+02
1.530875971785791023e+02
1.531875971785790966e+02
1.532875971785790910e+02
1.533875971785790853e+02
1.534875971785790796e+02
1.535875971785790739e+02
1.536875971785790682e+02
1.537875971785790625e+02
1.538875971785790568e+02
1.539875971785790512e+02
1.540875971785790455e+02
1.541875971785790398e+02
1.542875971785790341e+02
1.543875971785790284e+02
1.544875971785790227e+02
1.545875971785790171e+02
1.546875971785790114e+02
1.547875971785790057e+02
1.548875971785790000e+02
1.549875971785789943e+02
1.550875971785789886e+02
1.551875971785789829e+02
1.552875971785789773e+02
1.553875971785789716e+02
1.554875971785789659e+02
1.555875971785789602e+02
1.556875971785789545e+02
1.557875971785789488e+02
1.558875971785789432e+02
1.559875971785789375e+02
1.560875971785789318e+02
1.561875971785789261e+02
1.562875971785789204e+02
1.563875971785789147e+02
1.564875971785789091e+02
1.565875971785789034e+02
1.566875971785788977e+02
1.567875971785788920e+02
1.568875971785788863e+02
1.569875971785788806e+02
1.570875971785788749e+02
1.571875971785788693e+02
1.572875971785788636e+02
1.573875971785788579e+02
1.574875971785788522e+02
1.575875971785788465e+02
1.576875971785788408e+02
1.577875971785788352e+02
1.578875971785788295e+02
1.579875971785788238e+02
1.580875971785788181e+02
1.581875971785788124e+02
1.582875971785788067e+02
1.583875971785788010e+02
1.584875971785787954e+02
1.585875971785787897e+02
1.586875971785787840e+02
1.587875971785787783e+02
1.588875971785787726e+02
1.589875971785787669e+02
1.590875971785787613e+02
1.591875971785787556e+02
1.592875971785787499e+02
1.593875971785787442e+02
1.594875971785787385e+02
1.595875971785787328e+02
1.596875971785787272e+02
1.597875971785787215e+02
1.598875971785787158e+02
1.599875971785787101e+02
1.600875971785787044e+02
1.601875971785786987e+02
1.602875971785786930e+02
1.603875971785786874e+02
1.604875971785786817e+02
1.605875971785786760e+02
1.606875971785786703e+02
1.607875971785786646e+02
1.608875971785786589e+02
1.609875971785786533e+02
1.610875971785786476e+02
1.611875971785786419e+02
1.612875971785786362e+02
1.613875971785786305e+02
1.614875971785786248e+02
1.615875971785786192e+02
1.616875971785786135e+02
1.617875971785786078e+02
1.618875971785786021e+02
1.619875971785785964e+02
1.620875971785785907e+02
1.621875971785785850e+02
1.622875971785785794e+02
1.623875971785785737e+02
1.624875971785785680e+02
1.625875971785785623e+02
1.626875971785785566e+02
1.627875971785785509e+02
1.628875971785785453e+02
1.629875971785785396e+02
1.630875971785785339e+02
1.631875971785785282e+02
1.632875971785785225e+02
1.633875971785785168e+02
1.634875971785785111e+02
1.635875971785785055e+02
1.636875971785784998e+02
1.637875971785784941e+02
1.638875971785784884e+02
1.639875971785784827e+02
1.640875971785784770e+02
1.641875971785784714e+02
1.642875971785784657e+02
1.643875971785784600e+02
1.644875971785784543e+02
1.645875971785784486e+02
1.646875971785784429e+02
1.647875971785784373e+02
1.648875971785784316e+02
1.649875971785784259e+02
1.650875971785784202e+02
1.651875971785784145e+02
1.652875971785784088e+02
1.653875971785784031e+02
1.654875971785783975e+02
1.655875971785783918e+02
1.656875971785783861e+02
1.657875971785783804e+02
1.658875971785783747e+02
1.659875971785783690e+02
1.660875971785783634e+02
1.661875971785783577e+02
1.662875971785783520e+02
1.663875971785783463e+02
1.664875971785783406e+02
1.665875971785783349e+02
1.666875971785783292e+02
1.667875971785783236e+02
1.668875971785783179e+02
1.669875971785783122e+02
1.670875971785783065e+02
1.671875971785783008e+02
1.672875971785782951e+02
1.673875971785782895e+02
1.674875971785782838e+02
1.675875971785782781e+02
1.676875971785782724e+02
1.677875971785782667e+02
1.678875971785782610e+02
1.679875971785782554e+02
1.680875971785782497e+02
1.681875971785782440e+02
1.682875971785782383e+02
1.683875971785782326e+02
1.684875971785782269e+02
1.685875971785782212e+02
1.686875971785782156e+02
1.687875971785782099e+02
1.688875971785782042e+02
1.689875971785781985e+02
1.690875971785781928e+02
1.691875971785781871e+02
1.692875971785781815e+02
1.693875971785781758e+02
1.694875971785781701e+02
1.695875971785781644e+02
1.696875971785781587e+02
1.697875971785781530e+02
1.698875971785781473e+02
1.699875971785781417e+02
1.700875971785781360e+02
1.701875971785781303e+02
1.702875971785781246e+02
1.703875971785781189e+02
1.704875971785781132e+02
1.705875971785781076e+02
1.706875971785781019e+02
1.707875971785780962e+02
1.708875971785780905e+02
1.709875971785780848e+02
1.710875971785780791e+02
1.711875971785780735e+02
1.712875971785780678e+02
1.713875971785780621e+02
1.714875971785780564e+02
1.715875971785780507e+02
1.716875971785780450e+02
1.717875971785780393e+02
1.718875971785780337e+02
1.719875971785780280e+02
1.720875971785780223e+02
1.721875971785780166e+02
1.722875971785780109e+02
1.723875971785780052e+02
1.724875971785779996e+02
1.725875971785779939e+02
1.726875971785779882e+02
1.727875971785779825e+02
1.728875971785779768e+02
1.729875971785779711e+02
1.730875971785779655e+02
1.731875971785779598e+02
1.732875971785779541e+02
1.733875971785779484e+02
1.734875971785779427e+02
1.735875971785779370e+02
1.736875971785779313e+02
1.737875971785779257e+02
1.738875971785779200e+02
1.739875971785779143e+02
1.740875971785779086e+02
1.741875971785779029e+02
1.742875971785778972e+02
1.743875971785778916e+02
1.744875971785778859e+02
1.745875971785778802e+02
1.746875971785778745e+02
1.747875971785778688e+02
1.748875971785778631e+02
1.749875971785778574e+02
1.750875971785778518e+02
1.751875971785778461e+02
1.752875971785778404e+02
1.753875971785778347e+02
1.754875971785778290e+02
1.755875971785778233e+02
1.756875971785778177e+02
1.757875971785778120e+02
1.758875971785778063e+02
1.759875971785778006e+02
1.760875971785777949e+02
1.761875971785777892e+02
1.762875971785777836e+02
1.763875971785777779e+02
1.764875971785777722e+02
1.765875971785777665e+02
1.766875971785777608e+02
1.767875971785777551e+02
1.768875971785777494e+02
1.769875971785777438e+02
1.770875971785777381e+02
1.771875971785777324e+02
1.772875971785777267e+02
1.773875971785777210e+02
1.774875971785777153e+02
1.775875971785777097e+02
1.776875971785777040e+02
1.777875971785776983e+02
1.778875971785776926e+02
1.779875971785776869e+02
1.780875971785776812e+02
1.781875971785776755e+02
1.782875971785776699e+02
1.783875971785776642e+02
1.784875971785776585e+02
1.785875971785776528e+02
1.786875971785776471e+02
1.787875971785776414e+02
1.788875971785776358e+02
1.789875971785776301e+02
1.790875971785776244e+02
1.791875971785776187e+02
1.792875971785776130e+02
1.793875971785776073e+02
1.794875971785776017e+02
1.795875971785775960e+02
1.796875971785775903e+02
1.797875971785775846e+02
1.798875971785775789e+02
1.799875971785775732e+02
1.800875971785775675e+02
1.801875971785775619e+02
1.802875971785775562e+02
1.803875971785775505e+02
1.804875971785775448e+02
1.805875971785775391e+02
1.806875971785775334e+02
1.807875971785775278e+02
1.808875971785775221e+02
1.809875971785775164e+02
1.810875971785775107e+02
1.811875971785775050e+02
1.812875971785774993e+02
1.813875971785774937e+02
1.814875971785774880e+02
1.815875971785774823e+02
1.816875971785774766e+02
1.817875971785774709e+02
1.818875971785774652e+02
1.819875971785774595e+02
1.820875971785774539e+02
1.821875971785774482e+02
1.822875971785774425e+02
1.823875971785774368e+02
1.824875971785774311e+02
1.825875971785774254e+02
1.826875971785774198e+02
1.827875971785774141e+02
1.828875971785774084e+02
1.829875971785774027e+02
1.830875971785773970e+02
1.831875971785773913e+02
1.832875971785773856e+02
1.833875971785773800e+02
1.834875971785773743e+02
1.835875971785773686e+02
1.836875971785773629e+02
1.837875971785773572e+02
1.838875971785773515e+02
1.839875971785773459e+02
1.840875971785773402e+02
1.841875971785773345e+02
1.842875971785773288e+02
1.843875971785773231e+02
1.844875971785773174e+02
1.845875971785773118e+02
1.846875971785773061e+02
1.847875971785773004e+02
1.848875971785772947e+02
1.849875971785772890e+02
1.850875971785772833e+02
1.851875971785772776e+02
1.852875971785772720e+02
1.853875971785772663e+02
1.854875971785772606e+02
1.855875971785772549e+02
1.856875971785772492e+02
1.857875971785772435e+02
1.858875971785772379e+02
1.859875971785772322e+02
1.860875971785772265e+02
1.861875971785772208e+02
1.862875971785772151e+02
1.863875971785772094e+02
1.864875971785772037e+02
1.865875971785771981e+02
1.866875971785771924e+02
1.867875971785771867e+02
1.868875971785771810e+02
1.869875971785771753e+02
1.870875971785771696e+02
1.871875971785771640e+02
1.872875971785771583e+02
1.873875971785771526e+02
1.874875971785771469e+02
1.875875971785771412e+02
1.876875971785771355e+02
1.877875971785771299e+02
1.878875971785771242e+02
1.879875971785771185e+02
1.880875971785771128e+02
1.881875971785771071e+02
1.882875971785771014e+02
1.883875971785770957e+02
1.884875971785770901e+02
1.885875971785770844e+02
1.886875971785770787e+02
1.887875971785770730e+02
1.888875971785770673e+02
1.889875971785770616e+02
1.890875971785770560e+02
1.891875971785770503e+02
1.892875971785770446e+02
1.893875971785770389e+02
1.894875971785770332e+02
1.895875971785770275e+02
1.896875971785770219e+02
1.897875971785770162e+02
1.898875971785770105e+02
1.899875971785770048e+02
1.900875971785769991e+02
1.901875971785769934e+02
1.902875971785769877e+02
1.903875971785769821e+02
1.904875971785769764e+02
1.905875971785769707e+02
1.906875971785769650e+02
1.907875971785769593e+02
1.908875971785769536e+02
1.909875971785769480e+02
1.910875971785769423e+02
1.911875971785769366e+02
1.912875971785769309e+02
1.913875971785769252e+02
1.914875971785769195e+02
1.915875971785769138e+02
1.916875971785769082e+02
1.917875971785769025e+02
1.918875971785768968e+02
1.919875971785768911e+02
1.920875971785768854e+02
1.921875971785768797e+02
1.922875971785768741e+02
1.923875971785768684e+02
1.924875971785768627e+02
1.925875971785768570e+02
1.926875971785768513e+02
1.927875971785768456e+02
1.928875971785768400e+02
1.929875971785768343e+02
1.930875971785768286e+02
1.931875971785768229e+02
1.932875971785768172e+02
1.933875971785768115e+02
1.934875971785768058e+02
1.935875971785768002e+02
1.936875971785767945e+02
1.937875971785767888e+02
1.938875971785767831e+02
1.939875971785767774e+02
1.940875971785767717e+02
1.941875971785767661e+02
1.942875971785767604e+02
1.943875971785767547e+02
1.944875971785767490e+02
1.945875971785767433e+02
1.946875971785767376e+02
1.947875971785767319e+02
1.948875971785767263e+02
1.949875971785767206e+02
1.950875971785767149e+02
1.951875971785767092e+02
1.952875971785767035e+02
1.953875971785766978e+02
1.954875971785766922e+02
1.955875971785766865e+02
1.956875971785766808e+02
1.957875971785766751e+02
1.958875971785766694e+02
1.959875971785766637e+02
1.960875971785766581e+02
1.961875971785766524e+02
1.962875971785766467e+02
1.963875971785766410e+02
1.964875971785766353e+02
1.965875971785766296e+02
1.966875971785766239e+02
1.967875971785766183e+02
1.968875971785766126e+02
1.969875971785766069e+02
1.970875971785766012e+02
1.971875971785765955e+02
1.972875971785765898e+02
1.973875971785765842e+02
1.974875971785765785e+02
1.975875971785765728e+02
1.976875971785765671e+02
1.977875971785765614e+02
1.978875971785765557e+02
1.979875971785765500e+02
1.980875971785765444e+02
1.981875971785765387e+02
1.982875971785765330e+02
1.983875971785765273e+02
1.984875971785765216e+02
1.985875971785765159e+02
1.986875971785765103e+02
1.987875971785765046e+02
1.988875971785764989e+02
1.989875971785764932e+02
1.990875971785764875e+02
1.991875971785764818e+02
1.992875971785764762e+02
1.993875971785764705e+02
1.994875971785764648e+02
1.995875971785764591e+02
1.996875971785764534e+02
1.997875971785764477e+02
1.998875971785764420e+02
1.999875971785764364e+02
2.000875971785764307e+02
2.001875971785764250e+02
2.002875971785764193e+02
2.003875971785764136e+02
2.004875971785764079e+02
2.005875971785764023e+02
2.006875971785763966e+02
2.007875971785763909e+02
2.008875971785763852e+02
2.009875971785763795e+02
2.010875971785763738e+02
2.011875971785763682e+02
2.012875971785763625e+02
2.013875971785763568e+02
2.014875971785763511e+02
2.015875971785763454e+02
2.016875971785763397e+02
2.017875971785763340e+02
2.018875971785763284e+02
2.019875971785763227e+02
2.020875971785763170e+02
2.021875971785763113e+02
2.022875971785763056e+02
2.023875971785762999e+02
2.024875971785762943e+02
2.025875971785762886e+02
2.026875971785762829e+02
2.027875971785762772e+02
2.028875971785762715e+02
2.029875971785762658e+02
2.030875971785762601e+02
2.031875971785762545e+02
2.032875971785762488e+02
2.033875971785762431e+02
2.034875971785762374e+02
2.035875971785762317e+02
2.036875971785762260e+02
2.037875971785762204e+02
2.038875971785762147e+02
2.039875971785762090e+02
2.040875971785762033e+02
2.041875971785761976e+02
2.042875971785761919e+02
2.043875971785761863e+02
2.044875971785761806e+02
2.045875971785761749e+02
2.046875971785761692e+02
2.047875971785761635e+02
2.048875971785761578e+02
2.049875971785761521e+02
2.050875971785761465e+02
2.051875971785761408e+02
2.052875971785761351e+02
2.053875971785761294e+02
2.054875971785761237e+02
2.055875971785761180e+02
2.056875971785761124e+02
2.057875971785761067e+02
2.058875971785761010e+02
2.059875971785760953e+02
2.060875971785760896e+02
2.061875971785760839e+02
2.062875971785760782e+02
2.063875971785760726e+02
2.064875971785760669e+02
2.065875971785760612e+02
2.066875971785760555e+02
2.067875971785760498e+02
2.068875971785760441e+02
2.069875971785760385e+02
2.070875971785760328e+02
2.071875971785760271e+02
2.072875971785760214e+02
2.073875971785760157e+02
2.074875971785760100e+02
2.075875971785760044e+02
2.076875971785759987e+02
2.077875971785759930e+02
2.078875971785759873e+02
2.079875971785759816e+02
2.080875971785759759e+02
2.081875971785759702e+02
2.082875971785759646e+02
2.083875971785759589e+02
2.084875971785759532e+02
2.085875971785759475e+02
2.086875971785759418e+02
2.087875971785759361e+02
2.088875971785759305e+02
2.089875971785759248e+02
2.090875971785759191e+02
2.091875971785759134e+02
2.092875971785759077e+02
2.093875971785759020e+02
2.094875971785758964e+02
2.095875971785758907e+02
2.096875971785758850e+02
2.097875971785758793e+02
2.098875971785758736e+02
2.099875971785758679e+02
2.100875971785758622e+02
2.101875971785758566e+02
2.102875971785758509e+02
2.103875971785758452e+02
2.104875971785758395e+02
2.105875971785758338e+02
2.106875971785758281e+02
2.107875971785758225e+02
2.108875971785758168e+02
2.109875971785758111e+02
2.110875971785758054e+02
2.111875971785757997e+02
2.112875971785757940e+02
2.113875971785757883e+02
2.114875971785757827e+02
2.115875971785757770e+02
2.116875971785757713e+02
2.117875971785757656e+02
2.118875971785757599e+02
2.119875971785757542e+02
2.120875971785757486e+02
2.121875971785757429e+02
2.122875971785757372e+02
2.123875971785757315e+02
2.124875971785757258e+02
2.125875971785757201e+02
2.126875971785757145e+02
2.127875971785757088e+02
2.128875971785757031e+02
2.129875971785756974e+02
2.130875971785756917e+02
2.131875971785756860e+02
2.132875971785756803e+02
2.133875971785756747e+02
2.134875971785756690e+02
2.135875971785756633e+02
2.136875971785756576e+02
2.137875971785756519e+02
2.138875971785756462e+02
2.139875971785756406e+02
2.140875971785756349e+02
2.141875971785756292e+02
2.142875971785756235e+02
2.143875971785756178e+02
2.144875971785756121e+02
2.145875971785756064e+02
2.146875971785756008e+02
2.147875971785755951e+02
2.148875971785755894e+02
2.149875971785755837e+02
2.150875971785755780e+02
2.151875971785755723e+02
2.152875971785755667e+02
2.153875971785755610e+02
2.154875971785755553e+02
2.155875971785755496e+02
2.156875971785755439e+02
2.157875971785755382e+02
2.158875971785755326e+02
2.159875971785755269e+02
2.160875971785755212e+02
2.161875971785755155e+02
2.162875971785755098e+02
2.163875971785755041e+02
2.164875971785754984e+02
2.165875971785754928e+02
2.166875971785754871e+02
2.167875971785754814e+02
2.168875971785754757e+02
2.169875971785754700e+02
2.170875971785754643e+02
2.171875971785754587e+02
2.172875971785754530e+02
2.173875971785754473e+02
2.174875971785754416e+02
2.175875971785754359e+02
2.176875971785754302e+02
2.177875971785754246e+02
2.178875971785754189e+02
2.179875971785754132e+02
2.180875971785754075e+02
2.181875971785754018e+02
2.182875971785753961e+02
2.183875971785753904e+02
2.184875971785753848e+02
2.185875971785753791e+02
2.186875971785753734e+02
2.187875971785753677e+02
2.188875971785753620e+02
2.189875971785753563e+02
2.190875971785753507e+02
2.191875971785753450e+02
2.192875971785753393e+02
2.193875971785753336e+02
2.194875971785753279e+02
2.195875971785753222e+02
2.196875971785753165e+02
2.197875971785753109e+02
2.198875971785753052e+02
2.199875971785752995e+02
2.200875971785752938e+02
2.201875971785752881e+02
2.202875971785752824e+02
2.203875971785752768e+02
2.204875971785752711e+02
2.205875971785752654e+02
2.206875971785752597e+02
2.207875971785752540e+02
2.208875971785752483e+02
2.209875971785752427e+02
2.210875971785752370e+02
2.211875971785752313e+02
2.212875971785752256e+02
2.213875971785752199e+02
2.214875971785752142e+02
2.215875971785752085e+02
2.216875971785752029e+02
2.217875971785751972e+02
2.218875971785751915e+02
2.219875971785751858e+02
2.220875971785751801e+02
2.221875971785751744e+02
2.222875971785751688e+02
2.223875971785751631e+02
2.224875971785751574e+02
2.225875971785751517e+02
2.226875971785751460e+02
2.227875971785751403e+02
2.228875971785751346e+02
2.229875971785751290e+02
2.230875971785751233e+02
2.231875971785751176e+02
2.232875971785751119e+02
2.233875971785751062e+02
2.234875971785751005e+02
2.235875971785750949e+02
2.236875971785750892e+02
2.237875971785750835e+02
2.238875971785750778e+02
2.239875971785750721e+02
2.240875971785750664e+02
2.241875971785750608e+02
2.242875971785750551e+02
2.243875971785750494e+02
2.244875971785750437e+02
2.245875971785750380e+02
2.246875971785750323e+02
2.247875971785750266e+02
2.248875971785750210e+02
2.249875971785750153e+02
2.250875971785750096e+02
2.251875971785750039e+02
2.252875971785749982e+02
2.253875971785749925e+02
2.254875971785749869e+02
2.255875971785749812e+02
2.256875971785749755e+02
2.257875971785749698e+02
2.258875971785749641e+02
2.259875971785749584e+02
2.260875971785749527e+02
2.261875971785749471e+02
2.262875971785749414e+02
2.263875971785749357e+02
2.264875971785749300e+02
2.265875971785749243e+02
2.266875971785749186e+02
2.267875971785749130e+02
2.268875971785749073e+02
2.269875971785749016e+02
2.270875971785748959e+02
2.271875971785748902e+02
2.272875971785748845e+02
2.273875971785748789e+02
2.274875971785748732e+02
2.275875971785748675e+02
2.276875971785748618e+02
2.277875971785748561e+02
2.278875971785748504e+02
2.279875971785748447e+02
2.280875971785748391e+02
2.281875971785748334e+02
2.282875971785748277e+02
2.283875971785748220e+02
2.284875971785748163e+02
2.285875971785748106e+02
2.286875971785748050e+02
2.287875971785747993e+02
2.288875971785747936e+02
2.289875971785747879e+02
2.290875971785747822e+02
2.291875971785747765e+02
2.292875971785747709e+02
2.293875971785747652e+02
2.294875971785747595e+02
2.295875971785747538e+02
2.296875971785747481e+02
2.297875971785747424e+02
2.298875971785747367e+02
2.299875971785747311e+02
2.300875971785747254e+02
2.301875971785747197e+02
2.302875971785747140e+02
2.303875971785747083e+02
2.304875971785747026e+02
2.305875971785746970e+02
2.306875971785746913e+02
2.307875971785746856e+02
2.308875971785746799e+02
2.309875971785746742e+02
2.310875971785746685e+02
2.311875971785746628e+02
2.312875971785746572e+02
2.313875971785746515e+02
2.314875971785746458e+02
2.315875971785746401e+02
2.316875971785746344e+02
2.317875971785746287e+02
2.318875971785746231e+02
2.319875971785746174e+02
2.320875971785746117e+02
2.321875971785746060e+02
2.322875971785746003e+02
2.323875971785745946e+02
2.324875971785745890e+02
2.325875971785745833e+02
2.326875971785745776e+02
2.327875971785745719e+02
2.328875971785745662e+02
2.329875971785745605e+02
2.330875971785745548e+02
2.331875971785745492e+02
2.332875971785745435e+02
2.333875971785745378e+02
2.334875971785745321e+02
2.335875971785745264e+02
2.336875971785745207e+02
2.337875971785745151e+02
2.338875971785745094e+02
2.339875971785745037e+02
2.340875971785744980e+02
2.341875971785744923e+02
2.342875971785744866e+02
2.343875971785744809e+02
2.344875971785744753e+02
2.345875971785744696e+02
2.346875971785744639e+02
2.347875971785744582e+02
2.348875971785744525e+02
2.349875971785744468e+02
2.350875971785744412e+02
2.351875971785744355e+02
2.352875971785744298e+02
2.353875971785744241e+02
2.354875971785744184e+02
2.355875971785744127e+02
2.356875971785744071e+02
2.357875971785744014e+02
2.358875971785743957e+02
2.359875971785743900e+02
2.360875971785743843e+02
2.361875971785743786e+02
2.362875971785743729e+02
2.363875971785743673e+02
2.364875971785743616e+02
2.365875971785743559e+02
2.366875971785743502e+02
2.367875971785743445e+02
2.368875971785743388e+02
2.369875971785743332e+02
2.370875971785743275e+02
2.371875971785743218e+02
2.372875971785743161e+02
2.373875971785743104e+02
2.374875971785743047e+02
2.375875971785742991e+02
2.376875971785742934e+02
2.377875971785742877e+02
2.378875971785742820e+02
2.379875971785742763e+02
2.380875971785742706e+02
2.381875971785742649e+02
2.382875971785742593e+02
2.383875971785742536e+02
2.384875971785742479e+02
2.385875971785742422e+02
2.386875971785742365e+02
2.387875971785742308e+02
2.388875971785742252e+02
2.389875971785742195e+02
2.390875971785742138e+02
2.391875971785742081e+02
2.392875971785742024e+02
2.393875971785741967e+02
2.394875971785741910e+02
2.395875971785741854e+02
2.396875971785741797e+02
2.397875971785741740e+02
2.398875971785741683e+02
2.399875971785741626e+02
2.400875971785741569e+02
2.401875971785741513e+02
2.402875971785741456e+02
2.403875971785741399e+02
2.404875971785741342e+02
2.405875971785741285e+02
2.406875971785741228e+02
2.407875971785741172e+02
2.408875971785741115e+02
2.409875971785741058e+02
2.410875971785741001e+02
2.411875971785740944e+02
2.412875971785740887e+02
2.413875971785740830e+02
2.414875971785740774e+02
2.415875971785740717e+02
2.416875971785740660e+02
2.417875971785740603e+02
2.418875971785740546e+02
2.419875971785740489e+02
2.420875971785740433e+02
2.421875971785740376e+02
2.422875971785740319e+02
2.423875971785740262e+02
2.424875971785740205e+02
2.425875971785740148e+02
2.426875971785740091e+02
2.427875971785740035e+02
2.428875971785739978e+02
2.429875971785739921e+02
2.430875971785739864e+02
2.431875971785739807e+02
2.432875971785739750e+02
2.433875971785739694e+02
2.434875971785739637e+02
2.435875971785739580e+02
2.436875971785739523e+02
2.437875971785739466e+02
2.438875971785739409e+02
2.439875971785739353e+02
2.440875971785739296e+02
2.441875971785739239e+02
2.442875971785739182e+02
2.443875971785739125e+02
2.444875971785739068e+02
2.445875971785739011e+02
2.446875971785738955e+02
2.447875971785738898e+02
2.448875971785738841e+02
2.449875971785738784e+02
2.450875971785738727e+02
2.451875971785738670e+02
2.452875971785738614e+02
2.453875971785738557e+02
2.454875971785738500e+02
2.455875971785738443e+02
2.456875971785738386e+02
2.457875971785738329e+02
2.458875971785738273e+02
2.459875971785738216e+02
2.460875971785738159e+02
2.461875971785738102e+02
2.462875971785738045e+02
2.463875971785737988e+02
2.464875971785737931e+02
2.465875971785737875e+02
2.466875971785737818e+02
2.467875971785737761e+02
2.468875971785737704e+02
2.469875971785737647e+02
2.470875971785737590e+02
2.471875971785737534e+02
2.472875971785737477e+02
2.473875971785737420e+02
2.474875971785737363e+02
2.475875971785737306e+02
2.476875971785737249e+02
2.477875971785737192e+02
2.478875971785737136e+02
2.479875971785737079e+02
2.480875971785737022e+02
2.481875971785736965e+02
2.482875971785736908e+02
2.483875971785736851e+02
2.484875971785736795e+02
2.485875971785736738e+02
2.486875971785736681e+02
2.487875971785736624e+02
2.488875971785736567e+02
2.489875971785736510e+02
2.490875971785736454e+02
2.491875971785736397e+02
2.492875971785736340e+02
2.493875971785736283e+02
2.494875971785736226e+02
2.495875971785736169e+02
2.496875971785736112e+02
2.497875971785736056e+02
2.498875971785735999e+02
2.499875971785735942e+02
2.500875971785735885e+02
2.501875971785735828e+02
2.502875971785735771e+02
2.503875971785735715e+02
2.504875971785735658e+02
2.505875971785735601e+02
2.506875971785735544e+02
2.507875971785735487e+02
2.508875971785735430e+02
2.509875971785735373e+02
2.510875971785735317e+02
2.511875971785735260e+02
2.512875971785735203e+02
2.513875971785735146e+02
2.514875971785735089e+02
2.515875971785735032e+02
2.516875971785734976e+02
2.517875971785734919e+02
2.518875971785734862e+02
2.519875971785734805e+02
2.520875971785734748e+02
2.521875971785734691e+02
2.522875971785734635e+02
2.523875971785734578e+02
2.524875971785734521e+02
2.525875971785734464e+02
2.526875971785734407e+02
2.527875971785734350e+02
2.528875971785734293e+02
2.529875971785734237e+02
2.530875971785734180e+02
2.531875971785734123e+02
2.532875971785734066e+02
2.533875971785734009e+02
2.534875971785733952e+02
2.535875971785733896e+02
2.536875971785733839e+02
2.537875971785733782e+02
2.538875971785733725e+02
2.539875971785733668e+02
2.540875971785733611e+02
2.541875971785733554e+02
2.542875971785733498e+02
2.543875971785733441e+02
2.544875971785733384e+02
2.545875971785733327e+02
2.546875971785733270e+02
2.547875971785733213e+02
2.548875971785733157e+02
2.549875971785733100e+02
2.550875971785733043e+02
2.551875971785732986e+02
2.552875971785732929e+02
2.553875971785732872e+02
2.554875971785732816e+02
2.555875971785732759e+02
2.556875971785732702e+02
2.557875971785732645e+02
2.558875971785732588e+02
2.559875971785732531e+02
2.560875971785732759e+02
2.561875971785732986e+02
2.562875971785733213e+02
2.563875971785733441e+02
2.564875971785733668e+02
2.565875971785733896e+02
2.566875971785734123e+02
2.567875971785734350e+02
2.568875971785734578e+02
2.569875971785734805e+02
2.570875971785735032e+02
2.571875971785735260e+02
2.572875971785735487e+02
2.573875971785735715e+02
2.574875971785735942e+02
2.575875971785736169e+02
2.576875971785736397e+02
2.577875971785736624e+02
2.578875971785736851e+02
2.579875971785737079e+02
2.580875971785737306e+02
2.581875971785737534e+02
2.582875971785737761e+02
2.583875971785737988e+02
2.584875971785738216e+02
2.585875971785738443e+02
2.586875971785738670e+02
2.587875971785738898e+02
2.588875971785739125e+02
2.589875971785739353e+02
2.590875971785739580e+02
2.591875971785739807e+02
2.592875971785740035e+02
2.593875971785740262e+02
2.594875971785740489e+02
2.595875971785740717e+02
2.596875971785740944e+02
2.597875971785741172e+02
2.598875971785741399e+02
2.599875971785741626e+02
2.600875971785741854e+02
2.601875971785742081e+02
2.602875971785742308e+02
2.603875971785742536e+02
2.604875971785742763e+02
2.605875971785742991e+02
2.606875971785743218e+02
2.607875971785743445e+02
2.608875971785743673e+02
2.609875971785743900e+02
2.610875971785744127e+02
2.611875971785744355e+02
2.612875971785744582e+02
2.613875971785744809e+02
2.614875971785745037e+02
2.615875971785745264e+02
2.616875971785745492e+02
2.617875971785745719e+02
2.618875971785745946e+02
2.619875971785746174e+02
2.620875971785746401e+02
2.621875971785746628e+02
2.622875971785746856e+02
2.623875971785747083e+02
2.624875971785747311e+02
2.625875971785747538e+02
2.626875971785747765e+02
2.627875971785747993e+02
2.628875971785748220e+02
2.629875971785748447e+02
2.630875971785748675e+02
2.631875971785748902e+02
2.632875971785749130e+02
2.633875971785749357e+02
2.634875971785749584e+02
2.635875971785749812e+02
2.636875971785750039e+02
2.637875971785750266e+02
2.638875971785750494e+02
2.639875971785750721e+02
2.640875971785750949e+02
2.641875971785751176e+02
2.642875971785751403e+02
2.643875971785751631e+02
2.644875971785751858e+02
2.645875971785752085e+02
2.646875971785752313e+02
2.647875971785752540e+02
2.648875971785752768e+02
2.649875971785752995e+02
2.650875971785753222e+02
2.651875971785753450e+02
2.652875971785753677e+02
2.653875971785753904e+02
2.654875971785754132e+02
2.655875971785754359e+02
2.656875971785754587e+02
2.657875971785754814e+02
2.658875971785755041e+02
2.659875971785755269e+02
2.660875971785755496e+02
2.661875971785755723e+02
2.662875971785755951e+02
2.663875971785756178e+02
2.664875971785756406e+02
2.665875971785756633e+02
2.666875971785756860e+02
2.667875971785757088e+02
2.668875971785757315e+02
2.669875971785757542e+02
2.670875971785757770e+02
2.671875971785757997e+02
2.672875971785758225e+02
2.673875971785758452e+02
2.674875971785758679e+02
2.675875971785758907e+02
2.676875971785759134e+02
2.677875971785759361e+02
2.678875971785759589e+02
2.679875971785759816e+02
2.680875971785760044e+02
2.681875971785760271e+02
2.682875971785760498e+02
2.683875971785760726e+02
2.684875971785760953e+02
2.685875971785761180e+02
2.686875971785761408e+02
2.687875971785761635e+02
2.688875971785761863e+02
2.689875971785762090e+02
2.690875971785762317e+02
2.691875971785762545e+02
2.692875971785762772e+02
2.693875971785762999e+02
2.694875971785763227e+02
2.695875971785763454e+02
2.696875971785763682e+02
2.697875971785763909e+02
2.698875971785764136e+02
2.699875971785764364e+02
2.700875971785764591e+02
2.701875971785764818e+02
2.702875971785765046e+02
2.703875971785765273e+02
2.704875971785765500e+02
2.705875971785765728e+02
2.706875971785765955e+02
2.707875971785766183e+02
2.708875971785766410e+02
2.709875971785766637e+02
2.710875971785766865e+02
2.711875971785767092e+02
2.712875971785767319e+02
2.713875971785767547e+02
2.714875971785767774e+02
2.715875971785768002e+02
2.716875971785768229e+02
2.717875971785768456e+02
2.718875971785768684e+02
2.719875971785768911e+02
2.720875971785769138e+02
2.721875971785769366e+02
2.722875971785769593e+02
2.723875971785769821e+02
2.724875971785770048e+02
2.725875971785770275e+02
2.726875971785770503e+02
2.727875971785770730e+02
2.728875971785770957e+02
2.729875971785771185e+02
2.730875971785771412e+02
2.731875971785771640e+02
2.732875971785771867e+02
2.733875971785772094e+02
2.734875971785772322e+02
2.735875971785772549e+02
2.736875971785772776e+02
2.737875971785773004e+02
2.738875971785773231e+02
2.739875971785773459e+02
2.740875971785773686e+02
2.741875971785773913e+02
2.742875971785774141e+02
2.743875971785774368e+02
2.744875971785774595e+02
2.745875971785774823e+02
2.746875971785775050e+02
2.747875971785775278e+02
2.748875971785775505e+02
2.749875971785775732e+02
2.750875971785775960e+02
2.751875971785776187e+02
2.752875971785776414e+02
2.753875971785776642e+02
2.754875971785776869e+02
2.755875971785777097e+02
2.756875971785777324e+02
2.757875971785777551e+02
2.758875971785777779e+02
2.759875971785778006e+02
2.760875971785778233e+02
2.761875971785778461e+02
2.762875971785778688e+02
2.763875971785778916e+02
2.764875971785779143e+02
2.765875971785779370e+02
2.766875971785779598e+02
2.767875971785779825e+02
2.768875971785780052e+02
2.769875971785780280e+02
2.770875971785780507e+02
2.771875971785780735e+02
2.772875971785780962e+02
2.773875971785781189e+02
2.774875971785781417e+02
2.775875971785781644e+02
2.776875971785781871e+02
2.777875971785782099e+02
2.778875971785782326e+02
2.779875971785782554e+02
2.780875971785782781e+02
2.781875971785783008e+02
2.782875971785783236e+02
2.783875971785783463e+02
2.784875971785783690e+02
2.785875971785783918e+02
2.786875971785784145e+02
2.787875971785784373e+02
2.788875971785784600e+02
2.789875971785784827e+02
2.790875971785785055e+02
2.791875971785785282e+02
2.792875971785785509e+02
2.793875971785785737e+02
2.794875971785785964e+02
2.795875971785786192e+02
2.796875971785786419e+02
2.797875971785786646e+02
2.798875971785786874e+02
2.799875971785787101e+02
2.800875971785787328e+02
2.801875971785787556e+02
2.802875971785787783e+02
2.803875971785788010e+02
2.804875971785788238e+02
2.805875971785788465e+02
2.806875971785788693e+02
2.807875971785788920e+02
2.808875971785789147e+02
2.809875971785789375e+02
2.810875971785789602e+02
2.811875971785789829e+02
2.812875971785790057e+02
2.813875971785790284e+02
2.814875971785790512e+02
2.815875971785790739e+02
2.816875971785790966e+02
2.817875971785791194e+02
2.818875971785791421e+02
2.819875971785791648e+02
2.820875971785791876e+02
2.821875971785792103e+02
2.822875971785792331e+02
2.823875971785792558e+02
2.824875971785792785e+02
2.825875971785793013e+02
2.826875971785793240e+02
2.827875971785793467e+02
2.828875971785793695e+02
2.829875971785793922e+02
2.830875971785794150e+02
2.831875971785794377e+02
2.832875971785794604e+02
2.833875971785794832e+02
2.834875971785795059e+02
2.835875971785795286e+02
2.836875971785795514e+02
2.837875971785795741e+02
2.838875971785795969e+02
2.839875971785796196e+02
2.840875971785796423e+02
2.841875971785796651e+02
2.842875971785796878e+02
2.843875971785797105e+02
2.844875971785797333e+02
2.845875971785797560e+02
2.846875971785797788e+02
2.847875971785798015e+02
2.848875971785798242e+02
2.849875971785798470e+02
2.850875971785798697e+02
2.851875971785798924e+02
2.852875971785799152e+02
2.853875971785799379e+02
2.854875971785799607e+02
2.855875971785799834e+02
2.856875971785800061e+02
2.857875971785800289e+02
2.858875971785800516e+02
2.859875971785800743e+02
2.860875971785800971e+02
2.861875971785801198e+02
2.862875971785801426e+02
2.863875971785801653e+02
2.864875971785801880e+02
2.865875971785802108e+02
2.866875971785802335e+02
2.867875971785802562e+02
2.868875971785802790e+02
2.869875971785803017e+02
2.870875971785803245e+02
2.871875971785803472e+02
2.872875971785803699e+02
2.873875971785803927e+02
2.874875971785804154e+02
2.875875971785804381e+02
2.876875971785804609e+02
2.877875971785804836e+02
2.878875971785805064e+02
2.879875971785805291e+02
2.880875971785805518e+02
2.881875971785805746e+02
2.882875971785805973e+02
2.883875971785806200e+02
2.884875971785806428e+02
2.885875971785806655e+02
2.886875971785806883e+02
2.887875971785807110e+02
2.888875971785807337e+02
2.889875971785807565e+02
2.890875971785807792e+02
2.891875971785808019e+02
2.892875971785808247e+02
2.893875971785808474e+02
2.894875971785808701e+02
2.895875971785808929e+02
2.896875971785809156e+02
2.897875971785809384e+02
2.898875971785809611e+02
2.899875971785809838e+02
2.900875971785810066e+02
2.901875971785810293e+02
2.902875971785810520e+02
2.903875971785810748e+02
2.904875971785810975e+02
2.905875971785811203e+02
2.906875971785811430e+02
2.907875971785811657e+02
2.908875971785811885e+02
2.909875971785812112e+02
2.910875971785812339e+02
2.911875971785812567e+02
2.912875971785812794e+02
2.913875971785813022e+02
2.914875971785813249e+02
2.915875971785813476e+02
2.916875971785813704e+02
2.917875971785813931e+02
2.918875971785814158e+02
2.919875971785814386e+02
2.920875971785814613e+02
2.921875971785814841e+02
2.922875971785815068e+02
2.923875971785815295e+02
2.924875971785815523e+02
2.925875971785815750e+02
2.926875971785815977e+02
2.927875971785816205e+02
2.928875971785816432e+02
2.929875971785816660e+02
2.930875971785816887e+02
2.931875971785817114e+02
2.932875971785817342e+02
2.933875971785817569e+02
2.934875971785817796e+02
2.935875971785818024e+02
2.936875971785818251e+02
2.937875971785818479e+02
2.938875971785818706e+02
2.939875971785818933e+02
2.940875971785819161e+02
2.941875971785819388e+02
2.942875971785819615e+02
2.943875971785819843e+02
2.944875971785820070e+02
2.945875971785820298e+02
2.946875971785820525e+02
2.947875971785820752e+02
2.948875971785820980e+02
2.949875971785821207e+02
2.950875971785821434e+02
2.951875971785821662e+02
2.952875971785821889e+02
2.953875971785822117e+02
2.954875971785822344e+02
2.955875971785822571e+02
2.956875971785822799e+02
2.957875971785823026e+02
2.958875971785823253e+02
2.959875971785823481e+02
2.960875971785823708e+02
2.961875971785823936e+02
2.962875971785824163e+02
2.963875971785824390e+02
2.964875971785824618e+02
2.965875971785824845e+02
2.966875971785825072e+02
2.967875971785825300e+02
2.968875971785825527e+02
2.969875971785825755e+02
2.970875971785825982e+02
2.971875971785826209e+02
2.972875971785826437e+02
2.973875971785826664e+02
2.974875971785826891e+02
2.975875971785827119e+02
2.976875971785827346e+02
2.977875971785827574e+02
2.978875971785827801e+02
2.979875971785828028e+02
2.980875971785828256e+02
2.981875971785828483e+02
2.982875971785828710e+02
2.983875971785828938e+02
2.984875971785829165e+02
2.985875971785829393e+02
2.986875971785829620e+02
2.987875971785829847e+02
2.988875971785830075e+02
2.989875971785830302e+02
2.990875971785830529e+02
2.991875971785830757e+02
2.992875971785830984e+02
2.993875971785831211e+02
2.994875971785831439e+02
2.995875971785831666e+02
2.996875971785831894e+02
2.997875971785832121e+02
2.998875971785832348e+02
2.999875971785832576e+02
3.000875971785832803e+02
3.001875971785833030e+02
3.002875971785833258e+02
3.003875971785833485e+02
3.004875971785833713e+02
3.005875971785833940e+02
3.006875971785834167e+02
3.007875971785834395e+02
3.008875971785834622e+02
3.009875971785834849e+02
3.010875971785835077e+02
3.011875971785835304e+02
3.012875971785835532e+02
3.013875971785835759e+02
3.014875971785835986e+02
3.015875971785836214e+02
3.016875971785836441e+02
3.017875971785836668e+02
3.018875971785836896e+02
3.019875971785837123e+02
3.020875971785837351e+02
3.021875971785837578e+02
3.022875971785837805e+02
3.023875971785838033e+02
3.024875971785838260e+02
3.025875971785838487e+02
3.026875971785838715e+02
3.027875971785838942e+02
3.028875971785839170e+02
3.029875971785839397e+02
3.030875971785839624e+02
3.031875971785839852e+02
3.032875971785840079e+02
3.033875971785840306e+02
3.034875971785840534e+02
3.035875971785840761e+02
3.036875971785840989e+02
3.037875971785841216e+02
3.038875971785841443e+02
3.039875971785841671e+02
3.040875971785841898e+02
3.041875971785842125e+02
3.042875971785842353e+02
3.043875971785842580e+02
3.044875971785842808e+02
3.045875971785843035e+02
3.046875971785843262e+02
3.047875971785843490e+02
3.048875971785843717e+02
3.049875971785843944e+02
3.050875971785844172e+02
3.051875971785844399e+02
3.052875971785844627e+02
3.053875971785844854e+02
3.054875971785845081e+02
3.055875971785845309e+02
3.056875971785845536e+02
3.057875971785845763e+02
3.058875971785845991e+02
3.059875971785846218e+02
3.060875971785846446e+02
3.061875971785846673e+02
3.062875971785846900e+02
3.063875971785847128e+02
3.064875971785847355e+02
3.065875971785847582e+02
3.066875971785847810e+02
3.067875971785848037e+02
3.068875971785848265e+02
3.069875971785848492e+02
3.070875971785848719e+02
3.071875971785848947e+02
3.072875971785849174e+02
3.073875971785849401e+02
3.074875971785849629e+02
3.075875971785849856e+02
3.076875971785850084e+02
3.077875971785850311e+02
3.078875971785850538e+02
3.079875971785850766e+02
3.080875971785850993e+02
3.081875971785851220e+02
3.082875971785851448e+02
3.083875971785851675e+02
3.084875971785851902e+02
3.085875971785852130e+02
3.086875971785852357e+02
3.087875971785852585e+02
3.088875971785852812e+02
3.089875971785853039e+02
3.090875971785853267e+02
3.091875971785853494e+02
3.092875971785853721e+02
3.093875971785853949e+02
3.094875971785854176e+02
3.095875971785854404e+02
3.096875971785854631e+02
3.097875971785854858e+02
3.098875971785855086e+02
3.099875971785855313e+02
3.100875971785855540e+02
3.101875971785855768e+02
3.102875971785855995e+02
3.103875971785856223e+02
3.104875971785856450e+02
3.105875971785856677e+02
3.106875971785856905e+02
3.107875971785857132e+02
3.108875971785857359e+02
3.109875971785857587e+02
3.110875971785857814e+02
3.111875971785858042e+02
3.112875971785858269e+02
3.113875971785858496e+02
3.114875971785858724e+02
3.115875971785858951e+02
3.116875971785859178e+02
3.117875971785859406e+02
3.118875971785859633e+02
3.119875971785859861e+02
3.120875971785860088e+02
3.121875971785860315e+02
3.122875971785860543e+02
3.123875971785860770e+02
3.124875971785860997e+02
3.125875971785861225e+02
3.126875971785861452e+02
3.127875971785861680e+02
3.128875971785861907e+02
3.129875971785862134e+02
3.130875971785862362e+02
3.131875971785862589e+02
3.132875971785862816e+02
3.133875971785863044e+02
3.134875971785863271e+02
3.135875971785863499e+02
3.136875971785863726e+02
3.137875971785863953e+02
3.138875971785864181e+02
3.139875971785864408e+02
3.140875971785864635e+02
3.141875971785864863e+02
3.142875971785865090e+02
3.143875971785865318e+02
3.144875971785865545e+02
3.145875971785865772e+02
3.146875971785866000e+02
3.147875971785866227e+02
3.148875971785866454e+02
3.149875971785866682e+02
3.150875971785866909e+02
3.151875971785867137e+02
3.152875971785867364e+02
3.153875971785867591e+02
3.154875971785867819e+02
3.155875971785868046e+02
3.156875971785868273e+02
3.157875971785868501e+02
3.158875971785868728e+02
3.159875971785868956e+02
3.160875971785869183e+02
3.161875971785869410e+02
3.162875971785869638e+02
3.163875971785869865e+02
3.164875971785870092e+02
3.165875971785870320e+02
3.166875971785870547e+02
3.167875971785870775e+02
3.168875971785871002e+02
3.169875971785871229e+02
3.170875971785871457e+02
3.171875971785871684e+02
3.172875971785871911e+02
3.173875971785872139e+02
3.174875971785872366e+02
3.175875971785872594e+02
3.176875971785872821e+02
3.177875971785873048e+02
3.178875971785873276e+02
3.179875971785873503e+02
3.180875971785873730e+02
3.181875971785873958e+02
3.182875971785874185e+02
3.183875971785874412e+02
3.184875971785874640e+02
3.185875971785874867e+02
3.186875971785875095e+02
3.187875971785875322e+02
3.188875971785875549e+02
3.189875971785875777e+02
3.190875971785876004e+02
3.191875971785876231e+02
3.192875971785876459e+02
3.193875971785876686e+02
3.194875971785876914e+02
3.195875971785877141e+02
3.196875971785877368e+02
3.197875971785877596e+02
3.198875971785877823e+02
3.199875971785878050e+02
3.200875971785878278e+02
3.201875971785878505e+02
3.202875971785878733e+02
3.203875971785878960e+02
3.204875971785879187e+02
3.205875971785879415e+02
3.206875971785879642e+02
3.207875971785879869e+02
3.208875971785880097e+02
3.209875971785880324e+02
3.210875971785880552e+02
3.211875971785880779e+02
3.212875971785881006e+02
3.213875971785881234e+02
3.214875971785881461e+02
3.215875971785881688e+02
3.216875971785881916e+02
3.217875971785882143e+02
3.218875971785882371e+02
3.219875971785882598e+02
3.220875971785882825e+02
3.221875971785883053e+02
3.222875971785883280e+02
3.223875971785883507e+02
3.224875971785883735e+02
3.225875971785883962e+02
3.226875971785884190e+02
3.227875971785884417e+02
3.228875971785884644e+02
3.229875971785884872e+02
3.230875971785885099e+02
3.231875971785885326e+02
3.232875971785885554e+02
3.233875971785885781e+02
3.234875971785886009e+02
3.235875971785886236e+02
3.236875971785886463e+02
3.237875971785886691e+02
3.238875971785886918e+02
3.239875971785887145e+02
3.240875971785887373e+02
3.241875971785887600e+02
3.242875971785887828e+02
3.243875971785888055e+02
3.244875971785888282e+02
3.245875971785888510e+02
3.246875971785888737e+02
3.247875971785888964e+02
3.248875971785889192e+02
3.249875971785889419e+02
3.250875971785889647e+02
3.251875971785889874e+02
3.252875971785890101e+02
3.253875971785890329e+02
3.254875971785890556e+02
3.255875971785890783e+02
3.256875971785891011e+02
3.257875971785891238e+02
3.258875971785891466e+02
3.259875971785891693e+02
3.260875971785891920e+02
3.261875971785892148e+02
3.262875971785892375e+02
3.263875971785892602e+02
3.264875971785892830e+02
3.265875971785893057e+02
3.266875971785893285e+02
3.267875971785893512e+02
3.268875971785893739e+02
3.269875971785893967e+02
3.270875971785894194e+02
3.271875971785894421e+02
3.272875971785894649e+02
3.273875971785894876e+02
3.274875971785895103e+02
3.275875971785895331e+02
3.276875971785895558e+02
3.277875971785895786e+02
3.278875971785896013e+02
3.279875971785896240e+02
3.280875971785896468e+02
3.281875971785896695e+02
3.282875971785896922e+02
3.283875971785897150e+02
3.284875971785897377e+02
3.285875971785897605e+02
3.286875971785897832e+02
3.287875971785898059e+02
3.288875971785898287e+02
3.289875971785898514e+02
3.290875971785898741e+02
3.291875971785898969e+02
3.292875971785899196e+02
3.293875971785899424e+02
3.294875971785899651e+02
3.295875971785899878e+02
3.296875971785900106e+02
3.297875971785900333e+02
3.298875971785900560e+02
3.299875971785900788e+02
3.300875971785901015e+02
3.301875971785901243e+02
3.302875971785901470e+02
3.303875971785901697e+02
3.304875971785901925e+02
3.305875971785902152e+02
3.306875971785902379e+02
3.307875971785902607e+02
3.308875971785902834e+02
3.309875971785903062e+02
3.310875971785903289e+02
3.311875971785903516e+02
3.312875971785903744e+02
3.313875971785903971e+02
3.314875971785904198e+02
3.315875971785904426e+02
3.316875971785904653e+02
3.317875971785904881e+02
3.318875971785905108e+02
3.319875971785905335e+02
3.320875971785905563e+02
3.321875971785905790e+02
3.322875971785906017e+02
3.323875971785906245e+02
3.324875971785906472e+02
3.325875971785906700e+02
3.326875971785906927e+02
3.327875971785907154e+02
3.328875971785907382e+02
3.329875971785907609e+02
3.330875971785907836e+02
3.331875971785908064e+02
3.332875971785908291e+02
3.333875971785908519e+02
3.334875971785908746e+02
3.335875971785908973e+02
3.336875971785909201e+02
3.337875971785909428e+02
3.338875971785909655e+02
3.339875971785909883e+02
3.340875971785910110e+02
3.341875971785910338e+02
3.342875971785910565e+02
3.343875971785910792e+02
3.344875971785911020e+02
3.345875971785911247e+02
3.346875971785911474e+02
3.347875971785911702e+02
3.348875971785911929e+02
3.349875971785912157e+02
3.350875971785912384e+02
3.351875971785912611e+02
3.352875971785912839e+02
3.353875971785913066e+02
3.354875971785913293e+02
3.355875971785913521e+02
3.356875971785913748e+02
3.357875971785913976e+02
3.358875971785914203e+02
3.359875971785914430e+02
3.360875971785914658e+02
3.361875971785914885e+02
3.362875971785915112e+02
3.363875971785915340e+02
3.364875971785915567e+02
3.365875971785915794e+02
3.366875971785916022e+02
3.367875971785916249e+02
3.368875971785916477e+02
3.369875971785916704e+02
3.370875971785916931e+02
3.371875971785917159e+02
3.372875971785917386e+02
3.373875971785917613e+02
3.374875971785917841e+02
3.375875971785918068e+02
3.376875971785918296e+02
3.377875971785918523e+02
3.378875971785918750e+02
3.379875971785918978e+02
3.380875971785919205e+02
3.381875971785919432e+02
3.382875971785919660e+02
3.383875971785919887e+02
3.384875971785920115e+02
3.385875971785920342e+02
3.386875971785920569e+02
3.387875971785920797e+02
3.388875971785921024e+02
3.389875971785921251e+02
3.390875971785921479e+02
3.391875971785921706e+02
3.392875971785921934e+02
3.393875971785922161e+02
3.394875971785922388e+02
3.395875971785922616e+02
3.396875971785922843e+02
3.397875971785923070e+02
3.398875971785923298e+02
3.399875971785923525e+02
3.400875971785923753e+02
3.401875971785923980e+02
3.402875971785924207e+02
3.403875971785924435e+02
3.404875971785924662e+02
3.405875971785924889e+02
3.406875971785925117e+02
3.407875971785925344e+02
3.408875971785925572e+02
3.409875971785925799e+02
3.410875971785926026e+02
3.411875971785926254e+02
3.412875971785926481e+02
3.413875971785926708e+02
3.414875971785926936e+02
3.415875971785927163e+02
3.416875971785927391e+02
3.417875971785927618e+02
3.418875971785927845e+02
3.419875971785928073e+02
3.420875971785928300e+02
3.421875971785928527e+02
3.422875971785928755e+02
3.423875971785928982e+02
3.424875971785929210e+02
3.425875971785929437e+02
3.426875971785929664e+02
3.427875971785929892e+02
3.428875971785930119e+02
3.429875971785930346e+02
3.430875971785930574e+02
3.431875971785930801e+02
3.432875971785931029e+02
3.433875971785931256e+02
3.434875971785931483e+02
3.435875971785931711e+02
3.436875971785931938e+02
3.437875971785932165e+02
3.438875971785932393e+02
3.439875971785932620e+02
3.440875971785932848e+02
3.441875971785933075e+02
3.442875971785933302e+02
3.443875971785933530e+02
3.444875971785933757e+02
3.445875971785933984e+02
3.446875971785934212e+02
3.447875971785934439e+02
3.448875971785934667e+02
3.449875971785934894e+02
3.450875971785935121e+02
3.451875971785935349e+02
3.452875971785935576e+02
3.453875971785935803e+02
3.454875971785936031e+02
3.455875971785936258e+02
3.456875971785936486e+02
3.457875971785936713e+02
3.458875971785936940e+02
3.459875971785937168e+02
3.460875971785937395e+02
3.461875971785937622e+02
3.462875971785937850e+02
3.463875971785938077e+02
3.464875971785938304e+02
3.465875971785938532e+02
3.466875971785938759e+02
3.467875971785938987e+02
3.468875971785939214e+02
3.469875971785939441e+02
3.470875971785939669e+02
3.471875971785939896e+02
3.472875971785940123e+02
3.473875971785940351e+02
3.474875971785940578e+02
3.475875971785940806e+02
3.476875971785941033e+02
3.477875971785941260e+02
3.478875971785941488e+02
3.479875971785941715e+02
3.480875971785941942e+02
3.481875971785942170e+02
3.482875971785942397e+02
3.483875971785942625e+02
3.484875971785942852e+02
3.485875971785943079e+02
3.486875971785943307e+02
3.487875971785943534e+02
3.488875971785943761e+02
3.489875971785943989e+02
3.490875971785944216e+02
3.491875971785944444e+02
3.492875971785944671e+02
3.493875971785944898e+02
3.494875971785945126e+02
3.495875971785945353e+02
3.496875971785945580e+02
3.497875971785945808e+02
3.498875971785946035e+02
3.499875971785946263e+02
3.500875971785946490e+02
3.501875971785946717e+02
3.502875971785946945e+02
3.503875971785947172e+02
3.504875971785947399e+02
3.505875971785947627e+02
3.506875971785947854e+02
3.507875971785948082e+02
3.508875971785948309e+02
3.509875971785948536e+02
3.510875971785948764e+02
3.511875971785948991e+02
3.512875971785949218e+02
3.513875971785949446e+02
3.514875971785949673e+02
3.515875971785949901e+02
3.516875971785950128e+02
3.517875971785950355e+02
3.518875971785950583e+02
3.519875971785950810e+02
3.520875971785951037e+02
3.521875971785951265e+02
3.522875971785951492e+02
3.523875971785951720e+02
3.524875971785951947e+02
3.525875971785952174e+02
3.526875971785952402e+02
3.527875971785952629e+02
3.528875971785952856e+02
3.529875971785953084e+02
3.530875971785953311e+02
3.531875971785953539e+02
3.532875971785953766e+02
3.533875971785953993e+02
3.534875971785954221e+02
3.535875971785954448e+02
3.536875971785954675e+02
3.537875971785954903e+02
3.538875971785955130e+02
3.539875971785955358e+02
3.540875971785955585e+02
3.541875971785955812e+02
3.542875971785956040e+02
3.543875971785956267e+02
3.544875971785956494e+02
3.545875971785956722e+02
3.546875971785956949e+02
3.547875971785957177e+02
3.548875971785957404e+02
3.549875971785957631e+02
3.550875971785957859e+02
3.551875971785958086e+02
3.552875971785958313e+02
3.553875971785958541e+02
3.554875971785958768e+02
3.555875971785958995e+02
3.556875971785959223e+02
3.557875971785959450e+02
3.558875971785959678e+02
3.559875971785959905e+02
3.560875971785960132e+02
3.561875971785960360e+02
3.562875971785960587e+02
3.563875971785960814e+02
3.564875971785961042e+02
3.565875971785961269e+02
3.566875971785961497e+02
3.567875971785961724e+02
3.568875971785961951e+02
3.569875971785962179e+02
3.570875971785962406e+02
3.571875971785962633e+02
3.572875971785962861e+02
3.573875971785963088e+02
3.574875971785963316e+02
3.575875971785963543e+02
3.576875971785963770e+02
3.577875971785963998e+02
3.578875971785964225e+02
3.579875971785964452e+02
3.580875971785964680e+02
3.581875971785964907e+02
3.582875971785965135e+02
3.583875971785965362e+02
3.584875971785965589e+02
3.585875971785965817e+02
3.586875971785966044e+02
3.587875971785966271e+02
3.588875971785966499e+02
3.589875971785966726e+02
3.590875971785966954e+02
3.591875971785967181e+02
3.592875971785967408e+02
3.593875971785967636e+02
3.594875971785967863e+02
3.595875971785968090e+02
3.596875971785968318e+02
3.597875971785968545e+02
3.598875971785968773e+02
3.599875971785969000e+02
3.600875971785969227e+02
3.601875971785969455e+02
3.602875971785969682e+02
3.603875971785969909e+02
3.604875971785970137e+02
3.605875971785970364e+02
3.606875971785970592e+02
3.607875971785970819e+02
3.608875971785971046e+02
3.609875971785971274e+02
3.610875971785971501e+02
3.611875971785971728e+02
3.612875971785971956e+02
3.613875971785972183e+02
3.614875971785972411e+02
3.615875971785972638e+02
3.616875971785972865e+02
3.617875971785973093e+02
3.618875971785973320e+02
3.619875971785973547e+02
3.620875971785973775e+02
3.621875971785974002e+02
3.622875971785974230e+02
3.623875971785974457e+02
3.624875971785974684e+02
3.625875971785974912e+02
3.626875971785975139e+02
3.627875971785975366e+02
3.628875971785975594e+02
3.629875971785975821e+02
3.630875971785976049e+02
3.631875971785976276e+02
3.632875971785976503e+02
3.633875971785976731e+02
3.634875971785976958e+02
3.635875971785977185e+02
3.636875971785977413e+02
3.637875971785977640e+02
3.638875971785977868e+02
3.639875971785978095e+02
3.640875971785978322e+02
3.641875971785978550e+02
3.642875971785978777e+02
3.643875971785979004e+02
3.644875971785979232e+02
3.645875971785979459e+02
3.646875971785979687e+02
3.647875971785979914e+02
3.648875971785980141e+02
3.649875971785980369e+02
3.650875971785980596e+02
3.651875971785980823e+02
3.652875971785981051e+02
3.653875971785981278e+02
3.654875971785981505e+02
3.655875971785981733e+02
3.656875971785981960e+02
3.657875971785982188e+02
3.658875971785982415e+02
3.659875971785982642e+02
3.660875971785982870e+02
3.661875971785983097e+02
3.662875971785983324e+02
3.663875971785983552e+02
3.664875971785983779e+02
3.665875971785984007e+02
3.666875971785984234e+02
3.667875971785984461e+02
3.668875971785984689e+02
3.669875971785984916e+02
3.670875971785985143e+02
3.671875971785985371e+02
3.672875971785985598e+02
3.673875971785985826e+02
3.674875971785986053e+02
3.675875971785986280e+02
3.676875971785986508e+02
3.677875971785986735e+02
3.678875971785986962e+02
3.679875971785987190e+02
3.680875971785987417e+02
3.681875971785987645e+02
3.682875971785987872e+02
3.683875971785988099e+02
3.684875971785988327e+02
3.685875971785988554e+02
3.686875971785988781e+02
3.687875971785989009e+02
3.688875971785989236e+02
3.689875971785989464e+02
3.690875971785989691e+02
3.691875971785989918e+02
3.692875971785990146e+02
3.693875971785990373e+02
3.694875971785990600e+02
3.695875971785990828e+02
3.696875971785991055e+02
3.697875971785991283e+02
3.698875971785991510e+02
3.699875971785991737e+02
3.700875971785991965e+02
3.701875971785992192e+02
3.702875971785992419e+02
3.703875971785992647e+02
3.704875971785992874e+02
3.705875971785993102e+02
3.706875971785993329e+02
3.707875971785993556e+02
3.708875971785993784e+02
3.709875971785994011e+02
3.710875971785994238e+02
3.711875971785994466e+02
3.712875971785994693e+02
3.713875971785994921e+02
3.714875971785995148e+02
3.715875971785995375e+02
3.716875971785995603e+02
3.717875971785995830e+02
3.718875971785996057e+02
3.719875971785996285e+02
3.720875971785996512e+02
3.721875971785996740e+02
3.722875971785996967e+02
3.723875971785997194e+02
3.724875971785997422e+02
3.725875971785997649e+02
3.726875971785997876e+02
3.727875971785998104e+02
3.728875971785998331e+02
3.729875971785998559e+02
3.730875971785998786e+02
3.731875971785999013e+02
3.732875971785999241e+02
3.733875971785999468e+02
3.734875971785999695e+02
3.735875971785999923e+02
3.736875971786000150e+02
3.737875971786000378e+02
3.738875971786000605e+02
3.739875971786000832e+02
3.740875971786001060e+02
3.741875971786001287e+02
3.742875971786001514e+02
3.743875971786001742e+02
3.744875971786001969e+02
3.745875971786002196e+02
3.746875971786002424e+02
3.747875971786002651e+02
3.748875971786002879e+02
3.749875971786003106e+02
3.750875971786003333e+02
3.751875971786003561e+02
3.752875971786003788e+02
3.753875971786004015e+02
3.754875971786004243e+02
3.755875971786004470e+02
3.756875971786004698e+02
3.757875971786004925e+02
3.758875971786005152e+02
3.759875971786005380e+02
3.760875971786005607e+02
3.761875971786005834e+02
3.762875971786006062e+02
3.763875971786006289e+02
3.764875971786006517e+02
3.765875971786006744e+02
3.766875971786006971e+02
3.767875971786007199e+02
3.768875971786007426e+02
3.769875971786007653e+02
3.770875971786007881e+02
3.771875971786008108e+02
3.772875971786008336e+02
3.773875971786008563e+02
3.774875971786008790e+02
3.775875971786009018e+02
3.776875971786009245e+02
3.777875971786009472e+02
3.778875971786009700e+02
3.779875971786009927e+02
3.780875971786010155e+02
3.781875971786010382e+02
3.782875971786010609e+02
3.783875971786010837e+02
3.784875971786011064e+02
3.785875971786011291e+02
3.786875971786011519e+02
3.787875971786011746e+02
3.788875971786011974e+02
3.789875971786012201e+02
3.790875971786012428e+02
3.791875971786012656e+02
3.792875971786012883e+02
3.793875971786013110e+02
3.794875971786013338e+02
3.795875971786013565e+02
3.796875971786013793e+02
3.797875971786014020e+02
3.798875971786014247e+02
3.799875971786014475e+02
3.800875971786014702e+02
3.801875971786014929e+02
3.802875971786015157e+02
3.803875971786015384e+02
3.804875971786015612e+02
3.805875971786015839e+02
3.806875971786016066e+02
3.807875971786016294e+02
3.808875971786016521e+02
3.809875971786016748e+02
3.810875971786016976e+02
3.811875971786017203e+02
3.812875971786017431e+02
3.813875971786017658e+02
3.814875971786017885e+02
3.815875971786018113e+02
3.816875971786018340e+02
3.817875971786018567e+02
3.818875971786018795e+02
3.819875971786019022e+02
3.820875971786019250e+02
3.821875971786019477e+02
3.822875971786019704e+02
3.823875971786019932e+02
3.824875971786020159e+02
3.825875971786020386e+02
3.826875971786020614e+02
3.827875971786020841e+02
3.828875971786021069e+02
3.829875971786021296e+02
3.830875971786021523e+02
3.831875971786021751e+02
3.832875971786021978e+02
3.833875971786022205e+02
3.834875971786022433e+02
3.835875971786022660e+02
3.836875971786022887e+02
3.837875971786023115e+02
3.838875971786023342e+02
3.839875971786023570e+02
3.840875971786023797e+02
3.841875971786024024e+02
3.842875971786024252e+02
3.843875971786024479e+02
3.844875971786024706e+02
3.845875971786024934e+02
3.846875971786025161e+02
3.847875971786025389e+02
3.848875971786025616e+02
3.849875971786025843e+02
3.850875971786026071e+02
3.851875971786026298e+02
3.852875971786026525e+02
3.853875971786026753e+02
3.854875971786026980e+02
3.855875971786027208e+02
3.856875971786027435e+02
3.857875971786027662e+02
3.858875971786027890e+02
3.859875971786028117e+02
3.860875971786028344e+02
3.861875971786028572e+02
3.862875971786028799e+02
3.863875971786029027e+02
3.864875971786029254e+02
3.865875971786029481e+02
3.866875971786029709e+02
3.867875971786029936e+02
3.868875971786030163e+02
3.869875971786030391e+02
3.870875971786030618e+02
3.871875971786030846e+02
3.872875971786031073e+02
3.873875971786031300e+02
3.874875971786031528e+02
3.875875971786031755e+02
3.876875971786031982e+02
3.877875971786032210e+02
3.878875971786032437e+02
3.879875971786032665e+02
3.880875971786032892e+02
3.881875971786033119e+02
3.882875971786033347e+02
3.883875971786033574e+02
3.884875971786033801e+02
3.885875971786034029e+02
3.886875971786034256e+02
3.887875971786034484e+02
3.888875971786034711e+02
3.889875971786034938e+02
3.890875971786035166e+02
3.891875971786035393e+02
3.892875971786035620e+02
3.893875971786035848e+02
3.894875971786036075e+02
3.895875971786036303e+02
3.896875971786036530e+02
3.897875971786036757e+02
3.898875971786036985e+02
3.899875971786037212e+02
3.900875971786037439e+02
3.901875971786037667e+02
3.902875971786037894e+02
3.903875971786038122e+02
3.904875971786038349e+02
3.905875971786038576e+02
3.906875971786038804e+02
3.907875971786039031e+02
3.908875971786039258e+02
3.909875971786039486e+02
3.910875971786039713e+02
3.911875971786039941e+02
3.912875971786040168e+02
3.913875971786040395e+02
3.914875971786040623e+02
3.915875971786040850e+02
3.916875971786041077e+02
3.917875971786041305e+02
3.918875971786041532e+02
3.919875971786041760e+02
3.920875971786041987e+02
3.921875971786042214e+02
3.922875971786042442e+02
3.923875971786042669e+02
3.924875971786042896e+02
3.925875971786043124e+02
3.926875971786043351e+02
3.927875971786043579e+02
3.928875971786043806e+02
3.929875971786044033e+02
3.930875971786044261e+02
3.931875971786044488e+02
3.932875971786044715e+02
3.933875971786044943e+02
3.934875971786045170e+02
3.935875971786045397e+02
3.936875971786045625e+02
3.937875971786045852e+02
3.938875971786046080e+02
3.939875971786046307e+02
3.940875971786046534e+02
3.941875971786046762e+02
3.942875971786046989e+02
3.943875971786047216e+02
3.944875971786047444e+02
3.945875971786047671e+02
3.946875971786047899e+02
3.947875971786048126e+02
3.948875971786048353e+02
3.949875971786048581e+02
3.950875971786048808e+02
3.951875971786049035e+02
3.952875971786049263e+02
3.953875971786049490e+02
3.954875971786049718e+02
3.955875971786049945e+02
3.956875971786050172e+02
3.957875971786050400e+02
3.958875971786050627e+02
3.959875971786050854e+02
3.960875971786051082e+02
3.961875971786051309e+02
3.962875971786051537e+02
3.963875971786051764e+02
3.964875971786051991e+02
3.965875971786052219e+02
3.966875971786052446e+02
3.967875971786052673e+02
3.968875971786052901e+02
3.969875971786053128e+02
3.970875971786053356e+02
3.971875971786053583e+02
3.972875971786053810e+02
3.973875971786054038e+02
3.974875971786054265e+02
3.975875971786054492e+02
3.976875971786054720e+02
3.977875971786054947e+02
3.978875971786055175e+02
3.979875971786055402e+02
3.980875971786055629e+02
3.981875971786055857e+02
3.982875971786056084e+02
3.983875971786056311e+02
3.984875971786056539e+02
3.985875971786056766e+02
3.986875971786056994e+02
3.987875971786057221e+02
3.988875971786057448e+02
3.989875971786057676e+02
3.990875971786057903e+02
3.991875971786058130e+02
3.992875971786058358e+02
3.993875971786058585e+02
3.994875971786058813e+02
3.995875971786059040e+02
3.996875971786059267e+02
3.997875971786059495e+02
3.998875971786059722e+02
3.999875971786059949e+02
4.000875971786060177e+02
4.001875971786060404e+02
4.002875971786060632e+02
4.003875971786060859e+02
4.004875971786061086e+02
4.005875971786061314e+02
4.006875971786061541e+02
4.007875971786061768e+02
4.008875971786061996e+02
4.009875971786062223e+02
4.010875971786062451e+02
4.011875971786062678e+02
4.012875971786062905e+02
4.013875971786063133e+02
4.014875971786063360e+02
4.015875971786063587e+02
4.016875971786063815e+02
4.017875971786064042e+02
4.018875971786064270e+02
4.019875971786064497e+02
4.020875971786064724e+02
4.021875971786064952e+02
4.022875971786065179e+02
4.023875971786065406e+02
4.024875971786065634e+02
4.025875971786065861e+02
4.026875971786066088e+02
4.027875971786066316e+02
4.028875971786066543e+02
4.029875971786066771e+02
4.030875971786066998e+02
4.031875971786067225e+02
4.032875971786067453e+02
4.033875971786067680e+02
4.034875971786067907e+02
4.035875971786068135e+02
4.036875971786068362e+02
4.037875971786068590e+02
4.038875971786068817e+02
4.039875971786069044e+02
4.040875971786069272e+02
4.041875971786069499e+02
4.042875971786069726e+02
4.043875971786069954e+02
4.044875971786070181e+02
4.045875971786070409e+02
4.046875971786070636e+02
4.047875971786070863e+02
4.048875971786071091e+02
4.049875971786071318e+02
4.050875971786071545e+02
4.051875971786071773e+02
4.052875971786072000e+02
4.053875971786072228e+02
4.054875971786072455e+02
4.055875971786072682e+02
4.056875971786072910e+02
4.057875971786073137e+02
4.058875971786073364e+02
4.059875971786073592e+02
4.060875971786073819e+02
4.061875971786074047e+02
4.062875971786074274e+02
4.063875971786074501e+02
4.064875971786074729e+02
4.065875971786074956e+02
4.066875971786075183e+02
4.067875971786075411e+02
4.068875971786075638e+02
4.069875971786075866e+02
4.070875971786076093e+02
4.071875971786076320e+02
4.072875971786076548e+02
4.073875971786076775e+02
4.074875971786077002e+02
4.075875971786077230e+02
4.076875971786077457e+02
4.077875971786077685e+02
4.078875971786077912e+02
4.079875971786078139e+02
4.080875971786078367e+02
4.081875971786078594e+02
4.082875971786078821e+02
4.083875971786079049e+02
4.084875971786079276e+02
4.085875971786079504e+02
4.086875971786079731e+02
4.087875971786079958e+02
4.088875971786080186e+02
4.089875971786080413e+02
4.090875971786080640e+02
4.091875971786080868e+02
4.092875971786081095e+02
4.093875971786081323e+02
4.094875971786081550e+02
4.095875971786081777e+02
4.096875971786082005e+02
4.097875971786082232e+02
4.098875971786082459e+02
4.099875971786082687e+02
4.100875971786082914e+02
4.101875971786083142e+02
4.102875971786083369e+02
4.103875971786083596e+02
4.104875971786083824e+02
4.105875971786084051e+02
4.106875971786084278e+02
4.107875971786084506e+02
4.108875971786084733e+02
4.109875971786084961e+02
4.110875971786085188e+02
4.111875971786085415e+02
4.112875971786085643e+02
4.113875971786085870e+02
4.114875971786086097e+02
4.115875971786086325e+02
4.116875971786086552e+02
4.117875971786086780e+02
4.118875971786087007e+02
4.119875971786087234e+02
4.120875971786087462e+02
4.121875971786087689e+02
4.122875971786087916e+02
4.123875971786088144e+02
4.124875971786088371e+02
4.125875971786088598e+02
4.126875971786088826e+02
4.127875971786089053e+02
4.128875971786089281e+02
4.129875971786089508e+02
4.130875971786089735e+02
4.131875971786089963e+02
4.132875971786090190e+02
4.133875971786090417e+02
4.134875971786090645e+02
4.135875971786090872e+02
4.136875971786091100e+02
4.137875971786091327e+02
4.138875971786091554e+02
4.139875971786091782e+02
4.140875971786092009e+02
4.141875971786092236e+02
4.142875971786092464e+02
4.143875971786092691e+02
4.144875971786092919e+02
4.145875971786093146e+02
4.146875971786093373e+02
4.147875971786093601e+02
4.148875971786093828e+02
4.149875971786094055e+02
4.150875971786094283e+02
4.151875971786094510e+02
4.152875971786094738e+02
4.153875971786094965e+02
4.154875971786095192e+02
4.155875971786095420e+02
4.156875971786095647e+02
4.157875971786095874e+02
4.158875971786096102e+02
4.159875971786096329e+02
4.160875971786096557e+02
4.161875971786096784e+02
4.162875971786097011e+02
4.163875971786097239e+02
4.164875971786097466e+02
4.165875971786097693e+02
4.166875971786097921e+02
4.167875971786098148e+02
4.168875971786098376e+02
4.169875971786098603e+02
4.170875971786098830e+02
4.171875971786099058e+02
4.172875971786099285e+02
4.173875971786099512e+02
4.174875971786099740e+02
4.175875971786099967e+02
4.176875971786100195e+02
4.177875971786100422e+02
4.178875971786100649e+02
4.179875971786100877e+02
4.180875971786101104e+02
4.181875971786101331e+02
4.182875971786101559e+02
4.183875971786101786e+02
4.184875971786102014e+02
4.185875971786102241e+02
4.186875971786102468e+02
4.187875971786102696e+02
4.188875971786102923e+02
4.189875971786103150e+02
4.190875971786103378e+02
4.191875971786103605e+02
4.192875971786103833e+02
4.193875971786104060e+02
4.194875971786104287e+02
4.195875971786104515e+02
4.196875971786104742e+02
4.197875971786104969e+02
4.198875971786105197e+02
4.199875971786105424e+02
4.200875971786105652e+02
4.201875971786105879e+02
4.202875971786106106e+02
4.203875971786106334e+02
4.204875971786106561e+02
4.205875971786106788e+02
4.206875971786107016e+02
4.207875971786107243e+02
4.208875971786107471e+02
4.209875971786107698e+02
4.210875971786107925e+02
4.211875971786108153e+02
4.212875971786108380e+02
4.213875971786108607e+02
4.214875971786108835e+02
4.215875971786109062e+02
4.216875971786109289e+02
4.217875971786109517e+02
4.218875971786109744e+02
4.219875971786109972e+02
4.220875971786110199e+02
4.221875971786110426e+02
4.222875971786110654e+02
4.223875971786110881e+02
4.224875971786111108e+02
4.225875971786111336e+02
4.226875971786111563e+02
4.227875971786111791e+02
4.228875971786112018e+02
4.229875971786112245e+02
4.230875971786112473e+02
4.231875971786112700e+02
4.232875971786112927e+02
4.233875971786113155e+02
4.234875971786113382e+02
4.235875971786113610e+02
4.236875971786113837e+02
4.237875971786114064e+02
4.238875971786114292e+02
4.239875971786114519e+02
4.240875971786114746e+02
4.241875971786114974e+02
4.242875971786115201e+02
4.243875971786115429e+02
4.244875971786115656e+02
4.245875971786115883e+02
4.246875971786116111e+02
4.247875971786116338e+02
4.248875971786116565e+02
4.249875971786116793e+02
4.250875971786117020e+02
4.251875971786117248e+02
4.252875971786117475e+02
4.253875971786117702e+02
4.254875971786117930e+02
4.255875971786118157e+02
4.256875971786118384e+02
4.257875971786118612e+02
4.258875971786118839e+02
4.259875971786119067e+02
4.260875971786119294e+02
4.261875971786119521e+02
4.262875971786119749e+02
4.263875971786119976e+02
4.264875971786120203e+02
4.265875971786120431e+02
4.266875971786120658e+02
4.267875971786120886e+02
4.268875971786121113e+02
4.269875971786121340e+02
4.270875971786121568e+02
4.271875971786121795e+02
4.272875971786122022e+02
4.273875971786122250e+02
4.274875971786122477e+02
4.275875971786122705e+02
4.276875971786122932e+02
4.277875971786123159e+02
4.278875971786123387e+02
4.279875971786123614e+02
4.280875971786123841e+02
4.281875971786124069e+02
4.282875971786124296e+02
4.283875971786124524e+02
4.284875971786124751e+02
4.285875971786124978e+02
4.286875971786125206e+02
4.287875971786125433e+02
4.288875971786125660e+02
4.289875971786125888e+02
4.290875971786126115e+02
4.291875971786126343e+02
4.292875971786126570e+02
4.293875971786126797e+02
4.294875971786127025e+02
4.295875971786127252e+02
4.296875971786127479e+02
4.297875971786127707e+02
4.298875971786127934e+02
4.299875971786128162e+02
4.300875971786128389e+02
4.301875971786128616e+02
4.302875971786128844e+02
4.303875971786129071e+02
4.304875971786129298e+02
4.305875971786129526e+02
4.306875971786129753e+02
4.307875971786129981e+02
4.308875971786130208e+02
4.309875971786130435e+02
4.310875971786130663e+02
4.311875971786130890e+02
4.312875971786131117e+02
4.313875971786131345e+02
4.314875971786131572e+02
4.315875971786131799e+02
4.316875971786132027e+02
4.317875971786132254e+02
4.318875971786132482e+02
4.319875971786132709e+02
4.320875971786132936e+02
4.321875971786133164e+02
4.322875971786133391e+02
4.323875971786133618e+02
4.324875971786133846e+02
4.325875971786134073e+02
4.326875971786134301e+02
4.327875971786134528e+02
4.328875971786134755e+02
4.329875971786134983e+02
4.330875971786135210e+02
4.331875971786135437e+02
4.332875971786135665e+02
4.333875971786135892e+02
4.334875971786136120e+02
4.335875971786136347e+02
4.336875971786136574e+02
4.337875971786136802e+02
4.338875971786137029e+02
4.339875971786137256e+02
4.340875971786137484e+02
4.341875971786137711e+02
4.342875971786137939e+02
4.343875971786138166e+02
4.344875971786138393e+02
4.345875971786138621e+02
4.346875971786138848e+02
4.347875971786139075e+02
4.348875971786139303e+02
4.349875971786139530e+02
4.350875971786139758e+02
4.351875971786139985e+02
4.352875971786140212e+02
4.353875971786140440e+02
4.354875971786140667e+02
4.355875971786140894e+02
4.356875971786141122e+02
4.357875971786141349e+02
4.358875971786141577e+02
4.359875971786141804e+02
4.360875971786142031e+02
4.361875971786142259e+02
4.362875971786142486e+02
4.363875971786142713e+02
4.364875971786142941e+02
4.365875971786143168e+02
4.366875971786143396e+02
4.367875971786143623e+02
4.368875971786143850e+02
4.369875971786144078e+02
4.370875971786144305e+02
4.371875971786144532e+02
4.372875971786144760e+02
4.373875971786144987e+02
4.374875971786145215e+02
4.375875971786145442e+02
4.376875971786145669e+02
4.377875971786145897e+02
4.378875971786146124e+02
4.379875971786146351e+02
4.380875971786146579e+02
4.381875971786146806e+02
4.382875971786147034e+02
4.383875971786147261e+02
4.384875971786147488e+02
4.385875971786147716e+02
4.386875971786147943e+02
4.387875971786148170e+02
4.388875971786148398e+02
4.389875971786148625e+02
4.390875971786148853e+02
4.391875971786149080e+02
4.392875971786149307e+02
4.393875971786149535e+02
4.394875971786149762e+02
4.395875971786149989e+02
4.396875971786150217e+02
4.397875971786150444e+02
4.398875971786150672e+02
4.399875971786150899e+02
4.400875971786151126e+02
4.401875971786151354e+02
4.402875971786151581e+02
4.403875971786151808e+02
4.404875971786152036e+02
4.405875971786152263e+02
4.406875971786152490e+02
4.407875971786152718e+02
4.408875971786152945e+02
4.409875971786153173e+02
4.410875971786153400e+02
4.411875971786153627e+02
4.412875971786153855e+02
4.413875971786154082e+02
4.414875971786154309e+02
4.415875971786154537e+02
4.416875971786154764e+02
4.417875971786154992e+02
4.418875971786155219e+02
4.419875971786155446e+02
4.420875971786155674e+02
4.421875971786155901e+02
4.422875971786156128e+02
4.423875971786156356e+02
4.424875971786156583e+02
4.425875971786156811e+02
4.426875971786157038e+02
4.427875971786157265e+02
4.428875971786157493e+02
4.429875971786157720e+02
4.430875971786157947e+02
4.431875971786158175e+02
4.432875971786158402e+02
4.433875971786158630e+02
4.434875971786158857e+02
4.435875971786159084e+02
4.436875971786159312e+02
4.437875971786159539e+02
4.438875971786159766e+02
4.439875971786159994e+02
4.440875971786160221e+02
4.441875971786160449e+02
4.442875971786160676e+02
4.443875971786160903e+02
4.444875971786161131e+02
4.445875971786161358e+02
4.446875971786161585e+02
4.447875971786161813e+02
4.448875971786162040e+02
4.449875971786162268e+02
4.450875971786162495e+02
4.451875971786162722e+02
4.452875971786162950e+02
4.453875971786163177e+02
4.454875971786163404e+02
4.455875971786163632e+02
4.456875971786163859e+02
4.457875971786164087e+02
4.458875971786164314e+02
4.459875971786164541e+02
4.460875971786164769e+02
4.461875971786164996e+02
4.462875971786165223e+02
4.463875971786165451e+02
4.464875971786165678e+02
4.465875971786165906e+02
4.466875971786166133e+02
4.467875971786166360e+02
4.468875971786166588e+02
4.469875971786166815e+02
4.470875971786167042e+02
4.471875971786167270e+02
4.472875971786167497e+02
4.473875971786167725e+02
4.474875971786167952e+02
4.475875971786168179e+02
4.476875971786168407e+02
4.477875971786168634e+02
4.478875971786168861e+02
4.479875971786169089e+02
4.480875971786169316e+02
4.481875971786169544e+02
4.482875971786169771e+02
4.483875971786169998e+02
4.484875971786170226e+02
4.485875971786170453e+02
4.486875971786170680e+02
4.487875971786170908e+02
4.488875971786171135e+02
4.489875971786171363e+02
4.490875971786171590e+02
4.491875971786171817e+02
4.492875971786172045e+02
4.493875971786172272e+02
4.494875971786172499e+02
4.495875971786172727e+02
4.496875971786172954e+02
4.497875971786173181e+02
4.498875971786173409e+02
4.499875971786173636e+02
4.500875971786173864e+02
4.501875971786174091e+02
4.502875971786174318e+02
4.503875971786174546e+02
4.504875971786174773e+02
4.505875971786175000e+02
4.506875971786175228e+02
4.507875971786175455e+02
4.508875971786175683e+02
4.509875971786175910e+02
4.510875971786176137e+02
4.511875971786176365e+02
4.512875971786176592e+02
4.513875971786176819e+02
4.514875971786177047e+02
4.515875971786177274e+02
4.516875971786177502e+02
4.517875971786177729e+02
4.518875971786177956e+02
4.519875971786178184e+02
4.520875971786178411e+02
4.521875971786178638e+02
4.522875971786178866e+02
4.523875971786179093e+02
4.524875971786179321e+02
4.525875971786179548e+02
4.526875971786179775e+02
4.527875971786180003e+02
4.528875971786180230e+02
4.529875971786180457e+02
4.530875971786180685e+02
4.531875971786180912e+02
4.532875971786181140e+02
4.533875971786181367e+02
4.534875971786181594e+02
4.535875971786181822e+02
4.536875971786182049e+02
4.537875971786182276e+02
4.538875971786182504e+02
4.539875971786182731e+02
4.540875971786182959e+02
4.541875971786183186e+02
4.542875971786183413e+02
4.543875971786183641e+02
4.544875971786183868e+02
4.545875971786184095e+02
4.546875971786184323e+02
4.547875971786184550e+02
4.548875971786184778e+02
4.549875971786185005e+02
4.550875971786185232e+02
4.551875971786185460e+02
4.552875971786185687e+02
4.553875971786185914e+02
4.554875971786186142e+02
4.555875971786186369e+02
4.556875971786186597e+02
4.557875971786186824e+02
4.558875971786187051e+02
4.559875971786187279e+02
4.560875971786187506e+02
4.561875971786187733e+02
4.562875971786187961e+02
4.563875971786188188e+02
4.564875971786188416e+02
4.565875971786188643e+02
4.566875971786188870e+02
4.567875971786189098e+02
4.568875971786189325e+02
4.569875971786189552e+02
4.570875971786189780e+02
4.571875971786190007e+02
4.572875971786190235e+02
4.573875971786190462e+02
4.574875971786190689e+02
4.575875971786190917e+02
4.576875971786191144e+02
4.577875971786191371e+02
4.578875971786191599e+02
4.579875971786191826e+02
4.580875971786192054e+02
4.581875971786192281e+02
4.582875971786192508e+02
4.583875971786192736e+02
4.584875971786192963e+02
4.585875971786193190e+02
4.586875971786193418e+02
4.587875971786193645e+02
4.588875971786193873e+02
4.589875971786194100e+02
4.590875971786194327e+02
4.591875971786194555e+02
4.592875971786194782e+02
4.593875971786195009e+02
4.594875971786195237e+02
4.595875971786195464e+02
4.596875971786195691e+02
4.597875971786195919e+02
4.598875971786196146e+02
4.599875971786196374e+02
4.600875971786196601e+02
4.601875971786196828e+02
4.602875971786197056e+02
4.603875971786197283e+02
4.604875971786197510e+02
4.605875971786197738e+02
4.606875971786197965e+02
4.607875971786198193e+02
4.608875971786198420e+02
4.609875971786198647e+02
4.610875971786198875e+02
4.611875971786199102e+02
4.612875971786199329e+02
4.613875971786199557e+02
4.614875971786199784e+02
4.615875971786200012e+02
4.616875971786200239e+02
4.617875971786200466e+02
4.618875971786200694e+02
4.619875971786200921e+02
4.620875971786201148e+02
4.621875971786201376e+02
4.622875971786201603e+02
4.623875971786201831e+02
4.624875971786202058e+02
4.625875971786202285e+02
4.626875971786202513e+02
4.627875971786202740e+02
4.628875971786202967e+02
4.629875971786203195e+02
4.630875971786203422e+02
4.631875971786203650e+02
4.632875971786203877e+02
4.633875971786204104e+02
4.634875971786204332e+02
4.635875971786204559e+02
4.636875971786204786e+02
4.637875971786205014e+02
4.638875971786205241e+02
4.639875971786205469e+02
4.640875971786205696e+02
4.641875971786205923e+02
4.642875971786206151e+02
4.643875971786206378e+02
4.644875971786206605e+02
4.645875971786206833e+02
4.646875971786207060e+02
4.647875971786207288e+02
4.648875971786207515e+02
4.649875971786207742e+02
4.650875971786207970e+02
4.651875971786208197e+02
4.652875971786208424e+02
4.653875971786208652e+02
4.654875971786208879e+02
4.655875971786209107e+02
4.656875971786209334e+02
4.657875971786209561e+02
4.658875971786209789e+02
4.659875971786210016e+02
4.660875971786210243e+02
4.661875971786210471e+02
4.662875971786210698e+02
4.663875971786210926e+02
4.664875971786211153e+02
4.665875971786211380e+02
4.666875971786211608e+02
4.667875971786211835e+02
4.668875971786212062e+02
4.669875971786212290e+02
4.670875971786212517e+02
4.671875971786212745e+02
4.672875971786212972e+02
4.673875971786213199e+02
4.674875971786213427e+02
4.675875971786213654e+02
4.676875971786213881e+02
4.677875971786214109e+02
4.678875971786214336e+02
4.679875971786214564e+02
4.680875971786214791e+02
4.681875971786215018e+02
4.682875971786215246e+02
4.683875971786215473e+02
4.684875971786215700e+02
4.685875971786215928e+02
4.686875971786216155e+02
4.687875971786216382e+02
4.688875971786216610e+02
4.689875971786216837e+02
4.690875971786217065e+02
4.691875971786217292e+02
4.692875971786217519e+02
4.693875971786217747e+02
4.694875971786217974e+02
4.695875971786218201e+02
4.696875971786218429e+02
4.697875971786218656e+02
4.698875971786218884e+02
4.699875971786219111e+02
4.700875971786219338e+02
4.701875971786219566e+02
4.702875971786219793e+02
4.703875971786220020e+02
4.704875971786220248e+02
4.705875971786220475e+02
4.706875971786220703e+02
4.707875971786220930e+02
4.708875971786221157e+02
4.709875971786221385e+02
4.710875971786221612e+02
4.711875971786221839e+02
4.712875971786222067e+02
4.713875971786222294e+02
4.714875971786222522e+02
4.715875971786222749e+02
4.716875971786222976e+02
4.717875971786223204e+02
4.718875971786223431e+02
4.719875971786223658e+02
4.720875971786223886e+02
4.721875971786224113e+02
4.722875971786224341e+02
4.723875971786224568e+02
4.724875971786224795e+02
4.725875971786225023e+02
4.726875971786225250e+02
4.727875971786225477e+02
4.728875971786225705e+02
4.729875971786225932e+02
4.730875971786226160e+02
4.731875971786226387e+02
4.732875971786226614e+02
4.733875971786226842e+02
4.734875971786227069e+02
4.735875971786227296e+02
4.736875971786227524e+02
4.737875971786227751e+02
4.738875971786227979e+02
4.739875971786228206e+02
4.740875971786228433e+02
4.741875971786228661e+02
4.742875971786228888e+02
4.743875971786229115e+02
4.744875971786229343e+02
4.745875971786229570e+02
4.746875971786229798e+02
4.747875971786230025e+02
4.748875971786230252e+02
4.749875971786230480e+02
4.750875971786230707e+02
4.751875971786230934e+02
4.752875971786231162e+02
4.753875971786231389e+02
4.754875971786231617e+02
4.755875971786231844e+02
4.756875971786232071e+02
4.757875971786232299e+02
4.758875971786232526e+02
4.759875971786232753e+02
4.760875971786232981e+02
4.761875971786233208e+02
4.762875971786233436e+02
4.763875971786233663e+02
4.764875971786233890e+02
4.765875971786234118e+02
4.766875971786234345e+02
4.767875971786234572e+02
4.768875971786234800e+02
4.769875971786235027e+02
4.770875971786235255e+02
4.771875971786235482e+02
4.772875971786235709e+02
4.773875971786235937e+02
4.774875971786236164e+02
4.775875971786236391e+02
4.776875971786236619e+02
4.777875971786236846e+02
4.778875971786237074e+02
4.779875971786237301e+02
4.780875971786237528e+02
4.781875971786237756e+02
4.782875971786237983e+02
4.783875971786238210e+02
4.784875971786238438e+02
4.785875971786238665e+02
4.786875971786238892e+02
4.787875971786239120e+02
4.788875971786239347e+02
4.789875971786239575e+02
4.790875971786239802e+02
4.791875971786240029e+02
4.792875971786240257e+02
4.793875971786240484e+02
4.794875971786240711e+02
4.795875971786240939e+02
4.796875971786241166e+02
4.797875971786241394e+02
4.798875971786241621e+02
4.799875971786241848e+02
4.800875971786242076e+02
4.801875971786242303e+02
4.802875971786242530e+02
4.803875971786242758e+02
4.804875971786242985e+02
4.805875971786243213e+02
4.806875971786243440e+02
4.807875971786243667e+02
4.808875971786243895e+02
4.809875971786244122e+02
4.810875971786244349e+02
4.811875971786244577e+02
4.812875971786244804e+02
4.813875971786245032e+02
4.814875971786245259e+02
4.815875971786245486e+02
4.816875971786245714e+02
4.817875971786245941e+02
4.818875971786246168e+02
4.819875971786246396e+02
4.820875971786246623e+02
4.821875971786246851e+02
4.822875971786247078e+02
4.823875971786247305e+02
4.824875971786247533e+02
4.825875971786247760e+02
4.826875971786247987e+02
4.827875971786248215e+02
4.828875971786248442e+02
4.829875971786248670e+02
4.830875971786248897e+02
4.831875971786249124e+02
4.832875971786249352e+02
4.833875971786249579e+02
4.834875971786249806e+02
4.835875971786250034e+02
4.836875971786250261e+02
4.837875971786250489e+02
4.838875971786250716e+02
4.839875971786250943e+02
4.840875971786251171e+02
4.841875971786251398e+02
4.842875971786251625e+02
4.843875971786251853e+02
4.844875971786252080e+02
4.845875971786252308e+02
4.846875971786252535e+02
4.847875971786252762e+02
4.848875971786252990e+02
4.849875971786253217e+02
4.850875971786253444e+02
4.851875971786253672e+02
4.852875971786253899e+02
4.853875971786254127e+02
4.854875971786254354e+02
4.855875971786254581e+02
4.856875971786254809e+02
4.857875971786255036e+02
4.858875971786255263e+02
4.859875971786255491e+02
4.860875971786255718e+02
4.861875971786255946e+02
4.862875971786256173e+02
4.863875971786256400e+02
4.864875971786256628e+02
4.865875971786256855e+02
4.866875971786257082e+02
4.867875971786257310e+02
4.868875971786257537e+02
4.869875971786257765e+02
4.870875971786257992e+02
4.871875971786258219e+02
4.872875971786258447e+02
4.873875971786258674e+02
4.874875971786258901e+02
4.875875971786259129e+02
4.876875971786259356e+02
4.877875971786259583e+02
4.878875971786259811e+02
4.879875971786260038e+02
4.880875971786260266e+02
4.881875971786260493e+02
4.882875971786260720e+02
4.883875971786260948e+02
4.884875971786261175e+02
4.885875971786261402e+02
4.886875971786261630e+02
4.887875971786261857e+02
4.888875971786262085e+02
4.889875971786262312e+02
4.890875971786262539e+02
4.891875971786262767e+02
4.892875971786262994e+02
4.893875971786263221e+02
4.894875971786263449e+02
4.895875971786263676e+02
4.896875971786263904e+02
4.897875971786264131e+02
4.898875971786264358e+02
4.899875971786264586e+02
4.900875971786264813e+02
4.901875971786265040e+02
4.902875971786265268e+02
4.903875971786265495e+02
4.904875971786265723e+02
4.905875971786265950e+02
4.906875971786266177e+02
4.907875971786266405e+02
4.908875971786266632e+02
4.909875971786266859e+02
4.910875971786267087e+02
4.911875971786267314e+02
4.912875971786267542e+02
4.913875971786267769e+02
4.914875971786267996e+02
4.915875971786268224e+02
4.916875971786268451e+02
4.917875971786268678e+02
4.918875971786268906e+02
4.919875971786269133e+02
4.920875971786269361e+02
4.921875971786269588e+02
4.922875971786269815e+02
4.923875971786270043e+02
4.924875971786270270e+02
4.925875971786270497e+02
4.926875971786270725e+02
4.927875971786270952e+02
4.928875971786271180e+02
4.929875971786271407e+02
4.930875971786271634e+02
4.931875971786271862e+02
4.932875971786272089e+02
4.933875971786272316e+02
4.934875971786272544e+02
4.935875971786272771e+02
4.936875971786272999e+02
4.937875971786273226e+02
4.938875971786273453e+02
4.939875971786273681e+02
4.940875971786273908e+02
4.941875971786274135e+02
4.942875971786274363e+02
4.943875971786274590e+02
4.944875971786274818e+02
4.945875971786275045e+02
4.946875971786275272e+02
4.947875971786275500e+02
4.948875971786275727e+02
4.949875971786275954e+02
4.950875971786276182e+02
4.951875971786276409e+02
4.952875971786276637e+02
4.953875971786276864e+02
4.954875971786277091e+02
4.955875971786277319e+02
4.956875971786277546e+02
4.957875971786277773e+02
4.958875971786278001e+02
4.959875971786278228e+02
4.960875971786278456e+02
4.961875971786278683e+02
4.962875971786278910e+02
4.963875971786279138e+02
4.964875971786279365e+02
4.965875971786279592e+02
4.966875971786279820e+02
4.967875971786280047e+02
4.968875971786280275e+02
4.969875971786280502e+02
4.970875971786280729e+02
4.971875971786280957e+02
4.972875971786281184e+02
4.973875971786281411e+02
4.974875971786281639e+02
4.975875971786281866e+02
4.976875971786282093e+02
4.977875971786282321e+02
4.978875971786282548e+02
4.979875971786282776e+02
4.980875971786283003e+02
4.981875971786283230e+02
4.982875971786283458e+02
4.983875971786283685e+02
4.984875971786283912e+02
4.985875971786284140e+02
4.986875971786284367e+02
4.987875971786284595e+02
4.988875971786284822e+02
4.989875971786285049e+02
4.990875971786285277e+02
4.991875971786285504e+02
4.992875971786285731e+02
4.993875971786285959e+02
4.994875971786286186e+02
4.995875971786286414e+02
4.996875971786286641e+02
4.997875971786286868e+02
4.998875971786287096e+02
4.999875971786287323e+02
5.000000000000000000e+02
