0.000000000000000000e+00
1.525461560051968868e-03
3.049283603933849833e-03
6.093650747520613052e-03
9.131468964231271440e-03
1.216274795516572062e-02
4.211798130632171677e-02
7.143010971883199944e-02
1.001090070708467866e-01
1.281646847847394688e-01
2.120177236780335095e-01
2.901809719305423196e-01
3.629637210286200122e-01
4.306696911123775173e-01
4.935944495976662405e-01
5.765410585936847632e-01
6.509376775201489718e-01
7.175429892191935721e-01
7.770596303723226184e-01
8.301349089610916554e-01
8.400301590532729401e-01
8.496961762618919778e-01
8.505681370126818575e-01
8.514382241368227966e-01
8.523064409703832167e-01
8.540372759719199180e-01
8.557606693986270496e-01
8.561043095230489453e-01
8.564476543538869224e-01
8.571337502759412974e-01
8.571649857321439470e-01
8.571962188108415148e-01
8.572586798758532467e-01
8.572681081974949935e-01
8.572775363176199370e-01
8.572776037614809885e-01
8.572775385117032965e-01
8.572774732619353744e-01
8.572774080121707829e-01
8.572773427624142961e-01
8.572772122629094271e-01
8.572770817634223217e-01
8.572769512639579759e-01
8.572756462705634073e-01
8.572743412794392448e-01
8.572730362905854884e-01
8.572599865269214803e-01
8.572469369902967484e-01
8.572338876807072960e-01
8.572208385981494594e-01
8.570903602584041270e-01
8.569599046173540513e-01
8.568294716709679015e-01
8.566990614152142358e-01
8.553962059561921460e-01
8.540956151316845268e-01
8.527972849225972096e-01
8.515012113169355690e-01
8.502073903098607000e-01
8.422174940907375396e-01
8.343134798928890650e-01
8.264944049842334328e-01
8.187593370134764736e-01
8.111073538944261196e-01
8.035375436929166337e-01
7.960490045150760974e-01
7.886408443967352078e-01
7.813121811940562100e-01
7.740621424753643121e-01
7.668898654141715898e-01
7.597944966833792835e-01
7.527751923506456055e-01
7.458311177749058496e-01
7.389614475040316988e-01
7.321653651736200752e-01
7.254420634068938778e-01
7.187907437157075030e-01
7.122106164019562646e-01
7.057009004611434211e-01
6.992608234894439612e-01
6.928896215850839368e-01
6.865865392558960778e-01
6.803508293268570872e-01
6.741817528484793653e-01
6.680785790062091500e-01
6.620405850308250795e-01
6.560670561098230769e-01
6.501572855149374552e-01
6.443105739731674886e-01
6.385262299097655969e-01
6.328035694725964166e-01
6.271419163374235550e-01
6.215406016251455723e-01
6.159989638198080097e-01
6.105163486874998213e-01
6.050921091961459775e-01
5.997256054361836952e-01
5.944162045421114149e-01
5.891632806149035284e-01
5.839662146452783142e-01
5.788243944378118622e-01
5.737372145358875519e-01
5.687040761474726480e-01
5.637243870717123517e-01
5.587975616263317624e-01
5.539230205758386427e-01
5.491001910605163294e-01
5.443285065261986855e-01
5.396074066548196546e-01
5.349363372957263163e-01
5.303147503977494459e-01
5.257421039420226982e-01
5.212178618755408666e-01
5.167414940454505556e-01
5.123124761340647204e-01
5.079302892360775257e-01
5.035944209581344477e-01
4.993043640631439350e-01
4.950596168978801392e-01
4.908596833705348161e-01
4.867040729984477565e-01
4.825923004718671860e-01
4.785238858225332459e-01
4.744983544405781961e-01
4.705152366149265575e-01
4.665740685286467460e-01
4.626743910319004449e-01
4.588157500289709034e-01
4.549976964579467431e-01
4.512197861987954361e-01
4.474815800190926618e-01
4.437826435201744912e-01
4.401225470838957543e-01
4.365008658199776015e-01
4.329171795139354906e-01
4.293710725755799373e-01
4.258621339880848122e-01
4.223899572576166328e-01
4.189541403635190231e-01
4.155542857106385712e-01
4.121900000760440053e-01
4.088608945644036097e-01
4.055665845609587317e-01
4.023066896827484640e-01
3.990808337323558663e-01
3.958886446518602997e-01
3.927297544772459514e-01
3.896037992933134020e-01
3.865104191890861296e-01
3.834492582137094541e-01
3.804199643328347591e-01
3.774221893854844412e-01
3.744555890413914234e-01
3.715198227588092927e-01
3.686145537427868435e-01
3.657394489039021979e-01
3.628941788174511740e-01
3.600784176830862382e-01
3.572918432848988246e-01
3.545341369519419139e-01
3.518049835191877639e-01
3.491040712889151854e-01
3.464310919925221999e-01
3.437857407527595832e-01
3.411677160463802982e-01
3.385767196672004875e-01
3.360124566895671405e-01
3.334746354322278283e-01
3.309629674225996188e-01
3.284771673614302889e-01
3.260169530878491706e-01
3.235820455448038535e-01
3.211721687448759188e-01
3.187870497364748146e-01
3.164264185704032117e-01
3.140900082667908433e-01
3.117775547823929960e-01
3.094887969782482706e-01
3.072234765876935558e-01
3.049813381847309435e-01
3.027621291527427538e-01
3.005655996535519514e-01
2.983915025968225110e-01
2.962395936097974580e-01
2.941096310073698650e-01
2.920013757624839168e-01
2.899145914768616050e-01
2.878490443520520525e-01
2.858045031607997499e-01
2.837807392187280398e-01
2.817775263563350174e-01
2.797946408912970195e-01
2.778318616010779230e-01
2.758889696958396476e-01
2.739657487916519196e-01
2.720619848839958554e-01
2.701774663215603112e-01
2.683119837803268348e-01
2.664653302379396127e-01
2.646373009483580785e-01
2.628276934167886880e-01
2.610363073748925844e-01
2.592629447562668776e-01
2.575074096721953198e-01
2.557695083876667663e-01
2.540490492976569814e-01
2.523458429036726236e-01
2.506597017905530800e-01
2.489904406035277906e-01
2.473378760255263153e-01
2.457018267547385892e-01
2.440821134824222860e-01
2.424785588709542083e-01
2.408909875321239569e-01
2.393192260056665743e-01
2.377631027380313622e-01
2.362224480613849820e-01
2.346970941728454829e-01
2.331868751139453133e-01
2.316916267503204563e-01
2.302111867516231369e-01
2.287453945716561576e-01
2.272940914287256420e-01
2.258571202862104943e-01
2.244343258333457158e-01
2.230255544662175793e-01
2.216306542689676917e-01
2.202494749952048636e-01
2.188818680496208979e-01
2.175276864698095225e-01
2.161867849082850790e-01
2.148590196146997755e-01
2.135442484182563105e-01
2.122423307103147305e-01
2.109531274271903012e-01
2.096765010331414492e-01
2.084123155035447206e-01
2.071604363082550082e-01
2.059207303951494095e-01
2.046930661738520785e-01
2.034773134996383792e-01
2.022733436575162858e-01
2.010810293464834753e-01
1.999002446639573383e-01
1.987308650903767404e-01
1.975727674739733986e-01
1.964258300157110115e-01
1.952899322543901750e-01
1.941649550519173317e-01
1.930507805787363140e-01
1.919472922994199249e-01
1.908543749584204197e-01
1.897719145659771678e-01
1.886997983841789406e-01
1.876379149131803536e-01
1.865861538775698825e-01
1.855444062128878691e-01
1.845125640522933264e-01
1.834905207133773475e-01
1.824781706851219543e-01
1.814754096150023588e-01
1.804821342962317776e-01
1.794982426551459953e-01
1.785236337387275940e-01
1.775582077022671568e-01
1.766018657971606398e-01
1.756545103588408596e-01
1.747160447948422624e-01
1.737863735729969494e-01
1.728654022097605991e-01
1.719530372586673961e-01
1.710491862989116374e-01
1.701537579240555154e-01
1.692666617308608012e-01
1.683878083082442356e-01
1.675171092263539330e-01
1.666544770257663011e-01
1.657998252068021983e-01
1.649530682189604414e-01
1.641141214504677759e-01
1.632829012179442540e-01
1.624593247561818554e-01
1.616433102080362949e-01
1.608347766144297974e-01
1.600336439044640902e-01
1.592398328856423351e-01
1.584532652341986980e-01
1.576738634855345267e-01
1.569015510247596668e-01
1.561362520773383056e-01
1.553778916998374560e-01
1.546263957707776360e-01
1.538816909815842182e-01
1.531437048276383939e-01
1.524123655994266691e-01
1.516876023737883106e-01
1.509693450052582431e-01
1.502575241175063692e-01
1.495520710948704812e-01
1.488529180739826541e-01
1.481599979354877583e-01
1.474732442958535117e-01
1.467925914992703473e-01
1.461179746096407106e-01
1.454493294026565353e-01
1.447865923579639003e-01
1.441297006514143386e-01
1.434785921474008852e-01
1.428332053912791944e-01
1.421934796018715919e-01
1.415593546640540323e-01
1.409307711214246583e-01
1.403076701690529338e-01
1.396899936463087966e-01
1.390776840297706651e-01
1.384706844262118819e-01
1.378689385656639010e-01
1.372723907945563315e-01
1.366809860689322531e-01
1.360946699477383892e-01
1.355133885861892207e-01
1.349370887292040133e-01
1.343657177049162876e-01
1.337992234182547868e-01
1.332375543445950550e-01
1.326806595234809039e-01
1.321284885524151576e-01
1.315809915807187591e-01
1.310381193034574898e-01
1.304998229554354405e-01
1.299660543052549577e-01
1.294367656494417873e-01
1.289119098066348057e-01
1.283914401118401161e-01
1.278753104107481220e-01
1.273634750541133842e-01
1.268558888921960670e-01
1.263525072692650575e-01
1.258532860181613144e-01
1.253581814549211693e-01
1.248671503734588573e-01
1.243801500403076687e-01
1.238971381894188178e-01
1.234180730170179457e-01
1.229429131765178845e-01
1.224716177734878064e-01
1.220041463606774679e-01
1.215404589330964930e-01
1.210805159231477246e-01
1.206242781958142829e-01
1.201717070438994145e-01
1.197227641833191192e-01
1.192774117484462354e-01
1.188356122875061094e-01
1.183973287580227934e-01
1.179625245223155650e-01
1.175311633430447950e-01
1.171032093788071660e-01
1.166786271797790875e-01
1.162573816834085033e-01
1.158394382101536474e-01
1.154247624592692478e-01
1.150133205046386387e-01
1.146050787906522372e-01
1.142000041281310552e-01
1.137980636902953258e-01
1.133992250087774295e-01
1.130034559696787011e-01
1.126107248096699376e-01
1.122210001121342754e-01
1.118342508033532828e-01
1.114504461487344084e-01
1.110695557490804092e-01
1.106915495368997193e-01
1.103163977727572437e-01
1.099440710416658140e-01
1.095745402495169468e-01
1.092077766195511390e-01
1.088437516888668827e-01
1.084824373049684265e-01
1.081238056223511185e-01
1.077678290991248150e-01
1.074144804936740111e-01
1.070637328613551625e-01
1.067155595512302574e-01
1.063699342028361500e-01
1.060268307429897000e-01
1.056862233826281472e-01
1.053480866136840555e-01
1.050123952059947990e-01
1.046791242042461600e-01
1.043482489249494272e-01
1.040197449534518703e-01
1.036935881409802446e-01
1.033697546017165597e-01
1.030482207099063519e-01
1.027289630969986933e-01
1.024119586488176359e-01
1.020971845027648789e-01
1.017846180450532462e-01
1.014742369079706108e-01
1.011660189671739207e-01
1.008599423390130478e-01
1.005559853778841967e-01
1.002541266736122760e-01
9.995434504886224758e-02
9.965661955657895144e-02
9.936092947745508996e-02
9.906725431742711974e-02
9.877557380519864927e-02
9.848586788979134254e-02
9.819811673812246788e-02
9.791230073260931421e-02
9.762840046880005840e-02
9.734639675303048689e-02
9.706627060010676600e-02
9.678800323101355296e-02
9.651157607064742017e-02
9.623697074557534259e-02
9.596416908181759631e-02
9.569315310265533170e-02
9.542390502646219685e-02
9.515640726455984466e-02
9.489064241909701825e-02
9.462659328095204825e-02
9.436424282765837335e-02
9.410357422135302852e-02
9.384457080674767082e-02
9.358721610912180966e-02
9.333149383233836638e-02
9.307738785688091099e-02
9.282488223791261761e-02
9.257396120335655010e-02
9.232460915199709739e-02
9.207681065160223943e-02
9.183055043706667142e-02
9.158581340857517572e-02
9.134258462978640802e-02
9.110084932603637609e-02
9.086059288256216615e-02
9.062180084274477909e-02
9.038445890637161750e-02
9.014855292791795760e-02
8.991406891484735042e-02
8.968099302593084132e-02
8.944931156958452201e-02
8.921901100222565106e-02
8.899007792664652416e-02
8.876249909040656583e-02
8.853626138424197656e-02
8.831135184049292153e-02
8.808775763154802485e-02
8.786546606830604456e-02
8.764446459865429806e-02
8.742474080596422670e-02
8.720628240760303074e-02
8.698907725346215203e-02
8.677311332450164671e-02
8.655837873131069782e-02
8.634486171268403176e-02
8.613255063421385027e-02
8.592143398689755518e-02
8.571150038576039187e-02
8.550273856849358034e-02
8.529513739410743423e-02
8.508868584159905157e-02
8.488337300863495194e-02
8.467918811024807701e-02
8.447612047754918252e-02
8.427415955645239931e-02
8.407329490641481107e-02
8.387351619918996526e-02
8.367481321759502599e-02
8.347717585429161036e-02
8.328059411057996131e-02
8.308505809520640162e-02
8.289055802318397170e-02
8.269708421462594605e-02
8.250462709359238089e-02
8.231317718694917962e-02
8.212272512323970375e-02
8.193326163156910980e-02
8.174477754050051004e-02
8.155726377696365104e-02
8.137071136517547154e-02
8.118511142557252591e-02
8.100045517375520365e-02
8.081673391944357854e-02
8.063393906544466527e-02
8.045206210663123636e-02
8.027109462893154690e-02
8.009102830833064735e-02
7.991185490988228501e-02
7.973356628673178292e-02
7.955615437914993759e-02
7.937961121357711702e-02
7.920392890167826661e-02
7.902909963940803195e-02
7.885511570608645660e-02
7.868196946347809362e-02
7.850965335489165642e-02
7.833815990431204634e-02
7.816748171547933943e-02
7.799761147102547698e-02
7.782854193161084511e-02
7.766026593506866749e-02
7.749277639555890440e-02
7.732606630273154702e-02
7.716012872089886288e-02
7.699495678821710598e-02
7.683054371587688669e-02
7.666688278730272865e-02
7.650396735736129938e-02
7.634179085157834221e-02
7.618034676536428185e-02
7.601962866324840640e-02
7.585963017812129283e-02
7.570034501048579501e-02
7.554176692771616408e-02
7.538388976332523195e-02
7.522670741623987967e-02
7.507021385008433301e-02
7.491440309247131280e-02
7.475926923430115112e-02
7.460480642906842930e-02
7.445100889217637352e-02
7.429787090025881391e-02
7.414538679050947101e-02
7.399355096001881960e-02
7.384235786511803012e-02
7.369180202073023767e-02
7.354187799972911055e-02
7.339258043230414974e-02
7.324390400533324630e-02
7.309584346176199732e-02
7.294839359998993300e-02
7.280154927326350223e-02
7.265530538907556679e-02
7.250965690857182067e-02
7.236459884596344039e-02
7.222012626794638290e-02
7.207623429312694230e-02
7.193291809145380133e-02
7.179017288365618921e-02
7.164799394068821492e-02
7.150637658317944567e-02
7.136531618089139717e-02
7.122480815218004691e-02
7.108484796346439816e-02
7.094543112870058121e-02
7.080655320886210247e-02
7.066820981142550584e-02
7.053039658986194615e-02
7.039310924313413320e-02
7.025634351519900733e-02
7.012009519451575801e-02
6.998436011355928243e-02
6.984913414833905654e-02
6.971441321792318235e-02
6.958019328396786163e-02
6.944647035025179604e-02
6.931324046221595814e-02
6.918049970650830272e-02
6.904824421053334937e-02
6.891647014200709409e-02
6.878517370851643109e-02
6.865435115708370950e-02
6.852399877373581416e-02
6.839411288307822856e-02
6.826468984787369132e-02
6.813572606862543235e-02
6.800721798316508582e-02
6.787916206624505788e-02
6.775155482913546023e-02
6.762439281922541512e-02
6.749767261962873188e-02
6.737139084879402440e-02
6.724554416011900571e-02
6.712012924156911253e-02
6.699514281530020987e-02
6.687058163728554216e-02
6.674644249694683396e-02
6.662272221678930406e-02
6.649941765204082922e-02
6.637652569029489635e-02
6.625404325115778759e-02
6.613196728589933182e-02
6.601029477710766702e-02
6.588902273834776335e-02
6.576814821382366560e-02
6.564766827804457971e-02
6.552758003549441490e-02
6.540788062030519767e-02
6.528856719593388591e-02
6.516963695484288832e-02
6.505108711818392841e-02
6.493291493548557225e-02
6.481511768434408682e-02
6.469769267011758751e-02
6.458063722562391862e-02
6.446394871084146216e-02
6.434762451261334670e-02
6.423166204435505622e-02
6.411605874576510600e-02
6.400081208253895204e-02
6.388591954608600909e-02
6.377137865324990218e-02
6.365718694603156314e-02
6.354334199131562999e-02
6.342984138059969135e-02
6.331668272972652833e-02
6.320386367861939581e-02
6.309138189102005134e-02
6.297923505422987900e-02
6.286742087885358043e-02
6.275593709854601632e-02
6.264478146976150408e-02
6.253395177150612716e-02
6.242344580509259083e-02
6.231326139389797153e-02
6.220339638312381847e-02
6.209384863955923206e-02
6.198461605134632235e-02
6.187569652774838058e-02
6.176708799892045160e-02
6.165878841568257079e-02
6.155079574929545050e-02
6.144310799123853944e-02
6.133572315299071209e-02
6.122863926581315758e-02
6.112185438053480829e-02
6.101536656734006525e-02
6.090917391555887572e-02
6.080327453345905908e-02
6.069766654804101269e-02
6.059234810483464517e-02
6.048731736769843298e-02
6.038257251862085007e-02
6.027811175752390699e-02
6.017393330206876473e-02
6.007003538746367999e-02
5.996641626627385868e-02
5.986307420823352293e-02
5.976000750005999729e-02
5.965721444526984885e-02
5.955469336399706048e-02
5.945244259281316779e-02
5.935046048454942907e-02
5.924874540812086199e-02
5.914729574835229930e-02
5.904610990580629742e-02
5.894518629661302245e-02
5.884452335230183628e-02
5.874411951963492279e-02
5.864397326044265557e-02
5.854408305146069358e-02
5.844444738416908203e-02
5.834506476463286601e-02
5.824593371334464004e-02
5.814705276506874909e-02
5.804842046868723127e-02
5.795003538704739110e-02
5.785189609681115619e-02
5.775400118830598811e-02
5.765634926537745869e-02
5.755893894524349852e-02
5.746176885835015818e-02
5.736483764822900705e-02
5.726814397135612106e-02
5.717168649701254157e-02
5.707546390714633017e-02
5.697947489623614997e-02
5.688371817115626949e-02
5.678819245104310687e-02
5.669289646716323822e-02
5.659782896278284237e-02
5.650298869303857496e-02
5.640837442480985120e-02
5.631398493659257182e-02
5.621981901837419526e-02
5.612587547151019068e-02
5.603215310860187176e-02
5.593865075337549342e-02
5.584536724056280571e-02
5.575230141578282894e-02
5.565945213542489861e-02
5.556681826653307038e-02
5.547439868669178098e-02
5.538219228391270260e-02
5.529019795652293651e-02
5.519841461305430297e-02
5.510684117213398431e-02
5.501547656237629202e-02
5.492431972227562048e-02
5.483336960010060102e-02
5.474262515378940791e-02
5.465208535084618152e-02
5.456174916823868654e-02
5.447161559229691391e-02
5.438168361861303590e-02
5.429195225194221458e-02
5.420242050610468709e-02
5.411308740388879462e-02
5.402395197695517709e-02
5.393501326574193927e-02
5.384627031937089942e-02
5.375772219555486481e-02
5.366936796050587183e-02
5.358120668884455706e-02
5.349323746351035413e-02
5.340545937567283546e-02
5.331787152464387280e-02
5.323047301779094270e-02
5.314326297045115360e-02
5.305624050584645257e-02
5.296940475499962303e-02
5.288275485665116377e-02
5.279628995717726425e-02
5.271000921050846000e-02
5.262391177825377631e-02
5.253799682910611363e-02
5.245226353907572053e-02
5.236671109151620762e-02
5.228133867649733396e-02
5.219614549217251737e-02
5.211113074309971921e-02
5.202629364077445556e-02
5.194163340360474085e-02
5.185714925678775594e-02
5.177284043223805837e-02
5.168870616851645866e-02
5.160474571075954198e-02
5.152095831061009185e-02
5.143734322614818000e-02
5.135389972182308194e-02
5.127062706838590722e-02
5.118752454282298608e-02
5.110459142828989443e-02
5.102182701404640169e-02
5.093923059539190445e-02
5.085680147360167186e-02
5.077453895586386823e-02
5.069244235521710995e-02
5.061051099048878565e-02
5.052874418623407027e-02
5.044714127267558440e-02
5.036570158564367128e-02
5.028442446651738146e-02
5.020330926216612366e-02
5.012235532489189155e-02
5.004156201237211499e-02
4.996092868760326072e-02
4.988045471884487020e-02
4.980013947956435372e-02
4.971998234838231195e-02
4.963998270901850973e-02
4.956013995023834245e-02
4.948045346580005888e-02
4.940092265440236552e-02
4.932154691963272497e-02
4.924232566991620930e-02
4.916325831846489469e-02
4.908434428322776266e-02
4.900558298684125347e-02
4.892697385658027059e-02
4.884851632430975421e-02
4.877020982643680280e-02
4.869205380386325277e-02
4.861404770193886865e-02
4.853619097041497049e-02
4.845848306339859551e-02
4.838092343930717326e-02
4.830351156082365177e-02
4.822624689485219968e-02
4.814912891247426913e-02
4.807215708890526240e-02
4.799533090345158015e-02
4.791864983946816925e-02
4.784211338431661187e-02
4.776572102932347824e-02
4.768947226973938025e-02
4.761336660469824705e-02
4.753740353717717665e-02
4.746158257395675928e-02
4.738590322558165757e-02
4.731036500632183200e-02
4.723496743413398841e-02
4.715971003062363609e-02
4.708459232100740272e-02
4.700961383407584876e-02
4.693477410215666362e-02
4.686007266107828501e-02
4.678550905013382361e-02
4.671108281204553597e-02
4.663679349292955412e-02
4.656264064226104532e-02
4.648862381283974665e-02
4.641474256075592969e-02
4.634099644544576596e-02
4.626738502943345682e-02
4.619390787843429685e-02
4.612056456136713611e-02
4.604735465027638003e-02
4.597427772030003579e-02
4.590133334963821671e-02
4.582852111952188945e-02
4.575584061418199594e-02
4.568329142081890143e-02
4.561087312957214784e-02
4.553858533349067206e-02
4.546642762850311437e-02
4.539439961338866125e-02
4.532250088974810326e-02
4.525073106197519818e-02
4.517908973722845056e-02
4.510757652540305085e-02
4.503619103910322385e-02
4.496493289361484791e-02
4.489380170687836541e-02
4.482279709946199869e-02
4.475191869453523652e-02
4.468116611784265363e-02
4.461053899767797315e-02
4.454003696485839270e-02
4.446965965269926435e-02
4.439940669698898279e-02
4.432927773596420651e-02
4.425927241028522474e-02
4.418939036301176848e-02
4.411963123957893945e-02
4.404999468777351379e-02
4.398048035771034286e-02
4.391108790180921900e-02
4.384181697477181061e-02
4.377266723355897893e-02
4.370363833736823356e-02
4.363472994761150026e-02
4.356594172789313157e-02
4.349727334398812567e-02
4.342872446382057411e-02
4.336029475744239414e-02
4.329198389701223448e-02
4.322379155677463780e-02
4.315571741303944608e-02
4.308776114416140723e-02
4.301992243051995513e-02
4.295220095449932274e-02
4.288459640046876631e-02
4.281710845476307398e-02
4.274973680566322015e-02
4.268248114337731131e-02
4.261534116002161504e-02
4.254831654960197079e-02
4.248140700799522135e-02
4.241461223293095661e-02
4.234793192397341699e-02
4.228136578250360489e-02
4.221491351170159750e-02
4.214857481652898447e-02
4.208234940371163163e-02
4.201623698172245874e-02
4.195023726076458487e-02
4.188434995275445299e-02
4.181857477130536405e-02
4.175291143171097619e-02
4.168735965092917189e-02
4.162191914756586258e-02
4.155658964185929977e-02
4.149137085566419192e-02
4.142626251243630708e-02
4.136126433721697832e-02
4.129637605661799771e-02
4.123159739880653818e-02
4.116692809349025567e-02
4.110236787190261337e-02
4.103791646678828925e-02
4.097357361238879170e-02
4.090933904442820013e-02
4.084521250009908594e-02
4.078119371804855148e-02
4.071728243836446326e-02
4.065347840256178236e-02
4.058978135356909600e-02
4.052619103571526021e-02
4.046270719471614652e-02
4.039932957766165234e-02
4.033605793300271136e-02
4.027289201053855378e-02
4.020983156140402193e-02
4.014687633805709421e-02
4.008402609426647140e-02
4.002128058509935027e-02
3.995863956690929447e-02
3.989610279732429959e-02
3.983367003523485134e-02
3.977134104078228205e-02
3.970911557534712033e-02
3.964699340153764184e-02
3.958497428317847566e-02
3.952305798529941877e-02
3.946124427412429914e-02
3.939953291705996369e-02
3.933792368268543976e-02
3.927641634074115901e-02
3.921501066211830616e-02
3.915370641884832054e-02
3.909250338409240438e-02
3.903140133213130192e-02
3.897040003835509220e-02
3.890949927925302365e-02
3.884869883240363309e-02
3.878799847646480226e-02
3.872739799116404341e-02
3.866689715728879179e-02
3.860649575667687849e-02
3.854619357220705200e-02
3.848599038778965226e-02
3.842588598835731950e-02
3.836588015985584188e-02
3.830597268923512100e-02
3.824616336444016523e-02
3.818645197440228428e-02
3.812683830903022819e-02
3.806732215920160395e-02
3.800790331675420186e-02
3.794858157447756480e-02
3.788935672610455052e-02
3.783022856630298414e-02
3.777119689066750496e-02
3.771226149571135777e-02
3.765342217885838533e-02
3.759467873843500701e-02
3.753603097366240565e-02
3.747747868464864490e-02
3.741902167238102261e-02
3.736065973871840334e-02
3.730239268638364108e-02
3.724422031895614771e-02
3.718614244086446141e-02
3.712815885737896782e-02
3.707026937460461413e-02
3.701247379947376903e-02
3.695477193973913110e-02
3.689716360396674832e-02
3.683964860152900977e-02
3.678222674259783165e-02
3.672489783813784325e-02
3.666766169989969099e-02
3.661051814041337005e-02
3.655346697298161862e-02
3.649650801167347164e-02
3.643964107131774516e-02
3.638286596749670809e-02
3.632618251653977476e-02
3.626959053551723211e-02
3.621308984223410576e-02
3.615668025522402601e-02
3.610036159374315629e-02
3.604413367776427429e-02
3.598799632797081149e-02
3.593194936575098974e-02
3.587599261319204813e-02
3.582012589307446981e-02
3.576434902886634765e-02
3.570866184471779142e-02
3.565306416545527268e-02
3.559755581657624013e-02
3.554213662424357545e-02
3.548680641528031976e-02
3.543156501716421269e-02
3.537641225802255762e-02
3.532134796662690646e-02
3.526637197238794569e-02
3.521148410535035467e-02
3.515668419618776797e-02
3.510197207619780019e-02
3.504734757729704303e-02
3.499281053201618724e-02
3.493836077349519315e-02
3.488399813547848199e-02
3.482972245231016201e-02
3.477553355892935849e-02
3.472143129086557867e-02
3.466741548423404873e-02
3.461348597573123825e-02
3.455964260263029442e-02
3.450588520277662191e-02
3.445221361458342124e-02
3.439862767702738661e-02
3.434512722964432052e-02
3.429171211252489415e-02
3.423838216631040071e-02
3.418513723218857131e-02
3.413197715188941855e-02
3.407890176768112872e-02
3.402591092236603026e-02
3.397300445927653456e-02
3.392018222227118768e-02
3.386744405573072214e-02
3.381478980455415034e-02
3.376221931415491345e-02
3.370973243045707890e-02
3.365732899989153093e-02
3.360500886939227910e-02
3.355277188639271130e-02
3.350061789882195079e-02
3.344854675510122027e-02
3.339655830414025445e-02
3.334465239533379588e-02
3.329282887855798678e-02
3.324108760416696895e-02
3.318942842298940737e-02
3.313785118632508325e-02
3.308635574594151474e-02
3.303494195407062628e-02
3.298360966340546652e-02
3.293235872709687762e-02
3.288118899875028950e-02
3.283010033242253489e-02
3.277909258261861580e-02
3.272816560428864346e-02
3.267731925282465338e-02
3.262655338405757999e-02
3.257586785425417575e-02
3.252526252011399277e-02
3.247473723876644763e-02
3.242429186776778910e-02
3.237392626509824622e-02
3.232364028915908627e-02
3.227343379876974894e-02
3.222330665316501530e-02
3.217325871199223919e-02
3.212328983530848836e-02
3.207339988357783833e-02
3.202358871766864540e-02
3.197385619885084740e-02
3.192420218879325061e-02
3.187462654956096236e-02
3.182512914361270567e-02
3.177570983379824493e-02
3.172636848335584625e-02
3.167710495590969622e-02
3.162791911546739693e-02
3.157881082641750270e-02
3.152977995352702900e-02
3.148082636193902384e-02
3.143194991717009057e-02
3.138315048510811889e-02
3.133442793200981458e-02
3.128578212449835416e-02
3.123721292956112977e-02
3.118872021454738644e-02
3.114030384716596350e-02
3.109196369548305680e-02
3.104369962791997048e-02
3.099551151325090001e-02
3.094739922060073950e-02
3.089936261944295839e-02
3.085140157959739143e-02
3.080351597122815005e-02
3.075570566484153029e-02
3.070797053128388604e-02
3.066031044173960288e-02
3.061272526772904068e-02
3.056521488110651094e-02
3.051777915405826450e-02
3.047041795910051393e-02
3.042313116907749068e-02
3.037591865715945708e-02
3.032878029684079810e-02
3.028171596193813056e-02
3.023472552658838797e-02
3.018780886524696436e-02
3.014096585268583733e-02
3.009419636399176395e-02
3.004750027456444192e-02
3.000087746011471587e-02
2.995432779666278716e-02
2.990785116053646525e-02
2.986144742836937746e-02
2.981511647709929325e-02
2.976885818396636171e-02
2.972267242651143934e-02
2.967655908257437955e-02
2.963051803029239858e-02
2.958454914809839978e-02
2.953865231471933944e-02
2.949282740917460316e-02
2.944707431077444107e-02
2.940139289911829559e-02
2.935578305409332345e-02
2.931024465587274766e-02
2.926477758491438305e-02
2.921938172195905764e-02
2.917405694802911037e-02
2.912880314442690619e-02
2.908362019273331295e-02
2.903850797480625814e-02
2.899346637277926131e-02
2.894849526905996992e-02
2.890359454632874733e-02
2.885876408753723990e-02
2.881400377590696837e-02
2.876931349492795054e-02
2.872469312835730995e-02
2.868014256021789166e-02
2.863566167479694724e-02
2.859125035664473319e-02
2.854690849057323412e-02
2.850263596165482360e-02
2.845843265522095961e-02
2.841429845686086614e-02
2.837023325242030158e-02
2.832623692800024726e-02
2.828230936995564798e-02
2.823845046489418739e-02
2.819466009967504239e-02
2.815093816140764801e-02
2.810728453745050051e-02
2.806369911540992912e-02
2.802018178313893382e-02
2.797673242873598490e-02
2.793335094054385029e-02
2.789003720714845064e-02
2.784679111737769011e-02
2.780361256030032882e-02
2.776050142522485525e-02
2.771745760169835870e-02
2.767448097950543293e-02
2.763157144866705550e-02
2.758872889943950885e-02
2.754595322231331508e-02
2.750324430801213971e-02
2.746060204749174033e-02
2.741802633193893279e-02
2.737551705277051564e-02
2.733307410163225704e-02
2.729069737039787474e-02
2.724838675116800571e-02
2.720614213626921379e-02
2.716396341825298710e-02
2.712185048989473532e-02
2.707980324419282867e-02
2.703782157436762298e-02
2.699590537386049177e-02
2.695405453633286166e-02
2.691226895566527222e-02
2.687054852595646345e-02
2.682889314152239746e-02
2.678730269689536675e-02
2.674577708682308180e-02
2.670431620626774472e-02
2.666291995040515755e-02
2.662158821462383071e-02
2.658032089452412594e-02
2.653911788591730922e-02
2.649797908482477357e-02
2.645690438747709192e-02
2.641589369031322604e-02
2.637494688997963840e-02
2.633406388332948378e-02
2.629324456742173841e-02
2.625248883952040202e-02
2.621179659709367213e-02
2.617116773781313563e-02
2.613060215955294308e-02
2.609009976038902806e-02
2.604966043859830924e-02
2.600928409265790622e-02
2.596897062124434857e-02
2.592871992323281943e-02
2.588853189769637492e-02
2.584840644390519124e-02
2.580834346132580143e-02
2.576834284962035634e-02
2.572840450864587528e-02
2.568852833845351735e-02
2.564871423928782868e-02
2.560896211158605537e-02
2.556927185597738725e-02
2.552964337328227779e-02
2.549007656451169820e-02
2.545057133086647827e-02
2.541112757373656730e-02
2.537174519470037845e-02
2.533242409552408786e-02
2.529316417816095813e-02
2.525396534475064445e-02
2.521482749761857003e-02
2.517575053927521497e-02
2.513673437241548472e-02
2.509777889991805094e-02
2.505888402484468883e-02
2.502004965043964912e-02
2.498127568012902325e-02
2.494256201752008753e-02
2.490390856640070996e-02
2.486531523073867364e-02
2.482678191468111126e-02
2.478830852255385284e-02
2.474989495886084287e-02
2.471154112828350541e-02
2.467324693568016813e-02
2.463501228608546909e-02
2.459683708470972174e-02
2.455872123693839115e-02
2.452066464833145207e-02
2.448266722462285813e-02
2.444472887171993125e-02
2.440684949570281342e-02
2.436902900282389081e-02
2.433126729950723169e-02
2.429356429234803827e-02
2.425591988811207425e-02
2.421833399373514092e-02
2.418080651632251513e-02
2.414333736314840106e-02
2.410592644165541684e-02
2.406857365945402893e-02
2.403127892432205259e-02
2.399404214420410714e-02
2.395686322721108860e-02
2.391974208161968055e-02
2.388267861587180588e-02
2.384567273857412725e-02
2.380872435849754401e-02
2.377183338457669604e-02
2.373499972590942947e-02
2.369822329175634568e-02
2.366150399154026002e-02
2.362484173484575428e-02
2.358823643141866322e-02
2.355168799116558881e-02
2.351519632415345618e-02
2.347876134060897235e-02
2.344238295091821342e-02
2.340606106562614225e-02
2.336979559543610196e-02
2.333358645120939961e-02
2.329743354396481003e-02
2.326133678487815257e-02
2.322529608528179842e-02
2.318931135666424392e-02
2.315338251066965947e-02
2.311750945909743504e-02
2.308169211390173614e-02
2.304593038719108047e-02
2.301022419122789042e-02
2.297457343842804200e-02
2.293897804136046589e-02
2.290343791274669291e-02
2.286795296546044812e-02
2.283252311252719977e-02
2.279714826712377768e-02
2.276182834257791873e-02
2.272656325236788177e-02
2.269135291012201044e-02
2.265619722961833074e-02
2.262109612478416590e-02
2.258604950969569578e-02
2.255105729857757868e-02
2.251611940580254545e-02
2.248123574589100740e-02
2.244640623351064346e-02
2.241163078347604282e-02
2.237690931074826431e-02
2.234224173043450681e-02
2.230762795778768598e-02
2.227306790820605953e-02
2.223856149723285255e-02
2.220410864055587241e-02
2.216970925400713402e-02
2.213536325356249557e-02
2.210107055534128381e-02
2.206683107560590898e-02
2.203264473076152127e-02
2.199851143735563966e-02
2.196443111207777021e-02
2.193040367175908001e-02
2.189642903337200158e-02
2.186250711402990682e-02
2.182863783098673918e-02
2.179482110163665637e-02
2.176105684351370070e-02
2.172734497429142791e-02
2.169368541178256712e-02
2.166007807393869819e-02
2.162652287884987007e-02
2.159301974474429550e-02
2.155956858998799713e-02
2.152616933308446057e-02
2.149282189267434293e-02
2.145952618753507735e-02
2.142628213658059541e-02
2.139308965886096980e-02
2.135994867356209859e-02
2.132685910000536519e-02
2.129382085764734353e-02
2.126083386607943368e-02
2.122789804502759475e-02
2.119501331435197714e-02
2.116217959404662757e-02
2.112939680423918387e-02
2.109666486519054182e-02
2.106398369729455683e-02
2.103135322107771085e-02
2.099877335719886259e-02
2.096624402644885546e-02
2.093376514975029204e-02
2.090133664815716982e-02
2.086895844285462098e-02
2.083663045515859319e-02
2.080435260651554777e-02
2.077212481850217174e-02
2.073994701282507944e-02
2.070781911132050720e-02
2.067574103595404278e-02
2.064371270882029916e-02
2.061173405214267521e-02
2.057980498827301913e-02
2.054792543969136479e-02
2.051609532900563679e-02
2.048431457895137989e-02
2.045258311239144672e-02
2.042090085231576535e-02
2.038926772184100969e-02
2.035768364421033580e-02
2.032614854279312516e-02
2.029466234108468284e-02
2.026322496270598419e-02
2.023183633140336612e-02
2.020049637104830501e-02
2.016920500563710097e-02
2.013796215929062466e-02
2.010676775625406046e-02
2.007562172089662200e-02
2.004452397771130240e-02
2.001347445131458624e-02
1.998247306644620677e-02
1.995151974796887523e-02
1.992061442086802761e-02
1.988975701025155404e-02
1.985894744134953163e-02
1.982818563951400243e-02
1.979747153021867503e-02
1.976680503905868871e-02
1.973618609175037744e-02
1.970561461413097154e-02
1.967509053215839646e-02
1.964461377191098132e-02
1.961418425958722997e-02
1.958380192150556767e-02
1.955346668410409827e-02
1.952317847394034397e-02
1.949293721769100943e-02
1.946274284215174233e-02
1.943259527423689056e-02
1.940249444097923506e-02
1.937244026952978163e-02
1.934243268715750072e-02
1.931247162124908809e-02
1.928255699930873229e-02
1.925268874895789614e-02
1.922286679793503567e-02
1.919309107409539542e-02
1.916336150541077948e-02
1.913367801996929130e-02
1.910404054597513585e-02
1.907444901174834909e-02
1.904490334572459670e-02
1.901540347645493817e-02
1.898594933260558046e-02
1.895654084295768371e-02
1.892717793640709412e-02
1.889786054196416001e-02
1.886858858875345782e-02
1.883936200601361854e-02
1.881018072309706413e-02
1.878104466946980966e-02
1.875195377471123442e-02
1.872290796851384248e-02
1.869390718068308921e-02
1.866495134113711069e-02
1.863604037990652246e-02
1.860717422713421831e-02
1.857835281307514130e-02
1.854957606809605822e-02
1.852084392267535837e-02
1.849215630740284194e-02
1.846351315297949103e-02
1.843491439021726491e-02
1.840635995003889538e-02
1.837784976347765775e-02
1.834938376167717655e-02
1.832096187589120698e-02
1.829258403748343711e-02
1.826425017792725550e-02
1.823596022880557763e-02
1.820771412181060658e-02
1.817951178874364915e-02
1.815135316151489722e-02
1.812323817214323007e-02
1.809516675275602351e-02
1.806713883558890357e-02
1.803915435298559383e-02
1.801121323739769339e-02
1.798331542138446176e-02
1.795546083761263845e-02
1.792764941885624172e-02
1.789988109799634311e-02
1.787215580802091822e-02
1.784447348202461078e-02
1.781683405320853494e-02
1.778923745488010175e-02
1.776168362045280405e-02
1.773417248344602223e-02
1.770670397748486113e-02
1.767927803629990718e-02
1.765189459372706188e-02
1.762455358370735789e-02
1.759725494028675091e-02
1.756999859761592883e-02
1.754278448995012091e-02
1.751561255164892777e-02
1.748848271717610633e-02
1.746139492109938587e-02
1.743434909809029112e-02
1.740734518292395144e-02
1.738038311047890652e-02
1.735346281573692251e-02
1.732658423378279772e-02
1.729974729980420997e-02
1.727295194909148068e-02
1.724619811703744995e-02
1.721948573913723371e-02
1.719281475098808493e-02
1.716618508828917852e-02
1.713959668684146911e-02
1.711304948254745856e-02
1.708654341141105718e-02
1.706007840953738947e-02
1.703365441313260675e-02
1.700727135850371372e-02
1.698092918205840185e-02
1.695462782030484131e-02
1.692836720985153517e-02
1.690214728740711825e-02
1.687596798978020091e-02
1.684982925387917482e-02
1.682373101671204990e-02
1.679767321538626693e-02
1.677165578710853797e-02
1.674567866918465903e-02
1.671974179901934351e-02
1.669384511411604877e-02
1.666798855207678870e-02
1.664217205060199850e-02
1.661639554749032299e-02
1.659065898063846051e-02
1.656496228804099635e-02
1.653930540779023628e-02
1.651368827807601566e-02
1.648811083718554685e-02
1.646257302350325608e-02
1.643707477551060656e-02
1.641161603178592499e-02
1.638619673100422114e-02
1.636081681193707685e-02
1.633547621345241702e-02
1.631017487451436737e-02
1.628491273418309487e-02
1.625968973161463771e-02
1.623450580606073182e-02
1.620936089686866519e-02
1.618425494348109395e-02
1.615918788543588974e-02
1.613415966236597665e-02
1.610917021399916466e-02
1.608421948015799352e-02
1.605930740075955585e-02
1.603443391581534441e-02
1.600959896543111688e-02
1.598480248980668761e-02
1.596004442923579583e-02
1.593532472410595299e-02
1.591064331489824152e-02
1.588600014218722115e-02
1.586139514664072075e-02
1.583682826901968571e-02
1.581229945017803562e-02
1.578780863106250126e-02
1.576335575271246847e-02
1.573894075625981159e-02
1.571456358292874778e-02
1.569022417403568778e-02
1.566592247098905211e-02
1.564165841528914955e-02
1.561743194852800547e-02
1.559324301238920046e-02
1.556909154864774027e-02
1.554497749916987880e-02
1.552090080591296897e-02
1.549686141092532395e-02
1.547285925634605055e-02
1.544889428440490708e-02
1.542496643742213673e-02
1.540107565780833403e-02
1.537722188806428178e-02
1.535340507078080535e-02
1.532962514863862175e-02
1.530588206440818694e-02
1.528217576094954670e-02
1.525850618121219783e-02
1.523487326823491812e-02
1.521127696514564150e-02
1.518771721516128624e-02
1.516419396158763186e-02
1.514070714781915079e-02
1.511725671733887139e-02
1.509384261371822869e-02
1.507046478061691355e-02
1.504712316178274251e-02
1.502381770105148430e-02
1.500054834234674887e-02
1.497731502967980348e-02
1.495411770714946686e-02
1.493095631894193406e-02
1.490783080933064282e-02
1.488474112267614002e-02
1.486168720342591863e-02
1.483866899611429278e-02
1.481568644536223819e-02
1.479273949587726206e-02
1.476982809245325733e-02
1.474695217997036220e-02
1.472411170339480921e-02
1.470130660777879510e-02
1.467853683826033165e-02
1.465580234006311558e-02
1.463310305849637241e-02
1.461043893895472984e-02
1.458780992691807027e-02
1.456521596795139727e-02
1.454265700770468461e-02
1.452013299191275662e-02
1.449764386639513028e-02
1.447518957705588513e-02
1.445277006988353145e-02
1.443038529095085759e-02
1.440803518641480506e-02
1.438571970251632283e-02
1.436343878558024416e-02
1.434119238201512873e-02
1.431898043831314644e-02
1.429680290104992472e-02
1.427465971688442713e-02
1.425255083255880934e-02
1.423047619489828559e-02
1.420843575081099167e-02
1.418642944728785993e-02
1.416445723140246846e-02
1.414251905031092479e-02
1.412061485125171503e-02
1.409874458154558585e-02
1.407690818859539880e-02
1.405510561988600367e-02
1.403333682298410663e-02
1.401160174553813149e-02
1.398990033527809825e-02
1.396823254001547561e-02
1.394659830764306829e-02
1.392499758613486259e-02
1.390343032354592230e-02
1.388189646801223261e-02
1.386039596775058211e-02
1.383892877105843966e-02
1.381749482631380518e-02
1.379609408197508998e-02
1.377472648658099527e-02
1.375339198875036653e-02
1.373209053718207895e-02
1.371082208065489520e-02
1.368958656802735097e-02
1.366838394823761786e-02
1.364721417030336989e-02
1.362607718332167241e-02
1.360497293646883467e-02
1.358390137900030922e-02
1.356286246025052537e-02
1.354185612963280418e-02
1.352088233663920405e-02
1.349994103084040456e-02
1.347903216188558323e-02
1.345815567950227852e-02
1.343731153349627880e-02
1.341649967375147835e-02
1.339572005022978025e-02
1.337497261297093676e-02
1.335425731209244869e-02
1.333357409778944229e-02
1.331292292033452694e-02
1.329230373007768765e-02
1.327171647744615317e-02
1.325116111294427287e-02
1.323063758715340051e-02
1.321014585073176061e-02
1.318968585441433750e-02
1.316925754901274170e-02
1.314886088541509027e-02
1.312849581458589050e-02
1.310816228756591859e-02
1.308786025547208423e-02
1.306758966949732315e-02
1.304735048091047386e-02
1.302714264105614937e-02
1.300696610135462783e-02
1.298682081330171899e-02
1.296670672846865664e-02
1.294662379850197026e-02
1.292657197512336181e-02
1.290655121012960170e-02
1.288656145539238997e-02
1.286660266285825395e-02
1.284667478454841992e-02
1.282677777255868991e-02
1.280691157905933936e-02
1.278707615629498355e-02
1.276727145658446833e-02
1.274749743232074344e-02
1.272775403597075673e-02
1.270804122007532580e-02
1.268835893724902693e-02
1.266870714018007715e-02
1.264908578163021630e-02
1.262949481443459247e-02
1.260993419150163546e-02
1.259040386581296300e-02
1.257090379042324207e-02
1.255143391846008302e-02
1.253199420312392509e-02
1.251258459768791846e-02
1.249320505549780455e-02
1.247385552997181714e-02
1.245453597460054879e-02
1.243524634294684156e-02
1.241598658864568293e-02
1.239675666540408089e-02
1.237755652700095292e-02
1.235838612728700978e-02
1.233924542018465312e-02
1.232013435968784716e-02
1.230105289986201111e-02
1.228200099484391510e-02
1.226297859884155177e-02
1.224398566613403745e-02
1.222502215107149071e-02
1.220608800807492650e-02
1.218718319163614172e-02
1.216830765631760070e-02
1.214946135675232589e-02
1.213064424764379035e-02
1.211185628376580323e-02
1.209309741996239529e-02
1.207436761114771655e-02
1.205566681230591485e-02
1.203699497849103871e-02
1.201835206482691591e-02
1.199973802650704247e-02
1.198115281879449066e-02
1.196259639702177725e-02
1.194406871659076629e-02
1.192556973297255810e-02
1.190709940170737655e-02
1.188865767840447014e-02
1.187024451874198368e-02
1.185185987846688015e-02
1.183350371339479679e-02
1.181517597940996353e-02
1.179687663246509199e-02
1.177860562858125230e-02
1.176036292384777943e-02
1.174214847442216388e-02
1.172396223652994070e-02
1.170580416646458885e-02
1.168767422058741151e-02
1.166957235532744760e-02
1.165149852718134343e-02
1.163345269271327288e-02
1.161543480855481078e-02
1.159744483140482882e-02
1.157948271802940188e-02
1.156154842526169527e-02
1.154364191000185197e-02
1.152576312921690244e-02
1.150791203994064663e-02
1.149008859927356206e-02
1.147229276438268067e-02
1.145452449250150724e-02
1.143678374092988934e-02
1.141907046703394268e-02
1.140138462824592282e-02
1.138372618206412619e-02
1.136609508605280171e-02
1.134849129784202583e-02
1.133091477512761930e-02
1.131336547567102571e-02
1.129584335729922479e-02
1.127834837790461092e-02
1.126088049544492035e-02
1.124343966794309410e-02
1.122602585348719990e-02
1.120863901023032121e-02
1.119127909639045480e-02
1.117394607025041543e-02
1.115663989015772475e-02
1.113936051452451940e-02
1.112210790182744172e-02
1.110488201060754604e-02
1.108768279947018945e-02
1.107051022708494155e-02
1.105336425218547518e-02
1.103624483356946927e-02
1.101915193009850996e-02
1.100208550069799347e-02
1.098504550435701159e-02
1.096803190012827015e-02
1.095104464712798494e-02
1.093408370453577243e-02
1.091714903159455956e-02
1.090024058761048485e-02
1.088335833195279954e-02
1.086650222405376003e-02
1.084967222340854111e-02
1.083286828957513021e-02
1.081609038217423713e-02
1.079933846088918480e-02
1.078261248546581730e-02
1.076591241571240275e-02
1.074923821149954481e-02
1.073258983276005607e-02
1.071596723948890079e-02
1.069937039174306131e-02
1.068279924964146872e-02
1.066625377336488656e-02
1.064973392315582412e-02
1.063323965931844452e-02
1.061677094221845537e-02
1.060032773228302035e-02
1.058390999000066376e-02
1.056751767592117516e-02
1.055115075065550870e-02
1.053480917487568946e-02
1.051849290931472850e-02
1.050220191476650307e-02
1.048593615208569252e-02
1.046969558218766028e-02
1.045348016604837060e-02
1.043728986470428451e-02
1.042112463925227647e-02
1.040498445084953559e-02
1.038886926071346493e-02
1.037277903012160177e-02
1.035671372041150999e-02
1.034067329298069167e-02
1.032465770928650030e-02
1.030866693084603498e-02
1.029270091923604850e-02
1.027675963609287618e-02
1.026084304311231099e-02
1.024495110204953242e-02
1.022908377471900415e-02
1.021324102299438555e-02
1.019742280880844496e-02
1.018162909415295039e-02
1.016585984107859497e-02
1.015011501169490148e-02
1.013439456817012176e-02
1.011869847273115519e-02
1.010302668766344981e-02
1.008737917531091904e-02
1.007175589807583933e-02
1.005615681841877558e-02
1.004058189885847704e-02
1.002503110197178540e-02
1.000950439039355669e-02
9.994001726816557213e-03
9.978523073991387229e-03
9.963068394726376856e-03
9.947637651887508009e-03
9.932230808398310323e-03
9.916847827239790025e-03
9.901488671450331056e-03
9.886153304125597924e-03
9.870841688418459381e-03
9.855553787538898214e-03
9.840289564753908896e-03
9.825048983387422996e-03
9.809832006820217234e-03
9.794638598489821546e-03
9.779468721890435812e-03
9.764322340572832715e-03
9.749199418144281412e-03
9.734099918268452126e-03
9.719023804665329405e-03
9.703971041111125392e-03
9.688941591438191350e-03
9.673935419534930927e-03
9.658952489345713419e-03
9.643992764870790504e-03
9.629056210166197366e-03
9.614142789343679829e-03
9.599252466570598954e-03
9.584385206069849505e-03
9.569540972119766273e-03
9.554719729054047747e-03
9.539921441261658974e-03
9.525146073186762166e-03
9.510393589328609149e-03
9.495663954241473706e-03
9.480957132534552703e-03
9.466273088871894961e-03
9.451611787972304113e-03
9.436973194609258805e-03
9.422357273610820760e-03
9.407763989859567119e-03
9.393193308292481156e-03
9.378645193900888091e-03
9.364119611730359685e-03
9.349616526880639641e-03
9.335135904505544729e-03
9.320677709812893660e-03
9.306241908064416882e-03
9.291828464575678515e-03
9.277437344715979209e-03
9.263068513908293694e-03
9.248721937629166695e-03
9.234397581408645278e-03
9.220095410830179972e-03
9.205815391530560582e-03
9.191557489199824252e-03
9.177321669581160052e-03
9.163107898470846530e-03
9.148916141718164974e-03
9.134746365225304005e-03
9.120598534947293654e-03
9.106472616891909955e-03
9.092368577119609024e-03
9.078286381743424713e-03
9.064225996928902684e-03
9.050187388894013682e-03
9.036170523909065055e-03
9.022175368296641781e-03
9.008201888431493706e-03
8.994250050740481769e-03
8.980319821702480859e-03
8.966411167848306954e-03
8.952524055760630387e-03
8.938658452073902985e-03
8.924814323474271338e-03
8.910991636699493526e-03
8.897190358538871469e-03
8.883410455833158983e-03
8.869651895474487194e-03
8.855914644406286465e-03
8.842198669623201404e-03
8.828503938171011062e-03
8.814830417146557809e-03
8.801178073697655396e-03
8.787546875023029974e-03
8.773936788372214274e-03
8.760347781045490362e-03
8.746779820393801169e-03
8.733232873818670694e-03
8.719706908772136347e-03
8.706201892756648339e-03
8.692717793325026310e-03
8.679254578080343105e-03
8.665812214675870997e-03
8.652390670814998422e-03
8.638989914251144972e-03
8.625609912787692013e-03
8.612250634277909822e-03
8.598912046624862179e-03
8.585594117781347387e-03
8.572296815749808063e-03
8.559020108582265224e-03
8.545763964380226341e-03
8.532528351294629831e-03
8.519313237525746180e-03
8.506118591323120690e-03
8.492944380985476341e-03
8.479790574860660013e-03
8.466657141345548809e-03
8.453544048885984138e-03
8.440451265976690182e-03
8.427378761161194096e-03
8.414326503031767032e-03
8.401294460229330463e-03
8.388282601443388525e-03
8.375290895411951694e-03
8.362319310921462190e-03
8.349367816806719383e-03
8.336436381950803470e-03
8.323524975284993938e-03
8.310633565788710583e-03
8.297762122489428516e-03
8.284910614462601824e-03
8.272079010831588988e-03
8.259267280767588690e-03
8.246475393489554814e-03
8.233703318264128795e-03
8.220951024405556348e-03
8.208218481275630224e-03
8.195505658283596534e-03
8.182812524886100974e-03
8.170139050587098620e-03
8.157485204937784534e-03
8.144850957536531322e-03
8.132236278028804125e-03
8.119641136107087764e-03
8.107065501510826028e-03
8.094509344026333195e-03
8.081972633486728119e-03
8.069455339771866575e-03
8.056957432808257991e-03
8.044478882569004730e-03
8.032019659073722298e-03
8.019579732388468218e-03
8.007159072625670906e-03
7.994757649944055078e-03
7.982375434548581034e-03
7.970012396690352718e-03
7.957668506666570885e-03
7.945343734820434212e-03
7.933038051541099409e-03
7.920751427263575395e-03
7.908483832468678199e-03
7.896235237682954627e-03
7.884005613478604207e-03
7.871794930473411528e-03
7.859603159330673383e-03
7.847430270759141527e-03
7.835276235512935936e-03
7.823141024391471951e-03
7.811024608239413441e-03
7.798926957946578260e-03
7.786848044447879265e-03
7.774787838723254060e-03
7.762746311797593876e-03
7.750723434740671575e-03
7.738719178667074865e-03
7.726733514736137780e-03
7.714766414151868687e-03
7.702817848162881766e-03
7.690887788062329353e-03
7.678976205187831687e-03
7.667083070921405785e-03
7.655208356689402124e-03
7.643352033962426580e-03
7.631514074255284913e-03
7.619694449126905578e-03
7.607893130180268595e-03
7.596110089062344840e-03
7.584345297464023181e-03
7.572598727120045427e-03
7.560870349808933473e-03
7.549160137352929449e-03
7.537468061617920261e-03
7.525794094513369066e-03
7.514138207992258033e-03
7.502500374051010272e-03
7.490880564729428259e-03
7.479278752110623575e-03
7.467694908320950987e-03
7.456129005529940797e-03
7.444581015950234651e-03
7.433050911837513555e-03
7.421538665490437156e-03
7.410044249250572618e-03
7.398567635502327836e-03
7.387108796672890720e-03
7.375667705232156340e-03
7.364244333692663604e-03
7.352838654609530206e-03
7.341450640580380639e-03
7.330080264245292417e-03
7.318727498286717141e-03
7.307392315429423260e-03
7.296074688440425809e-03
7.284774590128921361e-03
7.273491993346230776e-03
7.262226870985721144e-03
7.250979195982747670e-03
7.239748941314588619e-03
7.228536080000379400e-03
7.217340585101047513e-03
7.206162429719247496e-03
7.195001586999297608e-03
7.183858030127112174e-03
7.172731732330142607e-03
7.161622666877305414e-03
7.150530807078924085e-03
7.139456126286664907e-03
7.128398597893468441e-03
7.117358195333489679e-03
7.106334892082031250e-03
7.095328661655482712e-03
7.084339477611251157e-03
7.073367313547707438e-03
7.062412143104110709e-03
7.051473939960558115e-03
7.040552677837909334e-03
7.029648330497727596e-03
7.018760871742223302e-03
7.007890275414182038e-03
6.997036515396903855e-03
6.986199565614143424e-03
6.975379400030046716e-03
6.964575992649083350e-03
6.953789317515992816e-03
6.943019348715713350e-03
6.932266060373326426e-03
6.921529426653988230e-03
6.910809421762876756e-03
6.900106019945117207e-03
6.889419195485732561e-03
6.878748922709570709e-03
6.868095175981255018e-03
6.857457929705108868e-03
6.846837158325105345e-03
6.836232836324800458e-03
6.825644938227271551e-03
6.815073438595060928e-03
6.804518312030106465e-03
6.793979533173688697e-03
6.783457076706363165e-03
6.772950917347907510e-03
6.762461029857253815e-03
6.751987389032426158e-03
6.741529969710490303e-03
6.731088746767483443e-03
6.720663695118357824e-03
6.710254789716918293e-03
6.699862005555766789e-03
6.689485317666234686e-03
6.679124701118334222e-03
6.668780131020684773e-03
6.658451582520461681e-03
6.648139030803337270e-03
6.637842451093414059e-03
6.627561818653173592e-03
6.617297108783411382e-03
6.607048296823179664e-03
6.596815358149726687e-03
6.586598268178438589e-03
6.576397002362782164e-03
6.566211536194241534e-03
6.556041845202265246e-03
6.545887904954199484e-03
6.535749691055236024e-03
6.525627179148350658e-03
6.515520344914245941e-03
6.505429164071291348e-03
6.495353612375466025e-03
6.485293665620299811e-03
6.475249299636815989e-03
6.465220490293470575e-03
6.455207213496101139e-03
6.445209445187859154e-03
6.435227161349157954e-03
6.425260337997615485e-03
6.415308951187996198e-03
6.405372977012150325e-03
6.395452391598958376e-03
6.385547171114276492e-03
6.375657291760876595e-03
6.365782729778387411e-03
6.355923461443239823e-03
6.346079463068610496e-03
6.336250711004363760e-03
6.326437181636993499e-03
6.316638851389567641e-03
6.306855696721675245e-03
6.297087694129361451e-03
6.287334820145076310e-03
6.277597051337622733e-03
6.267874364312088845e-03
6.258166735709802010e-03
6.248474142208268120e-03
6.238796560521116946e-03
6.229133967398044029e-03
6.219486339624756034e-03
6.209853654022918709e-03
6.200235887450093568e-03
6.190633016799689317e-03
6.181045019000902876e-03
6.171471871018662132e-03
6.161913549853576498e-03
6.152370032541875332e-03
6.142841296155357629e-03
6.133327317801330440e-03
6.123828074622565502e-03
6.114343543797230718e-03
6.104873702538842449e-03
6.095418528096212610e-03
6.085977997753391419e-03
6.076552088829609288e-03
6.067140778679229116e-03
6.057744044691683837e-03
6.048361864291431321e-03
6.038994214937894525e-03
6.029641074125406848e-03
6.020302419383160956e-03
6.010978228275152407e-03
6.001668478400126738e-03
5.992373147391525691e-03
5.983092212917432567e-03
5.973825652680521923e-03
5.964573444417998853e-03
5.955335565901554752e-03
5.946111994937304870e-03
5.936902709365743207e-03
5.927707687061685264e-03
5.918526905934207334e-03
5.909360343926612670e-03
5.900207979016356893e-03
5.891069789215011565e-03
5.881945752568201735e-03
5.872835847155555636e-03
5.863740051090654375e-03
5.854658342520976423e-03
5.845590699627847310e-03
5.836537100626384977e-03
5.827497523765449473e-03
5.818471947327589176e-03
5.809460349628987885e-03
5.800462709019418850e-03
5.791479003882183188e-03
5.782509212634062180e-03
5.773553313725270433e-03
5.764611285639396031e-03
5.755683106893352829e-03
5.746768756037329284e-03
5.737868211654735540e-03
5.728981452362152255e-03
5.720108456809280296e-03
5.711249203678887831e-03
5.702403671686756548e-03
5.693571839581643493e-03
5.684753686145207346e-03
5.675949190191980666e-03
5.667158330569303966e-03
5.658381086157280616e-03
5.649617435868723933e-03
5.640867358649108605e-03
5.632130833476521256e-03
5.623407839361601462e-03
5.614698355347506192e-03
5.606002360509846488e-03
5.597319833956637160e-03
5.588650754828261222e-03
5.579995102297399638e-03
5.571352855568999229e-03
5.562723993880209356e-03
5.554108496500339415e-03
5.545506342730806802e-03
5.536917511905085736e-03
5.528341983388662152e-03
5.519779736578980800e-03
5.511230750905394930e-03
5.502695005829116859e-03
5.494172480843171995e-03
5.485663155472348534e-03
5.477167009273141082e-03
5.468684021833713355e-03
5.460214172773846138e-03
5.451757441744874838e-03
5.443313808429660859e-03
5.434883252542530019e-03
5.426465753829225712e-03
5.418061292066863807e-03
5.409669847063879738e-03
5.401291398659984269e-03
5.392925926726109716e-03
5.384573411164366580e-03
5.376233831907994976e-03
5.367907168921311721e-03
5.359593402199666103e-03
5.351292511769392170e-03
5.343004477687759296e-03
5.334729280042923606e-03
5.326466898953879404e-03
5.318217314570415806e-03
5.309980507073068165e-03
5.301756456673063431e-03
5.293545143612281116e-03
5.285346548163198654e-03
5.277160650628851500e-03
5.268987431342784557e-03
5.260826870668994931e-03
5.252678949001898107e-03
5.244543646766273298e-03
5.236420944417215749e-03
5.228310822440095963e-03
5.220213261350507665e-03
5.212128241694220961e-03
5.204055744047138971e-03
5.195995749015247522e-03
5.187948237234569181e-03
5.179913189371122481e-03
5.171890586120863817e-03
5.163880408209651877e-03
5.155882636393199943e-03
5.147897251457021241e-03
5.139924234216393384e-03
5.131963565516303727e-03
5.124015226231409467e-03
5.116079197265989073e-03
5.108155459553897181e-03
5.100243994058516021e-03
5.092344781772715524e-03
5.084457803718798671e-03
5.076583040948468538e-03
5.068720474542768445e-03
5.060870085612048132e-03
5.053031855295912582e-03
5.045205764763176920e-03
5.037391795211823911e-03
5.029589927868953654e-03
5.021800143990748887e-03
5.014022424862414271e-03
5.006256751798146901e-03
4.998503106141080794e-03
4.990761469263246992e-03
4.983031822565528457e-03
4.975314147477612366e-03
4.967608425457951081e-03
4.959914637993710108e-03
4.952232766600733402e-03
4.944562792823487853e-03
4.936904698235026860e-03
4.929258464436943495e-03
4.921624073059326261e-03
4.914001505760715732e-03
4.906390744228056842e-03
4.898791770176661592e-03
4.891204565350161342e-03
4.883629111520459108e-03
4.876065390487694003e-03
4.868513384080191790e-03
4.860973074154422389e-03
4.853444442594956505e-03
4.845927471314419657e-03
4.838422142253457486e-03
4.830928437380680243e-03
4.823446338692625492e-03
4.815975828213719945e-03
4.808516887996224821e-03
4.801069500120202886e-03
4.793633646693469010e-03
4.786209309851550270e-03
4.778796471757644319e-03
4.771395114602571680e-03
4.764005220604735844e-03
4.756626772010084242e-03
4.749259751092057072e-03
4.741904140151550866e-03
4.734559921516876858e-03
4.727227077543714150e-03
4.719905590615068938e-03
4.712595443141236358e-03
4.705296617559750171e-03
4.698009096335346337e-03
4.690732861959920515e-03
4.683467896952483826e-03
4.676214183859122957e-03
4.668971705252955053e-03
4.661740443734091292e-03
4.654520381929590049e-03
4.647311502493418726e-03
4.640113788106406054e-03
4.632927221476207391e-03
4.625751785337261363e-03
4.618587462450746486e-03
4.611434235604542145e-03
4.604292087613182614e-03
4.597161001317823237e-03
4.590040959586191849e-03
4.582931945312552352e-03
4.575833941417658743e-03
4.568746930848724755e-03
4.561670896579369215e-03
4.554605821609580482e-03
4.547551688965680884e-03
4.540508481700281616e-03
4.533476182892238505e-03
4.526454775646615580e-03
4.519444243094646041e-03
4.512444568393688023e-03
4.505455734727187300e-03
4.498477725304630449e-03
4.491510523361512755e-03
4.484554112159296578e-03
4.477608474985363650e-03
4.470673595152984715e-03
4.463749456001270093e-03
4.456836040895139316e-03
4.449933333225273430e-03
4.443041316408081164e-03
4.436159973885651225e-03
4.429289289125721077e-03
4.422429245621630096e-03
4.415579826892286619e-03
4.408741016482122833e-03
4.401912797961057486e-03
4.395095154924456848e-03
4.388288070993091351e-03
4.381491529813106092e-03
4.374705515055970530e-03
4.367930010418442921e-03
4.361164999622536495e-03
4.354410466415470013e-03
4.347666394569637410e-03
4.340932767882569633e-03
4.334209570176882596e-03
4.327496785300256367e-03
4.320794397125385725e-03
4.314102389549941130e-03
4.307420746496533163e-03
4.300749451912673493e-03
4.294088489770735845e-03
4.287437844067917836e-03
4.280797498826201947e-03
4.274167438092315620e-03
4.267547645937696567e-03
4.260938106458455471e-03
4.254338803775327416e-03
4.247749722033646730e-03
4.241170845403304489e-03
4.234602158078703410e-03
4.228043644278732700e-03
4.221495288246719484e-03
4.214957074250394974e-03
4.208428986581857177e-03
4.201911009557531863e-03
4.195403127518137869e-03
4.188905324828642862e-03
4.182417585878232986e-03
4.175939895080270359e-03
4.169472236872261844e-03
4.163014595715812220e-03
4.156566956096594684e-03
4.150129302524311822e-03
4.143701619532652244e-03
4.137283891679268029e-03
4.130876103545720948e-03
4.124478239737454713e-03
4.118090284883755940e-03
4.111712223637718593e-03
4.105344040676204946e-03
4.098985720699809161e-03
4.092637248432823456e-03
4.086298608623193003e-03
4.079969786042495113e-03
4.073650765485882855e-03
4.067341531772063375e-03
4.061042069743257994e-03
4.054752364265159711e-03
4.048472400226907179e-03
4.042202162541037869e-03
4.035941636143456843e-03
4.029690805993404665e-03
4.023449657073413163e-03
4.017218174389273339e-03
4.010996342970002404e-03
4.004784147867799550e-03
3.998581574158017321e-03
3.992388606939126922e-03
3.986205231332673113e-03
3.980031432483247325e-03
3.973867195558451228e-03
3.967712505748855097e-03
3.961567348267965721e-03
3.955431708352193446e-03
3.949305571260815738e-03
3.943188922275935558e-03
3.937081746702454470e-03
3.930984029868032741e-03
3.924895757123056383e-03
3.918816913840598125e-03
3.912747485416385312e-03
3.906687457268768690e-03
3.900636814838676861e-03
3.894595543589589835e-03
3.888563629007503464e-03
3.882541056600889978e-03
3.876527811900668495e-03
3.870523880460165558e-03
3.864529247855083473e-03
3.858543899683465183e-03
3.852567821565660439e-03
3.846600999144287204e-03
3.840643418084202163e-03
3.834695064072464726e-03
3.828755922818299299e-03
3.822825980053066661e-03
3.816905221530225364e-03
3.810993633025298779e-03
3.805091200335842128e-03
3.799197909281406930e-03
3.793313745703506303e-03
3.787438695465583302e-03
3.781572744452973631e-03
3.775715878572877011e-03
3.769868083754316854e-03
3.764029345948110769e-03
3.758199651126836304e-03
3.752378985284795816e-03
3.746567334437983510e-03
3.740764684624052483e-03
3.734971021902280027e-03
3.729186332353535537e-03
3.723410602080245383e-03
3.717643817206360817e-03
3.711885963877324147e-03
3.706137028260036211e-03
3.700396996542821247e-03
3.694665854935395236e-03
3.688943589668834244e-03
3.683230186995537555e-03
3.677525633189196019e-03
3.671829914544762121e-03
3.666143017378412691e-03
3.660464928027519407e-03
3.654795632850612371e-03
3.649135118227352786e-03
3.643483370558494357e-03
3.637840376265853368e-03
3.632206121792277021e-03
3.626580593601610048e-03
3.620963778178659144e-03
3.615355662029166948e-03
3.609756231679773011e-03
3.604165473677986044e-03
3.598583374592149216e-03
3.593009921011408505e-03
3.587445099545680596e-03
3.581888896825621230e-03
3.576341299502591373e-03
3.570802294248627724e-03
3.565271867756407160e-03
3.559750006739219406e-03
3.554236697930930177e-03
3.548731928085952989e-03
3.543235683979216195e-03
3.537747952406130464e-03
3.532268720182557119e-03
3.526797974144778216e-03
3.521335701149463579e-03
3.515881888073637846e-03
3.510436521814653144e-03
3.504999589290151360e-03
3.499571077438040287e-03
3.494150973216454594e-03
3.488739263603728939e-03
3.483335935598367173e-03
3.477940976219009387e-03
3.472554372504400681e-03
3.467176111513359943e-03
3.461806180324749488e-03
3.456444566037444703e-03
3.451091255770302388e-03
3.445746236662127794e-03
3.440409495871646871e-03
3.435081020577473304e-03
3.429760797978078160e-03
3.424448815291762128e-03
3.419145059756618227e-03
3.413849518630507947e-03
3.408562179191026130e-03
3.403283028735472338e-03
3.398012054580819199e-03
3.392749244063685519e-03
3.387494584540299853e-03
3.382248063386474480e-03
3.377009667997574616e-03
3.371779385788487189e-03
3.366557204193590044e-03
3.361343110666722891e-03
3.356137092681157376e-03
3.350939137729565427e-03
3.345749233323991496e-03
3.340567366995821335e-03
3.335393526295750335e-03
3.330227698793757074e-03
3.325069872079069924e-03
3.319920033760140592e-03
3.314778171464611602e-03
3.309644272839288529e-03
3.304518325550109652e-03
3.299400317282113852e-03
3.294290235739416334e-03
3.289188068645174795e-03
3.284093803741561235e-03
3.279007428789732035e-03
3.273928931569799767e-03
3.268858299880802402e-03
3.263795521540675555e-03
3.258740584386220392e-03
3.253693476273078911e-03
3.248654185075701417e-03
3.243622698687317028e-03
3.238599005019906357e-03
3.233583092004172453e-03
3.228574947589510878e-03
3.223574559743980217e-03
3.218581916454274754e-03
3.213597005725695854e-03
3.208619815582119429e-03
3.203650334065973396e-03
3.198688549238202974e-03
3.193734449178244669e-03
3.188788020993695189e-03
3.183849253794262830e-03
3.178918135714676671e-03
3.173994656387565689e-03
3.169078802007166060e-03
3.164170561257970658e-03
3.159269922347994995e-03
3.154376873503575429e-03
3.149491402969285467e-03
3.144613499007906272e-03
3.139743149900395443e-03
3.134880343944730380e-03
3.130025069459530396e-03
3.125177314779993987e-03
3.120337068259385928e-03
3.115504318269140052e-03
3.110679053198693589e-03
3.105861261455469813e-03
3.101050931464845953e-03
3.096248051670125439e-03
3.091452610532511008e-03
3.086664596531077387e-03
3.081883998162740501e-03
3.077110803942234921e-03
3.072345002402080468e-03
3.067586582092561836e-03
3.062835531581691723e-03
3.058091839455193920e-03
3.053355494316466884e-03
3.048626484786560314e-03
3.043904799504149571e-03
3.039190427125505311e-03
3.034483356324466172e-03
3.029783575792414918e-03
3.025091074238246344e-03
3.020405840388345597e-03
3.015727862986555645e-03
3.011057130794154296e-03
3.006393632589826875e-03
3.001737357169635429e-03
2.997088293346997050e-03
2.992446429952653076e-03
2.987811755834644378e-03
2.983184259858284032e-03
2.978563930906129569e-03
2.973950757877958685e-03
2.969344729690738451e-03
2.964745835278604497e-03
2.960154063592827182e-03
2.955569403601793384e-03
2.950991844290972669e-03
2.946421374662895176e-03
2.941857983737122990e-03
2.937301660550225429e-03
2.932752394155750415e-03
2.928210173624201055e-03
2.923674988043009192e-03
2.919146826516504610e-03
2.914625678165894216e-03
2.910111532129234721e-03
2.905604377561403148e-03
2.901104203634076017e-03
2.896610999535698984e-03
2.892124754471462993e-03
2.887645457663278251e-03
2.883173098349748210e-03
2.878707665786141810e-03
2.874249149244371797e-03
2.869797538012963927e-03
2.865352821397035721e-03
2.860914988718268707e-03
2.856484029314881531e-03
2.852059932541607407e-03
2.847642687769665493e-03
2.843232284386737040e-03
2.838828711796940237e-03
2.834431959420804191e-03
2.830042016695240303e-03
2.825658873073525791e-03
2.821282518025267257e-03
2.816912941036383341e-03
2.812550131609076534e-03
2.808194079261807155e-03
2.803844773529270366e-03
2.799502203962368849e-03
2.795166360128191994e-03
2.790837231609981199e-03
2.786514808007116862e-03
2.782199078935086289e-03
2.777890034025459406e-03
2.773587662925865345e-03
2.769291955299965982e-03
2.765002900827434260e-03
2.760720489203924693e-03
2.756444710141051687e-03
2.752175553366366118e-03
2.747913008623325843e-03
2.743657065671275316e-03
2.739407714285420434e-03
2.735164944256802087e-03
2.730928745392272733e-03
2.726699107514472115e-03
2.722476020461803408e-03
2.718259474088406333e-03
2.714049458264135468e-03
2.709845962874535101e-03
2.705648977820814070e-03
2.701458493019821914e-03
2.697274498404026322e-03
2.693096983921485377e-03
2.688925939535828039e-03
2.684761355226225089e-03
2.680603220987367880e-03
2.676451526829446217e-03
2.672306262778118870e-03
2.668167418874494486e-03
2.664034985175107312e-03
2.659908951751888996e-03
2.655789308692148645e-03
2.651676046098548969e-03
2.647569154089081563e-03
2.643468622797042616e-03
2.639374442371009068e-03
2.635286602974816917e-03
2.631205094787536503e-03
2.627129908003447353e-03
2.623061032832017369e-03
2.618998459497875932e-03
2.614942178240796129e-03
2.610892179315663954e-03
2.606848452992459233e-03
2.602810989556233502e-03
2.598779779307083555e-03
2.594754812560128888e-03
2.590736079645488289e-03
2.586723570908259443e-03
2.582717276708490755e-03
2.578717187421164427e-03
2.574723293436165673e-03
2.570735585158266234e-03
2.566754053007097927e-03
2.562778687417131829e-03
2.558809478837653119e-03
2.554846417732738097e-03
2.550889494581234668e-03
2.546938699876734151e-03
2.542994024127553931e-03
2.539055457856710142e-03
2.535122991601897278e-03
2.531196615915466078e-03
2.527276321364397508e-03
2.523362098530284106e-03
2.519453938009306136e-03
2.515551830412205998e-03
2.511655766364270011e-03
2.507765736505303700e-03
2.503881731489608371e-03
2.500003741985960728e-03
2.496131758677589893e-03
2.492265772262155284e-03
2.488405773451721897e-03
2.484551752972741657e-03
2.480703701566026962e-03
2.476861609986733773e-03
2.473025469004332989e-03
2.469195269402595701e-03
2.465371001979563270e-03
2.461552657547531279e-03
2.457740226933023946e-03
2.453933700976773744e-03
2.450133070533698412e-03
2.446338326472880138e-03
2.442549459677544315e-03
2.438766461045032644e-03
2.434989321486788830e-03
2.431218031928330386e-03
2.427452583309230860e-03
2.423692966583094674e-03
2.419939172717538913e-03
2.416191192694169907e-03
2.412449017508559810e-03
2.408712638170228387e-03
2.404982045702620027e-03
2.401257231143080761e-03
2.397538185542837878e-03
2.393824899966979971e-03
2.390117365494431791e-03
2.386415573217936029e-03
2.382719514244033363e-03
2.379029179693032976e-03
2.375344560699002572e-03
2.371665648409737159e-03
2.367992433986744732e-03
2.364324908605220255e-03
2.360663063454027447e-03
2.357006889735677093e-03
2.353356378666304500e-03
2.349711521475649108e-03
2.346072309407034977e-03
2.342438733717348669e-03
2.338810785677015829e-03
2.335188456569983403e-03
2.331571737693698826e-03
2.327960620359086161e-03
2.324355095890528761e-03
2.320755155625844977e-03
2.317160790916271678e-03
2.313571993126436934e-03
2.309988753634347001e-03
2.306411063831359000e-03
2.302838915122166173e-03
2.299272298924770128e-03
2.295711206670467391e-03
2.292155629803823823e-03
2.288605559782657273e-03
2.285060988078014155e-03
2.281521906174151237e-03
2.277988305568515257e-03
2.274460177771719504e-03
2.270937514307528205e-03
2.267420306712830506e-03
2.263908546537625292e-03
2.260402225344999069e-03
2.256901334711102977e-03
2.253405866225137617e-03
2.249915811489328326e-03
2.246431162118906963e-03
2.242951909742093696e-03
2.239478046000071415e-03
2.236009562546972286e-03
2.232546451049853033e-03
2.229088703188675420e-03
2.225636310656290209e-03
2.222189265158410268e-03
2.218747558413597561e-03
2.215311182153238429e-03
2.211880128121527980e-03
2.208454388075444929e-03
2.205033953784736427e-03
2.201618817031896370e-03
2.198208969612145021e-03
2.194804403333411660e-03
2.191405110016311601e-03
2.188011081494131010e-03
2.184622309612800888e-03
2.181238786230883624e-03
2.177860503219550443e-03
2.174487452462562764e-03
2.171119625856251806e-03
2.167757015309499519e-03
2.164399612743721224e-03
2.161047410092840904e-03
2.157700399303278185e-03
2.154358572333924492e-03
2.151021921156126126e-03
2.147690437753663022e-03
2.144364114122731396e-03
2.141042942271923800e-03
2.137726914222208303e-03
2.134416022006913310e-03
2.131110257671703714e-03
2.127809613274565283e-03
2.124514080885783838e-03
2.121223652587927479e-03
2.117938320475824896e-03
2.114658076656549326e-03
2.111382913249399470e-03
2.108112822385878674e-03
2.104847796209675850e-03
2.101587826876649429e-03
2.098332906554806546e-03
2.095083027424283085e-03
2.091838181677328507e-03
2.088598361518282862e-03
2.085363559163560306e-03
2.082133766841630894e-03
2.078908976793001056e-03
2.075689181270194521e-03
2.072474372537735834e-03
2.069264542872126938e-03
2.066059684561834600e-03
2.062859789907268288e-03
2.059664851220764127e-03
2.056474860826560617e-03
2.053289811060788651e-03
2.050109694271448103e-03
2.046934502818387874e-03
2.043764229073292884e-03
2.040598865419659350e-03
2.037438404252782647e-03
2.034282837979736053e-03
2.031132159019351235e-03
2.027986359802201773e-03
2.024845432770586238e-03
2.021709370378506950e-03
2.018578165091654362e-03
2.015451809387386675e-03
2.012330295754714664e-03
2.009213616694281290e-03
2.006101764718344355e-03
2.002994732350758290e-03
1.999892512126957237e-03
1.996795096593937703e-03
1.993702478310236011e-03
1.990614649845915286e-03
1.987531603782548111e-03
1.984453332713193106e-03
1.981379829242383220e-03
1.978311085986104480e-03
1.975247095571780378e-03
1.972187850638250188e-03
1.969133343835757256e-03
1.966083567825926449e-03
1.963038515281748109e-03
1.959998178887561570e-03
1.956962551339037383e-03
1.953931625343155627e-03
1.950905393618194636e-03
1.947883848893709529e-03
1.944866983910516819e-03
1.941854791420674674e-03
1.938847264187467528e-03
1.935844394985387863e-03
1.932846176600118860e-03
1.929852601828517273e-03
1.926863663478596295e-03
1.923879354369507563e-03
1.920899667331524025e-03
1.917924595206023462e-03
1.914954130845471138e-03
1.911988267113402242e-03
1.909026996884405185e-03
1.906070313044103603e-03
1.903118208489139448e-03
1.900170676127156720e-03
1.897227708876784340e-03
1.894289299667618366e-03
1.891355441440205516e-03
1.888426127146025819e-03
1.885501349747476787e-03
1.882581102217855415e-03
1.879665377541341270e-03
1.876754168712979360e-03
1.873847468738665820e-03
1.870945270635127316e-03
1.868047567429907381e-03
1.865154352161347553e-03
1.862265617878571325e-03
1.859381357641469402e-03
1.856501564520679102e-03
1.853626231597571344e-03
1.850755351964232217e-03
1.847888918723445848e-03
1.845026924988680097e-03
1.842169363884067464e-03
1.839316228544390789e-03
1.836467512115064378e-03
1.833623207752120348e-03
1.830783308622189543e-03
1.827947807902486135e-03
1.825116698780793320e-03
1.822289974455442276e-03
1.819467628135300460e-03
1.816649653039752741e-03
1.813836042398685785e-03
1.811026789452471579e-03
1.808221887451951816e-03
1.805421329658419899e-03
1.802625109343608577e-03
1.799833219789669135e-03
1.797045654289157945e-03
1.794262406145019986e-03
1.791483468670572801e-03
1.788708835189489147e-03
1.785938499035783986e-03
1.783172453553793883e-03
1.780410692098165736e-03
1.777653208033838552e-03
1.774899994736026543e-03
1.772151045590205027e-03
1.769406353992094378e-03
1.766665913347642254e-03
1.763929717073009929e-03
1.761197758594555815e-03
1.758470031348819849e-03
1.755746528782506149e-03
1.753027244352468915e-03
1.750312171525697470e-03
1.747601303779297392e-03
1.744894634600478809e-03
1.742192157486538396e-03
1.739493865944842900e-03
1.736799753492815693e-03
1.734109813657920942e-03
1.731424039977646264e-03
1.728742425999489065e-03
1.726064965280939842e-03
1.723391651389467654e-03
1.720722477902504079e-03
1.718057438407427379e-03
1.715396526501548847e-03
1.712739735792094802e-03
1.710087059896193799e-03
1.707438492440859065e-03
1.704794027062975052e-03
1.702153657409280962e-03
1.699517377136356431e-03
1.696885179910604616e-03
1.694257059408239407e-03
1.691633009315268070e-03
1.689013023327476945e-03
1.686397095150416695e-03
1.683785218499386912e-03
1.681177387099419638e-03
1.678573594685267003e-03
1.675973835001383881e-03
1.673378101801914009e-03
1.670786388850674592e-03
1.668198689921140910e-03
1.665614998796432870e-03
1.663035309269298313e-03
1.660459615142098480e-03
1.657887910226794144e-03
1.655320188344929552e-03
1.652756443327618339e-03
1.650196669015528998e-03
1.647640859258868613e-03
1.645089007917369638e-03
1.642541108860274060e-03
1.639997155966318879e-03
1.637457143123723091e-03
1.634921064230169694e-03
1.632388913192793977e-03
1.629860683928168559e-03
1.627336370362285605e-03
1.624815966430547074e-03
1.622299466077746282e-03
1.619786863258055546e-03
1.617278151935010568e-03
1.614773326081496343e-03
1.612272379679732630e-03
1.609775306721259423e-03
1.607282101206922425e-03
1.604792757146859166e-03
1.602307268560484044e-03
1.599825629476474016e-03
1.597347833932754278e-03
1.594873875976484182e-03
1.592403749664043130e-03
1.589937449061014970e-03
1.587474968242176283e-03
1.585016301291479034e-03
1.582561442302038652e-03
1.580110385376119276e-03
1.577663124625119017e-03
1.575219654169556080e-03
1.572779968139054879e-03
1.570344060672332603e-03
1.567911925917183378e-03
1.565483558030465044e-03
1.563058951178085713e-03
1.560638099534989451e-03
1.558220997285141973e-03
1.555807638621516326e-03
1.553398017746080318e-03
1.550992128869780684e-03
1.548589966212531163e-03
1.546191524003196881e-03
1.543796796479582432e-03
1.541405777888414522e-03
1.539018462485332870e-03
1.536634844534873505e-03
1.534254918310453807e-03
1.531878678094362317e-03
1.529506118177742903e-03
1.527137232860580019e-03
1.524772016451687862e-03
1.522410463268693672e-03
1.520052567638026679e-03
1.517698323894902486e-03
1.515347726383310493e-03
1.513000769456000023e-03
1.510657447474467088e-03
1.508317754808939648e-03
1.505981685838366771e-03
1.503649234950401497e-03
1.501320396541391084e-03
1.498995165016359012e-03
1.496673534788997171e-03
1.494355500281647001e-03
1.492041055925290597e-03
1.489730196159534236e-03
1.487422915432596009e-03
1.485119208201292600e-03
1.482819068931026923e-03
1.480522492095772075e-03
1.478229472178061148e-03
1.475940003668972916e-03
1.473654081068116002e-03
1.471371698883621295e-03
1.469092851632122863e-03
1.466817533838748631e-03
1.464545740037105420e-03
1.462277464769266367e-03
1.460012702585758351e-03
1.457751448045547897e-03
1.455493695716028385e-03
1.453239440173007902e-03
1.450988676000694502e-03
1.448741397791684709e-03
1.446497600146949862e-03
1.444257277675823530e-03
1.442020424995988075e-03
1.439787036733461640e-03
1.437557107522585784e-03
1.435330632006013131e-03
1.433107604834692400e-03
1.430888020667857785e-03
1.428671874173014422e-03
1.426459160025927335e-03
1.424249872910607123e-03
1.422044007519297597e-03
1.419841558552463424e-03
1.417642520718777549e-03
1.415446888735107317e-03
1.413254657326502546e-03
1.411065821226183386e-03
1.408880375175527088e-03
1.406698313924055000e-03
1.404519632229421066e-03
1.402344324857397089e-03
1.400172386581863618e-03
1.398003812184793254e-03
1.395838596456242626e-03
1.393676734194335045e-03
1.391518220205251611e-03
1.389363049303218205e-03
1.387211216310491177e-03
1.385062716057346719e-03
1.382917543382067857e-03
1.380775693130931441e-03
1.378637160158197299e-03
1.376501939326094364e-03
1.374370025504808961e-03
1.372241413572472665e-03
1.370116098415148859e-03
1.367994074926823190e-03
1.365875338009387742e-03
1.363759882572630842e-03
1.361647703534225136e-03
1.359538795819714143e-03
1.357433154362500767e-03
1.355330774103835146e-03
1.353231649992802732e-03
1.351135776986310847e-03
1.349043150049078054e-03
1.346953764153621365e-03
1.344867614280244750e-03
1.342784695417026343e-03
1.340705002559806729e-03
1.338628530712176372e-03
1.336555274885464772e-03
1.334485230098727887e-03
1.332418391378735988e-03
1.330354753759961086e-03
1.328294312284566741e-03
1.326237062002395264e-03
1.324182997970954710e-03
1.322132115255409334e-03
1.320084408928564853e-03
1.318039874070859761e-03
1.315998505770350378e-03
1.313960299122702170e-03
1.311925249231175004e-03
1.309893351206613829e-03
1.307864600167435226e-03
1.305838991239616567e-03
1.303816519556684093e-03
1.301797180259701200e-03
1.299780968497256297e-03
1.297767879425452400e-03
1.295757908207894552e-03
1.293751050015677683e-03
1.291747300027375981e-03
1.289746653429032271e-03
1.287749105414142834e-03
1.285754651183650251e-03
1.283763285945928876e-03
1.281775004916774208e-03
1.279789803319391836e-03
1.277807676384386162e-03
1.275828619349747171e-03
1.273852627460840678e-03
1.271879695970397047e-03
1.269909820138498185e-03
1.267942995232567783e-03
1.265979216527359169e-03
1.264018479304944258e-03
1.262060778854701831e-03
1.260106110473305620e-03
1.258154469464716277e-03
1.256205851140164897e-03
1.254260250818146081e-03
1.252317663824404270e-03
1.250378085491924210e-03
1.248441511160917937e-03
1.246507936178815022e-03
1.244577355900251077e-03
1.242649765687056044e-03
1.240725160908243358e-03
1.238803536939999750e-03
1.236884889165671807e-03
1.234969212975757730e-03
1.233056503767894106e-03
1.231146756946846369e-03
1.229239967924495571e-03
1.227336132119830796e-03
1.225435244958933759e-03
1.223537301874972521e-03
1.221642298308186743e-03
1.219750229705878581e-03
1.217861091522401840e-03
1.215974879219149834e-03
1.214091588264545841e-03
1.212211214134031184e-03
1.210333752310054816e-03
1.208459198282062913e-03
1.206587547546487168e-03
1.204718795606734161e-03
1.202852937973174956e-03
1.200989970163134470e-03
1.199129887700880201e-03
1.197272686117610953e-03
1.195418360951447292e-03
1.193566907747420488e-03
1.191718322057461459e-03
1.189872599440389925e-03
1.188029735461904653e-03
1.186189725694571529e-03
1.184352565717814235e-03
1.182518251117902972e-03
1.180686777487943619e-03
1.178858140427867110e-03
1.177032335544419888e-03
1.175209358451152200e-03
1.173389204768407901e-03
1.171571870123314270e-03
1.169757350149770942e-03
1.167945640488440373e-03
1.166136736786736348e-03
1.164330634698813134e-03
1.162527329885557027e-03
1.160726818014574209e-03
1.158929094760180554e-03
1.157134155803391656e-03
1.155341996831912854e-03
1.153552613540127954e-03
1.151766001629088822e-03
1.149982156806505845e-03
1.148201074786737953e-03
1.146422751290780261e-03
1.144647182046256480e-03
1.142874362787406339e-03
1.141104289255076695e-03
1.139336957196711341e-03
1.137572362366339948e-03
1.135810500524568525e-03
1.134051367438568573e-03
1.132294958882068200e-03
1.130541270635340625e-03
1.128790298485193985e-03
1.127042038224962666e-03
1.125296485654496024e-03
1.123553636580148412e-03
1.121813486814769636e-03
1.120076032177693467e-03
1.118341268494730048e-03
1.116609191598154187e-03
1.114879797326694295e-03
1.113153081525525235e-03
1.111429040046256608e-03
1.109707668746922346e-03
1.107988963491972475e-03
1.106272920152260100e-03
1.104559534605035771e-03
1.102848802733934685e-03
1.101140720428966067e-03
1.099435283586506443e-03
1.097732488109287282e-03
1.096032329906385669e-03
1.094334804893215204e-03
1.092639908991515155e-03
1.090947638129340699e-03
1.089257988241054903e-03
1.087570955267316798e-03
1.085886535155072699e-03
1.084204723857546239e-03
1.082525517334228604e-03
1.080848911550869214e-03
1.079174902479465093e-03
1.077503486098251983e-03
1.075834658391694801e-03
1.074168415350477881e-03
1.072504752971494349e-03
1.070843667257837884e-03
1.069185154218792308e-03
1.067529209869822913e-03
1.065875830232564971e-03
1.064225011334816355e-03
1.062576749210526273e-03
1.060931039899787667e-03
1.059287879448825515e-03
1.057647263909988582e-03
1.056009189341740317e-03
1.054373651808647797e-03
1.052740647381374128e-03
1.051110172136667615e-03
1.049482222157353513e-03
1.047856793532322755e-03
1.046233882356524796e-03
1.044613484730957205e-03
1.042995596762655687e-03
1.041380214564685850e-03
1.039767334256132790e-03
1.038156951962093070e-03
1.036549063813664530e-03
1.034943665947936093e-03
1.033340754507980829e-03
1.031740325642844678e-03
1.030142375507537992e-03
1.028546900263027078e-03
1.026953896076222275e-03
1.025363359119972314e-03
1.023775285573052390e-03
1.022189671620156361e-03
1.020606513451887201e-03
1.019025807264747679e-03
1.017447549261131685e-03
1.015871735649314257e-03
1.014298362643443552e-03
1.012727426463531097e-03
1.011158923335442892e-03
1.009592849490889652e-03
1.008029201167419658e-03
1.006467974608406821e-03
1.004909166063044619e-03
1.003352771786335251e-03
1.001798788039081397e-03
1.000247211087876027e-03
9.986980372050954617e-04
9.971512626688894005e-04
9.956068837631707261e-04
9.940648967776087846e-04
9.925252980076191937e-04
9.909880837543551691e-04
9.894532503246982000e-04
9.879207940312502434e-04
9.863907111923252667e-04
9.848629981319364547e-04
9.833376511797931735e-04
9.818146666712886106e-04
9.802940409474904509e-04
9.787757703551343714e-04
9.772598512466142834e-04
9.757462799799728999e-04
9.742350529188938211e-04
9.727261664326928604e-04
9.712196168963083956e-04
9.697154006902937787e-04
9.682135142008077957e-04
9.667139538196064261e-04
9.652167159440341697e-04
9.637217969770151558e-04
9.622291933270447949e-04
9.607389014081805633e-04
9.592509176400344133e-04
9.577652384477633408e-04
9.562818602620603865e-04
9.548007795191480220e-04
9.533219926607670912e-04
9.518454961341700883e-04
9.503712863921116166e-04
9.488993598928403654e-04
9.474297131000905450e-04
9.459623424830728875e-04
9.444972445164671665e-04
9.430344156804127635e-04
9.415738524605007541e-04
9.401155513477653424e-04
9.386595088386749707e-04
9.372057214351249468e-04
9.357541856444280114e-04
9.343048979793064238e-04
9.328578549578831793e-04
9.314130531036747453e-04
9.299704889455814123e-04
9.285301590178794869e-04
9.270920598602130523e-04
9.256561880175855116e-04
9.242225400403514561e-04
9.227911124842082084e-04
9.213619019101874745e-04
9.199349048846472117e-04
9.185101179792636060e-04
9.170875377710223982e-04
9.156671608422107525e-04
9.142489837804095585e-04
9.128330031784843241e-04
9.114192156345779115e-04
9.100076177521017546e-04
9.085982061397279447e-04
9.071909774113808824e-04
9.057859281862295792e-04
9.043830550886790927e-04
9.029823547483623947e-04
9.015838238001328908e-04
9.001874588840554211e-04
8.987932566453988876e-04
8.974012137346280144e-04
8.960113268073952161e-04
8.946235925245326834e-04
8.932380075520437090e-04
8.918545685610962913e-04
8.904732722280132677e-04
8.890941152342653761e-04
8.877170942664632317e-04
8.863422060163490867e-04
8.849694471807889162e-04
8.835988144617643947e-04
8.822303045663657407e-04
8.808639142067825004e-04
8.794996401002968265e-04
8.781374789692749120e-04
8.767774275411594018e-04
8.754194825484613689e-04
8.740636407287525082e-04
8.727098988246576559e-04
8.713582535838461157e-04
8.700087017590248280e-04
8.686612401079299136e-04
8.673158653933190840e-04
8.659725743829638353e-04
8.646313638496417502e-04
8.632922305711289088e-04
8.619551713301915399e-04
8.606201829145790827e-04
8.592872621170158376e-04
8.579564057351933776e-04
8.566276105717632837e-04
8.553008734343291218e-04
8.539761911354389621e-04
8.526535604925770300e-04
8.513329783281569849e-04
8.500144414695140049e-04
8.486979467488966556e-04
8.473834910034599511e-04
8.460710710752575477e-04
8.447606838112342630e-04
8.434523260632175107e-04
8.421459946879118795e-04
8.408416865468888333e-04
8.395393985065820490e-04
8.382391274382771165e-04
8.369408702181061182e-04
8.356446237270392799e-04
8.343503848508773820e-04
8.330581504802443867e-04
8.317679175105803903e-04
8.304796828421334926e-04
8.291934433799525318e-04
8.279091960338803629e-04
8.266269377185455096e-04
8.253466653533545741e-04
8.240683758624862748e-04
8.227920661748825554e-04
8.215177332242419713e-04
8.202453739490119921e-04
8.189749852923820621e-04
8.177065642022755777e-04
8.164401076313433821e-04
8.151756125369557420e-04
8.139130758811954089e-04
8.126524946308505718e-04
8.113938657574065088e-04
8.101371862370396236e-04
8.088824530506093149e-04
8.076296631836514701e-04
8.063788136263697927e-04
8.051299013736305972e-04
8.038829234249534857e-04
8.026378767845062517e-04
8.013947584610959900e-04
8.001535654681623741e-04
7.989142948237709348e-04
7.976769435506055788e-04
7.964415086759617582e-04
7.952079872317382309e-04
7.939763762544314223e-04
7.927466727851272942e-04
7.915188738694946225e-04
7.902929765577776247e-04
7.890689779047895631e-04
7.878468749699048300e-04
7.866266648170519007e-04
7.854083445147074785e-04
7.841919111358878211e-04
7.829773617581428863e-04
7.817646934635487420e-04
7.805539033387005193e-04
7.793449884747061240e-04
7.781379459671781051e-04
7.769327729162278000e-04
7.757294664264577453e-04
7.745280236069545209e-04
7.733284415712825700e-04
7.721307174374766099e-04
7.709348483280349098e-04
7.697408313699124604e-04
7.685486636945139264e-04
7.673583424376868162e-04
7.661698647397146514e-04
7.649832277453103534e-04
7.637984286036084364e-04
7.626154644681592621e-04
7.614343324969216663e-04
7.602550298522562375e-04
7.590775537009184859e-04
7.579019012140519049e-04
7.567280695671814656e-04
7.555560559402062443e-04
7.543858575173936765e-04
7.532174714873720754e-04
7.520508950431232598e-04
7.508861253819773497e-04
7.497231597056048516e-04
7.485619952200105870e-04
7.474026291355263200e-04
7.462450586668043602e-04
7.450892810328115998e-04
7.439352934568213820e-04
7.427830931664082970e-04
7.416326773934401586e-04
7.404840433740725834e-04
7.393371883487418351e-04
7.381921095621576685e-04
7.370488042632976919e-04
7.359072697053997778e-04
7.347675031459564247e-04
7.336295018467077099e-04
7.324932630736341339e-04
7.313587840969511993e-04
7.302260621911023635e-04
7.290950946347515577e-04
7.279658787107785248e-04
7.268384117062707964e-04
7.257126909125174042e-04
7.245887136250030256e-04
7.234664771434007194e-04
7.223459787715660711e-04
7.212272158175302541e-04
7.201101855934936326e-04
7.189948854158197990e-04
7.178813126050284177e-04
7.167694644857892624e-04
7.156593383869152766e-04
7.145509316413572619e-04
7.134442415861960707e-04
7.123392655626369693e-04
7.112360009160034573e-04
7.101344449957300037e-04
7.090345951553569514e-04
7.079364487525229271e-04
7.068400031489589872e-04
7.057452557104827631e-04
7.046522038069917386e-04
7.035608448124559865e-04
7.024711761049137228e-04
7.013831950664636090e-04
7.002968990832586808e-04
6.992122855455008184e-04
6.981293518474335907e-04
6.970480953873364012e-04
6.959685135675180902e-04
6.948906037943107560e-04
6.938143634780640076e-04
6.927397900331377012e-04
6.916668808778966273e-04
6.905956334347036806e-04
6.895260451299142215e-04
6.884581133938698968e-04
6.873918356608918088e-04
6.863272093692746609e-04
6.852642319612810111e-04
6.842029008831349837e-04
6.831432135850154389e-04
6.820851675210508770e-04
6.810287601493123909e-04
6.799739889318084625e-04
6.789208513344778062e-04
6.778693448271844906e-04
6.768194668837106739e-04
6.757712149817517253e-04
6.747245866029087441e-04
6.736795792326837886e-04
6.726361903604736970e-04
6.715944174795629310e-04
6.705542580871189139e-04
6.695157096841850919e-04
6.684787697756754046e-04
6.674434358703681047e-04
6.664097054809000123e-04
6.653775761237603345e-04
6.643470453192842689e-04
6.633181105916480160e-04
6.622907694688622742e-04
6.612650194827659512e-04
6.602408581690208519e-04
6.592182830671059314e-04
6.581972917203100315e-04
6.571778816757277604e-04
6.561600504842523369e-04
6.551437957005703866e-04
6.541291148831557614e-04
6.531160055942632518e-04
6.521044653999240326e-04
6.510944918699386160e-04
6.500860825778711051e-04
6.490792351010439901e-04
6.480739470205316424e-04
6.470702159211556533e-04
6.460680393914771356e-04
6.450674150237926041e-04
6.440683404141275782e-04
6.430708131622308362e-04
6.420748308715686688e-04
6.410803911493188076e-04
6.400874916063652208e-04
6.390961298572919334e-04
6.381063035203780398e-04
6.371180102175906567e-04
6.361312475745804773e-04
6.351460132206751584e-04
6.341623047888743326e-04
6.331801199158440790e-04
6.321994562419096589e-04
6.312203114110518298e-04
6.302426830709001232e-04
6.292665688727275318e-04
6.282919664714442217e-04
6.273188735255931948e-04
6.263472876973431337e-04
6.253772066524838479e-04
6.244086280604206358e-04
6.234415495941676710e-04
6.224759689303442081e-04
6.215118837491666673e-04
6.205492917344454908e-04
6.195881905735774447e-04
6.186285779575419327e-04
6.176704515808938405e-04
6.167138091417590905e-04
6.157586483418284618e-04
6.148049668863526029e-04
6.138527624841359602e-04
6.129020328475320075e-04
6.119527756924369576e-04
6.110049887382846667e-04
6.100586697080411045e-04
6.091138163281989339e-04
6.081704263287720895e-04
6.072284974432899229e-04
6.062880274087924324e-04
6.053490139658245167e-04
6.044114548584299034e-04
6.034753478341470289e-04
6.025406906440026415e-04
6.016074810425065976e-04
6.006757167876466573e-04
5.997453956408828465e-04
5.988165153671424698e-04
5.978890737348143639e-04
5.969630685157434769e-04
5.960384974852260976e-04
5.951153584220036756e-04
5.941936491082584846e-04
5.932733673296070086e-04
5.923545108750959305e-04
5.914370775371960605e-04
5.905210651117971318e-04
5.896064713982024884e-04
5.886932941991243140e-04
5.877815313206774528e-04
5.868711805723749635e-04
5.859622397671222652e-04
5.850547067212123666e-04
5.841485792543202283e-04
5.832438551894978838e-04
5.823405323531684764e-04
5.814386085751223560e-04
5.805380816885101405e-04
5.796389495298393544e-04
5.787412099389675985e-04
5.778448607590986469e-04
5.769498998367762668e-04
5.760563250218798817e-04
5.751641341676185003e-04
5.742733251305264875e-04
5.733838957704577100e-04
5.724958439505811996e-04
5.716091675373744310e-04
5.707238644006206113e-04
5.698399324134009823e-04
5.689573694520920011e-04
5.680761733963580768e-04
5.671963421291486424e-04
5.663178735366911076e-04
5.654407655084876068e-04
5.645650159373080592e-04
5.636906227191863751e-04
5.628175837534154678e-04
5.619458969425411825e-04
5.610755601923585016e-04
5.602065714119052560e-04
5.593389285134580053e-04
5.584726294125271591e-04
5.576076720278509051e-04
5.567440542813913065e-04
5.558817740983287717e-04
5.550208294070569596e-04
5.541612181391784419e-04
5.533029382294988490e-04
5.524459876160227496e-04
5.515903642399481218e-04
5.507360660456614735e-04
5.498830909807332894e-04
5.490314369959129349e-04
5.481811020451229097e-04
5.473320840854554873e-04
5.464843810771666428e-04
5.456379909836713915e-04
5.447929117715394516e-04
5.439491414104891728e-04
5.431066778733839584e-04
5.422655191362268446e-04
5.414256631781548621e-04
5.405871079814356757e-04
5.397498515314621626e-04
5.389138918167467752e-04
5.380792268289174207e-04
5.372458545627132329e-04
5.364137730159782838e-04
5.355829801896577888e-04
5.347534740877933363e-04
5.339252527175176836e-04
5.330983140890498779e-04
5.322726562156910278e-04
5.314482771138195330e-04
5.306251748028851210e-04
5.298033473054058117e-04
5.289827926469616286e-04
5.281635088561912380e-04
5.273454939647859857e-04
5.265287460074861026e-04
5.257132630220753920e-04
5.248990430493766755e-04
5.240860841332474571e-04
5.232743843205745014e-04
5.224639416612699306e-04
5.216547542082655871e-04
5.208468200175093467e-04
5.200401371479599147e-04
5.192347036615822722e-04
5.184305176233432308e-04
5.176275771012060116e-04
5.168258801661265592e-04
5.160254248920483370e-04
5.152262093558983161e-04
5.144282316375812288e-04
5.136314898199760993e-04
5.128359819889307140e-04
5.120417062332582609e-04
5.112486606447312577e-04
5.104568433180779741e-04
5.096662523509772275e-04
5.088768858440544801e-04
5.080887419008770682e-04
5.073018186279489982e-04
5.065161141347073685e-04
5.057316265335168402e-04
5.049483539396662762e-04
5.041662944713629947e-04
5.033854462497293000e-04
5.026058073987970613e-04
5.018273760455039178e-04
5.010501503196882920e-04
5.002741283540851607e-04
4.994993082843220437e-04
4.987256882489127154e-04
4.979532663892553617e-04
4.971820408496258580e-04
4.964120097771742993e-04
4.956431713219212063e-04
4.948755236367512363e-04
4.941090648774110151e-04
4.933437932025023067e-04
4.925797067734796275e-04
4.918168037546450429e-04
4.910550823131431793e-04
4.902945406189578633e-04
4.895351768449070261e-04
4.887769891666385834e-04
4.880199757626258275e-04
4.872641348141635242e-04
4.865094645053630882e-04
4.857559630231480293e-04
4.850036285572507000e-04
4.842524593002064406e-04
4.835024534473502723e-04
4.827536091968123440e-04
4.820059247495134323e-04
4.812593983091606052e-04
4.805140280822431560e-04
4.797698122780282666e-04
4.790267491085562369e-04
4.782848367886368530e-04
4.775440735358446164e-04
4.768044575705148412e-04
4.760659871157389375e-04
4.753286603973604541e-04
4.745924756439707961e-04
4.738574310869047256e-04
4.731235249602366204e-04
4.723907555007755962e-04
4.716591209480617110e-04
4.709286195443615746e-04
4.701992495346643368e-04
4.694710091666769712e-04
4.687438966908206430e-04
4.680179103602261559e-04
4.672930484307298853e-04
4.665693091608695510e-04
4.658466908118798796e-04
4.651251916476888105e-04
4.644048099349129414e-04
4.636855439428536800e-04
4.629673919434926363e-04
4.622503522114880439e-04
4.615344230241703156e-04
4.608196026615377062e-04
4.601058894062525178e-04
4.593932815436368717e-04
4.586817773616686965e-04
4.579713751509770659e-04
4.572620732048390010e-04
4.565538698191745908e-04
4.558467632925431432e-04
4.551407519261393910e-04
4.544358340237888831e-04
4.537320078919446242e-04
4.530292718396819246e-04
4.523276241786954727e-04
4.516270632232947816e-04
4.509275872903997437e-04
4.502291946995374866e-04
4.495318837728374942e-04
4.488356528350281914e-04
4.481405002134323363e-04
4.474464242379634963e-04
4.467534232411219286e-04
4.460614955579903515e-04
4.453706395262302040e-04
4.446808534860773629e-04
4.439921357803385113e-04
4.433044847543870181e-04
4.426178987561587099e-04
4.419323761361481848e-04
4.412479152474049629e-04
4.405645144455291504e-04
4.398821720886676983e-04
4.392008865375104996e-04
4.385206561552864864e-04
4.378414793077592924e-04
4.371633543632240555e-04
4.364862796925028632e-04
4.358102536689409585e-04
4.351352746684032159e-04
4.344613410692696421e-04
4.337884512524320152e-04
4.331166036012897643e-04
4.324457965017458497e-04
4.317760283422035646e-04
4.311072975135617647e-04
4.304396024092118321e-04
4.297729414250332845e-04
4.291073129593900347e-04
4.284427154131266501e-04
4.277791471895645036e-04
4.271166066944979793e-04
4.264550923361901894e-04
4.257946025253699389e-04
4.251351356752272256e-04
4.244766902014097173e-04
4.238192645220191187e-04
4.231628570576067270e-04
4.225074662311706125e-04
4.218530904681507942e-04
4.211997281964263121e-04
4.205473778463108907e-04
4.198960378505495780e-04
4.192457066443145168e-04
4.185963826652015296e-04
4.179480643532264327e-04
4.173007501508209155e-04
4.166544385028291800e-04
4.160091278565039292e-04
4.153648166615028434e-04
4.147215033698845683e-04
4.140791864361054089e-04
4.134378643170152630e-04
4.127975354718542607e-04
4.121581983622484816e-04
4.115198514522068647e-04
4.108824932081172514e-04
4.102461220987428073e-04
4.096107365952180107e-04
4.089763351710454004e-04
4.083429163020919428e-04
4.077104784665845877e-04
4.070790201451077736e-04
4.064485398205990377e-04
4.058190359783453286e-04
4.051905071059799172e-04
4.045629516934779509e-04
4.039363682331536349e-04
4.033107552196562749e-04
4.026861111499664822e-04
4.020624345233928670e-04
4.014397238415681897e-04
4.008179776084458369e-04
4.001971943302964061e-04
3.995773725157040200e-04
3.989585106755622599e-04
3.983406073230715645e-04
3.977236609737348923e-04
3.971076701453543612e-04
3.964926333580275617e-04
3.958785491341444132e-04
3.952654159983832603e-04
3.946532324777072957e-04
3.940419971013611983e-04
3.934317084008677186e-04
3.928223649100236127e-04
3.922139651648968235e-04
3.916065077038223064e-04
3.909999910673992102e-04
3.903944137984865950e-04
3.897897744422005044e-04
3.891860715459104962e-04
3.885833036592355768e-04
3.879814693340413278e-04
3.873805671244361115e-04
3.867805955867676553e-04
3.861815532796197457e-04
3.855834387638084324e-04
3.849862506023788312e-04
3.843899873606016534e-04
3.837946476059696287e-04
3.832002299081941439e-04
3.826067328392018818e-04
3.820141549731312976e-04
3.814224948863290414e-04
3.808317511573469758e-04
3.802419223669383278e-04
3.796530070980543817e-04
3.790650039358413890e-04
3.784779114676365568e-04
3.778917282829653379e-04
3.773064529735374725e-04
3.767220841332440074e-04
3.761386203581537180e-04
3.755560602465095842e-04
3.749744023987259720e-04
3.743936454173847845e-04
3.738137879072319378e-04
3.732348284751748138e-04
3.726567657302779770e-04
3.720795982837604645e-04
3.715033247489921532e-04
3.709279437414906167e-04
3.703534538789176006e-04
3.697798537810759330e-04
3.692071420699059468e-04
3.686353173694823892e-04
3.680643783060110071e-04
3.674943235078251855e-04
3.669251516053828035e-04
3.663568612312629279e-04
3.657894510201625056e-04
3.652229196088927323e-04
3.646572656363766124e-04
3.640924877436446769e-04
3.635285845738326521e-04
3.629655547721773396e-04
3.624033969860141228e-04
3.618421098647732806e-04
3.612816920599767347e-04
3.607221422252349053e-04
3.601634590162437299e-04
3.596056410907809767e-04
3.590486871087033172e-04
3.584925957319430199e-04
3.579373656245046970e-04
3.573829954524621066e-04
3.568294838839552248e-04
3.562768295891863973e-04
3.557250312404180081e-04
3.551740875119684137e-04
3.546239970802093412e-04
3.540747586235627980e-04
3.535263708224970608e-04
3.529788323595246151e-04
3.524321419191981980e-04
3.518862981881080336e-04
3.513412998548784178e-04
3.507971456101646821e-04
3.502538341466502670e-04
3.497113641590431435e-04
3.491697343440729943e-04
3.486289434004880700e-04
3.480889900290518816e-04
3.475498729325401655e-04
3.470115908157379555e-04
3.464741423854361137e-04
3.459375263504285117e-04
3.454017414215086691e-04
3.448667863114672060e-04
3.443326597350878857e-04
3.437993604091453916e-04
3.432668870524015876e-04
3.427352383856026980e-04
3.422044131314765981e-04
3.416744100147290188e-04
3.411452277620409990e-04
3.406168651020656871e-04
3.400893207654251968e-04
3.395625934847077343e-04
3.390366819944645618e-04
3.385115850312065289e-04
3.379873013334016327e-04
3.374638296414717107e-04
3.369411686977894058e-04
3.364193172466749672e-04
3.358982740343937571e-04
3.353780378091526728e-04
3.348586073210973817e-04
3.343399813223094487e-04
3.338221585668031373e-04
3.333051378105224825e-04
3.327889178113382007e-04
3.322734973290450335e-04
3.317588751253584410e-04
3.312450499639114031e-04
3.307320206102524682e-04
3.302197858318415245e-04
3.297083443980475237e-04
3.291976950801454990e-04
3.286878366513134751e-04
3.281787678866296496e-04
3.276704875630690860e-04
3.271629944595014911e-04
3.266562873566875285e-04
3.261503650372762713e-04
3.256452262858023283e-04
3.251408698886825376e-04
3.246372946342137981e-04
3.241344993125691663e-04
3.236324827157957963e-04
3.231312436378116332e-04
3.226307808744025398e-04
3.221310932232194775e-04
3.216321794837756335e-04
3.211340384574433850e-04
3.206366689474517508e-04
3.201400697588830313e-04
3.196442396986704220e-04
3.191491775755947620e-04
3.186548822002820396e-04
3.181613523852000859e-04
3.176685869446562978e-04
3.171765846947940059e-04
3.166853444535905229e-04
3.161948650408536745e-04
3.157051452782190341e-04
3.152161839891475382e-04
3.147279799989221791e-04
3.142405321346451860e-04
3.137538392252355317e-04
3.132679001014260049e-04
3.127827135957599578e-04
3.122982785425895171e-04
3.118145937780716264e-04
3.113316581401660409e-04
3.108494704686321289e-04
3.103680296050264861e-04
3.098873343926994667e-04
3.094073836767931773e-04
3.089281763042383330e-04
3.084497111237513296e-04
3.079719869858318589e-04
3.074950027427597642e-04
3.070187572485926007e-04
3.065432493591628170e-04
3.060684779320747189e-04
3.055944418267019761e-04
3.051211399041850198e-04
3.046485710274281699e-04
3.041767340610965448e-04
3.037056278716139470e-04
3.032352513271597736e-04
3.027656032976664140e-04
3.022966826548163224e-04
3.018284882720396870e-04
3.013610190245115026e-04
3.008942737891486972e-04
3.004282514446079098e-04
2.999629508712821292e-04
2.994983709512986881e-04
2.990345105685161733e-04
2.985713686085218776e-04
2.981089439586290355e-04
2.976472355078742206e-04
2.971862421470146355e-04
2.967259627685254011e-04
2.962663962665971172e-04
2.958075415371329894e-04
2.953493974777462810e-04
2.948919629877573860e-04
2.944352369681917689e-04
2.939792183217768205e-04
2.935239059529392018e-04
2.930692987678027296e-04
2.926153956741851239e-04
2.921621955815958938e-04
2.917096974012331934e-04
2.912579000459818157e-04
2.908068024304101030e-04
2.903564034707675073e-04
2.899067020849819881e-04
2.894576971926575188e-04
2.890093877150712678e-04
2.885617725751711050e-04
2.881148506975730536e-04
2.876686210085586883e-04
2.872230824360726413e-04
2.867782339097197839e-04
2.863340743607629491e-04
2.858906027221200588e-04
2.854478179283617928e-04
2.850057189157090406e-04
2.845643046220301372e-04
2.841235739868385856e-04
2.836835259512901844e-04
2.832441594581807504e-04
2.828054734519434626e-04
2.823674668786465311e-04
2.819301386859902154e-04
2.814934878233047106e-04
2.810575132415474905e-04
2.806222138933005435e-04
2.801875887327684748e-04
2.797536367157753084e-04
2.793203567997624807e-04
2.788877479437858599e-04
2.784558091085139559e-04
2.780245392562245605e-04
2.775939373508029572e-04
2.771640023577389409e-04
2.767347332441246486e-04
2.763061289786520659e-04
2.758781885316103169e-04
2.754509108748834411e-04
2.750242949819475748e-04
2.745983398278691078e-04
2.741730443893015934e-04
2.737484076444835802e-04
2.733244285732361182e-04
2.729011061569602652e-04
2.724784393786348099e-04
2.720564272228134534e-04
2.716350686756228029e-04
2.712143627247597154e-04
2.707943083594887505e-04
2.703749045706401095e-04
2.699561503506069798e-04
2.695380446933428784e-04
2.691205865943597001e-04
2.687037750507249531e-04
2.682876090610595361e-04
2.678720876255352452e-04
2.674572097458724419e-04
2.670429744253376690e-04
2.666293806687411016e-04
2.662164274824342712e-04
2.658041138743076257e-04
2.653924388537882528e-04
2.649814014318374405e-04
2.645710006209482375e-04
2.641612354351432308e-04
2.637521048899718894e-04
2.633436080025085583e-04
2.629357437913498567e-04
2.625285112766125094e-04
2.621219094799307446e-04
2.617159374244539633e-04
2.613105941348448417e-04
2.609058786372764034e-04
2.605017899594299063e-04
2.600983271304927271e-04
2.596954891811556520e-04
2.592932751436107072e-04
2.588916840515489916e-04
2.584907149401581279e-04
2.580903668461200949e-04
2.576906388076087334e-04
2.572915298642876325e-04
2.568930390573077437e-04
2.564951654293051047e-04
2.560979080243983995e-04
2.557012658881868987e-04
2.553052380677479113e-04
2.549098236116347795e-04
2.545150215698743302e-04
2.541208309939645984e-04
2.537272509368729842e-04
2.533342804530333255e-04
2.529419185983440002e-04
2.525501644301657582e-04
2.521590170073191193e-04
2.517684753900824757e-04
2.513785386401894357e-04
2.509892058208269263e-04
2.506004759966328085e-04
2.502123482336935994e-04
2.498248215995422508e-04
2.494378951631558172e-04
2.490515679949535047e-04
2.486658391667940149e-04
2.482807077519737552e-04
2.478961728252243460e-04
2.475122334627104519e-04
2.471288887420273420e-04
2.467461377421993184e-04
2.463639795436767884e-04
2.459824132283344213e-04
2.456014378794688178e-04
2.452210525817964497e-04
2.448412564214513831e-04
2.444620484859830016e-04
2.440834278643538380e-04
2.437053936469376226e-04
2.433279449255166811e-04
2.429510807932801187e-04
2.425748003448215161e-04
2.421991026761365984e-04
2.418239868846213650e-04
2.414494520690696499e-04
2.410754973296711163e-04
2.407021217680090335e-04
2.403293244870581633e-04
2.399571045911824826e-04
2.395854611861332863e-04
2.392143933790466396e-04
2.388439002784416428e-04
2.384739809942181281e-04
2.381046346376543819e-04
2.377358603214052481e-04
2.373676571594997428e-04
2.370000242673392919e-04
2.366329607616951027e-04
2.362664657607065912e-04
2.359005383838787262e-04
2.355351777520804299e-04
2.351703829875420300e-04
2.348061532138534437e-04
2.344424875559618197e-04
2.340793851401698304e-04
2.337168450941330970e-04
2.333548665468584819e-04
2.329934486287016219e-04
2.326325904713653025e-04
2.322722912078969092e-04
2.319125499726867477e-04
2.315533659014655770e-04
2.311947381313028747e-04
2.308366658006045602e-04
2.304791480491109889e-04
2.301221840178948382e-04
2.297657728493592098e-04
2.294099136872352718e-04
2.290546056765804697e-04
2.286998479637764124e-04
2.283456396965267304e-04
2.279919800238550435e-04
2.276388680961030360e-04
2.272863030649282883e-04
2.269342840833023526e-04
2.265828103055085574e-04
2.262318808871400556e-04
2.258814949850979548e-04
2.255316517575890398e-04
2.251823503641238759e-04
2.248335899655147486e-04
2.244853697238737120e-04
2.241376888026104747e-04
2.237905463664305295e-04
2.234439415813330122e-04
2.230978736146087499e-04
2.227523416348382824e-04
2.224073448118898293e-04
2.220628823169173386e-04
2.217189533223584805e-04
2.213755570019325608e-04
2.210326925306387046e-04
2.206903590847536880e-04
2.203485558418302303e-04
2.200072819806946902e-04
2.196665366814453313e-04
2.193263191254502616e-04
2.189866284953454552e-04
2.186474639750329092e-04
2.183088247496784481e-04
2.179707100057099616e-04
2.176331189308153996e-04
2.172960507139408469e-04
2.169595045452884640e-04
2.166234796163146704e-04
2.162879751197281934e-04
2.159529902494879269e-04
2.156185242008013317e-04
2.152845761701222677e-04
2.149511453551490689e-04
2.146182309548227008e-04
2.142858321693248355e-04
2.139539482000758189e-04
2.136225782497329362e-04
2.132917215221883246e-04
2.129613772225670760e-04
2.126315445572254752e-04
2.123022227337488857e-04
2.119734109609501234e-04
2.116451084488672068e-04
2.113173144087617580e-04
2.109900280531169423e-04
2.106632485956356257e-04
2.103369752512385040e-04
2.100112072360621788e-04
2.096859437674573141e-04
2.093611840639867121e-04
2.090369273454234424e-04
2.087131728327490268e-04
2.083899197481514870e-04
2.080671673150235289e-04
2.077449147579606722e-04
2.074231613027593534e-04
2.071019061764151634e-04
2.067811486071207609e-04
2.064608878242642730e-04
2.061411230584273707e-04
2.058218535413833445e-04
2.055030785060953157e-04
2.051847971867144197e-04
2.048670088185778823e-04
2.045497126382072033e-04
2.042329078833064488e-04
2.039165937927602456e-04
2.036007696066321007e-04
2.032854345661623953e-04
2.029705879137667858e-04
2.026562288930341710e-04
2.023423567487250385e-04
2.020289707267695944e-04
2.017160700742658391e-04
2.014036540394779679e-04
2.010917218718344737e-04
2.007802728219261956e-04
2.004693061415047735e-04
2.001588210834806699e-04
1.998488169019214348e-04
1.995392928520499441e-04
1.992302481902426107e-04
1.989216821740274598e-04
1.986135940620824757e-04
1.983059831142338671e-04
1.979988485914541694e-04
1.976921897558605104e-04
1.973860058707128755e-04
1.970802962004122914e-04
1.967750600104990104e-04
1.964702965676509380e-04
1.961660051396816272e-04
1.958621849955387067e-04
1.955588354053019833e-04
1.952559556401818153e-04
1.949535449725173241e-04
1.946516026757745782e-04
1.943501280245448577e-04
1.940491202945430831e-04
1.937485787626057820e-04
1.934485027066896253e-04
1.931488914058695301e-04
1.928497441403369793e-04
1.925510601913982863e-04
1.922528388414728882e-04
1.919550793740915562e-04
1.916577810738948236e-04
1.913609432266311159e-04
1.910645651191550159e-04
1.907686460394257186e-04
1.904731852765050796e-04
1.901781821205562873e-04
1.898836358628417211e-04
1.895895457957214611e-04
1.892959112126516887e-04
1.890027314081828161e-04
1.887100056779577792e-04
1.884177333187104651e-04
1.881259136282640318e-04
1.878345459055291190e-04
1.875436294505021409e-04
1.872531635642637408e-04
1.869631475489770837e-04
1.866735807078860132e-04
1.863844623453136690e-04
1.860957917666604270e-04
1.858075682784027065e-04
1.855197911880908563e-04
1.852324598043477452e-04
1.849455734368671625e-04
1.846591313964117582e-04
1.843731329948119591e-04
1.840875775449638267e-04
1.838024643608277030e-04
1.835177927574264207e-04
1.832335620508437045e-04
1.829497715582225443e-04
1.826664205977635155e-04
1.823835084887231517e-04
1.821010345514123194e-04
1.818189981071945637e-04
1.815373984784846180e-04
1.812562349887464255e-04
1.809755069624919730e-04
1.806952137252792589e-04
1.804153546037109914e-04
1.801359289254326644e-04
1.798569360191313378e-04
1.795783752145335504e-04
1.793002458424041541e-04
1.790225472345443626e-04
1.787452787237903964e-04
1.784684396440116931e-04
1.781920293301094446e-04
1.779160471180149159e-04
1.776404923446878463e-04
1.773653643481149856e-04
1.770906624673082238e-04
1.768163860423034529e-04
1.765425344141583982e-04
1.762691069249516156e-04
1.759961029177804586e-04
1.757235217367598046e-04
1.754513627270202927e-04
1.751796252347068606e-04
1.749083086069771174e-04
1.746374121919997183e-04
1.743669353389530358e-04
1.740968773980232625e-04
1.738272377204030559e-04
1.735580156582899934e-04
1.732892105648849461e-04
1.730208217943905605e-04
1.727528487020096057e-04
1.724852906439435364e-04
1.722181469773910022e-04
1.719514170605461402e-04
1.716851002525970568e-04
1.714191959137244996e-04
1.711537034051000146e-04
1.708886220888846720e-04
1.706239513282273041e-04
1.703596904872632049e-04
1.700958389311124218e-04
1.698323960258783197e-04
1.695693611386460355e-04
1.693067336374809602e-04
1.690445128914272216e-04
1.687826982705061115e-04
1.685212891457147852e-04
1.682602848890244179e-04
1.679996848733789040e-04
1.677394884726933933e-04
1.674796950618526647e-04
1.672203040167096898e-04
1.669613147140840332e-04
1.667027265317605250e-04
1.664445388484876883e-04
1.661867510439761400e-04
1.659293624988973171e-04
1.656723725948817418e-04
1.654157807145177476e-04
1.651595862413498801e-04
1.649037885598775147e-04
1.646483870555531218e-04
1.643933811147811554e-04
1.641387701249163728e-04
1.638845534742623168e-04
1.636307305520699870e-04
1.633773007485362684e-04
1.631242634548025214e-04
1.628716180629531185e-04
1.626193639660139263e-04
1.623675005579508957e-04
1.621160272336686530e-04
1.618649433890089276e-04
1.616142484207491693e-04
1.613639417266011394e-04
1.611140227052092839e-04
1.608644907561496498e-04
1.606153452799280684e-04
1.603665856779788550e-04
1.601182113526633717e-04
1.598702217072686996e-04
1.596226161460060397e-04
1.593753940740093029e-04
1.591285548973337554e-04
1.588820980229546361e-04
1.586360228587655027e-04
1.583903288135770943e-04
1.581450152971157312e-04
1.579000817200219603e-04
1.576555274938490640e-04
1.574113520310617593e-04
1.571675547450347883e-04
1.569241350500512919e-04
1.566810923613016983e-04
1.564384260948821785e-04
1.561961356677931821e-04
1.559542204979380824e-04
1.557126800041219023e-04
1.554715136060497692e-04
1.552307207243255600e-04
1.549903007804505188e-04
1.547502531968218470e-04
1.545105773967312942e-04
1.542712728043639384e-04
1.540323388447965597e-04
1.537937749439964477e-04
1.535555805288198563e-04
1.533177550270108113e-04
1.530802978671996198e-04
1.528432084789014872e-04
1.526064862925151898e-04
1.523701307393217190e-04
1.521341412514829264e-04
1.518985172620400056e-04
1.516632582049123813e-04
1.514283635148961640e-04
1.511938326276628488e-04
1.509596649797579336e-04
1.507258600085996175e-04
1.504924171524774459e-04
1.502593358505509280e-04
1.500266155428480732e-04
1.497942556702643610e-04
1.495622556745611418e-04
1.493306149983643089e-04
1.490993330851630245e-04
1.488684093793084186e-04
1.486378433260121795e-04
1.484076343713451715e-04
1.481777819622362967e-04
1.479482855464710309e-04
1.477191445726900958e-04
1.474903584903880765e-04
1.472619267499122560e-04
1.470338488024612329e-04
1.468061241000835659e-04
1.465787520956763918e-04
1.463517322429843412e-04
1.461250639965979662e-04
1.458987468119526021e-04
1.456727801453269852e-04
1.454471634538418974e-04
1.452218961954590548e-04
1.449969778289796171e-04
1.447724078140429137e-04
1.445481856111252236e-04
1.443243106815383936e-04
1.441007824874286451e-04
1.438776004917751653e-04
1.436547641583889410e-04
1.434322729519112952e-04
1.432101263378128574e-04
1.429883237823920182e-04
1.427668647527737368e-04
1.425457487169083757e-04
1.423249751435703720e-04
1.421045435023567474e-04
1.418844532636861046e-04
1.416647038987972997e-04
1.414452948797480594e-04
1.412262256794138428e-04
1.410074957714864863e-04
1.407891046304729293e-04
1.405710517316940218e-04
1.403533365512832777e-04
1.401359585661854650e-04
1.399189172541555218e-04
1.397022120937572553e-04
1.394858425643620407e-04
1.392698081461476013e-04
1.390541083200967350e-04
1.388387425679961482e-04
1.386237103724350739e-04
1.384090112168041332e-04
1.381946445852941154e-04
1.379806099628946229e-04
1.377669068353929327e-04
1.375535346893727768e-04
1.373404930122129597e-04
1.371277812920863013e-04
1.369153990179583361e-04
1.367033456795860660e-04
1.364916207675167137e-04
1.362802237730865844e-04
1.360691541884198185e-04
1.358584115064270640e-04
1.356479952208044734e-04
1.354379048260322398e-04
1.352281398173735673e-04
1.350186996908733696e-04
1.348095839433570235e-04
1.346007920724293658e-04
1.343923235764732025e-04
1.341841779546482517e-04
1.339763547068900326e-04
1.337688533339084556e-04
1.335616733371867656e-04
1.333548142189802676e-04
1.331482754823152973e-04
1.329420566309877296e-04
1.327361571695620578e-04
1.325305766033700648e-04
1.323253144385097124e-04
1.321203701818438395e-04
1.319157433409991057e-04
1.317114334243647171e-04
1.315074399410913692e-04
1.313037624010899185e-04
1.311004003150301905e-04
1.308973531943399761e-04
1.306946205512037854e-04
1.304922018985616003e-04
1.302900967501078179e-04
1.300883046202898406e-04
1.298868250243073177e-04
1.296856574781106268e-04
1.294848014983999258e-04
1.292842566026237701e-04
1.290840223089781641e-04
1.288840981364053416e-04
1.286844836045925998e-04
1.284851782339710804e-04
1.282861815457147115e-04
1.280874930617390429e-04
1.278891123047000531e-04
1.276910387979930379e-04
1.274932720657514184e-04
1.272958116328456557e-04
1.270986570248821136e-04
1.269018077682018924e-04
1.267052633898796638e-04
1.265090234177225590e-04
1.263130873802690310e-04
1.261174548067877700e-04
1.259221252272765107e-04
1.257270981724608672e-04
1.255323731737933567e-04
1.253379497634521530e-04
1.251438274743398938e-04
1.249500058400828404e-04
1.247564843950294141e-04
1.245632626742492204e-04
1.243703402135320460e-04
1.241777165493866122e-04
1.239853912190394362e-04
1.237933637604338285e-04
1.236016337122287272e-04
1.234102006137975866e-04
1.232190640052272120e-04
1.230282234273168379e-04
1.228376784215768269e-04
1.226474285302276671e-04
1.224574732961988062e-04
1.222678122631276219e-04
1.220784449753584459e-04
1.218893709779410322e-04
1.217005898166300293e-04
1.215121010378834615e-04
1.213239041888618621e-04
1.211359988174271076e-04
1.209483844721413200e-04
1.207610607022657962e-04
1.205740270577600052e-04
1.203872830892803680e-04
1.202008283481792146e-04
1.200146623865038485e-04
1.198287847569952456e-04
1.196431950130871601e-04
1.194578927089049586e-04
1.192728773992646039e-04
1.190881486396714624e-04
1.189037059863194907e-04
1.187195489960898804e-04
1.185356772265501370e-04
1.183520902359530086e-04
1.181687875832354833e-04
1.179857688280175695e-04
1.178030335306014015e-04
1.176205812519700466e-04
1.174384115537865838e-04
1.172565239983929788e-04
1.170749181488089729e-04
1.168935935687311474e-04
1.167125498225318400e-04
1.165317864752580737e-04
1.163513030926304999e-04
1.161710992410423956e-04
1.159911744875585923e-04
1.158115283999144738e-04
1.156321605465148914e-04
1.154530704964331343e-04
1.152742578194099264e-04
1.150957220858523966e-04
1.149174628668329673e-04
1.147394797340884194e-04
1.145617722600188350e-04
1.143843400176865134e-04
1.142071825808150089e-04
1.140302995237881006e-04
1.138536904216487625e-04
1.136773548500981200e-04
1.135012923854944743e-04
1.133255026048522176e-04
1.131499850858409123e-04
1.129747394067841791e-04
1.127997651466587349e-04
1.126250618850933768e-04
1.124506292023679920e-04
1.122764666794125014e-04
1.121025738978058563e-04
1.119289504397751170e-04
1.117555958881943413e-04
1.115825098265836227e-04
1.114096918391081547e-04
1.112371415105770659e-04
1.110648584264426467e-04
1.108928421727991577e-04
1.107210923363819344e-04
1.105496085045663845e-04
1.103783902653669583e-04
1.102074372074361995e-04
1.100367489200637563e-04
1.098663249931753510e-04
1.096961650173318588e-04
1.095262685837282912e-04
1.093566352841927658e-04
1.091872647111856123e-04
1.090181564577983556e-04
1.088493101177527269e-04
1.086807252853997009e-04
1.085124015557185207e-04
1.083443385243156807e-04
1.081765357874240870e-04
1.080089929419019183e-04
1.078417095852317320e-04
1.076746853155195695e-04
1.075079197314938583e-04
1.073414124325045585e-04
1.071751630185220920e-04
1.070091710901364886e-04
1.068434362485564374e-04
1.066779580956252654e-04
1.065127362337774878e-04
1.063477702660632569e-04
1.061830597961558025e-04
1.060186044283424736e-04
1.058544037675233966e-04
1.056904574192106761e-04
1.055267649895274185e-04
1.053633260852067160e-04
1.052001403135907523e-04
1.050372072826298803e-04
1.048745266008816742e-04
1.047120978775098856e-04
1.045499207222837115e-04
1.043879947455766293e-04
1.042263195583656101e-04
1.040648947722301707e-04
1.039037199993513429e-04
1.037427948525108609e-04
1.035821189450901719e-04
1.034216918910694735e-04
1.032615133050268874e-04
1.031015828021374428e-04
1.029418999981721549e-04
1.027824645094971843e-04
1.026232759530728346e-04
1.024643339464526443e-04
1.023056381077825055e-04
1.021471880557997021e-04
1.019889834098320150e-04
1.018310237897968414e-04
1.016733088162002192e-04
1.015158381101359048e-04
1.013586112932845877e-04
1.012016279879128603e-04
1.010448878168722825e-04
1.008883904035986232e-04
1.007321353721108163e-04
1.005761223470101482e-04
1.004203509534792947e-04
1.002648208172814544e-04
1.001095315647594538e-04
9.995448282283481243e-05
9.979967421900687525e-05
9.964510538135193190e-05
9.949077593852226798e-05
9.933668551974535188e-05
9.918283375482287259e-05
9.902922027412988583e-05
9.887584470861394677e-05
9.872270668979413416e-05
9.856980584976023725e-05
9.841714182117195615e-05
9.826471423725783119e-05
9.811252273181445688e-05
9.796056693920562810e-05
9.780884649436143207e-05
9.765736103277738100e-05
9.750611019051349051e-05
9.735509360419346649e-05
9.720431091100385128e-05
9.705376174869302078e-05
9.690344575557047972e-05
9.675336257050587234e-05
9.660351183292818279e-05
9.645389318282481352e-05
9.630450626074079929e-05
9.615535070777785846e-05
9.600642616559359338e-05
9.585773227640056885e-05
9.570926868296548539e-05
9.556103502860837967e-05
9.541303095720167580e-05
9.526525611316933153e-05
9.511771014148610642e-05
9.497039268767651832e-05
9.482330339781416568e-05
9.467644191852076538e-05
9.452980789696535310e-05
9.438340098086345665e-05
9.423722081847616078e-05
9.409126705860938896e-05
9.394553935061290047e-05
9.380003734437963989e-05
9.365476069034472061e-05
9.350970903948469307e-05
9.336488204331667734e-05
9.322027935389749580e-05
9.307590062382287350e-05
9.293174550622658437e-05
9.278781365477963808e-05
9.264410472368943977e-05
9.250061836769892269e-05
9.235735424208582991e-05
9.221431200266168434e-05
9.207149130577119242e-05
9.192889180829125477e-05
9.178651316763024792e-05
9.164435504172706206e-05
9.150241708905045056e-05
9.136069896859810835e-05
9.121920033989587237e-05
9.107792086299686769e-05
9.093686019848078931e-05
9.079601800745293989e-05
9.065539395154357920e-05
9.051498769290698904e-05
9.037479889422071430e-05
9.023482721868473621e-05
9.009507233002067279e-05
8.995553389247095213e-05
8.981621157079806698e-05
8.967710503028368031e-05
8.953821393672785280e-05
8.939953795644829746e-05
8.926107675627951228e-05
8.912283000357196705e-05
8.898479736619138508e-05
8.884697851251786231e-05
8.870937311144513546e-05
8.857198083237971466e-05
8.843480134524016518e-05
8.829783432045625361e-05
8.816107942896821603e-05
8.802453634222587710e-05
8.788820473218797241e-05
8.775208427132130825e-05
8.761617463259993490e-05
8.748047548950437413e-05
8.734498651602094158e-05
8.720970738664081162e-05
8.707463777635931265e-05
8.693977736067516810e-05
8.680512581558964271e-05
8.667068281760587837e-05
8.653644804372794550e-05
8.640242117146027380e-05
8.626860187880667650e-05
8.613498984426975406e-05
8.600158474684995900e-05
8.586838626604495896e-05
8.573539408184882354e-05
8.560260787475118408e-05
8.547002732573659662e-05
8.533765211628364749e-05
8.520548192836428921e-05
8.507351644444301382e-05
8.494175534747609388e-05
8.481019832091086423e-05
8.467884504868492240e-05
8.454769521522538316e-05
8.441674850544810611e-05
8.428600460475696378e-05
8.415546319904308270e-05
8.402512397468403027e-05
8.389498661854316423e-05
8.376505081796881949e-05
8.363531626079353566e-05
8.350578263533332520e-05
8.337644963038698225e-05
8.324731693523524235e-05
8.311838423964011842e-05
8.298965123384407399e-05
8.286111760856934561e-05
8.273278305501718390e-05
8.260464726486709463e-05
8.247670993027610684e-05
8.234897074387804105e-05
8.222142939878277737e-05
8.209408558857544242e-05
8.196693900731579939e-05
8.183998934953742139e-05
8.171323631024702736e-05
8.158667958492362825e-05
8.146031886951794428e-05
8.133415386045155112e-05
8.120818425461625645e-05
8.108240974937328688e-05
8.095683004255261022e-05
8.083144483245214955e-05
8.070625381783717324e-05
8.058125669793944124e-05
8.045645317245654095e-05
8.033184294155122315e-05
8.020742570585054820e-05
8.008320116644528975e-05
7.995916902488917576e-05
7.983532898319814313e-05
7.971168074384964652e-05
7.958822400978194007e-05
7.946495848439335912e-05
7.934188387154164255e-05
7.921899987554317389e-05
7.909630620117224945e-05
7.897380255366046845e-05
7.885148863869593345e-05
7.872936416242261337e-05
7.860742883143951676e-05
7.848568235280013619e-05
7.836412443401170283e-05
7.824275478303435976e-05
7.812157310828063341e-05
7.800057911861464752e-05
7.787977252335143196e-05
7.775915303225619090e-05
7.763872035554370650e-05
7.751847420387751218e-05
7.739841428836932344e-05
7.727854032057823828e-05
7.715885201251010015e-05
7.703934907661684755e-05
7.692003122579563299e-05
7.680089817338844362e-05
7.668194963318111183e-05
7.656318531940284095e-05
7.644460494672536497e-05
7.632620823026236580e-05
7.620799488556875498e-05
7.608996462863999602e-05
7.597211717591137263e-05
7.585445224425741947e-05
7.573696955099110898e-05
7.561966881386329579e-05
7.550254975106193060e-05
7.538561208121145039e-05
7.526885552337211427e-05
7.515227979703921750e-05
7.503588462214259001e-05
7.491966971904576969e-05
7.480363480854541967e-05
7.468777961187063710e-05
7.457210385068223488e-05
7.445660724707219957e-05
7.434128952356283758e-05
7.422615040310628725e-05
7.411118960908373284e-05
7.399640686530479464e-05
7.388180189600685138e-05
7.376737442585438965e-05
7.365312417993835343e-05
7.353905088377541224e-05
7.342515426330740546e-05
7.331143404490058344e-05
7.319788995534502469e-05
7.308452172185394473e-05
7.297132907206307266e-05
7.285831173402993290e-05
7.274546943623326240e-05
7.263280190757233302e-05
7.252030887736624683e-05
7.240799007535339397e-05
7.229584523169069372e-05
7.218387407695302531e-05
7.207207634213255026e-05
7.196045175863804836e-05
7.184900005829433485e-05
7.173772097334150152e-05
7.162661423643441525e-05
7.151567958064195907e-05
7.140491673944644941e-05
7.129432544674298557e-05
7.118390543683879919e-05
7.107365644445264442e-05
7.096357820471412025e-05
7.085367045316306068e-05
7.074393292574891127e-05
7.063436535883003801e-05
7.052496748917315807e-05
7.041573905395268930e-05
7.030667979075009969e-05
7.019778943755329754e-05
7.008906773275594025e-05
6.998051441515695998e-05
6.987212922395975054e-05
6.976391189877165233e-05
6.965586217960331543e-05
6.954797980686802195e-05
6.944026452138113035e-05
6.933271606435943853e-05
6.922533417742049260e-05
6.911811860258207190e-05
6.901106908226144361e-05
6.890418535927491555e-05
6.879746717683703650e-05
6.869091427856012196e-05
6.858452640845349513e-05
6.847830331092308038e-05
6.837224473077053587e-05
6.826635041319287407e-05
6.816062010378166219e-05
6.805505354852254781e-05
6.794965049379456774e-05
6.784441068636957875e-05
6.773933387341159358e-05
6.763441980247627942e-05
6.752966822151023967e-05
6.742507887885049894e-05
6.732065152322378474e-05
6.721638590374606672e-05
6.711228176992185194e-05
6.700833887164361566e-05
6.690455695919116433e-05
6.680093578323113423e-05
6.669747509481627310e-05
6.659417464538492520e-05
6.649103418676039433e-05
6.638805347115033396e-05
6.628523225114624576e-05
6.618257027972272071e-05
6.608006731023701895e-05
6.597772309642835147e-05
6.587553739241737872e-05
6.577350995270553292e-05
6.567164053217450313e-05
6.556992888608559821e-05
6.546837477007919125e-05
6.536697794017408251e-05
6.526573815276699806e-05
6.516465516463192565e-05
6.506372873291951841e-05
6.496295861515666119e-05
6.486234456924568450e-05
6.476188635346391727e-05
6.466158372646304989e-05
6.456143644726857855e-05
6.446144427527922250e-05
6.436160697026634125e-05
6.426192429237335187e-05
6.416239600211514618e-05
6.406302186037756221e-05
6.396380162841676083e-05
6.386473506785865647e-05
6.376582194069836153e-05
6.366706200929959003e-05
6.365482365830944149e-05
