0.000000000000000000e+00
1.525455513103111862e-03
3.049271503497191522e-03
6.093626601697875109e-03
9.131432821420117779e-03
1.216269986367109202e-02
4.211781636411800200e-02
7.142983265492641731e-02
1.001086225217312775e-01
1.281641972952518582e-01
2.120169425080394299e-01
2.901799379309896176e-01
3.629624724021661697e-01
4.306682635130928971e-01
4.935928762446217810e-01
5.765393288139861738e-01
6.509358491627634802e-01
7.175411141323537745e-01
7.770577549024844100e-01
8.301330744285421170e-01
8.400283372563970286e-01
8.496943686342328661e-01
8.505663307500406223e-01
8.514364192508613316e-01
8.523046374727381025e-01
8.540354752857084453e-01
8.557588720660463943e-01
8.561025127680934599e-01
8.564458576814441004e-01
8.571319548112680264e-01
8.571631903206613501e-01
8.571944234080961511e-01
8.572568845922488023e-01
8.572663129299658014e-01
8.572756686363344203e-01
8.572756033889651350e-01
8.572755381416017340e-01
8.572754728942437730e-01
8.572754076468906970e-01
8.572753423995413957e-01
8.572752119048596686e-01
8.572750814102005901e-01
8.572749509155642711e-01
8.572736459704499712e-01
8.572723410276058553e-01
8.572710360870319235e-01
8.572579868061578345e-01
8.572449377523070346e-01
8.572318889254750829e-01
8.572188403256582045e-01
8.570883668124269494e-01
8.569579159962606996e-01
8.568274878731285682e-01
8.566970824389992245e-01
8.553942751066908601e-01
8.540937322464126069e-01
8.527954498394929583e-01
8.514994238743610611e-01
8.502056503465988957e-01
8.422160455884091235e-01
8.343123167420145592e-01
8.264935211739938836e-01
8.187587266302817079e-01
8.111070111205050948e-01
8.035374628049239965e-01
7.960491798827202814e-01
7.886412704814240726e-01
7.813128525475619979e-01
7.740630537385054799e-01
7.668910113155142927e-01
7.597958720379560660e-01
7.527767920586909689e-01
7.458329368206105814e-01
7.389634809543135230e-01
7.321676081769101785e-01
7.254445111919420874e-01
7.187933915904032300e-01
7.122134597521647681e-01
7.057039347495595027e-01
6.992640442544592050e-01
6.928930244396726001e-01
6.865901198865140831e-01
6.803545834923571123e-01
6.741856763790405882e-01
6.680826678022822041e-01
6.620448350620913303e-01
6.560714634141679991e-01
6.501618461974113528e-01
6.443152842050288154e-01
6.385310859274974105e-01
6.328085675769208329e-01
6.271470528923447363e-01
6.215458730570059265e-01
6.160043666163571574e-01
6.105218793969773294e-01
6.050977644263759725e-01
5.997313818536824659e-01
5.944220988712074494e-01
5.891692896368696530e-01
5.839723351974761556e-01
5.788306234128479666e-01
5.737435488807818285e-01
5.687105128628376916e-01
5.637309232109445345e-01
5.588041942948142049e-01
5.539297469301542876e-01
5.491070083076727837e-01
5.443354119228637211e-01
5.396143975065675891e-01
5.349434109562943851e-01
5.303219042683058326e-01
5.257493354704433353e-01
5.212251685556972269e-01
5.167488734165077702e-01
5.123199257797887984e-01
5.079378067841953115e-01
5.036020040795649022e-01
4.993120104713931751e-01
4.950673243483867947e-01
4.908674496600202164e-01
4.867118959642629528e-01
4.826001779913924872e-01
4.785318158125601018e-01
4.745063348566913031e-01
4.705232654509400314e-01
4.665821438159291623e-01
4.626825108388414320e-01
4.588239124604060470e-01
4.550058996545859880e-01
4.512280283366643108e-01
4.474898593089808863e-01
4.437909582070928560e-01
4.401308954465404932e-01
4.365092461702029247e-01
4.329255901962327790e-01
4.293795119665650972e-01
4.258706004959923463e-01
4.223984493218022052e-01
4.189626564539672415e-01
4.155628243274793743e-01
4.121985597490755437e-01
4.088694738526219563e-01
4.055751820520940298e-01
4.023153039928081265e-01
3.990894635051744910e-01
3.958972885586550250e-01
3.927384112161802499e-01
3.896124675890647593e-01
3.865190977924217730e-01
3.834579459010676317e-01
3.804286599059116813e-01
3.774308916708277728e-01
3.744642968899992708e-01
3.715285350457354085e-01
3.686232693667512716e-01
3.657481667869073583e-01
3.629028979044041092e-01
3.600871369414259116e-01
3.573005617042290805e-01
3.545428535436696560e-01
3.518136973161661851e-01
3.491127813450929374e-01
3.464397973825967814e-01
3.437944405718365015e-01
3.411764094096370603e-01
3.385854057095550873e-01
3.360211345653517645e-01
3.334833043148677789e-01
3.309716265042959571e-01
3.284858158528479732e-01
3.260255902178095244e-01
3.235906705599811417e-01
3.211807809094994193e-01
3.187956483320342205e-01
3.164350028953590299e-01
3.140985776362889004e-01
3.117861085279828304e-01
3.094973344476065757e-01
3.072319971443508990e-01
3.049898412078025367e-01
3.027706140366641097e-01
3.005740658078172589e-01
2.983999494457280077e-01
2.962480205921879661e-01
2.941180375763892685e-01
2.920097613853294138e-01
2.899229556345416237e-01
2.878573865391477193e-01
2.858128228852300778e-01
2.837890360015186686e-01
2.817857997313900631e-01
2.798028904051747534e-01
2.778400868127697265e-01
2.758971701765522422e-01
2.739739241245928714e-01
2.720701346641622997e-01
2.701855901555310080e-01
2.683200812860573881e-01
2.664734010445604651e-01
2.646453446959758371e-01
2.628357097562906142e-01
2.610442959677538033e-01
2.592709052743605302e-01
2.575153417976057124e-01
2.557774118125051288e-01
2.540569237238807787e-01
2.523536880429066431e-01
2.506675173639138499e-01
2.489982263414505237e-01
2.473456316675946565e-01
2.457095520495168883e-01
2.440898081872902858e-01
2.424862227519444802e-01
2.408986203637619727e-01
2.393268275708127502e-01
2.377706728277262371e-01
2.362299864746961742e-01
2.347046007167174209e-01
2.331943496030510765e-01
2.316990690069160308e-01
2.302185966054039468e-01
2.287527718596158166e-01
2.273014359950168428e-01
2.258644319820081736e-01
2.244416045167123286e-01
2.230328000019703993e-01
2.216378665285483607e-01
2.202566538565509380e-01
2.188890133970392837e-01
2.175347981938520747e-01
2.161938629056261163e-01
2.148660637880155100e-01
2.135512586761061926e-01
2.122493069670246812e-01
2.109600696027378874e-01
2.096834090530427241e-01
2.084191892987428962e-01
2.071672758150110982e-01
2.059275355549343434e-01
2.046998369332407863e-01
2.034840498102053752e-01
2.022800454757332500e-01
2.010876966336179739e-01
1.999068773859735693e-01
1.987374632178378897e-01
1.975793309819453558e-01
1.964323588836677237e-01
1.952964264661206650e-01
1.941714145954340220e-01
1.930572054461850984e-01
1.919536824869914060e-01
1.908607304662628401e-01
1.897782353981106174e-01
1.887060845484110905e-01
1.876441664210235227e-01
1.865923707441594637e-01
1.855505884569020325e-01
1.845187116958741935e-01
1.834966337820533311e-01
1.824842492077314582e-01
1.814814536236188380e-01
1.804881438260897419e-01
1.795042177445687059e-01
1.785295744290554820e-01
1.775641140377878791e-01
1.766077378250398011e-01
1.756603481290545665e-01
1.747218483601102046e-01
1.737921429887168689e-01
1.728711375339439804e-01
1.719587385518759892e-01
1.710548536241952577e-01
1.701593913468907315e-01
1.692722613190909553e-01
1.683933741320201571e-01
1.675226413580758189e-01
1.666599755400266503e-01
1.658052901803296342e-01
1.649584997305645617e-01
1.641195195809849738e-01
1.632882660501842331e-01
1.624646563748755601e-01
1.616486086997843408e-01
1.608400420676518450e-01
1.600388764093493288e-01
1.592450325341005779e-01
1.584584321198125312e-01
1.576789977035122081e-01
1.569066526718888299e-01
1.561413212519405513e-01
1.553829285017237771e-01
1.546314003012045357e-01
1.538866633432106057e-01
1.531486451244834235e-01
1.524172739368281904e-01
1.516924788583619843e-01
1.509741897448576842e-01
1.502623372211837061e-01
1.495568526728378034e-01
1.488576682375740701e-01
1.481647167971223145e-01
1.474779319689986101e-01
1.467972480984058303e-01
1.461226002502237498e-01
1.454539242010869926e-01
1.447911564315506605e-01
1.441342341183417253e-01
1.434830951266962973e-01
1.428376780027808546e-01
1.421979219661972937e-01
1.415637669025701928e-01
1.409351533562160641e-01
1.403120225228929874e-01
1.396943162426305673e-01
1.390819769926382454e-01
1.384749478802922984e-01
1.378731726361996923e-01
1.372765956073385973e-01
1.366851617502742311e-01
1.360988166244495867e-01
1.355175063855499074e-01
1.349411777789403521e-01
1.343697781331759655e-01
1.338032553535830338e-01
1.332415579159111074e-01
1.326846348600551617e-01
1.321324357838465080e-01
1.315849108369125942e-01
1.310420107146039737e-01
1.305036866519883321e-01
1.299698904179109604e-01
1.294405743091199268e-01
1.289156911444568065e-01
1.283951942591106399e-01
1.278790374989358380e-01
1.273671752148319847e-01
1.268595622571862536e-01
1.263561539703763892e-01
1.258569061873346662e-01
1.253617752241716621e-01
1.248707178748588165e-01
1.243836914059702897e-01
1.239006535514820539e-01
1.234215625076287015e-01
1.229463769278165836e-01
1.224750559175932785e-01
1.220075590296722523e-01
1.215438462590124336e-01
1.210838780379517171e-01
1.206276152313946054e-01
1.201750191320522243e-01
1.197260514557351857e-01
1.192806743366981032e-01
1.188388503230356219e-01
1.184005423721286587e-01
1.179657138461413513e-01
1.175343285075672317e-01
1.171063505148246808e-01
1.166817444179006763e-01
1.162604751540426973e-01
1.158425080434979798e-01
1.154278087852996931e-01
1.150163434530996620e-01
1.146080784910467332e-01
1.142029807097107302e-01
1.138010172820513588e-01
1.134021557394311874e-01
1.130063639676729126e-01
1.126136102031597974e-01
1.122238630289791872e-01
1.118370913711083520e-01
1.114532644946425316e-01
1.110723520000643921e-01
1.106943238195545742e-01
1.103191502133428897e-01
1.099468017660997221e-01
1.095772493833671868e-01
1.092104642880294685e-01
1.088464180168222661e-01
1.084850824168803046e-01
1.081264296423234406e-01
1.077704321508796553e-01
1.074170627005458928e-01
1.070662943462852706e-01
1.067181004367606795e-01
1.063724546111047414e-01
1.060293307957246994e-01
1.056887032011430971e-01
1.053505463188729868e-01
1.050148349183274155e-01
1.046815440437632305e-01
1.043506490112583868e-01
1.040221254057225042e-01
1.036959490779404136e-01
1.033720961416483980e-01
1.030505429706422560e-01
1.027312661959175893e-01
1.024142427028414404e-01
1.020994496283550157e-01
1.017868643582072741e-01
1.014764645242191010e-01
1.011682280015772234e-01
1.008621329061585026e-01
1.005581575918831488e-01
1.002562806480974400e-01
9.995648089698512540e-02
9.965873739100725159e-02
9.936302941037039593e-02
9.906933646052261400e-02
9.877763826967697613e-02
9.848791478636249874e-02
9.820014617700187354e-02
9.791431282351602261e-02
9.763039532095488249e-02
9.734837447515440334e-02
9.706823130041938863e-02
9.678994701723159233e-02
9.651350304998339291e-02
9.623888102473615591e-02
9.596606276700347937e-02
9.569503029955868378e-02
9.542576584026654651e-02
9.515825179993886440e-02
9.489247078021369186e-02
9.462840557145793530e-02
9.436603915069283199e-02
9.410535467954267430e-02
9.384633550220566889e-02
9.358896514344750006e-02
9.333322730661684774e-02
9.307910587168267968e-02
9.282658489329329021e-02
9.257564859885665520e-02
9.232628138664189521e-02
9.207846782390172180e-02
9.183219264501552015e-02
9.158744074965280424e-02
9.134419720095701689e-02
9.110244722374916115e-02
9.086217620275155449e-02
9.062336968083070654e-02
9.038601335725983399e-02
9.015009308600038795e-02
8.991559487400263562e-02
8.968250487952469929e-02
8.945080941047042766e-02
8.922049492274523874e-02
8.899154801863039255e-02
8.876395544517491631e-02
8.853770409260530716e-02
8.831278099275283178e-02
8.808917331749797908e-02
8.786686837723227395e-02
8.764585361933673047e-02
8.742611662667736094e-02
8.720764511611696357e-02
8.699042693704354956e-02
8.677445006991481302e-02
8.655970262481874067e-02
8.634617284004986182e-02
8.613384908070145785e-02
8.592271983727309270e-02
8.571277372429346453e-02
8.550399947895856445e-02
8.529638595978462912e-02
8.508992214527612286e-02
8.488459713260822215e-02
8.468040013632391338e-02
8.447732048704539864e-02
8.427534763019965680e-02
8.407447112475817386e-02
8.387468064199028739e-02
8.367596596423054756e-02
8.347831698365937303e-02
8.328172370109750144e-02
8.308617622481322129e-02
8.289166476934314853e-02
8.269817965432588180e-02
8.250571130334827252e-02
8.231425024280478175e-02
8.212378710076903565e-02
8.193431260587805132e-02
8.174581758622863348e-02
8.155829296828584485e-02
8.137172977580384159e-02
8.118611912875800529e-02
8.100145224228946783e-02
8.081772042566078007e-02
8.063491508122325180e-02
8.045302770339578247e-02
8.027204987765462763e-02
8.009197327953465617e-02
7.991278967364132124e-02
7.973449091267359456e-02
7.955706893645765609e-02
7.938051577099135281e-02
7.920482352749884380e-02
7.902998440149607007e-02
7.885599067186614686e-02
7.868283469993880841e-02
7.851050892858976726e-02
7.833900588137299170e-02
7.816831816159949820e-02
7.799843845147422239e-02
7.782935951123247376e-02
7.766107417828439774e-02
7.749357536636894417e-02
7.732685606471692563e-02
7.716090933722367928e-02
7.699572832163031899e-02
7.683130622871447990e-02
7.666763634148965334e-02
7.650471201441357005e-02
7.634252667260495173e-02
7.618107381106939413e-02
7.602034699393325767e-02
7.586033985368632881e-02
7.570104609043266930e-02
7.554245947114977822e-02
7.538457382895577541e-02
7.522738306238492545e-02
7.507088113467083601e-02
7.491506207303771925e-02
7.475991996799936923e-02
7.460544897266596642e-02
7.445164330205834846e-02
7.429849723243005244e-02
7.414600510059649041e-02
7.399416130327191032e-02
7.384296029641330972e-02
7.369239659457174629e-02
7.354246477025083717e-02
7.339315945327200275e-02
7.324447533014721845e-02
7.309640714345813639e-02
7.294894969124246509e-02
7.280209782638670524e-02
7.265584645602606029e-02
7.251019054095042549e-02
7.236512509501721868e-02
7.222064518457071980e-02
7.207674592786759982e-02
7.193342249450888903e-02
7.179067010487819034e-02
7.164848402958602647e-02
7.150685958892040450e-02
7.136579215230322293e-02
7.122527713775297920e-02
7.108531001135304228e-02
7.094588628672601760e-02
7.080700152451381568e-02
7.066865133186346626e-02
7.053083136191844182e-02
7.039353731331589314e-02
7.025676492968908893e-02
7.012050999917555927e-02
6.998476835393051265e-02
6.984953586964562366e-02
6.971480846507324691e-02
6.958058210155569634e-02
6.944685278255979810e-02
6.931361655321653659e-02
6.918086949986575196e-02
6.904860774960593084e-02
6.891682746984882646e-02
6.878552486787906095e-02
6.865469619041857097e-02
6.852433772319570238e-02
6.839444579051943973e-02
6.826501675485771581e-02
6.813604701642096695e-02
6.800753301274982399e-02
6.787947121830763264e-02
6.775185814407720664e-02
6.762469033716231315e-02
6.749796438039318280e-02
6.737167689193675202e-02
6.724582452491083273e-02
6.712040396700276468e-02
6.699541194009216161e-02
6.687084519987784859e-02
6.674670053550892102e-02
6.662297476921971717e-02
6.649966475596902349e-02
6.637676738308306845e-02
6.625427956990265210e-02
6.613219826743375884e-02
6.601052045800254175e-02
6.588924315491372086e-02
6.576836340211286713e-02
6.564787827385233643e-02
6.552778487436097810e-02
6.540808033751750739e-02
6.528876182652719462e-02
6.516982653360248179e-02
6.505127167964686041e-02
6.493309451394232990e-02
6.481529231384021428e-02
6.469786238445547621e-02
6.458080205836436161e-02
6.446410869530526389e-02
6.434777968188307162e-02
6.423181243127661089e-02
6.411620438294940438e-02
6.400095300236346985e-02
6.388605578069646296e-02
6.377151023456176238e-02
6.365731390573173276e-02
6.354346436086399930e-02
6.342995919123067816e-02
6.331679601245075728e-02
6.320397246422508608e-02
6.309148621007472368e-02
6.297933493708179897e-02
6.286751635563336826e-02
6.275602819916811792e-02
6.264486822392574539e-02
6.253403420869918516e-02
6.242352395458955483e-02
6.231333528476375866e-02
6.220346604421473496e-02
6.209391409952440266e-02
6.198467733862920298e-02
6.187575367058813225e-02
6.176714102535350165e-02
6.165883735354397294e-02
6.155084062622037666e-02
6.144314883466368143e-02
6.133575999015569019e-02
6.122867212376195689e-02
6.112188328611718041e-02
6.101539154721289521e-02
6.090919499618756977e-02
6.080329174111897411e-02
6.069767990881878850e-02
6.059235764462955059e-02
6.048732311222375368e-02
6.038257449340520694e-02
6.027810998791260921e-02
6.017392781322516981e-02
6.007002620437044277e-02
5.996640341373429828e-02
5.986305771087291339e-02
5.975998738232684432e-02
5.965719073143724988e-02
5.955466607816391200e-02
5.945241175890547680e-02
5.935042612632154130e-02
5.924870754915677329e-02
5.914725441206684919e-02
5.904606511544646663e-02
5.894513807525912641e-02
5.884447172286877414e-02
5.874406450487339171e-02
5.864391488294033727e-02
5.854402133364351030e-02
5.844438234830232060e-02
5.834499643282243381e-02
5.824586210753820298e-02
5.814697790705691122e-02
5.804834238010472824e-02
5.794995408937420739e-02
5.785181161137370465e-02
5.775391353627822022e-02
5.765625846778205110e-02
5.755884502295292859e-02
5.746167183208784196e-02
5.736473753857042335e-02
5.726804079872989395e-02
5.717158028170156447e-02
5.707535466928886220e-02
5.697936265582684290e-02
5.688360294804730571e-02
5.678807426494523330e-02
5.669277533764684879e-02
5.659770490927901188e-02
5.650286173484011382e-02
5.640824458107235317e-02
5.631385222633544796e-02
5.621968346048168697e-02
5.612573708473239664e-02
5.603201191155574717e-02
5.593850676454591164e-02
5.584522047830348807e-02
5.575215189831733004e-02
5.565929988084766800e-02
5.556666329281035460e-02
5.547424101166262278e-02
5.538203192528993318e-02
5.529003493189406371e-02
5.519824893988255210e-02
5.510667286775915857e-02
5.501530564401575091e-02
5.492414620702523037e-02
5.483319350493559563e-02
5.474244649556536668e-02
5.465190414629993165e-02
5.456156543398916342e-02
5.447142934484612564e-02
5.438149487434689594e-02
5.429176102713147156e-02
5.420222681690577832e-02
5.411289126634473423e-02
5.402375340699640260e-02
5.393481227918719284e-02
5.384606693192807436e-02
5.375751642282184523e-02
5.366915981797141383e-02
5.358099619188907980e-02
5.349302462740677250e-02
5.340524421558741353e-02
5.331765405563702875e-02
5.323025325481802600e-02
5.314304092836333315e-02
5.305601619939143837e-02
5.296917819882249190e-02
5.288252606529518507e-02
5.279605894508457298e-02
5.270977599202094493e-02
5.262367636761384332e-02
5.253775924045739343e-02
5.245202378646385971e-02
5.236646918888960417e-02
5.228109463770787280e-02
5.219589933097637524e-02
5.211088247315807248e-02
5.202604327565425041e-02
5.194138095677931083e-02
5.185689474163764773e-02
5.177258386205172563e-02
5.168844755649094902e-02
5.160448507000120477e-02
5.152069565413529284e-02
5.143707856688400221e-02
5.135363307260800564e-02
5.127035844197048303e-02
5.118725395187052191e-02
5.110431888537716322e-02
5.102155253166424514e-02
5.093895418594594077e-02
5.085652314941298269e-02
5.077425872916959543e-02
5.069216023817112171e-02
5.061022699516232876e-02
5.052845832461642234e-02
5.044685355667465759e-02
5.036541202708665066e-02
5.028413307715137726e-02
5.020301605365878883e-02
5.012206030883196300e-02
5.004126520027014913e-02
4.996063009089212609e-02
4.988015434888042055e-02
4.979983734762597619e-02
4.971967846567357935e-02
4.963967708666768008e-02
4.955983259929904600e-02
4.948014439725179070e-02
4.940061187915110313e-02
4.932123444851149036e-02
4.924201151368563789e-02
4.916294248781376969e-02
4.908402678877361869e-02
4.900526383913089701e-02
4.892665306609032122e-02
4.884819390144722051e-02
4.876988578153959586e-02
4.869172814720071352e-02
4.861372044371233686e-02
4.853586212075827050e-02
4.845815263237858439e-02
4.838059143692424735e-02
4.830317799701228793e-02
4.822591177948142016e-02
4.814879225534819673e-02
4.807181889976357841e-02
4.799499119197005864e-02
4.791830861525916280e-02
4.784177065692950953e-02
4.776537680824525373e-02
4.768912656439502906e-02
4.761301942445125140e-02
4.753705489133008139e-02
4.746123247175149107e-02
4.738555167620013553e-02
4.731001201888631463e-02
4.723461301770764953e-02
4.715935419421091179e-02
4.708423507355452564e-02
4.700925518447125750e-02
4.693441405923148152e-02
4.685971123360669482e-02
4.678514624683360185e-02
4.671071864157840675e-02
4.663642796390167489e-02
4.656227376322340239e-02
4.648825559228862009e-02
4.641437300713325415e-02
4.634062556713963027e-02
4.626701283477843707e-02
4.619353437571192822e-02
4.612018975880628063e-02
4.604697855605366374e-02
4.597390034254022345e-02
4.590095469641463505e-02
4.582814119885680881e-02
4.575545943404702581e-02
4.568290898913537207e-02
4.561048945421155437e-02
4.553820042227495896e-02
4.546604148920512650e-02
4.539401225373247695e-02
4.532211231740945756e-02
4.525034128458182980e-02
4.517869876236045579e-02
4.510718436059325126e-02
4.503579769183756881e-02
4.496453837133273373e-02
4.489340601697297539e-02
4.482240024928071942e-02
4.475152069137995625e-02
4.468076696897013700e-02
4.461013871030015954e-02
4.453963554614280562e-02
4.446925710976930984e-02
4.439900303692431716e-02
4.432887296580100694e-02
4.425886653701659179e-02
4.418898339358801747e-02
4.411922318090794048e-02
4.404958554672096932e-02
4.398007014110019014e-02
4.391067661642388681e-02
4.384140462735257315e-02
4.377225383080620563e-02
4.370322388594177071e-02
4.363431445413094856e-02
4.356552519893814451e-02
4.349685578609872177e-02
4.342830588349744225e-02
4.335987516114718499e-02
4.329156329116782415e-02
4.322336994776549562e-02
4.315529480721187056e-02
4.308733754782378966e-02
4.301949784994312659e-02
4.295177539591681776e-02
4.288416987007710734e-02
4.281668095872200736e-02
4.274930835009605606e-02
4.268205173437115280e-02
4.261491080362764944e-02
4.254788525183573339e-02
4.248097477483686601e-02
4.241417907032550560e-02
4.234749783783105931e-02
4.228093077869993222e-02
4.221447759607786787e-02
4.214813799489237900e-02
4.208191168183549047e-02
4.201579836534657941e-02
4.194979775559542351e-02
4.188390956446540886e-02
4.181813350553700154e-02
4.175246929407129548e-02
4.168691664699380323e-02
4.162147528287837156e-02
4.155614492193137471e-02
4.149092528597591450e-02
4.142581609843633966e-02
4.136081708432285536e-02
4.129592797021632705e-02
4.123114848425320916e-02
4.116647835611070977e-02
4.110191731699203849e-02
4.103746509961185562e-02
4.097312143818186009e-02
4.090888606839655772e-02
4.084475872741914759e-02
4.078073915386760256e-02
4.071682708780084009e-02
4.065302227070510810e-02
4.058932444548048191e-02
4.052573335642749991e-02
4.046224874923395887e-02
4.039887037096185490e-02
4.033559797003443553e-02
4.027243129622345291e-02
4.020937010063646566e-02
4.014641413570436274e-02
4.008356315516894974e-02
4.002081691407074343e-02
3.995817516873680086e-02
3.989563767676881229e-02
3.983320419703114540e-02
3.977087448963920885e-02
3.970864831594779487e-02
3.964652543853959543e-02
3.958450562121390570e-02
3.952258862897533448e-02
3.946077422802266726e-02
3.939906218573796526e-02
3.933745227067558803e-02
3.927594425255149374e-02
3.921453790223258101e-02
3.915323299172615568e-02
3.909202929416947386e-02
3.903092658381952795e-02
3.896992463604274232e-02
3.890902322730495355e-02
3.884822213516141154e-02
3.878752113824690539e-02
3.872692001626598657e-02
3.866641854998332378e-02
3.860601652121410654e-02
3.854571371281466374e-02
3.848550990867299904e-02
3.842540489369960371e-02
3.836539845381830433e-02
3.830549037595713802e-02
3.824568044803944994e-02
3.818596845897503228e-02
3.812635419865124942e-02
3.806683745792446838e-02
3.800741802861143381e-02
3.794809570348072619e-02
3.788887027624442128e-02
3.782974154154972179e-02
3.777070929497074875e-02
3.771177333300040901e-02
3.765293345304232542e-02
3.759418945340285700e-02
3.753554113328323033e-02
3.747698829277172627e-02
3.741853073283599174e-02
3.736016825531534441e-02
3.730190066291326489e-02
3.724372775918989575e-02
3.718564934855467935e-02
3.712766523625898180e-02
3.706977522838887651e-02
3.701197913185803878e-02
3.695427675440055015e-02
3.689666790456393869e-02
3.683915239170227479e-02
3.678173002596923924e-02
3.672440061831135777e-02
3.666716398046129810e-02
3.661001992493118778e-02
3.655296826500603613e-02
3.649600881473722552e-02
3.643914138893611376e-02
3.638236580316755314e-02
3.632568187374370788e-02
3.626908941771771894e-02
3.621258825287756306e-02
3.615617819773992575e-02
3.609985907154421997e-02
3.604363069424648680e-02
3.598749288651355988e-02
3.593144546971719505e-02
3.587548826592826950e-02
3.581962109791102244e-02
3.576384378911738604e-02
3.570815616368139961e-02
3.565255804641363074e-02
3.559704926279566584e-02
3.554162963897468386e-02
3.548629900175806484e-02
3.543105717860805387e-02
3.537590399763652221e-02
3.532083928759970071e-02
3.526586287789304497e-02
3.521097459854612144e-02
3.515617428021754198e-02
3.510146175418997483e-02
3.504683685236520407e-02
3.499229940725917531e-02
3.493784925199719393e-02
3.488348622030914420e-02
3.482921014652469449e-02
3.477502086556859967e-02
3.472091821295609365e-02
3.466690202478824034e-02
3.461297213774740256e-02
3.455912838909275253e-02
3.450537061665576166e-02
3.445169865883583593e-02
3.439811235459593053e-02
3.434461154345819917e-02
3.429119606549974053e-02
3.423786576134840026e-02
3.418462047217851046e-02
3.413146003970676107e-02
3.407838430618816139e-02
3.402539311441186293e-02
3.397248630769722499e-02
3.391966372988983180e-02
3.386692522535753036e-02
3.381427063898648222e-02
3.376169981617741650e-02
3.370921260284174409e-02
3.365680884539777595e-02
3.360448839076702471e-02
3.355225108637043679e-02
3.350009678012479813e-02
3.344802532043904264e-02
3.339603655621075501e-02
3.334413033682250699e-02
3.329230651213842263e-02
3.324056493250065331e-02
3.318890544872595688e-02
3.313732791210231149e-02
3.308583217438545304e-02
3.303441808779562783e-02
3.298308550501424102e-02
3.293183427918061623e-02
3.288066426388870644e-02
3.282957531318390909e-02
3.277856728155992272e-02
3.272764002395556204e-02
3.267679339575164932e-02
3.262602725276798898e-02
3.257534145126024516e-02
3.252473584791698569e-02
3.247421029985665675e-02
3.242376466462465467e-02
3.237339880019038385e-02
3.232311256494433543e-02
3.227290581769529099e-02
3.222277841766739426e-02
3.217273022449742420e-02
3.212276109823195697e-02
3.207287089932462504e-02
3.202305948863339718e-02
3.197332672741787923e-02
3.192367247733663566e-02
3.187409660044455972e-02
3.182459895919023674e-02
3.177517941641334887e-02
3.172583783534211471e-02
3.167657407959074967e-02
3.162738801315694709e-02
3.157827950041941500e-02
3.152924840613535035e-02
3.148029459543804504e-02
3.143141793383444349e-02
3.138261828720276952e-02
3.133389552179013937e-02
3.128524950421023021e-02
3.123668010144093135e-02
3.118818718082206828e-02
3.113977061005311631e-02
3.109143025719095232e-02
3.104316599064759971e-02
3.099497767918805297e-02
3.094686519192803298e-02
3.089882839833189496e-02
3.085086716821040798e-02
3.080298137171868025e-02
3.075517087935402891e-02
3.070743556195389828e-02
3.065977529069379912e-02
3.061218993708527542e-02
3.056467937297385751e-02
3.051724347053708097e-02
3.046988210228248478e-02
3.042259514104565452e-02
3.037538245998827602e-02
3.032824393259619944e-02
3.028117943267754839e-02
3.023418883436080132e-02
3.018727201209295621e-02
3.014042884063762584e-02
3.009365919507326487e-02
3.004696295079129637e-02
3.000033998349433545e-02
2.995379016919440598e-02
2.990731338421116076e-02
2.986090950517016063e-02
2.981457840900109818e-02
2.976831997293611851e-02
2.972213407450810183e-02
2.967602059154898081e-02
2.962997940218806484e-02
2.958401038485042323e-02
2.953811341825519562e-02
2.949228838141402034e-02
2.944653515362939677e-02
2.940085361449309639e-02
2.935524364388461191e-02
2.930970512196957173e-02
2.926423792919821687e-02
2.921884194630382930e-02
2.917351705430127479e-02
2.912826313448543814e-02
2.908308006842978688e-02
2.903796773798486205e-02
2.899292602527683491e-02
2.894795481270604626e-02
2.890305398294558750e-02
2.885822341893986426e-02
2.881346300390321205e-02
2.876877262131848426e-02
2.872415215493565738e-02
2.867960148877049878e-02
2.863512050710319279e-02
2.859070909447697373e-02
2.854636713569684570e-02
2.850209451582822254e-02
2.845789112019562681e-02
2.841375683438142341e-02
2.836969154422449083e-02
2.832569513581899290e-02
2.828176749551309516e-02
2.823790850990772622e-02
2.819411806585532879e-02
2.815039605045866269e-02
2.810674235106954202e-02
2.806315685528769366e-02
2.801963945095950481e-02
2.797619002617688505e-02
2.793280846927607280e-02
2.788949466883647657e-02
2.784624851367953693e-02
2.780306989286757471e-02
2.775995869570267033e-02
2.771691481172552929e-02
2.767393813071437891e-02
2.763102854268388586e-02
2.758818593788404938e-02
2.754541020679910843e-02
2.750270124014650083e-02
2.746005892887578778e-02
2.741748316416759215e-02
2.737497383743257851e-02
2.733253084031038102e-02
2.729015406466864246e-02
2.724784340260192825e-02
2.720559874643075499e-02
2.716341998870059823e-02
2.712130702218089676e-02
2.707925973986406373e-02
2.703727803496452572e-02
2.699536180091774082e-02
2.695351093137927229e-02
2.691172532022381714e-02
2.687000486154426937e-02
2.682834944965080751e-02
2.678675897906995437e-02
2.674523334454366810e-02
2.670377244102842273e-02
2.666237616369433738e-02
2.662104440792424642e-02
2.657977706931285641e-02
2.653857404366583364e-02
2.649743522699895062e-02
2.645636051553722570e-02
2.641534980571406607e-02
2.637440299417040737e-02
2.633351997775390183e-02
2.629270065351805435e-02
2.625194491872141073e-02
2.621125267082673876e-02
2.617062380750021650e-02
2.613005822661061336e-02
2.608955582622850267e-02
2.604911650462546358e-02
2.600874016027330052e-02
2.596842669184325561e-02
2.592817599820523497e-02
2.588798797842705238e-02
2.584786253177365212e-02
2.580779955770636999e-02
2.576779895588217351e-02
2.572786062615291941e-02
2.568798446856462858e-02
2.564817038335672969e-02
2.560841827096136877e-02
2.556872803200266678e-02
2.552909956729601873e-02
2.548953277784736168e-02
2.545002756485251552e-02
2.541058382969643703e-02
2.537120147395256417e-02
2.533188039938212219e-02
2.529262050793344707e-02
2.525342170174128473e-02
2.521428388312614913e-02
2.517520695459366659e-02
2.513619081883388187e-02
2.509723537872063370e-02
2.505834053731088515e-02
2.501950619784409913e-02
2.498073226374158268e-02
2.494201863860586593e-02
2.490336522622007068e-02
2.486477193054727197e-02
2.482623865572989794e-02
2.478776530608909831e-02
2.474935178612414771e-02
2.471099800051184195e-02
2.467270385410587005e-02
2.463446925193626263e-02
2.459629409920875698e-02
2.455817830130422458e-02
2.452012176377811603e-02
2.448212439235982613e-02
2.444418609295215955e-02
2.440630677163076537e-02
2.436848633464354374e-02
2.433072468841009778e-02
2.429302173952117144e-02
2.425537739473811530e-02
2.421779156099230015e-02
2.418026414538460012e-02
2.414279505518485136e-02
2.410538419783129355e-02
2.406803148093005981e-02
2.403073681225462513e-02
2.399350009974529283e-02
2.395632125150866376e-02
2.391920017581713326e-02
2.388213678110836027e-02
2.384513097598475739e-02
2.380818266921299123e-02
2.377129176972346894e-02
2.373445818660984905e-02
2.369768182912853488e-02
2.366096260669817847e-02
2.362430042889920173e-02
2.358769520547328649e-02
2.355114684632292343e-02
2.351465526151090904e-02
2.347822036125987721e-02
2.344184205595181009e-02
2.340552025612760434e-02
2.336925487248655425e-02
2.333304581588592150e-02
2.329689299734048064e-02
2.326079632802202299e-02
2.322475571925893337e-02
2.318877108253573210e-02
2.315284232949262402e-02
2.311696937192504395e-02
2.308115212178323689e-02
2.304539049117178273e-02
2.300968439234919727e-02
2.297403373772747767e-02
2.293843843987166189e-02
2.290289841149941927e-02
2.286741356548062029e-02
2.283198381483690642e-02
2.279660907274126680e-02
2.276128925251763926e-02
2.272602426764047667e-02
2.269081403173433056e-02
2.265565845857347646e-02
2.262055746208146978e-02
2.258551095633074338e-02
2.255051885554222590e-02
2.251558107408493242e-02
2.248069752647556194e-02
2.244586812737810883e-02
2.241109279160346732e-02
2.237637143410904639e-02
2.234170396999838118e-02
2.230709031452074789e-02
2.227253038307076827e-02
2.223802409118806264e-02
2.220357135455681627e-02
2.216917208900547054e-02
2.213482621050629623e-02
2.210053363517504657e-02
2.206629427927057907e-02
2.203210805919451551e-02
2.199797489149081173e-02
2.196389469284548354e-02
2.192986738008617306e-02
2.189589287018182950e-02
2.186197108024233796e-02
2.182810192751815509e-02
2.179428532939999691e-02
2.176052120341844670e-02
2.172680946724362544e-02
2.169315003868483790e-02
2.165954283569024308e-02
2.162598777634649333e-02
2.159248477887840828e-02
2.155903376164862439e-02
2.152563464315727232e-02
2.149228734204163341e-02
2.145899177707580666e-02
2.142574786717038604e-02
2.139255553137211358e-02
2.135941468886357400e-02
2.132632525896285131e-02
2.129328716112321995e-02
2.126030031493281180e-02
2.122736464011430388e-02
2.119448005652459222e-02
2.116164648415447269e-02
2.112886384312833918e-02
2.109613205370386088e-02
2.106345103627167703e-02
2.103082071135507075e-02
2.099824099960969845e-02
2.096571182182320817e-02
2.093323309891502795e-02
2.090080475193600504e-02
2.086842670206810052e-02
2.083609887062411528e-02
2.080382117904738815e-02
2.077159354891146628e-02
2.073941590191984846e-02
2.070728815990567281e-02
2.067521024483143233e-02
2.064318207878865566e-02
2.061120358399766081e-02
2.057927468280722552e-02
2.054739529769432707e-02
2.051556535126385777e-02
2.048378476624830927e-02
2.045205346550751924e-02
2.042037137202838346e-02
2.038873840892457129e-02
2.035715449943624814e-02
2.032561956692980482e-02
2.029413353489756267e-02
2.026269632695751333e-02
2.023130786685305854e-02
2.019996807845269790e-02
2.016867688574979292e-02
2.013743421286229296e-02
2.010623998403245419e-02
2.007509412362656551e-02
2.004399655613471956e-02
2.001294720617050396e-02
1.998194599847076536e-02
1.995099285789533189e-02
1.992008770942677032e-02
1.988923047817009807e-02
1.985842108935255770e-02
1.982765946832333245e-02
1.979694554055329986e-02
1.976627923163478198e-02
1.973566046728128173e-02
1.970508917332722959e-02
1.967456527572774422e-02
1.964408870055836184e-02
1.961365937401480727e-02
1.958327722241273022e-02
1.955294217218746244e-02
1.952265414989377140e-02
1.949241308220561741e-02
1.946221889591590731e-02
1.943207151793624118e-02
1.940197087529667991e-02
1.937191689514552312e-02
1.934190950474902471e-02
1.931194863149118465e-02
1.928203420287350270e-02
1.925216614651473895e-02
1.922234439015069532e-02
1.919256886163394141e-02
1.916283948893362024e-02
1.913315620013518459e-02
1.910351892344019226e-02
1.907392758716605283e-02
1.904438211974579867e-02
1.901488244972786290e-02
1.898542850577585733e-02
1.895602021666832268e-02
1.892665751129851345e-02
1.889734031867418285e-02
1.886806856791734335e-02
1.883884218826403431e-02
1.880966110906412067e-02
1.878052525978106402e-02
1.875143456999168318e-02
1.872238896938594951e-02
1.869338838776677530e-02
1.866443275504976740e-02
1.863552200126302599e-02
1.860665605654693647e-02
1.857783485115392305e-02
1.854905831544827188e-02
1.852032637990587080e-02
1.849163897511403934e-02
1.846299603177127893e-02
1.843439748068709250e-02
1.840584325278173464e-02
1.837733327908603123e-02
1.834886749074117474e-02
1.832044581899846050e-02
1.829206819521915148e-02
1.826373455087421799e-02
1.823544481754414692e-02
1.820719892691873704e-02
1.817899681079688731e-02
1.815083840108639573e-02
1.812272362980374765e-02
1.809465242907393537e-02
1.806662473113021181e-02
1.803864046831393786e-02
1.801069957307433259e-02
1.798280197796831709e-02
1.795494761566027164e-02
1.792713641892186918e-02
1.789936832063187058e-02
1.787164325377589569e-02
1.784396115144627412e-02
1.781632194684181283e-02
1.778872557326760528e-02
1.776117196413484062e-02
1.773366105296063019e-02
1.770619277336776126e-02
1.767876705908455123e-02
1.765138384394462912e-02
1.762404306188675163e-02
1.759674464695461932e-02
1.756948853329665453e-02
1.754227465516585219e-02
1.751510294691956127e-02
1.748797334301930434e-02
1.746088577803058678e-02
1.743384018662270246e-02
1.740683650356856724e-02
1.737987466374451423e-02
1.735295460213009608e-02
1.732607625380792535e-02
1.729923955396348370e-02
1.727244443788491374e-02
1.724569084096286634e-02
1.721897869869028208e-02
1.719230794666225942e-02
1.716567852057580834e-02
1.713909035622972546e-02
1.711254338952437198e-02
1.708603755646151065e-02
1.705957279314413572e-02
1.703314903577626133e-02
1.700676622066278620e-02
1.698042428420926467e-02
1.695412316292176091e-02
1.692786279340667902e-02
1.690164311237055475e-02
1.687546405661990295e-02
1.684932556306103016e-02
1.682322756869985073e-02
1.679717001064174112e-02
1.677115282609134908e-02
1.674517595235239589e-02
1.671923932682754452e-02
1.669334288701819491e-02
1.666748657052432789e-02
1.664167031504432473e-02
1.661589405837479716e-02
1.659015773841041735e-02
1.656446129314375140e-02
1.653880466066507890e-02
1.651318777916222641e-02
1.648761058692041481e-02
1.646207302232205114e-02
1.643657502384660365e-02
1.641111653007042148e-02
1.638569747966653681e-02
1.636031781140453306e-02
1.633497746415037144e-02
1.630967637686621396e-02
1.628441448861026736e-02
1.625919173853661304e-02
1.623400806589503712e-02
1.620886341003088121e-02
1.618375771038486899e-02
1.615869090649292572e-02
1.613366293798606035e-02
1.610867374459015733e-02
1.608372326612582393e-02
1.605881144250826190e-02
1.603393821374705583e-02
1.600910351994605171e-02
1.598430730130316960e-02
1.595954949811026133e-02
1.593483005075294751e-02
1.591014889971044399e-02
1.588550598555543009e-02
1.586090124895385076e-02
1.583633463066481256e-02
1.581180607154035814e-02
1.578731551252537599e-02
1.576286289465739232e-02
1.573844815906644962e-02
1.571407124697491581e-02
1.568973209969736979e-02
1.566543065864041406e-02
1.564116686530252903e-02
1.561694066127392380e-02
1.559275198823636965e-02
1.556860078796305606e-02
1.554448700231843977e-02
1.552041057325807827e-02
1.549637144282849446e-02
1.547236955316700496e-02
1.544840484650158302e-02
1.542447726515070068e-02
1.540058675152317785e-02
1.537673324811802793e-02
1.535291669752431552e-02
1.532913704242100210e-02
1.530539422557678983e-02
1.528168818984997936e-02
1.525801887818832060e-02
1.523438623362885838e-02
1.521079019929778842e-02
1.518723071841030815e-02
1.516370773427046931e-02
1.514022119027102521e-02
1.511677102989329204e-02
1.509335719670699613e-02
1.506997963437012658e-02
1.504663828662879642e-02
1.502333309731708998e-02
1.500006401035691023e-02
1.497683096975785735e-02
1.495363391961705875e-02
1.493047280411903543e-02
1.490734756753555809e-02
1.488425815422550480e-02
1.486120450863471013e-02
1.483818657529582460e-02
1.481520429882817944e-02
1.479225762393763209e-02
1.476934649541643274e-02
1.474647085814307680e-02
1.472363065708216789e-02
1.470082583728427213e-02
1.467805634388577758e-02
1.465532212210875727e-02
1.463262311726082517e-02
1.460995927473499566e-02
1.458733054000954828e-02
1.456473685864787850e-02
1.454217817629836762e-02
1.451965443869424575e-02
1.449716559165343914e-02
1.447471158107844699e-02
1.445229235295619405e-02
1.442990785335790047e-02
1.440755802843893089e-02
1.438524282443867132e-02
1.436296218768039028e-02
1.434071606457108967e-02
1.431850440160139029e-02
1.429632714534536699e-02
1.427418424246043767e-02
1.425207563968721933e-02
1.423000128384939098e-02
1.420796112185355661e-02
1.418595510068911859e-02
1.416398316742813364e-02
1.414204526922518967e-02
1.412014135331726011e-02
1.409827136702357722e-02
1.407643525774549854e-02
1.405463297296637333e-02
1.403286446025140896e-02
1.401112966724753564e-02
1.398942854168328497e-02
1.396776103136863727e-02
1.394612708419491753e-02
1.392452664813464101e-02
1.390295967124138832e-02
1.388142610164968226e-02
1.385992588757484906e-02
1.383845897731289173e-02
1.381702531924035478e-02
1.379562486181420272e-02
1.377425755357168310e-02
1.375292334313020157e-02
1.373162217918718828e-02
1.371035401051997477e-02
1.368911878598566209e-02
1.366791645452099246e-02
1.364674696514222088e-02
1.362561026694498502e-02
1.360450630910419421e-02
1.358343504087386640e-02
1.356239641158704136e-02
1.354139037065562982e-02
1.352041686757028856e-02
1.349947585190030587e-02
1.347856727329345937e-02
1.345769108147590841e-02
1.343684722625205011e-02
1.341603565750440659e-02
1.339525632519349314e-02
1.337450917935769507e-02
1.335379417011314969e-02
1.333311124765360761e-02
1.331246036225032341e-02
1.329184146425192378e-02
1.327125450408428269e-02
1.325069943225040681e-02
1.323017619933029507e-02
1.320968475598083801e-02
1.318922505293567728e-02
1.316879704100508593e-02
1.314840067107585740e-02
1.312803589411117022e-02
1.310770266115047523e-02
1.308740092330936029e-02
1.306713063177945312e-02
1.304689173782827387e-02
1.302668419279913274e-02
1.300650794811099818e-02
1.298636295525838411e-02
1.296624916581122326e-02
1.294616653141475102e-02
1.292611500378938391e-02
1.290609453473060518e-02
1.288610507610882944e-02
1.286614657986930726e-02
1.284621899803198818e-02
1.282632228269140785e-02
1.280645638601656845e-02
1.278662126025082238e-02
1.276681685771175606e-02
1.274704313079105984e-02
1.272730003195442910e-02
1.270758751374142896e-02
1.268790552876539364e-02
1.266825402971329811e-02
1.264863296934564015e-02
1.262904230049632578e-02
1.260948197607256530e-02
1.258995194905473784e-02
1.257045217249628914e-02
1.255098259952361003e-02
1.253154318333591331e-02
1.251213387720513832e-02
1.249275463447582259e-02
1.247340540856498037e-02
1.245408615296200380e-02
1.243479682122853973e-02
1.241553736699836999e-02
1.239630774397731255e-02
1.237710790594309315e-02
1.235793780674523945e-02
1.233879740030496309e-02
1.231968664061504869e-02
1.230060548173974103e-02
1.228155387781463062e-02
1.226253178304654960e-02
1.224353915171343642e-02
1.222457593816425603e-02
1.220564209681885420e-02
1.218673758216787424e-02
1.216786234877263034e-02
1.214901635126498618e-02
1.213019954434727855e-02
1.211141188279216477e-02
1.209265332144253934e-02
1.207392381521141082e-02
1.205522331908179604e-02
1.203655178810661072e-02
1.201790917740855683e-02
1.199929544218001319e-02
1.198071053768292107e-02
1.196215441924868006e-02
1.194362704227804224e-02
1.192512836224099773e-02
1.190665833467666537e-02
1.188821691519317651e-02
1.186980405946759173e-02
1.185141972324575861e-02
1.183306386234223191e-02
1.181473643264014696e-02
1.179643739009112249e-02
1.177816669071514444e-02
1.175992429060046356e-02
1.174171014590349484e-02
1.172352421284869432e-02
1.170536644772846718e-02
1.168723680690304627e-02
1.166913524680040365e-02
1.165106172391612571e-02
1.163301619481331775e-02
1.161499861612250509e-02
1.159700894454150123e-02
1.157904713683532982e-02
1.156111314983610840e-02
1.154320694044293563e-02
1.152532846562179594e-02
1.150747768240545192e-02
1.148965454789334199e-02
1.147185901925147460e-02
1.145409105371231022e-02
1.143635060857467814e-02
1.141863764120366713e-02
1.140095210903051097e-02
1.138329396955249304e-02
1.136566318033283701e-02
1.134805969900061842e-02
1.133048348325063799e-02
1.131293449084334185e-02
1.129541267960469837e-02
1.127791800742611143e-02
1.126045043226431112e-02
1.124300991214124794e-02
1.122559640514399736e-02
1.120820986942465229e-02
1.119085026320022595e-02
1.117351754475254949e-02
1.115621167242816444e-02
1.113893260463822907e-02
1.112168029985841251e-02
1.110445471662879595e-02
1.108725581355377021e-02
1.107008354930193693e-02
1.105293788260600790e-02
1.103581877226270623e-02
1.101872617713265876e-02
1.100166005614029892e-02
1.098462036827377829e-02
1.096760707258485033e-02
1.095062012818878369e-02
1.093365949426425114e-02
1.091672513005324113e-02
1.089981699486095718e-02
1.088293504805570855e-02
1.086607924906882530e-02
1.084924955739455417e-02
1.083244593258995622e-02
1.081566833427481146e-02
1.079891672213152513e-02
1.078219105590502713e-02
1.076549129540266964e-02
1.074881740049413691e-02
1.073216933111134294e-02
1.071554704724833260e-02
1.069895050896119311e-02
1.068237967636794655e-02
1.066583450964846309e-02
1.064931496904435691e-02
1.063282101485889600e-02
1.061635260745689459e-02
1.059990970726463165e-02
1.058349227476973985e-02
1.056710027052113095e-02
1.055073365512887613e-02
1.053439238926413141e-02
1.051807643365901615e-02
1.050178574910655416e-02
1.048552029646054179e-02
1.046928003663548205e-02
1.045306493060646665e-02
1.043687493940910309e-02
1.042071002413940371e-02
1.040457014595369892e-02
1.038845526606854350e-02
1.037236534576061950e-02
1.035630034636664080e-02
1.034026022928326988e-02
1.032424495596700499e-02
1.030825448793410912e-02
1.029228878676050757e-02
1.027634781408168392e-02
1.026043153159260542e-02
1.024453990104761715e-02
1.022867288426035533e-02
1.021283044310365533e-02
1.019701253950945803e-02
1.018121913546871440e-02
1.016545019303130050e-02
1.014970567430591858e-02
1.013398554146000864e-02
1.011828975671965995e-02
1.010261828236951216e-02
1.008697108075267031e-02
1.007134811427061287e-02
1.005574934538309984e-02
1.004017473660807902e-02
1.002462425052160454e-02
1.000909784975772925e-02
9.993595497008437092e-03
9.978117155023532095e-03
9.962662786610563745e-03
9.947232354634724660e-03
9.931825822018765584e-03
9.916443151742920792e-03
9.901084306844786659e-03
9.885749250419257478e-03
9.870437945618433517e-03
9.855150355651520408e-03
9.839886443784749345e-03
9.824646173341288619e-03
9.809429507701153406e-03
9.794236410301112097e-03
9.779066844634604766e-03
9.763920774251652959e-03
9.748798162758767760e-03
9.733698973818875194e-03
9.718623171151205206e-03
9.703570718531229211e-03
9.688541579790549071e-03
9.673535718816838117e-03
9.658553099553716242e-03
9.643593686000699605e-03
9.628657442213093068e-03
9.613744332301906934e-03
9.598854320433778883e-03
9.583987370830864688e-03
9.569143447770786168e-03
9.554322515586509759e-03
9.539524538666287537e-03
9.524749481453556599e-03
9.509997308446859268e-03
9.495267984199749420e-03
9.480561473320717886e-03
9.465877740473097046e-03
9.451216750374989706e-03
9.436578467799168479e-03
9.421962857572992525e-03
9.407369884578332953e-03
9.392799513751480880e-03
9.378251710083065906e-03
9.363726438617967635e-03
9.349223664455230676e-03
9.334743352747984849e-03
9.320285468703367118e-03
9.305849977582415777e-03
9.291436844700016670e-03
9.277046035424792170e-03
9.262677515179031790e-03
9.248331249438608917e-03
9.234007203732894076e-03
9.219705343644668191e-03
9.205425634810053201e-03
9.191168042918406236e-03
9.176932533712265846e-03
9.162719072987240976e-03
9.148527626591950249e-03
9.134358160427924825e-03
9.120210640449537276e-03
9.106085032663913115e-03
9.091981303130847528e-03
9.077899417962725578e-03
9.063839343324447614e-03
9.049801045433337326e-03
9.035784490559061952e-03
9.021789645023550741e-03
9.007816475200927306e-03
8.993864947517409003e-03
8.979935028451230608e-03
8.966026684532580129e-03
8.952139882343496460e-03
8.938274588517794786e-03
8.924430769740997194e-03
8.910608392750235529e-03
8.896807424334190681e-03
8.883027831332995436e-03
8.869269580638158151e-03
8.855532639192489897e-03
8.841816973990017717e-03
8.828122552075911775e-03
8.814449340546402084e-03
8.800797306548698712e-03
8.787166417280908512e-03
8.773556639991964001e-03
8.759967941981543563e-03
8.746400290599986443e-03
8.732853653248221631e-03
8.719327997377681119e-03
8.705823290490232250e-03
8.692339500138085776e-03
8.678876593923731675e-03
8.665434539499852415e-03
8.652013304569241420e-03
8.638612856884740621e-03
8.625233164249146781e-03
8.611874194515142106e-03
8.598535915585214448e-03
8.585218295411580977e-03
8.571921301996110118e-03
8.558644903390248693e-03
8.545389067694929980e-03
8.532153763060525142e-03
8.518938957686733940e-03
8.505744619822530952e-03
8.492570717766082314e-03
8.479417219864669383e-03
8.466284094514605479e-03
8.453171310161169960e-03
8.440078835298533630e-03
8.427006638469673738e-03
8.413954688266301121e-03
8.400922953328783874e-03
8.387911402346081430e-03
8.374920004055652623e-03
8.361948727243394969e-03
8.348997540743566606e-03
8.336066413438694353e-03
8.323155314259532075e-03
8.310264212184951399e-03
8.297393076241889667e-03
8.284541875505270145e-03
8.271710579097915281e-03
8.258899156190496402e-03
8.246107576001434833e-03
8.233335807796841183e-03
8.220583820890440749e-03
8.207851584643497192e-03
8.195139068464739676e-03
8.182446241810286541e-03
8.169773074183575914e-03
8.157119535135287647e-03
8.144485594263280864e-03
8.131871221212500292e-03
8.119276385674927682e-03
8.106701057389491608e-03
8.094145206141992871e-03
8.081608801765057665e-03
8.069091814138024815e-03
8.056594213186907619e-03
8.044115968884305370e-03
8.031657051249328771e-03
8.019217430347544417e-03
8.006797076290879389e-03
7.994395959237569210e-03
7.982014049392078051e-03
7.969651317005020663e-03
7.957307732373101669e-03
7.944983265839047903e-03
7.932677887791513005e-03
7.920391568665028845e-03
7.908124278939936136e-03
7.895875989142290760e-03
7.883646669843818663e-03
7.871436291661822182e-03
7.859244825259129735e-03
7.847072241344014293e-03
7.834918510670117048e-03
7.822783604036400579e-03
7.810667492287043899e-03
7.798570146311404293e-03
7.786491537043926242e-03
7.774431635464084181e-03
7.762390412596306168e-03
7.750367839509906230e-03
7.738363887319012376e-03
7.726378527182500670e-03
7.714411730303924984e-03
7.702463467931443264e-03
7.690533711357756819e-03
7.678622431920033124e-03
7.666729600999841639e-03
7.654855190023081811e-03
7.642999170459920631e-03
7.631161513824712833e-03
7.619342191675944516e-03
7.607541175616157683e-03
7.595758437291879987e-03
7.583993948393564014e-03
7.572247680655514422e-03
7.560519605855819426e-03
7.548809695816287475e-03
7.537117922402369191e-03
7.525444257523104460e-03
7.513788673131042636e-03
7.502151141222180089e-03
7.490531633835894286e-03
7.478930123054871801e-03
7.467346581005044996e-03
7.455780979855524369e-03
7.444233291818530898e-03
7.432703489149330121e-03
7.421191544146162750e-03
7.409697429150183083e-03
7.398221116545384418e-03
7.386762578758543536e-03
7.375321788259145243e-03
7.363898717559319053e-03
7.352493339213774133e-03
7.341105625819735123e-03
7.329735550016869272e-03
7.318383084487227463e-03
7.307048201955175688e-03
7.295730875187332598e-03
7.284431076992494911e-03
7.273148780221585369e-03
7.261883957767575545e-03
7.250636582565429464e-03
7.239406627592033343e-03
7.228194065866128809e-03
7.216998870448256519e-03
7.205821014440681564e-03
7.194660470987336229e-03
7.183517213273750597e-03
7.172391214526989238e-03
7.161282448015588754e-03
7.150190887049495334e-03
7.139116504979992756e-03
7.128059275199644280e-03
7.117019171142228463e-03
7.105996166282673235e-03
7.094990234136993451e-03
7.084001348262227576e-03
7.073029482256371764e-03
7.062074609758320007e-03
7.051136704447799088e-03
7.040215740045300923e-03
7.029311690312027051e-03
7.018424529049823585e-03
7.007554230101112683e-03
6.996700767348834442e-03
6.985864114716384445e-03
6.975044246167546973e-03
6.964241135706441231e-03
6.953454757377448489e-03
6.942685085265153100e-03
6.931932093494283520e-03
6.921195756229646390e-03
6.910476047676068420e-03
6.899772942078327871e-03
6.889086413721098173e-03
6.878416436928885477e-03
6.867762986065964470e-03
6.857126035536319393e-03
6.846505559783580726e-03
6.835901533290963603e-03
6.825313930581207097e-03
6.814742726216513509e-03
6.804187894798489379e-03
6.793649410968076105e-03
6.783127249405498764e-03
6.772621384830200195e-03
6.762131792000781148e-03
6.751658445714940442e-03
6.741201320809409904e-03
6.730760392159903203e-03
6.720335634681046458e-03
6.709927023326320121e-03
6.699534533088002605e-03
6.689158138997104361e-03
6.678797816123314968e-03
6.668453539574936348e-03
6.658125284498827255e-03
6.647813026080340824e-03
6.637516739543265591e-03
6.627236400149769981e-03
6.616971983200334653e-03
6.606723464033700463e-03
6.596490818026806875e-03
6.586274020594731250e-03
6.576073047190632466e-03
6.565887873305687600e-03
6.555718474469039887e-03
6.545564826247731068e-03
6.535426904246651077e-03
6.525304684108474730e-03
6.515198141513601875e-03
6.505107252180107949e-03
6.495031991863670258e-03
6.484972336357522869e-03
6.474928261492396767e-03
6.464899743136452194e-03
6.454886757195230952e-03
6.444889279611594815e-03
6.434907286365669152e-03
6.424940753474781344e-03
6.414989656993407008e-03
6.405053973013109282e-03
6.395133677662485916e-03
6.385228747107105952e-03
6.375339157549460289e-03
6.365464885228894025e-03
6.355605906421557885e-03
6.345762197440350978e-03
6.335933734634856609e-03
6.326120494391292842e-03
6.316322453132451782e-03
6.306539587317644933e-03
6.296771873442647688e-03
6.287019288039636007e-03
6.277281807677141320e-03
6.267559408959982002e-03
6.257852068529217403e-03
6.248159763062084530e-03
6.238482469271946010e-03
6.228820163908232836e-03
6.219172823756389731e-03
6.209540425637814429e-03
6.199922946409810835e-03
6.190320362965524847e-03
6.180732652233893176e-03
6.171159791179585234e-03
6.161601756802954563e-03
6.152058526139972047e-03
6.142530076262181678e-03
6.133016384276639837e-03
6.123517427325861524e-03
6.114033182587763973e-03
6.104563627275614614e-03
6.095108738637973825e-03
6.085668493958642893e-03
6.076242870556605030e-03
6.066831845785978540e-03
6.057435397035950894e-03
6.048053501730735367e-03
6.038686137329511185e-03
6.029333281326372355e-03
6.019994911250267818e-03
6.010671004664954603e-03
6.001361539168940593e-03
5.992066492395428136e-03
5.982785842012266347e-03
5.973519565721892126e-03
5.964267641261278979e-03
5.955030046401881515e-03
5.945806758949587732e-03
5.936597756744656576e-03
5.927403017661673698e-03
5.918222519609489876e-03
5.909056240531176778e-03
5.899904158403965378e-03
5.890766251239199988e-03
5.881642497082281013e-03
5.872532874012615506e-03
5.863437360143560796e-03
5.854355933622371576e-03
5.845288572630156533e-03
5.836235255381810698e-03
5.827195960125977278e-03
5.818170665144986944e-03
5.809159348754808390e-03
5.800161989304996289e-03
5.791178565178639256e-03
5.782209054792306936e-03
5.773253436595998829e-03
5.764311689073093117e-03
5.755383790740292889e-03
5.746469720147579299e-03
5.737569455878150856e-03
5.728682976548383522e-03
5.719810260807771732e-03
5.710951287338875484e-03
5.702106034857277843e-03
5.693274482111526820e-03
5.684456607883081602e-03
5.675652390986273520e-03
5.666861810268241859e-03
5.658084844608891363e-03
5.649321472920836723e-03
5.640571674149356604e-03
5.631835427272338136e-03
5.623112711300230077e-03
5.614403505275991635e-03
5.605707788275037830e-03
5.597025539405198723e-03
5.588356737806656968e-03
5.579701362651910516e-03
5.571059393145712767e-03
5.562430808525024861e-03
5.553815588058967981e-03
5.545213711048774773e-03
5.536625156827733839e-03
5.528049904761143767e-03
5.519487934246266291e-03
5.510939224712269914e-03
5.502403755620190011e-03
5.493881506462864640e-03
5.485372456764905057e-03
5.476876586082628923e-03
5.468393874004020411e-03
5.459924300148679029e-03
5.451467844167767578e-03
5.443024485743971387e-03
5.434594204591441068e-03
5.426176980455746542e-03
5.417772793113830206e-03
5.409381622373957491e-03
5.401003448075663953e-03
5.392638250089717977e-03
5.384286008318058328e-03
5.375946702693755117e-03
5.367620313180959495e-03
5.359306819774854215e-03
5.351006202501607661e-03
5.342718441418323541e-03
5.334443516612994915e-03
5.326181408204453890e-03
5.317932096342329121e-03
5.309695561206991161e-03
5.301471783009506500e-03
5.293260741991597657e-03
5.285062418425586807e-03
5.276876792614347209e-03
5.268703844891266773e-03
5.260543555620189951e-03
5.252395905195374366e-03
5.244260874041443976e-03
5.236138442613346572e-03
5.228028591396293931e-03
5.219931300905732326e-03
5.211846551687280941e-03
5.203774324316688508e-03
5.195714599399797740e-03
5.187667357572481146e-03
5.179632579500607209e-03
5.171610245879990075e-03
5.163600337436341850e-03
5.155602834925228362e-03
5.147617719132020590e-03
5.139644970871853034e-03
5.131684570989571668e-03
5.123736500359690575e-03
5.115800739886350312e-03
5.107877270503263269e-03
5.099966073173673765e-03
5.092067128890312086e-03
5.084180418675346771e-03
5.076305923580341252e-03
5.068443624686206142e-03
5.060593503103154138e-03
5.052755539970658384e-03
5.044929716457398697e-03
5.037116013761225135e-03
5.029314413109110295e-03
5.021524895757100738e-03
5.013747442990274493e-03
5.005982036122696814e-03
4.998228656497375084e-03
4.990487285486212843e-03
4.982757904489965549e-03
4.975040494938194613e-03
4.967335038289227497e-03
4.959641516030105675e-03
4.951959909676546465e-03
4.944290200772897062e-03
4.936632370892087701e-03
4.928986401635588287e-03
4.921352274633369363e-03
4.913729971543849204e-03
4.906119474053856518e-03
4.898520763878584476e-03
4.890933822761544744e-03
4.883358632474527582e-03
4.875795174817552403e-03
4.868243431618830483e-03
4.860703384734717247e-03
4.853175016049669777e-03
4.845658307476202568e-03
4.838153240954845904e-03
4.830659798454101615e-03
4.823177961970395375e-03
4.815707713528042874e-03
4.808249035179195177e-03
4.800801909003810097e-03
4.793366317109592351e-03
4.785942241631963197e-03
4.778529664734012736e-03
4.771128568606455671e-03
4.763738935467593145e-03
4.756360747563265039e-03
4.748993987166810066e-03
4.741638636579025012e-03
4.734294678128114428e-03
4.726962094169657666e-03
4.719640867086562913e-03
4.712330979289022954e-03
4.705032413214471805e-03
4.697745151327549148e-03
4.690469176120054366e-03
4.683204470110896231e-03
4.675951015846069488e-03
4.668708795898596740e-03
4.661477792868492023e-03
4.654257989382720034e-03
4.647049368095152767e-03
4.639851911686528746e-03
4.632665602864413125e-03
4.625490424363149985e-03
4.618326358943828508e-03
4.611173389394237002e-03
4.604031498528824741e-03
4.596900669188652526e-03
4.589780884241363192e-03
4.582672126581133036e-03
4.575574379128632789e-03
4.568487624830985978e-03
4.561411846661724695e-03
4.554347027620759235e-03
4.547293150734326057e-03
4.540250199054948754e-03
4.533218155661405090e-03
4.526197003658676693e-03
4.519186726177916100e-03
4.512187306376398178e-03
4.505198727437489774e-03
4.498220972570600266e-03
4.491254025011146012e-03
4.484297868020510440e-03
4.477352484885998088e-03
4.470417858920803372e-03
4.463493973463961151e-03
4.456580811880316365e-03
4.449678357560474598e-03
4.442786593920769120e-03
4.435905504403217514e-03
4.429035072475484384e-03
4.422175281630837985e-03
4.415326115388112926e-03
4.408487557291672007e-03
4.401659590911362850e-03
4.394842199842482339e-03
4.388035367705735851e-03
4.381239078147194758e-03
4.374453314838265203e-03
4.367678061475634317e-03
4.360913301781252013e-03
4.354159019502270266e-03
4.347415198411020559e-03
4.340681822304963584e-03
4.333958875006657142e-03
4.327246340363716248e-03
4.320544202248770629e-03
4.313852444559430031e-03
4.307171051218246054e-03
4.300500006172667047e-03
4.293839293395007757e-03
4.287188896882405086e-03
4.280548800656782532e-03
4.273918988764810294e-03
4.267299445277867968e-03
4.260690154292008126e-03
4.254091099927909472e-03
4.247502266330851692e-03
4.240923637670667747e-03
4.234355198141708312e-03
4.227796931962807085e-03
4.221248823377236545e-03
4.214710856652677598e-03
4.208183016081172741e-03
4.201665285979098302e-03
4.195157650687118475e-03
4.188660094570154091e-03
4.182172602017338384e-03
4.175695157441986632e-03
4.169227745281552794e-03
4.162770349997595674e-03
4.156322956075739899e-03
4.149885548025639484e-03
4.143458110380943138e-03
4.137040627699248296e-03
4.130633084562074231e-03
4.124235465574819549e-03
4.117847755366727501e-03
4.111469938590846078e-03
4.105101999923995923e-03
4.098743924066727828e-03
4.092395695743289777e-03
4.086057299701589644e-03
4.079728720713157036e-03
4.073409943573111196e-03
4.067100953100115900e-03
4.060801734136352571e-03
4.054512271547477779e-03
4.048232550222587676e-03
4.041962555074184171e-03
4.035702271038135031e-03
4.029451683073644389e-03
4.023210776163205910e-03
4.016979535312577634e-03
4.010757945550737745e-03
4.004545991929854207e-03
3.998343659525244870e-03
3.992150933435346244e-03
3.985967798781670998e-03
3.979794240708777603e-03
3.973630244384233901e-03
3.967475794998579809e-03
3.961330877765290893e-03
3.955195477920750609e-03
3.949069580724199995e-03
3.942953171457718592e-03
3.936846235426175872e-03
3.930748757957203479e-03
3.924660724401159671e-03
3.918582120131090286e-03
3.912512930542699253e-03
3.906453141054303489e-03
3.900402737106810781e-03
3.894361704163674248e-03
3.888330027710865024e-03
3.882307693256831487e-03
3.876294686332468469e-03
3.870290992491079093e-03
3.864296597308342681e-03
3.858311486382280924e-03
3.852335645333219288e-03
3.846369059803756655e-03
3.840411715458727591e-03
3.834463597985170256e-03
3.828524693092291275e-03
3.822594986511430176e-03
3.816674463996027299e-03
3.810763111321588230e-03
3.804860914285649546e-03
3.798967858707744116e-03
3.793083930429369012e-03
3.787209115313951244e-03
3.781343399246810469e-03
3.775486768135129494e-03
3.769639207907917421e-03
3.763800704515977112e-03
3.757971243931871371e-03
3.752150812149889544e-03
3.746339395186012826e-03
3.740536979077880436e-03
3.734743549884757957e-03
3.728959093687501773e-03
3.723183596588528713e-03
3.717417044711777887e-03
3.711659424202682061e-03
3.705910721228131664e-03
3.700170921976440961e-03
3.694440012657317259e-03
3.688717979501827081e-03
3.683004808762361040e-03
3.677300486712604781e-03
3.671604999647500815e-03
3.665918333883221199e-03
3.660240475757129373e-03
3.654571411627751103e-03
3.648911127874740219e-03
3.643259610898846954e-03
3.637616847121882390e-03
3.631982822986689827e-03
3.626357524957108357e-03
3.620740939517944242e-03
3.615133053174934916e-03
3.609533852454719065e-03
3.603943323904801928e-03
3.598361454093526243e-03
3.592788229610036251e-03
3.587223637064247770e-03
3.581667663086816975e-03
3.576120294329103531e-03
3.570581517463145005e-03
3.565051319181620874e-03
3.559529686197819565e-03
3.554016605245611127e-03
3.548512063079409945e-03
3.543016046474147841e-03
3.537528542225237653e-03
3.532049537148545040e-03
3.526579018080355094e-03
3.521116971877341975e-03
3.515663385416536828e-03
3.510218245595293947e-03
3.504781539331263459e-03
3.499353253562356627e-03
3.493933375246715926e-03
3.488521891362682953e-03
3.483118788908768498e-03
3.477724054903619157e-03
3.472337676385989138e-03
3.466959640414705134e-03
3.461589934068639868e-03
3.456228544446676102e-03
3.450875458667680175e-03
3.445530663870468181e-03
3.440194147213775176e-03
3.434865895876226555e-03
3.429545897056305963e-03
3.424234137972321894e-03
3.418930605862382545e-03
3.413635287984359383e-03
3.408348171615861125e-03
3.403069244054201213e-03
3.397798492616364852e-03
3.392535904638983423e-03
3.387281467478301961e-03
3.382035168510146624e-03
3.376796995129896940e-03
3.371566934752454579e-03
3.366344974812214303e-03
3.361131102763032733e-03
3.355925306078197130e-03
3.350727572250395900e-03
3.345537888791690843e-03
3.340356243233485924e-03
3.335182623126493884e-03
3.330017016040711080e-03
3.324859409565386701e-03
3.319709791308989369e-03
3.314568148899181988e-03
3.309434469982790086e-03
3.304308742225770586e-03
3.299190953313185792e-03
3.294081090949169555e-03
3.288979142856900389e-03
3.283885096778573279e-03
3.278798940475366290e-03
3.273720661727413678e-03
3.268650248333777267e-03
3.263587688112414790e-03
3.258532968900151698e-03
3.253486078552652542e-03
3.248447004944392345e-03
3.243415735968624512e-03
3.238392259537354375e-03
3.233376563581310138e-03
3.228368636049912081e-03
3.223368464911245679e-03
3.218376038152032104e-03
3.213391343777597005e-03
3.208414369811845353e-03
3.203445104297230651e-03
3.198483535294726308e-03
3.193529650883797019e-03
3.188583438172069850e-03
3.183644886269277816e-03
3.178713983310181655e-03
3.173790718927433328e-03
3.168875079315304141e-03
3.163967053158316892e-03
3.159066628664514848e-03
3.154173794060266024e-03
3.149288537590176455e-03
3.144410847517055928e-03
3.139540712121895866e-03
3.134678119702702728e-03
3.129823058578130954e-03
3.124975517083409832e-03
3.120135483571836663e-03
3.115302946414879107e-03
3.110477894002007786e-03
3.105660314740680238e-03
3.100850197056306649e-03
3.096047529392224711e-03
3.091252300209673155e-03
3.086464497987760104e-03
3.081684111223438344e-03
3.076911128431477141e-03
3.072145538144433179e-03
3.067387328912624979e-03
3.062636489304105137e-03
3.057893007904631272e-03
3.053156873317640872e-03
3.048428074164221801e-03
3.043706599083085412e-03
3.038992436730540963e-03
3.034285575780466555e-03
3.029586004924281380e-03
3.024893712870921868e-03
3.020208688346810461e-03
3.015530920095830895e-03
3.010860396879300443e-03
3.006197107475943892e-03
3.001541040681865360e-03
2.996892185310521834e-03
2.992250530192694987e-03
2.987616064176468623e-03
2.982988776127195717e-03
2.978368654927477169e-03
2.973755689477131873e-03
2.969149868693170269e-03
2.964551181509769186e-03
2.959959616878245388e-03
2.955375163767025651e-03
2.950797811161625511e-03
2.946227548064617608e-03
2.941664363495608697e-03
2.937108246491213197e-03
2.932559186105022399e-03
2.928017171407587115e-03
2.923482191486380388e-03
2.918954235445781441e-03
2.914433292407041416e-03
2.909919351508263429e-03
2.905412401904370907e-03
2.900912432767087639e-03
2.896419433284904820e-03
2.891933392663062832e-03
2.887454300123517854e-03
2.882982144904921041e-03
2.878516916262589907e-03
2.874058603468485767e-03
2.869607195811182954e-03
2.865162682595847558e-03
2.860725053144210113e-03
2.856294296794539139e-03
2.851870402901616856e-03
2.847453360836712730e-03
2.843043159987559184e-03
2.838639789758322547e-03
2.834243239569584401e-03
2.829853498858308190e-03
2.825470557077819269e-03
2.821094403697777583e-03
2.816725028204153814e-03
2.812362420099201194e-03
2.808006568901432951e-03
2.803657464145596721e-03
2.799315095382648531e-03
2.794979452179729377e-03
2.790650524120136169e-03
2.786328300803300045e-03
2.782012771844763824e-03
2.777703926876151207e-03
2.773401755545144669e-03
2.769106247515462464e-03
2.764817392466830011e-03
2.760535180094958636e-03
2.756259600111516956e-03
2.751990642244110923e-03
2.747728296236255207e-03
2.743472551847350640e-03
2.739223398852657330e-03
2.734980827043273846e-03
2.730744826226109458e-03
2.726515386223860721e-03
2.722292496874986756e-03
2.718076148033685396e-03
2.713866329569870634e-03
2.709663031369141835e-03
2.705466243332767251e-03
2.701275955377654536e-03
2.697092157436330358e-03
2.692914839456910913e-03
2.688743991403083275e-03
2.684579603254079374e-03
2.680421665004649543e-03
2.676270166665042135e-03
2.672125098260977067e-03
2.667986449833623271e-03
2.663854211439572670e-03
2.659728373150820231e-03
2.655608925054735777e-03
2.651495857254042299e-03
2.647389159866792539e-03
2.643288823026343839e-03
2.639194836881335587e-03
2.635107191595664929e-03
2.631025877348465956e-03
2.626950884334078480e-03
2.622882202762033283e-03
2.618819822857024367e-03
2.614763734858885098e-03
2.610713929022566524e-03
2.606670395618111789e-03
2.602633124930635745e-03
2.598602107260298069e-03
2.594577332922282445e-03
2.590558792246774877e-03
2.586546475578933336e-03
2.582540373278873879e-03
2.578540475721641159e-03
2.574546773297186307e-03
2.570559256410347854e-03
2.566577915480821800e-03
2.562602740943144709e-03
2.558633723246668545e-03
2.554670852855534229e-03
2.550714120248657318e-03
2.546763515919696352e-03
2.542819030377032902e-03
2.538880654143752056e-03
2.534948377757614661e-03
2.531022191771038245e-03
2.527102086751071858e-03
2.523188053279376564e-03
2.519280081952198110e-03
2.515378163380349152e-03
2.511482288189183665e-03
2.507592447018574394e-03
2.503708630522893334e-03
2.499830829370985712e-03
2.495959034246148303e-03
2.492093235846110349e-03
2.488233424883007101e-03
2.484379592083359005e-03
2.480531728188048717e-03
2.476689823952301587e-03
2.472853870145660937e-03
2.469023857551964646e-03
2.465199776969326066e-03
2.461381619210112337e-03
2.457569375100917934e-03
2.453763035482546453e-03
2.449962591209987623e-03
2.446168033152394325e-03
2.442379352193062639e-03
2.438596539229408427e-03
2.434819585172945215e-03
2.431048480949262944e-03
2.427283217498008450e-03
2.423523785772858583e-03
2.419770176741501983e-03
2.416022381385618274e-03
2.412280390700853767e-03
2.408544195696800654e-03
2.404813787396976616e-03
2.401089156838800542e-03
2.397370295073575179e-03
2.393657193166461548e-03
2.389949842196459426e-03
2.386248233256386096e-03
2.382552357452853795e-03
2.378862205906249767e-03
2.375177769750714141e-03
2.371499040134117820e-03
2.367826008218043825e-03
2.364158665177762148e-03
2.360497002202212400e-03
2.356841010493979528e-03
2.353190681269276465e-03
2.349546005757917680e-03
2.345906975203303560e-03
2.342273580862395694e-03
2.338645814005696488e-03
2.335023665917230085e-03
2.331407127894521113e-03
2.327796191248569964e-03
2.324190847303836752e-03
2.320591087398217022e-03
2.316996902883024841e-03
2.313408285122965907e-03
2.309825225496124537e-03
2.306247715393935482e-03
2.302675746221168745e-03
2.299109309395905298e-03
2.295548396349519731e-03
2.291992998526656399e-03
2.288443107385211648e-03
2.284898714396310388e-03
2.281359811044288317e-03
2.277826388826670236e-03
2.274298439254150532e-03
2.270775953850570628e-03
2.267258924152901201e-03
2.263747341711219632e-03
2.260241198088690923e-03
2.256740484861548615e-03
2.253245193619070937e-03
2.249755315963564758e-03
2.246270843510343035e-03
2.242791767887704433e-03
2.239318080736913807e-03
2.235849773712183988e-03
2.232386838480651062e-03
2.228929266722360931e-03
2.225477050130241548e-03
2.222030180410089917e-03
2.218588649280548233e-03
2.215152448473085671e-03
2.211721569731977134e-03
2.208296004814284171e-03
2.204875745489836766e-03
2.201460783541209481e-03
2.198051110763705844e-03
2.194646718965337535e-03
2.191247599966801834e-03
2.187853745601466438e-03
2.184465147715347350e-03
2.181081798167088925e-03
2.177703688827945655e-03
2.174330811581761790e-03
2.170963158324951819e-03
2.167600720966482691e-03
2.164243491427849959e-03
2.160891461643064775e-03
2.157544623558628732e-03
2.154202969133516953e-03
2.150866490339160310e-03
2.147535179159423303e-03
2.144209027590586285e-03
2.140888027641325506e-03
2.137572171332694903e-03
2.134261450698106584e-03
2.130955857783310876e-03
2.127655384646378114e-03
2.124360023357679556e-03
2.121069765999867435e-03
2.117784604667856310e-03
2.114504531468806153e-03
2.111229538522098933e-03
2.107959617959325165e-03
2.104694761924258764e-03
2.101434962572844897e-03
2.098180212073175697e-03
2.094930502605474656e-03
2.091685826362076669e-03
2.088446175547407652e-03
2.085211542377968501e-03
2.081981919082316439e-03
2.078757297901043331e-03
2.075537671086760943e-03
2.072323030904080557e-03
2.069113369629589985e-03
2.065908679551844897e-03
2.062708952971341499e-03
2.059514182200502218e-03
2.056324359563654457e-03
2.053139477397015848e-03
2.049959528048673867e-03
2.046784503878565451e-03
2.043614397258461390e-03
2.040449200571950276e-03
2.037288906214413352e-03
2.034133506593011065e-03
2.030982994126664422e-03
2.027837361246035905e-03
2.024696600393512125e-03
2.021560704023185606e-03
2.018429664600833538e-03
2.015303474603902592e-03
2.012182126521494183e-03
2.009065612854339308e-03
2.005953926114784677e-03
2.002847058826774922e-03
1.999745003525833960e-03
1.996647752759045467e-03
1.993555299085036838e-03
1.990467635073960538e-03
1.987384753307479355e-03
1.984306646378742114e-03
1.981233306892370236e-03
1.978164727464441688e-03
1.975100900722467131e-03
1.972041819305379515e-03
1.968987475863511090e-03
1.965937863058576929e-03
1.962892973563658012e-03
1.959852800063184314e-03
1.956817335252916592e-03
1.953786571839926430e-03
1.950760502542582802e-03
1.947739120090532117e-03
1.944722417224680876e-03
1.941710386697179623e-03
1.938703021271403430e-03
1.935700313721936284e-03
1.932702256834552875e-03
1.929708843406201463e-03
1.926720066244986098e-03
1.923735918170151006e-03
1.920756392012060642e-03
1.917781480612185162e-03
1.914811176823081338e-03
1.911845473508376513e-03
1.908884363542750389e-03
1.905927839811919194e-03
1.902975895212617253e-03
1.900028522652581374e-03
1.897085715050532417e-03
1.894147465336159250e-03
1.891213766450101398e-03
1.888284611343931264e-03
1.885359992980138949e-03
1.882439904332114692e-03
1.879524338384130433e-03
1.876613288131325505e-03
1.873706746579687551e-03
1.870804706746037344e-03
1.867907161658011010e-03
1.865014104354044194e-03
1.862125527883354064e-03
1.859241425305923267e-03
1.856361789692484096e-03
1.853486614124500277e-03
1.850615891694151575e-03
1.847749615504316878e-03
1.844887778668556850e-03
1.842030374311098753e-03
1.839177395566818883e-03
1.836328835581226091e-03
1.833484687510445951e-03
1.830644944521204066e-03
1.827809599790809368e-03
1.824978646507138076e-03
1.822152077868616779e-03
1.819329887084206610e-03
1.816512067373387846e-03
1.813698611966141480e-03
1.810889514102934474e-03
1.808084767034702847e-03
1.805284364022836062e-03
1.802488298339160327e-03
1.799696563265922120e-03
1.796909152095773655e-03
1.794126058131754022e-03
1.791347274687277039e-03
1.788572795086110440e-03
1.785802612662363946e-03
1.783036720760471051e-03
1.780275112735172976e-03
1.777517781951503707e-03
1.774764721784774166e-03
1.772015925620554211e-03
1.769271386854660280e-03
1.766531098893135438e-03
1.763795055152238105e-03
1.761063249058421234e-03
1.758335674048320391e-03
1.755612323568736619e-03
1.752893191076620614e-03
1.750178270039056240e-03
1.747467553933247089e-03
1.744761036246498913e-03
1.742058710476203582e-03
1.739360570129825853e-03
1.736666608724884509e-03
1.733976819788940428e-03
1.731291196859577938e-03
1.728609733484390721e-03
1.725932423220966202e-03
1.723259259636869935e-03
1.720590236309630424e-03
1.717925346826722861e-03
1.715264584785554597e-03
1.712607943793449314e-03
1.709955417467632927e-03
1.707306999435215808e-03
1.704662683333178904e-03
1.702022462808358994e-03
1.699386331517432642e-03
1.696754283126900584e-03
1.694126311313073419e-03
1.691502409762056210e-03
1.688882572169732874e-03
1.686266792241750568e-03
1.683655063693506680e-03
1.681047380250131696e-03
1.678443735646474241e-03
1.675844123627087635e-03
1.673248537946212975e-03
1.670656972367764830e-03
1.668069420665317139e-03
1.665485876622086739e-03
1.662906334030919264e-03
1.660330786694274403e-03
1.657759228424210939e-03
1.655191653042371131e-03
1.652628054379966628e-03
1.650068426277763716e-03
1.647512762586067492e-03
1.644961057164708853e-03
1.642413303883028019e-03
1.639869496619860648e-03
1.637329629263523318e-03
1.634793695711798120e-03
1.632261689871918357e-03
1.629733605660554007e-03
1.627209437003797853e-03
1.624689177837148994e-03
1.622172822105499845e-03
1.619660363763120734e-03
1.617151796773646458e-03
1.614647115110061327e-03
1.612146312754683545e-03
1.609649383699150900e-03
1.607156321944408191e-03
1.604667121500692479e-03
1.602181776387516391e-03
1.599700280633655760e-03
1.597222628277135317e-03
1.594748813365212854e-03
1.592278829954366873e-03
1.589812672110280968e-03
1.587350333907829513e-03
1.584891809431064873e-03
1.582437092773200703e-03
1.579986178036600674e-03
1.577539059332761992e-03
1.575095730782302608e-03
1.572656186514946033e-03
1.570220420669508118e-03
1.567788427393882736e-03
1.565360200845027257e-03
1.562935735188949755e-03
1.560515024600693176e-03
1.558098063264322765e-03
1.555684845372911100e-03
1.553275365128525733e-03
1.550869616742212714e-03
1.548467594433985310e-03
1.546069292432809047e-03
1.543674704976586961e-03
1.541283826312146808e-03
1.538896650695227184e-03
1.536513172390463651e-03
1.534133385671374201e-03
1.531757284820346905e-03
1.529384864128625161e-03
1.527016117896294036e-03
1.524651040432266607e-03
1.522289626054270945e-03
1.519931869088835376e-03
1.517577763871275900e-03
1.515227304745682098e-03
1.512880486064903255e-03
1.510537302190534913e-03
1.508197747492906514e-03
1.505861816351065571e-03
1.503529503152766390e-03
1.501200802294454673e-03
1.498875708181256899e-03
1.496554215226962971e-03
1.494236317854015592e-03
1.491922010493496389e-03
1.489611287585112251e-03
1.487304143577181667e-03
1.485000572926621284e-03
1.482700570098934197e-03
1.480404129568194550e-03
1.478111245817035615e-03
1.475821913336636130e-03
1.473536126626705332e-03
1.471253880195474506e-03
1.468975168559678336e-03
1.466699986244545144e-03
1.464428327783782145e-03
1.462160187719563093e-03
1.459895560602515480e-03
1.457634440991706012e-03
1.455376823454628248e-03
1.453122702567191541e-03
1.450872072913704340e-03
1.448624929086864003e-03
1.446381265687742479e-03
1.444141077325774170e-03
1.441904358618740969e-03
1.439671104192763148e-03
1.437441308682282232e-03
1.435214966730051240e-03
1.432992072987120157e-03
1.430772622112823789e-03
1.428556608774768323e-03
1.426344027648818961e-03
1.424134873419087349e-03
1.421929140777917697e-03
1.419726824425876803e-03
1.417527919071736491e-03
1.415332419432466021e-03
1.413140320233216476e-03
1.410951616207308185e-03
1.408766302096219232e-03
1.406584372649571793e-03
1.404405822625120646e-03
1.402230646788739507e-03
1.400058839914408888e-03
1.397890396784202439e-03
1.395725312188277403e-03
1.393563580924858354e-03
1.391405197800227875e-03
1.389250157628711809e-03
1.387098455232668422e-03
1.384950085442473436e-03
1.382805043096512441e-03
1.380663323041162686e-03
1.378524920130784828e-03
1.376389829227709282e-03
1.374258045202222771e-03
1.372129562932557700e-03
1.370004377304880235e-03
1.367882483213275118e-03
1.365763875559735914e-03
1.363648549254152650e-03
1.361536499214297934e-03
1.359427720365817202e-03
1.357322207642213969e-03
1.355219955984839639e-03
1.353120960342880713e-03
1.351025215673345558e-03
1.348932716941053786e-03
1.346843459118623673e-03
1.344757437186460455e-03
1.342674646132742443e-03
1.340595080953411924e-03
1.338518736652160625e-03
1.336445608240418659e-03
1.334375690737343466e-03
1.332308979169806147e-03
1.330245468572380197e-03
1.328185153987330221e-03
1.326128030464598928e-03
1.324074093061796721e-03
1.322023336844187170e-03
1.319975756884678771e-03
1.317931348263810202e-03
1.315890106069739912e-03
1.313852025398232681e-03
1.311817101352651376e-03
1.309785329043940908e-03
1.307756703590619339e-03
1.305731220118765091e-03
1.303708873762005451e-03
1.301689659661505079e-03
1.299673572965953866e-03
1.297660608831555009e-03
1.295650762422015032e-03
1.293644028908530128e-03
1.291640403469775751e-03
1.289639881291894906e-03
1.287642457568485789e-03
1.285648127500591811e-03
1.283656886296688374e-03
1.281668729172672242e-03
1.279683651351850053e-03
1.277701648064926386e-03
1.275722714549993361e-03
1.273746846052518271e-03
1.271774037825331230e-03
1.269804285128615625e-03
1.267837583229896627e-03
1.265873927404028180e-03
1.263913312933183245e-03
1.261955735106841652e-03
1.260001189221778613e-03
1.258049670582054094e-03
1.256101174499001973e-03
1.254155696291217028e-03
1.252213231284545186e-03
1.250273774812071586e-03
1.248337322214109748e-03
1.246403868838190073e-03
1.244473410039049219e-03
1.242545941178618179e-03
1.240621457626010782e-03
1.238699954757515242e-03
1.236781427956578977e-03
1.234865872613801017e-03
1.232953284126918781e-03
1.231043657900797884e-03
1.229136989347421726e-03
1.227233273885878920e-03
1.225332506942353097e-03
1.223434683950112281e-03
1.221539800349497615e-03
1.219647851587912302e-03
1.217758833119810327e-03
1.215872740406686052e-03
1.213989568917063586e-03
1.212109314126484432e-03
1.210231971517499241e-03
1.208357536579654588e-03
1.206486004809482560e-03
1.204617371710490570e-03
1.202751632793150945e-03
1.200888783574888784e-03
1.199028819580072415e-03
1.197171736340001255e-03
1.195317529392896918e-03
1.193466194283891073e-03
1.191617726565015467e-03
1.189772121795190001e-03
1.187929375540214489e-03
1.186089483372755431e-03
1.184252440872336472e-03
1.182418243625329730e-03
1.180586887224940179e-03
1.178758367271200017e-03
1.176932679370955867e-03
1.175109819137858374e-03
1.173289782192352007e-03
1.171472564161664875e-03
1.169658160679796794e-03
1.167846567387510401e-03
1.166037779932319876e-03
1.164231793968480535e-03
1.162428605156978854e-03
1.160628209165520978e-03
1.158830601668523396e-03
1.157035778347102533e-03
1.155243734889063257e-03
1.153454466988889987e-03
1.151667970347734554e-03
1.149884240673408392e-03
1.148103273680369744e-03
1.146325065089714773e-03
1.144549610629166502e-03
1.142776906033065708e-03
1.141006947042359429e-03
1.139239729404591204e-03
1.137475248873890885e-03
1.135713501210964226e-03
1.133954482183083560e-03
1.132198187564076525e-03
1.130444613134316302e-03
1.128693754680711427e-03
1.126945607996696465e-03
1.125200168882220736e-03
1.123457433143737689e-03
1.121717396594197743e-03
1.119980055053034851e-03
1.118245404346158902e-03
1.116513440305943799e-03
1.114784158771218786e-03
1.113057555587258470e-03
1.111333626605771766e-03
1.109612367684892787e-03
1.107893774689170437e-03
1.106177843489559087e-03
1.104464569963408164e-03
1.102753949994451964e-03
1.101045979472800758e-03
1.099340654294929734e-03
1.097637970363670324e-03
1.095937923588199145e-03
1.094240509884029542e-03
1.092545725172999662e-03
1.090853565383265514e-03
1.089164026449288393e-03
1.087477104311827944e-03
1.085792794917928928e-03
1.084111094220914723e-03
1.082431998180375830e-03
1.080755502762161847e-03
1.079081603938368246e-03
1.077410297687330298e-03
1.075741579993612883e-03
1.074075446847998130e-03
1.072411894247479996e-03
1.070750918195250822e-03
1.069092514700693310e-03
1.067436679779371848e-03
1.065783409453021236e-03
1.064132699749538663e-03
1.062484546702972430e-03
1.060838946353514362e-03
1.059195894747488095e-03
1.057555387937341926e-03
1.055917421981637967e-03
1.054281992945042389e-03
1.052649096898317180e-03
1.051018729918309740e-03
1.049390888087943768e-03
1.047765567496209511e-03
1.046142764238155087e-03
1.044522474414876726e-03
1.042904694133509232e-03
1.041289419507216221e-03
1.039676646655182538e-03
1.038066371702602540e-03
1.036458590780672514e-03
1.034853300026581345e-03
1.033250495583499465e-03
1.031650173600571693e-03
1.030052330232907260e-03
1.028456961641570052e-03
1.026864063993569937e-03
1.025273633461852791e-03
1.023685666225293773e-03
1.022100158468684100e-03
1.020517106382725844e-03
1.018936506164019136e-03
1.017358354015056527e-03
1.015782646144211716e-03
1.014209378765730876e-03
1.012638548099723543e-03
1.011070150372153295e-03
1.009504181814830379e-03
1.007940638665399784e-03
1.006379517167334302e-03
1.004820813569925206e-03
1.003264524128272923e-03
1.001710645103277278e-03
1.000159172761629902e-03
9.986101033758053476e-04
9.970634332240502391e-04
9.955191585903756888e-04
9.939772757645488378e-04
9.924377810420830989e-04
9.909006707242292659e-04
9.893659411179670567e-04
9.878335885359960065e-04
9.863036092967263600e-04
9.847759997242708317e-04
9.832507561484350646e-04
9.817278749047104753e-04
9.802073523342614593e-04
9.786891847839219224e-04
9.771733686061827035e-04
9.756599001591843108e-04
9.741487758067074888e-04
9.726399919181650871e-04
9.711335448685933869e-04
9.696294310386424512e-04
9.681276468145684272e-04
9.666281885882245474e-04
9.651310527570526729e-04
9.636362357240733185e-04
9.621437338978796900e-04
9.606535436926261912e-04
9.591656615280212683e-04
9.576800838293193872e-04
9.561968070273105160e-04
9.547158275583135121e-04
9.532371418641664724e-04
9.517607463922188185e-04
9.502866375953217563e-04
9.488148119318205774e-04
9.473452658655462030e-04
9.458779958658064015e-04
9.444129984073773316e-04
9.429502699704949776e-04
9.414898070408468005e-04
9.400316061095638238e-04
9.385756636732108752e-04
9.371219762337795398e-04
9.356705402986789438e-04
9.342213523807279488e-04
9.327744089981460443e-04
9.313297066745453243e-04
9.298872419389230069e-04
9.284470113256512421e-04
9.270090113744703904e-04
9.255732386304799152e-04
9.241396896441307933e-04
9.227083609712156487e-04
9.212792491728631150e-04
9.198523508155267763e-04
9.184276624709785536e-04
9.170051807163003563e-04
9.155849021338751921e-04
9.141668233113793606e-04
9.127509408417748635e-04
9.113372513232999728e-04
9.099257513594615323e-04
9.085164375590274767e-04
9.071093065360181585e-04
9.057043549096977821e-04
9.043015793045669232e-04
9.029009763503541806e-04
9.015025426820084779e-04
9.001062749396901734e-04
8.987121697687633620e-04
8.973202238197881776e-04
8.959304337485122279e-04
8.945427962158628964e-04
8.931573078879393194e-04
8.917739654360037124e-04
8.903927655364746478e-04
8.890137048709178397e-04
8.876367801260387708e-04
8.862619879936749949e-04
8.848893251707871379e-04
8.835187883594522841e-04
8.821503742668550859e-04
8.807840796052798489e-04
8.794199010921040270e-04
8.780578354497882475e-04
8.766978794058696975e-04
8.753400296929544260e-04
8.739842830487086706e-04
8.726306362158517014e-04
8.712790859421476897e-04
8.699296289803977933e-04
8.685822620884326752e-04
8.672369820291042641e-04
8.658937855702789239e-04
8.645526694848281292e-04
8.632136305506223940e-04
8.618766655505222729e-04
8.605417712723710966e-04
8.592089445089876000e-04
8.578781820581573561e-04
8.565494807226263800e-04
8.552228373100916959e-04
8.538982486331954825e-04
8.525757115095160743e-04
8.512552227615609139e-04
8.499367792167588547e-04
8.486203777074524624e-04
8.473060150708907516e-04
8.459936881492208368e-04
8.446833937894808854e-04
8.433751288435927451e-04
8.420688901683535954e-04
8.407646746254294427e-04
8.394624790813466630e-04
8.381623004074844133e-04
8.368641354800684506e-04
8.355679811801623507e-04
8.342738343936599186e-04
8.329816920112786830e-04
8.316915509285517649e-04
8.304034080458205054e-04
8.291172602682273093e-04
8.278331045057072974e-04
8.265509376729822345e-04
8.252707566895519644e-04
8.239925584796880132e-04
8.227163399724251322e-04
8.214420981015551184e-04
8.201698298056178150e-04
8.188995320278956913e-04
8.176312017164047343e-04
8.163648358238883782e-04
8.151004313078096973e-04
8.138379851303440340e-04
8.125774942583717346e-04
8.113189556634711015e-04
8.100623663219105874e-04
8.088077232146421817e-04
8.075550233272936040e-04
8.063042636501615819e-04
8.050554411782041538e-04
8.038085529110336209e-04
8.025635958529096087e-04
8.013205670127309353e-04
8.000794634040300822e-04
7.988402820449641952e-04
7.976030199583093380e-04
7.963676741714523612e-04
7.951342417163843965e-04
7.939027196296934846e-04
7.926731049525574191e-04
7.914453947307364826e-04
7.902195860145670497e-04
7.889956758589538894e-04
7.877736613233623586e-04
7.865535394718133066e-04
7.853353073728742929e-04
7.841189620996535155e-04
7.829045007297917884e-04
7.816919203454566860e-04
7.804812180333349546e-04
7.792723908846253562e-04
7.780654359950318379e-04
7.768603504647568101e-04
7.756571313984937741e-04
7.744557759054207079e-04
7.732562810991926942e-04
7.720586440979356315e-04
7.708628620242384284e-04
7.696689320051472568e-04
7.684768511721573126e-04
7.672866166612068517e-04
7.660982256126705773e-04
7.649116751713511825e-04
7.637269624864744715e-04
7.625440847116813367e-04
7.613630390050208198e-04
7.601838225289440400e-04
7.590064324502969299e-04
7.578308659403134055e-04
7.566571201746087518e-04
7.554851923331723593e-04
7.543150796003617606e-04
7.531467791648950409e-04
7.519802882198447667e-04
7.508156039626309383e-04
7.496527235950137258e-04
7.484916443230882647e-04
7.473323633572759826e-04
7.461748779123193948e-04
7.450191852072748401e-04
7.438652824655056506e-04
7.427131669146758630e-04
7.415628357867431715e-04
7.404142863179529648e-04
7.392675157488304109e-04
7.381225213241752537e-04
7.369793002930541143e-04
7.358378499087950709e-04
7.346981674289792012e-04
7.335602501154361377e-04
7.324240952342359360e-04
7.312897000556830033e-04
7.301570618543097016e-04
7.290261779088693002e-04
7.278970455023307719e-04
7.267696619218701193e-04
7.256440244588659291e-04
7.245201304088911328e-04
7.233979770717081275e-04
7.222775617512610779e-04
7.211588817556697367e-04
7.200419343972234813e-04
7.189267169923744833e-04
7.178132268617306612e-04
7.167014613300504763e-04
7.155914177262356684e-04
7.144830933833248594e-04
7.133764856384876979e-04
7.122715918330177042e-04
7.111684093123263068e-04
7.100669354259367709e-04
7.089671675274770426e-04
7.078691029746740030e-04
7.067727391293472878e-04
7.056780733574018064e-04
7.045851030288229717e-04
7.034938255176695441e-04
7.024042382020668010e-04
7.013163384642015497e-04
7.002301236903146460e-04
6.991455912706954655e-04
6.980627385996750721e-04
6.969815630756206895e-04
6.959020621009286535e-04
6.948242330820186656e-04
6.937480734293276132e-04
6.926735805573027392e-04
6.916007518843957872e-04
6.905295848330573636e-04
6.894600768297302158e-04
6.883922253048427265e-04
6.873260276928029513e-04
6.862614814319930884e-04
6.851985839647626491e-04
6.841373327374224936e-04
6.830777252002385438e-04
6.820197588074259276e-04
6.809634310171427994e-04
6.799087392914839436e-04
6.788556810964753527e-04
6.778042539020671811e-04
6.767544551821284317e-04
6.757062824144408845e-04
6.746597330806923748e-04
6.736148046664710469e-04
6.725714946612600413e-04
6.715298005584304473e-04
6.704897198552356658e-04
6.694512500528053368e-04
6.684143886561398108e-04
6.673791331741033180e-04
6.663454811194183302e-04
6.653134300086604655e-04
6.642829773622508987e-04
6.632541207044512655e-04
6.622268575633584583e-04
6.612011854708971454e-04
6.601771019628146749e-04
6.591546045786754373e-04
6.581336908618543599e-04
6.571143583595311609e-04
6.560966046226848194e-04
6.550804272060873961e-04
6.540658236682980698e-04
6.530527915716570660e-04
6.520413284822806693e-04
6.510314319700546103e-04
6.500230996086282104e-04
6.490163289754089610e-04
6.480111176515566691e-04
6.470074632219770597e-04
6.460053632753171146e-04
6.450048154039579162e-04
6.440058172040099855e-04
6.430083662753063433e-04
6.420124602213984986e-04
6.410180966495486422e-04
6.400252731707256355e-04
6.390339873995978543e-04
6.380442369545285273e-04
6.370560194575697723e-04
6.360693325344565253e-04
6.350841738146007940e-04
6.341005409310866703e-04
6.331184315206638252e-04
6.321378432237423047e-04
6.311587736843868920e-04
6.301812205503110357e-04
6.292051814728716460e-04
6.282306541070632397e-04
6.272576361115120855e-04
6.262861251484713255e-04
6.253161188838143609e-04
6.243476149870299738e-04
6.233806111312164720e-04
6.224151049930761598e-04
6.214510942529095916e-04
6.204885765946102595e-04
6.195275497056588468e-04
6.185680112771176986e-04
6.176099590036252928e-04
6.166533905833909267e-04
6.156983037181884295e-04
6.147446961133517162e-04
6.137925654777685001e-04
6.128419095238747628e-04
6.118927259676502006e-04
6.109450125286115026e-04
6.099987669298074719e-04
6.090539868978139294e-04
6.081106701627272092e-04
6.071688144581596043e-04
6.062284175212337292e-04
6.052894770925770990e-04
6.043519909163159488e-04
6.034159567400713313e-04
6.024813723149523943e-04
6.015482353955512850e-04
6.006165437399381630e-04
5.996862951096555618e-04
5.987574872697126434e-04
5.978301179885806439e-04
5.969041850381866937e-04
5.959796861939088307e-04
5.950566192345710121e-04
5.941349819424367185e-04
5.932147721032048331e-04
5.922959875060038962e-04
5.913786259433861416e-04
5.904626852113233765e-04
5.895481631092004769e-04
5.886350574398112670e-04
5.877233660093522313e-04
5.868130866274175270e-04
5.859042171069944304e-04
5.849967552644574822e-04
5.840906989195623076e-04
5.831860458954425805e-04
5.822827940186026509e-04
5.813809411189140757e-04
5.804804850296084624e-04
5.795814235872744340e-04
5.786837546318505813e-04
5.777874760066215596e-04
5.768925855582120177e-04
5.759990811365820439e-04
5.751069605950217449e-04
5.742162217901462589e-04
5.733268625818896836e-04
5.724388808335014985e-04
5.715522744115403850e-04
5.706670411858694560e-04
5.697831790296508346e-04
5.689006858193407755e-04
5.680195594346845690e-04
5.671397977587113370e-04
5.662613986777293709e-04
5.653843600813199515e-04
5.645086798623339883e-04
5.636343559168850801e-04
5.627613861443461546e-04
5.618897684473427457e-04
5.610195007317498499e-04
5.601505809066852038e-04
5.592830068845050561e-04
5.584167765807991797e-04
5.575518879143856682e-04
5.566883388073062735e-04
5.558261271848204425e-04
5.549652509754017396e-04
5.541057081107321003e-04
5.532474965256961932e-04
5.523906141583781676e-04
5.515350589500550398e-04
5.506808288451923560e-04
5.498279217914403983e-04
5.489763357396264861e-04
5.481260686437529166e-04
5.472771184609907845e-04
5.464294831516747783e-04
5.455831606792986262e-04
5.447381490105110847e-04
5.438944461151091082e-04
5.430520499660348131e-04
5.422109585393695150e-04
5.413711698143291746e-04
5.405326817732598443e-04
5.396954924016327893e-04
5.388595996880386329e-04
5.380250016241837786e-04
5.371916962048857479e-04
5.363596814280664586e-04
5.355289552947494055e-04
5.346995158090542396e-04
5.338713609781916723e-04
5.330444888124591385e-04
5.322188973252352674e-04
5.313945845329761958e-04
5.305715484552098226e-04
5.297497871145314709e-04
5.289292985365991184e-04
5.281100807501290604e-04
5.272921317868903800e-04
5.264754496817001779e-04
5.256600324724203200e-04
5.248458781999508233e-04
5.240329849082262783e-04
5.232213506442110786e-04
5.224109734578941079e-04
5.216018514022849458e-04
5.207939825334082298e-04
5.199873649102996435e-04
5.191819965950016883e-04
5.183778756525572870e-04
5.175750001510070726e-04
5.167733681613836429e-04
5.159729777577073311e-04
5.151738270169816530e-04
5.143759140191881025e-04
5.135792368472821400e-04
5.127837935871880966e-04
5.119895823277959218e-04
5.111966011609540275e-04
5.104048481814674448e-04
5.096143214870911022e-04
5.088250191785270065e-04
5.080369393594182797e-04
5.072500801363452562e-04
5.064644396188208199e-04
5.056800159192861768e-04
5.048968071531055417e-04
5.041148114385625607e-04
5.033340268968551070e-04
5.025544516520910523e-04
5.017760838312834964e-04
5.009989215643467558e-04
5.002229629840913763e-04
4.994482062262202296e-04
4.986746494293229845e-04
4.979022907348726367e-04
4.971311282872210640e-04
4.963611602335933886e-04
4.955923847240850492e-04
4.948247999116567059e-04
4.940584039521293607e-04
4.932931950041803465e-04
4.925291712293389896e-04
4.917663307919822738e-04
4.910046718593299607e-04
4.902441926014404700e-04
4.894848911912067597e-04
4.887267658043513386e-04
4.879698146194223632e-04
4.872140358177889214e-04
4.864594275836372377e-04
4.857059881039653610e-04
4.849537155685798573e-04
4.842026081700906599e-04
4.834526641039070039e-04
4.827038815682333601e-04
4.819562587640647731e-04
4.812097938951824701e-04
4.804644851681497413e-04
4.797203307923079280e-04
4.789773289797714354e-04
4.782354779454236668e-04
4.774947759069131750e-04
4.767552210846490537e-04
4.760168117017964389e-04
4.752795459842727678e-04
4.745434221607427918e-04
4.738084384626152696e-04
4.730745931240376003e-04
4.723418843818926794e-04
4.716103104757940197e-04
4.708798696480815229e-04
4.701505601438175225e-04
4.694223802107823926e-04
4.686953280994703196e-04
4.679694020630853989e-04
4.672446003575369731e-04
4.665209212414356201e-04
4.657983629760894129e-04
4.650769238254987697e-04
4.643566020563534721e-04
4.636373959380274607e-04
4.629193037425753123e-04
4.622023237447277395e-04
4.614864542218875799e-04
4.607716934541260549e-04
4.600580397241777288e-04
4.593454913174371476e-04
4.586340465219546103e-04
4.579237036284316696e-04
4.572144609302173919e-04
4.565063167233041281e-04
4.557992693063235025e-04
4.550933169805421305e-04
4.543884580498576604e-04
4.536846908207950338e-04
4.529820136025016061e-04
4.522804247067437858e-04
4.515799224479028601e-04
4.508805051429707125e-04
4.501821711115458653e-04
4.494849186758295766e-04
4.487887461606217742e-04
4.480936518933167738e-04
4.473996342038997001e-04
4.467066914249420966e-04
4.460148218915978595e-04
4.453240239415999849e-04
4.446342959152554735e-04
4.439456361554421863e-04
4.432580430076045615e-04
4.425715148197496038e-04
4.418860499424427093e-04
4.412016467288045222e-04
4.405183035345058384e-04
4.398360187177646242e-04
4.391547906393415170e-04
4.384746176625359758e-04
4.377954981531824875e-04
4.371174304796466626e-04
4.364404130128211163e-04
4.357644441261216729e-04
4.350895221954836261e-04
4.344156455993572388e-04
4.337428127187047079e-04
4.330710219369956647e-04
4.324002716402032716e-04
4.317305602168008613e-04
4.310618860577574915e-04
4.303942475565345296e-04
4.297276431090814243e-04
4.290620711138320195e-04
4.283975299717008136e-04
4.277340180860788937e-04
4.270715338628303039e-04
4.264100757102879790e-04
4.257496420392502755e-04
4.250902312629767431e-04
4.244318417971846549e-04
4.237744720600449422e-04
4.231181204721785080e-04
4.224627854566525404e-04
4.218084654389765557e-04
4.211551588470986577e-04
4.205028641114017971e-04
4.198515796647002483e-04
4.192013039422350009e-04
4.185520353816710496e-04
4.179037724230930573e-04
4.172565135090016146e-04
4.166102570843096078e-04
4.159650015963386408e-04
4.153207454948150239e-04
4.146774872318661955e-04
4.140352252620168737e-04
4.133939580421856948e-04
4.127536840316809851e-04
4.121144016921975085e-04
4.114761094878124545e-04
4.108388058849820235e-04
4.102024893525375230e-04
4.095671583616817364e-04
4.089328113859853984e-04
4.082994469013831841e-04
4.076670633861705648e-04
4.070356593209995791e-04
4.064052331888758519e-04
4.057757834751542030e-04
4.051473086675354491e-04
4.045198072560628254e-04
4.038932777331180829e-04
4.032677185934180732e-04
4.026431283340110075e-04
4.020195054542729878e-04
4.013968484559042658e-04
4.007751558429257198e-04
4.001544261216752221e-04
3.995346578008040074e-04
3.989158493912730945e-04
3.982979994063500884e-04
3.976811063616049512e-04
3.970651687749068588e-04
3.964501851664205137e-04
3.958361540586027307e-04
3.952230739761986413e-04
3.946109434462384416e-04
3.939997609980335435e-04
3.933895251631732673e-04
3.927802344755212103e-04
3.921718874712117227e-04
3.915644826886465466e-04
3.909580186684911301e-04
3.903524939536710489e-04
3.897479070893687539e-04
3.891442566230201021e-04
3.885415411043102903e-04
3.879397590851711990e-04
3.873389091197774353e-04
3.867389897645425920e-04
3.861399995781165917e-04
3.855419371213815666e-04
3.849448009574484432e-04
3.843485896516537440e-04
3.837533017715561725e-04
3.831589358869328180e-04
3.825654905697761202e-04
3.819729643942899660e-04
3.813813559368868706e-04
3.807906637761840742e-04
3.802008864930002895e-04
3.796120226703521782e-04
3.790240708934515318e-04
3.784370297497007180e-04
3.778508978286905127e-04
3.772656737221957626e-04
3.766813560241727291e-04
3.760979433307551855e-04
3.755154342402513266e-04
3.749338273531403537e-04
3.743531212720690050e-04
3.737733146018483573e-04
3.731944059494501941e-04
3.726163939240040236e-04
3.720392771367936639e-04
3.714630542012535021e-04
3.708877237329657843e-04
3.703132843496566577e-04
3.697397346711935691e-04
3.691670733195810900e-04
3.685952989189584237e-04
3.680244100955955559e-04
3.674544054778901649e-04
3.668852836963645316e-04
3.663170433836615276e-04
3.657496831745421766e-04
3.651832017058820215e-04
3.646175976166677094e-04
3.640528695479937934e-04
3.634890161430598052e-04
3.629260360471664058e-04
3.623639279077128382e-04
3.618026903741927529e-04
3.612423220981919310e-04
3.606828217333844355e-04
3.601241879355295754e-04
3.595664193624685989e-04
3.590095146741216579e-04
3.584534725324842836e-04
3.578982916016244602e-04
3.573439705476793172e-04
3.567905080388516603e-04
3.562379027454073152e-04
3.556861533396714413e-04
3.551352584960256581e-04
3.545852168909045766e-04
3.540360272027930338e-04
3.534876881122222441e-04
3.529401983017675768e-04
3.523935564560444359e-04
3.518477612617056040e-04
3.513028114074382606e-04
3.507587055839600791e-04
3.502154424840171667e-04
3.496730208023799444e-04
3.491314392358404366e-04
3.485906964832093439e-04
3.480507912453123564e-04
3.475117222249876061e-04
3.469734881270821977e-04
3.464360876584491721e-04
3.458995195279445799e-04
3.453637824464239029e-04
3.448288751267396691e-04
3.442947962837376039e-04
3.437615446342541362e-04
3.432291188971132003e-04
3.426975177931227117e-04
3.421667400450720199e-04
3.416367843777286554e-04
3.411076495178352397e-04
3.405793341941063955e-04
3.400518371372258735e-04
3.395251570798431370e-04
3.389992927565708145e-04
3.384742429039811753e-04
3.379500062606034198e-04
3.374265815669205888e-04
3.369039675653664741e-04
3.363821630003225281e-04
3.358611666181149369e-04
3.353409771670117466e-04
3.348215933972195570e-04
3.343030140608807023e-04
3.337852379120702698e-04
3.332682637067932267e-04
3.327520902029808963e-04
3.322367161604886272e-04
3.317221403410924320e-04
3.312083615084861687e-04
3.306953784282785046e-04
3.301831898679899891e-04
3.296717945970498555e-04
3.291611913867934728e-04
3.286513790104592559e-04
3.281423562431854670e-04
3.276341218620075599e-04
3.271266746458550349e-04
3.266200133755488917e-04
3.261141368337981054e-04
3.256090438051971870e-04
3.251047330762229853e-04
3.246012034352321928e-04
3.240984536724577140e-04
3.235964825800063884e-04
3.230952889518558463e-04
3.225948715838513649e-04
3.220952292737038619e-04
3.215963608209858305e-04
3.210982650271292245e-04
3.206009406954222606e-04
3.201043866310068699e-04
3.196086016408753372e-04
3.191135845338679156e-04
3.186193341206696285e-04
3.181258492138076127e-04
3.176331286276480831e-04
3.171411711783938387e-04
3.166499756840807935e-04
3.161595409645758079e-04
3.156698658415735444e-04
3.151809491385934320e-04
3.146927896809773354e-04
3.142053862958863017e-04
3.137187378122979591e-04
3.132328430610035346e-04
3.127477008746052528e-04
3.122633100875133534e-04
3.117796695359434356e-04
3.112967780579136388e-04
3.108146344932416613e-04
3.103332376835422120e-04
3.098525864722242464e-04
3.093726797044878216e-04
3.088935162273216575e-04
3.084150948895004259e-04
3.079374145415817148e-04
3.074604740359034808e-04
3.069842722265811214e-04
3.065088079695048187e-04
3.060340801223367753e-04
3.055600875445085569e-04
3.050868290972181662e-04
3.046143036434273855e-04
3.041425100478591754e-04
3.036714471769949098e-04
3.032011138990713941e-04
3.027315090840783179e-04
3.022626316037558148e-04
3.017944803315911564e-04
3.013270541428166374e-04
3.008603519144064319e-04
3.003943725250743163e-04
2.999291148552705251e-04
2.994645777871794202e-04
2.990007602047165089e-04
2.985376609935260048e-04
2.980752790409782254e-04
2.976136132361665025e-04
2.971526624699047966e-04
2.966924256347251493e-04
2.962329016248747013e-04
2.957740893363133079e-04
2.953159876667107737e-04
2.948585955154441962e-04
2.944019117835954729e-04
2.939459353739482645e-04
2.934906651909858816e-04
2.930361001408882484e-04
2.925822391315294636e-04
2.921290810724750894e-04
2.916766248749798210e-04
2.912248694519842338e-04
2.907738137181128317e-04
2.903234565896711740e-04
2.898737969846430567e-04
2.894248338226883981e-04
2.889765660251402031e-04
2.885289925150021778e-04
2.880821122169461819e-04
2.876359240573093555e-04
2.871904269640920045e-04
2.867456198669547283e-04
2.863015016972157083e-04
2.858580713878484860e-04
2.854153278734791982e-04
2.849732700903840287e-04
2.845318969764867151e-04
2.840912074713560550e-04
2.836512005162029784e-04
2.832118750538786508e-04
2.827732300288712743e-04
2.823352643873041907e-04
2.818979770769325204e-04
2.814613670471416440e-04
2.810254332489437335e-04
2.805901746349759090e-04
2.801555901594974195e-04
2.797216787783872037e-04
2.792884394491411794e-04
2.788558711308702378e-04
2.784239727842970991e-04
2.779927433717543613e-04
2.775621818571817351e-04
2.771322872061235507e-04
2.767030583857263719e-04
2.762744943647363403e-04
2.758465941134970612e-04
2.754193566039466758e-04
2.749927808096158015e-04
2.745668657056247672e-04
2.741416102686812821e-04
2.737170134770778879e-04
2.732930743106896823e-04
2.728697917509717162e-04
2.724471647809565008e-04
2.720251923852517301e-04
2.716038735500377879e-04
2.711832072630652535e-04
2.707631925136524628e-04
2.703438282926831767e-04
2.699251135926040339e-04
2.695070474074223819e-04
2.690896287327032956e-04
2.686728565655679512e-04
2.682567299046905362e-04
2.678412477502962433e-04
2.674264091041587228e-04
2.670122129695976431e-04
2.665986583514763056e-04
2.661857442561995843e-04
2.657734696917109446e-04
2.653618336674904918e-04
2.649508351945524770e-04
2.645404732854429123e-04
2.641307469542371312e-04
2.637216552165375116e-04
2.633131970894712535e-04
2.629053715916877224e-04
2.624981777433561727e-04
2.620916145661634708e-04
2.616856810833117640e-04
2.612803763195160954e-04
2.608756993010020184e-04
2.604716490555031576e-04
2.600682246122594196e-04
2.596654250020136862e-04
2.592632492570104592e-04
2.588616964109929875e-04
2.584607654992011525e-04
2.580604555583689203e-04
2.576607656267222279e-04
2.572616947439768141e-04
2.568632419513355099e-04
2.564654062914862318e-04
2.560681868085995972e-04
2.556715825483266472e-04
2.552755925577966786e-04
2.548802158856145329e-04
2.544854515818587536e-04
2.540912986980790921e-04
2.536977562872942855e-04
2.533048234039899965e-04
2.529124991041159401e-04
2.525207824450843115e-04
2.521296724857670216e-04
2.517391682864936913e-04
2.513492689090493200e-04
2.509599734166720634e-04
2.505712808740509566e-04
2.501831903473234744e-04
2.497957009040738512e-04
2.494088116133301534e-04
2.490225215455625445e-04
2.486368297726806835e-04
2.482517353680317729e-04
2.478672374063982278e-04
2.474833349639956161e-04
2.471000271184700019e-04
2.467173129488961568e-04
2.463351915357753371e-04
2.459536619610326277e-04
2.455727233080152614e-04
2.451923746614902882e-04
2.448126151076419725e-04
2.444334437340702762e-04
2.440548596297880660e-04
2.436768618852192707e-04
2.432994495921965233e-04
2.429226218439591814e-04
2.425463777351508348e-04
2.421707163618174070e-04
2.417956368214049605e-04
2.414211382127572569e-04
2.410472196361138867e-04
2.406738801931081553e-04
2.403011189867645622e-04
2.399289351214969846e-04
2.395573277031062657e-04
2.391862958387784522e-04
2.388158386370821927e-04
2.384459552079668399e-04
2.380766446627603642e-04
2.377079061141671031e-04
2.373397386762655123e-04
2.369721414645064033e-04
2.366051135957104228e-04
2.362386541880662097e-04
2.358727623611281182e-04
2.355074372358142390e-04
2.351426779344040956e-04
2.347784835805366923e-04
2.344148532992083465e-04
2.340517862167706552e-04
2.336892814609282997e-04
2.333273381607369856e-04
2.329659554466013830e-04
2.326051324502729307e-04
2.322448683048479933e-04
2.318851621447654487e-04
2.315260131058048719e-04
2.311674203250843401e-04
2.308093829410583990e-04
2.304519000935158679e-04
2.300949709235780777e-04
2.297385945736964857e-04
2.293827701876506966e-04
2.290274969105465114e-04
2.286727738888138671e-04
2.283186002702045872e-04
2.279649752037905927e-04
2.276118978399617064e-04
2.272593673304236202e-04
2.269073828281959978e-04
2.265559434876101164e-04
2.262050484643072677e-04
2.258546969152363181e-04
2.255048879986520287e-04
2.251556208741127508e-04
2.248068947024785833e-04
2.244587086459093393e-04
2.241110618678624595e-04
2.237639535330910332e-04
2.234173828076417925e-04
2.230713488588531340e-04
2.227258508553530856e-04
2.223808879670574092e-04
2.220364593651673508e-04
2.216925642221680148e-04
2.213492017118259781e-04
2.210063710091876913e-04
2.206640712905771743e-04
2.203223017335942282e-04
2.199810615171124287e-04
2.196403498212771207e-04
2.193001658275033853e-04
2.189605087184742511e-04
2.186213776781386069e-04
2.182827718917092230e-04
2.179446905456608268e-04
2.176071328277281785e-04
2.172700979269040651e-04
2.169335850334374574e-04
2.165975933388313685e-04
2.162621220358411193e-04
2.159271703184722515e-04
2.155927373819786839e-04
2.152588224228608159e-04
2.149254246388633582e-04
2.145925432289737071e-04
2.142601773934198575e-04
2.139283263336684234e-04
2.135969892524229856e-04
2.132661653536217870e-04
2.129358538424361877e-04
2.126060539252684969e-04
2.122767648097502924e-04
2.119479857047401974e-04
2.116197158203222820e-04
2.112919543678041384e-04
2.109647005597147938e-04
2.106379536098029216e-04
2.103117127330350253e-04
2.099859771455934055e-04
2.096607460648744253e-04
2.093360187094865860e-04
2.090117942992485481e-04
2.086880720551873155e-04
2.083648511995365277e-04
2.080421309557343188e-04
2.077199105484216365e-04
2.073981892034402639e-04
2.070769661478310847e-04
2.067562406098320772e-04
2.064360118188766338e-04
2.061162790055915827e-04
2.057970414017953984e-04
2.054782982404963320e-04
2.051600487558904323e-04
2.048422921833600277e-04
2.045250277594716124e-04
2.042082547219741114e-04
2.038919723097970917e-04
2.035761797630488107e-04
2.032608763230145084e-04
2.029460612321544834e-04
2.026317337341024391e-04
2.023178930736634778e-04
2.020045384968123124e-04
2.016916692506916394e-04
2.013792845836101335e-04
2.010673837450406315e-04
2.007559659856185874e-04
2.004450305571398765e-04
2.001345767125593594e-04
1.998246037059888758e-04
1.995151107926955913e-04
1.992060972290999102e-04
1.988975622727741745e-04
1.985895051824405227e-04
1.982819252179691548e-04
1.979748216403765708e-04
1.976681937118239714e-04
1.973620406956152519e-04
1.970563618561952952e-04
1.967511564591482365e-04
1.964464237711957290e-04
1.961421630601951275e-04
1.958383735951376727e-04
1.955350546461469459e-04
1.952322054844769447e-04
1.949298253825102400e-04
1.946279136137564849e-04
1.943264694528505177e-04
1.940254921755505454e-04
1.937249810587366263e-04
1.934249353804087454e-04
1.931253544196851336e-04
1.928262374568005062e-04
1.925275837731044908e-04
1.922293926510595669e-04
1.919316633742397657e-04
1.916343952273286632e-04
1.913375874961176194e-04
1.910412394675043411e-04
1.907453504294910119e-04
1.904499196711823678e-04
1.901549464827843958e-04
1.898604301556023287e-04
1.895663699820390995e-04
1.892727652555936343e-04
1.889796152708588461e-04
1.886869193235205238e-04
1.883946767103551365e-04
1.881028867292283159e-04
1.878115486790932838e-04
1.875206618599889008e-04
1.872302255730383380e-04
1.869402391204469903e-04
1.866507018055012018e-04
1.863616129325663148e-04
1.860729718070850162e-04
1.857847777355759551e-04
1.854970300256315744e-04
1.852097279859169724e-04
1.849228709261678430e-04
1.846364581571891472e-04
1.843504889908530804e-04
1.840649627400977987e-04
1.837798787189254940e-04
1.834952362424009306e-04
1.832110346266496020e-04
1.829272731888562944e-04
1.826439512472633245e-04
1.823610681211689140e-04
1.820786231309256165e-04
1.817966155979386378e-04
1.815150448446641279e-04
1.812339101946076902e-04
1.809532109723227555e-04
1.806729465034087926e-04
1.803931161145098179e-04
1.801137191333127962e-04
1.798347548885460140e-04
1.795562227099773453e-04
1.792781219284128418e-04
1.790004518756949168e-04
1.787232118847009092e-04
1.784464012893413750e-04
1.781700194245585431e-04
1.778940656263247697e-04
1.776185392316406415e-04
1.773434395785339454e-04
1.770687660060574458e-04
1.767945178542878006e-04
1.765206944643236638e-04
1.762472951782842760e-04
1.759743193393077296e-04
1.757017662915495596e-04
1.754296353801810626e-04
1.751579259513877526e-04
1.748866373523677879e-04
1.746157689313304270e-04
1.743453200374943477e-04
1.740752900210862917e-04
1.738056782333392489e-04
1.735364840264912102e-04
1.732677067537832707e-04
1.729993457694583008e-04
1.727314004287594019e-04
1.724638700879281171e-04
1.721967541042032656e-04
1.719300518358190459e-04
1.716637626420037068e-04
1.713978858829778948e-04
1.711324209199531900e-04
1.708673671151304796e-04
1.706027238316986576e-04
1.703384904338326995e-04
1.700746662866925245e-04
1.698112507564212604e-04
1.695482432101437530e-04
1.692856430159650483e-04
1.690234495429689284e-04
1.687616621612163129e-04
1.685002802417437948e-04
1.682393031565622042e-04
1.679787302786548190e-04
1.677185609819762540e-04
1.674587946414506990e-04
1.671994306329704005e-04
1.669404683333942799e-04
1.666819071205464695e-04
1.664237463732146051e-04
1.661659854711486058e-04
1.659086237950589129e-04
1.656516607266152966e-04
1.653950956484450676e-04
1.651389279441318298e-04
1.648831569982138544e-04
1.646277821961826700e-04
1.643728029244815995e-04
1.641182185705041604e-04
1.638640285225927910e-04
1.636102321700372514e-04
1.633568289030731596e-04
1.631038181128805550e-04
1.628511991915825160e-04
1.625989715322434526e-04
1.623471345288679405e-04
1.620956875763990951e-04
1.618446300707171621e-04
1.615939614086380806e-04
1.613436809879119382e-04
1.610937882072216703e-04
1.608442824661815418e-04
1.605951631653356837e-04
1.603464297061567376e-04
1.600980814910442568e-04
1.598501179233234322e-04
1.596025384072436012e-04
1.593553423479768119e-04
1.591085291516163589e-04
1.588620982251754549e-04
1.586160489765856864e-04
1.583703808146957122e-04
1.581250931492697185e-04
1.578801853909860909e-04
1.576356569514359503e-04
1.573915072431217982e-04
1.571477356794559986e-04
1.569043416747595580e-04
1.566613246442604454e-04
1.564186840040924262e-04
1.561764191712935719e-04
1.559345295638047693e-04
1.556930146004685545e-04
1.554518737010274600e-04
1.552111062861227949e-04
1.549707117772931809e-04
1.547306895969731704e-04
1.544910391684918636e-04
1.542517599160714455e-04
1.540128512648260468e-04
1.537743126407600097e-04
1.535361434707668577e-04
1.532983431826275879e-04
1.530609112050096681e-04
1.528238469674652754e-04
1.525871499004302113e-04
1.523508194352223304e-04
1.521148550040404552e-04
1.518792560399626155e-04
1.516440219769450714e-04
1.514091522498206609e-04
1.511746462942976878e-04
1.509405035469583501e-04
1.507067234452575202e-04
1.504733054275213895e-04
1.502402489329459235e-04
1.500075534015958860e-04
1.497752182744031585e-04
1.495432429931655479e-04
1.493116270005453766e-04
1.490803697400683173e-04
1.488494706561217665e-04
1.486189291939537334e-04
1.483887447996714030e-04
1.481589169202398627e-04
1.479294450034808277e-04
1.477003284980711508e-04
1.474715668535416023e-04
1.472431595202755149e-04
1.470151059495075369e-04
1.467874055933222498e-04
1.465600579046527857e-04
1.463330623372796624e-04
1.461064183458293732e-04
1.458801253857730594e-04
1.456541829134253170e-04
1.454285903859427339e-04
1.452033472613227776e-04
1.449784529984022240e-04
1.447539070568561539e-04
1.445297088971963812e-04
1.443058579807704770e-04
1.440823537697601164e-04
1.438591957271800480e-04
1.436363833168766851e-04
1.434139160035268856e-04
1.431917932526365967e-04
1.429700145305395811e-04
1.427485793043961973e-04
1.425274870421920441e-04
1.423067372127367414e-04
1.420863292856626285e-04
1.418662627314234905e-04
1.416465370212932845e-04
1.414271516273648112e-04
1.412081060225486308e-04
1.409893996805715994e-04
1.407710320759756218e-04
1.405530026841165408e-04
1.403353109811627001e-04
1.401179564440938334e-04
1.399009385506997359e-04
1.396842567795789092e-04
1.394679106101375584e-04
1.392518995225881556e-04
1.390362229979481389e-04
1.388208805180388822e-04
1.386058715654842316e-04
1.383911956237094212e-04
1.381768521769396909e-04
1.379628407101992835e-04
1.377491607093098451e-04
1.375358116608895581e-04
1.373227930523516235e-04
1.371101043719032575e-04
1.368977451085442553e-04
1.366857147520658526e-04
1.364740127930496412e-04
1.362626387228660786e-04
1.360515920336734035e-04
1.358408722184165790e-04
1.356304787708257199e-04
1.354204111854150365e-04
1.352106689574819121e-04
1.350012515831051148e-04
1.347921585591440653e-04
1.345833893832374002e-04
1.343749435538019426e-04
1.341668205700312106e-04
1.339590199318944962e-04
1.337515411401354556e-04
1.335443836962711336e-04
1.333375471025905000e-04
1.331310308621535274e-04
1.329248344787897556e-04
1.327189574570972880e-04
1.325133993024413823e-04
1.323081595209535291e-04
1.321032376195300693e-04
1.318986331058311372e-04
1.316943454882793052e-04
1.314903742760586622e-04
1.312867189791133498e-04
1.310833791081465326e-04
1.308803541746193138e-04
1.306776436907493256e-04
1.304752471695098351e-04
1.302731641246282805e-04
1.300713940705852949e-04
1.298699365226135686e-04
1.296687909966965204e-04
1.294679570095673220e-04
1.292674340787075158e-04
1.290672217223460389e-04
1.288673194594580575e-04
1.286677268097636661e-04
1.284684432937268847e-04
1.282694684325544658e-04
1.280708017481946477e-04
1.278724427633361790e-04
1.276743910014070714e-04
1.274766459865733803e-04
1.272792072437382014e-04
1.270820742985404516e-04
1.268852466773538116e-04
1.266887239072853977e-04
1.264925055161748944e-04
1.262965910325931993e-04
1.261009799858414204e-04
1.259056719059495745e-04
1.257106663236756932e-04
1.255159627705046302e-04
1.253215607786467057e-04
1.251274598810369211e-04
1.249336596113336027e-04
1.247401595039174271e-04
1.245469590938901461e-04
1.243540579170735578e-04
1.241614555100085027e-04
1.239691514099534821e-04
1.237771451548838175e-04
1.235854362834903496e-04
1.233940243351785710e-04
1.232029088500670542e-04
1.230120893689869361e-04
1.228215654334803737e-04
1.226313365857996222e-04
1.224414023689058694e-04
1.222517623264683412e-04
1.220624160028627978e-04
1.218733629431708281e-04
1.216846026931786307e-04
1.214961347993757804e-04
1.213079588089543878e-04
1.211200742698077847e-04
1.209324807305295894e-04
1.207451777404125541e-04
1.205581648494475218e-04
1.203714416083222606e-04
1.201850075684204747e-04
1.199988622818207331e-04
1.198130053012952910e-04
1.196274361803091412e-04
1.194421544730187940e-04
1.192571597342714372e-04
1.190724515196035538e-04
1.188880293852401492e-04
1.187038928880934912e-04
1.185200415857621338e-04
1.183364750365298063e-04
1.181531927993644373e-04
1.179701944339169619e-04
1.177874795005204143e-04
1.176050475601887209e-04
1.174228981746157520e-04
1.172410309061742918e-04
1.170594453179148322e-04
1.168781409735646917e-04
1.166971174375268366e-04
1.165163742748789866e-04
1.163359110513723945e-04
1.161557273334309524e-04
1.159758226881499988e-04
1.157961966832954511e-04
1.156168488873026676e-04
1.154377788692753897e-04
1.152589861989847399e-04
1.150804704468682182e-04
1.149022311840286454e-04
1.147242679822330514e-04
1.145465804139118626e-04
1.143691680521575870e-04
1.141920304707240414e-04
1.140151672440251594e-04
1.138385779471340830e-04
1.136622621557820513e-04
1.134862194463574249e-04
1.133104493959046828e-04
1.131349515821233789e-04
1.129597255833671393e-04
1.127847709786426321e-04
1.126100873476085917e-04
1.124356742705747618e-04
1.122615313285009193e-04
1.120876581029958718e-04
1.119140541763164273e-04
1.117407191313663916e-04
1.115676525516956329e-04
1.113948540214989706e-04
1.112223231256152811e-04
1.110500594495263723e-04
1.108780625793561711e-04
1.107063321018695440e-04
1.105348676044714163e-04
1.103636686752057690e-04
1.101927349027545684e-04
1.100220658764369260e-04
1.098516611862079324e-04
1.096815204226578446e-04
1.095116431770109747e-04
1.093420290411247815e-04
1.091726776074888411e-04
1.090035884692239248e-04
1.088347612200809422e-04
1.086661954544400604e-04
1.084978907673096466e-04
1.083298467543253199e-04
1.081620630117490156e-04
1.079945391364679693e-04
1.078272747259938083e-04
1.076602693784614682e-04
1.074935226926283652e-04
1.073270342678733536e-04
1.071608037041957626e-04
1.069948306022144483e-04
1.068291145631668990e-04
1.066636551889081104e-04
1.064984520819098264e-04
1.063335048452594689e-04
1.061688130826591615e-04
1.060043763984418847e-04
1.058401943975280531e-04
1.056762666854498152e-04
1.055125928683586838e-04
1.053491725530162249e-04
1.051860053467931771e-04
1.050230908576683676e-04
1.048604286942277222e-04
1.046980184656634934e-04
1.045358597817731627e-04
1.043739522529586131e-04
1.042122954902251138e-04
1.040508891051804518e-04
1.038897327100338891e-04
1.037288259175954034e-04
1.035681683412745767e-04
1.034077595950798367e-04
1.032475992936173587e-04
1.030876870520902529e-04
1.029280224862976829e-04
1.027686052126337547e-04
1.026094348480867987e-04
1.024505110102382985e-04
1.022918333172621050e-04
1.021334013879234069e-04
1.019752148415778355e-04
1.018172732981706250e-04
1.016595763782356365e-04
1.015021237028944227e-04
1.013449148938553744e-04
1.011879495734128260e-04
1.010312273644460389e-04
1.008747478904184155e-04
1.007185107753765234e-04
1.005625156439492554e-04
1.004067621213468125e-04
1.002512498333599456e-04
1.000959784063589928e-04
9.994094746729290405e-05
9.978615664368852228e-05
9.963160556364951328e-05
9.947729385585553873e-05
9.932322114956142959e-05
9.916938707459616964e-05
9.901579126136213650e-05
9.886243334083409879e-05
9.870931294455837586e-05
9.855642970465201109e-05
9.840378325380178253e-05
9.825137322526338978e-05
9.809919925286055952e-05
9.794726097098415101e-05
9.779555801459127522e-05
9.764409001920448165e-05
9.749285662091075545e-05
9.734185745636077204e-05
9.719109216276794840e-05
9.704056037790760288e-05
9.689026174011607421e-05
9.674019588828988128e-05
9.659036246188474738e-05
9.644076110091490898e-05
9.629139144595212640e-05
9.614225313812477583e-05
9.599334581911719876e-05
9.584466913116861781e-05
9.569622271707233711e-05
9.554800622017499694e-05
9.540001928437554369e-05
9.525226155412451164e-05
9.510473267442314199e-05
9.495743229082244776e-05
9.481036004942245484e-05
9.466351559687130753e-05
9.451689858036441474e-05
9.437050864764365038e-05
9.422434544699644532e-05
9.407840862725497428e-05
9.393269783779534265e-05
9.378721272853667848e-05
9.364195294994030576e-05
9.349691815300897196e-05
9.335210798928591288e-05
9.320752211085408015e-05
9.306316017033530101e-05
9.291902182088942444e-05
9.277510671621345387e-05
9.263141451054082882e-05
9.248794485864046276e-05
9.234469741581597052e-05
9.220167183790488232e-05
9.205886778127772216e-05
9.191628490283727598e-05
9.177392286001772432e-05
9.163178131078378850e-05
9.148985991362997168e-05
9.134815832757970505e-05
9.120667621218454823e-05
9.106541322752329480e-05
9.092436903420128113e-05
9.078354329334946480e-05
9.064293566662369277e-05
9.050254581620379335e-05
9.036237340479285794e-05
9.022241809561637362e-05
9.008267955242145074e-05
8.994315743947596900e-05
8.980385142156781860e-05
8.966476116400407350e-05
8.952588633261016472e-05
8.938722659372913494e-05
8.924878161422078471e-05
8.911055106146085927e-05
8.897253460334034387e-05
8.883473190826456924e-05
8.869714264515241205e-05
8.855976648343559011e-05
8.842260309305779509e-05
8.828565214447389286e-05
8.814891330864920522e-05
8.801238625705865612e-05
8.787607066168593134e-05
8.773996619502284159e-05
8.760407253006841446e-05
8.746838934032812192e-05
8.733291629981317561e-05
8.719765308303964587e-05
8.706259936502770290e-05
8.692775482130089837e-05
8.679311912788532522e-05
8.665869196130883162e-05
8.652447299860027555e-05
8.639046191728875232e-05
8.625665839540283563e-05
8.612306211146969666e-05
8.598967274451446707e-05
8.585648997405943947e-05
8.572351348012318642e-05
8.559074294321995064e-05
8.545817804435876404e-05
8.532581846504272947e-05
8.519366388726824823e-05
8.506171399352420687e-05
8.492996846679136738e-05
8.479842699054139141e-05
8.466708924873623035e-05
8.453595492582732579e-05
8.440502370675485053e-05
8.427429527694689547e-05
8.414376932231887329e-05
8.401344552927256975e-05
8.388332358469549317e-05
8.375340317596014265e-05
8.362368399092319482e-05
8.349416571792478566e-05
8.336484804578775149e-05
8.323573066381692424e-05
8.310681326179827769e-05
8.297809552999830401e-05
8.284957715916321417e-05
8.272125784051816545e-05
8.259313726576661093e-05
8.246521512708944565e-05
8.233749111714434258e-05
8.220996492906500717e-05
8.208263625646039139e-05
8.195550479341402956e-05
8.182857023448325236e-05
8.170183227469844146e-05
8.157529060956237893e-05
8.144894493504939350e-05
8.132279494760475064e-05
8.119684034414382590e-05
8.107108082205148147e-05
8.094551607918119883e-05
8.082014581385446887e-05
8.069496972486004652e-05
8.056998751145317823e-05
8.044519887335492439e-05
8.032060351075141389e-05
8.019620112429315297e-05
8.007199141509426627e-05
7.994797408473183276e-05
7.982414883524509969e-05
7.970051536913481851e-05
7.957707338936249950e-05
7.945382259934974769e-05
7.933076270297749033e-05
7.920789340458529932e-05
7.908521440897061869e-05
7.896272542138822249e-05
7.884042614754930677e-05
7.871831629362087976e-05
7.859639556622504352e-05
7.847466367243834345e-05
7.835312031979091451e-05
7.823176521626596617e-05
7.811059807029895573e-05
7.798961859077689716e-05
7.786882648703775120e-05
7.774822146886959870e-05
7.762780324651003070e-05
7.750757153064543020e-05
7.738752603241029449e-05
7.726766646338646270e-05
7.714799253560256011e-05
7.702850396153315790e-05
7.690920045409821752e-05
7.679008172666227749e-05
7.667114749303387071e-05
7.655239746746477902e-05
7.643383136464934201e-05
7.631544889972379300e-05
7.619724978826556783e-05
7.607923374629262721e-05
7.596140049026276560e-05
7.584374973707296063e-05
7.572628120405860063e-05
7.560899460899295611e-05
7.549188967008635300e-05
7.537496610598557638e-05
7.525822363577317929e-05
7.514166197896683219e-05
7.502528085551857760e-05
7.490907998581420668e-05
7.479305909067266291e-05
7.467721789134514759e-05
7.456155610951476756e-05
7.444607346729553222e-05
7.433076968723194701e-05
7.421564449229818669e-05
7.410069760589756680e-05
7.398592875186173049e-05
7.387133765445009288e-05
7.375692403834912278e-05
7.364268762867170570e-05
7.352862815095649335e-05
7.341474533116721247e-05
7.330103889569201427e-05
7.318750857134290525e-05
7.307415408535486629e-05
7.296097516538547318e-05
7.284797153951404279e-05
7.273514293624109097e-05
7.262248908448758720e-05
7.251000971359442600e-05
7.239770455332162735e-05
7.228557333384780811e-05
7.217361578576947736e-05
7.206183164010045356e-05
7.195022062827106501e-05
7.183878248212768902e-05
7.172751693393200655e-05
7.161642371636036525e-05
7.150550256250312890e-05
7.139475320586413534e-05
7.128417538035988332e-05
7.117376882031905812e-05
7.106353326048175912e-05
7.095346843599901186e-05
7.084357408243195490e-05
7.073384993575137906e-05
7.062429573233692777e-05
7.051491120897662279e-05
7.040569610286607810e-05
7.029665015160802563e-05
7.018777309321152917e-05
7.007906466609148291e-05
6.997052460906790677e-05
6.986215266136535003e-05
6.975394856261226794e-05
6.964591205284035766e-05
6.953804287248396192e-05
6.943034076237947271e-05
6.932280546376466722e-05
6.921543671827808445e-05
6.910823426795845593e-05
6.900119785524401461e-05
6.889432722297189854e-05
6.878762211437759516e-05
6.868108227309425019e-05
6.857470744315208484e-05
6.846849736897773174e-05
6.836245179539370638e-05
6.825657046761775661e-05
6.815085313126218499e-05
6.804529953233336094e-05
6.793990941723100239e-05
6.783468253274762020e-05
6.772961862606789469e-05
6.762471744476810645e-05
6.751997873681544516e-05
6.741540225056745397e-05
6.731098773477150088e-05
6.720673493856400631e-05
6.710264361147002296e-05
6.699871350340243616e-05
6.689494436466158448e-05
6.679133594593447362e-05
6.668788799829426144e-05
6.658460027319968875e-05
6.648147252249440170e-05
6.637850449840639608e-05
6.627569595354747527e-05
6.617304664091250483e-05
6.607055631387903302e-05
6.596822472620649121e-05
6.586605163203574666e-05
6.576403678588842487e-05
6.566217994266640814e-05
6.556048085765111731e-05
6.545893928650303739e-05
6.535755498526110772e-05
6.525632771034211210e-05
6.515525721854005536e-05
6.505434326702568904e-05
6.495358561334584730e-05
6.485298401542283707e-05
6.475253823155396372e-05
6.465224802041085340e-05
6.455211314103892451e-05
6.445213335285675076e-05
6.435230841565557321e-05
6.425263808959866339e-05
6.415312213522072690e-05
6.405376031342734783e-05
6.395455238549452792e-05
6.385549811306790054e-05
6.375659725816231057e-05
6.365784958316116386e-05
6.364561275120576411e-05
