0.000000000000000000e+00
1.525445192236343219e-03
3.049250864867698169e-03
6.093585407148259005e-03
9.131371123019047312e-03
1.216261771340464495e-02
4.211753253495753579e-02
7.142935225571260538e-02
1.001079505766212380e-01
1.281633387447301542e-01
2.120155311770646200e-01
2.901780187818286949e-01
3.629600878708448830e-01
4.306654535609019674e-01
4.935896784397371673e-01
5.765356329359079268e-01
6.509317221336032855e-01
7.175366168036485526e-01
7.770529425156804670e-01
8.301279970676884723e-01
8.400232124881175100e-01
8.496891982353267370e-01
8.505611562690111871e-01
8.514312407022290863e-01
8.522994548709955653e-01
8.540302846210920951e-01
8.557536737713334896e-01
8.560973128798541332e-01
8.564406558238367717e-01
8.571267498092424164e-01
8.571579851758993618e-01
8.571892180845458453e-01
8.572516789880382237e-01
8.572611072839712021e-01
8.572704716548351644e-01
8.572707835005730637e-01
8.572710725759946637e-01
8.572713388810999646e-01
8.572715824158889664e-01
8.572718031803614469e-01
8.572721763983578436e-01
8.572724585350885995e-01
8.572726495905542698e-01
8.572717628637923637e-01
8.572704579407306458e-01
8.572691530199392229e-01
8.572561039368880031e-01
8.572430550808567418e-01
8.572300064518415530e-01
8.572169580498392172e-01
8.570864865145992884e-01
8.569560376761098386e-01
8.568256115303550802e-01
8.566952080733041264e-01
8.553924204953231580e-01
8.540918973594823216e-01
8.527936346471420848e-01
8.514976283467672324e-01
8.502038744539750503e-01
8.422143910471433514e-01
8.343107824115580939e-01
8.264921059221930211e-01
8.187574293332939845e-01
8.111058306627607628e-01
8.035363980790868332e-01
7.960482297896436243e-01
7.886404339301085198e-01
7.813121284551112211e-01
7.740624410300850355e-01
7.668905089243069906e-01
7.597954789051197810e-01
7.527765071333151203e-01
7.458327590596729451e-01
7.389634093226374878e-01
7.321676416471211146e-01
7.254446487444244918e-01
7.187936322132566502e-01
7.122138024411605040e-01
7.057043785081013043e-01
6.992645880935364211e-01
6.928936673778165467e-01
6.865908609497562987e-01
6.803554217141861704e-01
6.741866108003593538e-01
6.680836974713642018e-01
6.620459590345380008e-01
6.560726807530997684e-01
6.501631559729468268e-01
6.443166854942622424e-01
6.385325778149161247e-01
6.328101491541241463e-01
6.271487232580025273e-01
6.215476313168172284e-01
6.160062118830069711e-01
6.105238107900948785e-01
6.050997810724918491e-01
5.997334828861867750e-01
5.944242834303075096e-01
5.891715568695479188e-01
5.839746842574484731e-01
5.788330534605214961e-01
5.737460590832134111e-01
5.687131023936919938e-01
5.637335912504530810e-01
5.588069400297329681e-01
5.539325695537233862e-01
5.491099070195744059e-01
5.443383859291820448e-01
5.396174460197464828e-01
5.349465331950978841e-01
5.303250994577765054e-01
5.257526028418618713e-01
5.212285073465424690e-01
5.167522828704155247e-01
5.123234051460523464e-01
5.079413553191740593e-01
5.036056210451236304e-01
4.993156951353340256e-01
4.950710759845332598e-01
4.908712675482759247e-01
4.867157793902399110e-01
4.826041262463873216e-01
4.785358281938341118e-01
4.745104106668500688e-01
4.705274039992062285e-01
4.665863444167285268e-01
4.626867728121905055e-01
4.588282351319870056e-01
4.550102823556488874e-01
4.512324704039902268e-01
4.474943600848442227e-01
4.437955170392234860e-01
4.401355116880861784e-01
4.365139191796920670e-01
4.329303193375370618e-01
4.293842966088626256e-01
4.258754400137308993e-01
4.224033430946616541e-01
4.189676038668257996e-01
4.155678247703717965e-01
4.122036126171602088e-01
4.088745785461463944e-01
4.055803379763568417e-01
4.023205105581236785e-01
3.990947201268371103e-01
3.959025946569043053e-01
3.927437662161649690e-01
3.896178709208086288e-01
3.865245488907882443e-01
3.834634442057248682e-01
3.804342048612986416e-01
3.774364827261194044e-01
3.744699334990726491e-01
3.715342166671354307e-01
3.686289954636569055e-01
3.657539368270980029e-01
3.629087113602265102e-01
3.600929932897601327e-01
3.573064604264556965e-01
3.545487941256370568e-01
3.518196792481576018e-01
3.491188041217936355e-01
3.464458605030619198e-01
3.438005435394587694e-01
3.411825517321145362e-01
3.385915868988594868e-01
3.360273541376965767e-01
3.334895617906767362e-01
3.309779214081717824e-01
3.284921477135410717e-01
3.260319585681870080e-01
3.235970749369960764e-01
3.211872208541598495e-01
3.188021233893730266e-01
3.164415126144034529e-01
3.141051215700304544e-01
3.117926862333473825e-01
3.095039454854242589e-01
3.072386410793266909e-01
3.049965176084872276e-01
3.027773224754242709e-01
3.005808058608068212e-01
2.984067206928588956e-01
2.962548226171013988e-01
2.941248699664276156e-01
2.920166237315072189e-01
2.899298475315176815e-01
2.878643075851970989e-01
2.858197726822160889e-01
2.837960141548651061e-01
2.817928058500538402e-01
2.798099241016183680e-01
2.778471477029341163e-01
2.759042578798299172e-01
2.739810382638007136e-01
2.720772748655152506e-01
2.701927560486153679e-01
2.683272725038042261e-01
2.664806172232198067e-01
2.646525854750906293e-01
2.628429747786705795e-01
2.610515848794500160e-01
2.592782177246396591e-01
2.575226774389249851e-01
2.557847703004869078e-01
2.540643047172875257e-01
2.523610912036162168e-01
2.506749423568945812e-01
2.490056728347368742e-01
2.473530993322627936e-01
2.457170405596603990e-01
2.440973172199961128e-01
2.424937519872691349e-01
2.409061694847077217e-01
2.393343962633041055e-01
2.377782607805864479e-01
2.362375933796239669e-01
2.347122262682639349e-01
2.332019934985969656e-01
2.317067309466485647e-01
2.302262762922945016e-01
2.287604689993971985e-01
2.273091502961611665e-01
2.258721631557044918e-01
2.244493522768447602e-01
2.230405640650962029e-01
2.216456466138762571e-01
2.202644496859194057e-01
2.188968246948952701e-01
2.175426246872296798e-01
2.162017043241254433e-01
2.148739198637817094e-01
2.135591291438086736e-01
2.122571915638363504e-01
2.109679680683146374e-01
2.096913211295030610e-01
2.084271147306476779e-01
2.071752143493434395e-01
2.059354869410796873e-01
2.047078009229669759e-01
2.034920261576431133e-01
2.022880339373563929e-01
2.010956969682243245e-01
1.999148893546655037e-01
1.987454865840032614e-01
1.975873655112384275e-01
1.964404043439904601e-01
1.953044826276039703e-01
1.941794812304192819e-01
1.930652823292054454e-01
1.919617693947536785e-01
1.908688271776293188e-01
1.897863416940810122e-01
1.887142002121046658e-01
1.876522912376612506e-01
1.866005045010463992e-01
1.855587309434097998e-01
1.845268627034236109e-01
1.835047931040972302e-01
1.824924166397374758e-01
1.814896289630523740e-01
1.804963268723973058e-01
1.795124082991607917e-01
1.785377722952903312e-01
1.775723190209546609e-01
1.766159497323426253e-01
1.756685667695957465e-01
1.747300735448745479e-01
1.738003745305554404e-01
1.728793752475582812e-01
1.719669822538021642e-01
1.710631031327884410e-01
1.701676464823096702e-01
1.692805219032823549e-01
1.684016399887035553e-01
1.675309123127283195e-01
1.666682514198679355e-01
1.658135708143069764e-01
1.649667849493379468e-01
1.641278092169124458e-01
1.632965599373073506e-01
1.624729543489047412e-01
1.616569105980845134e-01
1.608483477292283192e-01
1.600471856748335031e-01
1.592533452457359777e-01
1.584667481214407370e-01
1.576873168405590608e-01
1.569149747913508586e-01
1.561496462023712062e-01
1.553912561332198572e-01
1.546397304653929494e-01
1.538949958932349371e-01
1.531569799149907485e-01
1.524256108239561147e-01
1.517008176997253766e-01
1.509825303995361023e-01
1.502706795497083525e-01
1.495651965371789793e-01
1.488660135011284913e-01
1.481730633247007323e-01
1.474862796268133214e-01
1.468055967540583817e-01
1.461309497726927809e-01
1.454622744607162177e-01
1.447995073000366562e-01
1.441425854687222730e-01
1.434914468333382820e-01
1.428460299413688572e-01
1.422062740137217396e-01
1.415721189373158606e-01
1.409435052577507064e-01
1.403203741720559505e-01
1.397026675215214953e-01
1.390903277846060049e-01
1.384832980699237659e-01
1.378815221093089294e-01
1.372849442509558315e-01
1.366935094526350869e-01
1.361071632749843163e-01
1.355258518748728158e-01
1.349495219988392225e-01
1.343781209766015672e-01
1.338115967146387697e-01
1.332498976898427168e-01
1.326929729432404503e-01
1.321407720737853564e-01
1.315932452322167434e-01
1.310503431149871445e-01
1.305120169582563716e-01
1.299782185319519334e-01
1.294489001338944845e-01
1.289240145839885554e-01
1.284035152184764828e-01
1.278873558842565372e-01
1.273754909332627805e-01
1.268678752169075385e-01
1.263644640805844099e-01
1.258652133582323362e-01
1.253700793669594860e-01
1.248790189017259245e-01
1.243919892300853480e-01
1.239089480869844939e-01
1.234298536696199072e-01
1.229546646323510933e-01
1.224833400816702222e-01
1.220158395712266919e-01
1.215521230969068278e-01
1.210921510919675814e-01
1.206358844222240323e-01
1.201832843812896123e-01
1.197343126858690376e-01
1.192889314711028936e-01
1.188471032859635124e-01
1.184087910887016426e-01
1.179739582423432742e-01
1.175425685102358953e-01
1.171145860516438902e-01
1.166899754173926357e-01
1.162687015455601963e-01
1.158507297572168443e-01
1.154360257522111938e-01
1.150245556050029094e-01
1.146162857605413782e-01
1.142111830301895392e-01
1.138092145876928446e-01
1.134103479651924207e-01
1.130145510492822775e-01
1.126217920771098863e-01
1.122320396325196951e-01
1.118452626422391238e-01
1.114614303721065541e-01
1.110805124233409380e-01
1.107024787288523465e-01
1.103272995495932496e-01
1.099549454709499718e-01
1.095853873991738670e-01
1.092185965578518492e-01
1.088545444844156718e-01
1.084932030266897718e-01
1.081345443394771677e-01
1.077785408811826329e-01
1.074251654104736026e-01
1.070743909829773854e-01
1.067261909480149429e-01
1.063805389453706257e-01
1.060374089020974520e-01
1.056967750293576758e-01
1.053586118192978566e-01
1.050228940419588586e-01
1.046895967422192680e-01
1.043586952367729359e-01
1.040301651111396608e-01
1.037039822167086789e-01
1.033801226678148916e-01
1.030585628388471370e-01
1.027392793613884497e-01
1.024222491213877262e-01
1.021074492563625036e-01
1.017948571526327006e-01
1.014844504425845839e-01
1.011762070019650850e-01
1.008701049472058159e-01
1.005661226327765334e-01
1.002642386485678300e-01
9.996443181730249594e-02
9.966668119197563680e-02
9.937096605332268462e-02
9.907726590731555372e-02
9.878556048268616330e-02
9.849582972847739648e-02
9.820805381162092673e-02
9.792221311454174515e-02
9.763828823278906943e-02
9.735625997269337084e-02
9.707610934904911670e-02
9.679781758282315907e-02
9.652136609888820051e-02
9.624673652378142041e-02
9.597391068348751220e-02
9.570287060124645084e-02
9.543359849538514406e-02
9.516607677717307812e-02
9.490028804870158374e-02
9.463621510078636112e-02
9.437384091089326410e-02
9.411314864108671907e-02
9.385412163600093116e-02
9.359674342083333654e-02
9.334099769936009261e-02
9.308686835197360621e-02
9.283433943374137798e-02
9.258339517248662109e-02
9.233401996688958557e-02
9.208619838461012952e-02
9.183991516043071845e-02
9.159515519442017195e-02
9.135190355011725549e-02
9.111014545273439513e-02
9.086986628738152882e-02
9.063105159730899807e-02
9.039368708217010440e-02
9.015775859630258127e-02
8.992325214702934222e-02
8.969015389297749219e-02
8.945845014241615711e-02
8.922812735161257669e-02
8.899917212320611337e-02
8.877157120460045514e-02
8.854531148637317939e-02
8.832038000070327466e-02
8.809676391981542676e-02
8.787445055444195741e-02
8.765342735230133298e-02
8.743368189659359024e-02
8.721520190451231835e-02
8.699797522577303044e-02
8.678198984115761960e-02
8.656723386107499640e-02
8.635369552413756089e-02
8.614136319575316225e-02
8.593022536673285139e-02
8.572027065191371864e-02
8.551148778879695544e-02
8.530386563620102891e-02
8.509739317292958072e-02
8.489205949645399485e-02
8.468785382161043984e-02
8.448476547931135783e-02
8.428278391527113667e-02
8.408189868874559048e-02
8.388209947128567878e-02
8.368337604550464548e-02
8.348571830385886905e-02
8.328911624744217423e-02
8.309355998479318883e-02
8.289903973071617582e-02
8.270554580511457754e-02
8.251306863183749396e-02
8.232159873753887303e-02
8.213112675054928813e-02
8.194164339975999745e-02
8.175313951351946551e-02
8.156560601854195847e-02
8.137903393882806036e-02
8.119341439459731857e-02
8.100873860123236625e-02
8.082499786823474364e-02
8.064218359819248783e-02
8.046028728575858879e-02
8.027930051664111666e-02
8.009921496660434015e-02
7.992002240048065587e-02
7.974171467118683354e-02
7.956428371876173022e-02
7.938772156943867120e-02
7.921202033466126502e-02
7.903717221016096084e-02
7.886316947503416164e-02
7.869000449082805271e-02
7.851766970063635276e-02
7.834615762820514029e-02
7.817546087704843605e-02
7.800557212957352771e-02
7.783648414621602285e-02
7.766818976458424173e-02
7.750068189861317181e-02
7.733395353772778980e-02
7.716799774601529327e-02
7.700280766140686628e-02
7.683837649486809085e-02
7.667469752959850393e-02
7.651176412023974471e-02
7.634956969209277799e-02
7.618810774034323607e-02
7.602737182929580895e-02
7.586735559161655873e-02
7.570805272758407423e-02
7.554945700434848033e-02
7.539156225519866306e-02
7.523436237883786293e-02
7.507785133866683169e-02
7.492202316207517698e-02
7.476687193974022871e-02
7.461239182493406563e-02
7.445857703283761952e-02
7.430542183986271754e-02
7.415292058298154909e-02
7.400106765906327988e-02
7.384985752421824312e-02
7.369928469314915298e-02
7.354934373850954832e-02
7.340002929026934186e-02
7.325133603508718338e-02
7.310325871568994216e-02
7.295579213025886467e-02
7.280893113182251852e-02
7.266267062765649487e-02
7.251700557868964725e-02
7.237193099891679748e-02
7.222744195481814455e-02
7.208353356478469642e-02
7.194020099855044648e-02
7.179743947663042025e-02
7.165524426976510597e-02
7.151361069837111617e-02
7.137253413199742824e-02
7.123200998878831403e-02
7.109203373495139033e-02
7.095260088423227529e-02
7.081370699739436558e-02
7.067534768170490034e-02
7.053751859042627081e-02
7.040021542231304774e-02
7.026343392111479569e-02
7.012716987508388344e-02
6.999141911648909531e-02
6.985617752113446044e-02
6.972144100788332799e-02
6.958720553818779908e-02
6.945346711562325193e-02
6.932022178542794622e-02
6.918746563404781780e-02
6.905519478868621386e-02
6.892340541685851307e-02
6.879209372595183891e-02
6.866125596278938037e-02
6.853088841319968094e-02
6.840098740159061830e-02
6.827154929052801913e-02
6.814257048031896469e-02
6.801404740859968989e-02
6.788597654992796493e-02
6.775835441537998716e-02
6.763117755215178328e-02
6.750444254316480264e-02
6.737814600667604847e-02
6.725228459589241425e-02
6.712685499858925264e-02
6.700185393673319112e-02
6.687727816610895826e-02
6.675312447595055376e-02
6.662938968857624877e-02
6.650607065902779114e-02
6.638316427471328829e-02
6.626066745505444777e-02
6.613857715113732882e-02
6.601689034536704914e-02
6.589560405112640518e-02
6.577471531243804514e-02
6.565422120363052783e-02
6.553411882900803120e-02
6.541440532252350282e-02
6.529507784745575139e-02
6.517613359608968870e-02
6.505756978940054058e-02
6.493938367674098600e-02
6.482157253553230691e-02
6.470413367095846635e-02
6.458706441566391954e-02
6.447036212945435329e-02
6.435402419900122795e-02
6.423804803754898374e-02
6.412243108462596652e-02
6.400717080575826778e-02
6.389226469218674265e-02
6.377771026058719206e-02
6.366350505279362582e-02
6.354964663552449544e-02
6.343613260011206345e-02
6.332296056223450653e-02
6.321012816165133552e-02
6.309763306194134114e-02
6.298547295024374548e-02
6.287364553700187930e-02
6.276214855571000950e-02
6.265097976266272017e-02
6.254013693670708307e-02
6.242961787899762444e-02
6.231942041275400496e-02
6.220954238302118383e-02
6.209998165643242779e-02
6.199073612097484587e-02
6.188180368575742218e-02
6.177318228078179652e-02
6.166486985671530002e-02
6.155686438466673877e-02
6.144916385596446012e-02
6.134176628193698660e-02
6.123466969369592561e-02
6.112787214192141882e-02
6.102137169664987454e-02
6.091516644706393424e-02
6.080925450128495807e-02
6.070363398616764050e-02
6.059830304709690196e-02
6.049325984778702869e-02
6.038850257008306771e-02
6.028402941376431734e-02
6.017983859635006594e-02
6.007592835290732902e-02
5.997229693586092480e-02
5.986894261480540241e-02
5.976586367631912811e-02
5.966305842378049479e-02
5.956052517718603279e-02
5.945826227297056760e-02
5.935626806382934828e-02
5.925454091854218119e-02
5.915307922179935396e-02
5.905188137402966192e-02
5.895094579123016237e-02
5.885027090479792722e-02
5.874985516136348174e-02
5.864969702262629730e-02
5.854979496519183146e-02
5.845014748041064967e-02
5.835075307421901808e-02
5.825161026698146005e-02
5.815271759333495716e-02
5.805407360203485717e-02
5.795567685580251677e-02
5.785752593117458875e-02
5.775961941835390523e-02
5.766195592106218570e-02
5.756453405639412602e-02
5.746735245467323588e-02
5.737040975930924463e-02
5.727370462665704043e-02
5.717723572587715686e-02
5.708100173879786243e-02
5.698500135977858927e-02
5.688923329557513814e-02
5.679369626520609088e-02
5.669838899982083263e-02
5.660331024256900351e-02
5.650845874847138656e-02
5.641383328429219746e-02
5.631943262841272724e-02
5.622525557070651159e-02
5.613130091241571445e-02
5.603756746602897576e-02
5.594405405516055668e-02
5.585075951443080333e-02
5.575768268934793576e-02
5.566482243619117615e-02
5.557217762189504973e-02
5.547974712393508728e-02
5.538752983021467263e-02
5.529552463895321540e-02
5.520373045857548261e-02
5.511214620760220007e-02
5.502077081454181257e-02
5.492960321778343757e-02
5.483864236549108179e-02
5.474788721549879444e-02
5.465733673520729863e-02
5.456698990148141359e-02
5.447684570054887182e-02
5.438690312790007281e-02
5.429716118818905118e-02
5.420761889513547871e-02
5.411827527142766547e-02
5.402912934862684480e-02
5.394018016707225610e-02
5.385142677578738657e-02
5.376286823238730916e-02
5.367450360298688800e-02
5.358633196211010086e-02
5.349835239260029157e-02
5.341056398553149787e-02
5.332296584012062579e-02
5.323555706364063722e-02
5.314833677133479206e-02
5.306130408633162598e-02
5.297445813956107308e-02
5.288779806967131014e-02
5.280132302294694713e-02
5.271503215343371906e-02
5.262892462233779989e-02
5.254299959826237015e-02
5.245725625723247909e-02
5.237169378206382037e-02
5.228631136374110172e-02
5.220110819972337279e-02
5.211608349448232369e-02
5.203123645947663189e-02
5.194656631302742994e-02
5.186207228024568988e-02
5.177775359296029473e-02
5.169360948964678987e-02
5.160963921535704352e-02
5.152584202164954552e-02
5.144221716652062210e-02
5.135876391433621263e-02
5.127548153576461099e-02
5.119236930770976191e-02
5.110942651324538316e-02
5.102665244154977464e-02
5.094404638784136991e-02
5.086160765331493999e-02
5.077933554507858133e-02
5.069722937609131425e-02
5.061528846510136848e-02
5.053351213658523189e-02
5.045189972068722661e-02
5.037045055315990394e-02
5.028916397530495269e-02
5.020803933391480151e-02
5.012707598121495661e-02
5.004627327480679067e-02
4.996563057761110177e-02
4.988514725781219988e-02
4.980482268880270791e-02
4.972465624912886933e-02
4.964464732243643180e-02
4.956479529741732171e-02
4.948509956775659635e-02
4.940555953208024959e-02
4.932617459390345460e-02
4.924694416157935489e-02
4.916786764824851441e-02
4.908894447178882570e-02
4.901017405476601474e-02
4.893155582438463852e-02
4.885308921243975561e-02
4.877477365526891595e-02
4.869660859370478212e-02
4.861859347302839585e-02
4.854072774292265274e-02
4.846301085742661663e-02
4.838544227489010446e-02
4.830802145792879171e-02
4.823074787337997688e-02
4.815362099225860282e-02
4.807664028971393028e-02
4.799980524498657225e-02
4.792311534136611817e-02
4.784657006614903563e-02
4.777016891059723130e-02
4.769391136989697272e-02
4.761779694311818467e-02
4.754182513317437714e-02
4.746599544678280908e-02
4.739030739442522816e-02
4.731476049030899217e-02
4.723935425232855811e-02
4.716408820202750568e-02
4.708896186456090760e-02
4.701397476865807473e-02
4.693912644658578687e-02
4.686441643411189129e-02
4.678984427046926908e-02
4.671540949832023865e-02
4.664111166372134076e-02
4.656695031608847068e-02
4.649292500816248896e-02
4.641903529606501710e-02
4.634528073903790291e-02
4.627166089954757450e-02
4.619817534329737768e-02
4.612482363914874317e-02
4.605160535908894848e-02
4.597852007819924758e-02
4.590556737462328507e-02
4.583274682953581564e-02
4.576005802711193005e-02
4.568750055449640607e-02
4.561507400177353122e-02
4.554277796193720307e-02
4.547061203086140424e-02
4.539857580727087866e-02
4.532666889271230043e-02
4.525489089152561623e-02
4.518324141081574152e-02
4.511172006042460381e-02
4.504032645290342862e-02
4.496906020348538646e-02
4.489792093005847556e-02
4.482690825313873084e-02
4.475602179584378670e-02
4.468526118386653700e-02
4.461462604544939176e-02
4.454411601135842974e-02
4.447373071485818952e-02
4.440346979168651592e-02
4.433333288002971884e-02
4.426331962049807195e-02
4.419342965610151275e-02
4.412366263222563395e-02
4.405401819660788310e-02
4.398449599931413684e-02
4.391509569271538627e-02
4.384581693146476916e-02
4.377665937247488676e-02
4.370762267489520375e-02
4.363870650008986468e-02
4.356991051161566292e-02
4.350123437520028724e-02
4.343267775872076963e-02
4.336424033218218982e-02
4.329592176769658102e-02
4.322772173946215490e-02
4.315963992374260982e-02
4.309167599884677208e-02
4.302382964510843150e-02
4.295610054486635743e-02
4.288848838244462697e-02
4.282099284413300178e-02
4.275361361816768652e-02
4.268635039471222609e-02
4.261920286583861101e-02
4.255217072550851465e-02
4.248525366955491211e-02
4.241845139566369910e-02
4.235176360335566464e-02
4.228518999396854022e-02
4.221873027063937495e-02
4.215238413828693159e-02
4.208615130359443651e-02
4.202003147499239893e-02
4.195402436264170781e-02
4.188812967841683277e-02
4.182234713588922626e-02
4.175667645031097552e-02
4.169111733859851704e-02
4.162566951931659376e-02
4.156033271266242057e-02
4.149510664044991914e-02
4.142999102609418866e-02
4.136498559459617780e-02
4.130009007252741920e-02
4.123530418801503450e-02
4.117062767072682955e-02
4.110606025185660484e-02
4.104160166410953520e-02
4.097725164168784795e-02
4.091300992027649408e-02
4.084887623702910392e-02
4.078485033055405384e-02
4.072093194090060930e-02
4.065712080954536622e-02
4.059341667937868547e-02
4.052981929469136324e-02
4.046632840116144714e-02
4.040294374584110088e-02
4.033966507714376731e-02
4.027649214483132456e-02
4.021342470000145025e-02
4.015046249507508991e-02
4.008760528378412652e-02
4.002485282115907789e-02
3.996220486351701601e-02
3.989966116844956279e-02
3.983722149481106617e-02
3.977488560270681789e-02
3.971265325348150022e-02
3.965052420970769514e-02
3.958849823517449074e-02
3.952657509487633031e-02
3.946475455500178531e-02
3.940303638292267513e-02
3.934142034718311060e-02
3.927990621748875255e-02
3.921849376469620924e-02
3.915718276080243365e-02
3.909597297893436380e-02
3.903486419333859758e-02
3.897385617937116492e-02
3.891294871348750101e-02
3.885214157323241962e-02
3.879143453723026685e-02
3.873082738517510948e-02
3.867031989782111767e-02
3.860991185697300321e-02
3.854960304547651317e-02
3.848939324720915961e-02
3.842928224707085200e-02
3.836926983097483507e-02
3.830935578583854334e-02
3.824953989957473321e-02
3.818982196108253180e-02
3.813020176023868002e-02
3.807067908788888677e-02
3.801125373583920386e-02
3.795192549684752586e-02
3.789269416461524265e-02
3.783355953377882247e-02
3.777452139990165880e-02
3.771557955946592405e-02
3.765673380986445801e-02
3.759798394939285748e-02
3.753932977724157294e-02
3.748077109348808139e-02
3.742230769908922589e-02
3.736393939587350638e-02
3.730566598653357185e-02
3.724748727461873327e-02
3.718940306452755279e-02
3.713141316150056492e-02
3.707351737161296290e-02
3.701571550176752101e-02
3.695800735968743367e-02
3.690039275390936263e-02
3.684287149377642179e-02
3.678544338943141173e-02
3.672810825180992250e-02
3.667086589263365837e-02
3.661371612440383894e-02
3.655665876039451007e-02
3.649969361464609069e-02
3.644282050195897515e-02
3.638603923788706618e-02
3.632934963873151596e-02
3.627275152153450199e-02
3.621624470407300289e-02
3.615982900485271989e-02
3.610350424310203310e-02
3.604727023876600628e-02
3.599112681250045409e-02
3.593507378566612731e-02
3.587911098032284252e-02
3.582323821922383383e-02
3.576745532581001447e-02
3.571176212420436313e-02
3.565615843920643541e-02
3.560064409628675708e-02
3.554521892158146040e-02
3.548988274188689257e-02
3.543463538465424501e-02
3.537947667798432144e-02
3.532440645062229212e-02
3.526942453195256594e-02
3.521453075199363486e-02
3.515972494139306403e-02
3.510500693142243334e-02
3.505037655397248708e-02
3.499583364154807558e-02
3.494137802726346442e-02
3.488700954483744260e-02
3.483272802858860401e-02
3.477853331343064985e-02
3.472442523486771182e-02
3.467040362898982098e-02
3.461646833246824484e-02
3.456261918255106730e-02
3.450885601705872691e-02
3.445517867437952048e-02
3.440158699346534260e-02
3.434808081382727946e-02
3.429465997553138301e-02
3.424132431919436892e-02
3.418807368597955032e-02
3.413490791759255655e-02
3.408182685627727387e-02
3.402883034481185565e-02
3.397591822650457283e-02
3.392309034518994210e-02
3.387034654522474986e-02
3.381768667148411095e-02
3.376511056935771471e-02
3.371261808474591143e-02
3.366020906405595842e-02
3.360788335419833545e-02
3.355564080258292142e-02
3.350348125711549718e-02
3.345140456619395686e-02
3.339941057870481761e-02
3.334749914401965998e-02
3.329567011199156129e-02
3.324392333295166091e-02
3.319225865770570466e-02
3.314067593753063784e-02
3.308917502417120515e-02
3.303775576983666168e-02
3.298641802719739363e-02
3.293516164938171953e-02
3.288398648997260809e-02
3.283289240300449330e-02
3.278187924296005473e-02
3.273094686476714366e-02
3.268009512379563275e-02
3.262932387585434219e-02
3.257863297718797263e-02
3.252802228447414928e-02
3.247749165482035488e-02
3.242704094576105006e-02
3.237667001525467575e-02
3.232637872168082210e-02
3.227616692383733499e-02
3.222603448093744327e-02
3.217598125260700409e-02
3.212600709888168565e-02
3.207611188020421250e-02
3.202629545742166628e-02
3.197655769178277263e-02
3.192689844493520890e-02
3.187731757892297429e-02
3.182781495618380169e-02
3.177839043954650000e-02
3.172904389222844929e-02
3.167977517783301250e-02
3.163058416034705139e-02
3.158147070413842850e-02
3.153243467395350219e-02
3.148347593491476054e-02
3.143459435251833717e-02
3.138578979263166591e-02
3.133706212149105913e-02
3.128841120569939016e-02
3.123983691222377568e-02
3.119133910839327894e-02
3.114291766189660957e-02
3.109457244077988569e-02
3.104630331344437888e-02
3.099811014864433875e-02
3.094999281548477602e-02
3.090195118341930100e-02
3.085398512224798648e-02
3.080609450211522354e-02
3.075827919350762260e-02
3.071053906725195945e-02
3.066287399451305892e-02
3.061528384679178261e-02
3.056776849592300963e-02
3.052032781407361742e-02
3.047296167374050416e-02
3.042566994774861117e-02
3.037845250924901125e-02
3.033130923171692764e-02
3.028423998894987437e-02
3.023724465506573769e-02
3.019032310450091988e-02
3.014347521200846231e-02
3.009670085265623435e-02
3.004999990182510849e-02
3.000337223520714580e-02
2.995681772880382301e-02
2.991033625892427703e-02
2.986392770218352505e-02
2.981759193550075765e-02
2.977132883609762137e-02
2.972513828149648402e-02
2.967902014951881093e-02
2.963297431828344070e-02
2.958700066620496491e-02
2.954109907199208365e-02
2.949526941464598179e-02
2.944951157345872608e-02
2.940382542801166579e-02
2.935821085817389570e-02
2.931266774410062198e-02
2.926719596623169467e-02
2.922179540529002903e-02
2.917646594228009635e-02
2.913120745848644597e-02
2.908601983547218217e-02
2.904090295507750358e-02
2.899585669941825636e-02
2.895088095088445973e-02
2.890597559213889736e-02
2.886114050611568449e-02
2.881637557601886279e-02
2.877168068532099873e-02
2.872705571776182354e-02
2.868250055734685236e-02
2.863801508834599996e-02
2.859359919529229702e-02
2.854925276298050235e-02
2.850497567646583658e-02
2.846076782106261513e-02
2.841662908234300622e-02
2.837255934613572284e-02
2.832855849852475641e-02
2.828462642584812087e-02
2.824076301469660016e-02
2.819696815191249581e-02
2.815324172458845073e-02
2.810958362006617597e-02
2.806599372593528499e-02
2.802247193003209319e-02
2.797901812043842099e-02
2.793563218548044194e-02
2.789231401372752051e-02
2.784906349399104628e-02
2.780588051532329949e-02
2.776276496701635468e-02
2.771971673860089760e-02
2.767673571984517397e-02
2.763382180075385844e-02
2.759097487156696171e-02
2.754819482275878278e-02
2.750548154503680218e-02
2.746283492934063417e-02
2.742025486684098595e-02
2.737774124893858907e-02
2.733529396726319671e-02
2.729291291367253250e-02
2.725059798025129126e-02
2.720834905931013292e-02
2.716616604338466592e-02
2.712404882523447927e-02
2.708199729784216414e-02
2.704001135441230427e-02
2.699809088837056698e-02
2.695623579336270045e-02
2.691444596325362829e-02
2.687272129212647798e-02
2.683106167428164768e-02
2.678946700423591801e-02
2.674793717672149795e-02
2.670647208668514364e-02
2.666507162928725277e-02
2.662373569990096958e-02
2.658246419411129310e-02
2.654125700771421681e-02
2.650011403671584734e-02
2.645903517733154409e-02
2.641802032598506225e-02
2.637706937930772710e-02
2.633618223413756315e-02
2.629535878751845454e-02
2.625459893669937483e-02
2.621390257913348495e-02
2.617326961247740807e-02
2.613269993459035184e-02
2.609219344353333123e-02
2.605175003756840524e-02
2.601136961515784427e-02
2.597105207496338414e-02
2.593079731584543510e-02
2.589060523686232199e-02
2.585047573726951403e-02
2.581040871651888238e-02
2.577040407425794030e-02
2.573046171032912152e-02
2.569058152476900656e-02
2.565076341780761493e-02
2.561100728986770089e-02
2.557131304156399013e-02
2.553168057370248933e-02
2.549210978727978541e-02
2.545260058348233073e-02
2.541315286368575274e-02
2.537376652945416700e-02
2.533444148253946940e-02
2.529517762488069088e-02
2.525597485860329658e-02
2.521683308601852316e-02
2.517775220962271618e-02
2.513873213209667432e-02
2.509977275630498675e-02
2.506087398529539823e-02
2.502203572229813947e-02
2.498325787072531654e-02
2.494454033417026900e-02
2.490588301640692809e-02
2.486728582138920604e-02
2.482874865325037511e-02
2.479027141630243958e-02
2.475185401503553900e-02
2.471349635411735149e-02
2.467519833839245877e-02
2.463695987288179109e-02
2.459878086278199580e-02
2.456066121346489953e-02
2.452260083047685946e-02
2.448459961953823941e-02
2.444665748654281309e-02
2.440877433755720208e-02
2.437095007882029984e-02
2.433318461674270280e-02
2.429547785790618641e-02
2.425782970906310843e-02
2.422024007713589194e-02
2.418270886921645990e-02
2.414523599256570077e-02
2.410782135461294468e-02
2.407046486295539439e-02
2.403316642535764311e-02
2.399592594975109155e-02
2.395874334423347615e-02
2.392161851706832432e-02
2.388455137668444445e-02
2.384754183167540897e-02
2.381058979079905477e-02
2.377369516297698354e-02
2.373685785729404488e-02
2.370007778299785400e-02
2.366335484949828177e-02
2.362668896636697588e-02
2.359008004333688555e-02
2.355352799030174457e-02
2.351703271731562378e-02
2.348059413459244182e-02
2.344421215250547946e-02
2.340788668158692507e-02
2.337161763252740623e-02
2.333540491617551449e-02
2.329924844353735425e-02
2.326314812577609178e-02
2.322710387421147299e-02
2.319111560031939315e-02
2.315518321573145286e-02
2.311930663223449658e-02
2.308348576177017206e-02
2.304772051643450698e-02
2.301201080847743718e-02
2.297635655030241808e-02
2.294075765446596318e-02
2.290521403367720699e-02
2.286972560079751290e-02
2.283429226884002225e-02
2.279891395096924137e-02
2.276359056050062529e-02
2.272832201090016838e-02
2.269310821578397752e-02
2.265794908891788015e-02
2.262284454421700092e-02
2.258779449574536274e-02
2.255279885771549475e-02
2.251785754448801941e-02
2.248297047057125353e-02
2.244813755062082666e-02
2.241335869943928208e-02
2.237863383197568126e-02
2.234396286332522921e-02
2.230934570872888240e-02
2.227478228357295670e-02
2.224027250338877007e-02
2.220581628385222966e-02
2.217141354078350571e-02
2.213706419014660476e-02
2.210276814804903664e-02
2.206852533074142933e-02
2.203433565461716120e-02
2.200019903621200021e-02
2.196611539220374304e-02
2.193208463941185779e-02
2.189810669479710578e-02
2.186418147546120502e-02
2.183030889864646940e-02
2.179648888173547211e-02
2.176272134225066060e-02
2.172900619785404774e-02
2.169534336634682328e-02
2.166173276566905545e-02
2.162817431389931627e-02
2.159466792925434503e-02
2.156121353008873601e-02
2.152781103489456727e-02
2.149446036230107104e-02
2.146116143107433885e-02
2.142791416011694330e-02
2.139471846846763281e-02
2.136157427530099850e-02
2.132848149992714812e-02
2.129544006179139720e-02
2.126244988047391524e-02
2.122951087568944115e-02
2.119662296728693635e-02
2.116378607524927943e-02
2.113100011969296435e-02
2.109826502086776037e-02
2.106558069915641374e-02
2.103294707507434927e-02
2.100036406926934426e-02
2.096783160252121969e-02
2.093534959574155571e-02
2.090291796997335860e-02
2.087053664639080056e-02
2.083820554629885885e-02
2.080592459113308340e-02
2.077369370245924982e-02
2.074151280197308184e-02
2.070938181149997032e-02
2.067730065299464362e-02
2.064526924854090742e-02
2.061328752035134632e-02
2.058135539076704282e-02
2.054947278225726856e-02
2.051763961741921369e-02
2.048585581897769889e-02
2.045412130978489784e-02
2.042243601282005619e-02
2.039079985118919316e-02
2.035921274812484832e-02
2.032767462698577624e-02
2.029618541125669667e-02
2.026474502454801360e-02
2.023335339059552027e-02
2.020201043326015980e-02
2.017071607652772339e-02
2.013947024450860046e-02
2.010827286143750808e-02
2.007712385167320993e-02
2.004602313969827340e-02
2.001497065011876783e-02
1.998396630766405627e-02
1.995301003718647978e-02
1.992210176366111807e-02
1.989124141218553965e-02
1.986042890797952085e-02
1.982966417638480638e-02
1.979894714286485266e-02
1.976827773300455018e-02
1.973765587250999459e-02
1.970708148720822644e-02
1.967655450304696754e-02
1.964607484609438848e-02
1.961564244253884148e-02
1.958525721868863145e-02
1.955491910097173838e-02
1.952462801593559880e-02
1.949438389024686288e-02
1.946418665069111348e-02
1.943403622417265789e-02
1.940393253771427809e-02
1.937387551845698094e-02
1.934386509365976226e-02
1.931390119069936392e-02
1.928398373707005189e-02
1.925411266038334554e-02
1.922428788836781990e-02
1.919450934886883509e-02
1.916477696984833501e-02
1.913509067938458721e-02
1.910545040567196429e-02
1.907585607702070793e-02
1.904630762185668610e-02
1.901680496872120568e-02
1.898734804627071407e-02
1.895793678327664655e-02
1.892857110862513487e-02
1.889925095131683372e-02
1.886997624046665364e-02
1.884074690530356672e-02
1.881156287517035328e-02
1.878242407952341458e-02
1.875333044793251955e-02
1.872428191008060697e-02
1.869527839576353920e-02
1.866631983488992175e-02
1.863740615748084306e-02
1.860853729366968717e-02
1.857971317370189779e-02
1.855093372793477705e-02
1.852219888683725654e-02
1.849350858098968917e-02
1.846486274108364092e-02
1.843626129792166196e-02
1.840770418241710268e-02
1.837919132559387436e-02
1.835072265858624443e-02
1.832229811263864916e-02
1.829391761910543687e-02
1.826558110945072921e-02
1.823728851524813663e-02
1.820903976818061265e-02
1.818083480004021452e-02
1.815267354272790540e-02
1.812455592825337053e-02
1.809648188873476393e-02
1.806845135639855576e-02
1.804046426357930333e-02
1.801252054271946720e-02
1.798462012636918919e-02
1.795676294718609109e-02
1.792894893793509775e-02
1.790117803148822545e-02
1.787345016082439106e-02
1.784576525902918306e-02
1.781812325929470198e-02
1.779052409491935216e-02
1.776296769930764061e-02
1.773545400596998611e-02
1.770798294852251806e-02
1.768055446068689945e-02
1.765316847629011185e-02
1.762582492926427491e-02
1.759852375364645213e-02
1.757126488357847044e-02
1.754404825330670506e-02
1.751687379718190607e-02
1.748974144965901450e-02
1.746265114529696807e-02
1.743560281875848605e-02
1.740859640480993051e-02
1.738163183832108077e-02
1.735470905426496346e-02
1.732782798771766164e-02
1.730098857385813788e-02
1.727419074796802956e-02
1.724743444543149276e-02
1.722071960173499061e-02
1.719404615246712328e-02
1.716741403331845453e-02
1.714082318008131392e-02
1.711427352864961296e-02
1.708776501501868897e-02
1.706129757528509691e-02
1.703487114564644286e-02
1.700848566240120707e-02
1.698214106194854620e-02
1.695583728078815453e-02
1.692957425552004194e-02
1.690335192284436738e-02
1.687717021956129659e-02
1.685102908257078702e-02
1.682492844887241781e-02
1.679886825556523369e-02
1.677284843984755761e-02
1.674686893901679990e-02
1.672092969046932304e-02
1.669503063170023685e-02
1.666917170030324247e-02
1.664335283397044493e-02
1.661757397049219015e-02
1.659183504775690529e-02
1.656613600375090797e-02
1.654047677655825013e-02
1.651485730436052721e-02
1.648927752543673936e-02
1.646373737816310412e-02
1.643823680101288293e-02
1.641277573255623193e-02
1.638735411146002158e-02
1.636197187648765622e-02
1.633662896649894919e-02
1.631132532044990771e-02
1.628606087739259065e-02
1.626083557647496278e-02
1.623564935694068664e-02
1.621050215812899070e-02
1.618539391947449238e-02
1.616032458050703849e-02
1.613529408085153868e-02
1.611030236022780934e-02
1.608534935845040009e-02
1.606043501542844462e-02
1.603555927116549415e-02
1.601072206575934048e-02
1.598592333940189805e-02
1.596116303237898534e-02
1.593644108507022775e-02
1.591175743794882858e-02
1.588711203158147192e-02
1.586250480662814225e-02
1.583793570384194396e-02
1.581340466406898349e-02
1.578891162824818881e-02
1.576445653741112909e-02
1.574003933268191754e-02
1.571565995527701362e-02
1.569131834650505652e-02
1.566701444776675417e-02
1.564274820055467155e-02
1.561851954645313185e-02
1.559432842713803259e-02
1.557017478437668946e-02
1.554605856002769237e-02
1.552197969604074759e-02
1.549793813445653028e-02
1.547393381740652142e-02
1.544996668711286734e-02
1.542603668588822183e-02
1.540214375613559172e-02
1.537828784034819818e-02
1.535446888110931184e-02
1.533068682109210365e-02
1.530694160305950610e-02
1.528323316986405708e-02
1.525956146444774897e-02
1.523592642984187943e-02
1.521232800916690400e-02
1.518876614563229553e-02
1.516524078253637595e-02
1.514175186326619828e-02
1.511829933129736799e-02
1.509488313019391806e-02
1.507150320360814942e-02
1.504815949528050256e-02
1.502485194903938753e-02
1.500158050880105731e-02
1.497834511856945341e-02
1.495514572243606018e-02
1.493198226457977291e-02
1.490885468926673139e-02
1.488576294085019840e-02
1.486270696377039839e-02
1.483968670255438917e-02
1.481670210181590570e-02
1.479375310625523007e-02
1.477083966065903010e-02
1.474796170990024663e-02
1.472511919893792001e-02
1.470231207281707218e-02
1.467954027666855225e-02
1.465680375570889947e-02
1.463410245524021311e-02
1.461143632064998768e-02
1.458880529741100017e-02
1.456620933108114697e-02
1.454364836730332768e-02
1.452112235180528545e-02
1.449863123039948042e-02
1.447617494898294915e-02
1.445375345353715896e-02
1.443136669012788469e-02
1.440901460490505610e-02
1.438669714410262777e-02
1.436441425403844896e-02
1.434216588111410923e-02
1.431995197181482049e-02
1.429777247270926956e-02
1.427562733044948455e-02
1.425351649177069961e-02
1.423143990349122652e-02
1.420939751251230551e-02
1.418738926581798385e-02
1.416541511047497703e-02
1.414347499363253005e-02
1.412156886252228724e-02
1.409969666445816047e-02
1.407785834683619557e-02
1.405605385713443352e-02
1.403428314291278560e-02
1.401254615181289978e-02
1.399084283155801328e-02
1.396917312995284849e-02
1.394753699488346030e-02
1.392593437431710254e-02
1.390436521630211870e-02
1.388282946896778232e-02
1.386132708052419463e-02
1.383985799926213019e-02
1.381842217355291891e-02
1.379701955184831769e-02
1.377565008268037683e-02
1.375431371466130474e-02
1.373301039648335692e-02
1.371174007691867806e-02
1.369050270481921364e-02
1.366929822911653637e-02
1.364812659882175087e-02
1.362698776302536004e-02
1.360588167089712627e-02
1.358480827168594487e-02
1.356376751471973646e-02
1.354275934940529433e-02
1.352178372522817862e-02
1.350084059175257582e-02
1.347992989862117907e-02
1.345905159555506325e-02
1.343820563235355141e-02
1.341739195889410374e-02
1.339661052513217709e-02
1.337586128110111044e-02
1.335514417691199829e-02
1.333445916275355532e-02
1.331380618889201409e-02
1.329318520567098101e-02
1.327259616351132016e-02
1.325203901291103006e-02
1.323151370444512059e-02
1.321102018876549322e-02
1.319055841660080747e-02
1.317012833875636987e-02
1.314972990611400737e-02
1.312936306963193890e-02
1.310902778034466788e-02
1.308872398936284515e-02
1.306845164787316139e-02
1.304821070713820842e-02
1.302800111849638197e-02
1.300782283336173774e-02
1.298767580322388558e-02
1.296755997964786460e-02
1.294747531427401996e-02
1.292742175881788670e-02
1.290739926507007349e-02
1.288740778489614117e-02
1.286744727023646923e-02
1.284751767310616036e-02
1.282761894559491037e-02
1.280775103986688500e-02
1.278791390816060372e-02
1.276810750278883390e-02
1.274833177613846069e-02
1.272858668067036389e-02
1.270887216891931730e-02
1.268918819349386037e-02
1.266953470707618372e-02
1.264991166242200420e-02
1.263031901236047472e-02
1.261075670979403505e-02
1.259122470769830776e-02
1.257172295912199755e-02
1.255225141718674560e-02
1.253281003508704798e-02
1.251339876609010825e-02
1.249401756353574894e-02
1.247466638083627455e-02
1.245534517147637438e-02
1.243605388901299763e-02
1.241679248707524587e-02
1.239756091936424810e-02
1.237835913965305845e-02
1.235918710178653471e-02
1.234004475968123425e-02
1.232093206732528916e-02
1.230184897877829690e-02
1.228279544817121455e-02
1.226377142970623384e-02
1.224477687765668232e-02
1.222581174636690020e-02
1.220687599025212407e-02
1.218796956379839848e-02
1.216909242156243888e-02
1.215024451817152927e-02
1.213142580832341465e-02
1.211263624678618825e-02
1.209387578839817186e-02
1.207514438806781346e-02
1.205644200077358487e-02
1.203776858156384993e-02
1.201912408555677256e-02
1.200050846794020049e-02
1.198192168397155082e-02
1.196336368897770938e-02
1.194483443835491626e-02
1.192633388756865302e-02
1.190786199215354557e-02
1.188941870771324273e-02
1.187100398992030868e-02
1.185261779451612582e-02
1.183426007731077333e-02
1.181593079418293175e-02
1.179762990107975640e-02
1.177935735401679056e-02
1.176111310907784584e-02
1.174289712241490154e-02
1.172470935024798148e-02
1.170654974886507250e-02
1.168841827462199952e-02
1.167031488394231972e-02
1.165223953331722372e-02
1.163419217930542621e-02
1.161617277853305673e-02
1.159818128769355729e-02
1.158021766354757655e-02
1.156228186292286228e-02
1.154437384271415380e-02
1.152649355988308831e-02
1.150864097145808118e-02
1.149081603453423056e-02
1.147301870627320461e-02
1.145524894390314956e-02
1.143750670471857349e-02
1.141979194608024745e-02
1.140210462541510483e-02
1.138444470021612344e-02
1.136681212804224218e-02
1.134920686651824488e-02
1.133162887333465790e-02
1.131407810624764781e-02
1.129655452307892424e-02
1.127905808171562885e-02
1.126158874011023471e-02
1.124414645628045266e-02
1.122673118830911330e-02
1.120934289434408378e-02
1.119198153259814456e-02
1.117464706134890795e-02
1.115733943893869838e-02
1.114005862377447434e-02
1.112280457432770174e-02
1.110557724913426719e-02
1.108837660679437565e-02
1.107120260597244631e-02
1.105405520539701723e-02
1.103693436386064125e-02
1.101984004021978360e-02
1.100277219339472826e-02
1.098573078236947213e-02
1.096871576619162965e-02
1.095172710397232865e-02
1.093476475488611675e-02
1.091782867817086243e-02
1.090091883312764229e-02
1.088403517912066645e-02
1.086717767557715368e-02
1.085034628198725329e-02
1.083354095790393934e-02
1.081676166294290656e-02
1.080000835678247839e-02
1.078328099916351333e-02
1.076657954988929911e-02
1.074990396882545898e-02
1.073325421589985118e-02
1.071663025110247691e-02
1.070003203448538324e-02
1.068345952616255555e-02
1.066691268630983423e-02
1.065039147516481412e-02
1.063389585302674384e-02
1.061742578025643043e-02
1.060098121727614737e-02
1.058456212456953399e-02
1.056816846268151047e-02
1.055180019221815986e-02
1.053545727384665523e-02
1.051913966829515386e-02
1.050284733635270182e-02
1.048658023886914550e-02
1.047033833675502755e-02
1.045412159098149316e-02
1.043792996258021029e-02
1.042176341264324999e-02
1.040562190232301870e-02
1.038950539283214382e-02
1.037341384544339037e-02
1.035734722148955872e-02
1.034130548236340819e-02
1.032528858951754086e-02
1.030929650446431832e-02
1.029332918877578357e-02
1.027738660408353787e-02
1.026146871207867482e-02
1.024557547451166589e-02
1.022970685319228752e-02
1.021386280998952054e-02
1.019804330683144605e-02
1.018224830570517610e-02
1.016647776865674431e-02
1.015073165779102095e-02
1.013500993527161401e-02
1.011931256332079809e-02
1.010363950421939300e-02
1.008799072030669430e-02
1.007236617398037624e-02
1.005676582769639976e-02
1.004118964396892577e-02
1.002563758537021454e-02
1.001010961453054418e-02
9.994605694138118668e-03
9.979125786938979406e-03
9.963669855736906333e-03
9.948237863393339861e-03
9.932829772827281994e-03
9.917445547015209598e-03
9.902085148990991126e-03
9.886748541845782542e-03
9.871435688727956195e-03
9.856146552842993264e-03
9.840881097453412635e-03
9.825639285878672025e-03
9.810421081495074302e-03
9.795226447735696368e-03
9.780055348090279863e-03
9.764907746105161782e-03
9.749783605383170390e-03
9.734682889583550630e-03
9.719605562421868711e-03
9.704551587669927107e-03
9.689520929155667414e-03
9.674513550763106165e-03
9.659529416432223806e-03
9.644568490158890103e-03
9.629630735994768737e-03
9.614716118047247906e-03
9.599824600479327577e-03
9.584956147509555296e-03
9.570110723411930781e-03
9.555288292515815712e-03
9.540488819205855675e-03
9.525712267921893420e-03
9.510958603158875188e-03
9.496227789466770916e-03
9.481519791450492701e-03
9.466834573769801128e-03
9.452172101139215063e-03
9.437532338327956141e-03
9.422915250159816930e-03
9.408320801513119294e-03
9.393748957320606843e-03
9.379199682569365135e-03
9.364672942300734937e-03
9.350168701610230698e-03
9.335686925647460749e-03
9.321227579616037096e-03
9.306790628773490420e-03
9.292376038431185079e-03
9.277983773954246241e-03
9.263613800761464484e-03
9.249266084325219461e-03
9.234940590171391434e-03
9.220637283879284940e-03
9.206356131081538594e-03
9.192097097464047017e-03
9.177860148765868906e-03
9.163645250779166307e-03
9.149452369349091868e-03
9.135281470373731588e-03
9.121132519804011143e-03
9.107005483643617824e-03
9.092900327948908595e-03
9.078817018828849381e-03
9.064755522444907510e-03
9.050715805010987533e-03
9.036697832793349691e-03
9.022701572110519708e-03
9.008726989333208993e-03
8.994774050884243519e-03
8.980842723238466677e-03
8.966932972922673356e-03
8.953044766515526678e-03
8.939178070647464322e-03
8.925332852000637807e-03
8.911509077308815349e-03
8.897706713357314209e-03
8.883925726982912219e-03
8.870166085073767984e-03
8.856427754569348026e-03
8.842710702460341785e-03
8.829014895788585282e-03
8.815340301646972659e-03
8.801686887179395458e-03
8.788054619580638535e-03
8.774443466096326291e-03
8.760853394022822052e-03
8.747284370707162152e-03
8.733736363546981338e-03
8.720209339990413894e-03
8.706703267536039861e-03
8.693218113732787897e-03
8.679753846179869350e-03
8.666310432526688062e-03
8.652887840472783115e-03
8.639486037767721283e-03
8.626104992211048456e-03
8.612744671652187295e-03
8.599405043990383454e-03
8.586086077174608436e-03
8.572787739203497140e-03
8.559509998125255925e-03
8.546252822037598423e-03
8.533016179087665742e-03
8.519800037471946669e-03
8.506604365436201340e-03
8.493429131275388386e-03
8.480274303333578192e-03
8.467139850003895657e-03
8.454025739728429981e-03
8.440931940998156607e-03
8.427858422352867834e-03
8.414805152381099954e-03
8.401772099720048251e-03
8.388759233055504555e-03
8.375766521121767033e-03
8.362793932701570801e-03
8.349841436626018534e-03
8.336909001774495467e-03
8.323996597074601739e-03
8.311104191502083002e-03
8.298231754080733283e-03
8.285379253882348138e-03
8.272546660026629251e-03
8.259733941681121974e-03
8.246941068061137275e-03
8.234168008429675403e-03
8.221414732097358236e-03
8.208681208422344278e-03
8.195967406810273151e-03
8.183273296714168449e-03
8.170598847634387429e-03
8.157944029118523871e-03
8.145308810761361235e-03
8.132693162204777254e-03
8.120097053137679752e-03
8.107520453295938984e-03
8.094963332462306108e-03
8.082425660466336856e-03
8.069907407184337758e-03
8.057408542539272467e-03
8.044929036500702776e-03
8.032468859084710561e-03
8.020027980353824915e-03
8.007606370416954500e-03
7.995203999429316422e-03
7.982820837592354696e-03
7.970456855153677800e-03
7.958112022406989283e-03
7.945786309692001032e-03
7.933479687394381225e-03
7.921192125945671070e-03
7.908923595823215413e-03
7.896674067550093351e-03
7.884443511695054044e-03
7.872231898872428246e-03
7.860039199742074531e-03
7.847865385009299491e-03
7.835710425424784881e-03
7.823574291784539045e-03
7.811456954929793702e-03
7.799358385746957972e-03
7.787278555167536850e-03
7.775217434168067883e-03
7.763174993770045711e-03
7.751151205039857016e-03
7.739146039088710266e-03
7.727159467072561121e-03
7.715191460192047379e-03
7.703241989692421327e-03
7.691311026863476875e-03
7.679398543039483646e-03
7.667504509599113241e-03
7.655628897965375927e-03
7.643771679605548645e-03
7.631932826031107356e-03
7.620112308797658517e-03
7.608310099504868827e-03
7.596526169796401044e-03
7.584760491359841122e-03
7.573013035926634030e-03
7.561283775272012626e-03
7.549572681214931739e-03
7.537879725617997913e-03
7.526204880387407821e-03
7.514548117472872810e-03
7.502909408867554711e-03
7.491288726608003393e-03
7.479686042774079564e-03
7.468101329488896663e-03
7.456534558918747994e-03
7.444985703273042550e-03
7.433454734804237352e-03
7.421941625807771531e-03
7.410446348622001279e-03
7.398968875628126121e-03
7.387509179250129933e-03
7.376067231954713289e-03
7.364643006251224075e-03
7.353236474691596768e-03
7.341847609870279581e-03
7.330476384424175484e-03
7.319122771032566740e-03
7.307786742417063733e-03
7.296468271341524300e-03
7.285167330611999094e-03
7.273883893076661319e-03
7.262617931625740819e-03
7.251369419191459886e-03
7.240138328747973417e-03
7.228924633311293452e-03
7.217728305939231058e-03
7.206549319731334752e-03
7.195387647828815035e-03
7.184243263414490620e-03
7.173116139712718171e-03
7.162006249989328992e-03
7.150913567551565701e-03
7.139838065748018922e-03
7.128779717968557889e-03
7.117738497644274069e-03
7.106714378247410910e-03
7.095707333291303119e-03
7.084717336330315085e-03
7.073744360959770619e-03
7.062788380815896577e-03
7.051849369575753472e-03
7.040927300957179960e-03
7.030022148718719985e-03
7.019133886659565530e-03
7.008262488619496772e-03
6.997407928478808353e-03
6.986570180158258210e-03
6.975749217618998181e-03
6.964945014862513294e-03
6.954157545930561048e-03
6.943386784905102027e-03
6.932632705908249593e-03
6.921895283102191820e-03
6.911174490689148131e-03
6.900470302911290363e-03
6.889782694050688994e-03
6.879111638429255028e-03
6.868457110408666272e-03
6.857819084390319626e-03
6.847197534815254762e-03
6.836592436164110748e-03
6.826003762957045390e-03
6.815431489753689259e-03
6.804875591153075436e-03
6.794336041793582262e-03
6.783812816352874364e-03
6.773305889547833261e-03
6.762815236134507059e-03
6.752340830908042796e-03
6.741882648702630064e-03
6.731440664391436825e-03
6.721014852886551295e-03
6.710605189138922101e-03
6.700211648138294090e-03
6.689834204913156293e-03
6.679472834530670797e-03
6.669127512096623307e-03
6.658798212755356362e-03
6.648484911689713818e-03
6.638187584120974934e-03
6.627906205308807530e-03
6.617640750551189929e-03
6.607391195184373657e-03
6.597157514582801044e-03
6.586939684159065327e-03
6.576737679363837789e-03
6.566551475685820059e-03
6.556381048651676452e-03
6.546226373825977593e-03
6.536087426811145774e-03
6.525964183247389902e-03
6.515856618812650852e-03
6.505764709222544226e-03
6.495688430230295296e-03
6.485627757626691303e-03
6.475582667240013801e-03
6.465553134935982278e-03
6.455539136617704718e-03
6.445540648225604741e-03
6.435557645737378235e-03
6.425590105167925704e-03
6.415638002569301092e-03
6.405701314030644994e-03
6.395780015678144761e-03
6.385874083674955570e-03
6.375983494221158787e-03
6.366108223553696051e-03
6.356248247946321567e-03
6.346403543709530984e-03
6.336574087190519761e-03
6.326759854773115511e-03
6.316960822877724230e-03
6.307176967961277379e-03
6.297408266517168576e-03
6.287654695075203283e-03
6.277916230201538092e-03
6.268192848498626950e-03
6.258484526605163911e-03
6.248791241196028495e-03
6.239112968982224103e-03
6.229449686710832913e-03
6.219801371164946496e-03
6.210167999163621576e-03
6.200549547561816713e-03
6.190945993250341998e-03
6.181357313155798339e-03
6.171783484240528882e-03
6.162224483502552232e-03
6.152680287975522549e-03
6.143150874728661899e-03
6.133636220866707338e-03
6.124136303529864947e-03
6.114651099893742177e-03
6.105180587169299275e-03
6.095724742602797244e-03
6.086283543475737128e-03
6.076856967104807099e-03
6.067444990841833023e-03
6.058047592073716008e-03
6.048664748222385562e-03
6.039296436744741488e-03
6.029942635132596630e-03
6.020603320912628308e-03
6.011278471646325401e-03
6.001968064929926773e-03
5.992672078394374428e-03
5.983390489705253668e-03
5.974123276562747983e-03
5.964870416701578346e-03
5.955631887890951159e-03
5.946407667934506223e-03
5.937197734670261219e-03
5.928002065970563138e-03
5.918820639742028433e-03
5.909653433925497051e-03
5.900500426495971715e-03
5.891361595462571953e-03
5.882236918868475120e-03
5.873126374790871296e-03
5.864029941340903433e-03
5.854947596663616187e-03
5.845879318937909942e-03
5.836825086376474896e-03
5.827784877225754626e-03
5.818758669765881041e-03
5.809746442310630143e-03
5.800748173207365653e-03
5.791763840836989564e-03
5.782793423613884903e-03
5.773836899985875827e-03
5.764894248434159103e-03
5.755965447473265946e-03
5.747050475651004769e-03
5.738149311548411749e-03
5.729261933779697044e-03
5.720388320992192757e-03
5.711528451866305228e-03
5.702682305115462126e-03
5.693849859486062141e-03
5.685031093757418608e-03
5.676225986741716134e-03
5.667434517283955961e-03
5.658656664261904785e-03
5.649892406586047057e-03
5.641141723199525997e-03
5.632404593078105433e-03
5.623680995230109086e-03
5.614970908696375468e-03
5.606274312550204968e-03
5.597591185897311285e-03
5.588921507875768517e-03
5.580265257655963457e-03
5.571622414440548753e-03
5.562992957464383062e-03
5.554376865994493755e-03
5.545774119330015330e-03
5.537184696802146047e-03
5.528608577774096755e-03
5.520045741641044917e-03
5.511496167830081706e-03
5.502959835800156491e-03
5.494436725042041274e-03
5.485926815078268244e-03
5.477430085463089876e-03
5.468946515782423419e-03
5.460476085653807529e-03
5.452018774726348493e-03
5.443574562680674259e-03
5.435143429228880656e-03
5.426725354114491501e-03
5.418320317112400482e-03
5.409928298028832128e-03
5.401549276701281960e-03
5.393183232998480063e-03
5.384830146820332973e-03
5.376489998097881175e-03
5.368162766793247928e-03
5.359848432899591564e-03
5.351546976441060380e-03
5.343258377472740600e-03
5.334982616080610404e-03
5.326719672381489620e-03
5.318469526522998959e-03
5.310232158683502769e-03
5.302007549072068268e-03
5.293795677928415239e-03
5.285596525522871791e-03
5.277410072156318854e-03
5.269236298160152876e-03
5.261075183896232049e-03
5.252926709756830341e-03
5.244790856164594992e-03
5.236667603572489268e-03
5.228556932463757773e-03
5.220458823351870059e-03
5.212373256780478137e-03
5.204300213323368764e-03
5.196239673584418343e-03
5.188191618197541752e-03
5.180156027826650703e-03
5.172132883165607778e-03
5.164122164938174386e-03
5.156123853897968262e-03
5.148137930828418363e-03
5.140164376542714561e-03
5.132203171883768615e-03
5.124254297724159524e-03
5.116317734966091893e-03
5.108393464541351701e-03
5.100481467411257727e-03
5.092581724566618180e-03
5.084694217027679528e-03
5.076818925844087463e-03
5.068955832094839201e-03
5.061104916888237507e-03
5.053266161361845595e-03
5.045439546682439422e-03
5.037625054045966055e-03
5.029822664677499437e-03
5.022032359831188342e-03
5.014254120790218212e-03
5.006487928866764324e-03
4.998733765401946680e-03
4.990991611765783174e-03
4.983261449357147092e-03
4.975543259603720271e-03
4.967837023961956672e-03
4.960142723917024266e-03
4.952460340982769472e-03
4.944789856701672058e-03
4.937131252644798296e-03
4.929484510411756733e-03
4.921849611630660024e-03
4.914226537958070289e-03
4.906615271078961817e-03
4.899015792706680299e-03
4.891428084582889052e-03
4.883852128477532591e-03
4.876287906188792390e-03
4.868735399543038314e-03
4.861194590394793055e-03
4.853665460626677489e-03
4.846147992149378581e-03
4.838642166901598214e-03
4.831147966850013291e-03
4.823665373989231495e-03
4.816194370341746189e-03
4.808734937957896520e-03
4.801287058915822310e-03
4.793850715321419827e-03
4.786425889308305349e-03
4.779012563037761396e-03
4.771610718698702895e-03
4.764220338507632081e-03
4.756841404708590793e-03
4.749473899573126642e-03
4.742117805400240978e-03
4.734773104516355920e-03
4.727439779275264924e-03
4.720117812058092013e-03
4.712807185273249280e-03
4.705507881356396985e-03
4.698219882770398453e-03
4.690943172005279313e-03
4.683677731578188459e-03
4.676423544033346882e-03
4.669180591942016442e-03
4.661948857902448694e-03
4.654728324539855397e-03
4.647518974506353005e-03
4.640320790480923635e-03
4.633133755169383840e-03
4.625957851304334303e-03
4.618793061645118207e-03
4.611639368977781331e-03
4.604496756115034756e-03
4.597365205896204558e-03
4.590244701187200585e-03
4.583135224880466145e-03
4.576036759894945051e-03
4.568949289176035648e-03
4.561872795695549182e-03
4.554807262451675103e-03
4.547752672468930758e-03
4.540709008798125834e-03
4.533676254516327657e-03
4.526654392726808286e-03
4.519643406559010687e-03
4.512643279168512302e-03
4.505653993736972139e-03
4.498675533472104755e-03
4.491707881607627344e-03
4.484751021403231112e-03
4.477804936144530977e-03
4.470869609143032601e-03
4.463945023736085559e-03
4.457031163286850374e-03
4.450128011184254287e-03
4.443235550842950486e-03
4.436353765703282548e-03
4.429482639231241935e-03
4.422622154918427230e-03
4.415772296282006841e-03
4.408933046864678233e-03
4.402104390234626297e-03
4.395286309985488651e-03
4.388478789736312280e-03
4.381681813131516230e-03
4.374895363840851717e-03
4.368119425559360489e-03
4.361353982007342735e-03
4.354599016930306779e-03
4.347854514098941324e-03
4.341120457309070348e-03
4.334396830381614940e-03
4.327683617162551670e-03
4.320980801522884829e-03
4.314288367358590920e-03
4.307606298590595240e-03
4.300934579164723305e-03
4.294273193051668762e-03
4.287622124246948281e-03
4.280981356770869467e-03
4.274350874668489224e-03
4.267730662009573857e-03
4.261120702888566980e-03
4.254520981424542679e-03
4.247931481761176888e-03
4.241352188066700550e-03
4.234783084533864060e-03
4.228224155379905168e-03
4.221675384846503877e-03
4.215136757199746016e-03
4.208608256730088544e-03
4.202089867752319650e-03
4.195581574605517991e-03
4.189083361653024931e-03
4.182595213282393372e-03
4.176117113905361729e-03
4.169649047957809697e-03
4.163190999899723556e-03
4.156742954215159741e-03
4.150304895412204077e-03
4.143876808022938819e-03
4.137458676603401886e-03
4.131050485733553032e-03
4.124652220017231349e-03
4.118263864082126642e-03
4.111885402579732590e-03
4.105516820185321596e-03
4.099158101597894475e-03
4.092809231540154441e-03
4.086470194758468934e-03
4.080140976022826257e-03
4.073821560126804353e-03
4.067511931887533502e-03
4.061212076145659898e-03
4.054921977765311818e-03
4.048641621634054520e-03
4.042370992662864225e-03
4.036110075786086479e-03
4.029858855961400595e-03
4.023617318169783220e-03
4.017385447415474514e-03
4.011163228725939112e-03
4.004950647151831432e-03
3.998747687766958381e-03
3.992554335668250728e-03
3.986370575975718006e-03
3.980196393832412943e-03
3.974031774404403715e-03
3.967876702880732305e-03
3.961731164473378947e-03
3.955595144417230896e-03
3.949468627970039933e-03
3.943351600412395470e-03
3.937244047047682056e-03
3.931145953202045545e-03
3.925057304224362741e-03
3.918978085486201496e-03
3.912908282381785154e-03
3.906847880327956983e-03
3.900796864764151991e-03
3.894755221152353987e-03
3.888722934977062191e-03
3.882699991745262608e-03
3.876686376986383797e-03
3.870682076252269111e-03
3.864687075117138101e-03
3.858701359177554857e-03
3.852724914052391147e-03
3.846757725382792155e-03
3.840799778832143518e-03
3.834851060086034904e-03
3.828911554852227478e-03
3.822981248860616611e-03
3.817060127863202389e-03
3.811148177634050577e-03
3.805245383969260535e-03
3.799351732686932683e-03
3.793467209627130344e-03
3.787591800651849382e-03
3.781725491644983075e-03
3.775868268512288291e-03
3.770020117181350355e-03
3.764181023601551393e-03
3.758350973744034335e-03
3.752529953601672560e-03
3.746717949189031730e-03
3.740914946542339432e-03
3.735120931719450484e-03
3.729335890799813976e-03
3.723559809884439010e-03
3.717792675095862170e-03
3.712034472578114568e-03
3.706285188496686277e-03
3.700544809038495975e-03
3.694813320411855385e-03
3.689090708846438048e-03
3.683376960593243762e-03
3.677672061924568657e-03
3.671975999133970936e-03
3.666288758536236179e-03
3.660610326467346985e-03
3.654940689284448280e-03
3.649279833365817391e-03
3.643627745110827616e-03
3.637984410939916133e-03
3.632349817294554944e-03
3.626723950637216181e-03
3.621106797451335672e-03
3.615498344241286927e-03
3.609898577532345571e-03
3.604307483870656387e-03
3.598725049823203390e-03
3.593151261977773833e-03
3.587586106942929585e-03
3.582029571347972435e-03
3.576481641842913731e-03
3.570942305098442297e-03
3.565411547805891462e-03
3.559889356677205675e-03
3.554375718444911444e-03
3.548870619862085681e-03
3.543374047702319701e-03
3.537885988759692339e-03
3.532406429848734819e-03
3.526935357804401698e-03
3.521472759482036606e-03
3.516018621757342321e-03
3.510572931526349545e-03
3.505135675705383508e-03
3.499706841231034482e-03
3.494286415060125685e-03
3.488874384169682059e-03
3.483470735556899039e-03
3.478075456239109169e-03
3.472688533253756073e-03
3.467309953658357161e-03
3.461939704530478043e-03
3.456577772967696534e-03
3.451224146087574895e-03
3.445878811027629478e-03
3.440541754945296900e-03
3.435212965017903682e-03
3.429892428442639363e-03
3.424580132436520503e-03
3.419276064236362496e-03
3.413980211098749211e-03
3.408692560300002200e-03
3.403413099136148173e-03
3.398141814922891676e-03
3.392878694995581697e-03
3.387623726709184345e-03
3.382376897438249454e-03
3.377138194576881098e-03
3.371907605538707661e-03
3.366685117756853651e-03
3.361470718683904572e-03
3.356264395791881336e-03
3.351066136572208171e-03
3.345875928535682695e-03
3.340693759212447298e-03
3.335519616151956176e-03
3.330353486922948449e-03
3.325195359113416495e-03
3.320045220330577335e-03
3.314903058200840535e-03
3.309768860369782621e-03
3.304642614502113687e-03
3.299524308281649200e-03
3.294413929411279217e-03
3.289311465612941490e-03
3.284216904627588942e-03
3.279130234215164082e-03
3.274051442154563441e-03
3.268980516243615020e-03
3.263917444299043163e-03
3.258862214156445138e-03
3.253814813670256011e-03
3.248775230713723053e-03
3.243743453178876256e-03
3.238719468976497973e-03
3.233703266036096029e-03
3.228694832305870760e-03
3.223694155752690731e-03
3.218701224362061509e-03
3.213716026138097037e-03
3.208738549103488848e-03
3.203768781299481776e-03
3.198806710783750219e-03
3.193852324646800824e-03
3.188905611978276773e-03
3.183966560896454596e-03
3.179035161009558744e-03
3.174111398494260886e-03
3.169195262015339631e-03
3.164286739761353832e-03
3.159385819939213112e-03
3.154492490774097203e-03
3.149606740509421684e-03
3.144728557406808057e-03
3.139857929744929287e-03
3.134994845823134077e-03
3.130139293957374166e-03
3.125291262481702265e-03
3.120450739748368337e-03
3.115617714127655227e-03
3.110792174007863918e-03
3.105974107795277540e-03
3.101163503914136210e-03
3.096360350806609714e-03
3.091564636932767583e-03
3.086776350770553505e-03
3.081995480815756701e-03
3.077222015581983303e-03
3.072455943600632504e-03
3.067697253420864027e-03
3.062945933609573842e-03
3.058201972751364243e-03
3.053465359448520860e-03
3.048736082320978400e-03
3.044014130006301565e-03
3.039299491159650358e-03
3.034592154453757528e-03
3.029892108578899953e-03
3.025199342242870012e-03
3.020513844170950434e-03
3.015835603105886976e-03
3.011164607807858499e-03
3.006500847054455715e-03
3.001844309640649966e-03
2.997194984378764599e-03
2.992552860098454583e-03
2.987917925646673117e-03
2.983290169887648207e-03
2.978669581702854917e-03
2.974056149990991077e-03
2.969449863667944327e-03
2.964850711666773900e-03
2.960258682937676362e-03
2.955673766447965665e-03
2.951095951182040183e-03
2.946525226141361899e-03
2.941961580344426477e-03
2.937405002826739414e-03
2.932855482640786549e-03
2.928313008856008905e-03
2.923777570558780143e-03
2.919249156852374034e-03
2.914727756856944074e-03
2.910213359709491396e-03
2.905705954563845249e-03
2.901205530590632645e-03
2.896712076977252335e-03
2.892225582927850959e-03
2.887746037663296156e-03
2.883273430421150110e-03
2.878807750455643962e-03
2.874348987037652226e-03
2.869897129454666330e-03
2.865452167010771201e-03
2.861014089026617507e-03
2.856582884839394768e-03
2.852158543802807943e-03
2.847741055287051834e-03
2.843330408678785507e-03
2.838926593381104098e-03
2.834529598813517563e-03
2.830139414411921191e-03
2.825756029628574782e-03
2.821379433932072727e-03
2.817009616807320156e-03
2.812646567755511251e-03
2.808290276294098022e-03
2.803940731956769492e-03
2.799597924293423506e-03
2.795261842870148082e-03
2.790932477269184551e-03
2.786609817088912811e-03
2.782293851943824867e-03
2.777984571464496653e-03
2.773681965297562866e-03
2.769386023105694858e-03
2.765096734567576344e-03
2.760814089377875216e-03
2.756538077247220123e-03
2.752268687902177484e-03
2.748005911085224170e-03
2.743749736554725385e-03
2.739500154084907775e-03
2.735257153465835579e-03
2.731020724503388074e-03
2.726790857019232694e-03
2.722567540850800733e-03
2.718350765851263937e-03
2.714140521889509775e-03
2.709936798850116728e-03
2.705739586633329995e-03
2.701548875155039380e-03
2.697364654346750233e-03
2.693186914155564805e-03
2.689015644544153188e-03
2.684850835490734666e-03
2.680692476989047363e-03
2.676540559048328285e-03
2.672395071693290346e-03
2.668256004964092865e-03
2.664123348916324664e-03
2.659997093620973269e-03
2.655877229164408000e-03
2.651763745648350479e-03
2.647656633189853382e-03
2.643555881921276583e-03
2.639461481990262870e-03
2.635373423559714962e-03
2.631291696807771217e-03
2.627216291927782655e-03
2.623147199128288663e-03
2.619084408632994018e-03
2.615027910680745027e-03
2.610977695525506983e-03
2.606933753436339440e-03
2.602896074697374097e-03
2.598864649607789210e-03
2.594839468481789646e-03
2.590820521648581291e-03
2.586807799452348934e-03
2.582801292252231550e-03
2.578800990422299745e-03
2.574806884351534941e-03
2.570818964443801619e-03
2.566837221117829540e-03
2.562861644807186423e-03
2.558892225960258861e-03
2.554928955040224135e-03
2.550971822525031994e-03
2.547020818907381676e-03
2.543075934694693715e-03
2.539137160409095199e-03
2.535204486587388974e-03
2.531277903781038903e-03
2.527357402556138638e-03
2.523442973493396444e-03
2.519534607188106574e-03
2.515632294250133225e-03
2.511736025303881042e-03
2.507845790988276480e-03
2.503961581956746542e-03
2.500083388877191899e-03
2.496211202431968239e-03
2.492345013317862415e-03
2.488484812246070325e-03
2.484630589942174797e-03
2.480782337146122604e-03
2.476940044612203646e-03
2.473103703109026663e-03
2.469273303419498855e-03
2.465448836340802894e-03
2.461630292684374374e-03
2.457817663275882296e-03
2.454010938955202611e-03
2.450210110576400441e-03
2.446415169007704494e-03
2.442626105131489710e-03
2.438842909844250815e-03
2.435065574056581930e-03
2.431294088693156628e-03
2.427528444692701910e-03
2.423768633007983460e-03
2.420014644605774420e-03
2.416266470466841947e-03
2.412524101585921624e-03
2.408787528971697081e-03
2.405056743646777438e-03
2.401331736647676057e-03
2.397612499024790161e-03
2.393899021842375244e-03
2.390191296178531197e-03
2.386489313125173244e-03
2.382793063788014604e-03
2.379102539286543933e-03
2.375417730754004943e-03
2.371738629337372985e-03
2.368065226197336830e-03
2.364397512508274388e-03
2.360735479458233622e-03
2.357079118248910869e-03
2.353428420095628713e-03
2.349783376227316048e-03
2.346143977886486817e-03
2.342510216329218332e-03
2.338882082825131329e-03
2.335259568657367842e-03
2.331642665122569957e-03
2.328031363530861601e-03
2.324425655205824680e-03
2.320825531484479575e-03
2.317230983717263881e-03
2.313642003268011598e-03
2.310058581513933611e-03
2.306480709845594706e-03
2.302908379666895357e-03
2.299341582395048305e-03
2.295780309460561646e-03
2.292224552307214544e-03
2.288674302392039017e-03
2.285129551185297384e-03
2.281590290170464486e-03
2.278056510844205570e-03
2.274528204716355466e-03
2.271005363309898210e-03
2.267487978160948395e-03
2.263976040818729482e-03
2.260469542845552991e-03
2.256968475816800278e-03
2.253472831320899560e-03
2.249982600959307254e-03
2.246497776346488475e-03
2.243018349109895341e-03
2.239544310889947463e-03
2.236075653340012862e-03
2.232612368126387151e-03
2.229154446928270552e-03
2.225701881437754451e-03
2.222254663359795376e-03
2.218812784412198518e-03
2.215376236325596049e-03
2.211945010843428035e-03
2.208519099721923794e-03
2.205098494730078039e-03
2.201683187649636567e-03
2.198273170275073275e-03
2.194868434413568912e-03
2.191468971884995461e-03
2.188074774521894025e-03
2.184685834169456612e-03
2.181302142685502283e-03
2.177923691940464573e-03
2.174550473817368074e-03
2.171182480211805450e-03
2.167819703031925727e-03
2.164462134198409573e-03
2.161109765644449350e-03
2.157762589315733066e-03
2.154420597170424428e-03
2.151083781179140286e-03
2.147752133324934160e-03
2.144425645603277586e-03
2.141104310022039735e-03
2.137788118601466163e-03
2.134477063374163198e-03
2.131171136385076690e-03
2.127870329691474664e-03
2.124574635362925200e-03
2.121284045481279523e-03
2.117998552140655088e-03
2.114718147447410424e-03
2.111442823520132562e-03
2.108172572489614479e-03
2.104907386498837754e-03
2.101647257702953051e-03
2.098392178269260170e-03
2.095142140377191133e-03
2.091897136218291535e-03
2.088657157996198863e-03
2.085422197926628182e-03
2.082192248237349583e-03
2.078967301168171272e-03
2.075747348970920485e-03
2.072532383909423976e-03
2.069322398259492400e-03
2.066117384308899067e-03
2.062917334357362159e-03
2.059722240716525214e-03
2.056532095709941513e-03
2.053346891673052399e-03
2.050166620953171228e-03
2.046991275909462553e-03
2.043820848912927379e-03
2.040655332346381044e-03
2.037494718604437177e-03
2.034339000093488177e-03
2.031188169231688302e-03
2.028042218448934588e-03
2.024901140186848632e-03
2.021764926898758814e-03
2.018633571049681212e-03
2.015507065116304859e-03
2.012385401586965720e-03
2.009268572961641058e-03
2.006156571751918638e-03
2.003049390480987190e-03
1.999947021683614722e-03
1.996849457906131609e-03
1.993756691706413675e-03
1.990668715653861817e-03
1.987585522329386387e-03
1.984507104325388543e-03
1.981433454245743343e-03
1.978364564705778917e-03
1.975300428332263034e-03
1.972241037763381843e-03
1.969186385648725567e-03
1.966136464649265517e-03
1.963091267437344981e-03
1.960050786696650605e-03
1.957015015122205454e-03
1.953983945420345158e-03
1.950957570308700997e-03
1.947935882516184077e-03
1.944918874782967108e-03
1.941906539860466631e-03
1.938898870511326531e-03
1.935895859509400262e-03
1.932897499639732192e-03
1.929903783698542433e-03
1.926914704493208185e-03
1.923930254842246175e-03
1.920950427575296828e-03
1.917975215533106268e-03
1.915004611567507889e-03
1.912038608541407388e-03
1.909077199328763691e-03
1.906120376814573981e-03
1.903168133894854192e-03
1.900220463476623390e-03
1.897277358477886429e-03
1.894338811827617469e-03
1.891404816465741328e-03
1.888475365343118091e-03
1.885550451421526188e-03
1.882630067673644620e-03
1.879714207083036694e-03
1.876802862644132456e-03
1.873896027362213085e-03
1.870993694253392020e-03
1.868095856344601088e-03
1.865202506673571421e-03
1.862313638288816972e-03
1.859429244249619561e-03
1.856549317626009568e-03
1.853673851498751843e-03
1.850802838959327056e-03
1.847936273109916519e-03
1.845074147063384190e-03
1.842216453943262573e-03
1.839363186883733207e-03
1.836514339029611705e-03
1.833669903536332352e-03
1.830829873569928381e-03
1.827994242307019604e-03
1.825163002934792689e-03
1.822336148650986840e-03
1.819513672663877106e-03
1.816695568192256598e-03
1.813881828465422176e-03
1.811072446723156239e-03
1.808267416215713274e-03
1.805466730203801433e-03
1.802670381958565394e-03
1.799878364761574008e-03
1.797090671904799262e-03
1.794307296690604786e-03
1.791528232431726340e-03
1.788753472451257501e-03
1.785983010082634048e-03
1.783216838669615537e-03
1.780454951566271416e-03
1.777697342136964984e-03
1.774944003756336259e-03
1.772194929809287663e-03
1.769450113690966466e-03
1.766709548806749816e-03
1.763973228572228913e-03
1.761241146413193180e-03
1.758513295765614217e-03
1.755789670075629970e-03
1.753070262799529769e-03
1.750355067403736769e-03
1.747644077364794062e-03
1.744937286169349509e-03
1.742234687314137519e-03
1.739536274305965389e-03
1.736842040661697477e-03
1.734151979908239369e-03
1.731466085582521620e-03
1.728784351231485439e-03
1.726106770412067729e-03
1.723433336691182222e-03
1.720764043645708419e-03
1.718098884862473159e-03
1.715437853938236307e-03
1.712780944479675143e-03
1.710128150103369616e-03
1.707479464435784997e-03
1.704834881113260385e-03
1.702194393781988760e-03
1.699557996098005055e-03
1.696925681727170544e-03
1.694297444345155713e-03
1.691673277637426812e-03
1.689053175299230249e-03
1.686437131035576969e-03
1.683825138561229019e-03
1.681217191600681542e-03
1.678613283888150641e-03
1.676013409167555592e-03
1.673417561192507138e-03
1.670825733726288191e-03
1.668237920541843422e-03
1.665654115421761261e-03
1.663074312158259373e-03
1.660498504553170997e-03
1.657926686417927811e-03
1.655358851573548442e-03
1.652794993850620906e-03
1.650235107089287421e-03
1.647679185139232488e-03
1.645127221859664672e-03
1.642579211119305545e-03
1.640035146796370823e-03
1.637495022778559300e-03
1.634958832963035943e-03
1.632426571256418010e-03
1.629898231574759869e-03
1.627373807843540644e-03
1.624853293997645127e-03
1.622336683981354674e-03
1.619823971748327691e-03
1.617315151261588353e-03
1.614810216493510779e-03
1.612309161425804936e-03
1.609811980049501027e-03
1.607318666364938430e-03
1.604829214381746838e-03
1.602343618118835192e-03
1.599861871604375428e-03
1.597383968875788589e-03
1.594909903979730955e-03
1.592439670972080161e-03
1.589973263917918720e-03
1.587510676891522744e-03
1.585051903976345900e-03
1.582596939265004665e-03
1.580145776859266400e-03
1.577698410870032215e-03
1.575254835417326136e-03
1.572815044630277315e-03
1.570379032647110061e-03
1.567946793615125189e-03
1.565518321690689829e-03
1.563093611039221816e-03
1.560672655835174940e-03
1.558255450262026592e-03
1.555841988512261711e-03
1.553432264787361732e-03
1.551026273297787883e-03
1.548624008262968182e-03
1.546225463911284200e-03
1.543830634480056977e-03
1.541439514215532268e-03
1.539052097372867536e-03
1.536668378216118295e-03
1.534288351018223790e-03
1.531912010060993996e-03
1.529539349635093996e-03
1.527170364040033581e-03
1.524805047584149899e-03
1.522443394584596177e-03
1.520085399367327415e-03
1.517731056267086721e-03
1.515380359627391000e-03
1.513033303800519463e-03
1.510689883147496929e-03
1.508350092038083417e-03
1.506013924850758100e-03
1.503681375972707812e-03
1.501352439799812089e-03
1.499027110736630150e-03
1.496705383196388116e-03
1.494387251600964688e-03
1.492072710380877923e-03
1.489761753975272227e-03
1.487454376831905340e-03
1.485150573407132942e-03
1.482850338165898462e-03
1.480553665581717466e-03
1.478260550136664860e-03
1.475970986321362101e-03
1.473684968634963533e-03
1.471402491585143595e-03
1.469123549688082942e-03
1.466848137468456303e-03
1.464576249459418385e-03
1.462307880202590431e-03
1.460043024248049376e-03
1.457781676154311368e-03
1.455523830488321358e-03
1.453269481825439011e-03
1.451018624749426120e-03
1.448771253852432954e-03
1.446527363734984809e-03
1.444286949005971384e-03
1.442050004282630516e-03
1.439816524190538861e-03
1.437586503363595409e-03
1.435359936444011945e-03
1.433136818082296352e-03
1.430917142937243721e-03
1.428700905675921607e-03
1.426488100973656581e-03
1.424278723514022307e-03
1.422072767988826966e-03
1.419870229098100026e-03
1.417671101550080099e-03
1.415475380061201284e-03
1.413283059356080801e-03
1.411094134167506639e-03
1.408908599236425837e-03
1.406726449311929313e-03
1.404547679151241669e-03
1.402372283519706881e-03
1.400200257190777021e-03
1.398031594945998383e-03
1.395866291575001287e-03
1.393704341875484903e-03
1.391545740653205541e-03
1.389390482721964944e-03
1.387238562903597922e-03
1.385089976027958263e-03
1.382944716932907889e-03
1.380802780464304279e-03
1.378664161475987460e-03
1.376528854829767645e-03
1.374396855395413307e-03
1.372268158050639689e-03
1.370142757681093622e-03
1.368020649180345287e-03
1.365901827449872170e-03
1.363786287399049516e-03
1.361674023945137540e-03
1.359565032013266899e-03
1.357459306536429149e-03
1.355356842455463949e-03
1.353257634719046924e-03
1.351161678283677083e-03
1.349068968113664247e-03
1.346979499181118417e-03
1.344893266465936989e-03
1.342810264955792169e-03
1.340730489646119704e-03
1.338653935540106300e-03
1.336580597648678133e-03
1.334510470990488053e-03
1.332443550591904530e-03
1.330379831486999502e-03
1.328319308717535157e-03
1.326261977332955037e-03
1.324207832390368210e-03
1.322156868954541030e-03
1.320109082097882395e-03
1.318064466900433548e-03
1.316023018449856375e-03
1.313984731841420827e-03
1.311949602177992988e-03
1.309917624570024241e-03
1.307888794135538685e-03
1.305863106000122297e-03
1.303840555296910137e-03
1.301821137166575071e-03
1.299804846757316498e-03
1.297791679224848853e-03
1.295781629732388820e-03
1.293774693450644052e-03
1.291770865557802976e-03
1.289770141239521143e-03
1.287772515688911457e-03
1.285777984106531392e-03
1.283786541700371927e-03
1.281798183685846056e-03
1.279812905285777945e-03
1.277830701730389706e-03
1.275851568257291855e-03
1.273875500111469649e-03
1.271902492545275284e-03
1.269932540818411630e-03
1.267965640197925726e-03
1.266001785958193815e-03
1.264040973380911592e-03
1.262083197755082490e-03
1.260128454377006406e-03
1.258176738550268207e-03
1.256228045585727109e-03
1.254282370801505613e-03
1.252339709522975412e-03
1.250400057082751322e-03
1.248463408820675016e-03
1.246529760083806785e-03
1.244599106226412745e-03
1.242671442609955511e-03
1.240746764603080756e-03
1.238825067581608534e-03
1.236906346928519623e-03
1.234990598033947496e-03
1.233077816295163800e-03
1.231167997116569676e-03
1.229261135909684270e-03
1.227357228093132590e-03
1.225456269092637046e-03
1.223558254341002927e-03
1.221663179278110155e-03
1.219771039350901797e-03
1.217881830013372571e-03
1.215995546726557353e-03
1.214112184958522503e-03
1.212231740184351991e-03
1.210354207886140017e-03
1.208479583552975840e-03
1.206607862680937268e-03
1.204739040773076782e-03
1.202873113339412645e-03
1.201010075896916541e-03
1.199149923969504254e-03
1.197292653088023739e-03
1.195438258790244715e-03
1.193586736620849123e-03
1.191738082131418115e-03
1.189892290880423600e-03
1.188049358433215883e-03
1.186209280362014772e-03
1.184372052245896570e-03
1.182537669670785836e-03
1.180706128229443673e-03
1.178877423521456887e-03
1.177051551153227580e-03
1.175228506737963389e-03
1.173408285895665348e-03
1.171590884253119642e-03
1.169776297443884819e-03
1.167964521108282245e-03
1.166155550893386780e-03
1.164349382453013556e-03
1.162546011447710380e-03
1.160745433544745162e-03
1.158947644418098109e-03
1.157152639748447627e-03
1.155360415223162952e-03
1.153570966536293305e-03
1.151784289388555968e-03
1.150000379487327610e-03
1.148219232546634312e-03
1.146440844287138555e-03
1.144665210436131850e-03
1.142892326727523462e-03
1.141122188901829999e-03
1.139354792706164573e-03
1.137590133894227475e-03
1.135828208226297284e-03
1.134069011469216771e-03
1.132312539396387050e-03
1.130558787787753908e-03
1.128807752429801092e-03
1.127059429115537074e-03
1.125313813644485518e-03
1.123570901822677683e-03
1.121830689462639200e-03
1.120093172383382265e-03
1.118358346410393495e-03
1.116626207375626557e-03
1.114896751117489806e-03
1.113169973480837181e-03
1.111445870316958443e-03
1.109724437483568553e-03
1.108005670844799213e-03
1.106289566271186076e-03
1.104576119639662452e-03
1.102865326833546303e-03
1.101157183742532217e-03
1.099451686262680567e-03
1.097748830296408186e-03
1.096048611752478610e-03
1.094351026545991017e-03
1.092656070598372860e-03
1.090963739837367283e-03
1.089274030197024887e-03
1.087586937617693967e-03
1.085902458046011411e-03
1.084220587434890117e-03
1.082541321743512057e-03
1.080864656937318953e-03
1.079190588987998835e-03
1.077519113873481047e-03
1.075850227577923677e-03
1.074183926091704230e-03
1.072520205411410738e-03
1.070859061539832435e-03
1.069200490485948266e-03
1.067544488264919730e-03
1.065891050898079605e-03
1.064240174412922841e-03
1.062591854843096583e-03
1.060946088228393019e-03
1.059302870614735716e-03
1.057662198054173767e-03
1.056024066604870949e-03
1.054388472331095530e-03
1.052755411303212029e-03
1.051124879597670593e-03
1.049496873296999625e-03
1.047871388489794069e-03
1.046248421270706526e-03
1.044627967740439662e-03
1.043010024005733847e-03
1.041394586179360433e-03
1.039781650380111567e-03
1.038171212732789776e-03
1.036563269368200382e-03
1.034957816423141093e-03
1.033354850040392459e-03
1.031754366368711155e-03
1.030156361562816533e-03
1.028560831783384118e-03
1.026967773197037153e-03
1.025377181976334017e-03
1.023789054299763246e-03
1.022203386351730513e-03
1.020620174322552564e-03
1.019039414408445506e-03
1.017461102811517432e-03
1.015885235739759102e-03
1.014311809407033096e-03
1.012740820033067530e-03
1.011172263843444124e-03
1.009606137069591920e-03
1.008042435948775569e-03
1.006481156724088177e-03
1.004922295644442194e-03
1.003365848964557928e-03
1.001811812944958984e-03
1.000260183851958392e-03
9.987109579576540497e-04
9.971641315399163655e-04
9.956197008823806666e-04
9.940776622744387434e-04
9.925380120112301755e-04
9.910007463936306230e-04
9.894658617282472719e-04
9.879333543274062580e-04
9.864032205091463786e-04
9.848754565972080328e-04
9.833500589210258502e-04
9.818270238157204496e-04
9.803063476220871646e-04
9.787880266865899709e-04
9.772720573613504283e-04
9.757584360041413919e-04
9.742471589783761703e-04
9.727382226530999600e-04
9.712316234029826903e-04
9.697273576083087227e-04
9.682254216549683948e-04
9.667258119344505386e-04
9.652285248438322897e-04
9.637335567857713888e-04
9.622409041684967497e-04
9.607505634058006528e-04
9.592625309170299628e-04
9.577768031270770220e-04
9.562933764663715183e-04
9.548122473708717034e-04
9.533334122820560442e-04
9.518568676469144410e-04
9.503826099179395540e-04
9.489106355531188881e-04
9.474409410159254693e-04
9.459735227753103635e-04
9.445083773056930270e-04
9.430455010869538256e-04
9.415848906044249275e-04
9.401265423488819545e-04
9.386704528165361761e-04
9.372166185090251853e-04
9.357650359334050922e-04
9.343157016021421757e-04
9.328686120331036681e-04
9.314237637495508156e-04
9.299811532801292293e-04
9.285407771588607539e-04
9.271026319251358776e-04
9.256667141237050591e-04
9.242330203046700537e-04
9.228015470234758903e-04
9.213722908409026314e-04
9.199452483230573501e-04
9.185204160413652395e-04
9.170977905725619149e-04
9.156773684986849573e-04
9.142591464070658897e-04
9.128431208903216125e-04
9.114292885463469223e-04
9.100176459783052962e-04
9.086081897946216273e-04
9.072009166089738770e-04
9.057958230402845092e-04
9.043929057127130097e-04
9.029921612556468871e-04
9.015935863036949509e-04
9.001971774966776620e-04
8.988029314796201936e-04
8.974108449027440836e-04
8.960209144214586682e-04
8.946331366963537106e-04
8.932475083931912686e-04
8.918640261828971296e-04
8.904826867415535467e-04
8.891034867503911070e-04
8.877264228957801664e-04
8.863514918692235855e-04
8.849786903673481642e-04
8.836080150918974863e-04
8.822394627497232456e-04
8.808730300527776568e-04
8.795087137181058657e-04
8.781465104678372758e-04
8.767864170291785010e-04
8.754284301344049087e-04
8.740725465208527053e-04
8.727187629309123224e-04
8.713670761120186591e-04
8.700174828166449019e-04
8.686699798022935260e-04
8.673245638314900068e-04
8.659812316717726286e-04
8.646399800956877137e-04
8.633008058807796481e-04
8.619637058095831837e-04
8.606286766696174748e-04
8.592957152533770796e-04
8.579648183583235034e-04
8.566359827868792352e-04
8.553092053464192912e-04
8.539844828492629747e-04
8.526618121126671541e-04
8.513411899588178063e-04
8.500226132148232944e-04
8.487060787127056940e-04
8.473915832893942884e-04
8.460791237867168945e-04
8.447686970513931413e-04
8.434602999350261209e-04
8.421539292940957754e-04
8.408495819899502229e-04
8.395472548887992527e-04
8.382469448617061933e-04
8.369486487845804318e-04
8.356523635381701495e-04
8.343580860080546243e-04
8.330658130846368579e-04
8.317755416631362033e-04
8.304872686435802332e-04
8.292009909307988856e-04
8.279167054344145973e-04
8.266344090688374250e-04
8.253540987532558297e-04
8.240757714116301712e-04
8.227994239726845772e-04
8.215250533699009795e-04
8.202526565415100071e-04
8.189822304304844808e-04
8.177137719845320408e-04
8.164472781560883161e-04
8.151827459023087931e-04
8.139201721850612258e-04
8.126595539709194566e-04
8.114008882311557177e-04
8.101441719417327167e-04
8.088894020832971318e-04
8.076365756411722384e-04
8.063856896053499951e-04
8.051367409704848635e-04
8.038897267358857852e-04
8.026446439055094596e-04
8.014014894879524292e-04
8.001602604964451167e-04
7.989209539488432597e-04
7.976835668676219475e-04
7.964480962798673814e-04
7.952145392172705858e-04
7.939828927161200365e-04
7.927531538172943957e-04
7.915253195662554650e-04
7.902993870130412468e-04
7.890753532122584627e-04
7.878532152230755068e-04
7.866329701092165906e-04
7.854146149389524189e-04
7.841981467850952028e-04
7.829835627249910699e-04
7.817708598405118245e-04
7.805600352180499602e-04
7.793510859485102034e-04
7.781440091273030078e-04
7.769388018543371818e-04
7.757354612340137089e-04
7.745339843752183746e-04
7.733343683913145028e-04
7.721366104001362333e-04
7.709407075239821253e-04
7.697466568896074593e-04
7.685544556282177323e-04
7.673641008754616098e-04
7.661755897714243131e-04
7.649889194606204626e-04
7.638040870919869229e-04
7.626210898188771643e-04
7.614399247990532400e-04
7.602605891946788473e-04
7.590830801723140149e-04
7.579073949029062124e-04
7.567335305617852543e-04
7.555614843286554945e-04
7.543912533875898625e-04
7.532228349270221656e-04
7.520562261397414515e-04
7.508914242228838763e-04
7.497284263779269587e-04
7.485672298106833995e-04
7.474078317312928422e-04
7.462502293542155841e-04
7.450944198982272643e-04
7.439404005864104063e-04
7.427881686461486723e-04
7.416377213091199239e-04
7.404890558112902591e-04
7.393421693929060979e-04
7.381970592984881101e-04
7.370537227768250363e-04
7.359121570809670733e-04
7.347723594682186105e-04
7.336343272001317247e-04
7.324980575425003252e-04
7.313635477653531065e-04
7.302307951429467181e-04
7.290997969537594756e-04
7.279705504804853981e-04
7.268430530100261850e-04
7.257173018334867705e-04
7.245932942461667586e-04
7.234710275475552191e-04
7.223504990413240736e-04
7.212317060353208315e-04
7.201146458415630608e-04
7.189993157762314489e-04
7.178857131596635141e-04
7.167738353163471011e-04
7.156636795749135495e-04
7.145552432681322738e-04
7.134485237329034986e-04
7.123435183102519701e-04
7.112402243453206686e-04
7.101386391873652781e-04
7.090387601897457301e-04
7.079405847099221917e-04
7.068441101094470429e-04
7.057493337539594552e-04
7.046562530131787782e-04
7.035648652608980343e-04
7.024751678749777389e-04
7.013871582373399369e-04
7.003008337339611559e-04
6.992161917548670932e-04
6.981332296941254604e-04
6.970519449498401281e-04
6.959723349241449470e-04
6.948943970231975667e-04
6.938181286571728232e-04
6.927435272402567750e-04
6.916705901906403066e-04
6.905993149305133822e-04
6.895296988860581070e-04
6.884617394874435227e-04
6.873954341688182351e-04
6.863307803683055350e-04
6.852677755279961347e-04
6.842064170939429627e-04
6.831467025161540091e-04
6.820886292485871206e-04
6.810321947491433875e-04
6.799773964796611801e-04
6.789242319059100774e-04
6.778726984975849039e-04
6.768227937282987909e-04
6.757745150755788393e-04
6.747278600208578801e-04
6.736828260494704627e-04
6.726394106506454820e-04
6.715976113175007580e-04
6.705574255470365301e-04
6.695188508401301447e-04
6.684818847015293330e-04
6.674465246398466819e-04
6.664127681675533453e-04
6.653806128009735147e-04
6.643500560602779142e-04
6.633210954694781624e-04
6.622937285564205927e-04
6.612679528527808321e-04
6.602437658940570791e-04
6.592211652195648997e-04
6.582001483724309390e-04
6.571807128995867412e-04
6.561628563517640875e-04
6.551465762834872983e-04
6.541318702530691132e-04
6.531187358226033185e-04
6.521071705579599767e-04
6.510971720287793548e-04
6.500887378084652026e-04
6.490818654741804155e-04
6.480765526068400957e-04
6.470727967911058063e-04
6.460705956153808003e-04
6.450699466718026482e-04
6.440708475562389014e-04
6.430732958682802616e-04
6.420772892112353762e-04
6.410828251921250930e-04
6.400899014216762791e-04
6.390985155143164009e-04
6.381086650881682108e-04
6.371203477650429171e-04
6.361335611704357386e-04
6.351483029335190742e-04
6.341645706871374072e-04
6.331823620678016674e-04
6.322016747156834846e-04
6.312225062746093344e-04
6.302448543920550084e-04
6.292687167191398680e-04
6.282940909106213149e-04
6.273209746248891534e-04
6.263493655239597358e-04
6.253792612734709747e-04
6.244106595426758381e-04
6.234435580044374705e-04
6.224779543352232294e-04
6.215138462150991564e-04
6.205512313277246643e-04
6.195901073603466824e-04
6.186304720037940187e-04
6.176723229524723729e-04
6.167156579043579388e-04
6.157604745609924178e-04
6.148067706274778143e-04
6.138545438124698222e-04
6.129037918281740301e-04
6.119545123903384403e-04
6.110067032182495660e-04
6.100603620347260338e-04
6.091154865661133804e-04
6.081720745422790645e-04
6.072301236966059623e-04
6.062896317659879214e-04
6.053505964908242323e-04
6.044130156150130141e-04
6.034768868859476370e-04
6.025422080545096747e-04
6.016089768750644594e-04
6.006771911054556608e-04
5.997468485069993227e-04
5.988179468444786591e-04
5.978904838861391754e-04
5.969644574036831386e-04
5.960398651722635058e-04
5.951167049704795880e-04
5.941949745803709777e-04
5.932746717874124538e-04
5.923557943805088854e-04
5.914383401519899197e-04
5.905223068976039099e-04
5.896076924165139042e-04
5.886944945112910317e-04
5.877827109879102743e-04
5.868723396557445036e-04
5.859633783275597103e-04
5.850558248195094745e-04
5.841496769511296538e-04
5.832449325453332870e-04
5.823415894284051731e-04
5.814396454299974263e-04
5.805390983831228624e-04
5.796399461241512037e-04
5.787421864928025744e-04
5.778458173321440305e-04
5.769508364885820792e-04
5.760572418118598600e-04
5.751650311550498803e-04
5.742742023745507629e-04
5.733847533300808494e-04
5.724966818846733210e-04
5.716099859046711029e-04
5.707246632597218769e-04
5.698407118227727690e-04
5.689581294700654700e-04
5.680769140811309237e-04
5.671970635387845556e-04
5.663185757291202020e-04
5.654414485415065316e-04
5.645656798685810829e-04
5.636912676062449511e-04
5.628182096536583435e-04
5.619465039132354829e-04
5.610761482906391874e-04
5.602071406947756660e-04
5.593394790377903981e-04
5.584731612350624964e-04
5.576081852051997193e-04
5.567445488700333749e-04
5.558822501546136592e-04
5.550212869872045603e-04
5.541616572992785457e-04
5.533033590255119006e-04
5.524463901037803904e-04
5.515907484751527562e-04
5.507364320838869197e-04
5.498834388774251044e-04
5.490317668063884144e-04
5.481814138245716308e-04
5.473323778889396330e-04
5.464846569596210025e-04
5.456382489999035777e-04
5.447931519762300081e-04
5.439493638581928761e-04
5.431068826185285166e-04
5.422657062331143066e-04
5.414258326809619432e-04
5.405872599442132151e-04
5.397499860081354491e-04
5.389140088611168479e-04
5.380793264946599850e-04
5.372459369033798530e-04
5.364138380849963828e-04
5.355830280403306486e-04
5.347535047733005314e-04
5.339252662909156231e-04
5.330983106032716971e-04
5.322726357235470218e-04
5.314482396679969401e-04
5.306251204559493152e-04
5.298032761097994352e-04
5.289827046550060015e-04
5.281634041200854906e-04
5.273453725366083599e-04
5.265286079391934097e-04
5.257131083655035547e-04
5.248988718562409448e-04
5.240858964551427376e-04
5.232741802089754595e-04
5.224637211675313203e-04
5.216545173836225745e-04
5.208465669130779444e-04
5.200398678147363308e-04
5.192344181504445367e-04
5.184302159850502200e-04
5.176272593863982070e-04
5.168255464253265893e-04
5.160250751756605440e-04
5.152258437142094062e-04
5.144278501207608144e-04
5.136310924780760484e-04
5.128355688718863430e-04
5.120412773908881174e-04
5.112482161267371209e-04
5.104563831740456135e-04
5.096657766303764030e-04
5.088763945962392673e-04
5.080882351750856413e-04
5.073012964733049314e-04
5.065155766002184430e-04
5.057310736680765625e-04
5.049477857920535526e-04
5.041657110902422398e-04
5.033848476836510870e-04
5.026051936961976885e-04
5.018267472547066014e-04
5.010495064889022984e-04
5.002734695314072161e-04
4.994986345177353584e-04
4.987249995862883933e-04
4.979525628783515326e-04
4.971813225380888705e-04
4.964112767125386126e-04
4.956424235516089559e-04
4.948747612080738609e-04
4.941082878375675216e-04
4.933430015985818722e-04
4.925789006524600817e-04
4.918159831633934099e-04
4.910542472984164367e-04
4.902936912274029422e-04
4.895343131230607027e-04
4.887761111609282378e-04
4.880190835193690645e-04
4.872632283795690945e-04
4.865085439255305093e-04
4.857550283440682359e-04
4.850026798248059353e-04
4.842514965601707445e-04
4.835014767453895898e-04
4.827526185784847420e-04
4.820049202602692622e-04
4.812583799943430992e-04
4.805129959870881018e-04
4.797687664476645497e-04
4.790256895880060572e-04
4.782837636228158334e-04
4.775429867695621822e-04
4.768033572484741659e-04
4.760648732825374847e-04
4.753275330974900863e-04
4.745913349218178288e-04
4.738562769867505774e-04
4.731223575262573800e-04
4.723895747770427266e-04
4.716579269785421582e-04
4.709274123729181470e-04
4.701980292050554340e-04
4.694697757225573974e-04
4.687426501757413900e-04
4.680166508176348910e-04
4.672917759039707888e-04
4.665680236931839665e-04
4.658453924464064770e-04
4.651238804274634227e-04
4.644034859028692156e-04
4.636842071418229689e-04
4.629660424162045399e-04
4.622489900005703018e-04
4.615330481721490233e-04
4.608182152108378574e-04
4.601044893991980043e-04
4.593918690224508086e-04
4.586803523684731512e-04
4.579699377277939801e-04
4.572606233935898649e-04
4.565524076616809309e-04
4.558452888305267398e-04
4.551392652012223317e-04
4.544343350774938343e-04
4.537304967656949394e-04
4.530277485748021864e-04
4.523260888164114387e-04
4.516255158047333845e-04
4.509260278565899584e-04
4.502276232914096256e-04
4.495303004312242918e-04
4.488340576006643158e-04
4.481388931269551486e-04
4.474448053399129963e-04
4.467517925719408632e-04
4.460598531580244855e-04
4.453689854357285914e-04
4.446791877451926724e-04
4.439904584291269715e-04
4.433027958328086349e-04
4.426161983040777540e-04
4.419306641933330834e-04
4.412461918535285168e-04
4.405627796401689130e-04
4.398804259113063011e-04
4.391991290275354355e-04
4.385188873519904346e-04
4.378396992503406611e-04
4.371615630907866559e-04
4.364844772440565064e-04
4.358084400834015635e-04
4.351334499845928641e-04
4.344595053259170110e-04
4.337866044881722697e-04
4.331147458546650989e-04
4.324439278112054345e-04
4.317741487461036537e-04
4.311054070501663463e-04
4.304377011166922494e-04
4.297710293414688321e-04
4.291053901227680667e-04
4.284407818613427429e-04
4.277772029604225645e-04
4.271146518257105712e-04
4.264531268653786399e-04
4.257926264900645024e-04
4.251331491128675175e-04
4.244746931493445508e-04
4.238172570175068846e-04
4.231608391378156647e-04
4.225054379331787558e-04
4.218510518289464591e-04
4.211976792529080428e-04
4.205453186352877846e-04
4.198939684087413401e-04
4.192436270083518390e-04
4.185942928716263078e-04
4.179459644384915496e-04
4.172986401512908373e-04
4.166523184547800103e-04
4.160069977961235177e-04
4.153626766248911108e-04
4.147193533930536693e-04
4.140770265549798402e-04
4.134356945674320808e-04
4.127953558895631342e-04
4.121560089829122355e-04
4.115176523114013707e-04
4.108802843413316449e-04
4.102439035413797588e-04
4.096085083825937796e-04
4.089740973383901605e-04
4.083406688845497823e-04
4.077082214992141054e-04
4.070767536628816454e-04
4.064462638584046125e-04
4.058167505709848999e-04
4.051882122881702891e-04
4.045606474998514682e-04
4.039340546982577492e-04
4.033084323779539786e-04
4.026837790358363083e-04
4.020600931711292686e-04
4.014373732853815943e-04
4.008156178824629173e-04
4.001948254685601348e-04
3.995749945521739942e-04
3.989561236441147019e-04
3.983382112574997548e-04
3.977212559077490618e-04
3.971052561125819075e-04
3.964902103920134833e-04
3.958761172683512549e-04
3.952629752661912760e-04
3.946507829124146650e-04
3.940395387361844606e-04
3.934292412689413933e-04
3.928198890444009042e-04
3.922114805985494582e-04
3.916040144696409666e-04
3.909974891981933716e-04
3.903919033269850685e-04
3.897872554010514364e-04
3.891835439676813685e-04
3.885807675764137484e-04
3.879789247790338728e-04
3.873780141295700896e-04
3.867780341842904919e-04
3.861789835016990685e-04
3.855808606425323434e-04
3.849836641697563394e-04
3.843873926485623501e-04
3.837920446463643923e-04
3.831976187327949769e-04
3.826041134797020737e-04
3.820115274611457501e-04
3.814198592533943766e-04
3.808291074349216452e-04
3.802392705864027201e-04
3.796503472907112567e-04
3.790623361329156608e-04
3.784752357002759988e-04
3.778890445822401484e-04
3.773037613704407632e-04
3.767193846586920202e-04
3.761359130429857704e-04
3.755533451214883951e-04
3.749716794945377697e-04
3.743909147646394694e-04
3.738110495364632994e-04
3.732320824168404764e-04
3.726540120147599417e-04
3.720768369413648925e-04
3.715005558099498538e-04
3.709251672359570469e-04
3.703506698369729198e-04
3.697770622327252736e-04
3.692043430450797398e-04
3.686325108980362014e-04
3.680615644177258122e-04
3.674915022324076893e-04
3.669223229724656067e-04
3.663540252704043632e-04
3.657866077608468549e-04
3.652200690805308767e-04
3.646544078683056534e-04
3.640896227651283694e-04
3.635257124140611339e-04
3.629626754602680526e-04
3.624005105510113797e-04
3.618392163356485354e-04
3.612787914656288000e-04
3.607192345944901148e-04
3.601605443778561552e-04
3.596027194734323731e-04
3.590457585410035033e-04
3.584896602424297689e-04
3.579344232416442791e-04
3.573800462046491260e-04
3.568265277995127829e-04
3.562738666963665259e-04
3.557220615674012900e-04
3.551711110868648502e-04
3.546210139310579184e-04
3.540717687783317578e-04
3.535233743090843888e-04
3.529758292057577694e-04
3.524291321528345432e-04
3.518832818368347322e-04
3.513382769463128637e-04
3.507941161718545011e-04
3.502507982060733705e-04
3.497083217436080540e-04
3.491666854811190080e-04
3.486258881172852567e-04
3.480859283528013018e-04
3.475468048903740869e-04
3.470085164347197449e-04
3.464710616925608332e-04
3.459344393726225932e-04
3.453986481856306193e-04
3.448636868443069018e-04
3.443295540633676578e-04
3.437962485595194291e-04
3.432637690514566417e-04
3.427321142598579204e-04
3.422012829073837028e-04
3.416712737186724451e-04
3.411420854203381283e-04
3.406137167409670056e-04
3.400861664111144039e-04
3.395594331633017423e-04
3.390335157320137132e-04
3.385084128536949215e-04
3.379841232667471734e-04
3.374606457115259537e-04
3.369379789303382023e-04
3.364161216674383574e-04
3.358950726690259161e-04
3.353748306832422896e-04
3.348553944601679851e-04
3.343367627518191356e-04
3.338189343121449526e-04
3.333019078970244731e-04
3.327856822642636866e-04
3.322702561735924997e-04
3.317556283866619164e-04
3.312417976670406776e-04
3.307287627802127134e-04
3.302165224935740525e-04
3.297050755764296243e-04
3.291944207999905484e-04
3.286845569373710984e-04
3.281754827635859919e-04
3.276671970555469749e-04
3.271596985920601657e-04
3.266529861538232903e-04
3.261470585234223750e-04
3.256419144853290367e-04
3.251375528258975008e-04
3.246339723333619451e-04
3.241311717978330302e-04
3.236291500112955144e-04
3.231279057676051097e-04
3.226274378624856623e-04
3.221277450935262259e-04
3.216288262601780254e-04
3.211306801637519096e-04
3.206333056074153146e-04
3.201367013961891749e-04
3.196408663369453744e-04
3.191457992384036575e-04
3.186514989111289176e-04
3.181579641675283247e-04
3.176651938218481809e-04
3.171731866901714809e-04
3.166819415904150391e-04
3.161914573423262910e-04
3.157017327674806911e-04
3.152127666892789483e-04
3.147245579329440443e-04
3.142371053255186317e-04
3.137504076958618892e-04
3.132644638746468662e-04
3.127792726943578257e-04
3.122948329892872091e-04
3.118111435955331421e-04
3.113282033509960742e-04
3.108460110953766638e-04
3.103645656701724720e-04
3.098838659186753603e-04
3.094039106859689425e-04
3.089246988189253327e-04
3.084462291662028134e-04
3.079685005782429631e-04
3.074915119072674577e-04
3.070152620072761187e-04
3.065397497340433897e-04
3.060649739451161140e-04
3.055909334998104443e-04
3.051176272592095117e-04
3.046450540861599565e-04
3.041732128452701391e-04
3.037021024029067789e-04
3.032317216271922440e-04
3.027620693880022197e-04
3.022931445569626194e-04
3.018249460074469816e-04
3.013574726145740309e-04
3.008907232552042628e-04
3.004246968079381003e-04
2.999593921531128042e-04
2.994948081727995455e-04
2.990309437508012914e-04
2.985677977726496068e-04
2.981053691256021067e-04
2.976436566986399618e-04
2.971826593824651889e-04
2.967223760694976146e-04
2.962628056538729238e-04
2.958039470314391905e-04
2.953457990997550341e-04
2.948883607580860965e-04
2.944316309074031983e-04
2.939756084503793035e-04
2.935202922913868629e-04
2.930656813364953205e-04
2.926117744934684031e-04
2.921585706717614640e-04
2.917060687825189891e-04
2.912542677385719951e-04
2.908031664544351021e-04
2.903527638463043107e-04
2.899030588320542379e-04
2.894540503312355685e-04
2.890057372650721825e-04
2.885581185564591489e-04
2.881111931299593651e-04
2.876649599118017678e-04
2.872194178298780260e-04
2.867745658137407522e-04
2.863304027946000333e-04
2.858869277053215866e-04
2.854441394804240503e-04
2.850020370560758386e-04
2.845606193700936240e-04
2.841198853619387055e-04
2.836798339727153277e-04
2.832404641451676452e-04
2.828017748236772290e-04
2.823637649542607353e-04
2.819264334845673035e-04
2.814897793638759002e-04
2.810538015430927706e-04
2.806184989747492167e-04
2.801838706129986694e-04
2.797499154136146287e-04
2.793166323339876279e-04
2.788840203331233907e-04
2.784520783716395781e-04
2.780208054117639456e-04
2.775902004173314160e-04
2.771602623537818564e-04
2.767309901881574762e-04
2.763023828891001169e-04
2.758744394268494086e-04
2.754471587732395177e-04
2.750205399016974117e-04
2.745945817872397698e-04
2.741692834064708142e-04
2.737446437375800332e-04
2.733206617603391999e-04
2.728973364561005830e-04
2.724746668077939653e-04
2.720526517999242587e-04
2.716312904185694981e-04
2.712105816513780228e-04
2.707905244875658196e-04
2.703711179179147891e-04
2.699523609347698715e-04
2.695342525320364451e-04
2.691167917051783746e-04
2.686999774512154092e-04
2.682838087687203633e-04
2.678682846578175989e-04
2.674534041201797729e-04
2.670391661590259397e-04
2.666255697791187324e-04
2.662126139867625738e-04
2.658002977898007491e-04
2.653886201976132916e-04
2.649775802211145432e-04
2.645671768727505526e-04
2.641574091664970151e-04
2.637482761178571583e-04
2.633397767438584356e-04
2.629319100630512249e-04
2.625246750955057386e-04
2.621180708628100182e-04
2.617120963880674943e-04
2.613067506958945477e-04
2.609020328124183946e-04
2.604979417652745393e-04
2.600944765836044970e-04
2.596916362980534088e-04
2.592894199407679273e-04
2.588878265453936145e-04
2.584868551470728823e-04
2.580865047824422811e-04
2.576867744896307118e-04
2.572876633082567146e-04
2.568891702794263011e-04
2.564912944457306229e-04
2.560940348512437490e-04
2.556973905415202810e-04
2.553013605635930214e-04
2.549059439659708600e-04
2.545111397986361715e-04
2.541169471130431349e-04
2.537233649621146981e-04
2.533303924002407344e-04
2.529380284832758743e-04
2.525462722685367948e-04
2.521551228148004851e-04
2.517645791823014271e-04
2.513746404327300236e-04
2.509853056292295627e-04
2.505965738363946454e-04
2.502084441202684752e-04
2.498209155483408525e-04
2.494339871895460059e-04
2.490476581142598276e-04
2.486619273942985726e-04
2.482767941029154972e-04
2.478922573147997210e-04
2.475083161060731909e-04
2.471249695542890551e-04
2.467422167384288978e-04
2.463600567389010051e-04
2.459784886375377083e-04
2.455975115175937037e-04
2.452171244637434502e-04
2.448373265620788926e-04
2.444581169001077813e-04
2.440794945667509343e-04
2.437014586523403401e-04
2.433240082486169079e-04
2.429471424487282451e-04
2.425708603472265972e-04
2.421951610400664083e-04
2.418200436246025593e-04
2.414455071995878202e-04
2.410715508651708713e-04
2.406981737228940804e-04
2.403253748756913890e-04
2.399531534278861978e-04
2.395815084851890086e-04
2.392104391546955001e-04
2.388399445448843861e-04
2.384700237656150036e-04
2.381006759281255238e-04
2.377319001450305938e-04
2.373636955303192494e-04
2.369960611993527744e-04
2.366289962688626397e-04
2.362624998569484442e-04
2.358965710830754207e-04
2.355312090680728365e-04
2.351664129341316087e-04
2.348021818048021082e-04
2.344385148049923169e-04
2.340754110609654694e-04
2.337128697003381013e-04
2.333508898520779353e-04
2.329894706465017126e-04
2.326286112152732414e-04
2.322683106914011743e-04
2.319085682092369483e-04
2.315493829044728061e-04
2.311907539141396276e-04
2.308326803766048703e-04
2.304751614315705087e-04
2.301181962200710021e-04
2.297617838844711257e-04
2.294059235684640192e-04
2.290506144170691269e-04
2.286958555766300020e-04
2.283416461948124907e-04
2.279879854206024554e-04
2.276348724043038502e-04
2.272823062975366337e-04
2.269302862532348718e-04
2.265788114256444608e-04
2.262278809703213115e-04
2.258774940441291533e-04
2.255276498052375561e-04
2.251783474131200595e-04
2.248295860285518964e-04
2.244813648136082852e-04
2.241336829316620716e-04
2.237865395473819126e-04
2.234399338267303522e-04
2.230938649369615986e-04
2.227483320466196810e-04
2.224033343255364171e-04
2.220588709448294068e-04
2.217149410769000267e-04
2.213715438954314788e-04
2.210286785753867028e-04
2.206863442930065877e-04
2.203445402258078032e-04
2.200032655525809564e-04
2.196625194533884779e-04
2.193223011095628598e-04
2.189826097037044330e-04
2.186434444196796328e-04
2.183048044426189114e-04
2.179666889589148410e-04
2.176290971562199719e-04
2.172920282234452611e-04
2.169554813507577949e-04
2.166194557295788919e-04
2.162839505525822868e-04
2.159489650136921246e-04
2.156144983080809550e-04
2.152805496321679433e-04
2.149471181836168105e-04
2.146142031613339901e-04
2.142818037654666496e-04
2.139499191974007385e-04
2.136185486597592270e-04
2.132876913563998831e-04
2.129573464924138361e-04
2.126275132741231642e-04
2.122981909090792955e-04
2.119693786060610288e-04
2.116410755750725828e-04
2.113132810273418065e-04
2.109859941753181468e-04
2.106592142326708863e-04
2.103329404142871648e-04
2.100071719362700551e-04
2.096819080159369360e-04
2.093571478718172162e-04
2.090328907236508433e-04
2.087091357923860266e-04
2.083858823001777741e-04
2.080631294703858317e-04
2.077408765275727055e-04
2.074191226975020616e-04
2.070978672071366127e-04
2.067771092846363830e-04
2.064568481593568650e-04
2.061370830618471767e-04
2.058178132238480825e-04
2.054990378782903943e-04
2.051807562592928300e-04
2.048629676021603604e-04
2.045456711433823929e-04
2.042288661206307927e-04
2.039125517727582570e-04
2.035967273397961731e-04
2.032813920629531824e-04
2.029665451846130657e-04
2.026521859483330088e-04
2.023383135988418406e-04
2.020249273820381357e-04
2.017120265449884255e-04
2.013996103359254634e-04
2.010876780042462734e-04
2.007762288005105237e-04
2.004652619764385750e-04
2.001547767849097190e-04
1.998447724799604433e-04
1.995352483167826428e-04
1.992262035517216678e-04
1.989176374422747795e-04
1.986095492470891708e-04
1.983019382259602317e-04
1.979948036398299777e-04
1.976881447507848534e-04
1.973819608220544325e-04
1.970762511180091400e-04
1.967710149041590332e-04
1.964662514471515514e-04
1.961619600147701612e-04
1.958581398759322691e-04
1.955547903006875951e-04
1.952519105602165195e-04
1.949494999268281314e-04
1.946475576739586564e-04
1.943460830761696134e-04
1.940450754091460801e-04
1.937445339496950397e-04
1.934444579757434288e-04
1.931448467663367285e-04
1.928456996016369312e-04
1.925470157629208875e-04
1.922487945325788419e-04
1.919510351941122110e-04
1.916537370321323632e-04
1.913568993323585318e-04
1.910605213816162970e-04
1.907646024678358787e-04
1.904691418800502655e-04
1.901741389083936977e-04
1.898795928440997691e-04
1.895855029794999368e-04
1.892918686080216509e-04
1.889986890241867278e-04
1.887059635236096160e-04
1.884136914029957692e-04
1.881218719601399395e-04
1.878305044939244147e-04
1.875395883043173926e-04
1.872491226923713543e-04
1.869591069602213028e-04
1.866695404110830820e-04
1.863804223492517508e-04
1.860917520800999024e-04
1.858035289100759568e-04
1.855157521467025341e-04
1.852284210985748018e-04
1.849415350753587936e-04
1.846550933877896751e-04
1.843690953476702799e-04
1.840835402678692124e-04
1.837984274623193841e-04
1.835137562460163328e-04
1.832295259350165157e-04
1.829457358464357092e-04
1.826623852984472481e-04
1.823794736102806423e-04
1.820970001022198157e-04
1.818149640956013169e-04
1.815333649128128286e-04
1.812522018772917307e-04
1.809714743135230680e-04
1.806911815470381942e-04
1.804113229044131193e-04
1.801318977132668826e-04
1.798529053022598727e-04
1.795743450010923092e-04
1.792962161405025625e-04
1.790185180522655816e-04
1.787412500691912948e-04
1.784644115251229294e-04
1.781880017549355478e-04
1.779120200945343130e-04
1.776364658808529705e-04
1.773613384518523035e-04
1.770866371465183438e-04
1.768123613048610437e-04
1.765385102679125143e-04
1.762650833777254533e-04
1.759920799773716541e-04
1.757194994109403257e-04
1.754473410235367098e-04
1.751756041612801296e-04
1.749042881713027970e-04
1.746333924017481052e-04
1.743629162017690563e-04
1.740928589215266623e-04
1.738232199121884274e-04
1.735539985259268024e-04
1.732851941159175863e-04
1.730168060363384077e-04
1.727488336423671261e-04
1.724812762901804493e-04
1.722141333369520361e-04
1.719474041408513036e-04
1.716810880610417469e-04
1.714151844576794210e-04
1.711496926919112605e-04
1.708846121258738866e-04
1.706199421226916289e-04
1.703556820464753325e-04
1.700918312623207859e-04
1.698283891363070678e-04
1.695653550354950289e-04
1.693027283279258826e-04
1.690405083826196874e-04
1.687786945695737470e-04
1.685172862597610120e-04
1.682562828251288594e-04
1.679956836385973311e-04
1.677354880740576702e-04
1.674756955063708575e-04
1.672163053113662288e-04
1.669573168658397132e-04
1.666987295475524510e-04
1.664405427352294651e-04
1.661827558085579267e-04
1.659253681481857184e-04
1.656683791357201063e-04
1.654117881537260594e-04
1.651555945857248670e-04
1.648997978161925943e-04
1.646443972305587536e-04
1.643893922152045970e-04
1.641347821574617885e-04
1.638805664456109668e-04
1.636267444688801196e-04
1.633733156174433363e-04
1.631202792824191280e-04
1.628676348558690716e-04
1.626153817307963740e-04
1.623635193011442992e-04
1.621120469617948678e-04
1.618609641085672307e-04
1.616102701382163948e-04
1.613599644484316512e-04
1.611100464378351386e-04
1.608605155059804337e-04
1.606113710533511689e-04
1.603626124813594062e-04
1.601142391923444171e-04
1.598662505895710566e-04
1.596186460772284891e-04
1.593714250604286165e-04
1.591245869452047768e-04
1.588781311385102537e-04
1.586320570482167857e-04
1.583863640831133463e-04
1.581410516529044091e-04
1.578961191682088912e-04
1.576515660405584452e-04
1.574073916823961583e-04
1.571635955070752510e-04
1.569201769288573972e-04
1.566771353629115579e-04
1.564344702253125182e-04
1.561921809330393959e-04
1.559502669039743411e-04
1.557087275569010991e-04
1.554675623115036015e-04
1.552267705883646372e-04
1.549863518089643355e-04
1.547463053956789185e-04
1.545066307717792378e-04
1.542673273614293108e-04
1.540283945896851010e-04
1.537898318824930811e-04
1.535516386666887698e-04
1.533138143699954575e-04
1.530763584210226617e-04
1.528392702492651235e-04
1.526025492851010193e-04
1.523661949597907950e-04
1.521302067054758377e-04
1.518945839551769583e-04
1.516593261427931711e-04
1.514244327031003120e-04
1.511899030717494933e-04
1.509557366852661551e-04
1.507219329810482219e-04
1.504884913973651543e-04
1.502554113733563495e-04
1.500226923490298675e-04
1.497903337652612115e-04
1.495583350637916741e-04
1.493266956872273620e-04
1.490954150790376777e-04
1.488644926835538560e-04
1.486339279459678801e-04
1.484037203123310172e-04
1.481738692295524911e-04
1.479443741453981807e-04
1.477152345084891294e-04
1.474864497683006507e-04
1.472580193751605118e-04
1.470299427802479312e-04
1.468022194355919792e-04
1.465748487940706564e-04
1.463478303094092403e-04
1.461211634361791469e-04
1.458948476297965483e-04
1.456688823465210174e-04
1.454432670434543896e-04
1.452180011785391908e-04
1.449930842105576884e-04
1.447685155991303466e-04
1.445442948047144711e-04
1.443204212886031246e-04
1.440968945129237179e-04
1.438737139406367084e-04
1.436508790355344345e-04
1.434283892622395713e-04
1.432062440862040184e-04
1.429844429737077351e-04
1.427629853918571678e-04
1.425418708085842475e-04
1.423210986926448174e-04
1.421006685136176845e-04
1.418805797419031827e-04
1.416608318487217366e-04
1.414414243061128855e-04
1.412223565869338740e-04
1.410036281648584320e-04
1.407852385143753659e-04
1.405671871107875008e-04
1.403494734302102986e-04
1.401320969495706108e-04
1.399150571466054591e-04
1.396983534998607343e-04
1.394819854886899494e-04
1.392659525932531280e-04
1.390502542945152599e-04
1.388348900742452708e-04
1.386198594150148838e-04
1.384051618001970474e-04
1.381907967139649868e-04
1.379767636412907404e-04
1.377630620679442110e-04
1.375496914804915120e-04
1.373366513662941822e-04
1.371239412135076942e-04
1.369115605110801811e-04
1.366995087487514601e-04
1.364877854170515152e-04
1.362763900072994669e-04
1.360653220116022711e-04
1.358545809228535808e-04
1.356441662347323911e-04
1.354340774417019545e-04
1.352243140390084258e-04
1.350148755226798867e-04
1.348057613895248545e-04
1.345969711371311711e-04
1.343885042638650002e-04
1.341803602688692275e-04
1.339725386520627026e-04
1.337650389141385851e-04
1.335578605565635856e-04
1.333510030815764210e-04
1.331444659921867573e-04
1.329382487921740709e-04
1.327323509860863751e-04
1.325267720792390003e-04
1.323215115777135094e-04
1.321165689883564514e-04
1.319119438187781957e-04
1.317076355773516311e-04
1.315036437732112714e-04
1.312999679162517644e-04
1.310966075171268621e-04
1.308935620872482553e-04
1.306908311387843262e-04
1.304884141846590921e-04
1.302863107385509038e-04
1.300845203148913887e-04
1.298830424288641497e-04
1.296818765964037352e-04
1.294810223341945549e-04
1.292804791596693622e-04
1.290802465910084404e-04
1.288803241471382481e-04
1.286807113477304973e-04
1.284814077132007170e-04
1.282824127647072500e-04
1.280837260241501419e-04
1.278853470141697588e-04
1.276872752581460280e-04
1.274895102801969747e-04
1.272920516051776916e-04
1.270948987586791197e-04
1.268980512670270992e-04
1.267015086572810144e-04
1.265052704572327907e-04
1.263093361954057022e-04
1.261137054010533416e-04
1.259183776041581835e-04
1.257233523354309883e-04
1.255286291263090132e-04
1.253342075089556326e-04
1.251400870162583867e-04
1.249462671818287374e-04
1.247527475400000898e-04
1.245595276258273855e-04
1.243666069750854223e-04
1.241739851242682304e-04
1.239816616105876904e-04
1.237896359719722591e-04
1.235979077470663462e-04
1.234064764752287153e-04
1.232153416965317246e-04
1.230245029517598634e-04
1.228339597824091558e-04
1.226437117306854532e-04
1.224537583395040002e-04
1.222640991524876191e-04
1.220747337139663300e-04
1.218856615689755757e-04
1.216968822632557201e-04
1.215083953432505304e-04
1.213202003561063367e-04
1.211322968496708396e-04
1.209446843724920259e-04
1.207573624738171250e-04
1.205703307035914569e-04
1.203835886124574836e-04
1.201971357517535354e-04
1.200109716735129565e-04
1.198250959304628045e-04
1.196395080760229152e-04
1.194542076643048721e-04
1.192691942501107469e-04
1.190844673889322178e-04
1.189000266369494177e-04
1.187158715510298505e-04
1.185320016887273875e-04
1.183484166082811431e-04
1.181651158686144445e-04
1.179820990293337882e-04
1.177993656507277695e-04
1.176169152937659709e-04
1.174347475200979732e-04
1.172528618920523386e-04
1.170712579726354184e-04
1.168899353255304583e-04
1.167088935150964604e-04
1.165281321063671389e-04
1.163476506650499046e-04
1.161674487575247935e-04
1.159875259508435320e-04
1.158078818127282765e-04
1.156285159115707730e-04
1.154494278164312733e-04
1.152706170970374365e-04
1.150920833237833269e-04
1.149138260677284650e-04
1.147358449005966618e-04
1.145581393947750433e-04
1.143807091233130745e-04
1.142035536599214618e-04
1.140266725789711638e-04
1.138500654554923879e-04
1.136737318651735067e-04
1.134976713843601089e-04
1.133218835900539018e-04
1.131463680599118030e-04
1.129711243722448296e-04
1.127961521060171488e-04
1.126214508408449944e-04
1.124470201569956906e-04
1.122728596353867305e-04
1.120989688575846105e-04
1.119253474058039906e-04
1.117519948629065144e-04
1.115789108123999289e-04
1.114060948384371221e-04
1.112335465258149574e-04
1.110612654599734333e-04
1.108892512269946129e-04
1.107175034136016344e-04
1.105460216071577626e-04
1.103748053956652911e-04
1.102038543677647019e-04
1.100331681127335814e-04
1.098627462204856172e-04
1.096925882815696771e-04
1.095226938871688192e-04
1.093530626290992348e-04
1.091836940998093411e-04
1.090145878923787774e-04
1.088457436005174839e-04
1.086771608185645773e-04
1.085088391414875097e-04
1.083407781648811340e-04
1.081729774849664978e-04
1.080054366985901788e-04
1.078381554032231064e-04
1.076711331969596396e-04
1.075043696785166322e-04
1.073378644472325111e-04
1.071716171030661377e-04
1.070056272465960630e-04
1.068398944790194835e-04
1.066744184021683420e-04
1.065091986184656749e-04
1.063442347309502772e-04
1.061795263432840762e-04
1.060150730597430501e-04
1.058508744852160768e-04
1.056869302252039851e-04
1.055232398858186465e-04
1.053598030737819589e-04
1.051966193964249654e-04
1.050336884616868657e-04
1.048710098781141341e-04
1.047085832548594634e-04
1.045464082016809513e-04
1.043844843289410974e-04
1.042228112476058818e-04
1.040613885692438437e-04
1.039002159060251187e-04
1.037392928707205043e-04
1.035786190767005782e-04
1.034181941379347098e-04
1.032580176689902195e-04
1.030980892850313213e-04
1.029384086018182969e-04
1.027789752357065870e-04
1.026197888036457887e-04
1.024608489231787473e-04
1.023021552124407570e-04
1.021437072901584629e-04
1.019855047756491157e-04
1.018275472888194739e-04
1.016698344501651126e-04
1.015123658807692717e-04
1.013551412023021915e-04
1.011981600370199613e-04
1.010414220077637869e-04
1.008849267379590558e-04
1.007286738516143345e-04
1.005726629733205685e-04
1.004168937282501475e-04
1.002613657421559971e-04
1.001060786413706711e-04
9.995103205280553814e-05
9.979622560394968390e-05
9.964165892286928785e-05
9.948733163820648476e-05
9.933324337917863282e-05
9.917939377557736505e-05
9.902578245776764054e-05
9.887240905668701269e-05
9.871927320384457204e-05
9.856637453132020095e-05
9.841371267176355709e-05
9.826128725839328745e-05
9.810909792499613387e-05
9.795714430592601142e-05
9.780542603610316819e-05
9.765394275101331792e-05
9.750269408670669130e-05
9.735167967979724995e-05
9.720089916746179194e-05
9.705035218743901667e-05
9.690003837802873882e-05
9.674995737809098033e-05
9.660010882704506239e-05
9.645049236486884648e-05
9.630110763209775862e-05
9.615195426982398974e-05
9.600303191969560121e-05
9.585434022391571172e-05
9.570587882524158924e-05
9.555764736698374299e-05
9.540964549300523230e-05
9.526187284772065012e-05
9.511432907609535057e-05
9.496701382364455444e-05
9.481992673643253606e-05
9.467306746107175593e-05
9.452643564472197981e-05
9.438003093508947911e-05
9.423385298042616354e-05
9.408790142952876796e-05
9.394217593173791723e-05
9.379667613693742152e-05
9.365140169555325985e-05
9.350635225855292955e-05
9.336152747744449760e-05
9.321692700427576040e-05
9.307255049163343057e-05
9.292839759264231027e-05
9.278446796096446450e-05
9.264076125079835373e-05
9.249727711687806141e-05
9.235401521447234529e-05
9.221097519938400045e-05
9.206815672794882931e-05
9.192555945703493692e-05
9.178318304404190419e-05
9.164102714689993418e-05
9.149909142406898463e-05
9.135737553453809044e-05
9.121587913782434713e-05
9.107460189397227396e-05
9.093354346355290584e-05
9.079270350766296667e-05
9.065208168792411039e-05
9.051167766648206714e-05
9.037149110600581662e-05
9.023152166968688328e-05
9.009176902123836061e-05
8.995223282489423345e-05
8.981291274540853780e-05
8.967380844805449339e-05
8.953491959862383965e-05
8.939624586342585994e-05
8.925778690928669031e-05
8.911954240354856061e-05
8.898151201406880517e-05
8.884369540921932063e-05
8.870609225788553601e-05
8.856870222946574861e-05
8.843152499387031088e-05
8.829456022152083077e-05
8.815780758334937220e-05
8.802126675079764186e-05
8.788493739581625737e-05
8.774881919086389352e-05
8.761291180890656393e-05
8.747721492341675373e-05
8.734172820837274190e-05
8.720645133825772038e-05
8.707138398805903512e-05
8.693652583326748134e-05
8.680187654987636843e-05
8.666743581438091006e-05
8.653320330377734329e-05
8.639917869556218313e-05
8.626536166773145014e-05
8.613175189877988428e-05
8.599834906770015893e-05
8.586515285398220324e-05
8.573216293761230767e-05
8.559937899907237859e-05
8.546680071933926068e-05
8.533442777988385598e-05
8.520225986267045983e-05
8.507029665015592064e-05
8.493853782528889445e-05
8.480698307150914025e-05
8.467563207274665259e-05
8.454448451342099749e-05
8.441354007844051289e-05
8.428279845320156322e-05
8.415225932358779402e-05
8.402192237596929169e-05
8.389178729720198719e-05
8.376185377462677510e-05
8.363212149606879533e-05
8.350259014983671488e-05
8.337325942472191467e-05
8.324412900999782542e-05
8.311519859541915522e-05
8.298646787122106281e-05
8.285793652811852057e-05
8.272960425730551499e-05
8.260147075045431476e-05
8.247353569971473900e-05
8.234579879771345247e-05
8.221825973755309826e-05
8.209091821281171500e-05
8.196377391754195081e-05
8.183682654627023661e-05
8.171007579399620338e-05
8.158352135619181475e-05
8.145716292880074362e-05
8.133100020823757256e-05
8.120503289138707550e-05
8.107926067560348592e-05
8.095368325870981921e-05
8.082830033899708665e-05
8.070311161522359061e-05
8.057811678661426058e-05
8.045331555285974504e-05
8.032870761411593720e-05
8.020429267100308052e-05
8.008007042460511815e-05
7.995604057646900180e-05
7.983220282860385144e-05
7.970855688348037259e-05
7.958510244403009732e-05
7.946183921364466602e-05
7.933876689617504131e-05
7.921588519593099310e-05
7.909319381768013628e-05
7.897069246664742935e-05
7.884838084851437479e-05
7.872625866941828721e-05
7.860432563595166997e-05
7.848258145516141555e-05
7.836102583454818214e-05
7.823965848206562116e-05
7.811847910611976738e-05
7.799748741556825288e-05
7.787668311971964298e-05
7.775606592833271796e-05
7.763563555161578185e-05
7.751539170022599839e-05
7.739533408526869985e-05
7.727546241829658742e-05
7.715577641130918910e-05
7.703627577675206011e-05
7.691696022751614594e-05
7.679782947693703692e-05
7.667888323879434485e-05
7.656012122731097112e-05
7.644154315715246978e-05
7.632314874342628857e-05
7.620493770168111842e-05
7.608690974790627000e-05
7.596906459853086061e-05
7.585140197042327206e-05
7.573392158089037817e-05
7.561662314767690781e-05
7.549950638896472661e-05
7.538257102337220000e-05
7.526581676995352914e-05
7.514924334819801904e-05
7.503285047802942811e-05
7.491663787980534469e-05
7.480060527431645523e-05
7.468475238278585312e-05
7.456907892686848302e-05
7.445358462865031416e-05
7.433826921064783891e-05
7.422313239580723252e-05
7.410817390750387874e-05
7.399339346954150254e-05
7.387879080615168215e-05
7.376436564199309012e-05
7.365011770215084286e-05
7.353604671213583651e-05
7.342215239788415062e-05
7.330843448575631637e-05
7.319489270253665245e-05
7.308152677543269587e-05
7.296833643207445658e-05
7.285532140051379402e-05
7.274248140922380730e-05
7.262981618709808977e-05
7.251732546345017341e-05
7.240500896801279696e-05
7.229286643093733671e-05
7.218089758279306115e-05
7.206910215456660237e-05
7.195747987766122427e-05
7.184603048389617201e-05
7.173475370550610282e-05
7.162364927514031348e-05
7.151271692586230668e-05
7.140195639114891007e-05
7.129136740488978838e-05
7.118094970138676581e-05
7.107070301535318903e-05
7.096062708191329025e-05
7.085072163660150954e-05
7.074098641536197989e-05
7.063142115454771404e-05
7.052202559092011656e-05
7.041279946164830626e-05
7.030374250430846566e-05
7.019485445688323111e-05
7.008613505776104230e-05
6.997758404573557300e-05
6.986920116000501285e-05
6.976098614017152519e-05
6.965293872624050172e-05
6.954505865862014235e-05
6.943734567812058782e-05
6.932979952595354027e-05
6.922241994373142296e-05
6.911520667346690593e-05
6.900815945757216062e-05
6.890127803885845329e-05
6.879456216053527764e-05
6.868801156620985341e-05
6.858162599988658424e-05
6.847540520596628519e-05
6.836934892924569486e-05
6.826345691491681128e-05
6.815772890856628210e-05
6.805216465617478113e-05
6.794676390411641203e-05
6.784152639915813914e-05
6.773645188845909626e-05
6.763154011957004459e-05
6.752679084043273572e-05
6.742220379937932889e-05
6.731777874513174048e-05
6.721351542680111544e-05
6.710941359388714967e-05
6.700547299627752083e-05
6.690169338424730556e-05
6.679807450845835607e-05
6.669461611995869030e-05
6.659131797018190912e-05
6.648817981094662713e-05
6.638520139445579509e-05
6.628238247329622549e-05
6.617972280043787436e-05
6.607722212923331266e-05
6.597488021341718417e-05
6.587269680710544661e-05
6.577067166479497857e-05
6.566880454136287478e-05
6.556709519206586336e-05
6.546554337253973664e-05
6.536414883879880901e-05
6.526291134723521221e-05
6.516183065461843456e-05
6.506090651809469752e-05
6.496013869518630517e-05
6.485952694379116992e-05
6.475907102218213479e-05
6.465877068900647206e-05
6.455862570328524625e-05
6.445863582441277201e-05
6.435880081215600431e-05
6.425912042665396918e-05
6.415959442841720809e-05
6.406022257832719516e-05
6.396100463763572733e-05
6.386194036796442289e-05
6.376302953130407098e-05
6.366427189001406237e-05
6.365203382303450828e-05
