0.000000000000000000e+00
1.525468401121106692e-03
3.049297272909368573e-03
6.093678015076152941e-03
9.131509746958414719e-03
1.216280216983196306e-02
4.211816530056917973e-02
7.143041536223948551e-02
1.001094264059318173e-01
1.281652100256564508e-01
2.120185318085637538e-01
2.901819934752652985e-01
3.629648913703961699e-01
4.306709502682283253e-01
4.935957419856403794e-01
5.765423093417340050e-01
6.509387911902406731e-01
7.175438810583547600e-01
7.770602253830369843e-01
8.301351410282419296e-01
8.400303113212329587e-01
8.496962464720791974e-01
8.505681996142855361e-01
8.514382791115289173e-01
8.523064882999226155e-01
8.540373079564763659e-01
8.557606860069978394e-01
8.561043230377713975e-01
8.564476647296452860e-01
8.571337544568037314e-01
8.571649896302468985e-01
8.571962224222875459e-01
8.572586829227719640e-01
8.572681111590177983e-01
8.572775391926747979e-01
8.572776667181675192e-01
8.572776014629815977e-01
8.572775362078045580e-01
8.572774709526325143e-01
8.572774056974667989e-01
8.572772751871462482e-01
8.572771446768425729e-01
8.572770141665615462e-01
8.572757090650010570e-01
8.572744039657114179e-01
8.572730988686925180e-01
8.572600480233989462e-01
8.572469974051848407e-01
8.572339470140464268e-01
8.572208968499795967e-01
8.570904076973591135e-01
8.569599412474582234e-01
8.568294974962438193e-01
8.566990764396840152e-01
8.553961131935552409e-01
8.540954149829139697e-01
8.527969777875735735e-01
8.515007975944494101e-01
8.502068703976148889e-01
8.422163231357336910e-01
8.343116729536087517e-01
8.264919768649128251e-01
8.187563022678848723e-01
8.111037268295904212e-01
8.035333383727945034e-01
7.960442347641772942e-01
7.886355238036951709e-01
7.813063231151565757e-01
7.740557600380064684e-01
7.668829715203020481e-01
7.597871040128660880e-01
7.527673133646094472e-01
7.458227647190024401e-01
7.389526324116912903e-01
7.321560998692384636e-01
7.254323595089815502e-01
7.187806126399938211e-01
7.122000693644490177e-01
7.056899484811474110e-01
6.992494773925369556e-01
6.928778920060509883e-01
6.865744366416205446e-01
6.803383639391750171e-01
6.741689347669893584e-01
6.680654181310469175e-01
6.620270910853964796e-01
6.560532386434981822e-01
6.501431539057818121e-01
6.442961374304503330e-01
6.385114974765444540e-01
6.327885500283001452e-01
6.271266186003633392e-01
6.215250341549899415e-01
6.159831350200226652e-01
6.105002668077537109e-01
6.050757823346821773e-01
5.997090415421575393e-01
5.943994114178956512e-01
5.891462659183600570e-01
5.839489858919979515e-01
5.788069590033226852e-01
5.737195796578311580e-01
5.686862489277504373e-01
5.637063744785998365e-01
5.587793704965642316e-01
5.539046576166661850e-01
5.490816628517295461e-01
5.443098195221260927e-01
5.395885671862961086e-01
5.349173515720329064e-01
5.302956245085268527e-01
5.257228438591555753e-01
5.211984734550163534e-01
5.167219830291897020e-01
5.122928481517278199e-01
5.079105498067330027e-01
5.035745754922604789e-01
4.992844178642065200e-01
4.950395751640365716e-01
4.908395511963256075e-01
4.866838553764962771e-01
4.825720022944418597e-01
4.785035118831549861e-01
4.744779094356286198e-01
4.704947251451114809e-01
4.665534951007531683e-01
4.626537600601799416e-01
4.587950658366344858e-01
4.549769632786482276e-01
4.511990081780830053e-01
4.474607612158383319e-01
4.437617879079838179e-01
4.401016585524962776e-01
4.364799481765871403e-01
4.328962364846109523e-01
4.293501078065457000e-01
4.258411510470423433e-01
4.223689596350346243e-01
4.189331314739045409e-01
4.155332688937902752e-01
4.121689785982849963e-01
4.088398716197984006e-01
4.055455632725114556e-01
4.022856731035835409e-01
3.990598248468808507e-01
3.958676463769124076e-01
3.927087696632206582e-01
3.895828307252772182e-01
3.864894695878725028e-01
3.834283302369984603e-01
3.803990605762171406e-01
3.774013123835092132e-01
3.744347412685985477e-01
3.714990066307467531e-01
3.685937716170126222e-01
3.657187030809709860e-01
3.628734715418871493e-01
3.600577511443405765e-01
3.572712196182933342e-01
3.545135582395984031e-01
3.517844517909435309e-01
3.490835885232246305e-01
3.464106601173452260e-01
3.437653616464364514e-01
3.411473915384934941e-01
3.385564515394232643e-01
3.359922466764994620e-01
3.334544852222202094e-01
3.309428786585634774e-01
3.284571416416369183e-01
3.259969919667166094e-01
3.235621505336708781e-01
3.211523413127654880e-01
3.187672913108453576e-01
3.164067305378884809e-01
3.140703919739285532e-01
3.117580115363423054e-01
3.094693280474966057e-01
3.072040832027521651e-01
3.049620215388201827e-01
3.027428904024668244e-01
3.005464399195631464e-01
2.983724229644753589e-01
2.962205951297928186e-01
2.940907146963890884e-01
2.919825426038133442e-01
2.898958424210071327e-01
2.878303803173445363e-01
2.857859250339908619e-01
2.837622478555770766e-01
2.817591225821862722e-01
2.797763255016483819e-01
2.778136353621408761e-01
2.758708333450903272e-01
2.739477030383732359e-01
2.720440304098117879e-01
2.701596037809614881e-01
2.682942138011878974e-01
2.664476534220286408e-01
2.646197178718376897e-01
2.628102046307095319e-01
2.610189134056792315e-01
2.592456461061955486e-01
2.574902068198645089e-01
2.557524017884600376e-01
2.540320393841988267e-01
2.523289300862770479e-01
2.506428864576646376e-01
2.489737231221561264e-01
2.473212567416733232e-01
2.456853059938193806e-01
2.440656915496785817e-01
2.424622360518618180e-01
2.408747640927935696e-01
2.393031021932377211e-01
2.377470787810606334e-01
2.362065241702275276e-01
2.346812705400306842e-01
2.331711519145460154e-01
2.316760041423166772e-01
2.301956648762594759e-01
2.287299735537935974e-01
2.272787713771876328e-01
2.258419012941233206e-01
2.244192079784734228e-01
2.230105378112910985e-01
2.216157388620091373e-01
2.202346608698459995e-01
2.188671552254165265e-01
2.175130749525457929e-01
2.161722746902827730e-01
2.148446106751122076e-01
2.135299407233626767e-01
2.122281242138085167e-01
2.109390220704627228e-01
2.096624967455603117e-01
2.083984122027285890e-01
2.071466339003428248e-01
2.059070287750655037e-01
2.046794652255667923e-01
2.034638130964243619e-01
2.022599436622004032e-01
2.010677296116943902e-01
1.998870450323690373e-01
1.987177653949477596e-01
1.975597675381822738e-01
1.964129296537873992e-01
1.952771312715421426e-01
1.941522532445548732e-01
1.930381777346908412e-01
1.919347881981601223e-01
1.908419693712643528e-01
1.897596072563006442e-01
1.886875891076204292e-01
1.876258034178422407e-01
1.865741399042161186e-01
1.855324894951385084e-01
1.845007443168151795e-01
1.834787976800717757e-01
1.824665440673091388e-01
1.814638791196023226e-01
1.804706996239421324e-01
1.794869035006168567e-01
1.785123897907330281e-01
1.775470586438738785e-01
1.765908113058934081e-01
1.756435501068451255e-01
1.747051784490439852e-01
1.737756007952591664e-01
1.728547226570377182e-01
1.719424505831561034e-01
1.710386921481996114e-01
1.701433559412668939e-01
1.692563515547996777e-01
1.683775895735347972e-01
1.675069815635786274e-01
1.666444400616011179e-01
1.657898785641495620e-01
1.649432115170796631e-01
1.641043543051031173e-01
1.632732232414504103e-01
1.624497355576473845e-01
1.616338093934045483e-01
1.608253637866175478e-01
1.600243186634781878e-01
1.592305948286937278e-01
1.584441139558147305e-01
1.576647985776687688e-01
1.568925720768999110e-01
1.561273586766121768e-01
1.553690834311163282e-01
1.546176722167783013e-01
1.538730517229686956e-01
1.531351494431117122e-01
1.524038936658330123e-01
1.516792134662046931e-01
1.509610386970871299e-01
1.502492999805657425e-01
1.495439286994825756e-01
1.488448569890606921e-01
1.481520177286211881e-01
1.474653445333912738e-01
1.467847717464025592e-01
1.461102344304787692e-01
1.454416683603115268e-01
1.447790100146234826e-01
1.441221965684178485e-01
1.434711658853131955e-01
1.428258565099627120e-01
1.421862076605571179e-01
1.415521592214099289e-01
1.409236517356243779e-01
1.403006263978415769e-01
1.396830250470679213e-01
1.390707901595819029e-01
1.384638648419189988e-01
1.378621928239336936e-01
1.372657184519381068e-01
1.366743866819161712e-01
1.360881430728123065e-01
1.355069337798943674e-01
1.349307055481895612e-01
1.343594057059925850e-01
1.337929821584454282e-01
1.332313833811877013e-01
1.326745584140771872e-01
1.321224568549791700e-01
1.315750288536246260e-01
1.310322251055357490e-01
1.304939968460184230e-01
1.299602958442210854e-01
1.294310743972586497e-01
1.289062853244015427e-01
1.283858819613286073e-01
1.278698181544432044e-01
1.273580482552519044e-01
1.268505271148055447e-01
1.263472100782008223e-01
1.258480529791428937e-01
1.253530121345679815e-01
1.248620443393247542e-01
1.243751068609146582e-01
1.238921574342900372e-01
1.234131542567097339e-01
1.229380559826509373e-01
1.224668217187776104e-01
1.219994110189639019e-01
1.215357838793727357e-01
1.210759007335881210e-01
1.206197224478017666e-01
1.201672103160519867e-01
1.197183260555156614e-01
1.192730318018515312e-01
1.188312901045953662e-01
1.183930639226051101e-01
1.179583166195570659e-01
1.175270119594908902e-01
1.170991141024041726e-01
1.166745875998953796e-01
1.162533973908546903e-01
1.158355087972024883e-01
1.154208875196746226e-01
1.150094996336542691e-01
1.146013115850494646e-01
1.141962901862163121e-01
1.137944026119268592e-01
1.133956163953814961e-01
1.129998994242654015e-01
1.126072199368481630e-01
1.122175465181264875e-01
1.118308480960095164e-01
1.114470939375458436e-01
1.110662536451925558e-01
1.106882971531248233e-01
1.103131947235866661e-01
1.099409169432814248e-01
1.095714347198024352e-01
1.092047192781026577e-01
1.088407421570034284e-01
1.084794752057415546e-01
1.081208905805544490e-01
1.077649607413029287e-01
1.074116584481311365e-01
1.070609567581632948e-01
1.067128290222368464e-01
1.063672488816716499e-01
1.060241902650744805e-01
1.056836273851790714e-01
1.053455347357208360e-01
1.050098870883459240e-01
1.046766594895543190e-01
1.043458272576767987e-01
1.040173659798850486e-01
1.036912515092346249e-01
1.033674599617406958e-01
1.030459677134858004e-01
1.027267513977595526e-01
1.024097879022298763e-01
1.020950543661453547e-01
1.017825281775683183e-01
1.014721869706385893e-01
1.011640086228671048e-01
1.008579712524597105e-01
1.005540532156700556e-01
1.002522331041818537e-01
9.995248974251991214e-02
9.965480218548969371e-02
9.935914971564517584e-02
9.906551184078429828e-02
9.877386829147231928e-02
9.848419901859231662e-02
9.819648419092269487e-02
9.791070419274125469e-02
9.762683962145579653e-02
9.734487128526081445e-02
9.706478020081989178e-02
9.678654759097365945e-02
9.651015488247316476e-02
9.623558370373781756e-02
9.596281588263852469e-02
9.569183344430477745e-02
9.542261860895624725e-02
9.515515378975797356e-02
9.488942159069946314e-02
9.462540480449689595e-02
9.436308641051852075e-02
9.410244957273299071e-02
9.384347763768013939e-02
9.358615413246423875e-02
9.333046276276929509e-02
9.307638741089613310e-02
9.282391213382126804e-02
9.257302116127698322e-02
9.232369889385270978e-02
9.207592990111716780e-02
9.182969891976124066e-02
9.158499085176136090e-02
9.134179076256314367e-02
9.110008387928464346e-02
9.085985558894012215e-02
9.062109143668270472e-02
9.038377712406674147e-02
9.014789850732921050e-02
8.991344159568998018e-02
8.968039254967094531e-02
8.944873767943356535e-02
8.921846344313467958e-02
8.898955644530051612e-02
8.876200343521863101e-02
8.853579130534738884e-02
8.831090708974310977e-02
8.808733796250456383e-02
8.786507123623438220e-02
8.764409436051773250e-02
8.742439492041736981e-02
8.720596063498564643e-02
8.698877935579257814e-02
8.677283906547034187e-02
8.655812787627367721e-02
8.634463402865623360e-02
8.613234588986251605e-02
8.592125195253533243e-02
8.571134083333865894e-02
8.550260127159560464e-02
8.529502212794141947e-02
8.508859238299118499e-02
8.488330113602243765e-02
8.467913760367211384e-02
8.447609111864781695e-02
8.427415112845344780e-02
8.407330719412868525e-02
8.387354898900245548e-02
8.367486629746008486e-02
8.347724901372408080e-02
8.328068714064822131e-02
8.308517078852509230e-02
8.289069017390660044e-02
8.269723561843748960e-02
8.250479754770188856e-02
8.231336649008223760e-02
8.212293307563113542e-02
8.193348803495531518e-02
8.174502219811204118e-02
8.155752649351764860e-02
8.137099194686815695e-02
8.118540968007159631e-02
8.100077091019226849e-02
8.081706694840649907e-02
8.063428919897007441e-02
8.045242915819673934e-02
8.027147841344833834e-02
8.009142864213560087e-02
7.991227161073047314e-02
7.973399917378880264e-02
7.955660327298420820e-02
7.938007593615220570e-02
7.920440927634525563e-02
7.902959549089787206e-02
7.885562686050218151e-02
7.868249574828724280e-02
7.851019459891857288e-02
7.833871593773017450e-02
7.816805236980357841e-02
7.799819657910453397e-02
7.782914132761950543e-02
7.766087945450014796e-02
7.749340387521727602e-02
7.732670758072394956e-02
7.716078363662796924e-02
7.699562518237346165e-02
7.683122543043123531e-02
7.666757766549844866e-02
7.650467524370675731e-02
7.634251159183928770e-02
7.618108020655635360e-02
7.602037465362943003e-02
7.586038856718380075e-02
7.570111564894946299e-02
7.554254966752022016e-02
7.538468445762105952e-02
7.522751391938341248e-02
7.507103201762856115e-02
7.491523278115888584e-02
7.476011030205681474e-02
7.460565873499168388e-02
7.445187229653404959e-02
7.429874526447761973e-02
7.414627197716863738e-02
7.399444683284273072e-02
7.384326428896884065e-02
7.369271886160065621e-02
7.354280512473500286e-02
7.339351770967729449e-02
7.324485130441404923e-02
7.309680065299227480e-02
7.294936055490573723e-02
7.280252586448782148e-02
7.265629149031127554e-02
7.251065239459449085e-02
7.236560359261416664e-02
7.222114015212477423e-02
7.207725719278400278e-02
7.193394988558489411e-02
7.179121345229397266e-02
7.164904316489571767e-02
7.150743434504307217e-02
7.136638236351394715e-02
7.122588263967390143e-02
7.108593064094445579e-02
7.094652188227755507e-02
7.080765192563556742e-02
7.066931637947725109e-02
7.053151089824899467e-02
7.039423118188210815e-02
7.025747297529537361e-02
7.012123206790314700e-02
6.998550429312880294e-02
6.985028552792364731e-02
6.971557169229103401e-02
6.958135874881582472e-02
6.944764270219878910e-02
6.931441959879651449e-02
6.918168552616596467e-02
6.904943661261433996e-02
6.891766902675383610e-02
6.878637897706109394e-02
6.865556271144183931e-02
6.852521651680007486e-02
6.839533671861200426e-02
6.826591968050484127e-02
6.813696180384003209e-02
6.800845952730116828e-02
6.788040932648649328e-02
6.775280771350576658e-02
6.762565123658156874e-02
6.749893647965518606e-02
6.737266006199653379e-02
6.724681863781863111e-02
6.712140889589622572e-02
6.699642755918848447e-02
6.687187138446606949e-02
6.674773716194218331e-02
6.662402171490761082e-02
6.650072189936995226e-02
6.637783460369665878e-02
6.625535674826213417e-02
6.613328528509859749e-02
6.601161719755080370e-02
6.589034949993473333e-02
6.576947923719972389e-02
6.564900348459465351e-02
6.552891934733751089e-02
6.540922396028883701e-02
6.528991448762856697e-02
6.517098812253657725e-02
6.505244208687656349e-02
6.493427363088369320e-02
6.481648003285531146e-02
6.469905859884542143e-02
6.458200666236221799e-02
6.446532158406917401e-02
6.434900075148926313e-02
6.423304157871254083e-02
6.411744150610686199e-02
6.400219800003184578e-02
6.388730855255590757e-02
6.377277068117649661e-02
6.365858192854335906e-02
6.354473986218481252e-02
6.343124207423710137e-02
6.331808618117669429e-02
6.320526982355549606e-02
6.309279066573901529e-02
6.298064639564746048e-02
6.286883472449948662e-02
6.275735338655902273e-02
6.264620013888465289e-02
6.253537276108193932e-02
6.242486905505831990e-02
6.231468684478080888e-02
6.220482397603625119e-02
6.209527831619435223e-02
6.198604775397321270e-02
6.187713019920740992e-02
6.176852358261882003e-02
6.166022585558967456e-02
6.155223498993834391e-02
6.144454897769752177e-02
6.133716583089478258e-02
6.123008358133564394e-02
6.112330028038890500e-02
6.101681399877448980e-02
6.091062282635349712e-02
6.080472487192061654e-02
6.069911826299879964e-02
6.059380114563620717e-02
6.048877168420540434e-02
6.038402806120474198e-02
6.027956847706186089e-02
6.017539114993950000e-02
6.007149431554328206e-02
5.996787622693172670e-02
5.986453515432831746e-02
5.976146938493559491e-02
5.965867722275133150e-02
5.955615698838672561e-02
5.945390701888658702e-02
5.935192566755149307e-02
5.925021130376189465e-02
5.914876231280421365e-02
5.904757709569872365e-02
5.894665406902947075e-02
5.884599166477593596e-02
5.874558833014664749e-02
5.864544252741456243e-02
5.854555273375425944e-02
5.844591744108094261e-02
5.834653515589122152e-02
5.824740439910558454e-02
5.814852370591265529e-02
5.804989162561520477e-02
5.795150672147770382e-02
5.785336757057566587e-02
5.775547276364666888e-02
5.765782090494293854e-02
5.756041061208556908e-02
5.746324051592033300e-02
5.736630926037514927e-02
5.726961550231904341e-02
5.717315791142264791e-02
5.707693517002029870e-02
5.698094597297359565e-02
5.688518902753645495e-02
5.678966305322171587e-02
5.669436678166912824e-02
5.659929895651483189e-02
5.650445833326220302e-02
5.640984367915429648e-02
5.631545377304746081e-02
5.622128740528649360e-02
5.612734337758108760e-02
5.603362050288371310e-02
5.594011760526877708e-02
5.584683351981312160e-02
5.575376709247781282e-02
5.566091717999131078e-02
5.556828264973380505e-02
5.547586237962294498e-02
5.538365525800069411e-02
5.529166018352154460e-02
5.519987606504183492e-02
5.510830182151042755e-02
5.501693638186048313e-02
5.492577868490243487e-02
5.483482767921817047e-02
5.474408232305633115e-02
5.465354158422883885e-02
5.456320444000845038e-02
5.447306987702750514e-02
5.438313689117780375e-02
5.429340448751149989e-02
5.420387168014317858e-02
5.411453749215290598e-02
5.402540095549044491e-02
5.393646111088044870e-02
5.384771700772871678e-02
5.375916770402951184e-02
5.367081226627382073e-02
5.358264976935868396e-02
5.349467929649751735e-02
5.340689993913135675e-02
5.331931079684115726e-02
5.323191097726098081e-02
5.314469959599220361e-02
5.305767577651861189e-02
5.297083865012242737e-02
5.288418735580132507e-02
5.279772104018626983e-02
5.271143885746027574e-02
5.262533996948253606e-02
5.253942354519389180e-02
5.245368876085031162e-02
5.236813480004882948e-02
5.228276085310055304e-02
5.219756611839773686e-02
5.211254980073519449e-02
5.202771111184312236e-02
5.194304927036204333e-02
5.185856350171949569e-02
5.177425303805833351e-02
5.169011711816551280e-02
5.160615498740171725e-02
5.152236589763173336e-02
5.143874910715560966e-02
5.135530388064056539e-02
5.127202948905364849e-02
5.118892520959506670e-02
5.110599032563238608e-02
5.102322412663535395e-02
5.094062590811134633e-02
5.085819497154179386e-02
5.077593062431897536e-02
5.069383217968381761e-02
5.061189895666406979e-02
5.053013028001342860e-02
5.044852548015115595e-02
5.036708389310239758e-02
5.028580486043922326e-02
5.020468772922219436e-02
5.012373185194268083e-02
5.004293658646571941e-02
4.996230129597358655e-02
4.988182534890991948e-02
4.980150811892446183e-02
4.972134898481843368e-02
4.964134733049047066e-02
4.956150254488322221e-02
4.948181402193045642e-02
4.940228116050471296e-02
4.932290336436568473e-02
4.924368004210901567e-02
4.916461060711570935e-02
4.908569447750208564e-02
4.900693107607032029e-02
4.892831983025944936e-02
4.884986017209700521e-02
4.877155153815107558e-02
4.869339336948298735e-02
4.861538511160043430e-02
4.853752621441113219e-02
4.845981613217706374e-02
4.838225432346902194e-02
4.830484025112195129e-02
4.822757338219042789e-02
4.815045318790493745e-02
4.807347914362841701e-02
4.799665072881342809e-02
4.791996742695961431e-02
4.784342872557183213e-02
4.776703411611857991e-02
4.769078309399098214e-02
4.761467515846210669e-02
4.753870981264685797e-02
4.746288656346223100e-02
4.738720492158801645e-02
4.731166440142790114e-02
4.723626452107110296e-02
4.716100480225424163e-02
4.708588477032382702e-02
4.701090395419897650e-02
4.693606188633471510e-02
4.686135810268549778e-02
4.678679214266925901e-02
4.671236354913180233e-02
4.663807186831159940e-02
4.656391664980493589e-02
4.648989744653145989e-02
4.641601381470013971e-02
4.634226531386465703e-02
4.626865150666559928e-02
4.619517195893343975e-02
4.612182623970109002e-02
4.604861392112581664e-02
4.597553457845739849e-02
4.590258779000657569e-02
4.582977313711382450e-02
4.575709020411850014e-02
4.568453857832825704e-02
4.561211784998891322e-02
4.553982761225450898e-02
4.546766746115778884e-02
4.539563699558094717e-02
4.532373581722675543e-02
4.525196353058991844e-02
4.518031974292884001e-02
4.510880406423758288e-02
4.503741610721824495e-02
4.496615548725357153e-02
4.489502182237989358e-02
4.482401473326030894e-02
4.475313384315820348e-02
4.468237877791111923e-02
4.461174916590474049e-02
4.454124463804728234e-02
4.447086482774420535e-02
4.440060937087306203e-02
4.433047790575869729e-02
4.426047007314874715e-02
4.419058551618931796e-02
4.412082388040101250e-02
4.405118481365519201e-02
4.398166796615044644e-02
4.391227299038938381e-02
4.384299954115565556e-02
4.377384727549120391e-02
4.370481585267380065e-02
4.363590493419478716e-02
4.356711418373704348e-02
4.349844326715332499e-02
4.342989185244462702e-02
4.336145960973893099e-02
4.329314621127017954e-02
4.322495133135740436e-02
4.315687464638411075e-02
4.308891583477792581e-02
4.302107457699039933e-02
4.295335055547712388e-02
4.288574345467789650e-02
4.281825296099733835e-02
4.275087876278547971e-02
4.268362055031869884e-02
4.261647801578088979e-02
4.254945085324468579e-02
4.248253875865305729e-02
4.241574142980097245e-02
4.234905856631735604e-02
4.228248986964718709e-02
4.221603504303379772e-02
4.214969379150138029e-02
4.208346582183766782e-02
4.201735084257680192e-02
4.195134856398239492e-02
4.188545869803081412e-02
4.181968095839450755e-02
4.175401506042571848e-02
4.168846072114016504e-02
4.162301765920107394e-02
4.155768559490326947e-02
4.149246425015744311e-02
4.142735334847470752e-02
4.136235261495111587e-02
4.129746177625259751e-02
4.123268056059981035e-02
4.116800869775329857e-02
4.110344591899883077e-02
4.103899195713280046e-02
4.097464654644781407e-02
4.091040942271849390e-02
4.084628032318737834e-02
4.078225898655096771e-02
4.071834515294592977e-02
4.065453856393547172e-02
4.059083896249591344e-02
4.052724609300323300e-02
4.046375970121992433e-02
4.040037953428193829e-02
4.033710534068575548e-02
4.027393687027560482e-02
4.021087387423078613e-02
4.014791610505323571e-02
4.008506331655509181e-02
4.002231526384646826e-02
3.995967170332338780e-02
3.989713239265570838e-02
3.983469709077538251e-02
3.977236555786465427e-02
3.971013755534449907e-02
3.964801284586313979e-02
3.958599119328470861e-02
3.952407236267799218e-02
3.946225612030534319e-02
3.940054223361170310e-02
3.933893047121370806e-02
3.927742060288894749e-02
3.921601239956529206e-02
3.915470563331044374e-02
3.909350007732143029e-02
3.903239550591437040e-02
3.897139169451425966e-02
3.891048841964486055e-02
3.884968545891877983e-02
3.878898259102759455e-02
3.872837959573200567e-02
3.866787625385231797e-02
3.860747234725873944e-02
3.854716765886205543e-02
3.848696197260418478e-02
3.842685507344897888e-02
3.836684674737302070e-02
3.830693678135664582e-02
3.824712496337490109e-02
3.818741108238871140e-02
3.812779492833610895e-02
3.806827629212357345e-02
3.800885496561742793e-02
3.794953074163533863e-02
3.789030341393794660e-02
3.783117277722049948e-02
3.777213862710469827e-02
3.771320076013048167e-02
3.765435897374801860e-02
3.759561306630977012e-02
3.753696283706253745e-02
3.747840808613971814e-02
3.741994861455357618e-02
3.736158422418760922e-02
3.730331471778898511e-02
3.724513989896107574e-02
3.718705957215609481e-02
3.712907354266773569e-02
3.707118161662395495e-02
3.701338360097983921e-02
3.695567930351043723e-02
3.689806853280386961e-02
3.684055109825427887e-02
3.678312681005507095e-02
3.672579547919201104e-02
3.666855691743659690e-02
3.661141093733939061e-02
3.655435735222341970e-02
3.649739597617766146e-02
3.644052662405065229e-02
3.638374911144406920e-02
3.632706325470644315e-02
3.627046887092692795e-02
3.621396577792910382e-02
3.615755379426491972e-02
3.610123273920856635e-02
3.604500243275059190e-02
3.598886269559189999e-02
3.593281334913796948e-02
3.587685421549299120e-02
3.582098511745419878e-02
3.576520587850616495e-02
3.570951632281517407e-02
3.565391627522368490e-02
3.559840556124483496e-02
3.554298400705701438e-02
3.548765143949846046e-02
3.543240768606192859e-02
3.537725257488946035e-02
3.532218593476714463e-02
3.526720759511992737e-02
3.521231738600655303e-02
3.515751513811449930e-02
3.510280068275496018e-02
3.504817385185792639e-02
3.499363447796723786e-02
3.493918239423578903e-02
3.488481743442071320e-02
3.483053943287865023e-02
3.477634822456100727e-02
3.472224364500936522e-02
3.466822553035083659e-02
3.461429371729357607e-02
3.456044804312218000e-02
3.450668834569331489e-02
3.445301446343126267e-02
3.439942623532356997e-02
3.434592350091672519e-02
3.429250610031187030e-02
3.423917387416058888e-02
3.418592666366070121e-02
3.413276431055212168e-02
3.407968665711278572e-02
3.402669354615454195e-02
3.397378482101917618e-02
3.392096032557438690e-02
3.386821990420990636e-02
3.381556340183358711e-02
3.376299066386751618e-02
3.371050153624421952e-02
3.365809586540291498e-02
3.360577349828572369e-02
3.355353428233399243e-02
3.350137806548464381e-02
3.344930469616656105e-02
3.339731402329695203e-02
3.334540589627783130e-02
3.329358016499253670e-02
3.324183667980219054e-02
3.319017529154230650e-02
3.313859585151934101e-02
3.308709821150735558e-02
3.303568222374466540e-02
3.298434774093055022e-02
3.293309461622190987e-02
3.288192270323014865e-02
3.283083185601787246e-02
3.277982192909576625e-02
3.272889277741943687e-02
3.267804425638626969e-02
3.262727622183245191e-02
3.257658853002982913e-02
3.252598103768291476e-02
3.247545360192593406e-02
3.242500608031985421e-02
3.237463833084944925e-02
3.232435021192039959e-02
3.227414158235647479e-02
3.222401230139664008e-02
3.217396222869225997e-02
3.212399122430434351e-02
3.207409914870077566e-02
3.202428586275357647e-02
3.197455122773626424e-02
3.192489510532107305e-02
3.187531735757641316e-02
3.182581784696424804e-02
3.177639643633740213e-02
3.172705298893712528e-02
3.167778736839045595e-02
3.162859943870777180e-02
3.157948906428026392e-02
3.153045610987744579e-02
3.148150044064480096e-02
3.143262192210128508e-02
3.138382042013695278e-02
3.133509580101063313e-02
3.128644793134750801e-02
3.123787667813684651e-02
3.118938190872970820e-02
3.114096349083663590e-02
3.109262129252542139e-02
3.104435518221885723e-02
3.099616502869255441e-02
3.094805070107271849e-02
3.090001206883401935e-02
3.085204900179742277e-02
3.080416137012807754e-02
3.075634904433319911e-02
3.070861189525999832e-02
3.066094979409361362e-02
3.061336261235506409e-02
3.056585022189925102e-02
3.051841249491291097e-02
3.047104930391268673e-02
3.042376052174311160e-02
3.037654602157469422e-02
3.032940567690198611e-02
3.028233936154167347e-02
3.023534694963068287e-02
3.018842831562432508e-02
3.014158333429442158e-02
3.009481188072747962e-02
3.004811383032288813e-02
3.000148905879108582e-02
2.995493744215181262e-02
2.990845885673232632e-02
2.986205317916565058e-02
2.981572028638885402e-02
2.976946005564132941e-02
2.972327236446308321e-02
2.967715709069308413e-02
2.963111411246756657e-02
2.958514330821838609e-02
2.953924455667139917e-02
2.949341773684481874e-02
2.944766272804762858e-02
2.940197940987799782e-02
2.935636766222167460e-02
2.931082736525047680e-02
2.926535839942069617e-02
2.921996064547160987e-02
2.917463398442393316e-02
2.912937829757833788e-02
2.908419346651395371e-02
2.903907937308690748e-02
2.899403589942885218e-02
2.894906292794550626e-02
2.890416034131526243e-02
2.885932802248772355e-02
2.881456585468233217e-02
2.876987372138696195e-02
2.872525150635652641e-02
2.868069909361161546e-02
2.863621636743716309e-02
2.859180321238109085e-02
2.854745951325295475e-02
2.850318515512266851e-02
2.845898002331916782e-02
2.841484400342912664e-02
2.837077698129568046e-02
2.832677884301714605e-02
2.828284947494576207e-02
2.823898876368646088e-02
2.819519659609559872e-02
2.815147285927977264e-02
2.810781744059457493e-02
2.806423022764339623e-02
2.802071110827624584e-02
2.797725997058856176e-02
2.793387670292004146e-02
2.789056119385348309e-02
2.784731333221363361e-02
2.780413300706605778e-02
2.776102010771600362e-02
2.771797452370726791e-02
2.767499614482112069e-02
2.763208486107517070e-02
2.758924056272231765e-02
2.754646314024961767e-02
2.750375248437727030e-02
2.746110848605752899e-02
2.741853103647362219e-02
2.737602002703878878e-02
2.733357534939516095e-02
2.729119689541278926e-02
2.724888455718861915e-02
2.720663822704547791e-02
2.716445779753108580e-02
2.712234316141705695e-02
2.708029421169793130e-02
2.703831084159019627e-02
2.699639294453131527e-02
2.695454041417879795e-02
2.691275314440922523e-02
2.687103102931733337e-02
2.682937396321506685e-02
2.678778184063066586e-02
2.674625455630774695e-02
2.670479200520440785e-02
2.666339408249231158e-02
2.662206068355580518e-02
2.658079170399102811e-02
2.653958703960505178e-02
2.649844658641498443e-02
2.645737024064714893e-02
2.641635789873618065e-02
2.637540945732422260e-02
2.633452481326005803e-02
2.629370386359829170e-02
2.625294650559851020e-02
2.621225263672448055e-02
2.617162215464333141e-02
2.613105495722473429e-02
2.609055094254011595e-02
2.605011000886187436e-02
2.600973205466257029e-02
2.596941697861416751e-02
2.592916467958725213e-02
2.588897505665026591e-02
2.584884800906873947e-02
2.580878343630456373e-02
2.576878123801519885e-02
2.572884131405296301e-02
2.568896356446430385e-02
2.564914788948903165e-02
2.560939418955962207e-02
2.556970236530050483e-02
2.553007231752731088e-02
2.549050394724622012e-02
2.545099715565321552e-02
2.541155184413340304e-02
2.537216791426033166e-02
2.533284526779528908e-02
2.529358380668662518e-02
2.525438343306909625e-02
2.521524404926317464e-02
2.517616555777439646e-02
2.513714786129269199e-02
2.509819086269175770e-02
2.505929446502837277e-02
2.502045857154177461e-02
2.498168308565302392e-02
2.494296791096435942e-02
2.490431295125858369e-02
2.486571811049842484e-02
2.482718329282591896e-02
2.478870840256181332e-02
2.475029334420492805e-02
2.471193802243157669e-02
2.467364234209494869e-02
2.463540620822452995e-02
2.459722952602547835e-02
2.455911220087808600e-02
2.452105413833715122e-02
2.448305524413142004e-02
2.444511542416302058e-02
2.440723458450687680e-02
2.436941263141013947e-02
2.433164947129164840e-02
2.429394501074135307e-02
2.425629915651976443e-02
2.421871181555741367e-02
2.418118289495430062e-02
2.414371230197934551e-02
2.410629994406985818e-02
2.406894572883101421e-02
2.403164956403531019e-02
2.399441135762204330e-02
2.395723101769678745e-02
2.392010845253087631e-02
2.388304357056088637e-02
2.384603628038814427e-02
2.380908649077817171e-02
2.377219411066024135e-02
2.373535904912683209e-02
2.369858121543314683e-02
2.366186051899662676e-02
2.362519686939645522e-02
2.358859017637304420e-02
2.355204034982761804e-02
2.351554729982165484e-02
2.347911093657647011e-02
2.344273117047270330e-02
2.340640791204987373e-02
2.337014107200589830e-02
2.333393056119664397e-02
2.329777629063543853e-02
2.326167817149263697e-02
2.322563611509516346e-02
2.318965003292604993e-02
2.315371983662399546e-02
2.311784543798292915e-02
2.308202674895154516e-02
2.304626368163287947e-02
2.301055614828385540e-02
2.297490406131488805e-02
2.293930733328940902e-02
2.290376587692345353e-02
2.286827960508526145e-02
2.283284843079479501e-02
2.279747226722338496e-02
2.276215102769326912e-02
2.272688462567719336e-02
2.269167297479798492e-02
2.265651598882818460e-02
2.262141358168957839e-02
2.258636566745284360e-02
2.255137216033711520e-02
2.251643297470960758e-02
2.248154802508521219e-02
2.244671722612608458e-02
2.241194049264128366e-02
2.237721773958636570e-02
2.234254888206298542e-02
2.230793383531853163e-02
2.227337251474574217e-02
2.223886483588229795e-02
2.220441071441049685e-02
2.217001006615681308e-02
2.213566280709158146e-02
2.210136885332859499e-02
2.206712812112473360e-02
2.203294052687962412e-02
2.199880598713524135e-02
2.196472441857556801e-02
2.193069573802623740e-02
2.189671986245416216e-02
2.186279670896717001e-02
2.182892619481369145e-02
2.179510823738235389e-02
2.176134275420166242e-02
2.172762966293964940e-02
2.169396888140352406e-02
2.166036032753932902e-02
2.162680391943160377e-02
2.159329957530303420e-02
2.155984721351412309e-02
2.152644675256284654e-02
2.149309811108432444e-02
2.145980120785048739e-02
2.142655596176974708e-02
2.139336229188666672e-02
2.136022011738162793e-02
2.132712935757051856e-02
2.129408993190438915e-02
2.126110175996914764e-02
2.122816476148524714e-02
2.119527885630733202e-02
2.116244396442396730e-02
2.112966000595728130e-02
2.109692690116268116e-02
2.106424457042853013e-02
2.103161293427584233e-02
2.099903191335796004e-02
2.096650142846027270e-02
2.093402140049988730e-02
2.090159175052534041e-02
2.086921239971627901e-02
2.083688326938318292e-02
2.080460428096705949e-02
2.077237535603912097e-02
2.074019641630052077e-02
2.070806738358205168e-02
2.067598817984383011e-02
2.064395872717505326e-02
2.061197894779364867e-02
2.058004876404602793e-02
2.054816809840678826e-02
2.051633687347841767e-02
2.048455501199103468e-02
2.045282243680206918e-02
2.042113907089602651e-02
2.038950483738415087e-02
2.035791965950420682e-02
2.032638346062014961e-02
2.029489616422189280e-02
2.026345769392498899e-02
2.023206797347039745e-02
2.020072692672419609e-02
2.016943447767729700e-02
2.013819055044518969e-02
2.010699506926768437e-02
2.007584795850861359e-02
2.004474914265560320e-02
2.001369854631977752e-02
1.998269609423550253e-02
1.995174171126014306e-02
1.992083532237377830e-02
1.988997685267895887e-02
1.985916622740042589e-02
1.982840337188487498e-02
1.979768821160068915e-02
1.976702067213769246e-02
1.973640067920688634e-02
1.970582815864019982e-02
1.967530303639023967e-02
1.964482523853003718e-02
1.961439469125279139e-02
1.958401132087165056e-02
1.955367505381941026e-02
1.952338581664832609e-02
1.949314353602982566e-02
1.946294813875427618e-02
1.943279955173076584e-02
1.940269770198681590e-02
1.937264251666817941e-02
1.934263392303857063e-02
1.931267184847945684e-02
1.928275622048979121e-02
1.925288696668578728e-02
1.922306401480068649e-02
1.919328729268452230e-02
1.916355672830388074e-02
1.913387224974165760e-02
1.910423378519685023e-02
1.907464126298430429e-02
1.904509461153449865e-02
1.901559375939330943e-02
1.898613863522176717e-02
1.895672916779586256e-02
1.892736528600627577e-02
1.889804691885819260e-02
1.886877399547104775e-02
1.883954644507831316e-02
1.881036419702728987e-02
1.878122718077884779e-02
1.875213532590723833e-02
1.872308856209985856e-02
1.869408681915702905e-02
1.866513002699179274e-02
1.863621811562965816e-02
1.860735101520843635e-02
1.857852865597797373e-02
1.854975096829995437e-02
1.852101788264769872e-02
1.849232932960593462e-02
1.846368523987058918e-02
1.843508554424855977e-02
1.840653017365753361e-02
1.837801905912574141e-02
1.834955213179177702e-02
1.832112932290436494e-02
1.829275056382217296e-02
1.826441578601357626e-02
1.823612492105647701e-02
1.820787790063808573e-02
1.817967465655471321e-02
1.815151512071156228e-02
1.812339922512254051e-02
1.809532690191003462e-02
1.806729808330470935e-02
1.803931270164534084e-02
1.801137068937855995e-02
1.798347197905868569e-02
1.795561650334752402e-02
1.792780419501414924e-02
1.790003498693473749e-02
1.787230881209231348e-02
1.784462560357662209e-02
1.781698529458387859e-02
1.778938781841659517e-02
1.776183310848337277e-02
1.773432109829872066e-02
1.770685172148285871e-02
1.767942491176149530e-02
1.765204060296569552e-02
1.762469872903162441e-02
1.759739922400038389e-02
1.757014202201783587e-02
1.754292705733437319e-02
1.751575426430476701e-02
1.748862357738795864e-02
1.746153493114687219e-02
1.743448826024823067e-02
1.740748349946236520e-02
1.738052058366301722e-02
1.735359944782717198e-02
1.732672002703487465e-02
1.729988225646901523e-02
1.727308607141517585e-02
1.724633140726142613e-02
1.721961819949813927e-02
1.719294638371783243e-02
1.716631589561496210e-02
1.713972667098574015e-02
1.711317864572796735e-02
1.708667175584084250e-02
1.706020593742478900e-02
1.703378112668125707e-02
1.700739725991258500e-02
1.698105427352176316e-02
1.695475210401230573e-02
1.692849068798804590e-02
1.690226996215296248e-02
1.687608986331102373e-02
1.684995032836597226e-02
1.682385129432118973e-02
1.679779269827948521e-02
1.677177447744295294e-02
1.674579656911277456e-02
1.671985891068906299e-02
1.669396143967067508e-02
1.666810409365504508e-02
1.664228681033801810e-02
1.661650952751366275e-02
1.659077218307411505e-02
1.656507471500939799e-02
1.653941706140726539e-02
1.651379916045301807e-02
1.648822095042931993e-02
1.646268236971606957e-02
1.643718335679020953e-02
1.641172385022554581e-02
1.638630378869260218e-02
1.636092311095843632e-02
1.633558175588649061e-02
1.631027966243640825e-02
1.628501676966387715e-02
1.625979301672046337e-02
1.623460834285344809e-02
1.620946268740566104e-02
1.618435598981531054e-02
1.615928818961583080e-02
1.613425922643571542e-02
1.610926903999834042e-02
1.608431757012183244e-02
1.605940475671888135e-02
1.603453053979658413e-02
1.600969485945628532e-02
1.598489765589342082e-02
1.596013886939735490e-02
1.593541844035121710e-02
1.591073630923174262e-02
1.588609241660911969e-02
1.586148670314682652e-02
1.583691910960146818e-02
1.581238957682263788e-02
1.578789804575274000e-02
1.576344445742682704e-02
1.573902875297248163e-02
1.571465087360960147e-02
1.569031076065030214e-02
1.566600835549872284e-02
1.564174359965088759e-02
1.561751643469454047e-02
1.559332680230900506e-02
1.556917464426502140e-02
1.554505990242458988e-02
1.552098251874082374e-02
1.549694243525780168e-02
1.547293959411039956e-02
1.544897393752414638e-02
1.542504540781508039e-02
1.540115394738958421e-02
1.537729949874424608e-02
1.535348200446569160e-02
1.532970140723045709e-02
1.530595764980482477e-02
1.528225067504466669e-02
1.525858042589531630e-02
1.523494684539140713e-02
1.521134987665671151e-02
1.518778946290401909e-02
1.516426554743496684e-02
1.514077807363991071e-02
1.511732698499775734e-02
1.509391222507583050e-02
1.507053373752972533e-02
1.504719146610315576e-02
1.502388535462780873e-02
1.500061534702320544e-02
1.497738138729654694e-02
1.495418341954258407e-02
1.493102138794345259e-02
1.490789523676854314e-02
1.488480491037435550e-02
1.486175035320434420e-02
1.483873150978879708e-02
1.481574832474467224e-02
1.479280074277546098e-02
1.476988870867104557e-02
1.474701216730756916e-02
1.472417106364727092e-02
1.470136534273836122e-02
1.467859494971487586e-02
1.465585982979654249e-02
1.463315992828862454e-02
1.461049519058178585e-02
1.458786556215197275e-02
1.456527098856024056e-02
1.454271141545263393e-02
1.452018678856004628e-02
1.449769705369807760e-02
1.447524215676689908e-02
1.445282204375111096e-02
1.443043666071960537e-02
1.440808595382543807e-02
1.438576986930567569e-02
1.436348835348126574e-02
1.434124135275690985e-02
1.431902881362091297e-02
1.429685068264505143e-02
1.427470690648444118e-02
1.425259743187739375e-02
1.423052220564530006e-02
1.420848117469246386e-02
1.418647428600600287e-02
1.416450148665568398e-02
1.414256272379381049e-02
1.412065794465507292e-02
1.409878709655642583e-02
1.407695012689695602e-02
1.405514698315772984e-02
1.403337761290169086e-02
1.401164196377350200e-02
1.398993998349942758e-02
1.396827161988719451e-02
1.394663682082585877e-02
1.392503553428568394e-02
1.390346770831800589e-02
1.388193329105508883e-02
1.386043223071001251e-02
1.383896447557654043e-02
1.381752997402897754e-02
1.379612867452204711e-02
1.377476052559076063e-02
1.375342547585029808e-02
1.373212347399585705e-02
1.371085446880254341e-02
1.368961840912523431e-02
1.366841524389845325e-02
1.364724492213623651e-02
1.362610739293201347e-02
1.360500260545847127e-02
1.358393050896743344e-02
1.356289105278972625e-02
1.354188418633506079e-02
1.352090985909189420e-02
1.349996802062731864e-02
1.347905862058691902e-02
1.345818160869466200e-02
1.343733693475276068e-02
1.341652454864155145e-02
1.339574440031936903e-02
1.337499643982241991e-02
1.335428061726466782e-02
1.333359688283768975e-02
1.331294518681057359e-02
1.329232547952977593e-02
1.327173771141901097e-02
1.325118183297912047e-02
1.323065779478794883e-02
1.321016554750023553e-02
1.318970504184746595e-02
1.316927622863776903e-02
1.314887905875579063e-02
1.312851348316256342e-02
1.310817945289540279e-02
1.308787691906776636e-02
1.306760583286913947e-02
1.304736614556491897e-02
1.302715780849627962e-02
1.300698077308007350e-02
1.298683499080868775e-02
1.296672041324994050e-02
1.294663699204695248e-02
1.292658467891802561e-02
1.290656342565653196e-02
1.288657318413078540e-02
1.286661390628393228e-02
1.284668554413381791e-02
1.282678804977288416e-02
1.280692137536803762e-02
1.278708547316054212e-02
1.276728029546588851e-02
1.274750579467369069e-02
1.272776192324755890e-02
1.270804863372498004e-02
1.268836587871721017e-02
1.266871361090914777e-02
1.264909178305922456e-02
1.262950034799928054e-02
1.260993925863446337e-02
1.259040846794308791e-02
1.257090792897654075e-02
1.255143759485915535e-02
1.253199741878810100e-02
1.251258735403326314e-02
1.249320735393712883e-02
1.247385737191467406e-02
1.245453736145324918e-02
1.243524727611246446e-02
1.241598706952406865e-02
1.239675669539184663e-02
1.237755610749149623e-02
1.235838525967051897e-02
1.233924410584810553e-02
1.232013260001501957e-02
1.230105069623349014e-02
1.228199834863710066e-02
1.226297551143066059e-02
1.224398213889011169e-02
1.222501818536240840e-02
1.220608360526539982e-02
1.218717835308772736e-02
1.216830238338870683e-02
1.214945565079822085e-02
1.213063811001659914e-02
1.211184971581452836e-02
1.209309042303291157e-02
1.207436018658277974e-02
1.205565896144517035e-02
1.203698670267102332e-02
1.201834336538107166e-02
1.199972890476571664e-02
1.198114327608494623e-02
1.196258643466819108e-02
1.194405833591424652e-02
1.192555893529114071e-02
1.190708818833603744e-02
1.188864605065512517e-02
1.187023247792350772e-02
1.185184742588509324e-02
1.183349085035249187e-02
1.181516270720689779e-02
1.179686295239799204e-02
1.177859154194382980e-02
1.176034843193073803e-02
1.174213357851319230e-02
1.172394693791373177e-02
1.170578846642283261e-02
1.168765812039881946e-02
1.166955585626773539e-02
1.165148163052326380e-02
1.163343539972659831e-02
1.161541712050635083e-02
1.159742674955843884e-02
1.157946424364598124e-02
1.156152955959919258e-02
1.154362265431527895e-02
1.152574348475833566e-02
1.150789200795923096e-02
1.149006818101551940e-02
1.147227196109132027e-02
1.145450330541722059e-02
1.143676217129016570e-02
1.141904851607337089e-02
1.140136229719619816e-02
1.138370347215405566e-02
1.136607199850831092e-02
1.134846783388616595e-02
1.133089093598056533e-02
1.131334126255009558e-02
1.129581877141887063e-02
1.127832342047643994e-02
1.126085516767768614e-02
1.124341397104271223e-02
1.122599978865674794e-02
1.120861257867004912e-02
1.119125229929779190e-02
1.117391890881996516e-02
1.115661236558128204e-02
1.113933262799107586e-02
1.112207965452318044e-02
1.110485340371585895e-02
1.108765383417168078e-02
1.107048090455742782e-02
1.105333457360399736e-02
1.103621480010629277e-02
1.101912154292313852e-02
1.100205476097716392e-02
1.098501441325470777e-02
1.096800045880572810e-02
1.095101285674369290e-02
1.093405156624548125e-02
1.091711654655128788e-02
1.090020775696452261e-02
1.088332515685171316e-02
1.086646870564240454e-02
1.084963836282905672e-02
1.083283408796695269e-02
1.081605584067409954e-02
1.079930358063113140e-02
1.078257726758120351e-02
1.076587686132989517e-02
1.074920232174513511e-02
1.073255360875706790e-02
1.071593068235798286e-02
1.069933350260221343e-02
1.068276202960602092e-02
1.066621622354752864e-02
1.064969604466660218e-02
1.063320145326475570e-02
1.061673240970507047e-02
1.060028887441208205e-02
1.058387080787168838e-02
1.056747817063106304e-02
1.055111092329854595e-02
1.053476902654356187e-02
1.051845244109650586e-02
1.050216112774867393e-02
1.048589504735214853e-02
1.046965416081970489e-02
1.045343842912473120e-02
1.043724781330111241e-02
1.042108227444315562e-02
1.040494177370548425e-02
1.038882627230294092e-02
1.037273573151051287e-02
1.035667011266321220e-02
1.034062937715599963e-02
1.032461348644368726e-02
1.030862240204084498e-02
1.029265608552170502e-02
1.027671449852006827e-02
1.026079760272921755e-02
1.024490535990181528e-02
1.022903773184982539e-02
1.021319468044440230e-02
1.019737616761581811e-02
1.018158215535335497e-02
1.016581260570521665e-02
1.015006748077844183e-02
1.013434674273881037e-02
1.011865035381074619e-02
1.010297827627724271e-02
1.008733047247974482e-02
1.007170690481807955e-02
1.005610753575035890e-02
1.004053232779288270e-02
1.002498124352006054e-02
1.000945424556431117e-02
9.993951296615972285e-03
9.978472359423217267e-03
9.963017396791958025e-03
9.947586371585758272e-03
9.932179246725748520e-03
9.916795985190523730e-03
9.901436550016065249e-03
9.886100904295650610e-03
9.870789011179754643e-03
9.855500833875974892e-03
9.840236335648925789e-03
9.824995479820167535e-03
9.809778229768107219e-03
9.794584548927910347e-03
9.779414400791414108e-03
9.764267748907040634e-03
9.749144556879705062e-03
9.734044788370735737e-03
9.718968407097771864e-03
9.703915376834695850e-03
9.688885661411524020e-03
9.673879224714340697e-03
9.658896030685190648e-03
9.643936043322013166e-03
9.628999226678527576e-03
9.614085544864177726e-03
9.599194962044020965e-03
9.584327442438657016e-03
9.569482950324129100e-03
9.554661450031845873e-03
9.539862905948499894e-03
9.525087282515963538e-03
9.510334544231221349e-03
9.495604655646281561e-03
9.480897581368078961e-03
9.466213286058400289e-03
9.451551734433795773e-03
9.436912891265497594e-03
9.422296721379324475e-03
9.407703189655607090e-03
9.393132261029104799e-03
9.378583900488906763e-03
9.364058073078359093e-03
9.349554743894983311e-03
9.335073878090386149e-03
9.320615440870169341e-03
9.306179397493861971e-03
9.291765713274819857e-03
9.277374353580154429e-03
9.263005283830639050e-03
9.248658469500636164e-03
9.234333876118007087e-03
9.220031469264023533e-03
9.205751214573305169e-03
9.191493077733708592e-03
9.177257024486268344e-03
9.163043020625099774e-03
9.148851031997326175e-03
9.134681024502983374e-03
9.120532964094957284e-03
9.106406816778883292e-03
9.092302548613075130e-03
9.078220125708434673e-03
9.064159514228377346e-03
9.050120680388750588e-03
9.036103590457745388e-03
9.022108210755828625e-03
9.008134507655633783e-03
8.994182447581922785e-03
8.980251997011468035e-03
8.966343122472979557e-03
8.952455790547046016e-03
8.938589967866020225e-03
8.924745621113967103e-03
8.910922717026570003e-03
8.897121222391047440e-03
8.883341104046088912e-03
8.869582328881759486e-03
8.855844863839418268e-03
8.842128675911657687e-03
8.828433732142199411e-03
8.814759999625844042e-03
8.801107445508356622e-03
8.787476036986416328e-03
8.773865741307526264e-03
8.760276525769933667e-03
8.746708357722553576e-03
8.733161204564894239e-03
8.719635033746958239e-03
8.706129812769197382e-03
8.692645509182408622e-03
8.679182090587661200e-03
8.665739524636228985e-03
8.652317779029502012e-03
8.638916821518903208e-03
8.625536619905827679e-03
8.612177142041555974e-03
8.598838355827176025e-03
8.585520229213506813e-03
8.572222730201018576e-03
8.558945826839759949e-03
8.545689487229283371e-03
8.532453679518561818e-03
8.519238371905909005e-03
8.506043532638922142e-03
8.492869130014374379e-03
8.479715132378167972e-03
8.466581508125242336e-03
8.453468225699504665e-03
8.440375253593743188e-03
8.427302560349566457e-03
8.414250114557316612e-03
8.401217884855994786e-03
8.388205839933196920e-03
8.375213948525023558e-03
8.362242179416003521e-03
8.349290501439038392e-03
8.336358883475305376e-03
8.323447294454198314e-03
8.310555703353242687e-03
8.297684079198021020e-03
8.284832391062112167e-03
8.272000608066997634e-03
8.259188699381997401e-03
8.246396634224197053e-03
8.233624381858373198e-03
8.220871911596910192e-03
8.208139192799737693e-03
8.195426194874254333e-03
8.182732887275246184e-03
8.170059239504827778e-03
8.157405221112355373e-03
8.144770801694357562e-03
8.132155950894465885e-03
8.119560638403341968e-03
8.106984833958592526e-03
8.094428507344713850e-03
8.081891628393005067e-03
8.069374166981509167e-03
8.056876093034924524e-03
8.044397376524544188e-03
8.031937987468177817e-03
8.019497895930090964e-03
8.007077072020907932e-03
7.994675485897571876e-03
7.982293107763244189e-03
7.969929907867254193e-03
7.957585856505017610e-03
7.945260924017958498e-03
7.932955080793457209e-03
7.920668297264756713e-03
7.908400543910908825e-03
7.896151791256701344e-03
7.883922009872573050e-03
7.871711170374554728e-03
7.859519243424198040e-03
7.847346199728504404e-03
7.835192010039846930e-03
7.823056645155914909e-03
7.810940075919627079e-03
7.798842273219073508e-03
7.786763207987440136e-03
7.774702851202939385e-03
7.762661173888741641e-03
7.750638147112906724e-03
7.738633741988309306e-03
7.726647929672573849e-03
7.714680681368001752e-03
7.702731968321508901e-03
7.690801761824547604e-03
7.678890033213044142e-03
7.666996753867325910e-03
7.655121895212055501e-03
7.643265428716157842e-03
7.631427325892757747e-03
7.619607558299103592e-03
7.607806097536510062e-03
7.596022915250274891e-03
7.584257983129622481e-03
7.572511272907634511e-03
7.560782756361174479e-03
7.549072405310830458e-03
7.537380191620834426e-03
7.525706087199009360e-03
7.514050063996688573e-03
7.502412094008656732e-03
7.490792149273079598e-03
7.479190201871435510e-03
7.467606223928449465e-03
7.456040187612025458e-03
7.444492065133184906e-03
7.432961828745986849e-03
7.421449450747478506e-03
7.409954903477612882e-03
7.398478159319191519e-03
7.387019190697795973e-03
7.375577970081718428e-03
7.364154469981902713e-03
7.352748662951868845e-03
7.341360521587654044e-03
7.329990018527745080e-03
7.318637126453010622e-03
7.307301818086637049e-03
7.295984066194062534e-03
7.284683843582914591e-03
7.273401123102936350e-03
7.262135877645931048e-03
7.250888080145688301e-03
7.239657703577930328e-03
7.228444720960233022e-03
7.217249105351970437e-03
7.206070829854246268e-03
7.194909867609830534e-03
7.183766191803098861e-03
7.172639775659958757e-03
7.161530592447789764e-03
7.150438615475385347e-03
7.139363818092880898e-03
7.128306173691687821e-03
7.117265655704440620e-03
7.106242237604920575e-03
7.095235892907997624e-03
7.084246595169571385e-03
7.073274317986497431e-03
7.062319034996532643e-03
7.051380719878266694e-03
7.040459346351058724e-03
7.029554888174978367e-03
7.018667319150740692e-03
7.007796613119639424e-03
6.996942743963488823e-03
6.986105685604560370e-03
6.975285412005516848e-03
6.964481897169351628e-03
6.953695115139329683e-03
6.942925039998918205e-03
6.932171645871732825e-03
6.921434906921463022e-03
6.910714797351823549e-03
6.900011291406484178e-03
6.889324363369010717e-03
6.878653987562801699e-03
6.868000138351029391e-03
6.857362790136573884e-03
6.846741917361963241e-03
6.836137494509317118e-03
6.825549496100274775e-03
6.814977896695943900e-03
6.804422670896836424e-03
6.793883793342805205e-03
6.783361238712982445e-03
6.772854981725723311e-03
6.762364997138541750e-03
6.751891259748050642e-03
6.741433744389904552e-03
6.730992425938729477e-03
6.720567279308076875e-03
6.710158279450347332e-03
6.699765401356743734e-03
6.689388620057204471e-03
6.679027910620344462e-03
6.668683248153397906e-03
6.658354607802151499e-03
6.648041964750893255e-03
6.637745294222347457e-03
6.627464571477616542e-03
6.617199771816122122e-03
6.606950870575545136e-03
6.596717843131765131e-03
6.586500664898803890e-03
6.576299311328765579e-03
6.566113757911773430e-03
6.555943980175922038e-03
6.545789953687201901e-03
6.535651654049454314e-03
6.525529056904310655e-03
6.515422137931126470e-03
6.505330872846929423e-03
6.495255237406361189e-03
6.485195207401615869e-03
6.475150758662385347e-03
6.465121867055795973e-03
6.455108508486354785e-03
6.445110658895892262e-03
6.435128294263501615e-03
6.425161390605480666e-03
6.415209923975278943e-03
6.405273870463433494e-03
6.395353206197520318e-03
6.385447907342084971e-03
6.375557950098596598e-03
6.365683310705383749e-03
6.355823965437578868e-03
6.345979890607065382e-03
6.336151062562413519e-03
6.326337457688827395e-03
6.316539052408092110e-03
6.306755823178509558e-03
6.296987746494845523e-03
6.287234798888273295e-03
6.277496956926318164e-03
6.267774197212798437e-03
6.258066496387772529e-03
6.248373831127476512e-03
6.238696178144279014e-03
6.229033514186614433e-03
6.219385816038931758e-03
6.209753060521640798e-03
6.200135224491048862e-03
6.190532284839317390e-03
6.180944218494393433e-03
6.171371002419962816e-03
6.161812613615392890e-03
6.152269029115674422e-03
6.142740225991368680e-03
6.133226181348553664e-03
6.123726872328764254e-03
6.114242276108946238e-03
6.104772369901391264e-03
6.095317130953684798e-03
6.085876536548658414e-03
6.076450564004325615e-03
6.067039190673834126e-03
6.057642393945410382e-03
6.048260151242299681e-03
6.038892440022717613e-03
6.029539237779797146e-03
6.020200522041527051e-03
6.010876270370707659e-03
6.001566460364885815e-03
5.992271069656313238e-03
5.982990075911883213e-03
5.973723456833080273e-03
5.964471190155928165e-03
5.955233253650933471e-03
5.946009625123034430e-03
5.936800282411545428e-03
5.927605203390106693e-03
5.918424365966627049e-03
5.909257748083236207e-03
5.900105327716228393e-03
5.890967082876006830e-03
5.881842991607037774e-03
5.872733031987789794e-03
5.863637182130686937e-03
5.854555420182057553e-03
5.845487724322072712e-03
5.836434072764704571e-03
5.827394443757666527e-03
5.818368815582362907e-03
5.809357166553839533e-03
5.800359475020727337e-03
5.791375719365193797e-03
5.782405878002887419e-03
5.773449929382892636e-03
5.764507851987669962e-03
5.755579624333006551e-03
5.746665224967968492e-03
5.737764632474846166e-03
5.728877825469102202e-03
5.720004782599322039e-03
5.711145482547159286e-03
5.702299904027289743e-03
5.693468025787356765e-03
5.684649826607917483e-03
5.675845285302400303e-03
5.667054380717045058e-03
5.658277091730857036e-03
5.649513397255555812e-03
5.640763276235522330e-03
5.632026707647751207e-03
5.623303670501795214e-03
5.614594143839724515e-03
5.605898106736066817e-03
5.597215538297759668e-03
5.588546417664102747e-03
5.579890724006705827e-03
5.571248436529437596e-03
5.562619534468378826e-03
5.554003997091768591e-03
5.545401803699960899e-03
5.536812933625363115e-03
5.528237366232402993e-03
5.519675080917462763e-03
5.511126057108840098e-03
5.502590274266691735e-03
5.494067711882995309e-03
5.485558349481483437e-03
5.477062166617608155e-03
5.468579142878488876e-03
5.460109257882857746e-03
5.451652491281017143e-03
5.443208822754786770e-03
5.434778232017456814e-03
5.426360698813739378e-03
5.417956202919719036e-03
5.409564724142801664e-03
5.401186242321671938e-03
5.392820737326239552e-03
5.384468189057594993e-03
5.376128577447954887e-03
5.367801882460622107e-03
5.359488084089930257e-03
5.351187162361202045e-03
5.342899097330695499e-03
5.334623869085559737e-03
5.326361457743784660e-03
5.318111843454155843e-03
5.309875006396205972e-03
5.301650926780164530e-03
5.293439584846914431e-03
5.285240960867940846e-03
5.277055035145287835e-03
5.268881788011506306e-03
5.260721199829608910e-03
5.252573250993024939e-03
5.244437921925552623e-03
5.236315193081303616e-03
5.228205044944673509e-03
5.220107458030277640e-03
5.212022412882912938e-03
5.203949890077510208e-03
5.195889870219086437e-03
5.187842333942696213e-03
5.179807261913391830e-03
5.171784634826169513e-03
5.163774433405926914e-03
5.155776638407414542e-03
5.147791230615194127e-03
5.139818190843586584e-03
5.131857499936628639e-03
5.123909138768026859e-03
5.115973088241110821e-03
5.108049329288792337e-03
5.100137842873509082e-03
5.092238609987186429e-03
5.084351611651194078e-03
5.076476828916294017e-03
5.068614242862597152e-03
5.060763834599518209e-03
5.052925585265733224e-03
5.045099476029129247e-03
5.037285488086761832e-03
5.029483602664808206e-03
5.021693801018525631e-03
5.013916064432201967e-03
5.006150374219115774e-03
4.998396711721486002e-03
4.990655058310427758e-03
4.982925395385913274e-03
4.975207704376723335e-03
4.967501966740398706e-03
4.959808163963202836e-03
4.952126277560073286e-03
4.944456289074576627e-03
4.936798180078868538e-03
4.929151932173643502e-03
4.921517526988095775e-03
4.913894946179872547e-03
4.906284171435028839e-03
4.898685184467988472e-03
4.891097967021492895e-03
4.883522500866563885e-03
4.875958767802454109e-03
4.868406749656611562e-03
4.860866428284625791e-03
4.853337785570191465e-03
4.845820803425061538e-03
4.838315463789004747e-03
4.830821748629762248e-03
4.823339639943005110e-03
4.815869119752291816e-03
4.808410170109017959e-03
4.800962773092384145e-03
4.793526910809345690e-03
4.786102565394571851e-03
4.778689719010398122e-03
4.771288353846795879e-03
4.763898452121313395e-03
4.756519996079047220e-03
4.749152967992591005e-03
4.741797350161992136e-03
4.734453124914717904e-03
4.727120274605603467e-03
4.719798781616816284e-03
4.712488628357808414e-03
4.705189797265280083e-03
4.697902270803129381e-03
4.690626031462419299e-03
4.683361061761330893e-03
4.676107344245119916e-03
4.668864861486077787e-03
4.661633596083488221e-03
4.654413530663588199e-03
4.647204647879518528e-03
4.640006930411290885e-03
4.632820360965744441e-03
4.625644922276499899e-03
4.618480597103923058e-03
4.611327368235077113e-03
4.604185218483689696e-03
4.597054130690104295e-03
4.589934087721246440e-03
4.582825072470570783e-03
4.575727067858032480e-03
4.568640056830040354e-03
4.561564022359414390e-03
4.554498947445349312e-03
4.547444815113368607e-03
4.540401608415288101e-03
4.533369310429176055e-03
4.526347904259303730e-03
4.519337373036118495e-03
4.512337699916190055e-03
4.505348868082177487e-03
4.498370860742789343e-03
4.491403661132740283e-03
4.484447252512707704e-03
4.477501618169301388e-03
4.470566741415012320e-03
4.463642605588182335e-03
4.456729194052957282e-03
4.449826490199247989e-03
4.442934477442692966e-03
4.436053139224616776e-03
4.429182459011989266e-03
4.422322420297390005e-03
4.415473006598965786e-03
4.408634201460389854e-03
4.401805988450822014e-03
4.394988351164872201e-03
4.388181273222559707e-03
4.381384738269275894e-03
4.374598729975738218e-03
4.367823232037958137e-03
4.361058228177199479e-03
4.354303702139939412e-03
4.347559637697825941e-03
4.340826018647646681e-03
4.334102828811283760e-03
4.327390052035673049e-03
4.320687672192774671e-03
4.313995673179523566e-03
4.307314038917797391e-03
4.300642753354378366e-03
4.293981800460907293e-03
4.287331164233857544e-03
4.280690828694481281e-03
4.274060777888783434e-03
4.267440995887481804e-03
4.260831466785958491e-03
4.254232174704236473e-03
4.247643103786930170e-03
4.241064238203212482e-03
4.234495562146774021e-03
4.227937059835789289e-03
4.221388715512875908e-03
4.214850513445055590e-03
4.208322437923719440e-03
4.201804473264585463e-03
4.195296603807666461e-03
4.188798813917231009e-03
4.182311087981760954e-03
4.175833410413922787e-03
4.169365765650524282e-03
4.162908138152471987e-03
4.156460512404748682e-03
4.150022872916358727e-03
4.143595204220305514e-03
4.137177490873547234e-03
4.130769717456956973e-03
4.124371868575296696e-03
4.117983928857165202e-03
4.111605882954972972e-03
4.105237715544902272e-03
4.098879411326867249e-03
4.092530955024479243e-03
4.086192331385012089e-03
4.079863525179362217e-03
4.073544521202013963e-03
4.067235304271001398e-03
4.060935859227873639e-03
4.054646170937657550e-03
4.048366224288821313e-03
4.042096004193238869e-03
4.035835495586153482e-03
4.029584683426141317e-03
4.023343552695072406e-03
4.017112088398080288e-03
4.010890275563522983e-03
4.004678099242945689e-03
3.998475544511045227e-03
3.992282596465637941e-03
3.986099240227620674e-03
3.979925460940934336e-03
3.973761243772530941e-03
3.967606573912332846e-03
3.961461436573204126e-03
3.955325816990910674e-03
3.949199700424086378e-03
3.943083072154195817e-03
3.936975917485499576e-03
3.930878221745021280e-03
3.924789970282511163e-03
3.918711148470406178e-03
3.912641741703802231e-03
3.906581735400416026e-03
3.900531115000549064e-03
3.894489865967050782e-03
3.888457973785290796e-03
3.882435423963115969e-03
3.876422202030820052e-03
3.870418293541108990e-03
3.864423684069063190e-03
3.858438359212106733e-03
3.852462304589968772e-03
3.846495505844653613e-03
3.840537948640401246e-03
3.834589618663657423e-03
3.828650501623035492e-03
3.822720583249284310e-03
3.816799849295253542e-03
3.810888285535859402e-03
3.804985877768050830e-03
3.799092611810772190e-03
3.793208473504935518e-03
3.787333448713380620e-03
3.781467523320845153e-03
3.775610683233926023e-03
3.769762914381050763e-03
3.763924202712442407e-03
3.758094534200080890e-03
3.752273894837676160e-03
3.746462270640630449e-03
3.740659647646007915e-03
3.734866011912493441e-03
3.729081349520371822e-03
3.723305646571481789e-03
3.717538889189189993e-03
3.711781063518355440e-03
3.706032155725296536e-03
3.700292151997757687e-03
3.694561038544875477e-03
3.688838801597147440e-03
3.683125427406395633e-03
3.677420902245738879e-03
3.671725212409552436e-03
3.666038344213443274e-03
3.660360283994211050e-03
3.654691018109817741e-03
3.649030532939354695e-03
3.643378814883010096e-03
3.637735850362034274e-03
3.632101625818710215e-03
3.626476127716319730e-03
3.620859342539110501e-03
3.615251256792262682e-03
3.609651857001857679e-03
3.604061129714847354e-03
3.598479061499019766e-03
3.592905638942964913e-03
3.587340848656046972e-03
3.581784677268370042e-03
3.576237111430744312e-03
3.570698137814657443e-03
3.565167743112238573e-03
3.559645914036230988e-03
3.554132637319954834e-03
3.548627899717279356e-03
3.543131688002591675e-03
3.537643988970760357e-03
3.532164789437108095e-03
3.526694076237377878e-03
3.521231836227700467e-03
3.515778056284567070e-03
3.510332723304792919e-03
3.504895824205488640e-03
3.499467345924028167e-03
3.494047275418016209e-03
3.488635599665259202e-03
3.483232305663731473e-03
3.477837380431545757e-03
3.472450811006922832e-03
3.467072584448156834e-03
3.461702687833586624e-03
3.456341108261567607e-03
3.450987832850433562e-03
3.445642848738471493e-03
3.440306143083890836e-03
3.434977703064787027e-03
3.429657515879116787e-03
3.424345568744665159e-03
3.419041848899014718e-03
3.413746343599512612e-03
3.408459040123244538e-03
3.403179925767001353e-03
3.397908987847248277e-03
3.392646213700095843e-03
3.387391590681268667e-03
3.382145106166075093e-03
3.376906747549377266e-03
3.371676502245558611e-03
3.366454357688498673e-03
3.361240301331537561e-03
3.356034320647448190e-03
3.350836403128407224e-03
3.345646536285962983e-03
3.340464707651005088e-03
3.335290904773738872e-03
3.330125115223648950e-03
3.324967326589474935e-03
3.319817526479177609e-03
3.314675702519912035e-03
3.309541842357995468e-03
3.304415933658881761e-03
3.299297964107125378e-03
3.294187921406357532e-03
3.289085793279254103e-03
3.283991567467504404e-03
3.278905231731786898e-03
3.273826773851735376e-03
3.268756181625909023e-03
3.263693442871768140e-03
3.258638545425639448e-03
3.253591477142690064e-03
3.248552225896896711e-03
3.243520779581018833e-03
3.238497126106566065e-03
3.233481253403770912e-03
3.228473149421562296e-03
3.223472802127531726e-03
3.218480199507907716e-03
3.213495329567525420e-03
3.208518180329800618e-03
3.203548739836695886e-03
3.198586996148696307e-03
3.193632937344779987e-03
3.188686550532044035e-03
3.183747824819778676e-03
3.178816748342256759e-03
3.173893310731707839e-03
3.168977498181838569e-03
3.164069299376706407e-03
3.159168702523876271e-03
3.154275695849232189e-03
3.149390267596900109e-03
3.144512406029210169e-03
3.139642099426674573e-03
3.134779336086822299e-03
3.129924104327828568e-03
3.125076392484447355e-03
3.120236188909500212e-03
3.115403481973979486e-03
3.110578260066880485e-03
3.105760511595188032e-03
3.100950224983840472e-03
3.096147388675703650e-03
3.091351991131542284e-03
3.086564020829996990e-03
3.081783466267549575e-03
3.077010315958500931e-03
3.072244558434940234e-03
3.067486182246718495e-03
3.062735175961422973e-03
3.057991528164344212e-03
3.053255227458454360e-03
3.048526262464377242e-03
3.043804621820362342e-03
3.039090294182254445e-03
3.034383268223469782e-03
3.029683532634968278e-03
3.024991076125224925e-03
3.020305887420202031e-03
3.015627955263324930e-03
3.010957268415453362e-03
3.006293815654855015e-03
3.001637585777175606e-03
2.996988567595418058e-03
2.992346749939909546e-03
2.987712121658278510e-03
2.983084671615424295e-03
2.978464388693495037e-03
2.973851261791857735e-03
2.969245279827072235e-03
2.964646431732864771e-03
2.960054706460101513e-03
2.955470092976760377e-03
2.950892580267908908e-03
2.946322157335671751e-03
2.941758813199209840e-03
2.937202536894690900e-03
2.932653317475261267e-03
2.928111144011026797e-03
2.923576005589017309e-03
2.919047891313168372e-03
2.914526790304288340e-03
2.910012691700039275e-03
2.905505584654903550e-03
2.901005458340165204e-03
2.896512301943875677e-03
2.892026104670836033e-03
2.887546855742565300e-03
2.883074544397276617e-03
2.878609159889852949e-03
2.874150691491817160e-03
2.869699128491309034e-03
2.865254460193062281e-03
2.860816675918371153e-03
2.856385765005073525e-03
2.851961716807517502e-03
2.847544520696542771e-03
2.843134166059448943e-03
2.838730642299975172e-03
2.834333938838270658e-03
2.829944045110871671e-03
2.825560950570675956e-03
2.821184644686915415e-03
2.816815116945133989e-03
2.812452356847160335e-03
2.808096353911081807e-03
2.803747097671222335e-03
2.799404577678113373e-03
2.795068783498473944e-03
2.790739704715176385e-03
2.786417330927232899e-03
2.782101651749764332e-03
2.777792656813973717e-03
2.773490335767125458e-03
2.769194678272517574e-03
2.764905674009457415e-03
2.760623312673239974e-03
2.756347583975116665e-03
2.752078477642277542e-03
2.747815983417820941e-03
2.743560091060733962e-03
2.739310790345863417e-03
2.735068071063893273e-03
2.730831923021320804e-03
2.726602336040429703e-03
2.722379299959269694e-03
2.718162804631627481e-03
2.713952839927005929e-03
2.709749395730596307e-03
2.705552461943257908e-03
2.701362028481492025e-03
2.697178085277415933e-03
2.693000622278739903e-03
2.688829629448748117e-03
2.684665096766262679e-03
2.680507014225632766e-03
2.676355371836701674e-03
2.672210159624786863e-03
2.668071367630653942e-03
2.663938985910494113e-03
2.659813004535900322e-03
2.655693413593842103e-03
2.651580203186642594e-03
2.647473363431956418e-03
2.643372884462741063e-03
2.639278756427239966e-03
2.635190969488951287e-03
2.631109513826612300e-03
2.627034379634169033e-03
2.622965557120756751e-03
2.618903036510672640e-03
2.614846808043358884e-03
2.610796861973372317e-03
2.606753188570363599e-03
2.602715778119054670e-03
2.598684620919215326e-03
2.594659707285638505e-03
2.590641027548119032e-03
2.586628572051427166e-03
2.582622331155289518e-03
2.578622295234362597e-03
2.574628454678211994e-03
2.570640799891285491e-03
2.566659321292897016e-03
2.562684009317195855e-03
2.558714854413147999e-03
2.554751847044514461e-03
2.550794977689822222e-03
2.546844236842348615e-03
2.542899615010094875e-03
2.538961102715762280e-03
2.535028690496731341e-03
2.531102368905039680e-03
2.527182128507356879e-03
2.523267959884963225e-03
2.519359853633727601e-03
2.515457800364084059e-03
2.511561790701009270e-03
2.507671815284000412e-03
2.503787864767052177e-03
2.499909929818634659e-03
2.496038001121671235e-03
2.492172069373515576e-03
2.488312125285929537e-03
2.484458159585061464e-03
2.480610163011421915e-03
2.476768126319864143e-03
2.472932040279560238e-03
2.469101895673977282e-03
2.465277683300861299e-03
2.461459393972206897e-03
2.457647018514242093e-03
2.453840547767401851e-03
2.450039972586308575e-03
2.446245283839748683e-03
2.442456472410652231e-03
2.438673529196069053e-03
2.434896445107147516e-03
2.431125211069115437e-03
2.427359818021253626e-03
2.423600256916876375e-03
2.419846518723311069e-03
2.416098594421873906e-03
2.412356475007849509e-03
2.408620151490470547e-03
2.404889614892894312e-03
2.401164856252181040e-03
2.397445866619273523e-03
2.393732637058974128e-03
2.390025158649927012e-03
2.386323422484589504e-03
2.382627419669219523e-03
2.378937141323847829e-03
2.375252578582258932e-03
2.371573722591969417e-03
2.367900564514207121e-03
2.364233095523889019e-03
2.360571306809602140e-03
2.356915189573580149e-03
2.353264735031681230e-03
2.349619934413370737e-03
2.345980778961697776e-03
2.342347259933273522e-03
2.338719368598253003e-03
2.335097096240309512e-03
2.331480434156618566e-03
2.327869373657834480e-03
2.324263906068069555e-03
2.320664022724873692e-03
2.317069714979212713e-03
2.313480974195449708e-03
2.309897791751321181e-03
2.306320159037920144e-03
2.302748067459670957e-03
2.299181508434313282e-03
2.295620473392877801e-03
2.292064953779666264e-03
2.288514941052235008e-03
2.284970426681367638e-03
2.281431402151059412e-03
2.277897858958495992e-03
2.274369788614032193e-03
2.270847182641169432e-03
2.267330032576541851e-03
2.263818329969888993e-03
2.260312066384038889e-03
2.256811233394888545e-03
2.253315822591381822e-03
2.249825825575488183e-03
2.246341233962187087e-03
2.242862039379442396e-03
2.239388233468185899e-03
2.235919807882296492e-03
2.232456754288579363e-03
2.228999064366746479e-03
2.225546729809396197e-03
2.222099742321994188e-03
2.218658093622851313e-03
2.215221775443108020e-03
2.211790779526710046e-03
2.208365097630390645e-03
2.204944721523649769e-03
2.201529642988736286e-03
2.198119853820626295e-03
2.194715345827004047e-03
2.191316110828243728e-03
2.187922140657384308e-03
2.184533427160118696e-03
2.181149962194765986e-03
2.177771737632257579e-03
2.174398745356114632e-03
2.171030977262428541e-03
2.167668425259843164e-03
2.164311081269534864e-03
2.160958937225191268e-03
2.157611985072994346e-03
2.154270216771600466e-03
2.150933624292118273e-03
2.147602199618095682e-03
2.144275934745493856e-03
2.140954821682671157e-03
2.137638852450364068e-03
2.134328019081667676e-03
2.131022313622015722e-03
2.127721728129162819e-03
2.124426254673166242e-03
2.121135885336361635e-03
2.117850612213351309e-03
2.114570427410979083e-03
2.111295323048315974e-03
2.108025291256637648e-03
2.104760324179409236e-03
2.101500413972261054e-03
2.098245552802975589e-03
2.094995732851464079e-03
2.091750946309753074e-03
2.088511185381957975e-03
2.085276442284271763e-03
2.082046709244942014e-03
2.078821978504253546e-03
2.075602242314510213e-03
2.072387492940015383e-03
2.069177722657051990e-03
2.065972923753868224e-03
2.062773088530654979e-03
2.059578209299531108e-03
2.056388278384517834e-03
2.053203288121530513e-03
2.050023230858350441e-03
2.046848098954614885e-03
2.043677884781791923e-03
2.040512580723165704e-03
2.037352179173816929e-03
2.034196672540606373e-03
2.031046053242153634e-03
2.027900313708820221e-03
2.024759446382695238e-03
2.021623443717570669e-03
2.018492298178924463e-03
2.015366002243908824e-03
2.012244548401325057e-03
2.009127929151608392e-03
2.006016137006807597e-03
2.002909164490573272e-03
1.999807004138132258e-03
1.996709648496272898e-03
1.993617090123330719e-03
1.990529321589161547e-03
1.987446335475135870e-03
1.984368124374108044e-03
1.981294680890408489e-03
1.978225997639822438e-03
1.975162067249570420e-03
1.972102882358291349e-03
1.969048435616028211e-03
1.965998719684206811e-03
1.962953727235618000e-03
1.959913450954402052e-03
1.956877883536030892e-03
1.953847017687288575e-03
1.950820846126256111e-03
1.947799361582292811e-03
1.944782556796018297e-03
1.941770424519296667e-03
1.938762957515216979e-03
1.935760148558078727e-03
1.932761990433370589e-03
1.929768475937756545e-03
1.926779597879058319e-03
1.923795349076233910e-03
1.920815722359366746e-03
1.917840710569643789e-03
1.914870306559339702e-03
1.911904503191800804e-03
1.908943293341425337e-03
1.905986669893648721e-03
1.903034625744925556e-03
1.900087153802712927e-03
1.897144246985451753e-03
1.894205898222552477e-03
1.891272100454376203e-03
1.888342846632217993e-03
1.885418129718290179e-03
1.882497942685705658e-03
1.879582278518460766e-03
1.876671130211418365e-03
1.873764490770290277e-03
1.870862353211622323e-03
1.867964710562776106e-03
1.865071555861912752e-03
1.862182882157975778e-03
1.859298682510674827e-03
1.856418949990469190e-03
1.853543677678550460e-03
1.850672858666826048e-03
1.847806486057903576e-03
1.844944552965072440e-03
1.842087052512289503e-03
1.839233977834160878e-03
1.836385322075925666e-03
1.833541078393440774e-03
1.830701239953162274e-03
1.827865799932131517e-03
1.825034751517955840e-03
1.822208087908795552e-03
1.819385802313344420e-03
1.816567887950815792e-03
1.813754338050924814e-03
1.810945145853872168e-03
1.808140304610329546e-03
1.805339807581421213e-03
1.802543648038708833e-03
1.799751819264174988e-03
1.796964314550208650e-03
1.794181127199586528e-03
1.791402250525458550e-03
1.788627677851330937e-03
1.785857402511051469e-03
1.783091417848791695e-03
1.780329717219033278e-03
1.777572293986549347e-03
1.774819141526390396e-03
1.772070253223867378e-03
1.769325622474536954e-03
1.766585242684184367e-03
1.763849107268808695e-03
1.761117209654605720e-03
1.758389543277954050e-03
1.755666101585396906e-03
1.752946878033628244e-03
1.750231866089477142e-03
1.747521059229890017e-03
1.744814450941918052e-03
1.742112034722698329e-03
1.739413804079440818e-03
1.736719752529410597e-03
1.734029873599914626e-03
1.731344160828284396e-03
1.728662607761860754e-03
1.725985207957978938e-03
1.723311954983951884e-03
1.720642842417057644e-03
1.717977863844519877e-03
1.715317012863495265e-03
1.712660283081058124e-03
1.710007668114183052e-03
1.707359161589731703e-03
1.704714757144435875e-03
1.702074448424884283e-03
1.699438229087504556e-03
1.696806092798550016e-03
1.694178033234084065e-03
1.691554044079965000e-03
1.688934119031829540e-03
1.686318251795079597e-03
1.683706436084866226e-03
1.681098665626074668e-03
1.678494934153308953e-03
1.675895235410877803e-03
1.673299563152778153e-03
1.670707911142681277e-03
1.668120273153917820e-03
1.665536642969460673e-03
1.662957014381914560e-03
1.660381381193496309e-03
1.657809737216022926e-03
1.655242076270895977e-03
1.652678392189085984e-03
1.650118678811118541e-03
1.647562929987059135e-03
1.645011139576498622e-03
1.642463301448538263e-03
1.639919409481774976e-03
1.637379457564286595e-03
1.634843439593617123e-03
1.632311349476762421e-03
1.629783181130155462e-03
1.627258928479651369e-03
1.624738585460513756e-03
1.622222146017398463e-03
1.619709604104339895e-03
1.617200953684738013e-03
1.614696188731341202e-03
1.612195303226233696e-03
1.609698291160819531e-03
1.607205146535810401e-03
1.604715863361208528e-03
1.602230435656294303e-03
1.599748857449611542e-03
1.597271122778951653e-03
1.594797225691341278e-03
1.592327160243027766e-03
1.589860920499463343e-03
1.587398500535291447e-03
1.584939894434334593e-03
1.582485096289576801e-03
1.580034100203151241e-03
1.577586900286327004e-03
1.575143490659493056e-03
1.572703865452143926e-03
1.570268018802868431e-03
1.567835944859332547e-03
1.565407637778266610e-03
1.562983091725450796e-03
1.560562300875702755e-03
1.558145259412860913e-03
1.555731961529772771e-03
1.553322401428279933e-03
1.550916573319204451e-03
1.548514471422334079e-03
1.546116089966410347e-03
1.543721423189111860e-03
1.541330465337043898e-03
1.538943210665721277e-03
1.536559653439557296e-03
1.534179787931847687e-03
1.531803608424758259e-03
1.529431109209310581e-03
1.527062284585368980e-03
1.524697128861625568e-03
1.522335636355588110e-03
1.519977801393564186e-03
1.517623618310650572e-03
1.515273081450716972e-03
1.512926185166393878e-03
1.510582923819057824e-03
1.508243291778820112e-03
1.505907283424510546e-03
1.503574893143665289e-03
1.501246115332513856e-03
1.498920944395964365e-03
1.496599374747591181e-03
1.494281400809621034e-03
1.491967017012919361e-03
1.489656217796977294e-03
1.487348997609898435e-03
1.485045350908385624e-03
1.482745272157726417e-03
1.480448755831781588e-03
1.478155796412969954e-03
1.475866388392256881e-03
1.473580526269140404e-03
1.471298204551638004e-03
1.469019417756272077e-03
1.466744160408059309e-03
1.464472427040495279e-03
1.462204212195542972e-03
1.459939510423618461e-03
1.457678316283578116e-03
1.455420624342706462e-03
1.453166429176701866e-03
1.450915725369663527e-03
1.448668507514079985e-03
1.446424770210814371e-03
1.444184508069092055e-03
1.441947715706488279e-03
1.439714387748914281e-03
1.437484518830605155e-03
1.435258103594106620e-03
1.433035136690262012e-03
1.430815612778199488e-03
1.428599526525319669e-03
1.426386872607281761e-03
1.424177645707992495e-03
1.421971840519591600e-03
1.419769451742439875e-03
1.417570474085106183e-03
1.415374902264355519e-03
1.413182731005135136e-03
1.410993955040562619e-03
1.408808569111912653e-03
1.406626567968605104e-03
1.404447946368192869e-03
1.402272699076346704e-03
1.400100820866846110e-03
1.397932306521563507e-03
1.395767150830455779e-03
1.393605348591546271e-03
1.391446894610917423e-03
1.389291783702695368e-03
1.387140010689038227e-03
1.384991570400123748e-03
1.382846457674137596e-03
1.380704667357258606e-03
1.378566194303649899e-03
1.376431033375442826e-03
1.374299179442727220e-03
1.372170627383539031e-03
1.370045372083845796e-03
1.367923408437536235e-03
1.365804731346408757e-03
1.363689335720156713e-03
1.361577216476357339e-03
1.359468368540460697e-03
1.357362786845774929e-03
1.355260466333457151e-03
1.353161401952499574e-03
1.351065588659716059e-03
1.348973021419733664e-03
1.346883695204976377e-03
1.344797604995656660e-03
1.342714745779760056e-03
1.340635112553036946e-03
1.338558700318986504e-03
1.336485504088847373e-03
1.334415518881585739e-03
1.332348739723881017e-03
1.330285161650116314e-03
1.328224779702365851e-03
1.326167588930381950e-03
1.324113584391585063e-03
1.322062761151049674e-03
1.320015114281494761e-03
1.317970638863270568e-03
1.315929329984346025e-03
1.313891182740298995e-03
1.311856192234303478e-03
1.309824353577116818e-03
1.307795661887069943e-03
1.305770112290053709e-03
1.303747699919509785e-03
1.301728419916415918e-03
1.299712267429275082e-03
1.297699237614105940e-03
1.295689325634428969e-03
1.293682526661255831e-03
1.291678835873076364e-03
1.289678248455849259e-03
1.287680759602989047e-03
1.285686364515354610e-03
1.283695058401238117e-03
1.281706836476352454e-03
1.279721693963821894e-03
1.277739626094168655e-03
1.275760628105301192e-03
1.273784695242505304e-03
1.271811822758429607e-03
1.269842005913075778e-03
1.267875239973787925e-03
1.265911520215238931e-03
1.263950841919421128e-03
1.261993200375634804e-03
1.260038590880474107e-03
1.258087008737820761e-03
1.256138449258828015e-03
1.254192907761912191e-03
1.252250379572739884e-03
1.250310860024218210e-03
1.248374344456482446e-03
1.246440828216884315e-03
1.244510306659983969e-03
1.242582775147534589e-03
1.240658229048473716e-03
1.238736663738911319e-03
1.236818074602119826e-03
1.234902457028521326e-03
1.232989806415677597e-03
1.231080118168279697e-03
1.229173387698134301e-03
1.227269610424155466e-03
1.225368781772352700e-03
1.223470897175819470e-03
1.221575952074722580e-03
1.219683941916290893e-03
1.217794862154806222e-03
1.215908708251589023e-03
1.214025475674990152e-03
1.212145159900379588e-03
1.210267756410134945e-03
1.208393260693629975e-03
1.206521668247226113e-03
1.204652974574259251e-03
1.202787175185030194e-03
1.200924265596792955e-03
1.199064241333745208e-03
1.197207097927016585e-03
1.195352830914657829e-03
1.193501435841631689e-03
1.191652908259799261e-03
1.189807243727912609e-03
1.187964437811601329e-03
1.186124486083364521e-03
1.184287384122556692e-03
1.182453127515381260e-03
1.180621711854876231e-03
1.178793132740906403e-03
1.176967385780150780e-03
1.175144466586093474e-03
1.173324370779012422e-03
1.171507093985967680e-03
1.169692631840794916e-03
1.167880979984089801e-03
1.166072134063201281e-03
1.164266089732219440e-03
1.162462842651965089e-03
1.160662388489980225e-03
1.158864722920516970e-03
1.157069841624526951e-03
1.155277740289651538e-03
1.153488414610211003e-03
1.151701860287194547e-03
1.149918073028249887e-03
1.148137048547672422e-03
1.146358782566395899e-03
1.144583270811980929e-03
1.142810509018606525e-03
1.141040492927057745e-03
1.139273218284716149e-03
1.137508680845550910e-03
1.135746876370107320e-03
1.133987800625496168e-03
1.132231449385384843e-03
1.130477818429986500e-03
1.128726903546049863e-03
1.126978700526849470e-03
1.125233205172175696e-03
1.123490413288322828e-03
1.121750320688082126e-03
1.120012923190729466e-03
1.118278216622015792e-03
1.116546196814157798e-03
1.114816859605826651e-03
1.113090200842139100e-03
1.111366216374646632e-03
1.109644902061327236e-03
1.107926253766572606e-03
1.106210267361180336e-03
1.104496938722343948e-03
1.102786263733641827e-03
1.101078238285028770e-03
1.099372858272824058e-03
1.097670119599704732e-03
1.095970018174691717e-03
1.094272549913143317e-03
1.092577710736744806e-03
1.090885496573496503e-03
1.089195903357706831e-03
1.087508927029981042e-03
1.085824563537211244e-03
1.084142808832567507e-03
1.082463658875487678e-03
1.080787109631668047e-03
1.079113157073051865e-03
1.077441797177823048e-03
1.075773025930393820e-03
1.074106839321395607e-03
1.072443233347670144e-03
1.070782204012258850e-03
1.069123747324394157e-03
1.067467859299489532e-03
1.065814535959129289e-03
1.064163773331060561e-03
1.062515567449182031e-03
1.060869914353535686e-03
1.059226810090296410e-03
1.057586250711762665e-03
1.055948232276347808e-03
1.054312750848569909e-03
1.052679802499042420e-03
1.051049383304464855e-03
1.049421489347612162e-03
1.047796116717328004e-03
1.046173261508513046e-03
1.044552919822115851e-03
1.042935087765124854e-03
1.041319761450556656e-03
1.039706936997449949e-03
1.038096610530852941e-03
1.036488778181816200e-03
1.034883436087382464e-03
1.033280580390577314e-03
1.031680207240400068e-03
1.030082312791815325e-03
1.028486893205742122e-03
1.026893944649046346e-03
1.025303463294529238e-03
1.023715445320921543e-03
1.022129886912871580e-03
1.020546784260937439e-03
1.018966133561576134e-03
1.017387931017137538e-03
1.015812172835852236e-03
1.014238855231823933e-03
1.012667974425019704e-03
1.011099526641261962e-03
1.009533508112218057e-03
1.007969915075392032e-03
1.006408743774114866e-03
1.004849990457537317e-03
1.003293651380618434e-03
1.001739722804117529e-03
1.000188200994586588e-03
9.986390822243587824e-04
9.970923627715415263e-04
9.955480389200062862e-04
9.940061069593803412e-04
9.924665631850383262e-04
9.909294038980916066e-04
9.893946254053815562e-04
9.878622240194687154e-04
9.863321960586252015e-04
9.848045378468258185e-04
9.832792457137385159e-04
9.817563159947159321e-04
9.802357450307867207e-04
9.787175291686466602e-04
9.772016647606504135e-04
9.756881481648005785e-04
9.741769757447423742e-04
9.726681438697523663e-04
9.711616489147303346e-04
9.696574872601908170e-04
9.681556552922544355e-04
9.666561494026392224e-04
9.651589659886514053e-04
9.636641014531773831e-04
9.621715522046750532e-04
9.606813146571643782e-04
9.591933852302204477e-04
9.577077603489626357e-04
9.562244364440478789e-04
9.547434099516610272e-04
9.532646773135073628e-04
9.517882349768027337e-04
9.503140793942654223e-04
9.488422070241087731e-04
9.473726143300304587e-04
9.459052977812066254e-04
9.444402538522807256e-04
9.429774790233578802e-04
9.415169697799934947e-04
9.400587226131870786e-04
9.386027340193727050e-04
9.371490005004108788e-04
9.356975185635802968e-04
9.342482847215690658e-04
9.328012954924664625e-04
9.313565473997549105e-04
9.299140369723013066e-04
9.284737607443484557e-04
9.270357152555073728e-04
9.255998970507483929e-04
9.241663026803931475e-04
9.227349287001062163e-04
9.213057716708871045e-04
9.198788281590614601e-04
9.184540947362731600e-04
9.170315679794760694e-04
9.156112444709252601e-04
9.141931207981703967e-04
9.127771935540452200e-04
9.113634593366616923e-04
9.099519147493995890e-04
9.085425564009003184e-04
9.071353809050579234e-04
9.057303848810099737e-04
9.043275649531318195e-04
9.029269177510258586e-04
9.015284399095154638e-04
9.001321280686355513e-04
8.987379788736254245e-04
8.973459889749202086e-04
8.959561550281426113e-04
8.945684736940955496e-04
8.931829416387536934e-04
8.917995555332556591e-04
8.904183120538958782e-04
8.890392078821163571e-04
8.876622397044993049e-04
8.862874042127585677e-04
8.849146981037321483e-04
8.835441180793741824e-04
8.821756608467461571e-04
8.808093231180110557e-04
8.794451016104229499e-04
8.780829930463210364e-04
8.767229941531205295e-04
8.753651016633058309e-04
8.740093123144217473e-04
8.726556228490665520e-04
8.713040300148829857e-04
8.699545305645516426e-04
8.686071212557824059e-04
8.672617988513072916e-04
8.659185601188717748e-04
8.645774018312277426e-04
8.632383207661255796e-04
8.619013137063063611e-04
8.605663774394942643e-04
8.592335087583883278e-04
8.579027044606554048e-04
8.565739613489225732e-04
8.552472762307685708e-04
8.539226459187166393e-04
8.526000672302273689e-04
8.512795369876896990e-04
8.499610520184149552e-04
8.486446091546281760e-04
8.473302052334607398e-04
8.460178370969424506e-04
8.447075015919944902e-04
8.433991955704218295e-04
8.420929158889052047e-04
8.407886594089938534e-04
8.394864229970979254e-04
8.381862035244808931e-04
8.368879978672522871e-04
8.355918029063597822e-04
8.342976155275821492e-04
8.330054326215214494e-04
8.317152510835954448e-04
8.304270678140309846e-04
8.291408797178551147e-04
8.278566837048891144e-04
8.265744766897401485e-04
8.252942555917938943e-04
8.240160173352080366e-04
8.227397588489035940e-04
8.214654770665580884e-04
8.201931689265989315e-04
8.189228313721946427e-04
8.176544613512487774e-04
8.163880558163914706e-04
8.151236117249734733e-04
8.138611260390575877e-04
8.126005957254118367e-04
8.113420177555024163e-04
8.100853891054857810e-04
8.088307067562025728e-04
8.075779676931689466e-04
8.063271689065700659e-04
8.050783073912528382e-04
8.038313801467187594e-04
8.025863841771165410e-04
8.013433164912345209e-04
8.001021741024947004e-04
7.988629540289440703e-04
7.976256532932485396e-04
7.963902689226854542e-04
7.951567979491360079e-04
7.939252374090785200e-04
7.926955843435818218e-04
7.914678357982970168e-04
7.902419888234515173e-04
7.890180404738410215e-04
7.877959878088231166e-04
7.865758278923095813e-04
7.853575577927599883e-04
7.841411745831742240e-04
7.829266753410855494e-04
7.817140571485538779e-04
7.805033170921582943e-04
7.792944522629904414e-04
7.780874597566469304e-04
7.768823366732233778e-04
7.756790801173064909e-04
7.744776871979672369e-04
7.732781550287548804e-04
7.720804807276889599e-04
7.708846614172521318e-04
7.696906942243845334e-04
7.684985762804759759e-04
7.673083047213590056e-04
7.661198766873029411e-04
7.649332893230054164e-04
7.637485397775872851e-04
7.625656252045843802e-04
7.613845427619411179e-04
7.602052896120044256e-04
7.590278629215155021e-04
7.578522598616043967e-04
7.566784776077822025e-04
7.555065133399349857e-04
7.543363642423159786e-04
7.531680275035405924e-04
7.520015003165776354e-04
7.508367798787440005e-04
7.496738633916972920e-04
7.485127480614294296e-04
7.473534310982597089e-04
7.461959097168277544e-04
7.450401811360879900e-04
7.438862425793016158e-04
7.427340912740308622e-04
7.415837244521315081e-04
7.404351393497474610e-04
7.392883332073024076e-04
7.381433032694949357e-04
7.370000467852912693e-04
7.358585610079172463e-04
7.347188431948545231e-04
7.335808906078312508e-04
7.324447005128175217e-04
7.313102701800176710e-04
7.301775968838636636e-04
7.290466779030093476e-04
7.279175105203235154e-04
7.267900920228827482e-04
7.256644197019665368e-04
7.245404908530483912e-04
7.234183027757916124e-04
7.222978527740413776e-04
7.211791381558191024e-04
7.200621562333155016e-04
7.189469043228839760e-04
7.178333797450345407e-04
7.167215798244278620e-04
7.156115018898672343e-04
7.145031432742940261e-04
7.133965013147799831e-04
7.122915733525212638e-04
7.111883567328322608e-04
7.100868488051387695e-04
7.089870469229723506e-04
7.078889484439628487e-04
7.067925507298332974e-04
7.056978511463922205e-04
7.046048470635287537e-04
7.035135358552053802e-04
7.024239148994517509e-04
7.013359815783586125e-04
7.002497332780711946e-04
6.991651673887835710e-04
6.980822813047315046e-04
6.970010724241870259e-04
6.959215381494514947e-04
6.948436758868495279e-04
6.937674830467234705e-04
6.926929570434261314e-04
6.916200952953149286e-04
6.905488952247463598e-04
6.894793542580687383e-04
6.884114698256167718e-04
6.873452393617051660e-04
6.862806603046219022e-04
6.852177300966235752e-04
6.841564461839273704e-04
6.830968060167060766e-04
6.820388070490825561e-04
6.809824467391213968e-04
6.799277225488251173e-04
6.788746319441271194e-04
6.778231723948854003e-04
6.767733413748765886e-04
6.757251363617904159e-04
6.746785548372228854e-04
6.736335942866706348e-04
6.725902521995249725e-04
6.715485260690658067e-04
6.705084133924548145e-04
6.694699116707311052e-04
6.684330184088039563e-04
6.673977311154463080e-04
6.663640473032909689e-04
6.653319644888219418e-04
6.643014801923707380e-04
6.632725919381086792e-04
6.622452972540422353e-04
6.612195936720068447e-04
6.601954787276595417e-04
6.591729499604753783e-04
6.581520049137398352e-04
6.571326411345434007e-04
6.561148561737758242e-04
6.550986475861200449e-04
6.540840129300463371e-04
6.530709497678065635e-04
6.520594556654282130e-04
6.510495281927086535e-04
6.500411649232088439e-04
6.490343634342485638e-04
6.480291213068992574e-04
6.470254361259792633e-04
6.460233054800473091e-04
6.450227269613973075e-04
6.440236981660521758e-04
6.430262166937579819e-04
6.420302801479788480e-04
6.410358861358905541e-04
6.400430322683745748e-04
6.390517161600129835e-04
6.380619354290824894e-04
6.370736876975487996e-04
6.360869705910603307e-04
6.351017817389435468e-04
6.341181187741962372e-04
6.331359793334823127e-04
6.321553610571264926e-04
6.311762615891079080e-04
6.301986785770544641e-04
6.292226096722379610e-04
6.282480525295679142e-04
6.272750048075856994e-04
6.263034641684595656e-04
6.253334282779783463e-04
6.243648948055461473e-04
6.233978614241771424e-04
6.224323258104893933e-04
6.214682856446989952e-04
6.205057386106161733e-04
6.195446823956372601e-04
6.185851146907412257e-04
6.176270331904828471e-04
6.166704355929879386e-04
6.157153195999476043e-04
6.147616829166121675e-04
6.138095232517862916e-04
6.128588383178237755e-04
6.119096258306210489e-04
6.109618835096126185e-04
6.100156090777647793e-04
6.090708002615706279e-04
6.081274547910448577e-04
6.071855703997179046e-04
6.062451448246300922e-04
6.053061758063271866e-04
6.043686610888544331e-04
6.034325984197508102e-04
6.024979855500442591e-04
6.015648202342461538e-04
6.006331002303452304e-04
5.997028232998030325e-04
5.987739872075483827e-04
5.978465897219714187e-04
5.969206286149189317e-04
5.959961016616890537e-04
5.950730066410245354e-04
5.941513413351097103e-04
5.932311035295630142e-04
5.923122910134330813e-04
5.913949015791929989e-04
5.904789330227343432e-04
5.895643831433628433e-04
5.886512497437931769e-04
5.877395306301421395e-04
5.868292236119257172e-04
5.859203265020516060e-04
5.850128371168155251e-04
5.841067532758949287e-04
5.832020728023445608e-04
5.822987935225908173e-04
5.813969132664264334e-04
5.804964298670056049e-04
5.795973411608382414e-04
5.786996449877858471e-04
5.778033391910547979e-04
5.769084216171923305e-04
5.760148901160810127e-04
5.751227425409337563e-04
5.742319767482880703e-04
5.733425905980015077e-04
5.724545819532464615e-04
5.715679486805048514e-04
5.706826886495628120e-04
5.697987997335059217e-04
5.689162798087143242e-04
5.680351267548568736e-04
5.671553384548864724e-04
5.662769127950350841e-04
5.653998476648087459e-04
5.645241409569818226e-04
5.636497905675928862e-04
5.627767943959387535e-04
5.619051503445701484e-04
5.610348563192861732e-04
5.601659102291295378e-04
5.592983099863817892e-04
5.584320535065575653e-04
5.575671387084001496e-04
5.567035635138767010e-04
5.558413258481720732e-04
5.549804236396855628e-04
5.541208548200242954e-04
5.532626173239994305e-04
5.524057090896207414e-04
5.515501280580914099e-04
5.506958721738032568e-04
5.498429393843322962e-04
5.489913276404334228e-04
5.481410348960346658e-04
5.472920591082340450e-04
5.464443982372929566e-04
5.455980502466325956e-04
5.447530131028279930e-04
5.439092847756036783e-04
5.430668632378290181e-04
5.422257464655130116e-04
5.413859324377989779e-04
5.405474191369605448e-04
5.397102045483967696e-04
5.388742866606263931e-04
5.380396634652838276e-04
5.372063329571143868e-04
5.363742931339687565e-04
5.355435419967985488e-04
5.347140775496520742e-04
5.338858977996685951e-04
5.330590007570742061e-04
5.322333844351766294e-04
5.314090468503609868e-04
5.305859860220840532e-04
5.297641999728703536e-04
5.289436867283076093e-04
5.281244443170411001e-04
5.273064707707696532e-04
5.264897641242404381e-04
5.256743224152445222e-04
5.248601436846123168e-04
5.240472259762085899e-04
5.232355673369272616e-04
5.224251658166882608e-04
5.216160194684309106e-04
5.208081263481107847e-04
5.200014845146941778e-04
5.191960920301539857e-04
5.183919469594645011e-04
5.175890473705969681e-04
5.167873913345152458e-04
5.159869769251709294e-04
5.151878022194986877e-04
5.143898652974116014e-04
5.135931642417966092e-04
5.127976971385099546e-04
5.120034620763728485e-04
5.112104571471663738e-04
5.104186804456269317e-04
5.096281300694417964e-04
5.088388041192451038e-04
5.080507006986125385e-04
5.072638179140567805e-04
5.064781538750232764e-04
5.056937066938859034e-04
5.049104744859420893e-04
5.041284553694077176e-04
5.033476474654143083e-04
5.025680488980026209e-04
5.017896577941189686e-04
5.010124722836109892e-04
5.002364904992229839e-04
4.994617105765910376e-04
4.986881306542386826e-04
4.979157488735729952e-04
4.971445633788792832e-04
4.963745723173168577e-04
4.956057738389157800e-04
4.948381660965703571e-04
4.940717472460362135e-04
4.933065154459250878e-04
4.925424688577012544e-04
4.917796056456756690e-04
4.910179239770034749e-04
4.902574220216779311e-04
4.894980979525269437e-04
4.887399499452079691e-04
4.879829761782044912e-04
4.872271748328212506e-04
4.864725440931795823e-04
4.857190821462131877e-04
4.849667871816643939e-04
4.842156573920787868e-04
4.834656909728015251e-04
4.827168861219731659e-04
4.819692410405247858e-04
4.812227539321737527e-04
4.804774230034198224e-04
4.797332464635405309e-04
4.789902225245869119e-04
4.782483494013792138e-04
4.775076253115025635e-04
4.767680484753029002e-04
4.760296171158822048e-04
4.752923294590950310e-04
4.745561837335434633e-04
4.738211781705732682e-04
4.730873110042694489e-04
4.723545804714522883e-04
4.716229848116727406e-04
4.708925222672085287e-04
4.701631910830598071e-04
4.694349895069448251e-04
4.687079157892957526e-04
4.679819681832548314e-04
4.672571449446693333e-04
4.665334443320886333e-04
4.658108646067587880e-04
4.650894040326190664e-04
4.643690608762975590e-04
4.636498334071071118e-04
4.629317198970410441e-04
4.622147186207689737e-04
4.614988278556330227e-04
4.607840458816432638e-04
4.600703709814734374e-04
4.593578014404578079e-04
4.586463355465856878e-04
4.579359715904984568e-04
4.572267078654846826e-04
4.565185426674764346e-04
4.558114742950451640e-04
4.551055010493974752e-04
4.544006212343712232e-04
4.536968331564311761e-04
4.529941351246651667e-04
4.522925254507799181e-04
4.515920024490970865e-04
4.508925644365489242e-04
4.501942097326750271e-04
4.494969366596170764e-04
4.488007435421159110e-04
4.481056287075068658e-04
4.474115904857159766e-04
4.467186272092559148e-04
4.460267372132220294e-04
4.453359188352883904e-04
4.446461704157036142e-04
4.439574902972869062e-04
4.432698768254245375e-04
4.425833283480650740e-04
4.418978432157158530e-04
4.412134197814391885e-04
4.405300564008483052e-04
4.398477514321030022e-04
4.391665032359061286e-04
4.384863101754995726e-04
4.378071706166602496e-04
4.371290829276961451e-04
4.364520454794425198e-04
4.357760566452578981e-04
4.351011148010202733e-04
4.344272183251229338e-04
4.337543655984709388e-04
4.330825550044771076e-04
4.324117849290576819e-04
4.317420537606293449e-04
4.310733598901045588e-04
4.304057017108879873e-04
4.297390776188725922e-04
4.290734860124361099e-04
4.284089252924366061e-04
4.277453938622090605e-04
4.270828901275614095e-04
4.264214124967706434e-04
4.257609593805791737e-04
4.251015291921908220e-04
4.244431203472670252e-04
4.237857312639233659e-04
4.231293603627250734e-04
4.224740060666840416e-04
4.218196668012543296e-04
4.211663409943288555e-04
4.205140270762354926e-04
4.198627234797331666e-04
4.192124286400083317e-04
4.185631409946709053e-04
4.179148589837507438e-04
4.172675810496937940e-04
4.166213056373585153e-04
4.159760311940117593e-04
4.153317561693256263e-04
4.146884790153730735e-04
4.140461981866248257e-04
4.134049121399452006e-04
4.127646193345885315e-04
4.121253182321956972e-04
4.114870072967898940e-04
4.108496849947736542e-04
4.102133497949245092e-04
4.095780001683917365e-04
4.089436345886925117e-04
4.083102515317082212e-04
4.076778494756808850e-04
4.070464269012094159e-04
4.064159822912461503e-04
4.057865141310929447e-04
4.051580209083977609e-04
4.045305011131507082e-04
4.039039532376808997e-04
4.032783757766524404e-04
4.026537672270610662e-04
4.020301260882301326e-04
4.014074508618076329e-04
4.007857400517620241e-04
4.001649921643788657e-04
3.995452057082574050e-04
3.989263791943064566e-04
3.983085111357415834e-04
3.976916000480809231e-04
3.970756444491417179e-04
3.964606428590370627e-04
3.958465938001720012e-04
3.952334957972402740e-04
3.946213473772204150e-04
3.940101470693724989e-04
3.933998934052346176e-04
3.927905849186190314e-04
3.921822201456091873e-04
3.915747976245554903e-04
3.909683158960725394e-04
3.903627735030351696e-04
3.897581689905748204e-04
3.891545009060767162e-04
3.885517677991755302e-04
3.879499682217525647e-04
3.873491007279317947e-04
3.867491638740767771e-04
3.861501562187869105e-04
3.855520763228941828e-04
3.849549227494593220e-04
3.843586940637690858e-04
3.837633888333320331e-04
3.831690056278753802e-04
3.825755430193416933e-04
3.819829995818854740e-04
3.813913738918693641e-04
3.808006645278611641e-04
3.802108700706301474e-04
3.796219891031436984e-04
3.790340202105640607e-04
3.784469619802446503e-04
3.778608130017269660e-04
3.772755718667370113e-04
3.766912371691819332e-04
3.761078075051467700e-04
3.755252814728908192e-04
3.749436576728446013e-04
3.743629347076062280e-04
3.737831111819381498e-04
3.732041857027639572e-04
3.726261568791645862e-04
3.720490233223754453e-04
3.714727836457829458e-04
3.708974364649210865e-04
3.703229803974678763e-04
3.697494140632428942e-04
3.691767360842028987e-04
3.686049450844391170e-04
3.680340396901738299e-04
3.674640185297571734e-04
3.668948802336636150e-04
3.663266234344887012e-04
3.657592467669461842e-04
3.651927488678639562e-04
3.646271283761815560e-04
3.640623839329464278e-04
3.634985141813109407e-04
3.629355177665288096e-04
3.623733933359520607e-04
3.618121395390278320e-04
3.612517550272950130e-04
3.606922384543807748e-04
3.601335884759980228e-04
3.595758037499414386e-04
3.590188829360845533e-04
3.584628246963766029e-04
3.579076276948392758e-04
3.573532905975633522e-04
3.567998120727057217e-04
3.562471907904859146e-04
3.556954254231831742e-04
3.551445146451331501e-04
3.545944571327245914e-04
3.540452515643965816e-04
3.534968966206346905e-04
3.529493909839685880e-04
3.524027333389681419e-04
3.518569223722407607e-04
3.513119567724280333e-04
3.507678352302025845e-04
3.502245564382650933e-04
3.496821190913408238e-04
3.491405218861767519e-04
3.485997635215386378e-04
3.480598426982071773e-04
3.475207581189755624e-04
3.469825084886461741e-04
3.464450925140274929e-04
3.459085089039306291e-04
3.453727563691666664e-04
3.448378336225436805e-04
3.443037393788629446e-04
3.437704723549165980e-04
3.432380312694841224e-04
3.427064148433294150e-04
3.421756217991978066e-04
3.416456508618125922e-04
3.411165007578724831e-04
3.405881702160483003e-04
3.400606579669798301e-04
3.395339627432728425e-04
3.390080832794962725e-04
3.384830183121789672e-04
3.379587665798064336e-04
3.374353268228182361e-04
3.369126977836048526e-04
3.363908782065042589e-04
3.358698668377997068e-04
3.353496624257158742e-04
3.348302637204163181e-04
3.343116694740004384e-04
3.337938784405003337e-04
3.332768893758779284e-04
3.327607010380218824e-04
3.322453121867448267e-04
3.317307215837802191e-04
3.312169279927791457e-04
3.307039301793078274e-04
3.301917269108443128e-04
3.296803169567756055e-04
3.291696990883945738e-04
3.286598720788975656e-04
3.281508347033806135e-04
3.276425857388371040e-04
3.271351239641544706e-04
3.266284481601118626e-04
3.261225571093763508e-04
3.256174495965005419e-04
3.251131244079197053e-04
3.246095803319486292e-04
3.241068161587788016e-04
3.236048306804755370e-04
3.231036226909748867e-04
3.226031909860810364e-04
3.221035343634631623e-04
3.216046516226527202e-04
3.211065415650405188e-04
3.206092029938735748e-04
3.201126347142528366e-04
3.196168355331296604e-04
3.191218042593033165e-04
3.186275397034180079e-04
3.181340406779600513e-04
3.176413059972551124e-04
3.171493344774651158e-04
3.166581249365856433e-04
3.161676761944430601e-04
3.156779870726913713e-04
3.151890563948098905e-04
3.147008829860999872e-04
3.142134656736827016e-04
3.137268032864953295e-04
3.132408946552890368e-04
3.127557386126259865e-04
3.122713339928767369e-04
3.117876796322167714e-04
3.113047743686243852e-04
3.108226170418775403e-04
3.103412064935513726e-04
3.098605415670150471e-04
3.093806211074291018e-04
3.089014439617429543e-04
3.084230089786917030e-04
3.079453150087935794e-04
3.074683609043472919e-04
3.069921455194289900e-04
3.065166677098897161e-04
3.060419263333525870e-04
3.055679202492100292e-04
3.050946483186212305e-04
3.046221094045091591e-04
3.041503023715577442e-04
3.036792260862095994e-04
3.032088794166628784e-04
3.027392612328687273e-04
3.022703704065285739e-04
3.018022058110912545e-04
3.013347663217506292e-04
3.008680508154424910e-04
3.004020581708423442e-04
2.999367872683620425e-04
2.994722369901478380e-04
2.990084062200772368e-04
2.985452938437562886e-04
2.980828987485172553e-04
2.976212198234156302e-04
2.971602559592274807e-04
2.967000060484470099e-04
2.962404689852837368e-04
2.957816436656597863e-04
2.953235289872072869e-04
2.948661238492658230e-04
2.944094271528797783e-04
2.939534378007954631e-04
2.934981546974588370e-04
2.930435767490124736e-04
2.925897028632932833e-04
2.921365319498296946e-04
2.916840629198390517e-04
2.912322946862252299e-04
2.907812261635754907e-04
2.903308562681585847e-04
2.898811839179214452e-04
2.894322080324871816e-04
2.889839275331520445e-04
2.885363413428830939e-04
2.880894483863154893e-04
2.876432475897501041e-04
2.871977378811503816e-04
2.867529181901406544e-04
2.863087874480027290e-04
2.858653445876738262e-04
2.854225885437438703e-04
2.849805182524529413e-04
2.845391326516884018e-04
2.840984306809832163e-04
2.836584112815122654e-04
2.832190733960907188e-04
2.827804159691710002e-04
2.823424379468402932e-04
2.819051382768184813e-04
2.814685159084548958e-04
2.810325697927262010e-04
2.805972988822338465e-04
2.801627021312016281e-04
2.797287784954728684e-04
2.792955269325083571e-04
2.788629464013833150e-04
2.784310358627854970e-04
2.779997942790121018e-04
2.775692206139677119e-04
2.771393138331614209e-04
2.767100729037049356e-04
2.762814967943094321e-04
2.758535844752834417e-04
2.754263349185302485e-04
2.749997470975457212e-04
2.745738199874153858e-04
2.741485525648122571e-04
2.737239438079942366e-04
2.732999926968019441e-04
2.728766982126557363e-04
2.724540593385538093e-04
2.720320750590693795e-04
2.716107443603485157e-04
2.711900662301074821e-04
2.707700396576304082e-04
2.703506636337668482e-04
2.699319371509293969e-04
2.695138592030911408e-04
2.690964287857834907e-04
2.686796448960933077e-04
2.682635065326610603e-04
2.678480126956781686e-04
2.674331623868843474e-04
2.670189546095657089e-04
2.666053883685519442e-04
2.661924626702139919e-04
2.657801765224621408e-04
2.653685289347427773e-04
2.649575189180367594e-04
2.645471454848567598e-04
2.641374076492448270e-04
2.637283044267699997e-04
2.633198348345262472e-04
2.629119978911298124e-04
2.625047926167168276e-04
2.620982180329411992e-04
2.616922731629720065e-04
2.612869570314912786e-04
2.608822686646918259e-04
2.604782070902745303e-04
2.600747713374462842e-04
2.596719604369174435e-04
2.592697734208997671e-04
2.588682093231039236e-04
2.584672671787372139e-04
2.580669460245011326e-04
2.576672448985892531e-04
2.572681628406847340e-04
2.568696988919582595e-04
2.564718520950654370e-04
2.560746214941446290e-04
2.556780061348147299e-04
2.552820050641727814e-04
2.548866173307917497e-04
2.544918419847180856e-04
2.540976780774696652e-04
2.537041246620332959e-04
2.533111807928627645e-04
2.529188455258760192e-04
2.525271179184533795e-04
2.521359970294352062e-04
2.517454819191195696e-04
2.513555716492597565e-04
2.509662652830623722e-04
2.505775618851850098e-04
2.501894605217340277e-04
2.498019602602618390e-04
2.494150601697653390e-04
2.490287593206835207e-04
2.486430567848947094e-04
2.482579516357151538e-04
2.478734429478959898e-04
2.474895297976217770e-04
2.471062112625075713e-04
2.467234864215972446e-04
2.463413543553610993e-04
2.459598141456933746e-04
2.455788648759105121e-04
2.451985056307488245e-04
2.448187354963620018e-04
2.444395535603191604e-04
2.440609589116028092e-04
2.436829506406062214e-04
2.433055278391314824e-04
2.429286896003876465e-04
2.425524350189878101e-04
2.421767631909476747e-04
2.418016732136829181e-04
2.414271641860071338e-04
2.410532352081298259e-04
2.406798853816539963e-04
2.403071138095741661e-04
2.399349195962741533e-04
2.395633018475249040e-04
2.391922596704824597e-04
2.388217921736855720e-04
2.384518984670539138e-04
2.380825776618855313e-04
2.377138288708550821e-04
2.373456512080113960e-04
2.369780437887755774e-04
2.366110057299388098e-04
2.362445361496601334e-04
2.358786341674644392e-04
2.355132989042403547e-04
2.351485294822381028e-04
2.347843250250673331e-04
2.344206846576950352e-04
2.340576075064436953e-04
2.336950926989886943e-04
2.333331393643566811e-04
2.329717466329231878e-04
2.326109136364107322e-04
2.322506395078865408e-04
2.318909233817607060e-04
2.315317643937838548e-04
2.311731616810451973e-04
2.308151143819704937e-04
2.304576216363199133e-04
2.301006825851859743e-04
2.297442963709915651e-04
2.293884621374876677e-04
2.290331790297515685e-04
2.286784461941846359e-04
2.283242627785103413e-04
2.279706279317721183e-04
2.276175408043314922e-04
2.272650005478658300e-04
2.269130063153664706e-04
2.265615572611366104e-04
2.262106525407891892e-04
2.258602913112451823e-04
2.255104727307311074e-04
2.251611959587773975e-04
2.248124601562160707e-04
2.244642644851791032e-04
2.241166081090960175e-04
2.237694901926920389e-04
2.234229099019861711e-04
2.230768664042890280e-04
2.227313588682009631e-04
2.223863864636100370e-04
2.220419483616899571e-04
2.216980437348982347e-04
2.213546717569739894e-04
2.210118316029361599e-04
2.206695224490813362e-04
2.203277434729820244e-04
2.199864938534843968e-04
2.196457727707065038e-04
2.193055794060363214e-04
2.189659129421295833e-04
2.186267725629080462e-04
2.182881574535574024e-04
2.179500668005253015e-04
2.176124997915195340e-04
2.172754556155059174e-04
2.169389334627065344e-04
2.166029325245974555e-04
2.162674519939072491e-04
2.159324910646146769e-04
2.155980489319469324e-04
2.152641247923776078e-04
2.149307178436249324e-04
2.145978272846496039e-04
2.142654523156530542e-04
2.139335921380754700e-04
2.136022459545939233e-04
2.132714129691202565e-04
2.129410923867994297e-04
2.126112834140074059e-04
2.122819852583494437e-04
2.119531971286580101e-04
2.116249182349910188e-04
2.112971477886297429e-04
2.109698850020771889e-04
2.106431290890559821e-04
2.103168792645065510e-04
2.099911347445852837e-04
2.096658947466625768e-04
2.093411584893209920e-04
2.090169251923533857e-04
2.086931940767610121e-04
2.083699643647516525e-04
2.080472352797377723e-04
2.077250060463345968e-04
2.074032758903583760e-04
2.070820440388243251e-04
2.067613097199449165e-04
2.064410721631280098e-04
2.061213305989749813e-04
2.058020842592789084e-04
2.054833323770225903e-04
2.051650741863768953e-04
2.048473089226987272e-04
2.045300358225294267e-04
2.042132541235926299e-04
2.038969630647928044e-04
2.035811618862130813e-04
2.032658498291136013e-04
2.029510261359296721e-04
2.026366900502698978e-04
2.023228408169145255e-04
2.020094776818133855e-04
2.016965998920842377e-04
2.013842066960109557e-04
2.010722973430416295e-04
2.007608710837868846e-04
2.004499271700179851e-04
2.001394648546651260e-04
1.998294833918154542e-04
1.995199820367115511e-04
1.992109600457494807e-04
1.989024166764768922e-04
1.985943511875915566e-04
1.982867628389392253e-04
1.979796508915121391e-04
1.976730146074469959e-04
1.973668532500235133e-04
1.970611660836623421e-04
1.967559523739233587e-04
1.964512113875040654e-04
1.961469423922376938e-04
1.958431446570914423e-04
1.955398174521647957e-04
1.952369600486877368e-04
1.949345717190189566e-04
1.946326517366441205e-04
1.943311993761741871e-04
1.940302139133435924e-04
1.937296946250084879e-04
1.934296407891451688e-04
1.931300516848481492e-04
1.928309265923284273e-04
1.925322647929119410e-04
1.922340655690377240e-04
1.919363282042561446e-04
1.916390519832272246e-04
1.913422361917189595e-04
1.910458801166055017e-04
1.907499830458656161e-04
1.904545442685807554e-04
1.901595630749335693e-04
1.898650387562060072e-04
1.895709706047776918e-04
1.892773579141244285e-04
1.889841999788159557e-04
1.886914960945148872e-04
1.883992455579745989e-04
1.881074476670376830e-04
1.878161017206343491e-04
1.875252070187805541e-04
1.872347628625764028e-04
1.869447685542045487e-04
1.866552233969283239e-04
1.863661266950903566e-04
1.860774777541105384e-04
1.857892758804846958e-04
1.855015203817826663e-04
1.852142105666468341e-04
1.849273457447903415e-04
1.846409252269954086e-04
1.843549483251118149e-04
1.840694143520551107e-04
1.837843226218051536e-04
1.834996724494040478e-04
1.832154631509551150e-04
1.829316940436205899e-04
1.826483644456206176e-04
1.823654736762310847e-04
1.820830210557822378e-04
1.818010059056570564e-04
1.815194275482896540e-04
1.812382853071634080e-04
1.809575785068096043e-04
1.806773064728057294e-04
1.803974685317737906e-04
1.801180640113786348e-04
1.798390922403267291e-04
1.795605525483639651e-04
1.792824442662745480e-04
1.790047667258790173e-04
1.787275192600329464e-04
1.784507012026250990e-04
1.781743118885760469e-04
1.778983506538362727e-04
1.776228168353849229e-04
1.773477097712279919e-04
1.770730288003967770e-04
1.767987732629463062e-04
1.765249424999537663e-04
1.762515358535169036e-04
1.759785526667523704e-04
1.757059922837943700e-04
1.754338540497927591e-04
1.751621373109117196e-04
1.748908414143281328e-04
1.746199657082299253e-04
1.743495095418146599e-04
1.740794722652878824e-04
1.738098532298613594e-04
1.735406517877519940e-04
1.732718672921797936e-04
1.730034990973666493e-04
1.727355465585345476e-04
1.724680090319041879e-04
1.722008858746933288e-04
1.719341764451152977e-04
1.716678801023774456e-04
1.714019962066796836e-04
1.711365241192126666e-04
1.708714632021566821e-04
1.706068128186797261e-04
1.703425723329361741e-04
1.700787411100652643e-04
1.698153185161894974e-04
1.695523039184131467e-04
1.692896966848206851e-04
1.690274961844754037e-04
1.687657017874176762e-04
1.685043128646637669e-04
1.682433287882039059e-04
1.679827489310011510e-04
1.677225726669897340e-04
1.674627993710734071e-04
1.672034284191243052e-04
1.669444591879810208e-04
1.666858910554474388e-04
1.664277234002911642e-04
1.661699556022418146e-04
1.659125870419898548e-04
1.656556171011848617e-04
1.653990451624341696e-04
1.651428706093013789e-04
1.648870928263047300e-04
1.646317111989158838e-04
1.643767251135581594e-04
1.641221339576053148e-04
1.638679371193799204e-04
1.636141339881518953e-04
1.633607239541370979e-04
1.631077064084958622e-04
1.628550807433314530e-04
1.626028463516887644e-04
1.623510026275525855e-04
1.620995489658465705e-04
1.618484847624312864e-04
1.615978094141031299e-04
1.613475223185926999e-04
1.610976228745634976e-04
1.608481104816103264e-04
1.605989845402578829e-04
1.603502444519594287e-04
1.601018896190951912e-04
1.598539194449710623e-04
1.596063333338171351e-04
1.593591306907861046e-04
1.591123109219521833e-04
1.588658734343093124e-04
1.586198176357699150e-04
1.583741429351635951e-04
1.581288487422354027e-04
1.578839344676446956e-04
1.576393995229636213e-04
1.573952433206755994e-04
1.571514652741741555e-04
1.569080647977612146e-04
1.566650413066459887e-04
1.564223942169433240e-04
1.561801229456724540e-04
1.559382269107555629e-04
1.556967055310163218e-04
1.554555582261785607e-04
1.552147844168648861e-04
1.549743835245952716e-04
1.547343549717855669e-04
1.544946981817463055e-04
1.542554125786811323e-04
1.540164975876855027e-04
1.537779526347454089e-04
1.535397771467358343e-04
1.533019705514193718e-04
1.530645322774448953e-04
1.528274617543463670e-04
1.525907584125411030e-04
1.523544216833287702e-04
1.521184509988897870e-04
1.518828457922839954e-04
1.516476054974493328e-04
1.514127295492005308e-04
1.511782173832276245e-04
1.509440684360947871e-04
1.507102821452387033e-04
1.504768579489674043e-04
1.502437952864589933e-04
1.500110935977600466e-04
1.497787523237845294e-04
1.495467709063123048e-04
1.493151487879877247e-04
1.490838854123185725e-04
1.488529802236743824e-04
1.486224326672853013e-04
1.483922421892407606e-04
1.481624082364880665e-04
1.479329302568310994e-04
1.477038076989290664e-04
1.474750400122950384e-04
1.472466266472947027e-04
1.470185670551450892e-04
1.467908606879130798e-04
1.465635069985143511e-04
1.463365054407118296e-04
1.461098554691145259e-04
1.458835565391760443e-04
1.456576081071935794e-04
1.454320096303063174e-04
1.452067605664941893e-04
1.449818603745768131e-04
1.447573085142118141e-04
1.445331044458937403e-04
1.443092476309528697e-04
1.440857375315536385e-04
1.438625736106935839e-04
1.436397553322019344e-04
1.434172821607383362e-04
1.431951535617916602e-04
1.429733690016785660e-04
1.427519279475423087e-04
1.425308298673514653e-04
1.423100742298986877e-04
1.420896605047992120e-04
1.418695881624899640e-04
1.416498566742279059e-04
1.414304655120890062e-04
1.412114141489668843e-04
1.409927020585715642e-04
1.407743287154281998e-04
1.405562935948758015e-04
1.403385961730659623e-04
1.401212359269616648e-04
1.399042123343359804e-04
1.396875248737708766e-04
1.394711730246557535e-04
1.392551562671864949e-04
1.390394740823640046e-04
1.388241259519930684e-04
1.386091113586810253e-04
1.383944297858365484e-04
1.381800807176684518e-04
1.379660636391844713e-04
1.377523780361899087e-04
1.375390233952864666e-04
1.373259992038710286e-04
1.371133049501344395e-04
1.369009401230602315e-04
1.366889042124232959e-04
1.364771967087890429e-04
1.362658171035116398e-04
1.360547648887331978e-04
1.358440395573823627e-04
1.356336406031732303e-04
1.354235675206039104e-04
1.352138198049555504e-04
1.350043969522909536e-04
1.347952984594534944e-04
1.345865238240658175e-04
1.343780725445286456e-04
1.341699441200196945e-04
1.339621380504922370e-04
1.337546538366740732e-04
1.335474909800663098e-04
1.333406489829421415e-04
1.331341273483456304e-04
1.329279255800905682e-04
1.327220431827592830e-04
1.325164796617013389e-04
1.323112345230324240e-04
1.321063072736332398e-04
1.319016974211482268e-04
1.316974044739843718e-04
1.314934279413100700e-04
1.312897673330539318e-04
1.310864221599035906e-04
1.308833919333045640e-04
1.306806761654590076e-04
1.304782743693246841e-04
1.302761860586136090e-04
1.300744107477910198e-04
1.298729479520741297e-04
1.296717971874310161e-04
1.294709579705794822e-04
1.292704298189857289e-04
1.290702122508634330e-04
1.288703047851725008e-04
1.286707069416177936e-04
1.284714182406480984e-04
1.282724382034549076e-04
1.280737663519713890e-04
1.278754022088710582e-04
1.276773452975668566e-04
1.274795951422097418e-04
1.272821512676877394e-04
1.270850131996247500e-04
1.268881804643793838e-04
1.266916525890438765e-04
1.264954291014428150e-04
1.262995095301321894e-04
1.261038934043982266e-04
1.259085802542560359e-04
1.257135696104488495e-04
1.255188610044465319e-04
1.253244539684447668e-04
1.251303480353636204e-04
1.249365427388467555e-04
1.247430376132600219e-04
1.245498321936905079e-04
1.243569260159453475e-04
1.241643186165506361e-04
1.239720095327503198e-04
1.237799983025050831e-04
1.235882844644911843e-04
1.233968675580994522e-04
1.232057471234340664e-04
1.230149227013115000e-04
1.228243938332595445e-04
1.226341600615158994e-04
1.224442209290274412e-04
1.222545759794487592e-04
1.220652247571414102e-04
1.218761668071725364e-04
1.216874016753139706e-04
1.214989289080410304e-04
1.213107480525314470e-04
1.211228586566643494e-04
1.209352602690190849e-04
1.207479524388741621e-04
1.205609347162062210e-04
1.203742066516888672e-04
1.201877677966916696e-04
1.200016177032790213e-04
1.198157559242091235e-04
1.196301820129328473e-04
1.194448955235926762e-04
1.192598960110217169e-04
1.190751830307424931e-04
1.188907561389660107e-04
1.187066148925905375e-04
1.185227588492007228e-04
1.183391875670664046e-04
1.181559006051415657e-04
1.179728975230633043e-04
1.177901778811507767e-04
1.176077412404041129e-04
1.174255871625034137e-04
1.172437152098076128e-04
1.170621249453535003e-04
1.168808159328546526e-04
1.166997877367003479e-04
1.165190399219545906e-04
1.163385720543550134e-04
1.161583837003118339e-04
1.159784744269068109e-04
1.157988438018922280e-04
1.156194913936899179e-04
1.154404167713900427e-04
1.152616195047502398e-04
1.150830991641944704e-04
1.149048553208121111e-04
1.147268875463567479e-04
1.145491954132453222e-04
1.143717784945570064e-04
1.141946363640321461e-04
1.140177685960714070e-04
1.138411747657345005e-04
1.136648544487393978e-04
1.134888072214611644e-04
1.133130326609310250e-04
1.131375303448352385e-04
1.129622998515142173e-04
1.127873407599614428e-04
1.126126526498224357e-04
1.124382351013937937e-04
1.122640876956221615e-04
1.120902100141032141e-04
1.119166016390806949e-04
1.117432621534453316e-04
1.115701911407339142e-04
1.113973881851282652e-04
1.112248528714542098e-04
1.110525847851806134e-04
1.108805835124184467e-04
1.107088486399196198e-04
1.105373797550761425e-04
1.103661764459190668e-04
1.101952383011175384e-04
1.100245649099777665e-04
1.098541558624420753e-04
1.096840107490878471e-04
1.095141291611266272e-04
1.093445106904031083e-04
1.091751549293941404e-04
1.090060614712077419e-04
1.088372299095821509e-04
1.086686598388848221e-04
1.085003508541114919e-04
1.083323025508851212e-04
1.081645145254550686e-04
1.079969863746959387e-04
1.078297176961067686e-04
1.076627080878099984e-04
1.074959571485504677e-04
1.073294644776945486e-04
1.071632296752290481e-04
1.069972523417603944e-04
1.068315320785135806e-04
1.066660684873483727e-04
1.065008611707156302e-04
1.063359097316817549e-04
1.061712137739364431e-04
1.060067729017832389e-04
1.058425867201386402e-04
1.056786548345310146e-04
1.055149768510997452e-04
1.053515523765942143e-04
1.051883810183728820e-04
1.050254623844023373e-04
1.048627960832563633e-04
1.047003817241150150e-04
1.045382189167636309e-04
1.043763072715919103e-04
1.042146463995930605e-04
1.040532359123627257e-04
1.038920754220981467e-04
1.037311645415972257e-04
1.035705028842575374e-04
1.034100900640754341e-04
1.032499256956451649e-04
1.030900093941578731e-04
1.029303407754006877e-04
1.027709194557558699e-04
1.026117450521997829e-04
1.024528171823020791e-04
1.022941354642246969e-04
1.021356995167209527e-04
1.019775089591347009e-04
1.018195634113993443e-04
1.016618624940369530e-04
1.015044058281573165e-04
1.013471930354570755e-04
1.011902237382188006e-04
1.010334975593100710e-04
1.008770141221825933e-04
1.007207730508712800e-04
1.005647739699933279e-04
1.004090165047473644e-04
1.002535002809125121e-04
1.000982249248474676e-04
9.994319006348968812e-05
9.978839532435438873e-05
9.963384033553374260e-05
9.947952472569590533e-05
9.932544812408417468e-05
9.917161016051612317e-05
9.901801046538259525e-05
9.886464866964694831e-05
9.871152440484413113e-05
9.855863730307973518e-05
9.840598699702919508e-05
9.825357311993683984e-05
9.810139530561502556e-05
9.794945318844333582e-05
9.779774640336755167e-05
9.764627458589894690e-05
9.749503737211324451e-05
9.734403439864985777e-05
9.719326530271102285e-05
9.704272972206082302e-05
9.689242729502442974e-05
9.674235766048715397e-05
9.659252045789360592e-05
9.644291532724688187e-05
9.629354190910757488e-05
9.614439984459308359e-05
9.599548877537658219e-05
9.584680834368623445e-05
9.569835819230438051e-05
9.555013796456657466e-05
9.540214730436079934e-05
9.525438585612661124e-05
9.510685326485427402e-05
9.495954917608386383e-05
9.481247323590445610e-05
9.466562509095329892e-05
9.451900438841493205e-05
9.437261077602034673e-05
9.422644390204613181e-05
9.408050341531363353e-05
9.393478896518814238e-05
9.378930020157795792e-05
9.364403677493365701e-05
9.349899833624719929e-05
9.335418453705111408e-05
9.320959502941761940e-05
9.306522946595782242e-05
9.292108749982090632e-05
9.277716878469316800e-05
9.263347297479743538e-05
9.248999972489195607e-05
9.234674869026977394e-05
9.220371952675776692e-05
9.206091189071592869e-05
9.191832543903643356e-05
9.177595982914295888e-05
9.163381471898969564e-05
9.149188976706064381e-05
9.135018463236873134e-05
9.120869897445501467e-05
9.106743245338789258e-05
9.092638472976221178e-05
9.078555546469856217e-05
9.064494431984232816e-05
9.050455095736301104e-05
9.036437503995329386e-05
9.022441623082836379e-05
9.008467419372494993e-05
8.994514859290065917e-05
8.980583909313305470e-05
8.966674535971893764e-05
8.952786705847350687e-05
8.938920385572950514e-05
8.925075541833652794e-05
8.911252141366014258e-05
8.897450150958110214e-05
8.883669537449457297e-05
8.869910267730929442e-05
8.856172308744683348e-05
8.842455627484075808e-05
8.828760190993582390e-05
8.815085966368724256e-05
8.801432920755988202e-05
8.787801021352739921e-05
8.774190235407153531e-05
8.760600530218131613e-05
8.747031873135221189e-05
8.733484231558543245e-05
8.719957572938705995e-05
8.706451864776734413e-05
8.692967074623988912e-05
8.679503170082086740e-05
8.666060118802822025e-05
8.652637888488093939e-05
8.639236446889824036e-05
8.625855761809881706e-05
8.612495801100005573e-05
8.599156532661724893e-05
8.585837924446283655e-05
8.572539944454568757e-05
8.559262560737020554e-05
8.546005741393570524e-05
8.532769454573555879e-05
8.519553668475638255e-05
8.506358351347748147e-05
8.493183471486983260e-05
8.480028997239543462e-05
8.466894897000663020e-05
8.453781139214521152e-05
8.440687692374167488e-05
8.427614525021459731e-05
8.414561605746972853e-05
8.401528903189931332e-05
8.388516386038130548e-05
8.375524023027863601e-05
8.362551782943850834e-05
8.349599634619147680e-05
8.336667546935095871e-05
8.323755488821225857e-05
8.310863429255189051e-05
8.297991337262695477e-05
8.285139181917418913e-05
8.272306932340935896e-05
8.259494557702652543e-05
8.246702027219717814e-05
8.233929310156965235e-05
8.221176375826826164e-05
8.208443193589268802e-05
8.195729732851710103e-05
8.183035963068954787e-05
8.170361853743115382e-05
8.157707374423537683e-05
8.145072494706731634e-05
8.132457184236302212e-05
8.119861412702864044e-05
8.107285149843976356e-05
8.094728365444076566e-05
8.082191029334393547e-05
8.069673111392885285e-05
8.057174581544160276e-05
8.044695409759417893e-05
8.032235566056354875e-05
8.019795020499113827e-05
8.007373743198199193e-05
7.994971704310409495e-05
7.982588874038766861e-05
7.970225222632442482e-05
7.957880720386684788e-05
7.945555337642753037e-05
7.933249044787840068e-05
7.920961812255005894e-05
7.908693610523105872e-05
7.896444410116713452e-05
7.884214181606056485e-05
7.872002895606949456e-05
7.859810522780710817e-05
7.847637033834101996e-05
7.835482399519258284e-05
7.823346590633607517e-05
7.811229578019811802e-05
7.799131332565695685e-05
7.787051825204168907e-05
7.774991026913161346e-05
7.762948908715557972e-05
7.750925441679117523e-05
7.738920596916410170e-05
7.726934345584755175e-05
7.714966658886135507e-05
7.703017508067144987e-05
7.691086864418904268e-05
7.679174699277003906e-05
7.667280984021429828e-05
7.655405690076494212e-05
7.643548788910767722e-05
7.631710252037013104e-05
7.619890051012113356e-05
7.608088157437008030e-05
7.596304542956615986e-05
7.584539179259778467e-05
7.572792038079183209e-05
7.561063091191300742e-05
7.549352310416312559e-05
7.537659667618050138e-05
7.525985134703917681e-05
7.514328683624835203e-05
7.502690286375161279e-05
7.491069914992633412e-05
7.479467541558296206e-05
7.467883138196437667e-05
7.456316677074518735e-05
7.444768130403108225e-05
7.433237470435816424e-05
7.421724669469228683e-05
7.410229699842837655e-05
7.398752533938978239e-05
7.387293144182755758e-05
7.375851503041991743e-05
7.364427583027145330e-05
7.353021356691250921e-05
7.341632796629857195e-05
7.330261875480957991e-05
7.318908565924923189e-05
7.307572840684436371e-05
7.296254672524432475e-05
7.284954034252023262e-05
7.273670898716444455e-05
7.262405238808975784e-05
7.251157027462889484e-05
7.239926237653378466e-05
7.228712842397489911e-05
7.217516814754065639e-05
7.206338127823672991e-05
7.195176754748543841e-05
7.184032668712505480e-05
7.172905842940922340e-05
7.161796250700622809e-05
7.150703865299845021e-05
7.139628660088169097e-05
7.128570608456446665e-05
7.117529683836745303e-05
7.106505859702282122e-05
7.095499109567357369e-05
7.084509406987297498e-05
7.073536725558381990e-05
7.062581038917790498e-05
7.051642320743529665e-05
7.040720544754376197e-05
7.029815684709811820e-05
7.018927714409959576e-05
7.008056607695520128e-05
6.997202338447717552e-05
6.986364880588219375e-05
6.975544208079090497e-05
6.964740294922721362e-05
6.953953115161773748e-05
6.943182642879102166e-05
6.932428852197713195e-05
6.921691717280685529e-05
6.910971212331115763e-05
6.900267311592057408e-05
6.889579989346458549e-05
6.878909219917095439e-05
6.868254977666511511e-05
6.857617236996967232e-05
6.846995972350358793e-05
6.836391158208174736e-05
6.825802769091422772e-05
6.815230779560575573e-05
6.804675164215512491e-05
6.794135897695443671e-05
6.783612954678861255e-05
6.773106309883481109e-05
6.762615938066172353e-05
6.752141814022901789e-05
6.741683912588674276e-05
6.731242208637471739e-05
6.720816677082190832e-05
6.710407292874581947e-05
6.700014031005190941e-05
6.689636866503302214e-05
6.679275774436876369e-05
6.668930729912485159e-05
6.658601708075254566e-05
6.648288684108814655e-05
6.637991633235222329e-05
6.627710530714920668e-05
6.617445351846660325e-05
6.607196071967456159e-05
6.596962666452522181e-05
6.586745110715207859e-05
6.576543380206943906e-05
6.566357450417186718e-05
6.556187296873351960e-05
6.546032895140757655e-05
6.535894220822569965e-05
6.525771249559740854e-05
6.515663957030949811e-05
6.505572318952546930e-05
6.495496311078490567e-05
6.485435909200295841e-05
6.475391089146966873e-05
6.465361826784950705e-05
6.455348098018070895e-05
6.445349878787471948e-05
6.435367145071561044e-05
6.425399872885949760e-05
6.415448038283397150e-05
6.405511617353755536e-05
6.395590586223905453e-05
6.385684921057708217e-05
6.375794598055938163e-05
6.365919593456228435e-05
6.364695880882307493e-05
