0.000000000000000000e+00
1.525455369084696613e-03
3.049271198402799497e-03
6.093625983163128250e-03
9.131431861112475346e-03
1.216269853332912522e-02
4.211780979371673728e-02
7.142981809642884317e-02
1.001085972954608300e-01
1.281641587895183121e-01
2.120168463249818280e-01
2.901797611277731614e-01
3.629621938956197336e-01
4.306678639673232611e-01
4.935923379655124954e-01
5.765385622523024889e-01
6.509348249371174067e-01
7.175398067404330504e-01
7.770561423557824643e-01
8.301311379175668748e-01
8.400263339531915951e-01
8.496922979235799200e-01
8.505642538500860494e-01
8.514343361566626411e-01
8.523025481793691238e-01
8.540333735792593473e-01
8.557567583021296054e-01
8.561003965140872030e-01
8.564437385601673114e-01
8.571298307425658791e-01
8.571610660249449065e-01
8.571922988510426444e-01
8.572547595910969820e-01
8.572641878603266541e-01
8.572733432438437440e-01
8.572735975315219914e-01
8.572738290483883361e-01
8.572740377944430001e-01
8.572742237696857615e-01
8.572743869741167311e-01
8.572746450705430732e-01
8.572748120837223595e-01
8.572748880136541461e-01
8.572737251072538589e-01
8.572724201069583660e-01
8.572711151089336123e-01
8.572580652535619627e-01
8.572450156252363618e-01
8.572319662239528126e-01
8.572189170497084287e-01
8.570884377934794296e-01
8.569579812366070470e-01
8.568275473750739391e-01
8.566971362048492189e-01
8.553942716382211264e-01
8.540936717734225470e-01
8.527953325911352689e-01
8.514992500791471741e-01
8.502054202324003107e-01
8.422154705620235049e-01
8.343114054267520840e-01
8.264922820435575135e-01
8.187571680109785310e-01
8.111051411934729893e-01
8.035352896083236551e-01
7.960467113138944839e-01
7.886385142990276487e-01
7.813098163736604818e-01
7.740597450606453434e-01
7.668874374887643119e-01
7.597920402869190459e-01
7.527727094794889329e-01
7.458286103828390967e-01
7.389589175029718238e-01
7.321628144343029776e-01
7.254394937595532999e-01
7.187881569507441615e-01
7.122080142705953243e-01
7.056982846760900818e-01
6.992581957255168401e-01
6.928869834798485616e-01
6.865838924102847241e-01
6.803481753057817327e-01
6.741790931814344301e-01
6.680759151878659097e-01
6.620379185216165308e-01
6.560643883367551776e-01
6.501546178716943736e-01
6.443079078206663812e-01
6.385235665771699098e-01
6.328009102576281908e-01
6.271392625068993310e-01
6.215379544155046343e-01
6.159963244376311930e-01
6.105137183100209919e-01
6.050894889717559622e-01
5.997229964849258854e-01
5.944136079561713748e-01
5.891606974590897217e-01
5.839636459574968352e-01
5.788218412295327298e-01
5.737346777926055630e-01
5.687015568291603484e-01
5.637218861132656800e-01
5.587950799380102529e-01
5.539205590436977467e-01
5.490977505468342956e-01
5.443260878698961136e-01
5.396050106718727202e-01
5.349339647795743335e-01
5.303124021196959914e-01
5.257397806516301841e-01
5.212155643010195627e-01
5.167392228940416166e-01
5.123102320919559194e-01
5.079280729702018160e-01
5.035922331150688436e-01
4.993022052699066515e-01
4.950574877624098757e-01
4.908575844821411738e-01
4.867020049278317773e-01
4.825902637714598598e-01
4.785218810271480994e-01
4.744963820671622701e-01
4.705132971641756701e-01
4.665721624839949677e-01
4.626725188602299199e-01
4.588139121810329013e-01
4.549958933686086837e-01
4.512180182873402612e-01
4.474798476895127664e-01
4.437809471614612145e-01
4.401208870703241516e-01
4.364992425113868868e-01
4.329155932560050379e-01
4.293695237001007858e-01
4.258606228132272853e-01
4.223884840881934055e-01
4.189527054912456361e-01
4.155528894143841745e-01
4.121886426220847666e-01
4.088595762066714046e-01
4.055653055412820618e-01
4.023054502310920433e-01
3.990796340670557663e-01
3.958874849798556528e-01
3.927286349943071020e-01
3.896027201842657828e-01
3.865093806280308630e-01
3.834482603642409559e-01
3.804190073482538459e-01
3.774212734090087729e-01
3.744547142063621159e-01
3.715189891888946994e-01
3.686137615521823951e-01
3.657386981975273565e-01
3.628934696911433888e-01
3.600777502237914041e-01
3.572912175708585769e-01
3.545335530528785362e-01
3.518044414964850986e-01
3.491035711957972687e-01
3.464306338742287328e-01
3.437853246467186819e-01
3.411673419823783027e-01
3.385763876675487172e-01
3.360121667692663183e-01
3.334743875991296180e-01
3.309627616775654424e-01
3.284770036984874242e-01
3.260168314943446832e-01
3.235819660015549770e-01
3.211721312263192685e-01
3.187870542108121596e-01
3.164264649997450274e-01
3.140900966072976974e-01
3.117776849844138831e-01
3.094889689864575577e-01
3.072236903412248754e-01
3.049815936173091990e-01
3.027624261928136828e-01
3.005659382244095235e-01
2.983918826167343274e-01
2.962400149921277093e-01
2.941100936607006222e-01
2.920018795907335929e-01
2.899151363794023606e-01
2.878496302238243709e-01
2.858051298924254024e-01
2.837814066966210524e-01
2.817782344628106395e-01
2.797953895046788042e-01
2.778326505958029768e-01
2.758897989425623809e-01
2.739666181573450210e-01
2.720628942320506560e-01
2.701784155118845399e-01
2.683129726694409856e-01
2.664663586790716465e-01
2.646383687915362382e-01
2.628288005089329249e-01
2.610374535599040979e-01
2.592641298751163226e-01
2.575086335630091261e-01
2.557707708858119044e-01
2.540503502358247845e-01
2.523471821119604441e-01
2.506610790965446145e-01
2.489918558323720166e-01
2.473393290000151512e-01
2.457033172953829170e-01
2.440836414075264471e-01
2.424801239966895561e-01
2.408925896726007154e-01
2.393208649730043658e-01
2.377647783424287620e-01
2.362241601111872424e-01
2.346988424746115909e-01
2.331886594725132156e-01
2.316934469688715081e-01
2.302130426317451628e-01
2.287472859134051795e-01
2.272960180306866640e-01
2.258590819455570387e-01
2.244363223458982204e-01
2.230275856265005463e-01
2.216327198702660595e-01
2.202515748296190179e-01
2.188840019081205734e-01
2.175298541422869547e-01
2.161889861836067961e-01
2.148612542807575299e-01
2.135465162620171220e-01
2.122446315178695975e-01
2.109554609838023842e-01
2.096788671232928947e-01
2.084147139109827351e-01
2.071628668160371278e-01
2.059231927856875477e-01
2.046955602289559639e-01
2.034798390005579660e-01
2.022759003849833870e-01
2.010836170807524248e-01
1.999028631848448478e-01
1.987335141773010627e-01
1.975754469059924912e-01
1.964285395715600624e-01
1.952926717125181566e-01
1.941677241905230278e-01
1.930535791758033193e-01
1.919501201327511175e-01
1.908572318056715456e-01
1.897748002046897864e-01
1.887027125918126214e-01
1.876408574671442619e-01
1.865891245552534772e-01
1.855474047916911284e-01
1.845155903096561412e-01
1.834935744268083868e-01
1.824812516322268374e-01
1.814785175735112444e-01
1.804852690440262031e-01
1.795014039702851893e-01
1.785268213994742337e-01
1.775614214871124308e-01
1.766051054848487289e-01
1.756577757283930286e-01
1.747193356255801189e-01
1.737896896445652595e-01
1.728687433021497966e-01
1.719564031522350933e-01
1.710525767744039416e-01
1.701571727626277064e-01
1.692701007140977321e-01
1.683912712181797611e-01
1.675205958454902277e-01
1.666579871370927890e-01
1.658033585938134269e-01
1.649566246656741786e-01
1.641177007414423017e-01
1.632865031382950416e-01
1.624629490915983077e-01
1.616469567447975653e-01
1.608384451394203607e-01
1.600373342051890080e-01
1.592435447502419110e-01
1.584569984514629104e-01
1.576776178449168508e-01
1.569053263163908141e-01
1.561400480920391853e-01
1.553817082291321094e-01
1.546302326069056710e-01
1.538855479175127161e-01
1.531475816570737891e-01
1.524162621168260734e-01
1.516915183743703932e-01
1.509732802850139999e-01
1.502614784732095587e-01
1.495560443240874227e-01
1.488569099750820246e-01
1.481640083076500580e-01
1.474772729390800008e-01
1.467966382143918724e-01
1.461220391983261147e-01
1.454534116674208732e-01
1.447906921021764881e-01
1.441338176793060533e-01
1.434827262640717693e-01
1.428373564027053400e-01
1.421976473149120512e-01
1.415635388864574240e-01
1.409349716618351900e-01
1.403118868370166472e-01
1.396942262522792855e-01
1.390819323851147093e-01
1.384749483432145545e-01
1.378732178575338418e-01
1.372766852754304934e-01
1.366852955538805647e-01
1.360989942527682239e-01
1.355177275282493654e-01
1.349414421261889430e-01
1.343700853756697455e-01
1.338036051825733652e-01
1.332419500232316367e-01
1.326850689381478543e-01
1.321329115257872111e-01
1.315854279364359614e-01
1.310425688661276955e-01
1.305042855506368393e-01
1.299705297595383224e-01
1.294412537903324445e-01
1.289164104626347729e-01
1.283959531124297671e-01
1.278798355863877134e-01
1.273680122362445544e-01
1.268604379132431681e-01
1.263570679626362381e-01
1.258578582182494632e-01
1.253627649971049141e-01
1.248717450941030510e-01
1.243847557767640555e-01
1.239017547800265462e-01
1.234227003011036938e-01
1.229475509943961237e-01
1.224762659664607456e-01
1.220088047710350676e-01
1.215451274041161739e-01
1.210851942990940899e-01
1.206289663219386049e-01
1.201764047664391211e-01
1.197274713494970722e-01
1.192821282064699812e-01
1.188403378865669768e-01
1.184020633482949225e-01
1.179672679549547548e-01
1.175359154701873382e-01
1.171079700535685719e-01
1.166833962562526666e-01
1.162621590166639102e-01
1.158442236562353123e-01
1.154295558751946560e-01
1.150181217483967483e-01
1.146098877212014255e-01
1.142048206053973697e-01
1.138028875751704860e-01
1.134040561631166621e-01
1.130082942562987414e-01
1.126155700923466563e-01
1.122258522556005139e-01
1.118391096732964385e-01
1.114553116117940612e-01
1.110744276728457547e-01
1.106964277899070287e-01
1.103212822244873242e-01
1.099489615625412475e-01
1.095794367108993417e-01
1.092126788937383686e-01
1.088486596490902958e-01
1.084873508253897945e-01
1.081287245780598039e-01
1.077727533661345938e-01
1.074194099489202275e-01
1.070686673826915236e-01
1.067204990174255574e-01
1.063748784935712177e-01
1.060317797388540956e-01
1.056911769651168870e-01
1.053530446651942398e-01
1.050173576098222677e-01
1.046840908445820645e-01
1.043532196868768303e-01
1.040247197229421938e-01
1.036985668048897441e-01
1.033747370477828137e-01
1.030532068267446533e-01
1.027339527740984276e-01
1.024169517765386450e-01
1.021021809723337559e-01
1.017896177485596715e-01
1.014792397383635358e-01
1.011710248182578625e-01
1.008649511054443143e-01
1.005609969551670285e-01
1.002591409580950443e-01
9.995936193773359568e-02
9.966163894786390920e-02
9.936595127001113248e-02
9.907227841094033705e-02
9.878060010017974957e-02
9.849089628757172477e-02
9.820314714085021102e-02
9.791733304324526377e-02
9.763343459111374634e-02
9.735143259159617646e-02
9.707130806029937165e-02
9.679304221900464356e-02
9.651661649340118054e-02
9.624201251084441022e-02
9.596921209813907838e-02
9.569819727934672504e-02
9.542895027361726623e-02
9.516145349304452883e-02
9.489568954054525274e-02
9.463164120776174082e-02
9.436929147298731002e-02
9.410862349911466862e-02
9.384962063160702528e-02
9.359226639649130541e-02
9.333654449837373857e-02
9.308243881847703960e-02
9.282993341269940579e-02
9.257901250969473306e-02
9.232966050897409294e-02
9.208186197902806791e-02
9.183560165546972298e-02
9.159086443919815801e-02
9.134763539458208570e-02
9.110589974766350463e-02
9.086564288438127301e-02
9.062685034881412527e-02
9.038950784144295092e-02
9.015360121743244692e-02
8.991911648493140785e-02
8.968603980339202864e-02
8.945435748190741498e-02
8.922405597756763451e-02
8.899512189383382288e-02
8.876754197892999798e-02
8.854130312425298466e-02
8.831639236279936744e-02
8.809279686761010975e-02
8.787050395023224270e-02
8.764950105919733225e-02
8.742977577851689108e-02
8.721131582619424949e-02
8.699410905275282990e-02
8.677814343978063061e-02
8.656340709849079385e-02
8.634988826829798070e-02
8.613757531541028911e-02
8.592645673143695095e-02
8.571652113201111423e-02
8.550775725542797412e-02
8.530015396129767002e-02
8.509370022921333709e-02
8.488838515743345192e-02
8.468419796157909685e-02
8.448112797334512980e-02
8.427916463922587031e-02
8.407829751925478823e-02
8.387851628575779261e-02
8.367981072212062055e-02
8.348217072156954854e-02
8.328558628596564872e-02
8.309004752461220111e-02
8.289554465307537312e-02
8.270206799201783310e-02
8.250960796604511760e-02
8.231815510256483559e-02
8.212770003065841817e-02
8.193823347996512241e-02
8.174974627957856677e-02
8.156222935695524312e-02
8.137567373683504690e-02
8.119007054017389480e-02
8.100541098308777777e-02
8.082168637580872117e-02
8.063888812165205533e-02
8.045700771599514911e-02
8.027603674526732902e-02
8.009596688595106706e-02
7.991678990359385448e-02
7.973849765182447480e-02
7.956108207139057920e-02
7.938453518923123398e-02
7.920884911749256907e-02
7.903401605260536311e-02
7.886002827436218443e-02
7.868687814500313626e-02
7.851455810831166338e-02
7.834306068872033679e-02
7.817237849042638076e-02
7.800250419651709455e-02
7.783343056810476668e-02
7.766515044347112318e-02
7.749765673722133763e-02
7.733094243944720059e-02
7.716500061489944828e-02
7.699982440216948665e-02
7.683540701287981667e-02
7.667174173088349420e-02
7.650882191147252709e-02
7.634664098059468218e-02
7.618519243407922970e-02
7.602446983687102811e-02
7.586446682227308835e-02
7.570517709119747862e-02
7.554659441142445864e-02
7.538871261686981573e-02
7.523152560686019452e-02
7.507502734541644795e-02
7.491921186054488480e-02
7.476407324353628869e-02
7.460960564827263941e-02
7.445580329054156399e-02
7.430266044735824027e-02
7.415017145629469730e-02
7.399833071481670688e-02
7.384713267962780825e-02
7.369657186602056320e-02
7.354664284723501366e-02
7.339734025382424476e-02
7.324865877302670636e-02
7.310059314814575104e-02
7.295313817793572242e-02
7.280628871599503782e-02
7.266003967016572418e-02
7.251438600193976791e-02
7.236932272587183468e-02
7.222484490899860887e-02
7.208094767026436422e-02
7.193762617995290432e-02
7.179487565912591462e-02
7.165269137906725427e-02
7.151106866073342339e-02
7.137000287421030320e-02
7.122948943817555834e-02
7.108952381936710363e-02
7.095010153205745518e-02
7.081121813753382677e-02
7.067286924358386069e-02
7.053505050398727050e-02
7.039775761801272957e-02
7.026098632992053283e-02
7.012473242847072630e-02
6.998899174643652410e-02
6.985376016012322109e-02
6.971903358889226798e-02
6.958480799469068945e-02
6.945107938158558147e-02
6.931784379530386841e-02
6.918509732277694502e-02
6.905283609169055037e-02
6.892105627003930479e-02
6.878975406568645090e-02
6.865892572592825760e-02
6.852856753706326742e-02
6.839867582396624845e-02
6.826924694966682305e-02
6.814027731493296769e-02
6.801176335785860672e-02
6.788370155345629930e-02
6.775608841325399256e-02
6.762892048489635433e-02
6.750219435175065785e-02
6.737590663251664946e-02
6.725005398084100972e-02
6.712463308493595016e-02
6.699964066720197342e-02
6.687507348385486605e-02
6.675092832455661873e-02
6.662720201205073189e-02
6.650389140180111569e-02
6.638099338163543084e-02
6.625850487139180178e-02
6.613642282256997074e-02
6.601474421798596282e-02
6.589346607143052592e-02
6.577258542733156743e-02
6.565209936042000483e-02
6.553200497539964087e-02
6.541229940662025844e-02
6.529297981775476767e-02
6.517404340147944786e-02
6.505548737915803348e-02
6.493730900052915866e-02
6.481950554339727111e-02
6.470207431332679338e-02
6.458501264333998959e-02
6.446831789361769094e-02
6.435198745120383756e-02
6.423601872971267113e-02
6.412040916903979926e-02
6.400515623507588292e-02
6.389025741942382097e-02
6.377571023911879355e-02
6.366151223635167777e-02
6.354766097819519732e-02
6.343415405633333337e-02
6.332098908679353877e-02
6.320816370968196374e-02
6.309567558892163752e-02
6.298352241199341173e-02
6.287170188967992901e-02
6.276021175581215916e-02
6.264904976701901607e-02
6.253821370247944489e-02
6.242770136367745831e-02
6.231751057415974016e-02
6.220763917929589965e-02
6.209808504604148044e-02
6.198884606270348846e-02
6.187992013870850794e-02
6.177130520437332933e-02
6.166299921067821405e-02
6.155500012904251833e-02
6.144730595110288462e-02
6.133991468849380596e-02
6.123282437263062594e-02
6.112603305449494651e-02
6.101953880442236716e-02
6.091333971189253488e-02
6.080743388532156013e-02
6.070181945185670197e-02
6.059649455717324579e-02
6.049145736527367090e-02
6.038670605828905247e-02
6.028223883628255203e-02
6.017805391705518397e-02
6.007414953595362206e-02
5.997052394568012923e-02
5.986717541610465237e-02
5.976410223407890160e-02
5.966130270325249035e-02
5.955877514389115723e-02
5.945651789269682658e-02
5.935452930262987564e-02
5.925280774273316425e-02
5.915135159795806979e-02
5.905015926899247203e-02
5.894922917209052121e-02
5.884855973890437686e-02
5.874814941631778531e-02
5.864799666628139896e-02
5.854809996565003144e-02
5.844845780602156426e-02
5.834906869357775472e-02
5.824993114892670909e-02
5.815104370694709757e-02
5.805240491663409691e-02
5.795401334094702622e-02
5.785586755665865499e-02
5.775796615420615565e-02
5.766030773754365901e-02
5.756289092399655832e-02
5.746571434411724966e-02
5.736877664154254458e-02
5.727207647285263020e-02
5.717561250743161128e-02
5.707938342732955112e-02
5.698338792712601825e-02
5.688762471379509023e-02
5.679209250657203667e-02
5.669679003682116802e-02
5.660171604790539823e-02
5.650686929505705641e-02
5.641224854525029447e-02
5.631785257707465353e-02
5.622368018061026790e-02
5.612973015730431808e-02
5.603600131984880217e-02
5.594249249205973662e-02
5.584920250875761993e-02
5.575613021564928412e-02
5.566327446921091188e-02
5.557063413657249012e-02
5.547820809540342235e-02
5.538599523379945239e-02
5.529399445017083026e-02
5.520220465313157437e-02
5.511062476139021865e-02
5.501925370364151024e-02
5.492809041845937018e-02
5.483713385419110298e-02
5.474638296885266098e-02
5.465583673002512993e-02
5.456549411475233868e-02
5.447535410943949580e-02
5.438541570975313766e-02
5.429567792052200637e-02
5.420613975563899622e-02
5.411680023796439781e-02
5.402765839922988450e-02
5.393871327994385206e-02
5.384996392929759096e-02
5.376140940507256188e-02
5.367304877354873299e-02
5.358488110941381916e-02
5.349690549567361758e-02
5.340912102356322466e-02
5.332152679245938387e-02
5.323412190979356917e-02
5.314690549096626193e-02
5.305987665926194946e-02
5.297303454576525461e-02
5.288637828927783557e-02
5.279990703623642367e-02
5.271361994083769570e-02
5.262751616443755998e-02
5.254159487578771714e-02
5.245585525106052222e-02
5.237029647321781584e-02
5.228491773338914128e-02
5.219971822917726656e-02
5.211469716519642054e-02
5.202985375304669535e-02
5.194518721118940308e-02
5.186069676487464059e-02
5.177638164606919446e-02
5.169224109338544509e-02
5.160827435201095076e-02
5.152448067363877421e-02
5.144085931639871129e-02
5.135740954478910936e-02
5.127413062960952533e-02
5.119102184789411231e-02
5.110808248284576250e-02
5.102531182377081920e-02
5.094270916601476712e-02
5.086027381089837374e-02
5.077800506565466332e-02
5.069590224336655016e-02
5.061396466290520035e-02
5.053219164886895570e-02
5.045058253152302774e-02
5.036913664673982327e-02
5.028785333593992213e-02
5.020673194603368639e-02
5.012577182936352876e-02
5.004497234364676389e-02
4.996433285191922286e-02
4.988385272247926328e-02
4.980353132883261896e-02
4.972336804963767287e-02
4.964336226865145862e-02
4.956351337467618245e-02
4.948382076150631415e-02
4.940428382787635103e-02
4.932490197740903998e-02
4.924567461856424466e-02
4.916660116458834023e-02
4.908768103346413531e-02
4.900891364786143234e-02
4.893029843508800436e-02
4.885183482704121005e-02
4.877352226016008763e-02
4.869536017537797606e-02
4.861734801807569145e-02
4.853948523803511966e-02
4.846177128939346129e-02
4.838420563059783741e-02
4.830678772436047819e-02
4.822951703761437642e-02
4.815239304146938515e-02
4.807541521116889122e-02
4.799858302604685656e-02
4.792189596948538688e-02
4.784535352887275828e-02
4.776895519556189490e-02
4.769270046482931152e-02
4.761658883583443774e-02
4.754061981157950423e-02
4.746479289886982450e-02
4.738910760827438895e-02
4.731356345408708336e-02
4.723815995428821968e-02
4.716289663050646230e-02
4.708777300798124010e-02
4.701278861552557475e-02
4.693794298548922134e-02
4.686323565372228772e-02
4.678866615953926333e-02
4.671423404568337406e-02
4.663993885829138125e-02
4.656578014685873457e-02
4.649175746420519673e-02
4.641787036653057669e-02
4.634411841315433378e-02
4.627050116661979295e-02
4.619701819270659315e-02
4.612366906035176434e-02
4.605045334161761428e-02
4.597737061165974720e-02
4.590442044869555427e-02
4.583160243397293998e-02
4.575891615173945798e-02
4.568636118921180767e-02
4.561393713654556675e-02
4.554164358680534014e-02
4.546948013593518634e-02
4.539744638272937699e-02
4.532554192880352412e-02
4.525376637856588086e-02
4.518211933918917650e-02
4.511060042058252784e-02
4.503920923536380155e-02
4.496794539883222641e-02
4.489680852894132462e-02
4.482579824627212772e-02
4.475491417400664224e-02
4.468415593790170393e-02
4.461352316626300551e-02
4.454301548991947135e-02
4.447263254219790962e-02
4.440237395889791439e-02
4.433223937826705208e-02
4.426222844097630477e-02
4.419234079009582566e-02
4.412257607107090279e-02
4.405293393169819327e-02
4.398341402210226292e-02
4.391401599471231321e-02
4.384473950423923433e-02
4.377558420765281094e-02
4.370654976415928178e-02
4.363763583517905886e-02
4.356884208432475203e-02
4.350016817737935998e-02
4.343161378227478747e-02
4.336317856907051516e-02
4.329486220993254003e-02
4.322666437911253795e-02
4.315858475292726898e-02
4.309062300973812848e-02
4.302277882993108676e-02
4.295505189589662876e-02
4.288744189201005447e-02
4.281994850461202928e-02
4.275257142198918281e-02
4.268531033435502692e-02
4.261816493383112359e-02
4.255113491442834295e-02
4.248421997202836420e-02
4.241741980436544712e-02
4.235073411100828689e-02
4.228416259334218108e-02
4.221770495455125921e-02
4.215136089960104526e-02
4.208513013522109658e-02
4.201901236988787175e-02
4.195300731380783438e-02
4.188711467890062629e-02
4.182133417878251130e-02
4.175566552875001336e-02
4.169010844576359620e-02
4.162466264843171782e-02
4.155932785699489873e-02
4.149410379330999155e-02
4.142899018083473495e-02
4.136398674461227304e-02
4.129909321125606325e-02
4.123430930893474955e-02
4.116963476735731320e-02
4.110506931775839007e-02
4.104061269288368508e-02
4.097626462697554622e-02
4.091202485575878151e-02
4.084789311642651743e-02
4.078386914762625881e-02
4.071995268944614277e-02
4.065614348340124834e-02
4.059244127242014194e-02
4.052884580083146449e-02
4.046535681435083770e-02
4.040197406006766634e-02
4.033869728643231511e-02
4.027552624324328562e-02
4.021246068163457366e-02
4.014950035406313067e-02
4.008664501429654720e-02
4.002389441740077797e-02
3.996124831972799885e-02
3.989870647890467192e-02
3.983626865381966614e-02
3.977393460461255137e-02
3.971170409266196188e-02
3.964957688057416108e-02
3.958755273217166165e-02
3.952563141248199852e-02
3.946381268772664042e-02
3.940209632530993628e-02
3.934048209380834604e-02
3.927896976295957437e-02
3.921755910365197495e-02
3.915624988791403804e-02
3.909504188890394749e-02
3.903393488089929031e-02
3.897292863928685652e-02
3.891202294055254307e-02
3.885121756227141038e-02
3.879051228309775973e-02
3.872990688275541882e-02
3.866940114202804812e-02
3.860899484274959298e-02
3.854868776779482586e-02
3.848847970106999972e-02
3.842837042750357063e-02
3.836835973303706626e-02
3.830844740461600284e-02
3.824863323018094785e-02
3.818891699865863826e-02
3.812929849995320974e-02
3.806977752493750922e-02
3.801035386544449057e-02
3.795102731425881171e-02
3.789179766510830660e-02
3.783266471265573500e-02
3.777362825249056671e-02
3.771468808112077992e-02
3.765584399596487442e-02
3.759709579534387114e-02
3.753844327847343648e-02
3.747988624545605524e-02
3.742142449727338394e-02
3.736305783577852785e-02
3.730478606368852618e-02
3.724660898457691355e-02
3.718852640286626765e-02
3.713053812382091645e-02
3.707264395353970787e-02
3.701484369894882803e-02
3.695713716779471664e-02
3.689952416863707257e-02
3.684200451084190114e-02
3.678457800457465149e-02
3.672724446079344424e-02
3.667000369124230608e-02
3.661285550844455006e-02
3.655579972569620445e-02
3.649883615705949713e-02
3.644196461735637466e-02
3.638518492216220868e-02
3.632849688779940522e-02
3.627190033133121522e-02
3.621539507055555884e-02
3.615898092399888464e-02
3.610265771091015347e-02
3.604642525125485025e-02
3.599028336570905123e-02
3.593423187565359528e-02
3.587827060316825523e-02
3.582239937102602023e-02
3.576661800268743363e-02
3.571092632229494468e-02
3.565532415466740601e-02
3.559981132529450171e-02
3.554438766033136965e-02
3.548905298659320307e-02
3.543380713154990064e-02
3.537864992332082070e-02
3.532358119066954932e-02
3.526860076299873775e-02
3.521370847034502316e-02
3.515890414337393549e-02
3.510418761337490146e-02
3.504955871225631098e-02
3.499501727254063221e-02
3.494056312735951270e-02
3.488619611044902619e-02
3.483191605614491260e-02
3.477772279937789424e-02
3.472361617566898512e-02
3.466959602112491823e-02
3.461566217243362831e-02
3.456181446685967912e-02
3.450805274223982949e-02
3.445437683697864795e-02
3.440078659004409956e-02
3.434728184096326464e-02
3.429386242981804361e-02
3.424052819724092422e-02
3.418727898441077662e-02
3.413411463304873855e-02
3.408103498541409371e-02
3.402803988430020549e-02
3.397512917303049940e-02
3.392230269545451482e-02
3.386956029594393597e-02
3.381690181938869222e-02
3.376432711119310703e-02
3.371183601727211626e-02
3.365942838404743093e-02
3.360710405844384574e-02
3.355486288788551291e-02
3.350270472029230617e-02
3.345062940407615010e-02
3.339863678813748821e-02
3.334672672186167475e-02
3.329489905511549830e-02
3.324315363824370539e-02
3.319149032206554495e-02
3.313990895787131963e-02
3.308840939741909681e-02
3.303699149293128773e-02
3.298565509709142085e-02
3.293440006304076961e-02
3.288322624437521602e-02
3.283213349514198243e-02
3.278112166983647435e-02
3.273019062339914409e-02
3.267934021121237514e-02
3.262857028909740831e-02
3.257788071331128854e-02
3.252727134054386737e-02
3.247674202791477754e-02
3.242629263297054643e-02
3.237592301368158454e-02
3.232563302843935449e-02
3.227542253605349826e-02
3.222529139574896451e-02
3.217523946716321220e-02
3.212526661034345588e-02
3.207537268574389006e-02
3.202555755422292760e-02
3.197582107704061843e-02
3.192616311585581151e-02
3.187658353272364992e-02
3.182708219009289241e-02
3.177765895080332526e-02
3.172831367808318787e-02
3.167904623554667481e-02
3.162985648719135456e-02
3.158074429739572003e-02
3.153170953091675305e-02
3.148275205288739859e-02
3.143387172881422637e-02
3.138506842457500223e-02
3.133634200641630119e-02
3.128769234095123142e-02
3.123911929515702304e-02
3.119062273637278684e-02
3.114220253229722096e-02
3.109385855098634535e-02
3.104559066085129174e-02
3.099739873065607623e-02
3.094928262951541359e-02
3.090124222689255573e-02
3.085327739259712682e-02
3.080538799678303463e-02
3.075757390994632995e-02
3.070983500292314566e-02
3.066217114688761514e-02
3.061458221334984950e-02
3.056706807415390109e-02
3.051962860147574771e-02
3.047226366782134627e-02
3.042497314602463435e-02
3.037775690924558736e-02
3.033061483096831726e-02
3.028354678499912273e-02
3.023655264546464688e-02
3.018963228680995869e-02
3.014278558379674192e-02
3.009601241150141812e-02
3.004931264531337728e-02
3.000268616093312857e-02
2.995613283437053090e-02
2.990965254194307213e-02
2.986324516027404063e-02
2.981691056629085998e-02
2.977064863722332644e-02
2.972445925060194713e-02
2.967834228425623652e-02
2.963229761631303374e-02
2.958632512519489971e-02
2.954042468961842749e-02
2.949459618859264637e-02
2.944883950141742937e-02
2.940315450768186609e-02
2.935754108726273612e-02
2.931199912032290966e-02
2.926652848730981749e-02
2.922112906895391743e-02
2.917580074626719214e-02
2.913054340054162597e-02
2.908535691334771314e-02
2.904024116653301443e-02
2.899519604222068267e-02
2.895022142280798821e-02
2.890531719096492078e-02
2.886048322963276347e-02
2.881571942202267034e-02
2.877102565161428205e-02
2.872640180215435546e-02
2.868184775765537931e-02
2.863736340239422459e-02
2.859294862091080539e-02
2.854860329800673266e-02
2.850432731874402714e-02
2.846012056844378010e-02
2.841598293268488007e-02
2.837191429730271525e-02
2.832791454838792453e-02
2.828398357228510684e-02
2.824012125559159994e-02
2.819632748515624870e-02
2.815260214807813882e-02
2.810894513170543452e-02
2.806535632363414343e-02
2.802183561170693005e-02
2.797838288401194307e-02
2.793499802888163575e-02
2.789168093489160366e-02
2.784843149085944672e-02
2.780524958584362077e-02
2.776213510914231006e-02
2.771908795029230654e-02
2.767610799906789973e-02
2.763319514547979069e-02
2.759034927977397841e-02
2.754757029243070504e-02
2.750485807416335610e-02
2.746221251591743004e-02
2.741963350886947315e-02
2.737712094442603522e-02
2.733467471422263220e-02
2.729229471012272965e-02
2.724998082421673656e-02
2.720773294882097848e-02
2.716555097647670516e-02
2.712343479994911918e-02
2.708138431222637324e-02
2.703939940651860913e-02
2.699747997625699669e-02
2.695562591509277975e-02
2.691383711689631156e-02
2.687211347575613543e-02
2.683045488597804451e-02
2.678886124208416583e-02
2.674733243881205133e-02
2.670586837111374109e-02
2.666446893415490293e-02
2.662313402331390952e-02
2.658186353418098141e-02
2.654065736255727462e-02
2.649951540445405138e-02
2.645843755609178852e-02
2.641742371389934479e-02
2.637647377451309699e-02
2.633558763477610726e-02
2.629476519173728349e-02
2.625400634265055017e-02
2.621331098497406420e-02
2.617267901636933375e-02
2.613211033470048614e-02
2.609160483803342478e-02
2.605116242463503470e-02
2.601078299297242616e-02
2.597046644171211241e-02
2.593021266971929153e-02
2.589002157605702070e-02
2.584989305998549453e-02
2.580982702096128525e-02
2.576982335863657603e-02
2.572988197285842535e-02
2.569000276366806279e-02
2.565018563130009796e-02
2.561043047618184396e-02
2.557073719893258879e-02
2.553110570036286678e-02
2.549153588147376817e-02
2.545202764345621399e-02
2.541258088769030379e-02
2.537319551574457321e-02
2.533387142937533476e-02
2.529460853052601169e-02
2.525540672132642675e-02
2.521626590409216731e-02
2.517718598132390531e-02
2.513816685570673809e-02
2.509920843010952918e-02
2.506031060758428727e-02
2.502147329136547929e-02
2.498269638486943361e-02
2.494397979169367049e-02
2.490532341561631224e-02
2.486672716059541710e-02
2.482819093076838943e-02
2.478971463045134480e-02
2.475129816413852712e-02
2.471294143650167377e-02
2.467464435238943959e-02
2.463640681682677247e-02
2.459822873501435470e-02
2.456011001232797850e-02
2.452205055431801173e-02
2.448405026670875603e-02
2.444610905539793336e-02
2.440822682645608227e-02
2.437040348612599591e-02
2.433263894082216341e-02
2.429493309713021479e-02
2.425728586180636234e-02
2.421969714177686292e-02
2.418216684413744544e-02
2.414469487615280782e-02
2.410728114525603760e-02
2.406992555904811579e-02
2.403262802529736175e-02
2.399538845193891282e-02
2.395820674707421424e-02
2.392108281897048147e-02
2.388401657606019704e-02
2.384700792694060406e-02
2.381005678037317885e-02
2.377316304528314522e-02
2.373632663075896099e-02
2.369954744605183225e-02
2.366282540057522074e-02
2.362616040390433728e-02
2.358955236577565950e-02
2.355300119608647394e-02
2.351650680489436596e-02
2.348006910241673753e-02
2.344368799903037703e-02
2.340736340527093187e-02
2.337109523183248869e-02
2.333488338956708763e-02
2.329872778948424705e-02
2.326262834275054717e-02
2.322658496068913392e-02
2.319059755477929571e-02
2.315466603665598810e-02
2.311879031810941398e-02
2.308297031108456215e-02
2.304720592768078058e-02
2.301149708015133924e-02
2.297584368090297910e-02
2.294024564249549231e-02
2.290470287764129892e-02
2.286921529920501669e-02
2.283378282020302394e-02
2.279840535380307440e-02
2.276308281332383235e-02
2.272781511223450138e-02
2.269260216415438375e-02
2.265744388285248490e-02
2.262234018224710402e-02
2.258729097640540737e-02
2.255229617954307431e-02
2.251735570602384981e-02
2.248246947035918014e-02
2.244763738720778612e-02
2.241285937137532311e-02
2.237813533781391959e-02
2.234346520162185448e-02
2.230884887804314085e-02
2.227428628246714420e-02
2.223977733042820787e-02
2.220532193760527476e-02
2.217092001982151270e-02
2.213657149304393973e-02
2.210227627338304940e-02
2.206803427709244300e-02
2.203384542056846182e-02
2.199970962034984018e-02
2.196562679311730298e-02
2.193159685569325695e-02
2.189761972504138468e-02
2.186369531826631851e-02
2.182982355261326932e-02
2.179600434546770035e-02
2.176223761435493523e-02
2.172852327693984911e-02
2.169486125102650098e-02
2.166125145455780054e-02
2.162769380561515783e-02
2.159418822241813626e-02
2.156073462332414731e-02
2.152733292682807234e-02
2.149398305156195732e-02
2.146068491629465891e-02
2.142743843993153222e-02
2.139424354151410121e-02
2.136110014021970482e-02
2.132800815536119859e-02
2.129496750638663546e-02
2.126197811287891537e-02
2.122903989455549381e-02
2.119615277126803837e-02
2.116331666300214423e-02
2.113053148987697680e-02
2.109779717214499764e-02
2.106511363019161753e-02
2.103248078453493278e-02
2.099989855582536785e-02
2.096736686484539439e-02
2.093488563250921891e-02
2.090245477986248795e-02
2.087007422808197926e-02
2.083774389847529648e-02
2.080546371248057427e-02
2.077323359166619032e-02
2.074105345773045311e-02
2.070892323250131395e-02
2.067684283793608246e-02
2.064481219612112478e-02
2.061283122927157901e-02
2.058089985973104996e-02
2.054901800997135583e-02
2.051718560259220558e-02
2.048540256032094914e-02
2.045366880601227205e-02
2.042198426264790062e-02
2.039034885333635902e-02
2.035876250131267787e-02
2.032722512993808892e-02
2.029573666269977178e-02
2.026429702321059373e-02
2.023290613520881479e-02
2.020156392255781017e-02
2.017027030924581701e-02
2.013902521938565338e-02
2.010782857721446493e-02
2.007668030709342660e-02
2.004558033350751362e-02
2.001452858106521349e-02
1.998352497449825890e-02
1.995256943866139873e-02
1.992166189853207189e-02
1.989080227921023389e-02
1.985999050591803761e-02
1.982922650399955578e-02
1.979851019892061789e-02
1.976784151626845287e-02
1.973722038175149476e-02
1.970664672119910865e-02
1.967612046056135128e-02
1.964564152590870388e-02
1.961520984343182589e-02
1.958482533944131895e-02
1.955448794036747720e-02
1.952419757276001658e-02
1.949395416328786670e-02
1.946375763873888290e-02
1.943360792601966230e-02
1.940350495215522816e-02
1.937344864428885982e-02
1.934343892968179088e-02
1.931347573571301143e-02
1.928355898987902869e-02
1.925368861979359289e-02
1.922386455318749257e-02
1.919408671790832563e-02
1.916435504192023562e-02
1.913466945330369665e-02
1.910502988025528093e-02
1.907543625108742286e-02
1.904588849422819349e-02
1.901638653822104730e-02
1.898693031172465212e-02
1.895751974351257696e-02
1.892815476247313930e-02
1.889883529760913450e-02
1.886956127803763456e-02
1.884033263298974872e-02
1.881114929181041534e-02
1.878201118395815203e-02
1.875291823900486834e-02
1.872387038663561251e-02
1.869486755664838060e-02
1.866590967895387712e-02
1.863699668357530689e-02
1.860812850064814603e-02
1.857930506041993376e-02
1.855052629325006086e-02
1.852179212960954405e-02
1.849310250008081788e-02
1.846445733535751615e-02
1.843585656624426722e-02
1.840730012365646845e-02
1.837878793862009544e-02
1.835031994227146607e-02
1.832189606585706357e-02
1.829351624073327978e-02
1.826518039836625210e-02
1.823688847033164834e-02
1.820864038831443085e-02
1.818043608410867956e-02
1.815227548961738727e-02
1.812415853685221678e-02
1.809608515793335870e-02
1.806805528508926423e-02
1.804006885065648907e-02
1.801212578707949222e-02
1.798422602691038263e-02
1.795636950280877706e-02
1.792855614754157098e-02
1.790078589398274439e-02
1.787305867511317786e-02
1.784537442402042359e-02
1.781773307389854233e-02
1.779013455804788479e-02
1.776257880987490434e-02
1.773506576289195225e-02
1.770759535071711119e-02
1.768016750707394891e-02
1.765278216579140025e-02
1.762543926080348961e-02
1.759813872614920602e-02
1.757088049597228807e-02
1.754366450452101919e-02
1.751649068614805765e-02
1.748935897531023534e-02
1.746226930656837040e-02
1.743522161458709724e-02
1.740821583413465490e-02
1.738125190008269969e-02
1.735432974740613518e-02
1.732744931118292836e-02
1.730061052659389101e-02
1.727381332892253749e-02
1.724705765355486614e-02
1.722034343597921360e-02
1.719367061178602232e-02
1.716703911666769833e-02
1.714044888641841693e-02
1.711389985693392499e-02
1.708739196421139514e-02
1.706092514434921076e-02
1.703449933354679591e-02
1.700811446810445576e-02
1.698177048442317538e-02
1.695546731900444276e-02
1.692920490845007189e-02
1.690298318946205011e-02
1.687680209884232646e-02
1.685066157349265556e-02
1.682456155041441373e-02
1.679850196670842205e-02
1.677248275957479717e-02
1.674650386631272234e-02
1.672056522432033981e-02
1.669466677109452887e-02
1.666880844423075658e-02
1.664299018142288700e-02
1.661721192046303891e-02
1.659147359924139156e-02
1.656577515574600423e-02
1.654011652806268093e-02
1.651449765437476916e-02
1.648891847296300381e-02
1.646337892220533713e-02
1.643787894057677917e-02
1.641241846664918957e-02
1.638699743909117351e-02
1.636161579666786658e-02
1.633627347824078910e-02
1.631097042276765871e-02
1.628570656930226207e-02
1.626048185699425011e-02
1.623529622508900275e-02
1.621014961292744153e-02
1.618504195994588044e-02
1.615997320567585244e-02
1.613494328974396375e-02
1.610995215187171342e-02
1.608499973187533030e-02
1.606008596966562382e-02
1.603521080524782094e-02
1.601037417872138921e-02
1.598557603027989799e-02
1.596081630021084150e-02
1.593609492889547924e-02
1.591141185680870415e-02
1.588676702451884137e-02
1.586216037268751641e-02
1.583759184206949208e-02
1.581306137351250890e-02
1.578856890795712897e-02
1.576411438643657292e-02
1.573969775007657071e-02
1.571531894009520897e-02
1.569097789780276100e-02
1.566667456460154109e-02
1.564240888198576568e-02
1.561818079154135216e-02
1.559399023494580788e-02
1.556983715396806182e-02
1.554572149046830852e-02
1.552164318639785712e-02
1.549760218379897699e-02
1.547359842480475027e-02
1.544963185163891230e-02
1.542570240661570585e-02
1.540181003213972506e-02
1.537795467070576967e-02
1.535413626489869066e-02
1.533035475739324104e-02
1.530661009095392149e-02
1.528290220843483808e-02
1.525923105277955487e-02
1.523559656702092729e-02
1.521199869428097561e-02
1.518843737777072177e-02
1.516491256079005416e-02
1.514142418672756452e-02
1.511797219906041434e-02
1.509455654135417359e-02
1.507117715726269576e-02
1.504783399052794964e-02
1.502452698497988744e-02
1.500125608453628870e-02
1.497802123320262670e-02
1.495482237507191753e-02
1.493165945432457092e-02
1.490853241522825147e-02
1.488544120213773636e-02
1.486238575949477142e-02
1.483936603182792191e-02
1.481638196375242855e-02
1.479343349997007916e-02
1.477052058526904903e-02
1.474764316452377433e-02
1.472480118269479422e-02
1.470199458482862251e-02
1.467922331605760189e-02
1.465648732159975653e-02
1.463378654675867065e-02
1.461112093692332192e-02
1.458849043756796360e-02
1.456589499425197699e-02
1.454333455261972753e-02
1.452080905840043117e-02
1.449831845740801733e-02
1.447586269554098325e-02
1.445344171878226378e-02
1.443105547319909095e-02
1.440870390494284822e-02
1.438638696024894907e-02
1.436410458543669298e-02
1.434185672690911628e-02
1.431964333115287591e-02
1.429746434473810023e-02
1.427531971431825891e-02
1.425320938663002593e-02
1.423113330849314420e-02
1.420909142681028338e-02
1.418708368856692534e-02
1.416511004083120980e-02
1.414317043075380420e-02
1.412126480556777537e-02
1.409939311258845418e-02
1.407755529921329851e-02
1.405575131292176837e-02
1.403398110127518014e-02
1.401224461191658693e-02
1.399054179257063976e-02
1.396887259104346093e-02
1.394723695522249660e-02
1.392563483307640744e-02
1.390406617265492646e-02
1.388253092208872191e-02
1.386102902958927935e-02
1.383956044344876631e-02
1.381812511203989700e-02
1.379672298381580398e-02
1.377535400730991837e-02
1.375401813113582943e-02
1.373271530398715787e-02
1.371144547463743271e-02
1.369020859193995077e-02
1.366900460482766561e-02
1.364783346231304359e-02
1.362669511348794243e-02
1.360558950752348284e-02
1.358451659366992706e-02
1.356347632125654186e-02
1.354246863969146841e-02
1.352149349846162342e-02
1.350055084713253258e-02
1.347964063534823342e-02
1.345876281283114873e-02
1.343791732938193380e-02
1.341710413487939152e-02
1.339632317928030579e-02
1.337557441261935307e-02
1.335485778500894796e-02
1.333417324663914091e-02
1.331352074777748633e-02
1.329290023876890901e-02
1.327231167003559489e-02
1.325175499207686264e-02
1.323123015546903355e-02
1.321073711086531884e-02
1.319027580899569119e-02
1.316984620066676687e-02
1.314944823676167211e-02
1.312908186823993385e-02
1.310874704613734960e-02
1.308844372156587298e-02
1.306817184571349051e-02
1.304793136984408637e-02
1.302772224529734693e-02
1.300754442348861679e-02
1.298739785590879298e-02
1.296728249412419827e-02
1.294719828977645808e-02
1.292714519458239286e-02
1.290712316033388284e-02
1.288713213889775867e-02
1.286717208221568182e-02
1.284724294230402478e-02
1.282734467125374450e-02
1.280747722123027656e-02
1.278764054447340676e-02
1.276783459329716187e-02
1.274805932008967954e-02
1.272831467731310590e-02
1.270860061750346201e-02
1.268891709327054675e-02
1.266926405729779104e-02
1.264964146234217462e-02
1.263004926123407860e-02
1.261048740687719348e-02
1.259095585224838734e-02
1.257145455039759482e-02
1.255198345444770436e-02
1.253254251759443848e-02
1.251313169310624106e-02
1.249375093432415415e-02
1.247440019466171911e-02
1.245507942760484994e-02
1.243578858671171711e-02
1.241652762561263994e-02
1.239729649800997389e-02
1.237809515767798914e-02
1.235892355846275603e-02
1.233978165428204800e-02
1.232066939912520274e-02
1.230158674705303379e-02
1.228253365219769515e-02
1.226351006876259461e-02
1.224451595102224975e-02
1.222555125332220466e-02
1.220661593007890504e-02
1.218770993577957852e-02
1.216883322498213751e-02
1.214998575231506124e-02
1.213116747247728298e-02
1.211237834023807906e-02
1.209361831043696302e-02
1.207488733798356591e-02
1.205618537785753744e-02
1.203751238510842279e-02
1.201886831485556376e-02
1.200025312228798248e-02
1.198166676266427047e-02
1.196310919131248277e-02
1.194458036363002691e-02
1.192608023508356062e-02
1.190760876120886512e-02
1.188916589761074977e-02
1.187075159996295141e-02
1.185236582400800258e-02
1.183400852555714818e-02
1.181567966049021021e-02
1.179737918475550623e-02
1.177910705436972967e-02
1.176086322541784225e-02
1.174264765405296299e-02
1.172446029649627103e-02
1.170630110903689292e-02
1.168817004803178634e-02
1.167006706990565516e-02
1.165199213115082968e-02
1.163394518832715219e-02
1.161592619806189018e-02
1.159793511704961672e-02
1.157997190205210629e-02
1.156203650989823771e-02
1.154412889748387787e-02
1.152624902177178459e-02
1.150839683979149042e-02
1.149057230863921586e-02
1.147277538547775144e-02
1.145500602753635536e-02
1.143726419211064764e-02
1.141954983656251303e-02
1.140186291831998995e-02
1.138420339487717335e-02
1.136657122379410370e-02
1.134896636269666810e-02
1.133138876927649447e-02
1.131383840129085612e-02
1.129631521656255556e-02
1.127881917297983080e-02
1.126135022849625474e-02
1.124390834113062412e-02
1.122649346896686766e-02
1.120910557015393494e-02
1.119174460290570106e-02
1.117441052550085384e-02
1.115710329628281407e-02
1.113982287365961228e-02
1.112256921610379513e-02
1.110534228215233170e-02
1.108814203040650072e-02
1.107096841953179693e-02
1.105382140825782525e-02
1.103670095537821576e-02
1.101960701975050055e-02
1.100253956029603047e-02
1.098549853599986754e-02
1.096848390591068784e-02
1.095149562914068432e-02
1.093453366486546278e-02
1.091759797232394989e-02
1.090068851081828043e-02
1.088380523971371576e-02
1.086694811843852762e-02
1.085011710648392004e-02
1.083331216340390792e-02
1.081653324881523895e-02
1.079978032239728436e-02
1.078305334389194348e-02
1.076635227310354138e-02
1.074967706989874740e-02
1.073302769420645536e-02
1.071640410601770906e-02
1.069980626538557904e-02
1.068323413242509325e-02
1.066668766731312078e-02
1.065016683028828688e-02
1.063367158165086195e-02
1.061720188176268689e-02
1.060075769104705870e-02
1.058433896998863845e-02
1.056794567913336112e-02
1.055157777908833847e-02
1.053523523052175316e-02
1.051891799416278424e-02
1.050262603080148911e-02
1.048635930128872552e-02
1.047011776653604398e-02
1.045390138751560796e-02
1.043771012526008117e-02
1.042154394086255119e-02
1.040540279547642021e-02
1.038928665031532174e-02
1.037319546665301656e-02
1.035712920582331116e-02
1.034108782921995366e-02
1.032507129829654709e-02
1.030907957456644874e-02
1.029311261960268523e-02
1.027717039503785526e-02
1.026125286256403257e-02
1.024535998393268782e-02
1.022949172095457583e-02
1.021364803549965755e-02
1.019782888949700463e-02
1.018203424493470399e-02
1.016626406385976941e-02
1.015051830837804779e-02
1.013479694065412377e-02
1.011909992291124168e-02
1.010342721743119794e-02
1.008777878655425612e-02
1.007215459267906017e-02
1.005655459826253900e-02
1.004097876581981630e-02
1.002542705792411858e-02
1.000989943720668844e-02
9.994395866356687447e-03
9.978916308121112827e-03
9.963460725304710761e-03
9.948029080769870552e-03
9.932621337436550041e-03
9.917237458282181922e-03
9.901877406341583546e-03
9.886541144706859768e-03
9.871228636527328362e-03
9.855939845009424605e-03
9.840674733416604134e-03
9.825433265069271824e-03
9.810215403344672500e-03
9.795021111676819811e-03
9.779850353556400824e-03
9.764703092530675407e-03
9.749579292203420719e-03
9.734478916234811513e-03
9.719401928341343810e-03
9.704348292295748163e-03
9.689317971926906387e-03
9.674310931119750948e-03
9.659327133815193839e-03
9.644366544010025966e-03
9.629429125756837349e-03
9.614514843163935592e-03
9.599623660395240066e-03
9.584755541670215984e-03
9.569910451263780732e-03
9.555088353506215396e-03
9.540289212783072820e-03
9.525512993535109954e-03
9.510759660258182036e-03
9.496029177503174934e-03
9.481321509875899334e-03
9.466636622037021345e-03
9.451974478701974033e-03
9.437335044640870682e-03
9.422718284678416323e-03
9.408124163693827938e-03
9.393552646620744254e-03
9.379003698447149415e-03
9.364477284215282776e-03
9.349973369021555639e-03
9.335491918016459306e-03
9.321032896404502638e-03
9.306596269444101024e-03
9.292182002447515674e-03
9.277790060780749526e-03
9.263420409863484806e-03
9.249073015168978937e-03
9.234747842224000358e-03
9.220444856608729645e-03
9.206164023956684914e-03
9.191905309954638559e-03
9.177668680342530513e-03
9.163454100913386718e-03
9.149261537513242795e-03
9.135090956041053839e-03
9.120942322448616357e-03
9.106815602740485002e-03
9.092710762973891039e-03
9.078627769258655611e-03
9.064566587757118613e-03
9.050527184684043283e-03
9.036509526306553755e-03
9.022513578944037910e-03
9.008539308968062376e-03
8.994586682802308344e-03
8.980655666922483099e-03
8.966746227856233278e-03
8.952858332183072018e-03
8.938991946534290481e-03
8.925147037592893670e-03
8.911323572093494613e-03
8.897521516822257115e-03
8.883740838616809021e-03
8.869981504366152014e-03
8.856243481010595692e-03
8.842526735541672567e-03
8.828831235002060004e-03
8.815156946485490017e-03
8.801503837136686811e-03
8.787871874151280058e-03
8.774261024775721618e-03
8.760671256307212690e-03
8.747102536093624009e-03
8.733554831533414317e-03
8.720028110075555769e-03
8.706522339219450665e-03
8.693037486514851656e-03
8.679573519561802758e-03
8.666130406010531806e-03
8.652708113561387998e-03
8.639306609964774245e-03
8.625925863021044818e-03
8.612565840580453311e-03
8.599226510543050289e-03
8.585907840858631249e-03
8.572609799526636001e-03
8.559332354596096634e-03
8.546075474165533425e-03
8.532839126382894129e-03
8.519623279445479383e-03
8.506427901599857705e-03
8.493252961141787433e-03
8.480098426416156007e-03
8.466964265816881094e-03
8.453850447786860275e-03
8.440756940817865234e-03
8.427683713450494912e-03
8.414630734274076637e-03
8.401597971926612340e-03
8.388585395094677946e-03
8.375592972513371329e-03
8.362620672966223842e-03
8.349668465285123992e-03
8.336736318350249780e-03
8.323824201089995850e-03
8.310932082480883276e-03
8.298059931547504056e-03
8.285207717362432639e-03
8.272375409046156536e-03
8.259562975767003462e-03
8.246770386741068479e-03
8.233997611232132460e-03
8.221244618551587502e-03
8.208511378058379673e-03
8.195797859158917079e-03
8.183104031307003937e-03
8.170429864003764253e-03
8.157775326797574167e-03
8.145140389283978682e-03
8.132525021105629220e-03
8.119929191952203820e-03
8.107352871560336016e-03
8.094796029713541979e-03
8.082258636242149394e-03
8.069740661023221129e-03
8.057242073980487584e-03
8.044762845084270364e-03
8.032302944351407681e-03
8.019862341845188439e-03
8.007441007675281108e-03
7.995038911997653930e-03
7.982656025014508994e-03
7.970292316974211116e-03
7.957947758171206309e-03
7.945622318945966267e-03
7.933315969684908570e-03
7.921028680820316886e-03
7.908760422830288933e-03
7.896511166238651472e-03
7.884280881614889186e-03
7.872069539574078761e-03
7.859877110776824702e-03
7.847703565929174327e-03
7.835548875782553588e-03
7.823413011133697678e-03
7.811295942824583380e-03
7.799197641742352735e-03
7.787118078819250597e-03
7.775057225032542228e-03
7.763015051404459528e-03
7.750991529002118630e-03
7.738986628937456584e-03
7.727000322367157635e-03
7.715032580492589900e-03
7.703083374559731647e-03
7.691152675859100167e-03
7.679240455725688461e-03
7.667346685538894979e-03
7.655471336722447298e-03
7.643614380744346605e-03
7.631775789116786168e-03
7.619955533396088887e-03
7.608153585182641371e-03
7.596369916120820215e-03
7.584604497898926080e-03
7.572857302249118641e-03
7.561128300947340258e-03
7.549417465813258732e-03
7.537724768710192709e-03
7.526050181545042295e-03
7.514393676268229204e-03
7.502755224873623036e-03
7.491134799398474486e-03
7.479532371923350298e-03
7.467947914572068205e-03
7.456381399511621474e-03
7.444832798952120793e-03
7.433302085146722277e-03
7.421789230391562416e-03
7.410294207025692158e-03
7.398816987431011856e-03
7.387357544032197541e-03
7.375915849296644546e-03
7.364491875734392907e-03
7.353085595898065790e-03
7.341696982382802696e-03
7.330326007826196144e-03
7.318972644908219687e-03
7.307636866351164585e-03
7.296318644919577365e-03
7.285017953420193024e-03
7.273734764701868249e-03
7.262469051655512896e-03
7.251220787214034472e-03
7.239989944352262681e-03
7.228776496086892177e-03
7.217580415476410570e-03
7.206401675621042051e-03
7.195240249662675398e-03
7.184096110784800662e-03
7.172969232212450183e-03
7.161859587212126600e-03
7.150767149091743005e-03
7.139691891200558756e-03
7.128633786929114424e-03
7.117592809709168480e-03
7.106568933013630504e-03
7.095562130356502205e-03
7.084572375292808900e-03
7.073599641418540536e-03
7.062643902370584897e-03
7.051705131826666029e-03
7.040783303505279180e-03
7.029878391165628355e-03
7.018990368607565603e-03
7.008119209671524220e-03
6.997264888238458047e-03
6.986427378229778141e-03
6.975606653607289466e-03
6.964802688373131906e-03
6.954015456569710013e-03
6.943244932279637495e-03
6.932491089625675632e-03
6.921753902770663019e-03
6.911033345917463530e-03
6.900329393308896921e-03
6.889642019227678986e-03
6.878971197996361711e-03
6.868316903977269086e-03
6.857679111572435524e-03
6.847057795223547745e-03
6.836452929411877995e-03
6.825864488658227661e-03
6.815292447522862222e-03
6.804736780605451403e-03
6.794197462545010190e-03
6.783674468019835514e-03
6.773167771747445540e-03
6.762677348484518076e-03
6.752203173026834204e-03
6.741745220209210618e-03
6.731303464905444983e-03
6.720877882028256090e-03
6.710468446529214460e-03
6.700075133398698118e-03
6.689697917665814522e-03
6.679336774398353729e-03
6.668991678702723344e-03
6.658662605723887802e-03
6.648349530645311992e-03
6.638052428688897937e-03
6.627771275114926683e-03
6.617506045222001053e-03
6.607256714346981460e-03
6.597023257864933002e-03
6.586805651189060404e-03
6.576603869770649910e-03
6.566417889099014638e-03
6.556247684701432994e-03
6.546093232143085361e-03
6.535954507027002917e-03
6.525831484994002590e-03
6.515724141722635879e-03
6.505632452929122067e-03
6.495556394367294449e-03
6.485495941828546551e-03
6.475451071141759274e-03
6.465421758173260126e-03
6.455407978826752102e-03
6.445409709043265108e-03
6.435426924801094378e-03
6.425459602115736295e-03
6.415507717039843280e-03
6.405571245663158747e-03
6.395650164112456383e-03
6.385744448551492446e-03
6.375854075180939842e-03
6.365979020238336956e-03
6.356119259998024330e-03
6.346274770771092623e-03
6.336445528905324497e-03
6.326631510785138239e-03
6.316832692831527048e-03
6.307049051502010457e-03
6.297280563290567554e-03
6.287527204727588401e-03
6.277788952379815927e-03
6.268065782850286080e-03
6.258357672778274046e-03
6.248664598839240476e-03
6.238986537744772506e-03
6.229323466242529111e-03
6.219675361116181259e-03
6.210042199185360733e-03
6.200423957305606359e-03
6.190820612368300689e-03
6.181232141300622290e-03
6.171658521065484168e-03
6.162099728661481722e-03
6.152555741122837235e-03
6.143026535519346097e-03
6.133512088956315222e-03
6.124012378574517947e-03
6.114527381550129842e-03
6.105057075094681013e-03
6.095601436454995380e-03
6.086160442913139505e-03
6.076734071786368818e-03
6.067322300427071234e-03
6.057925106222709910e-03
6.048542466595774672e-03
6.039174359003727371e-03
6.029820760938940302e-03
6.020481649928650231e-03
6.011157003534902885e-03
6.001846799354493105e-03
5.992551015018918875e-03
5.983269628194323210e-03
5.974002616581442111e-03
5.964749957915549058e-03
5.955511629966404701e-03
5.946287610538198744e-03
5.937077877469502246e-03
5.927882408633206035e-03
5.918701181936481676e-03
5.909534175320711215e-03
5.900381366761448150e-03
5.891242734268356714e-03
5.882118255885159831e-03
5.873007909689592285e-03
5.863911673793339129e-03
5.854829526341987118e-03
5.845761445514977006e-03
5.836707409525544558e-03
5.827667396620667649e-03
5.818641385081021154e-03
5.809629353220917107e-03
5.800631279388256123e-03
5.791647141964476227e-03
5.782676919364498208e-03
5.773720590036674448e-03
5.764778132462742080e-03
5.755849525157762277e-03
5.746934746670076012e-03
5.738033775581249420e-03
5.729146590506021750e-03
5.720273170092256797e-03
5.711413493020888257e-03
5.702567538005869421e-03
5.693735283794128070e-03
5.684916709165501424e-03
5.676111792932699712e-03
5.667320513941248930e-03
5.658542851069438794e-03
5.649778783228272434e-03
5.641028289361419562e-03
5.632291348445162688e-03
5.623567939488344214e-03
5.614858041532320466e-03
5.606161633650912253e-03
5.597478694950348485e-03
5.588809204569220208e-03
5.580153141678432030e-03
5.571510485481147475e-03
5.562881215212741280e-03
5.554265310140750825e-03
5.545662749564824953e-03
5.537073512816671934e-03
5.528497579260016961e-03
5.519934928290541436e-03
5.511385539335845671e-03
5.502849391855391646e-03
5.494326465340452700e-03
5.485816739314071031e-03
5.477320193331003048e-03
5.468836806977671675e-03
5.460366559872117768e-03
5.451909431663949819e-03
5.443465402034296241e-03
5.435034450695759405e-03
5.426616557392358389e-03
5.418211701899489953e-03
5.409819864023874755e-03
5.401441023603508786e-03
5.393075160507616525e-03
5.384722254636601507e-03
5.376382285922000348e-03
5.368055234326429836e-03
5.359741079843542699e-03
5.351439802497979029e-03
5.343151382345318577e-03
5.334875799472028716e-03
5.326613033995424538e-03
5.318363066063614211e-03
5.310125875855448672e-03
5.301901443580485200e-03
5.293689749478931034e-03
5.285490773821600007e-03
5.277304496909858769e-03
5.269130899075589493e-03
5.260969960681134358e-03
5.252821662119252187e-03
5.244685983813067269e-03
5.236562906216030329e-03
5.228452409811863884e-03
5.220354475114518875e-03
5.212269082668124359e-03
5.204196213046948481e-03
5.196135846855343826e-03
5.188087964727703186e-03
5.180052547328416190e-03
5.172029575351814665e-03
5.164019029522140536e-03
5.156020890593483383e-03
5.148035139349745742e-03
5.140061756604591067e-03
5.132100723201398623e-03
5.124152020013220121e-03
5.116215627942732880e-03
5.108291527922187783e-03
5.100379700913374587e-03
5.092480127907566406e-03
5.084592789925478952e-03
5.076717668017223691e-03
5.068854743262264477e-03
5.061003996769366381e-03
5.053165409676556655e-03
5.045338963151074427e-03
5.037524638389329935e-03
5.029722416616856824e-03
5.021932279088267038e-03
5.014154207087204856e-03
5.006388181926305254e-03
4.998634184947145336e-03
4.990892197520201828e-03
4.983162201044804250e-03
4.975444176949094140e-03
4.967738106689973884e-03
4.960043971753071157e-03
4.952361753652686875e-03
4.944691433931750098e-03
4.937032994161783331e-03
4.929386415942847016e-03
4.921751680903500500e-03
4.914128770700760401e-03
4.906517667020049434e-03
4.898918351575159980e-03
4.891330806108205517e-03
4.883755012389578119e-03
4.876190952217903350e-03
4.868638607419999501e-03
4.861097959850832484e-03
4.853568991393470734e-03
4.846051683959041838e-03
4.838546019486690900e-03
4.831051979943535440e-03
4.823569547324625499e-03
4.816098703652898529e-03
4.808639430979130824e-03
4.801191711381899360e-03
4.793755526967544492e-03
4.786330859870114446e-03
4.778917692251332359e-03
4.771516006300548576e-03
4.764125784234699013e-03
4.756747008298265258e-03
4.749379660763222537e-03
4.742023723929013682e-03
4.734679180122486689e-03
4.727346011697868694e-03
4.720024201036716535e-03
4.712713730547871648e-03
4.705414582667424503e-03
4.698126739858670374e-03
4.690850184612060762e-03
4.683584899445171305e-03
4.676330866902651470e-03
4.669088069556190726e-03
4.661856490004467370e-03
4.654636110873112097e-03
4.647426914814668103e-03
4.640228884508545114e-03
4.633042002660979486e-03
4.625866252004993441e-03
4.618701615300353433e-03
4.611548075333525912e-03
4.604405614917639160e-03
4.597274216892443394e-03
4.590153864124262191e-03
4.583044539505962134e-03
4.575946225956901633e-03
4.568858906422893634e-03
4.561782563876170052e-03
4.554717181315329731e-03
4.547662741765308089e-03
4.540619228277332879e-03
4.533586623928876486e-03
4.526564911823628169e-03
4.519554075091443759e-03
4.512554096888306623e-03
4.505564960396292971e-03
4.498586648823521550e-03
4.491619145404124151e-03
4.484662433398196174e-03
4.477716496091762796e-03
4.470781316796733004e-03
4.463856878850867502e-03
4.456943165617730136e-03
4.450040160486654940e-03
4.443147846872697558e-03
4.436266208216608359e-03
4.429395227984778659e-03
4.422534889669211232e-03
4.415685176787474339e-03
4.408846072882669637e-03
4.402017561523380133e-03
4.395199626303645038e-03
4.388392250842910319e-03
4.381595418785993144e-03
4.374809113803040245e-03
4.368033319589494090e-03
4.361268019866049520e-03
4.354513198378611241e-03
4.347768838898264342e-03
4.341034925221223979e-03
4.334311441168808496e-03
4.327598370587389109e-03
4.320895697348356955e-03
4.314203405348086655e-03
4.307521478507890349e-03
4.300849900773987336e-03
4.294188656117458106e-03
4.287537728534213978e-03
4.280897102044945932e-03
4.274266760695102051e-03
4.267646688554837218e-03
4.261036869718977556e-03
4.254437288306987461e-03
4.247847928462925374e-03
4.241268774355408215e-03
4.234699810177572354e-03
4.228141020147038916e-03
4.221592388505867807e-03
4.215053899520531701e-03
4.208525537481866592e-03
4.202007286705040576e-03
4.195499131529517416e-03
4.189001056319013178e-03
4.182513045461464136e-03
4.176035083368984276e-03
4.169567154477834062e-03
4.163109243248375342e-03
4.156661334165044457e-03
4.150223411736298461e-03
4.143795460494598647e-03
4.137377464996355898e-03
4.130969409821905539e-03
4.124571279575459624e-03
4.118183058885081793e-03
4.111804732402640425e-03
4.105436284803773948e-03
4.099077700787858748e-03
4.092728965077968399e-03
4.086390062420838971e-03
4.080060977586828265e-03
4.073741695369881982e-03
4.067432200587502503e-03
4.061132478080702046e-03
4.054842512713972315e-03
4.048562289375249798e-03
4.042291792975874140e-03
4.036031008450556047e-03
4.029779920757339123e-03
4.023538514877565177e-03
4.017306775815836922e-03
4.011084688599981553e-03
4.004872238281016045e-03
3.998669409933109861e-03
3.992476188653553727e-03
3.986292559562716262e-03
3.980118507804012752e-03
3.973954018543868726e-03
3.967799076971684387e-03
3.961653668299798189e-03
3.955517777763453875e-03
3.949391390620764913e-03
3.943274492152671132e-03
3.937167067662915299e-03
3.931069102477999753e-03
3.924980581947155184e-03
3.918901491442301592e-03
3.912831816358014470e-03
3.906771542111494439e-03
3.900720654142524751e-03
3.894679137913441801e-03
3.888646978909098256e-03
3.882624162636825766e-03
3.876610674626407207e-03
3.870606500430032008e-03
3.864611625622270570e-03
3.858626035800034361e-03
3.852649716582541659e-03
3.846682653611287195e-03
3.840724832550000516e-03
3.834776239084618232e-03
3.828836858923245854e-03
3.822906677796124829e-03
3.816985681455597849e-03
3.811073855676075026e-03
3.805171186253998757e-03
3.799277659007811638e-03
3.793393259777919600e-03
3.787517974426658947e-03
3.781651788838263830e-03
3.775794688918831556e-03
3.769946660596286154e-03
3.764107689820350190e-03
3.758277762562504433e-03
3.752456864815959664e-03
3.746644982595619816e-03
3.740842101938048146e-03
3.735048208901437308e-03
3.729263289565571196e-03
3.723487330031793278e-03
3.717720316422977109e-03
3.711962234883485565e-03
3.706213071579143523e-03
3.700472812697201425e-03
3.694741444446304063e-03
3.689018953056457176e-03
3.683305324778991027e-03
3.677600545886533512e-03
3.671904602672972431e-03
3.666217481453422963e-03
3.660539168564196436e-03
3.654869650362768674e-03
3.649208913227741831e-03
3.643556943558817936e-03
3.637913727776762897e-03
3.632279252323373109e-03
3.626653503661445097e-03
3.621036468274744288e-03
3.615428132667965980e-03
3.609828483366711062e-03
3.604237506917448274e-03
3.598655189887483858e-03
3.593081518864928159e-03
3.587516480458664836e-03
3.581960061298318336e-03
3.576412248034220934e-03
3.570873027337381073e-03
3.565342385899452141e-03
3.559820310432698642e-03
3.554306787669966709e-03
3.548801804364649839e-03
3.543305347290658970e-03
3.537817403242390392e-03
3.532337959034691482e-03
3.526867001502832517e-03
3.521404517502473713e-03
3.515950493909633136e-03
3.510504917620656338e-03
3.505067775552182970e-03
3.499639054641116853e-03
3.494218741844593891e-03
3.488806824139952575e-03
3.483403288524699725e-03
3.478008122016481001e-03
3.472621311653048375e-03
3.467242844492233241e-03
3.461872707611909992e-03
3.456510888109965221e-03
3.451157373104272140e-03
3.445812149732654147e-03
3.440475205152856205e-03
3.435146526542514050e-03
3.429826101099122098e-03
3.424513916040003523e-03
3.419209958602280764e-03
3.413914216042843869e-03
3.408626675638317966e-03
3.403347324685035511e-03
3.398076150499005060e-03
3.392813140415877875e-03
3.387558281790924511e-03
3.382311561998996210e-03
3.377072968434500187e-03
3.371842488511366236e-03
3.366620109663018973e-03
3.361405819342345742e-03
3.356199605021666695e-03
3.351001454192706168e-03
3.345811354366561453e-03
3.340629293073672443e-03
3.335455257863791708e-03
3.330289236305955004e-03
3.325131215988453952e-03
3.319981184518799606e-03
3.314839129523700339e-03
3.309705038649027580e-03
3.304578899559785458e-03
3.299460699940083910e-03
3.294350427493109631e-03
3.289248069941091372e-03
3.284153615025277827e-03
3.279067050505901637e-03
3.273988364162152501e-03
3.268917543792151156e-03
3.263854577212913811e-03
3.258799452260325701e-03
3.253752156789113757e-03
3.248712678672816250e-03
3.243681005803751138e-03
3.238657126092990036e-03
3.233641027470328302e-03
3.228632697884255536e-03
3.223632125301927834e-03
3.218639297709136992e-03
3.213654203110282749e-03
3.208676829528345036e-03
3.203707165004851878e-03
3.198745197597758702e-03
3.193790914397891343e-03
3.188844304495147552e-03
3.183905356008094861e-03
3.178974058545189305e-03
3.174050398283443427e-03
3.169134363887903851e-03
3.164225943547412621e-03
3.159325125469160389e-03
3.154431897878607043e-03
3.149546249019448754e-03
3.144668167153588049e-03
3.139797640559977617e-03
3.134934657538242849e-03
3.130079206404616076e-03
3.125231275493427566e-03
3.120390853157204401e-03
3.115557927766507418e-03
3.110732487709914288e-03
3.105914521393984395e-03
3.101104017243234111e-03
3.096300963700106875e-03
3.091505349224948906e-03
3.086717162295978412e-03
3.081936391409256966e-03
3.077163025078666955e-03
3.072397051835878620e-03
3.067638460230325340e-03
3.062887238829174567e-03
3.058143376217300514e-03
3.053406860997259862e-03
3.048677681789259668e-03
3.043955827231133952e-03
3.039241285978312897e-03
3.034534046703799438e-03
3.029834098098138032e-03
3.025141428869389942e-03
3.020456027743107646e-03
3.015777883462302748e-03
3.011106984787423856e-03
3.006443320496326229e-03
3.001786879384248791e-03
2.997137650263781167e-03
2.992495621964843741e-03
2.987860783334653821e-03
2.983233123237705262e-03
2.978612630555737238e-03
2.973999294187709957e-03
2.969393103049777771e-03
2.964794046075258389e-03
2.960202112214615523e-03
2.955617290435421166e-03
2.951039569722338236e-03
2.946468939077088491e-03
2.941905387518429539e-03
2.937348904082125785e-03
2.932799477820923276e-03
2.928257097804524110e-03
2.923721753119559123e-03
2.919193432869561424e-03
2.914672126174941685e-03
2.910157822172961678e-03
2.905650510017706092e-03
2.901150178880058245e-03
2.896656817947674059e-03
2.892170416424957782e-03
2.887690963533030321e-03
2.883218448509710600e-03
2.878752860609483464e-03
2.874294189103478430e-03
2.869842423279441931e-03
2.865397552441711730e-03
2.860959565911190897e-03
2.856528453025321788e-03
2.852104203138063499e-03
2.847686805619861067e-03
2.843276249857624657e-03
2.838872525254702243e-03
2.834475621230852713e-03
2.830085527222222456e-03
2.825702232681320640e-03
2.821325727076991891e-03
2.816955999894390703e-03
2.812593040634958456e-03
2.808236838816395662e-03
2.803887383972638973e-03
2.799544665653835168e-03
2.795208673426315994e-03
2.790879396872572582e-03
2.786556825591230725e-03
2.782240949197026594e-03
2.777931757320781150e-03
2.773629239609376289e-03
2.769333385725726657e-03
2.765044185348760133e-03
2.760761628173387470e-03
2.756485703910481911e-03
2.752216402286852305e-03
2.747953713045218384e-03
2.743697625944186043e-03
2.739448130758224791e-03
2.735205217277641293e-03
2.730968875308554655e-03
2.726739094672871698e-03
2.722515865208265280e-03
2.718299176768146537e-03
2.714089019221642765e-03
2.709885382453569667e-03
2.705688256364413135e-03
2.701497630870298896e-03
2.697313495902972560e-03
2.693135841409771865e-03
2.688964657353605861e-03
2.684799933712927154e-03
2.680641660481712825e-03
2.676489827669435804e-03
2.672344425301041888e-03
2.668205443416927624e-03
2.664072872072915151e-03
2.659946701340227919e-03
2.655826921305468134e-03
2.651713522070589871e-03
2.647606493752880426e-03
2.643505826484931695e-03
2.639411510414619352e-03
2.635323535705076832e-03
2.631241892534675816e-03
2.627166571096996306e-03
2.623097561600810576e-03
2.619034854270052819e-03
2.614978439343800063e-03
2.610928307076246149e-03
2.606884447736680915e-03
2.602846851609463309e-03
2.598815508994002307e-03
2.594790410204730457e-03
2.590771545571080459e-03
2.586758905437464787e-03
2.582752480163248363e-03
2.578752260122731642e-03
2.574758235705118092e-03
2.570770397314501611e-03
2.566788735369836608e-03
2.562813240304915880e-03
2.558843902568348500e-03
2.554880712623539430e-03
2.550923660948660899e-03
2.546972738036634622e-03
2.543027934395107516e-03
2.539089240546426544e-03
2.535156647027619631e-03
2.531230144390370519e-03
2.527309723200996637e-03
2.523395374040425694e-03
2.519487087504175288e-03
2.515584854202328625e-03
2.511688664759511094e-03
2.507798509814869892e-03
2.503914380022050599e-03
2.500036266049173762e-03
2.496164158578814077e-03
2.492298048307976972e-03
2.488437925948076487e-03
2.484583782224912291e-03
2.480735607878649732e-03
2.476893393663795982e-03
2.473057130349176624e-03
2.469226808717913529e-03
2.465402419567407077e-03
2.461583953709307968e-03
2.457771401969500308e-03
2.453964755188075587e-03
2.450164004219313602e-03
2.446369139931657295e-03
2.442580153207694546e-03
2.438797034944133885e-03
2.435019776051784105e-03
2.431248367455529982e-03
2.427482800094312321e-03
2.423723064921106275e-03
2.419969152902900957e-03
2.416221055020671693e-03
2.412478762269366570e-03
2.408742265657879116e-03
2.405011556209029656e-03
2.401286624959541021e-03
2.397567462960019900e-03
2.393854061274933425e-03
2.390146410982587049e-03
2.386444503175106768e-03
2.382748328958413531e-03
2.379057879452203730e-03
2.375373145789929242e-03
2.371694119118773585e-03
2.368020790599630662e-03
2.364353151407085681e-03
2.360691192729393473e-03
2.357034905768455504e-03
2.353384281739799924e-03
2.349739311872562492e-03
2.346099987409459246e-03
2.342466299606774799e-03
2.338838239734331980e-03
2.335215799075477522e-03
2.331598968927058643e-03
2.327987740599400494e-03
2.324382105416287949e-03
2.320782054714943914e-03
2.317187579846009381e-03
2.313598672173519579e-03
2.310015323074886620e-03
2.306437523940877386e-03
2.302865266175591844e-03
2.299298541196445264e-03
2.295737340434144368e-03
2.292181655332668246e-03
2.288631477349248843e-03
2.285086797954348405e-03
2.281547608631639534e-03
2.278013900877986532e-03
2.274485666203421557e-03
2.270962896131129005e-03
2.267445582197418624e-03
2.263933715951712503e-03
2.260427288956519051e-03
2.256926292787415217e-03
2.253430719033026105e-03
2.249940559295004160e-03
2.246455805188010517e-03
2.242976448339692019e-03
2.239502480390663432e-03
2.236033892994487068e-03
2.232570677817652394e-03
2.229112826539556523e-03
2.225660330852481661e-03
2.222213182461578625e-03
2.218771373084846028e-03
2.215334894453107727e-03
2.211903738309998080e-03
2.208477896411936356e-03
2.205057360528111556e-03
2.201642122440458562e-03
2.198232173943642960e-03
2.194827506845038051e-03
2.191428112964703603e-03
2.188033984135373707e-03
2.184645112202428588e-03
2.181261489023877259e-03
2.177883106470342341e-03
2.174509956425037943e-03
2.171142030783744948e-03
2.167779321454801032e-03
2.164421820359075082e-03
2.161069519429945508e-03
2.157722410613290703e-03
2.154380485867458256e-03
2.151043737163254102e-03
2.147712156483918243e-03
2.144385735825107397e-03
2.141064467194875916e-03
2.137748342613656274e-03
2.134437354114239981e-03
2.131131493741757199e-03
2.127830753553660702e-03
2.124535125619703320e-03
2.121244602021920590e-03
2.117959174854612547e-03
2.114678836224322470e-03
2.111403578249819966e-03
2.108133393062081029e-03
2.104868272804268949e-03
2.101608209631716968e-03
2.098353195711907468e-03
2.095103223224453748e-03
2.091858284361082249e-03
2.088618371325611737e-03
2.085383476333938120e-03
2.082153591614011468e-03
2.078928709405819530e-03
2.075708821961369955e-03
2.072493921544671207e-03
2.069284000431710884e-03
2.066079050910441840e-03
2.062879065280759632e-03
2.059684035854488643e-03
2.056493954955357795e-03
2.053308814918987542e-03
2.050128608092868180e-03
2.046953326836342072e-03
2.043782963520586297e-03
2.040617510528592703e-03
2.037456960255150992e-03
2.034301305106830503e-03
2.031150537501961138e-03
2.028004649870614705e-03
2.024863634654588008e-03
2.021727484307385934e-03
2.018596191294197602e-03
2.015469748091885949e-03
2.012348147188962148e-03
2.009231381085575200e-03
2.006119442293488511e-03
2.003012323336062113e-03
1.999910016748238789e-03
1.996812515076518916e-03
1.993719810878952226e-03
1.990631896725112218e-03
1.987548765196079682e-03
1.984470408884427516e-03
1.981396820394201209e-03
1.978327992340900635e-03
1.975263917351464428e-03
1.972204588064248743e-03
1.969149997129012938e-03
1.966100137206899193e-03
1.963055000970419066e-03
1.960014581103430072e-03
1.956978870301122244e-03
1.953947861270000780e-03
1.950921546727864362e-03
1.947899919403793230e-03
1.944882972038127497e-03
1.941870697382451320e-03
1.938863088199575552e-03
1.935860137263520396e-03
1.932861837359497407e-03
1.929868181283892576e-03
1.926879161844249422e-03
1.923894771859250988e-03
1.920915004158702498e-03
1.917939851583515092e-03
1.914969306985688261e-03
1.912003363228291638e-03
1.909042013185449378e-03
1.906085249742321946e-03
1.903133065795089640e-03
1.900185454250935243e-03
1.897242408028026886e-03
1.894303920055501363e-03
1.891369983273446988e-03
1.888440590632886260e-03
1.885515735095760021e-03
1.882595409634909038e-03
1.879679607234058161e-03
1.876768320887799634e-03
1.873861543601574881e-03
1.870959268391659321e-03
1.868061488285145460e-03
1.865168196319923807e-03
1.862279385544669428e-03
1.859395049018823520e-03
1.856515179812576058e-03
1.853639771006851270e-03
1.850768815693289420e-03
1.847902306974230115e-03
1.845040237962697555e-03
1.842182601782380805e-03
1.839329391567619699e-03
1.836480600463388140e-03
1.833636221625276974e-03
1.830796248219478378e-03
1.827960673422767421e-03
1.825129490422488197e-03
1.822302692416536904e-03
1.819480272613344281e-03
1.816662224231859780e-03
1.813848540501535305e-03
1.811039214662310461e-03
1.808234239964593261e-03
1.805433609669247329e-03
1.802637317047572170e-03
1.799845355381290372e-03
1.797057717962528747e-03
1.794274398093804665e-03
1.791495389088007409e-03
1.788720684268384729e-03
1.785950276968524195e-03
1.783184160532338882e-03
1.780422328314051330e-03
1.777664773678177060e-03
1.774911489999508526e-03
1.772162470663099293e-03
1.769417709064249064e-03
1.766677198608485912e-03
1.763940932711552606e-03
1.761208904799389276e-03
1.758481108308118006e-03
1.755757536684027014e-03
1.753038183383555685e-03
1.750323041873278309e-03
1.747612105629886732e-03
1.744905368140177567e-03
1.742202822901035711e-03
1.739504463419416780e-03
1.736810283212333232e-03
1.734120275806839842e-03
1.731434434740015483e-03
1.728752753558948814e-03
1.726075225820723974e-03
1.723401845092404098e-03
1.720732604951013753e-03
1.718067498983527445e-03
1.715406520786852060e-03
1.712749663967811026e-03
1.710096922143130443e-03
1.707448288939422383e-03
1.704803757993170361e-03
1.702163322950714158e-03
1.699526977468233772e-03
1.696894715211734244e-03
1.694266529857032209e-03
1.691642415089737901e-03
1.689022364605242358e-03
1.686406372108700509e-03
1.683794431315017949e-03
1.681186535948833802e-03
1.678582679744506853e-03
1.675982856446100577e-03
1.673387059807367096e-03
1.670795283591733739e-03
1.668207521572286555e-03
1.665623767531756007e-03
1.663044015262502224e-03
1.660468258566499605e-03
1.657896491255322294e-03
1.655328707150129433e-03
1.652764900081649981e-03
1.650205063890166886e-03
1.647649192425505379e-03
1.645097279547014756e-03
1.642549319123555581e-03
1.640005305033484517e-03
1.637465231164638921e-03
1.634929091414324487e-03
1.632396879689296384e-03
1.629868589905748844e-03
1.627344215989298898e-03
1.624823751874970770e-03
1.622307191507182641e-03
1.619794528839732127e-03
1.617285757835780664e-03
1.614780872467839849e-03
1.612279866717757125e-03
1.609782734576701039e-03
1.607289470045145411e-03
1.604800067132858494e-03
1.602314519858884104e-03
1.599832822251531653e-03
1.597354968348357494e-03
1.594880952196153648e-03
1.592410767850933493e-03
1.589944409377914633e-03
1.587481870851508272e-03
1.585023146355302517e-03
1.582568229982049372e-03
1.580117115833650637e-03
1.577669798021140782e-03
1.575226270664678270e-03
1.572786527893526047e-03
1.570350563846041559e-03
1.567918372669659414e-03
1.565489948520879231e-03
1.563065285565252201e-03
1.560644377977364172e-03
1.558227219940825454e-03
1.555813805648253263e-03
1.553404129301260870e-03
1.550998185110440911e-03
1.548595967295353024e-03
1.546197470084510620e-03
1.543802687715365492e-03
1.541411614434294369e-03
1.539024244496585035e-03
1.536640572166424190e-03
1.534260591716880969e-03
1.531884297429895016e-03
1.529511683596261520e-03
1.527142744515619290e-03
1.524777474496435796e-03
1.522415867855993069e-03
1.520057918920375128e-03
1.517703622024452800e-03
1.515352971511873745e-03
1.513005961735043158e-03
1.510662587055114879e-03
1.508322841841977079e-03
1.505986720474236651e-03
1.503654217339206846e-03
1.501325326832895785e-03
1.499000043359989326e-03
1.496678361333840003e-03
1.494360275176453154e-03
1.492045779318473906e-03
1.489734868199172864e-03
1.487427536266432452e-03
1.485123777976735419e-03
1.482823587795150744e-03
1.480526960195318242e-03
1.478233889659439021e-03
1.475944370678259655e-03
1.473658397751058521e-03
1.471375965385634307e-03
1.469097068098293218e-03
1.466821700413833583e-03
1.464549856865533491e-03
1.462281531995138651e-03
1.460016720352848947e-03
1.457755416497304342e-03
1.455497614995572304e-03
1.453243310423136311e-03
1.450992497363880239e-03
1.448745170410076655e-03
1.446501324162373803e-03
1.444260953229782379e-03
1.442024052229663169e-03
1.439790615787713826e-03
1.437560638537955853e-03
1.435334115122720734e-03
1.433111040192639081e-03
1.430891408406626117e-03
1.428675214431869523e-03
1.426462452943817304e-03
1.424253118626163470e-03
1.422047206170835897e-03
1.419844710277983748e-03
1.417645625655965334e-03
1.415449947021334230e-03
1.413257669098827354e-03
1.411068786621351521e-03
1.408883294329972818e-03
1.406701186973900340e-03
1.404522459310477735e-03
1.402347106105166939e-03
1.400175122131538854e-03
1.398006502171257083e-03
1.395841241014069475e-03
1.393679333457792944e-03
1.391520774308301544e-03
1.389365558379513678e-03
1.387213680493381033e-03
1.385065135479874058e-03
1.382919918176971985e-03
1.380778023430648087e-03
1.378639446094858181e-03
1.376504181031529359e-03
1.374372223110545887e-03
1.372243567209737282e-03
1.370118208214867253e-03
1.367996141019620472e-03
1.365877360525590218e-03
1.363761861642265793e-03
1.361649639287021256e-03
1.359540688385102837e-03
1.357435003869617018e-03
1.355332580681516651e-03
1.353233413769591850e-03
1.351137498090453949e-03
1.349044828608527693e-03
1.346955400296036276e-03
1.344869208132989631e-03
1.342786247107173375e-03
1.340706512214135358e-03
1.338629998457175696e-03
1.336556700847332238e-03
1.334486614403370807e-03
1.332419734151770894e-03
1.330356055126716980e-03
1.328295572370082923e-03
1.326238280931423073e-03
1.324184175867958602e-03
1.322133252244566022e-03
1.320085505133765684e-03
1.318040929615710071e-03
1.315999520778170792e-03
1.313961273716528167e-03
1.311926183533759305e-03
1.309894245340424441e-03
1.307865454254658697e-03
1.305839805402156687e-03
1.303817293916162976e-03
1.301797914937460367e-03
1.299781663614357112e-03
1.297768535102676287e-03
1.295758524565742559e-03
1.293751627174373735e-03
1.291747838106865366e-03
1.289747152548982503e-03
1.287749565693944737e-03
1.285755072742418180e-03
1.283763668902501362e-03
1.281775349389714614e-03
1.279790109426989656e-03
1.277807944244655066e-03
1.275828849080428264e-03
1.273852819179402494e-03
1.271879849794035119e-03
1.269909936184136562e-03
1.267943073616858811e-03
1.265979257366684797e-03
1.264018482715416466e-03
1.262060744952161768e-03
1.260106039373327935e-03
1.258154361282603920e-03
1.256205705990954538e-03
1.254260068816606590e-03
1.252317445085038240e-03
1.250377830128967735e-03
1.248441219288341916e-03
1.246507607910324507e-03
1.244576991349286574e-03
1.242649364966793950e-03
1.240724724131596823e-03
1.238803064219618682e-03
1.236884380613943735e-03
1.234968668704808023e-03
1.233055923889587492e-03
1.231146141572785633e-03
1.229239317166024156e-03
1.227335446088031285e-03
1.225434523764630697e-03
1.223536545628730893e-03
1.221641507120314147e-03
1.219749403686425223e-03
1.217860230781159453e-03
1.215973983865655146e-03
1.214090658408078409e-03
1.212210249883615559e-03
1.210332753774460762e-03
1.208458165569805407e-03
1.206586480765827266e-03
1.204717694865680084e-03
1.202851803379482304e-03
1.200988801824305358e-03
1.199128685724165427e-03
1.197271450610010429e-03
1.195417092019710262e-03
1.193565605498045530e-03
1.191716986596698001e-03
1.189871230874237377e-03
1.188028333896114577e-03
1.186188291234646554e-03
1.184351098469010009e-03
1.182516751185227729e-03
1.180685244976158394e-03
1.178856575441488124e-03
1.177030738187716599e-03
1.175207728828149469e-03
1.173387542982885995e-03
1.171570176278809074e-03
1.169755624349575482e-03
1.167943882835603730e-03
1.166134947384065389e-03
1.164328813648873385e-03
1.162525477290671152e-03
1.160724933976824830e-03
1.158927179381409600e-03
1.157132209185200581e-03
1.155340019075664368e-03
1.153550604746944510e-03
1.151763961899855216e-03
1.149980086241868781e-03
1.148198973487106261e-03
1.146420619356326200e-03
1.144645019576915300e-03
1.142872169882876935e-03
1.141102066014823340e-03
1.139334703719962387e-03
1.137570078752089776e-03
1.135808186871576459e-03
1.134049023845361487e-03
1.132292585446938995e-03
1.130538867456349315e-03
1.128787865660169651e-03
1.127039575851501718e-03
1.125293993829964154e-03
1.123551115401679942e-03
1.121810936379268606e-03
1.120073452581835365e-03
1.118338659834960296e-03
1.116606553970688788e-03
1.114877130827522005e-03
1.113150386250406909e-03
1.111426316090725203e-03
1.109704916206283786e-03
1.107986182461305870e-03
1.106270110726420347e-03
1.104556696878650950e-03
1.102845936801407798e-03
1.101137826384476336e-03
1.099432361524008660e-03
1.097729538122512024e-03
1.096029352088841256e-03
1.094331799338186823e-03
1.092636875792065516e-03
1.090944577378311986e-03
1.089254900031067256e-03
1.087567839690769395e-03
1.085883392304144409e-03
1.084201553824196270e-03
1.082522320210196507e-03
1.080845687427675530e-03
1.079171651448412221e-03
1.077500208250423966e-03
1.075831353817958188e-03
1.074165084141481732e-03
1.072501395217671750e-03
1.070840283049405298e-03
1.069181743645750875e-03
1.067525773021956717e-03
1.065872367199445156e-03
1.064221522205798963e-03
1.062573234074753971e-03
1.060927498846188453e-03
1.059284312566114664e-03
1.057643671286669302e-03
1.056005571066102877e-03
1.054370007968771263e-03
1.052736978065126148e-03
1.051106477431705067e-03
1.049478502151122289e-03
1.047853048312059497e-03
1.046230112009256460e-03
1.044609689343501280e-03
1.042991776421621497e-03
1.041376369356473682e-03
1.039763464266936499e-03
1.038153057277898346e-03
1.036545144520249545e-03
1.034939722130873672e-03
1.033336786252637149e-03
1.031736333034380566e-03
1.030138358630909362e-03
1.028542859202983628e-03
1.026949830917311610e-03
1.025359269946536688e-03
1.023771172469231097e-03
1.022185534669885080e-03
1.020602352738899732e-03
1.019021622872575729e-03
1.017443341273104431e-03
1.015867504148560297e-03
1.014294107712890259e-03
1.012723148185905699e-03
1.011154621793271605e-03
1.009588524766500284e-03
1.008024853342939656e-03
1.006463603765765874e-03
1.004904772283974007e-03
1.003348355152367194e-03
1.001794348631551441e-03
1.000242748987922392e-03
9.986935524936601302e-04
9.971467554267172441e-04
9.956023540708108105e-04
9.940603447154156697e-04
9.925207236557514155e-04
9.909834871927769746e-04
9.894486316331797641e-04
9.879161532893681024e-04
9.863860484794614511e-04
9.848583135272815248e-04
9.833329447623438344e-04
9.818099385198496634e-04
9.802892911406752268e-04
9.787709989713647314e-04
9.772550583641210521e-04
9.757414656767964076e-04
9.742302172728842290e-04
9.727213095215104860e-04
9.712147387974242544e-04
9.697105014809899101e-04
9.682085939581775878e-04
9.667090126205552664e-04
9.652117538652796617e-04
9.637168140950873362e-04
9.622241897182868924e-04
9.607338771487493236e-04
9.592458728058999911e-04
9.577601731147102754e-04
9.562767745056883605e-04
9.547956734148708860e-04
9.533168662838144899e-04
9.518403495595875686e-04
9.503661196947605196e-04
9.488941731473990188e-04
9.474245063810536127e-04
9.459571158647532129e-04
9.444919980729946877e-04
9.430291494857357066e-04
9.415685665883860665e-04
9.401102458717982592e-04
9.386541838322607495e-04
9.372003769714878918e-04
9.357488217966125578e-04
9.342995148201774626e-04
9.328524525601268168e-04
9.314076315397977609e-04
9.299650482879121254e-04
9.285246993385682995e-04
9.270865812312328825e-04
9.256506905107317936e-04
9.242170237272423570e-04
9.227855774362857125e-04
9.213563481987172748e-04
9.199293325807191436e-04
9.185045271537922978e-04
9.170819284947472711e-04
9.156615331856964544e-04
9.142433378140462892e-04
9.128273389724884859e-04
9.114135332589924339e-04
9.100019172767963120e-04
9.085924876343991728e-04
9.071852409455532455e-04
9.057801738292552618e-04
9.043772829097384332e-04
9.029765648164646448e-04
9.015780161841158895e-04
9.001816336525866793e-04
8.987874138669754796e-04
8.973953534775772284e-04
8.960054491398746629e-04
8.946176975145308380e-04
8.932320952673803447e-04
8.918486390694222625e-04
8.904673255968119198e-04
8.890881515308517863e-04
8.877111135579851845e-04
8.863362083697873999e-04
8.849634326629577654e-04
8.835927831393116392e-04
8.822242565057730312e-04
8.808578494743660387e-04
8.794935587622076901e-04
8.781313810914990548e-04
8.767713131895180870e-04
8.754133517886119285e-04
8.740574936261885598e-04
8.727037354447085603e-04
8.713520739916789286e-04
8.700025060196432160e-04
8.686550282861753465e-04
8.673096375538706182e-04
8.659663305903393064e-04
8.646251041681972307e-04
8.632859550650591419e-04
8.619488800635310239e-04
8.606138759512016369e-04
8.592809395206349281e-04
8.579500675693635262e-04
8.566212568998793093e-04
8.552945043196267909e-04
8.539698066409948801e-04
8.526471606813100512e-04
8.513265632628278868e-04
8.500080112127255966e-04
8.486915013630947540e-04
8.473770305509333804e-04
8.460645956181383565e-04
8.447541934114980496e-04
8.434458207826840736e-04
8.421394745882452171e-04
8.408351516895980118e-04
8.395328489530203345e-04
8.382325632496440354e-04
8.369342914554464812e-04
8.356380304512438326e-04
8.343437771226834554e-04
8.330515283602358970e-04
8.317612810591880563e-04
8.304730321196354854e-04
8.291867784464749093e-04
8.279025169493969610e-04
8.266202445428780504e-04
8.253399581461742926e-04
8.240616546833125092e-04
8.227853310830846988e-04
8.215109842790387128e-04
8.202386112094719670e-04
8.189682088174237437e-04
8.176997740506689039e-04
8.164333038617082369e-04
8.151687952077640159e-04
8.139062450507702400e-04
8.126456503573667792e-04
8.113870080988912431e-04
8.101303152513725844e-04
8.088755687955231834e-04
8.076227657167314765e-04
8.063719030050552333e-04
8.051229776552141842e-04
8.038759866665825399e-04
8.026309270431818349e-04
8.013877957936737725e-04
8.001465899313538275e-04
7.989073064741425726e-04
7.976699424445794990e-04
7.964344948698155345e-04
7.952009607816065391e-04
7.939693372163048480e-04
7.927396212148536334e-04
7.915118098227786649e-04
7.902859000901824547e-04
7.890618890717352590e-04
7.878397738266694397e-04
7.866195514187728508e-04
7.854012189163798400e-04
7.841847733923665862e-04
7.829702119241416670e-04
7.817575315936413968e-04
7.805467294873206108e-04
7.793378026961471361e-04
7.781307483155949604e-04
7.769255634456355593e-04
7.757222451907327997e-04
7.745207906598347005e-04
7.733211969663674693e-04
7.721234612282280212e-04
7.709275805677770401e-04
7.697335521118318230e-04
7.685413729916605336e-04
7.673510403429733119e-04
7.661625513059177207e-04
7.649759030250700715e-04
7.637910926494293536e-04
7.626081173324104033e-04
7.614269742318366396e-04
7.602476605099335594e-04
7.590701733333223402e-04
7.578945098730119258e-04
7.567206673043929549e-04
7.555486428072310384e-04
7.543784335656599296e-04
7.532100367681744766e-04
7.520434496076240085e-04
7.508786692812057222e-04
7.497156929904578515e-04
7.485545179412531622e-04
7.473951413437913624e-04
7.462375604125936817e-04
7.450817723664954987e-04
7.439277744286394017e-04
7.427755638264690093e-04
7.416251377917224647e-04
7.404764935604247382e-04
7.393296283728822060e-04
7.381845394736753860e-04
7.370412241116524330e-04
7.358996795399227412e-04
7.347599030158496808e-04
7.336218918010450679e-04
7.324856431613614672e-04
7.313511543668864455e-04
7.302184226919356327e-04
7.290874454150462168e-04
7.279582198189704385e-04
7.268307431906693029e-04
7.257050128213054238e-04
7.245810260062371692e-04
7.234587800450121555e-04
7.223382722413598757e-04
7.212194999031862775e-04
7.201024603425669338e-04
7.189871508757402115e-04
7.178735688231016338e-04
7.167617115091963996e-04
7.156515762627138535e-04
7.145431604164806556e-04
7.134364613074543849e-04
7.123314762767173590e-04
7.112282026694696953e-04
7.101266378350236733e-04
7.090267791267970124e-04
7.079286239023063667e-04
7.068321695231612536e-04
7.057374133550574401e-04
7.046443527677706542e-04
7.035529851351507305e-04
7.024633078351147798e-04
7.013753182496407917e-04
7.002890137647619978e-04
6.992043917705599316e-04
6.981214496611584663e-04
6.970401848347177430e-04
6.959605946934273400e-04
6.948826766435005266e-04
6.938064280951679753e-04
6.927318464626715808e-04
6.916589291642575221e-04
6.905876736221710577e-04
6.895180772626500207e-04
6.884501375159184219e-04
6.873838518161801614e-04
6.863192176016136075e-04
6.852562323143643330e-04
6.841948934005401273e-04
6.831351983102040577e-04
6.820771444973682896e-04
6.810207294199886654e-04
6.799659505399584161e-04
6.789128053231010054e-04
6.778612912391657934e-04
6.768114057618203382e-04
6.757631463686455172e-04
6.747165105411288052e-04
6.736714957646583110e-04
6.726280995285170315e-04
6.715863193258763460e-04
6.705461526537904874e-04
6.695075970131900362e-04
6.684706499088767170e-04
6.674353088495162427e-04
6.664015713476334349e-04
6.653694349196052861e-04
6.643388970856560797e-04
6.633099553698504521e-04
6.622826073000877539e-04
6.612568504080963043e-04
6.602326822294273196e-04
6.592101003034491662e-04
6.581891021733408563e-04
6.571696853860871683e-04
6.561518474924714914e-04
6.551355860470711636e-04
6.541208986082506409e-04
6.531077827381566187e-04
6.520962360027108759e-04
6.510862559716056128e-04
6.500778402182970546e-04
6.490709863199994878e-04
6.480656918576796228e-04
6.470619544160516063e-04
6.460597715835693236e-04
6.450591409524224955e-04
6.440600601185298476e-04
6.430625266815334726e-04
6.420665382447933011e-04
6.410720924153813548e-04
6.400791868040754586e-04
6.390878190253545784e-04
6.380979866973918819e-04
6.371096874420497519e-04
6.361229188848738225e-04
6.351376786550873418e-04
6.341539643855856421e-04
6.331717737129300685e-04
6.321911042773423412e-04
6.312119537226994594e-04
6.302343196965275217e-04
6.292581998499959797e-04
6.282835918379124336e-04
6.273104933187166696e-04
6.263389019544752384e-04
6.253688154108752754e-04
6.244002313572198388e-04
6.234331474664217294e-04
6.224675614149978529e-04
6.215034708830640157e-04
6.205408735543287450e-04
6.195797671160885181e-04
6.186201492592211491e-04
6.176620176781816686e-04
6.167053700709954935e-04
6.157502041392533309e-04
6.147965175881059743e-04
6.138443081262582321e-04
6.128935734659640483e-04
6.119443113230205395e-04
6.109965194167624658e-04
6.100501954700570263e-04
6.091053372092986549e-04
6.081619423644027324e-04
6.072200086688004901e-04
6.062795338594342397e-04
6.053405156767509765e-04
6.044029518646975001e-04
6.034668401707144521e-04
6.025321783457316532e-04
6.015989641441624658e-04
6.006671953238977221e-04
5.997368696463016048e-04
5.988079848762049243e-04
5.978805387819003487e-04
5.969545291351375247e-04
5.960299537111173312e-04
5.951068102884854829e-04
5.941850966493292772e-04
5.932648105791707644e-04
5.923459498669614342e-04
5.914285123050780964e-04
5.905124956893160505e-04
5.895978978188847483e-04
5.886847164964024819e-04
5.877729495278906369e-04
5.868625947227687056e-04
5.859536498938489740e-04
5.850461128573317517e-04
5.841399814327987577e-04
5.832352534432099769e-04
5.823319267148956363e-04
5.814299990775544710e-04
5.805294683642449414e-04
5.796303324113829571e-04
5.787325890587346122e-04
5.778362361494123909e-04
5.769412715298687707e-04
5.760476930498923190e-04
5.751554985626016218e-04
5.742646859244402964e-04
5.733752529951722209e-04
5.724871976378756791e-04
5.716005177189390244e-04
5.707152111080554752e-04
5.698312756782168264e-04
5.689487093057100887e-04
5.680675098701107664e-04
5.671876752542796048e-04
5.663092033443550008e-04
5.654320920297506176e-04
5.645563392031484459e-04
5.636819427604940333e-04
5.628089006009924728e-04
5.619372106271018977e-04
5.610668707445299035e-04
5.601978788622269346e-04
5.593302328923825976e-04
5.584639307504204574e-04
5.575989703549917489e-04
5.567353496279722324e-04
5.558730664944559058e-04
5.550121188827503420e-04
5.541525047243724611e-04
5.532942219540416991e-04
5.524372685096774066e-04
5.515816423323924517e-04
5.507273413664875820e-04
5.498743635594488229e-04
5.490227068619404297e-04
5.481723692278007683e-04
5.473233486140375442e-04
5.464756429808223818e-04
5.456292502914867042e-04
5.447841685125159872e-04
5.439403956135452052e-04
5.430979295673543867e-04
5.422567683498629755e-04
5.414169099401253864e-04
5.405783523203264510e-04
5.397410934757762135e-04
5.389051313949044016e-04
5.380704640692571738e-04
5.372370894934909392e-04
5.364050056653681293e-04
5.355742105857524277e-04
5.347447022586037822e-04
5.339164786909733097e-04
5.330895378929993928e-04
5.322638778779017164e-04
5.314394966619777989e-04
5.306163922645972452e-04
5.297945627081970853e-04
5.289740060182776538e-04
5.281547202233969522e-04
5.273367033551668547e-04
5.265199534482475777e-04
5.257044685403437778e-04
5.248902466721985880e-04
5.240772858875905821e-04
5.232655842333270527e-04
5.224551397592418428e-04
5.216459505181878648e-04
5.208380145660348234e-04
5.200313299616630362e-04
5.192258947669594216e-04
5.184217070468126205e-04
5.176187648691082249e-04
5.168170663047249843e-04
5.160166094275286247e-04
5.152173923143689221e-04
5.144194130450737389e-04
5.136226697024450123e-04
5.128271603722542012e-04
5.120328831432376234e-04
5.112398361070915774e-04
5.104480173584683301e-04
5.096574249949706965e-04
5.088680571171482446e-04
5.080799118284925250e-04
5.072929872354323003e-04
5.065072814473293170e-04
5.057227925764733178e-04
5.049395187380779221e-04
5.041574580502758548e-04
5.033766086341148272e-04
5.025969686135521152e-04
5.018185361154515241e-04
5.010413092695765579e-04
5.002652862085893350e-04
4.994904650680428906e-04
4.987168439863777069e-04
4.979444211049184610e-04
4.971731945678677361e-04
4.964031625223028774e-04
4.956343231181708966e-04
4.948666745082845684e-04
4.941002148483170098e-04
4.933349422967983188e-04
4.925708550151104790e-04
4.918079511674831308e-04
4.910462289209897770e-04
4.902856864455419281e-04
4.895263219138860662e-04
4.887681335015988749e-04
4.880111193870822518e-04
4.872552777515598934e-04
4.865006067790721991e-04
4.857471046564723681e-04
4.849947695734215750e-04
4.842435997223850665e-04
4.834935932986274992e-04
4.827447485002090365e-04
4.819970635279803616e-04
4.812505365855789365e-04
4.805051658794242319e-04
4.797609496187140408e-04
4.790178860154194911e-04
4.782759732842811425e-04
4.775352096428044871e-04
4.767955933112560463e-04
4.760571225126586001e-04
4.753197954727871760e-04
4.745836104201648200e-04
4.738485655860582061e-04
4.731146592044735161e-04
4.723818895121521030e-04
4.716502547485663163e-04
4.709197531559152741e-04
4.701903829791205264e-04
4.694621424658219889e-04
4.687350298663737688e-04
4.680090434338396660e-04
4.672841814239892151e-04
4.665604420952936199e-04
4.658378237089210372e-04
4.651163245287332155e-04
4.643959428212805622e-04
4.636766768557984029e-04
4.629585249042026448e-04
4.622414852410857105e-04
4.615255561437124187e-04
4.608107358920158635e-04
4.600970227685929155e-04
4.593844150587006979e-04
4.586729110502519788e-04
4.579625090338114847e-04
4.572532073025911302e-04
4.565450041524468194e-04
4.558378978818734589e-04
4.551318867920014881e-04
4.544269691865925965e-04
4.537231433720357123e-04
4.530204076573426659e-04
4.523187603541443946e-04
4.516181997766868230e-04
4.509187242418267972e-04
4.502203320690282358e-04
4.495230215803577389e-04
4.488267911004805767e-04
4.481316389566571113e-04
4.474375634787382434e-04
4.467445629991617260e-04
4.460526358529481525e-04
4.453617803776966201e-04
4.446719949135814233e-04
4.439832778033471743e-04
4.432956273923054427e-04
4.426090420283307434e-04
4.419235200618562001e-04
4.412390598458700757e-04
4.405556597359113272e-04
4.398733180900659735e-04
4.391920332689631381e-04
4.385118036357709293e-04
4.378326275561926994e-04
4.371545033984628706e-04
4.364774295333435743e-04
4.358014043341198259e-04
4.351264261765963809e-04
4.344524934390936693e-04
4.337796045024436753e-04
4.331077577499861425e-04
4.324369515675648341e-04
4.317671843435236831e-04
4.310984544687024018e-04
4.304307603364334461e-04
4.297641003425372989e-04
4.290984728853193802e-04
4.284338763655656562e-04
4.277703091865389532e-04
4.271077697539753248e-04
4.264462564760800414e-04
4.257857677635234150e-04
4.251263020294378725e-04
4.244678576894132934e-04
4.238104331614935406e-04
4.231540268661728279e-04
4.224986372263914917e-04
4.218442626675325221e-04
4.211909016174179301e-04
4.205385525063044653e-04
4.198872137668803093e-04
4.192368838342610095e-04
4.185875611459858475e-04
4.179392441420142065e-04
4.172919312647215061e-04
4.166456209588958949e-04
4.160003116717338060e-04
4.153560018528373540e-04
4.147126899542093485e-04
4.140703744302504205e-04
4.134290537377551195e-04
4.127887263359080101e-04
4.121493906862802570e-04
4.115110452528255051e-04
4.108736885018768976e-04
4.102373189021423058e-04
4.096019349247019981e-04
4.089675350430037608e-04
4.083341177328599710e-04
4.077016814724436391e-04
4.070702247422847229e-04
4.064397460252667659e-04
4.058102438066229947e-04
4.051817165739325785e-04
4.045541628171173219e-04
4.039275810284377621e-04
4.033019697024898620e-04
4.026773273362007819e-04
4.020536524288261145e-04
4.014309434819454399e-04
4.008091989994596151e-04
4.001884174875861662e-04
3.995685974548566317e-04
3.989497374121120637e-04
3.983318358725006420e-04
3.977148913514728500e-04
3.970989023667787637e-04
3.964838674384639321e-04
3.958697850888665036e-04
3.952566538426128357e-04
3.946444722266145670e-04
3.940332387700649312e-04
3.934229520044351248e-04
3.928136104634708382e-04
3.922052126831885688e-04
3.915977572018725854e-04
3.909912425600708626e-04
3.903856673005917199e-04
3.897810299685007312e-04
3.891773291111166053e-04
3.885745632780081499e-04
3.879727310209904771e-04
3.873718308941219131e-04
3.867718614537001497e-04
3.861728212582587745e-04
3.855747088685642352e-04
3.849775228476118825e-04
3.843812617606227715e-04
3.837859241750404089e-04
3.831915086605265251e-04
3.825980137889588512e-04
3.820054381344265655e-04
3.814137802732273661e-04
3.808230387838642725e-04
3.802332122470417227e-04
3.796442992456623743e-04
3.790562983648238524e-04
3.784692081918153341e-04
3.778830273161134286e-04
3.772977543293801715e-04
3.767133878254583625e-04
3.761299264003688009e-04
3.755473686523068703e-04
3.749657131816390150e-04
3.743849585908993788e-04
3.738051034847868236e-04
3.732261464701610806e-04
3.726480861560394972e-04
3.720709211535941103e-04
3.714946500761476342e-04
3.709192715391708590e-04
3.703447841602786929e-04
3.697711865592271806e-04
3.691984773579103053e-04
3.686266551803560852e-04
3.680557186527240801e-04
3.674856664033015422e-04
3.669164970625002180e-04
3.663482092628529870e-04
3.657808016390108261e-04
3.652142728277396112e-04
3.646486214679162141e-04
3.640838462005259002e-04
3.635199456686586425e-04
3.629569185175063567e-04
3.623947633943588355e-04
3.618334789486012549e-04
3.612730638317105964e-04
3.607135166972526112e-04
3.601548362008780797e-04
3.595970210003203178e-04
3.590400697553913279e-04
3.584839811279788720e-04
3.579287537820433811e-04
3.573743863836143235e-04
3.568208776007872774e-04
3.562682261037209493e-04
3.557164305646335419e-04
3.551654896577996099e-04
3.546154020595473498e-04
3.540661664482548047e-04
3.535177815043472082e-04
3.529702459102933526e-04
3.524235583506028779e-04
3.518777175118226403e-04
3.513327220825340010e-04
3.507885707533491947e-04
3.502452622169089985e-04
3.497027951678784489e-04
3.491611683029446737e-04
3.486203803208134228e-04
3.480804299222055439e-04
3.475413158098546521e-04
3.470030366885033888e-04
3.464655912649006577e-04
3.459289782477981546e-04
3.453931963479477119e-04
3.448582442780977197e-04
3.443241207529905792e-04
3.437908244893591236e-04
3.432583542059239085e-04
3.427267086233896877e-04
3.421958864644429198e-04
3.416658864537482445e-04
3.411367073179455011e-04
3.406083477856468550e-04
3.400808065874335998e-04
3.395540824558531214e-04
3.390281741254157536e-04
3.385030803325919592e-04
3.379787998158093488e-04
3.374553313154491025e-04
3.369326735738436933e-04
3.364108253352731466e-04
3.358897853459627092e-04
3.353695523540792711e-04
3.348501251097285472e-04
3.343315023649523661e-04
3.338136828737253096e-04
3.332966653919517308e-04
3.327804486774629355e-04
3.322650314900140920e-04
3.317504125912813578e-04
3.312365907448587359e-04
3.307235647162553097e-04
3.302113332728922072e-04
3.296998951840994030e-04
3.291892492211129532e-04
3.286793941570723392e-04
3.281703287670168900e-04
3.276620518278834508e-04
3.271545621185030224e-04
3.266478584195979420e-04
3.261419395137790645e-04
3.256368041855428890e-04
3.251324512212681438e-04
3.246288794092137267e-04
3.241260875395149095e-04
3.236240744041809538e-04
3.231228387970922367e-04
3.226223795139968910e-04
3.221226953525084731e-04
3.216237851121026567e-04
3.211256475941146851e-04
3.206282816017361724e-04
3.201316859400124473e-04
3.196358594158395174e-04
3.191408008379614672e-04
3.186465090169672055e-04
3.181529827652879714e-04
3.176602208971944074e-04
3.171682222287933606e-04
3.166769855780256064e-04
3.161865097646625951e-04
3.156967936103036881e-04
3.152078359383733925e-04
3.147196355741187050e-04
3.142321913446058596e-04
3.137455020787178876e-04
3.132595666071516364e-04
3.127743837624148964e-04
3.122899523788239071e-04
3.118062712925001589e-04
3.113233393413679536e-04
3.108411553651512058e-04
3.103597182053710580e-04
3.098790267053428988e-04
3.093990797101735983e-04
3.089198760667587976e-04
3.084414146237799813e-04
3.079636942317019298e-04
3.074867137427697377e-04
3.070104720110063200e-04
3.065349678922092680e-04
3.060602002439486813e-04
3.055861679255637516e-04
3.051128697981605412e-04
3.046403047246089464e-04
3.041684715695401500e-04
3.036973691993437481e-04
3.032269964821651480e-04
3.027573522879027494e-04
3.022884354882053961e-04
3.018202449564694493e-04
3.013527795678361309e-04
3.008860381991890296e-04
3.004200197291509574e-04
2.999547230380817807e-04
2.994901470080754929e-04
2.990262905229574501e-04
2.985631524682817142e-04
2.981007317313285601e-04
2.976390272011014931e-04
2.971780377683248646e-04
2.967177623254409983e-04
2.962581997666078053e-04
2.957993489876958025e-04
2.953412088862855645e-04
2.948837783616653930e-04
2.944270563148279553e-04
2.939710416484684415e-04
2.935157332669814743e-04
2.930611300764584528e-04
2.926072309846853301e-04
2.921540349011393059e-04
2.917015407369869299e-04
2.912497474050809569e-04
2.907986538199581247e-04
2.903482588978362265e-04
2.898985615566116174e-04
2.894495607158568289e-04
2.890012552968173709e-04
2.885536442224101049e-04
2.881067264172197206e-04
2.876605008074965678e-04
2.872149663211541080e-04
2.867701218877662583e-04
2.863259664385650605e-04
2.858824989064373740e-04
2.854397182259232500e-04
2.849976233332128408e-04
2.845562131661439069e-04
2.841154866641992685e-04
2.836754427685043664e-04
2.832360804218246597e-04
2.827973985685631325e-04
2.823593961547575287e-04
2.819220721280780214e-04
2.814854254378248272e-04
2.810494550349253878e-04
2.806141598719318216e-04
2.801795389030188100e-04
2.797455910839807781e-04
2.793123153722293470e-04
2.788797107267908400e-04
2.784477761083040603e-04
2.780165104790176343e-04
2.775859128027872470e-04
2.771559820450735282e-04
2.767267171729393413e-04
2.762981171550475614e-04
2.758701809616581472e-04
2.754429075646261361e-04
2.750162959373990412e-04
2.745903450550139790e-04
2.741650538940959884e-04
2.737404214328548321e-04
2.733164466510829916e-04
2.728931285301529016e-04
2.724704660530148908e-04
2.720484582041944165e-04
2.716271039697895173e-04
2.712064023374689695e-04
2.707863522964692516e-04
2.703669528375922675e-04
2.699482029532030694e-04
2.695301016372274186e-04
2.691126478851492919e-04
2.686958406940083335e-04
2.682796790623978491e-04
2.678641619904618249e-04
2.674492884798930297e-04
2.670350575339305757e-04
2.666214681573569911e-04
2.662085193564965395e-04
2.657962101392125640e-04
2.653845395149047760e-04
2.649735064945071958e-04
2.645631100904858213e-04
2.641533493168361888e-04
2.637442231890810415e-04
2.633357307242675653e-04
2.629278709409657079e-04
2.625206428592654143e-04
2.621140455007741872e-04
2.617080778886151358e-04
2.613027390474239936e-04
2.608980280033474926e-04
2.604939437840406526e-04
2.600904854186642879e-04
2.596876519378831091e-04
2.592854423738629051e-04
2.588838557602686453e-04
2.584828911322619859e-04
2.580825475264988305e-04
2.576828239811271076e-04
2.572837195357847648e-04
2.568852332315967328e-04
2.564873641111735164e-04
2.560901112186080497e-04
2.556934735994741787e-04
2.552974503008235713e-04
2.549020403711843076e-04
2.545072428605576272e-04
2.541130568204165202e-04
2.537194813037030707e-04
2.533265153648257459e-04
2.529341580596582042e-04
2.525424084455359336e-04
2.521512655812545170e-04
2.517607285270674644e-04
2.513707963446835556e-04
2.509814680972650524e-04
2.505927428494249872e-04
2.502046196672253202e-04
2.498170976181743916e-04
2.494301757712248072e-04
2.490438531967713244e-04
2.486581289666484670e-04
2.482730021541280311e-04
2.478884718339175136e-04
2.475045370821573470e-04
2.471211969764189483e-04
2.467384505957023332e-04
2.463562970204338939e-04
2.459747353324645558e-04
2.455937646150670671e-04
2.452133839529341015e-04
2.448335924321758182e-04
2.444543891403181822e-04
2.440757731663000093e-04
2.436977436004714756e-04
2.433202995345915150e-04
2.429434400618258412e-04
2.425671642767445889e-04
2.421914712753203084e-04
2.418163601549257430e-04
2.414418300143315790e-04
2.410678799537043860e-04
2.406945090746044212e-04
2.403217164799834342e-04
2.399495012741825794e-04
2.395778625629301937e-04
2.392067994533397096e-04
2.388363110539074052e-04
2.384663964745104795e-04
2.380970548264045594e-04
2.377282852222220729e-04
2.373600867759695387e-04
2.369924586030258587e-04
2.366253998201400409e-04
2.362589095454290856e-04
2.358929868983758438e-04
2.355276309998269302e-04
2.351628409719907175e-04
2.347986159384349780e-04
2.344349550240849324e-04
2.340718573552212438e-04
2.337093220594777139e-04
2.333473482658393312e-04
2.329859351046401029e-04
2.326250817075610489e-04
2.322647872076279249e-04
2.319050507392094612e-04
2.315458714380148951e-04
2.311872484410922642e-04
2.308291808868260749e-04
2.304716679149353511e-04
2.301147086664715466e-04
2.297583022838164588e-04
2.294024479106801951e-04
2.290471446920990320e-04
2.286923917744334905e-04
2.283381883053662220e-04
2.279845334339000024e-04
2.276314263103555908e-04
2.272788660863697512e-04
2.269268519148931647e-04
2.265753829501886141e-04
2.262244583478285984e-04
2.258740772646936252e-04
2.255242388589698797e-04
2.251749422901474628e-04
2.248261867190182769e-04
2.244779713076739661e-04
2.241302952195040727e-04
2.237831576191936524e-04
2.234365576727217562e-04
2.230904945473590720e-04
2.227449674116660549e-04
2.223999754354908937e-04
2.220555177899675601e-04
2.217115936475137208e-04
2.213682021818289762e-04
2.210253425678925291e-04
2.206830139819614773e-04
2.203412156015688078e-04
2.199999466055212822e-04
2.196592061738975401e-04
2.193189934880461738e-04
2.189793077305836962e-04
2.186401480853926156e-04
2.183015137376194035e-04
2.179634038736727052e-04
2.176258176812211715e-04
2.172887543491916430e-04
2.169522130677672251e-04
2.166161930283851741e-04
2.162806934237350811e-04
2.159457134477570561e-04
2.156112522956394782e-04
2.152773091638173148e-04
2.149438832499700892e-04
2.146109737530200914e-04
2.142785798731301013e-04
2.139467008117018978e-04
2.136153357713740637e-04
2.132844839560201964e-04
2.129541445707469562e-04
2.126243168218920068e-04
2.122949999170224429e-04
2.119661930649326489e-04
2.116378954756423475e-04
2.113101063603949189e-04
2.109828249316552870e-04
2.106560504031081572e-04
2.103297819896561463e-04
2.100040189074178310e-04
2.096787603737257962e-04
2.093540056071249548e-04
2.090297538273704601e-04
2.087060042554259986e-04
2.083827561134617840e-04
2.080600086248527683e-04
2.077377610141767719e-04
2.074160125072125856e-04
2.070947623309381551e-04
2.067740097135287104e-04
2.064537538843548418e-04
2.061339940739806832e-04
2.058147295141622322e-04
2.054959594378452355e-04
2.051776830791634816e-04
2.048598996734369573e-04
2.045426084571700320e-04
2.042258086680495601e-04
2.039094995449430923e-04
2.035936803278970322e-04
2.032783502581349017e-04
2.029635085780551998e-04
2.026491545312301013e-04
2.023352873624031261e-04
2.020219063174877024e-04
2.017090106435650795e-04
2.013965995888827561e-04
2.010846724028524741e-04
2.007732283360485657e-04
2.004622666402060282e-04
2.001517865682188443e-04
1.998417873741380841e-04
1.995322683131701979e-04
1.992232286416751458e-04
1.989146676171646899e-04
1.986065844983005244e-04
1.982989785448926762e-04
1.979918490178973907e-04
1.976851951794157225e-04
1.973790162926915834e-04
1.970733116221097916e-04
1.967680804331948239e-04
1.964633219926084585e-04
1.961590355681484192e-04
1.958552204287464238e-04
1.955518758444665310e-04
1.952490010865032971e-04
1.949465954271800412e-04
1.946446581399472191e-04
1.943431884993804986e-04
1.940421857811791334e-04
1.937416492621642282e-04
1.934415782202768145e-04
1.931419719345764678e-04
1.928428296852391941e-04
1.925441507535560195e-04
1.922459344219310125e-04
1.919481799738797113e-04
1.916508866940273891e-04
1.913540538681072383e-04
1.910576807829587442e-04
1.907617667265260584e-04
1.904663109878559663e-04
1.901713128570965857e-04
1.898767716254954425e-04
1.895826865853976278e-04
1.892890570302444963e-04
1.889958822545715527e-04
1.887031615540069875e-04
1.884108942252699971e-04
1.881190795661689941e-04
1.878277168755998732e-04
1.875368054535446016e-04
1.872463446010692401e-04
1.869563336203222898e-04
1.866667718145332557e-04
1.863776584880108035e-04
1.860889929461409162e-04
1.858007744953855663e-04
1.855130024432808994e-04
1.852256760984355541e-04
1.849387947705288999e-04
1.846523577703096278e-04
1.843663644095938799e-04
1.840808140012637048e-04
1.837957058592653225e-04
1.835110392986076067e-04
1.832268136353602686e-04
1.829430281866523665e-04
1.826596822706705976e-04
1.823767752066576993e-04
1.820943063149106601e-04
1.818122749167793643e-04
1.815306803346646133e-04
1.812495218920169603e-04
1.809687989133345145e-04
1.806885107241617758e-04
1.804086566510878457e-04
1.801292360217448282e-04
1.798502481648061224e-04
1.795716924099849583e-04
1.792935680880327438e-04
1.790158745307373841e-04
1.787386110709217096e-04
1.784617770424419851e-04
1.781853717801860936e-04
1.779093946200720731e-04
1.776338448990466253e-04
1.773587219550833269e-04
1.770840251271810304e-04
1.768097537553624547e-04
1.765359071806724774e-04
1.762624847451766709e-04
1.759894857919594327e-04
1.757169096651228194e-04
1.754447557097846223e-04
1.751730232720769313e-04
1.749017116991446162e-04
1.746308203391437012e-04
1.743603485412397380e-04
1.740902956556063697e-04
1.738206610334236499e-04
1.735514440268765793e-04
1.732826439891534793e-04
1.730142602744444739e-04
1.727462922379399994e-04
1.724787392358290692e-04
1.722116006252978919e-04
1.719448757645282715e-04
1.716785640126961172e-04
1.714126647299698170e-04
1.711471772775088006e-04
1.708821010174618054e-04
1.706174353129656564e-04
1.703531795281435044e-04
1.700893330281033080e-04
1.698258951789363973e-04
1.695628653477159560e-04
1.693002429024953676e-04
1.690380272123068065e-04
1.687762176471598822e-04
1.685148135780396611e-04
1.682538143769055550e-04
1.679932194166898300e-04
1.677330280712957913e-04
1.674732397155965352e-04
1.672138537254333512e-04
1.669548694776142571e-04
1.666962863499124006e-04
1.664381037210648125e-04
1.661803209707705628e-04
1.659229374796895959e-04
1.656659526294410230e-04
1.654093658026017390e-04
1.651531763827049869e-04
1.648973837542386765e-04
1.646419873026441110e-04
1.643869864143144145e-04
1.641323804765930686e-04
1.638781688777725301e-04
1.636243510070925771e-04
1.633709262547389544e-04
1.631178940118419636e-04
1.628652536704749455e-04
1.626130046236526805e-04
1.623611462653301964e-04
1.621096779904011690e-04
1.618585991946963501e-04
1.616079092749823747e-04
1.613576076289601347e-04
1.611076936552633158e-04
1.608581667534571497e-04
1.606090263240366801e-04
1.603602717684255699e-04
1.601119024889745561e-04
1.598639178889599863e-04
1.596163173725824902e-04
1.593691003449654081e-04
1.591222662121535435e-04
1.588758143811115099e-04
1.586297442597225113e-04
1.583840552567867697e-04
1.581387467820202515e-04
1.578938182460530950e-04
1.576492690604282558e-04
1.574050986376001780e-04
1.571613063909333037e-04
1.569178917347006095e-04
1.566748540840822508e-04
1.564321928551642342e-04
1.561899074649368720e-04
1.559479973312935357e-04
1.557064618730290837e-04
1.554653005098385876e-04
1.552245126623159497e-04
1.549840977519524393e-04
1.547440552011353373e-04
1.545043844331465271e-04
1.542650848721611393e-04
1.540261559432461148e-04
1.537875970723589581e-04
1.535494076863461654e-04
1.533115872129420048e-04
1.530741350807670795e-04
1.528370507193268374e-04
1.526003335590105136e-04
1.523639830310894231e-04
1.521279985677157951e-04
1.518923796019213638e-04
1.516571255676159855e-04
1.514222358995862298e-04
1.511877100334942407e-04
1.509535474058760021e-04
1.507197474541403619e-04
1.504863096165674329e-04
1.502532333323074274e-04
1.500205180413790847e-04
1.497881631846685873e-04
1.495561682039280699e-04
1.493245325417740747e-04
1.490932556416867919e-04
1.488623369480080545e-04
1.486317759059404707e-04
1.484015719615458518e-04
1.481717245617440466e-04
1.479422331543114237e-04
1.477130971878797060e-04
1.474843161119345880e-04
1.472558893768144081e-04
1.470278164337087930e-04
1.468000967346574925e-04
1.465727297325487529e-04
1.463457148811183955e-04
1.461190516349481904e-04
1.458927394494646910e-04
1.456667777809379598e-04
1.454411660864800781e-04
1.452159038240440070e-04
1.449909904524223411e-04
1.447664254312457631e-04
1.445422082209820141e-04
1.443183382829343214e-04
1.440948150792404497e-04
1.438716380728710751e-04
1.436488067276286463e-04
1.434263205081461653e-04
1.432041788798857232e-04
1.429823813091374166e-04
1.427609272630179105e-04
1.425398162094692191e-04
1.423190476172573498e-04
1.420986209559711656e-04
1.418785356960210566e-04
1.416587913086377200e-04
1.414393872658705885e-04
1.412203230405869355e-04
1.410015981064706013e-04
1.407832119380203939e-04
1.405651640105490859e-04
1.403474538001820598e-04
1.401300807838562501e-04
1.399130444393184905e-04
1.396963442451246737e-04
1.394799796806382329e-04
1.392639502260290311e-04
1.390482553622719513e-04
1.388328945711458126e-04
1.386178673352320959e-04
1.384031731379136972e-04
1.381888114633735183e-04
1.379747817965934638e-04
1.377610836233531671e-04
1.375477164302285811e-04
1.373346797045909477e-04
1.371219729346053893e-04
1.369095956092299051e-04
1.366975472182137990e-04
1.364858272520968942e-04
1.362744352022079335e-04
1.360633705606635493e-04
1.358526328203669086e-04
1.356422214750067641e-04
1.354321360190558008e-04
1.352223759477699317e-04
1.350129407571866978e-04
1.348038299441241305e-04
1.345950430061797481e-04
1.343865794417290925e-04
1.341784387499246178e-04
1.339706204306946060e-04
1.337631239847417576e-04
1.335559489135421617e-04
1.333490947193440219e-04
1.331425609051664096e-04
1.329363469747982067e-04
1.327304524327968050e-04
1.325248767844869671e-04
1.323196195359595533e-04
1.321146801940704637e-04
1.319100582664393647e-04
1.317057532614485506e-04
1.315017646882417509e-04
1.312980920567229104e-04
1.310947348775550240e-04
1.308916926621590793e-04
1.306889649227126475e-04
1.304865511721490156e-04
1.302844509241556960e-04
1.300826636931735046e-04
1.298811889943952600e-04
1.296800263437646451e-04
1.294791752579751499e-04
1.292786352544686890e-04
1.290784058514346533e-04
1.288784865678087169e-04
1.286788769232715096e-04
1.284795764382476674e-04
1.282805846339046135e-04
1.280819010321513653e-04
1.278835251556374503e-04
1.276854565277516320e-04
1.274876946726210701e-04
1.272902391151096665e-04
1.270930893808174965e-04
1.268962449960792094e-04
1.266997054879631613e-04
1.265034703842702495e-04
1.263075392135325843e-04
1.261119115050126488e-04
1.259165867887018081e-04
1.257215645953196318e-04
1.255268444563122944e-04
1.253324259038518984e-04
1.251383084708349285e-04
1.249444916908814662e-04
1.247509750983338611e-04
1.245577582282556743e-04
1.243648406164306211e-04
1.241722217993613240e-04
1.239799013142683915e-04
1.237878786990891165e-04
1.235961534924764741e-04
1.234047252337979557e-04
1.232135934631345387e-04
1.230227577212794675e-04
1.228322175497372501e-04
1.226419724907225469e-04
1.224520220871590324e-04
1.222623658826782294e-04
1.220730034216186419e-04
1.218839342490243594e-04
1.216951579106442159e-04
1.215066739529306117e-04
1.213184819230383202e-04
1.211305813688235664e-04
1.209429718388428345e-04
1.207556528823518108e-04
1.205686240493043126e-04
1.203818848903512182e-04
1.201954349568393280e-04
1.200092738008103483e-04
1.198234009749997800e-04
1.196378160328358611e-04
1.194525185284385239e-04
1.192675080166182288e-04
1.190827840528750023e-04
1.188983461933972990e-04
1.187141939950609436e-04
1.185303270154281017e-04
1.183467448127462226e-04
1.181634469459468868e-04
1.179804329746448309e-04
1.177977024591369442e-04
1.176152549604010222e-04
1.174330900400949126e-04
1.172512072605553227e-04
1.170696061847968574e-04
1.168882863765109345e-04
1.167072474000646875e-04
1.165264888205000030e-04
1.163460102035324638e-04
1.161658111155502239e-04
1.159858911236130870e-04
1.158062497954513546e-04
1.156268866994648365e-04
1.154478014047218752e-04
1.152689934809581531e-04
1.150904624985758524e-04
1.149122080286424624e-04
1.147342296428898172e-04
1.145565269137130930e-04
1.143790994141697103e-04
1.142019467179783849e-04
1.140250683995180036e-04
1.138484640338267428e-04
1.136721331966009303e-04
1.134960754641940424e-04
1.133202904136157825e-04
1.131447776225308880e-04
1.129695366692582635e-04
1.127945671327699637e-04
1.126198685926900966e-04
1.124454406292938602e-04
1.122712828235065269e-04
1.120973947569024401e-04
1.119237760117040387e-04
1.117504261707808134e-04
1.115773448176482496e-04
1.114045315364670010e-04
1.112319859120417101e-04
1.110597075298201138e-04
1.108876959758920138e-04
1.107159508369882326e-04
1.105444717004797599e-04
1.103732581543766006e-04
1.102023097873268534e-04
1.100316261886158159e-04
1.098612069481648195e-04
1.096910516565303891e-04
1.095211599049031586e-04
1.093515312851069631e-04
1.091821653895978361e-04
1.090130618114629928e-04
1.088442201444199089e-04
1.086756399828153307e-04
1.085073209216242323e-04
1.083392625564489476e-04
1.081714644835181540e-04
1.080039262996858697e-04
1.078366476024305323e-04
1.076696279898540224e-04
1.075028670606806205e-04
1.073363644142562209e-04
1.071701196505471797e-04
1.070041323701394204e-04
1.068384021742375934e-04
1.066729286646639108e-04
1.065077114438744499e-04
1.063427501149154057e-04
1.061780442814477566e-04
1.060135935477546636e-04
1.058493975187323367e-04
1.056854557998889636e-04
1.055217679973437207e-04
1.053583337178258376e-04
1.051951525686736490e-04
1.050322241578336454e-04
1.048695480938595387e-04
1.047071239859113397e-04
1.045449514437543561e-04
1.043830300777583652e-04
1.042213594988965572e-04
1.040599393187446674e-04
1.038987691494800688e-04
1.037378486038807143e-04
1.035771772953243919e-04
1.034167548377876264e-04
1.032565808458448805e-04
1.030966549346675241e-04
1.029369767200229808e-04
1.027775458182737930e-04
1.026183618463766457e-04
1.024594244218815400e-04
1.023007331629308039e-04
1.021422876882581703e-04
1.019840876171878967e-04
1.018261325696338972e-04
1.016684221660986860e-04
1.015109560276725907e-04
1.013537337760328180e-04
1.011967550334424770e-04
1.010400194227497532e-04
1.008835265673870137e-04
1.007272760913697910e-04
1.005712676192959830e-04
1.004155007763449318e-04
1.002599751882764749e-04
1.001046904814301321e-04
9.994964628272407523e-05
9.979484221965441036e-05
9.964027792029410673e-05
9.948595301329222443e-05
9.933186712787295215e-05
9.917801989383476691e-05
9.902441094154949895e-05
9.887103990196151858e-05
9.871790640658674682e-05
9.856501008751180162e-05
9.841235057739317115e-05
9.825992750945630576e-05
9.810774051749468288e-05
9.795578923586899386e-05
9.780407329950624950e-05
9.765259234389884492e-05
9.750134600510378710e-05
9.735033391974175969e-05
9.719955572499621506e-05
9.704901105861256112e-05
9.689869955889728037e-05
9.674862086471708973e-05
9.659877461549795110e-05
9.644916045122436672e-05
9.629977801243838978e-05
9.615062694023886550e-05
9.600170687628042823e-05
9.585301746277282385e-05
9.570455834247985265e-05
9.555632915871870524e-05
9.540832955535894617e-05
9.526055917682171425e-05
9.511301766807893658e-05
9.496570467465233916e-05
9.481861984261275576e-05
9.467176281857912496e-05
9.452513324971774486e-05
9.437873078374135142e-05
9.423255506890835956e-05
9.408660575402194158e-05
9.394088248842920048e-05
9.379538492202037030e-05
9.365011270522792172e-05
9.350506548902574888e-05
9.336024292492828844e-05
9.321564466498978780e-05
9.307127036180334282e-05
9.292711966850015245e-05
9.278319223874862429e-05
9.263948772675361558e-05
9.249600578725552527e-05
9.235274607552948077e-05
9.220970824738456556e-05
9.206689195916291108e-05
9.192429686773897850e-05
9.178192263051861003e-05
9.163976890543828351e-05
9.149783535096425865e-05
9.135612162609179092e-05
9.121462739034430489e-05
9.107335230377251332e-05
9.093229602695369884e-05
9.079145822099079241e-05
9.065083854751168212e-05
9.051043666866827808e-05
9.037025224713579412e-05
9.023028494611188047e-05
9.009053442931583766e-05
8.995100036098778982e-05
8.981168240588795291e-05
8.967258022929568595e-05
8.953369349700881347e-05
8.939502187534278520e-05
8.925656503112984941e-05
8.911832263171828037e-05
8.898029434497156524e-05
8.884247983926763154e-05
8.870487878349800695e-05
8.856749084706704673e-05
8.843031569989113420e-05
8.829335301239792176e-05
8.815660245552551773e-05
8.802006370072160547e-05
8.788373641994284705e-05
8.774762028565390745e-05
8.761171497082677697e-05
8.747602014893994451e-05
8.734053549397762504e-05
8.720526068042898718e-05
8.707019538328731288e-05
8.693533927804933338e-05
8.680069204071429406e-05
8.666625334778331751e-05
8.653202287625856321e-05
8.639800030364244157e-05
8.626418530793685490e-05
8.613057756764239787e-05
8.599717676175767987e-05
8.586398256977840343e-05
8.573099467169676790e-05
8.559821274800046660e-05
8.546563647967221242e-05
8.533326554818872146e-05
8.520109963552010310e-05
8.506913842412897910e-05
8.493738159696981955e-05
8.480582883748812972e-05
8.467447982961971817e-05
8.454333425778991077e-05
8.441239180691275106e-05
8.428165216239039039e-05
8.415111501011217994e-05
8.402078003645393881e-05
8.389064692827730358e-05
8.376071537292886088e-05
8.363098505823946980e-05
8.350145567252344875e-05
8.337212690457788424e-05
8.324299844368188552e-05
8.311406997959573076e-05
8.298534120256031142e-05
8.285681180329618352e-05
8.272848147300299851e-05
8.260034990335862227e-05
8.247241678651849822e-05
8.234468181511484766e-05
8.221714468225595153e-05
8.208980508152541853e-05
8.196266270698143979e-05
8.183571725315602987e-05
8.170896841505434916e-05
8.158241588815393140e-05
8.145605936840395181e-05
8.132989855222452237e-05
8.120393313650594647e-05
8.107816281860797346e-05
8.095258729635906685e-05
8.082720626805578088e-05
8.070201943246186607e-05
8.057702648880765933e-05
8.045222713678936571e-05
8.032762107656831298e-05
8.020320800877015204e-05
8.007898763448428772e-05
7.995495965526305208e-05
7.983112377312099966e-05
7.970747969053424342e-05
7.958402711043969580e-05
7.946076573623439109e-05
7.933769527177469939e-05
7.921481542137568960e-05
7.909212588981041122e-05
7.896962638230913532e-05
7.884731660455867697e-05
7.872519626270174469e-05
7.860326506333610022e-05
7.848152271351398928e-05
7.835996892074136911e-05
7.823860339297720372e-05
7.811742583863279981e-05
7.799643596657103428e-05
7.787563348610578506e-05
7.775501810700105013e-05
7.763458953947043257e-05
7.751434749417634095e-05
7.739429168222929816e-05
7.727442181518725021e-05
7.715473760505495637e-05
7.703523876428314894e-05
7.691592500576797757e-05
7.679679604285025033e-05
7.667785158931474251e-05
7.655909135938954613e-05
7.644051506774533810e-05
7.632212242949472966e-05
7.620391316019160235e-05
7.608588697583036262e-05
7.596804359284529127e-05
7.585038272810985230e-05
7.573290409893604239e-05
7.561560742307369971e-05
7.549849241870977209e-05
7.538155880446774783e-05
7.526480629940686959e-05
7.514823462302151107e-05
7.503184349524052641e-05
7.491563263642653193e-05
7.479960176737522853e-05
7.468375060931481890e-05
7.456807888390519436e-05
7.445258631323740635e-05
7.433727261983289392e-05
7.422213752664290093e-05
7.410718075704775785e-05
7.399240203485617695e-05
7.387780108430475089e-05
7.376337763005707182e-05
7.364913139720321634e-05
7.353506211125908148e-05
7.342116949816566637e-05
7.330745328428838110e-05
7.319391319641657234e-05
7.308054896176262890e-05
7.296736030796146676e-05
7.285434696306987846e-05
7.274150865556584203e-05
7.262884511434784330e-05
7.251635606873425247e-05
7.240404124846272786e-05
7.229190038368947047e-05
7.217993320498862768e-05
7.206813944335166986e-05
7.195651883018665848e-05
7.184507109731773117e-05
7.173379597698430210e-05
7.162269320184054696e-05
7.151176250495467116e-05
7.140100361980839482e-05
7.129041628029612605e-05
7.118000022072445954e-05
7.106975517581156667e-05
7.095968088068636880e-05
7.084977707088813072e-05
7.074004348236566104e-05
7.063047985147678364e-05
7.052108591498757871e-05
7.041186141007192202e-05
7.030280607431071234e-05
7.019391964569124810e-05
7.008520186260673948e-05
6.997665246385549522e-05
6.986827118864039413e-05
6.976005777656827517e-05
6.965201196764924632e-05
6.954413350229610180e-05
6.943642212132369862e-05
6.932887756594831969e-05
6.922149957778706388e-05
6.911428789885719554e-05
6.900724227157558884e-05
6.890036243875802301e-05
6.879364814361864030e-05
6.868709912976926830e-05
6.858071514121887784e-05
6.847449592237289185e-05
6.836844121803258901e-05
6.826255077339456168e-05
6.815682433404999759e-05
6.805126164598413775e-05
6.794586245557562593e-05
6.784062650959593946e-05
6.773555355520879289e-05
6.763064333996941975e-05
6.752589561182409817e-05
6.742131011910950040e-05
6.731688661055204223e-05
6.721262483526735452e-05
6.710852454275961906e-05
6.700458548292098583e-05
6.690080740603099026e-05
6.679719006275597044e-05
6.669373320414836244e-05
6.659043658164623945e-05
6.648729994707263421e-05
6.638432305263496981e-05
6.628150565092440910e-05
6.617884749491539400e-05
6.607634833796488646e-05
6.597400793381186712e-05
6.587182603657679310e-05
6.576980240076085271e-05
6.566793678124551814e-05
6.556622893329190854e-05
6.546467861254019369e-05
6.536328557500902480e-05
6.526204957709489751e-05
6.516097037557165052e-05
6.506004772758980142e-05
6.495928139067603179e-05
6.485867112273253660e-05
6.475821668203649570e-05
6.465791782723946397e-05
6.455777431736682917e-05
6.445778591181716146e-05
6.435795237036169840e-05
6.425827345314377573e-05
6.415874892067819041e-05
6.405937853385067205e-05
6.396016205391728663e-05
6.386109924250389441e-05
6.376218986160552644e-05
6.366343367358578834e-05
6.365119578667928599e-05
