0.000000000000000000e+00
1.525438225638272010e-03
3.049236952563701402e-03
6.093557653686206173e-03
9.131329611767508708e-03
1.216256252755652453e-02
4.211734514083560754e-02
7.142904078026740544e-02
1.001075229742221517e-01
1.281628027984740847e-01
2.120147047001958163e-01
2.901769712351160990e-01
3.629588838642275328e-01
4.306641530761061154e-01
4.935883370623572741e-01
5.765343221590397693e-01
6.509305374208866901e-01
7.175356429411964276e-01
7.770522545399798364e-01
8.301276611374346359e-01
8.400229541830002145e-01
8.496890198158373320e-01
8.505609852597216802e-01
8.514310771214697038e-01
8.522992987370512363e-01
8.540301434354760080e-01
8.557535476066393532e-01
8.560971897299430866e-01
8.564405356916440226e-01
8.571266357172504513e-01
8.571578713593878129e-01
8.571891045435980905e-01
8.572515659983090952e-01
8.572609943773958907e-01
8.572703559094619896e-01
8.572706665377332058e-01
8.572709543956811284e-01
8.572712194833058685e-01
8.572714618006072040e-01
8.572716813475853570e-01
8.572720521305715602e-01
8.572723318322647001e-01
8.572725204526644438e-01
8.572716264541124787e-01
8.572703216381178937e-01
8.572690168243932707e-01
8.572559688119867349e-01
8.572429210265604116e-01
8.572298734681098598e-01
8.572168261366321929e-01
8.570863653044338282e-01
8.569559271649784815e-01
8.568255117142511423e-01
8.566951189482223672e-01
8.553924380604084332e-01
8.540920212153993996e-01
8.527938643956434195e-01
8.514979635906911870e-01
8.502043147972431214e-01
8.422154756931967690e-01
8.343124963634780400e-01
8.264944344363098772e-01
8.187603579154258959e-01
8.111093450645052716e-01
8.035404842941631376e-01
7.960528740502859080e-01
7.886456227035101296e-01
7.813178484399170287e-01
7.740686791529334254e-01
7.668972523364194771e-01
7.598027149789381429e-01
7.527842234591863857e-01
7.458409434425783413e-01
7.389720497789689091e-01
7.321767264015024423e-01
7.254541662265765467e-01
7.188035710549061097e-01
7.122241514729922285e-01
7.057151267567546293e-01
6.992757247786390851e-01
6.929051819090658038e-01
6.866027429240366686e-01
6.803676609127304875e-01
6.741991971859475630e-01
6.680966211855632331e-01
6.620592103949789475e-01
6.560862502507943672e-01
6.501770342695684102e-01
6.443308634196477369e-01
6.385470463644933314e-01
6.328248994863374666e-01
6.271637466918142945e-01
6.215629193292414589e-01
6.160217561066809733e-01
6.105396030108820593e-01
6.051158132271214907e-01
5.997497470599245650e-01
5.944407718546611541e-01
5.891882619200039528e-01
5.839915984512413782e-01
5.788501694544354592e-01
5.737633696714139475e-01
5.687306005055897673e-01
5.637512699485963674e-01
5.588247925077323153e-01
5.539505891342038080e-01
5.491280871521584395e-01
5.443567201885005646e-01
5.396359281034779354e-01
5.349651569220360559e-01
5.303438587659257131e-01
5.257714917865594639e-01
5.212475200986079749e-01
5.167714137143268882e-01
5.123426484781476997e-01
5.079607056459892744e-01
5.036250729813990246e-01
4.993352434024425635e-01
4.950907154087839102e-01
4.908909930592285642e-01
4.867355860190120120e-01
4.826240091240986407e-01
4.785557825500048601e-01
4.745304318277999700e-01
4.705474873865961305e-01
4.666064855458106342e-01
4.627069672904302600e-01
4.588484786575742769e-01
4.550305707160204882e-01
4.512527994743841808e-01
4.475147258268752370e-01
4.438159154994797961e-01
4.401559389967456548e-01
4.365343715491594168e-01
4.329507930611006250e-01
4.294047880593707123e-01
4.258959456422876100e-01
4.224238594293416860e-01
4.189881275114081260e-01
4.155883524030912213e-01
4.122241409894790154e-01
4.088951044815426483e-01
4.056008583691305125e-01
4.023410223722204693e-01
3.991152203946898291e-01
3.959230804782912228e-01
3.927642347570853287e-01
3.896383194123735905e-01
3.865449746281297561e-01
3.834838445469198609e-01
3.804545772263090431e-01
3.774568245957484747e-01
3.744902424139359143e-01
3.715544902266479932e-01
3.686492313250349095e-01
3.657741327043754209e-01
3.629288650232861402e-01
3.601131025633798055e-01
3.573265231893681948e-01
3.545688083096038001e-01
3.518396428370570428e-01
3.491387151507223119e-01
3.464657170574500511e-01
3.438203437541982321e-01
3.412022937907003284e-01
3.386112690325440711e-01
3.360469746246570466e-01
3.335091189551942503e-01
3.309974136198238770e-01
3.285115733864054643e-01
3.260513161600582244e-01
3.236163629486134008e-01
3.212064378284471555e-01
3.188212679106901537e-01
3.164605833078087960e-01
3.141241171005552113e-01
3.118116053052802927e-01
3.095227868416077222e-01
3.072574035004633775e-01
3.050151999124569580e-01
3.027959235166124419e-01
3.005993245294418248e-01
2.984251559143605292e-01
2.962731733514390453e-01
2.941431352074880823e-01
2.920348025064729569e-01
2.899479389002536656e-01
2.878823106396479203e-01
2.858376865458121530e-01
2.838138379819379331e-01
2.818105388252602483e-01
2.798275654393741485e-01
2.778646966468560353e-01
2.759217137021865440e-01
2.739984002649717421e-01
2.720945423734593138e-01
2.702099284183464012e-01
2.683443491168756023e-01
2.664975974872167974e-01
2.646694688231306936e-01
2.628597606689115906e-01
2.610682727946063708e-01
2.592948071715058811e-01
2.575391679479064333e-01
2.558011614251388677e-01
2.540805960338605729e-01
2.523772823106093521e-01
2.506910328746155270e-01
2.490216624048690042e-01
2.473689876174391400e-01
2.457328272430443494e-01
2.441130020048691562e-01
2.425093345966247704e-01
2.409216496608519442e-01
2.393497737674625536e-01
2.377935353925176853e-01
2.362527648972391203e-01
2.347272945072521322e-01
2.332169582920571582e-01
2.317215921447272342e-01
2.302410337618291669e-01
2.287751226235657520e-01
2.273236999741369280e-01
2.258866088023168128e-01
2.244636938222451805e-01
2.230548014544301849e-01
2.216597798069602498e-01
2.202784786569229047e-01
2.189107494320286229e-01
2.175564451924366094e-01
2.162154206127808731e-01
2.148875319643944737e-01
2.135726370977291677e-01
2.122705954249690385e-01
2.109812679028353899e-01
2.097045170155810712e-01
2.084402067581722362e-01
2.071882026196548710e-01
2.059483715667053128e-01
2.047205820273610699e-01
2.035047038749314974e-01
2.023006084120852477e-01
2.011081683551131927e-01
1.999272578183645122e-01
1.987577522988545065e-01
1.975995286610414126e-01
1.964524651217713358e-01
1.953164412353889656e-01
1.941913378790118272e-01
1.930770372379672917e-01
1.919734227913895974e-01
1.908803792979756886e-01
1.897977927818977339e-01
1.887255505188710769e-01
1.876635410223753686e-01
1.866116540300276072e-01
1.855697804901050851e-01
1.845378125482171616e-01
1.835156435341231962e-01
1.825031679486962544e-01
1.815002814510301432e-01
1.805068808456882778e-01
1.795228640700933243e-01
1.785481301820555644e-01
1.775825793474383740e-01
1.766261128279600912e-01
1.756786329691296111e-01
1.747400431883153749e-01
1.738102479629455299e-01
1.728891528188378490e-01
1.719766643186585453e-01
1.710726900505080139e-01
1.701771386166323619e-01
1.692899196222588942e-01
1.684109436645553348e-01
1.675401223217097835e-01
1.666773681421314102e-01
1.658225946337701928e-01
1.649757162535538391e-01
1.641366483969414480e-01
1.633053073875919969e-01
1.624816104671466532e-01
1.616654757851238022e-01
1.608568223889249027e-01
1.600555702139510872e-01
1.592616400738279259e-01
1.584749536507382706e-01
1.576954334858614581e-01
1.569230029699178186e-01
1.561575863338173220e-01
1.553991086394109766e-01
1.546474957703447006e-01
1.539026744230130861e-01
1.531645720976135550e-01
1.524331170892985199e-01
1.517082384794253003e-01
1.509898661269021836e-01
1.502779306596298547e-01
1.495723634660373336e-01
1.488730966867106986e-01
1.481800632061142653e-01
1.474931966444029130e-01
1.468124313493246180e-01
1.461377023882119708e-01
1.454689455400622056e-01
1.448060972877041053e-01
1.441490948100514757e-01
1.434978759744417465e-01
1.428523793290589483e-01
1.422125440954402908e-01
1.415783101610651740e-01
1.409496180720256620e-01
1.403264090257779206e-01
1.397086248639735073e-01
1.390962080653691813e-01
1.384891017388154011e-01
1.378872496163215666e-01
1.372905960461979213e-01
1.366990859862727281e-01
1.361126649971844405e-01
1.355312792357474816e-01
1.349548754483912427e-01
1.343834009646713568e-01
1.338168036908521374e-01
1.332550321035601559e-01
1.326980352435073729e-01
1.321457627092834930e-01
1.315981646512167647e-01
1.310551917653021703e-01
1.305167952871967851e-01
1.299829269862809444e-01
1.294535391597851082e-01
1.289285846269812574e-01
1.284080167234381287e-01
1.278917892953400359e-01
1.273798566938680044e-01
1.268721737696428820e-01
1.263686958672295413e-01
1.258693788197017827e-01
1.253741789432669951e-01
1.248830530319499366e-01
1.243959583523351897e-01
1.239128526383674600e-01
1.234336940862091753e-01
1.229584413491546235e-01
1.224870535326001708e-01
1.220194901890699207e-01
1.215557113132959832e-01
1.210956773373531303e-01
1.206393491258468814e-01
1.201866879711546154e-01
1.197376555887191274e-01
1.192922141123940044e-01
1.188503260898401970e-01
1.184119544779734107e-01
1.179770626384615273e-01
1.175456143332715281e-01
1.171175737202657802e-01
1.166929053488464096e-01
1.162715741556480109e-01
1.158535454602774295e-01
1.154387849611007710e-01
1.150272587310766648e-01
1.146189332136354350e-01
1.142137752186035415e-01
1.138117519181731652e-01
1.134128308429158682e-01
1.130169798778403872e-01
1.126241672584937792e-01
1.122343615671053119e-01
1.118475317287731807e-01
1.114636470076929287e-01
1.110826770034274436e-01
1.107045916472181590e-01
1.103293611983367506e-01
1.099569562404770218e-01
1.095873476781866612e-01
1.092205067333380381e-01
1.088564049416381047e-01
1.084950141491766162e-01
1.081363065090123476e-01
1.077802544777969884e-01
1.074268308124360638e-01
1.070760085667868261e-01
1.067277610883923533e-01
1.063820620152516744e-01
1.060388852726254216e-01
1.056982050698767606e-01
1.053599958973469031e-01
1.050242325232653429e-01
1.046908899906936891e-01
1.043599436145036113e-01
1.040313689783877171e-01
1.037051419319034717e-01
1.033812385875498424e-01
1.030596353178756253e-01
1.027403087526202602e-01
1.024232357758856765e-01
1.021083935233394746e-01
1.017957593794487497e-01
1.014853109747446136e-01
1.011770261831166223e-01
1.008708831191370558e-01
1.005668601354147984e-01
1.002649358199780849e-01
9.996508899368634904e-02
9.966729870767032651e-02
9.937154424080058002e-02
9.907780509718375206e-02
9.878606100368630960e-02
9.849629190748582230e-02
9.820847797364889997e-02
9.792259958273606679e-02
9.763863732843279519e-02
9.735657201520674098e-02
9.707638465599080502e-02
9.679805646989154966e-02
9.652156887992299761e-02
9.624690351076542472e-02
9.597404218654853603e-02
9.570296692865945531e-02
9.543365995357454279e-02
9.516610367071526300e-02
9.490028068032749231e-02
9.463617377138434927e-02
9.437376591951213145e-02
9.411304028493877594e-02
9.385398021046535699e-02
9.359656921945959385e-02
9.334079101387156296e-02
9.308662947227126783e-02
9.283406864790777480e-02
9.258309276678980404e-02
9.233368622578728979e-02
9.208583359075403485e-02
9.183951959467097359e-02
9.159472913580975206e-02
9.135144727591672231e-02
9.110965923841664316e-02
9.086935040663665641e-02
9.063050632204933121e-02
9.039311268253520659e-02
9.015715534066463810e-02
8.992262030199824063e-02
8.968949372340641324e-02
8.945776191140698830e-02
8.922741132052146307e-02
8.899842855164925848e-02
8.877080035045981088e-02
8.854451360580235797e-02
8.831955534813337727e-02
8.809591274796121918e-02
8.787357311430782358e-02
8.765252389318754778e-02
8.743275266610253671e-02
8.721424714855477434e-02
8.699699518857458014e-02
8.678098476526506511e-02
8.656620398736299127e-02
8.635264109181496617e-02
8.614028444236990212e-02
8.592912252818644958e-02
8.571914396245609857e-02
8.551033748104128196e-02
8.530269194112849451e-02
8.509619631989633060e-02
8.489083971319805189e-02
8.468661133425869902e-02
8.448350051238670555e-02
8.428149669169936187e-02
8.408058942986265660e-02
8.388076839684477370e-02
8.368202337368343957e-02
8.348434425126671776e-02
8.328772102912729292e-02
8.309214381425011897e-02
8.289760281989294599e-02
8.270408836442014189e-02
8.251159087014903193e-02
8.232010086220928335e-02
8.212960896741453021e-02
8.194010591314658531e-02
8.175158252625190636e-02
8.156402973195026052e-02
8.137743855275526850e-02
8.119180010740696674e-02
8.100710560981604080e-02
8.082334636801968841e-02
8.064051378314908425e-02
8.045859934840798866e-02
8.027759464806284717e-02
8.009749135644385343e-02
7.991828123695698949e-02
7.973995614110020169e-02
7.956250800750108709e-02
7.938592886098945478e-02
7.921021081161294664e-02
7.903534605371467792e-02
7.886132686501043376e-02
7.868814560567428951e-02
7.851579471743459770e-02
7.834426672267968961e-02
7.817355422357344374e-02
7.800364990118069386e-02
7.783454651460214313e-02
7.766623690011886794e-02
7.749871397034635567e-02
7.733197071339743822e-02
7.716600019205502314e-02
7.700079554295348461e-02
7.683634997576919978e-02
7.667265677242011968e-02
7.650970928627386092e-02
7.634750094136487364e-02
7.618602523161996376e-02
7.602527572009235013e-02
7.586524603820433976e-02
7.570592988499816323e-02
7.554732102639506730e-02
7.538941329446274819e-02
7.523220058669048693e-02
7.507567686527265305e-02
7.491983615639989658e-02
7.476467254955801445e-02
7.461018019683496316e-02
7.445635331223497688e-02
7.430318617100051259e-02
7.415067310894177255e-02
7.399880852177322110e-02
7.384758686445785925e-02
7.369700265055834087e-02
7.354705045159544430e-02
7.339772489641357978e-02
7.324902067055304167e-02
7.310093251562967132e-02
7.295345522872082045e-02
7.280658366175832286e-02
7.266031272092821069e-02
7.251463736607685617e-02
7.236955261012374685e-02
7.222505351848074184e-02
7.208113520847769795e-02
7.193779284879431302e-02
7.179502165889842247e-02
7.165281690849033269e-02
7.151117391695321901e-02
7.137008805280985191e-02
7.122955473318492992e-02
7.108956942327351869e-02
7.095012763581538817e-02
7.081122493057509515e-02
7.067285691382765855e-02
7.053501923785009120e-02
7.039770760041835773e-02
7.026091774430995307e-02
7.012464545681205974e-02
6.998888656923481222e-02
6.985363695643023729e-02
6.971889253631628758e-02
6.958464926940623185e-02
6.945090315834311079e-02
6.931765024743938297e-02
6.918488662222167795e-02
6.905260840898046204e-02
6.892081177432464456e-02
6.878949292474130506e-02
6.865864810615988911e-02
6.852827360352158059e-02
6.839836574035318417e-02
6.826892087834569856e-02
6.813993541693764977e-02
6.801140579290287924e-02
6.788332847994299479e-02
6.775569998828419316e-02
6.762851686427850950e-02
6.750177569000957722e-02
6.737547308290264825e-02
6.724960569533885990e-02
6.712417021427376229e-02
6.699916336086020330e-02
6.687458189007508547e-02
6.675042259035038339e-02
6.662668228320836605e-02
6.650335782290041353e-02
6.638044609605027457e-02
6.625794402130096017e-02
6.613584854896562004e-02
6.601415666068212451e-02
6.589286536907180969e-02
6.577197171740138681e-02
6.565147277924922309e-02
6.553136565817477277e-02
6.541164748739194956e-02
6.529231542944595457e-02
6.517336667589364307e-02
6.505479844698758285e-02
6.493660799136334594e-02
6.481879258573038094e-02
6.470134953456631310e-02
6.458427616981447794e-02
6.446756985058486877e-02
6.435122796285841495e-02
6.423524791919438259e-02
6.411962715844109206e-02
6.400436314544981353e-02
6.388945337079177111e-02
6.377489535047820013e-02
6.366068662568367953e-02
6.354682476247229539e-02
6.343330735152691302e-02
6.332013200788143281e-02
6.320729637065593265e-02
6.309479810279484957e-02
6.298263489080779820e-02
6.287080444451353944e-02
6.275930449678654433e-02
6.264813280330640277e-02
6.253728714231000796e-02
6.242676531434651621e-02
6.231656514203484654e-02
6.220668446982401123e-02
6.209712116375596530e-02
6.198787311123112043e-02
6.187893822077644712e-02
6.177031442181604021e-02
6.166199966444436964e-02
6.155399191920179341e-02
6.144628917685277664e-02
6.133888944816637961e-02
6.123179076369924395e-02
6.112499117358088929e-02
6.101848874730147337e-02
6.091228157350180028e-02
6.080636775976569486e-02
6.070074543241456289e-02
6.059541273630433822e-02
6.049036783462454631e-02
6.038560890869971304e-02
6.028113415779273732e-02
6.017694179891068529e-02
6.007303006661249278e-02
5.996939721281896452e-02
5.986604150662471618e-02
5.976296123411222599e-02
5.966015469816801642e-02
5.955762021830069558e-02
5.945535613046118439e-02
5.935336078686472006e-02
5.925163255581498978e-02
5.915016982153008251e-02
5.904897098397041827e-02
5.894803445866849539e-02
5.884735867656061548e-02
5.874694208382035682e-02
5.864678314169391449e-02
5.854688032633729305e-02
5.844723212865517853e-02
5.834783705414170463e-02
5.824869362272287049e-02
5.814980036860074863e-02
5.805115584009937907e-02
5.795275859951237035e-02
5.785460722295215213e-02
5.775670030020089302e-02
5.765903643456306987e-02
5.756161424271964699e-02
5.746443235458383730e-02
5.736748941315846645e-02
5.727078407439491897e-02
5.717431500705360409e-02
5.707808089256596884e-02
5.698208042489798925e-02
5.688631231041527125e-02
5.679077526774947704e-02
5.669546802766632643e-02
5.660038933293499996e-02
5.650553793819901305e-02
5.641091260984851252e-02
5.631651212589385697e-02
5.622233527584076518e-02
5.612838086056672060e-02
5.603464769219874270e-02
5.594113459399253224e-02
5.584784040021291418e-02
5.575476395601560581e-02
5.566190411733030335e-02
5.556925975074499674e-02
5.547682973339158191e-02
5.538461295283279850e-02
5.529260830695028467e-02
5.520081470383390865e-02
5.510923106167235630e-02
5.501785630864488436e-02
5.492668938281424634e-02
5.483572923202081895e-02
5.474497481377790103e-02
5.465442509516810210e-02
5.456407905274097275e-02
5.447393567241157891e-02
5.438399394936045683e-02
5.429425288793435223e-02
5.420471150154834022e-02
5.411536881258877801e-02
5.402622385231750646e-02
5.393727566077700236e-02
5.384852328669657157e-02
5.375996578739961756e-02
5.367160222871187464e-02
5.358343168487070957e-02
5.349545323843536704e-02
5.340766598019821426e-02
5.332006900909695701e-02
5.323266143212780632e-02
5.314544236425967905e-02
5.305841092834913397e-02
5.297156625505654998e-02
5.288490748276288705e-02
5.279843375748787676e-02
5.271214423301474189e-02
5.262603807028941316e-02
5.254011443765703449e-02
5.245437251088698460e-02
5.236881147254135449e-02
5.228343051335382352e-02
5.219822883053441831e-02
5.211320562830800557e-02
5.202836011788864595e-02
5.194369151735498541e-02
5.185919905157770904e-02
5.177488195214750150e-02
5.169073945730382619e-02
5.160677081186457182e-02
5.152297526715632348e-02
5.143935208094555650e-02
5.135590051737042722e-02
5.127261984687345175e-02
5.118950934613479553e-02
5.110656829800641621e-02
5.102379599144683808e-02
5.094119172145668978e-02
5.085875478901484559e-02
5.077648450101548278e-02
5.069438017020556908e-02
5.061244111512323840e-02
5.053066666003672852e-02
5.044905613488401275e-02
5.036760887521312541e-02
5.028632422212306330e-02
5.020520152220544347e-02
5.012424012748673691e-02
5.004343939537104352e-02
4.996279868858374135e-02
4.988231737511543418e-02
4.980199482816681511e-02
4.972183042609391174e-02
4.964182355235403216e-02
4.956197359545229386e-02
4.948227994888871467e-02
4.940274201110588653e-02
4.932335918543726688e-02
4.924413088005592798e-02
4.916505650792400012e-02
4.908613548674257976e-02
4.900736723890219276e-02
4.892875119143386131e-02
4.885028677596060104e-02
4.877197342864952184e-02
4.869381059016446994e-02
4.861579770561913483e-02
4.853793422453063500e-02
4.846021960077379065e-02
4.838265329253563229e-02
4.830523476227062407e-02
4.822796347665626177e-02
4.815083890654921900e-02
4.807386052694191669e-02
4.799702781691956438e-02
4.792034025961777743e-02
4.784379734218053432e-02
4.776739855571860566e-02
4.769114339526852459e-02
4.761503135975191092e-02
4.753906195193529499e-02
4.746323467839035082e-02
4.738754904945461505e-02
4.731200457919249730e-02
4.723660078535692197e-02
4.716133718935122676e-02
4.708621331619153305e-02
4.701122869446950486e-02
4.693638285631558660e-02
4.686167533736253915e-02
4.678710567670941317e-02
4.671267341688597335e-02
4.663837810381743498e-02
4.656421928678961680e-02
4.649019651841452411e-02
4.641630935468611663e-02
4.634255735471981552e-02
4.626894008085674637e-02
4.619545709867618061e-02
4.612210797691661951e-02
4.604889228744362545e-02
4.597580960521782667e-02
4.590285950826340777e-02
4.583004157763680142e-02
4.575735539739591434e-02
4.568480055456939498e-02
4.561237663912655338e-02
4.554008324394740598e-02
4.546791996479308123e-02
4.539588640027660688e-02
4.532398215183398166e-02
4.525220682369550385e-02
4.518056002285752992e-02
4.510904135905444839e-02
4.503765044473097279e-02
4.496638689501478159e-02
4.489525032768938717e-02
4.482424036316736554e-02
4.475335662446382895e-02
4.468259873717022462e-02
4.461196632942837637e-02
4.454145903190484534e-02
4.447107647776556150e-02
4.440081830265071167e-02
4.433068414464991225e-02
4.426067364427768019e-02
4.419078644444909831e-02
4.412102219045581364e-02
4.405138052994227171e-02
4.398186111288222150e-02
4.391246359155544232e-02
4.384318762052476920e-02
4.377403285661330551e-02
4.370499895888194097e-02
4.363608558860709169e-02
4.356729240925871077e-02
4.349861908647845166e-02
4.343006528805816446e-02
4.336163068391858666e-02
4.329331494608826963e-02
4.322511774868268569e-02
4.315703876788364729e-02
4.308907768191890669e-02
4.302123417104197073e-02
4.295350791751210290e-02
4.288589860557466549e-02
4.281840592144148250e-02
4.275102955327162585e-02
4.268376919115219464e-02
4.261662452707953158e-02
4.254959525494043937e-02
4.248268107049369552e-02
4.241588167135180304e-02
4.234919675696284525e-02
4.228262602859260422e-02
4.221616918930683887e-02
4.214982594395379201e-02
4.208359599914684307e-02
4.201747906324736909e-02
4.195147484634779989e-02
4.188558306025483291e-02
4.181980341847284233e-02
4.175413563618749629e-02
4.168857943024947138e-02
4.162313451915845147e-02
4.155780062304718914e-02
4.149257746366583066e-02
4.142746476436635211e-02
4.136246225008717581e-02
4.129756964733797414e-02
4.123278668418463300e-02
4.116811309023431231e-02
4.110354859662080501e-02
4.103909293598990288e-02
4.097474584248501916e-02
4.091050705173292223e-02
4.084637630082962878e-02
4.078235332832649135e-02
4.071843787421634137e-02
4.065462967991993748e-02
4.059092848827232369e-02
4.052733404350959689e-02
4.046384609125561194e-02
4.040046437850897815e-02
4.033718865363005585e-02
4.027401866632823041e-02
4.021095416764920716e-02
4.014799490996252135e-02
4.008514064694914530e-02
4.002239113358922740e-02
3.995974612614999755e-02
3.989720538217374907e-02
3.983476866046601478e-02
3.977243572108377090e-02
3.971020632532391847e-02
3.964808023571170931e-02
3.958605721598943555e-02
3.952413703110518872e-02
3.946231944720174356e-02
3.940060423160552522e-02
3.933899115281577069e-02
3.927747998049373884e-02
3.921607048545209390e-02
3.915476243964433056e-02
3.909355561615434488e-02
3.903244978918617158e-02
3.897144473405373538e-02
3.891054022717081035e-02
3.884973604604097241e-02
3.878903196924777391e-02
3.872842777644493889e-02
3.866792324834673195e-02
3.860751816671836173e-02
3.854721231436650936e-02
3.848700547513000253e-02
3.842689743387053825e-02
3.836688797646351651e-02
3.830697688978897120e-02
3.824716396172261890e-02
3.818744898112698405e-02
3.812783173784258656e-02
3.806831202267928899e-02
3.800888962740771315e-02
3.794956434475070528e-02
3.789033596837494688e-02
3.783120429288264197e-02
3.777216911380325975e-02
3.771323022758538840e-02
3.765438743158871365e-02
3.759564052407600443e-02
3.753698930420525104e-02
3.747843357202182424e-02
3.741997312845080775e-02
3.736160777528932386e-02
3.730333731519894919e-02
3.724516155169830395e-02
3.718708028915557878e-02
3.712909333278126972e-02
3.707120048862089928e-02
3.701340156354786248e-02
3.695569636525634222e-02
3.689808470225424547e-02
3.684056638385635463e-02
3.678314122017735388e-02
3.672580902212509851e-02
3.666856960139389110e-02
3.661142277045777160e-02
3.655436834256397399e-02
3.649740613172644532e-02
3.644053595271931623e-02
3.638375762107059347e-02
3.632707095305581779e-02
3.627047576569181891e-02
3.621397187673055379e-02
3.615755910465297956e-02
3.610123726866301674e-02
3.604500618868152623e-02
3.598886568534044594e-02
3.593281557997687892e-02
3.587685569462730623e-02
3.582098585202188323e-02
3.576520587557870806e-02
3.570951558939823578e-02
3.565391481825770648e-02
3.559840338760566353e-02
3.554298112355647882e-02
3.548764785288497509e-02
3.543240340302113156e-02
3.537724760204472019e-02
3.532218027868017779e-02
3.526720126229142965e-02
3.521231038287669923e-02
3.515750747106353991e-02
3.510279235810378345e-02
3.504816487586859264e-02
3.499362485684356233e-02
3.493917213412387618e-02
3.488480654140949794e-02
3.483052791300039752e-02
3.477633608379190888e-02
3.472223088927002543e-02
3.466821216550682039e-02
3.461427974915586014e-02
3.456043347744774952e-02
3.450667318818561452e-02
3.445299871974072392e-02
3.439940991104808998e-02
3.434590660160217329e-02
3.429248863145258064e-02
3.423915584119983230e-02
3.418590807199117093e-02
3.413274516551640519e-02
3.407966696400384354e-02
3.402667331021615171e-02
3.397376404744642531e-02
3.392093901951412360e-02
3.386819807076117683e-02
3.381554104604807959e-02
3.376296779075001891e-02
3.371047815075308568e-02
3.365807197245046511e-02
3.360574910273867594e-02
3.355350938901392049e-02
3.350135267916839327e-02
3.344927882158665183e-02
3.339728766514200864e-02
3.334537905919299910e-02
3.329355285357988442e-02
3.324180889862111271e-02
3.319014704510993286e-02
3.313856714431093892e-02
3.308706904795670478e-02
3.303565260824448124e-02
3.298431767783280288e-02
3.293306410983831006e-02
3.288189175783245988e-02
3.283080047583827182e-02
3.277979011832726775e-02
3.272886054021622443e-02
3.267801159686410661e-02
3.262724314406899306e-02
3.257655503806498876e-02
3.252594713551924116e-02
3.247541929352897733e-02
3.242497136961845772e-02
3.237460322173614513e-02
3.232431470825174874e-02
3.227410568795337220e-02
3.222397602004468259e-02
3.217392556414207239e-02
3.212395418027190475e-02
3.207406172886774487e-02
3.202424807076763302e-02
3.197451306721136449e-02
3.192485657983786668e-02
3.187527847068249987e-02
3.182577860217447596e-02
3.177635683713424253e-02
3.172701303877089457e-02
3.167774707067968348e-02
3.162855879683946353e-02
3.157944808161019384e-02
3.153041478973050982e-02
3.148145878631525285e-02
3.143257993685302093e-02
3.138377810720385103e-02
3.133505316359677662e-02
3.128640497262751008e-02
3.123783340125611124e-02
3.118933831680470795e-02
3.114091958695518886e-02
3.109257707974694140e-02
3.104431066357466254e-02
3.099612020718608280e-02
3.094800557967984644e-02
3.089996665050327718e-02
3.085200328945026868e-02
3.080411536665915787e-02
3.075630275261059809e-02
3.070856531812548793e-02
3.066090293436290332e-02
3.061331547281805066e-02
3.056580280532025101e-02
3.051836480403092092e-02
3.047100134144160172e-02
3.042371229037197852e-02
3.037649752396794425e-02
3.032935691569965328e-02
3.028229033935964792e-02
3.023529766906092250e-02
3.018837877923508453e-02
3.014153354463047427e-02
3.009476184031035367e-02
3.004806354165107107e-02
3.000143852434025010e-02
2.995488666437502723e-02
2.990840783806027192e-02
2.986200192200682418e-02
2.981566879312979451e-02
2.976940832864681183e-02
2.972322040607633734e-02
2.967710490323598183e-02
2.963106169824082300e-02
2.958509066950178873e-02
2.953919169572396738e-02
2.949336465590502929e-02
2.944760942933359604e-02
2.940192589558766542e-02
2.935631393453301888e-02
2.931077342632167071e-02
2.926530425139032762e-02
2.921990629045883789e-02
2.917457942452869255e-02
2.912932353488151618e-02
2.908413850307756121e-02
2.903902421095426109e-02
2.899398054062475930e-02
2.894900737447643826e-02
2.890410459516951427e-02
2.885927208563560109e-02
2.881450972907631525e-02
2.876981740896187092e-02
2.872519500902969217e-02
2.868064241328304939e-02
2.863615950598972018e-02
2.859174617168060498e-02
2.854740229514844338e-02
2.850312776144646107e-02
2.845892245588706876e-02
2.841478626404059238e-02
2.837071907173393040e-02
2.832672076504935688e-02
2.828279123032320652e-02
2.823893035414464653e-02
2.819513802335443103e-02
2.815141412504370069e-02
2.810775854655272327e-02
2.806417117546973136e-02
2.802065189962969771e-02
2.797720060711318679e-02
2.793381718624514398e-02
2.789050152559377146e-02
2.784725351396933821e-02
2.780407304042308708e-02
2.776095999424606220e-02
2.771791426496800215e-02
2.767493574235624712e-02
2.763202431641461829e-02
2.758917987738233532e-02
2.754640231573292700e-02
2.750369152217317648e-02
2.746104738764204578e-02
2.741846980330962108e-02
2.737595866057608920e-02
2.733351385107067599e-02
2.729113526665064710e-02
2.724882279940027408e-02
2.720657634162983174e-02
2.716439578587460935e-02
2.712228102489390447e-02
2.708023195167005848e-02
2.703824845940747471e-02
2.699633044153165046e-02
2.695447779168822985e-02
2.691269040374205321e-02
2.687096817177621680e-02
2.682931099009113612e-02
2.678771875320364385e-02
2.674619135584603916e-02
2.670472869296521695e-02
2.666333065972173802e-02
2.662199715148895474e-02
2.658072806385211942e-02
2.653952329260751003e-02
2.649838273376156628e-02
2.645730628352999797e-02
2.641629383833696970e-02
2.637534529481422307e-02
2.633446054980026138e-02
2.629363950033949265e-02
2.625288204368139700e-02
2.621218807727975289e-02
2.617155749879176291e-02
2.613099020607728695e-02
2.609048609719802694e-02
2.605004507041673925e-02
2.600966702419645754e-02
2.596935185719968092e-02
2.592909946828762802e-02
2.588890975651946674e-02
2.584878262115154410e-02
2.580871796163662635e-02
2.576871567762317392e-02
2.572877566895456769e-02
2.568889783566838392e-02
2.564908207799568643e-02
2.560932829636025643e-02
2.556963639137791594e-02
2.553000626385578190e-02
2.549043781479158610e-02
2.545093094537292933e-02
2.541148555697664985e-02
2.537210155116807406e-02
2.533277882970035727e-02
2.529351729451379330e-02
2.525431684773516219e-02
2.521517739167702596e-02
2.517609882883707628e-02
2.513708106189750310e-02
2.509812399372429031e-02
2.505922752736660861e-02
2.502039156605616321e-02
2.498161601320651390e-02
2.494290077241251638e-02
2.490424574744962150e-02
2.486565084227329928e-02
2.482711596101838322e-02
2.478864100799847356e-02
2.475022588770534396e-02
2.471187050480829275e-02
2.467357476415356701e-02
2.463533857076379008e-02
2.459716182983731625e-02
2.455904444674767914e-02
2.452098632704300882e-02
2.448298737644542117e-02
2.444504750085048708e-02
2.440716660632663224e-02
2.436934459911457504e-02
2.433158138562676806e-02
2.429387687244684985e-02
2.425623096632907594e-02
2.421864357419775682e-02
2.418111460314675484e-02
2.414364396043890484e-02
2.410623155350549024e-02
2.406887728994570180e-02
2.403158107752611378e-02
2.399434282418016692e-02
2.395716243800761341e-02
2.392003982727404152e-02
2.388297490041031354e-02
2.384596756601209747e-02
2.380901773283932918e-02
2.377212530981571634e-02
2.373529020602825959e-02
2.369851233072669747e-02
2.366179159332308657e-02
2.362512790339124993e-02
2.358852117066632600e-02
2.355197130504426903e-02
2.351547821658137027e-02
2.347904181549377578e-02
2.344266201215703879e-02
2.340633871710560629e-02
2.337007184103239224e-02
2.333386129478828494e-02
2.329770698938169599e-02
2.326160883597811271e-02
2.322556674589961942e-02
2.318958063062447408e-02
2.315365040178662612e-02
2.311777597117530697e-02
2.308195725073454441e-02
2.304619415256277046e-02
2.301048658891233570e-02
2.297483447218912761e-02
2.293923771495208833e-02
2.290369622991280177e-02
2.286820992993510160e-02
2.283277872803458550e-02
2.279740253737825781e-02
2.276208127128406464e-02
2.272681484322050180e-02
2.269160316680620543e-02
2.265644615580952523e-02
2.262134372414812550e-02
2.258629578588856879e-02
2.255130225524595855e-02
2.251636304658346729e-02
2.248147807441200005e-02
2.244664725338978151e-02
2.241187049832194314e-02
2.237714772416016240e-02
2.234247884600225678e-02
2.230786377909180912e-02
2.227330243881776861e-02
2.223879474071410040e-02
2.220434060045936922e-02
2.216993993387640291e-02
2.213559265693188297e-02
2.210129868573599068e-02
2.206705793654204634e-02
2.203287032574612406e-02
2.199873576988669102e-02
2.196465418564426050e-02
2.193062548984100676e-02
2.189664959944042852e-02
2.186272643154698117e-02
2.182885590340572293e-02
2.179503793240196441e-02
2.176127243606090778e-02
2.172755933204733106e-02
2.169389853816520650e-02
2.166028997235736747e-02
2.162673355270516851e-02
2.159322919742815219e-02
2.155977682488368838e-02
2.152637635356666537e-02
2.149302770210914301e-02
2.145973078928000571e-02
2.142648553398465716e-02
2.139329185526466989e-02
2.136014967229746958e-02
2.132705890439600543e-02
2.129401947100843101e-02
2.126103129171777115e-02
2.122809428624161318e-02
2.119520837443178429e-02
2.116237347627403231e-02
2.112958951188771348e-02
2.109685640152548364e-02
2.106417406557296521e-02
2.103154242454846959e-02
2.099896139910265372e-02
2.096643091001824943e-02
2.093395087820972347e-02
2.090152122472300339e-02
2.086914187073515489e-02
2.083681273755408001e-02
2.080453374661822910e-02
2.077230481949631988e-02
2.074012587788698347e-02
2.070799684361853896e-02
2.067591763864866372e-02
2.064388818506409512e-02
2.061190840508035985e-02
2.057997822104146515e-02
2.054809755541964905e-02
2.051626633081504725e-02
2.048448446995543987e-02
2.045275189569596003e-02
2.042106853101879893e-02
2.038943429903295260e-02
2.035784912297392349e-02
2.032631292620344296e-02
2.029482563220920063e-02
2.026338716460456685e-02
2.023199744712832551e-02
2.020065640364439308e-02
2.016936395814155486e-02
2.013812003473317361e-02
2.010692455765696746e-02
2.007577745127468380e-02
2.004467864007187725e-02
2.001362804865763553e-02
1.998262560176430197e-02
1.995167122424721870e-02
1.992076484108446996e-02
1.988990637737662881e-02
1.985909575834648999e-02
1.982833290933879236e-02
1.979761775582000033e-02
1.976695022337802629e-02
1.973633023772197737e-02
1.970575772468190212e-02
1.967523261020854772e-02
1.964475482037310317e-02
1.961432428136693912e-02
1.958394091950136501e-02
1.955360466120740701e-02
1.952331543303552353e-02
1.949307316165537277e-02
1.946287777385557680e-02
1.943272919654347522e-02
1.940262735674486497e-02
1.937257218160379907e-02
1.934256359838228481e-02
1.931260153446010680e-02
1.928268591733455287e-02
1.925281667462019550e-02
1.922299373404862122e-02
1.919321702346824324e-02
1.916348647084403084e-02
1.913380200425729080e-02
1.910416355190542800e-02
1.907457104210171991e-02
1.904502440327508761e-02
1.901552356396984944e-02
1.898606845284551287e-02
1.895665899867654547e-02
1.892729513035211475e-02
1.889797677687592159e-02
1.886870386736590188e-02
1.883947633105407735e-02
1.881029409728626409e-02
1.878115709552190607e-02
1.875206525533381144e-02
1.872301850640795476e-02
1.869401677854324803e-02
1.866506000165132906e-02
1.863614810575632899e-02
1.860728102099466069e-02
1.857845867761481751e-02
1.854968100597713387e-02
1.852094793655357716e-02
1.849225939992755335e-02
1.846361532679364342e-02
1.843501564795746103e-02
1.840646029433537847e-02
1.837794919695434279e-02
1.834948228695165717e-02
1.832105949557478672e-02
1.829268075418113634e-02
1.826434599423783570e-02
1.823605514732154487e-02
1.820780814511824622e-02
1.817960491942302581e-02
1.815144540213988258e-02
1.812332952528152366e-02
1.809525722096914230e-02
1.806722842143223054e-02
1.803924305900838840e-02
1.801130106614307752e-02
1.798340237538947547e-02
1.795554691940823983e-02
1.792773463096731384e-02
1.789996544294173222e-02
1.787223928831343026e-02
1.784455610017102872e-02
1.781691581170963962e-02
1.778931835623068572e-02
1.776176366714169244e-02
1.773425167795609700e-02
1.770678232229303678e-02
1.767935553387718975e-02
1.765197124653854893e-02
1.762462939421224895e-02
1.759732991093836477e-02
1.757007273086172439e-02
1.754285778823170758e-02
1.751568501740208977e-02
1.748855435283079227e-02
1.746146572907975383e-02
1.743441908081471217e-02
1.740741434280502001e-02
1.738045144992345081e-02
1.735353033714602533e-02
1.732665093955183463e-02
1.729981319232281461e-02
1.727301703074361761e-02
1.724626239020137300e-02
1.721954920618552765e-02
1.719287741428767585e-02
1.716624695020136163e-02
1.713965774972190173e-02
1.711310974874618793e-02
1.708660288327253085e-02
1.706013708940046919e-02
1.703371230333057887e-02
1.700732846136431345e-02
1.698098549990380984e-02
1.695468335545171484e-02
1.692842196461101512e-02
1.690220126408484985e-02
1.687602119067633036e-02
1.684988168128838046e-02
1.682378267292354221e-02
1.679772410268380936e-02
1.677170590777046430e-02
1.674572802548387682e-02
1.671979039322335492e-02
1.669389294848696442e-02
1.666803562887134507e-02
1.664221837207155441e-02
1.661644111588087697e-02
1.659070379819068894e-02
1.656500635699023269e-02
1.653934873036650224e-02
1.651373085650403166e-02
1.648815267368475279e-02
1.646261412028781485e-02
1.643711513478939706e-02
1.641165565576259769e-02
1.638623562187719110e-02
1.636085497189951679e-02
1.633551364469229897e-02
1.631021157921446266e-02
1.628494871452099493e-02
1.625972498976274716e-02
1.623454034418630662e-02
1.620939471713380570e-02
1.618428804804276228e-02
1.615922027644593056e-02
1.613419134197112068e-02
1.610920118434104251e-02
1.608424974337313573e-02
1.605933695897944144e-02
1.603446277116638355e-02
1.600962712003465779e-02
1.598482994577904784e-02
1.596007118868826569e-02
1.593535078914480249e-02
1.591066868762475855e-02
1.588602482469768026e-02
1.586141914102642825e-02
1.583685157736698310e-02
1.581232207456831004e-02
1.578783057357218897e-02
1.576337701541307909e-02
1.573896134121793855e-02
1.571458349220607523e-02
1.569024340968899409e-02
1.566594103507024452e-02
1.564167630984525381e-02
1.561744917560118837e-02
1.559325957401678717e-02
1.556910744686220045e-02
1.554499273599886655e-02
1.552091538337932279e-02
1.549687533104707714e-02
1.547287252113644339e-02
1.544890689587239199e-02
1.542497839757040086e-02
1.540108696863630097e-02
1.537723255156613240e-02
1.535341508894597952e-02
1.532963452345183566e-02
1.530589079784943837e-02
1.528218385499413579e-02
1.525851363783072186e-02
1.523488008939330278e-02
1.521128315280513218e-02
1.518772277127847410e-02
1.516419888811445724e-02
1.514071144670291365e-02
1.511726039052224344e-02
1.509384566313926382e-02
1.507046720820906516e-02
1.504712496947486176e-02
1.502381889076784272e-02
1.500054891600703655e-02
1.497731498919915166e-02
1.495411705443844969e-02
1.493095505590658761e-02
1.490782893787247036e-02
1.488473864469211719e-02
1.486168412080851424e-02
1.483866531075146884e-02
1.481568215913747245e-02
1.479273461066955495e-02
1.476982261013713021e-02
1.474694610241587822e-02
1.472410503246758887e-02
1.470129934534001107e-02
1.467852898616673306e-02
1.465579390016702628e-02
1.463309403264571353e-02
1.461042932899302149e-02
1.458779973468444374e-02
1.456520519528060019e-02
1.454264565642710352e-02
1.452012106385441696e-02
1.449763136337770160e-02
1.447517650089670885e-02
1.445275642239561217e-02
1.443037107394288393e-02
1.440802040169115311e-02
1.438570435187707698e-02
1.436342287082118668e-02
1.434117590492776928e-02
1.431896340068472204e-02
1.429678530466341364e-02
1.427464156351855758e-02
1.425253212398806292e-02
1.423045693289291466e-02
1.420841593713703145e-02
1.418640908370712335e-02
1.416443631967257387e-02
1.414249759218529079e-02
1.412059284847957778e-02
1.409872203587200605e-02
1.407688510176127207e-02
1.405508199362807444e-02
1.403331265903496466e-02
1.401157704562623445e-02
1.398987510112777340e-02
1.396820677334693721e-02
1.394657201017241062e-02
1.392497075957408945e-02
1.390340296960294007e-02
1.388186858839086761e-02
1.386036756415059447e-02
1.383889984517551637e-02
1.381746537983958266e-02
1.379606411659716272e-02
1.377469600398291590e-02
1.375336099061166655e-02
1.373205902517826357e-02
1.371079005645747285e-02
1.368955403330381765e-02
1.366835090465147798e-02
1.364718061951415533e-02
1.362604312698493733e-02
1.360493837623616940e-02
1.358386631651934025e-02
1.356282689716494655e-02
1.354182006758235940e-02
1.352084577725971501e-02
1.349990397576377073e-02
1.347899461273978881e-02
1.345811763791140807e-02
1.343727300108052067e-02
1.341646065212714033e-02
1.339568054100928433e-02
1.337493261776283998e-02
1.335421683250145354e-02
1.333353313541639322e-02
1.331288147677642600e-02
1.329226180692770487e-02
1.327167407629363180e-02
1.325111823537474497e-02
1.323059423474857998e-02
1.321010202506956756e-02
1.318964155706889296e-02
1.316921278155439023e-02
1.314881564941040165e-02
1.312845011159766498e-02
1.310811611915319551e-02
1.308781362319015595e-02
1.306754257489774196e-02
1.304730292554105373e-02
1.302709462646098673e-02
1.300691762907409295e-02
1.298677188487248196e-02
1.296665734542367700e-02
1.294657396237051776e-02
1.292652168743102861e-02
1.290650047239830060e-02
1.288651026914036483e-02
1.286655102960008665e-02
1.284662270579504072e-02
1.282672524981738962e-02
1.280685861383376936e-02
1.278702275008516791e-02
1.276721761088680900e-02
1.274744314862803589e-02
1.272769931577218648e-02
1.270798606485648921e-02
1.268830334849192776e-02
1.266865111936313869e-02
1.264902933022829176e-02
1.262943793391896850e-02
1.260987688334004597e-02
1.259034613146958921e-02
1.257084563135872635e-02
1.255137533613153236e-02
1.253193519898492328e-02
1.251252517318852779e-02
1.249314521208458317e-02
1.247379526908781386e-02
1.245447529768532041e-02
1.243518525143646157e-02
1.241592508397274322e-02
1.239669474899770044e-02
1.237749420028678646e-02
1.235832339168726167e-02
1.233918227711806870e-02
1.232007081056973527e-02
1.230098894610424758e-02
1.228193663785495139e-02
1.226291384002641330e-02
1.224392050689434609e-02
1.222495659280546133e-02
1.220602205217737914e-02
1.218711683949850154e-02
1.216824090932791709e-02
1.214939421629527595e-02
1.213057671510068061e-02
1.211178836051458006e-02
1.209302910737765531e-02
1.207429891060070835e-02
1.205559772516455290e-02
1.203692550611990680e-02
1.201828220858726891e-02
1.199966778775683231e-02
1.198108219888835251e-02
1.196252539731104333e-02
1.194399733842348155e-02
1.192549797769347497e-02
1.190702727065797058e-02
1.188858517292294172e-02
1.187017164016327536e-02
1.185178662812266456e-02
1.183343009261350609e-02
1.181510198951678248e-02
1.179680227478196661e-02
1.177853090442689855e-02
1.176028783453769537e-02
1.174207302126862792e-02
1.172388642084202549e-02
1.170572798954815606e-02
1.168759768374513612e-02
1.166949545985881444e-02
1.165142127438266277e-02
1.163337508387767179e-02
1.161535684497225392e-02
1.159736651436212365e-02
1.157940404881019347e-02
1.156146940514649057e-02
1.154356254026801462e-02
1.152568341113866662e-02
1.150783197478912230e-02
1.149000818831672974e-02
1.147221200888541744e-02
1.145444339372558157e-02
1.143670230013397668e-02
1.141898868547361681e-02
1.140130250717367663e-02
1.138364372272937693e-02
1.136601228970189094e-02
1.134840816571823507e-02
1.133083130847116482e-02
1.131328167571907586e-02
1.129575922528590175e-02
1.127826391506100111e-02
1.126079570299907268e-02
1.124335454712003558e-02
1.122594040550894089e-02
1.120855323631585361e-02
1.119119299775577295e-02
1.117385964810850563e-02
1.115655314571858785e-02
1.113927344899516385e-02
1.112202051641190091e-02
1.110479430650687660e-02
1.108759477788248855e-02
1.107042188920534000e-02
1.105327559920614953e-02
1.103615586667965227e-02
1.101906265048449400e-02
1.100199590954312884e-02
1.098495560284172730e-02
1.096794168943007741e-02
1.095095412842146676e-02
1.093399287899261135e-02
1.091705790038353420e-02
1.090014915189747857e-02
1.088326659290079698e-02
1.086641018282287312e-02
1.084957988115599695e-02
1.083277564745528838e-02
1.081599744133859148e-02
1.079924522248636512e-02
1.078251895064160672e-02
1.076581858560973944e-02
1.074914408725851332e-02
1.073249541551792550e-02
1.071587253038009530e-02
1.069927539189919653e-02
1.068270396019133615e-02
1.066615819543447266e-02
1.064963805786831030e-02
1.063314350779421061e-02
1.061667450557509870e-02
1.060023101163534362e-02
1.058381298646069758e-02
1.056742039059817111e-02
1.055105318465595320e-02
1.053471132930330727e-02
1.051839478527048961e-02
1.050210351334863144e-02
1.048583747438966603e-02
1.046959662930621940e-02
1.045338093907152190e-02
1.043719036471931448e-02
1.042102486734374812e-02
1.040488440809929881e-02
1.038876894820066517e-02
1.037267844892268177e-02
1.035661287160021156e-02
1.034057217762807297e-02
1.032455632846093069e-02
1.030856528561320713e-02
1.029259901065898708e-02
1.027665746523192918e-02
1.026074061102517226e-02
1.024484840979123998e-02
1.022898082334194707e-02
1.021313781354830745e-02
1.019731934234045095e-02
1.018152537170751229e-02
1.016575586369756513e-02
1.015001078041750417e-02
1.013429008403296874e-02
1.011859373676824748e-02
1.010292170090618807e-02
1.008727393878809837e-02
1.007165041281367357e-02
1.005605108544088688e-02
1.004047591918590283e-02
1.002492487662299050e-02
1.000939792038443681e-02
9.993895013160444124e-03
9.978416117699050528e-03
9.962961196806036090e-03
9.947530213344830952e-03
9.932123130236433783e-03
9.916739910459302504e-03
9.901380517049293561e-03
9.886044913099547443e-03
9.870733061760412347e-03
9.855444926239353975e-03
9.840180469800860127e-03
9.824939655766359164e-03
9.809722447514126337e-03
9.794528808479202250e-03
9.779358702153295724e-03
9.764212092084703989e-03
9.749088941878215550e-03
9.733989215195028646e-03
9.718912875752662786e-03
9.703859887324868538e-03
9.688830213741544267e-03
9.673823818888649395e-03
9.658840666708096850e-03
9.643880721197704495e-03
9.628943946411078897e-03
9.614030306457532066e-03
9.599139765502003388e-03
9.584272287764969422e-03
9.569427837522350225e-03
9.554606379105441694e-03
9.539807876900806283e-03
9.525032295350200143e-03
9.510279598950498528e-03
9.495549752253576101e-03
9.480842719866256624e-03
9.466158466450208878e-03
9.451496956721868598e-03
9.436858155452343064e-03
9.422242027467343448e-03
9.407648537647077258e-03
9.393077650926189362e-03
9.378529332293657900e-03
9.364003546792714489e-03
9.349500259520762691e-03
9.335019435629296480e-03
9.320561040323803101e-03
9.306125038863702348e-03
9.291711396562230343e-03
9.277320078786394433e-03
9.262951050956853491e-03
9.248604278547855467e-03
9.234279727087152390e-03
9.219977362155910156e-03
9.205697149388630471e-03
9.191439054473062378e-03
9.177203043150136338e-03
9.162989081213854942e-03
9.148797134511232193e-03
9.134627168942201572e-03
9.120479150459536236e-03
9.106353045068760546e-03
9.092248818828085888e-03
9.078166437848306583e-03
9.064105868292739177e-03
9.050067076377114883e-03
9.036050028369527545e-03
9.022054690590327816e-03
9.008081029412062443e-03
8.994129011259378859e-03
8.980198602608941913e-03
8.966289769989364486e-03
8.952402479981131159e-03
8.938536699216490661e-03
8.924692394379405563e-03
8.910869532205460339e-03
8.897068079481769420e-03
8.883288003046925160e-03
8.869529269790883338e-03
8.855791846654912855e-03
8.842075700631500321e-03
8.828380798764271994e-03
8.814707108147922660e-03
8.801054595928125418e-03
8.787423229301457098e-03
8.773812975515321924e-03
8.760223801867873458e-03
8.746655675707926125e-03
8.733108564434885826e-03
8.719582435498671874e-03
8.706077256399633729e-03
8.692592994688467731e-03
8.679129617966154647e-03
8.665687093883866002e-03
8.652265390142899887e-03
8.638864474494585555e-03
8.625484314740229641e-03
8.612124878731010347e-03
8.598786134367923661e-03
8.585468049601696627e-03
8.572170592432707542e-03
8.558893730910911365e-03
8.545637433135766861e-03
8.532401667256155064e-03
8.519186401470306425e-03
8.505991604025712333e-03
8.492817243219069612e-03
8.479663287396183372e-03
8.466529704951904559e-03
8.453416464330046690e-03
8.440323534023312993e-03
8.427250882573223550e-03
8.414198478570026826e-03
8.401166290652640686e-03
8.388154287508572601e-03
8.375162437873827706e-03
8.362190710532856758e-03
8.349239074318467665e-03
8.336307498111757835e-03
8.323395950842025701e-03
8.310504401486715209e-03
8.297632819071325619e-03
8.284781172669345578e-03
8.271949431402173328e-03
8.259137564439043844e-03
8.246345540996959447e-03
8.233573330340606539e-03
8.220820901782294882e-03
8.208088224681862194e-03
8.195375268446623840e-03
8.182682002531293033e-03
8.170008396437890633e-03
8.157354419715694832e-03
8.144720041961152693e-03
8.132105232817812487e-03
8.119509961976250842e-03
8.106934199174001612e-03
8.094377914195470883e-03
8.081841076871884924e-03
8.069323657081199988e-03
8.056825624748038123e-03
8.044346949843612579e-03
8.031887602385653219e-03
8.019447552438344062e-03
8.007026770112233086e-03
7.994625225564185381e-03
7.982242888997280808e-03
7.969879730660774098e-03
7.957535720849997704e-03
7.945210829906309766e-03
7.932905028217000429e-03
7.920618286215243276e-03
7.908350574380012057e-03
7.896101863236016510e-03
7.883872123353620823e-03
7.871661325348777716e-03
7.859469439882967728e-03
7.847296437663112481e-03
7.835142289441517430e-03
7.823006966015786864e-03
7.810890438228771868e-03
7.798792676968489650e-03
7.786713653168048088e-03
7.774653337805590217e-03
7.762611701904208357e-03
7.750588716531892075e-03
7.738584352801443182e-03
7.726598581870413283e-03
7.714631374941033522e-03
7.702682703260144322e-03
7.690752538119129469e-03
7.678840850853842388e-03
7.666947612844538483e-03
7.655072795515810956e-03
7.643216370336513611e-03
7.631378308819701008e-03
7.619558582522552130e-03
7.607757163046309674e-03
7.595974022036205454e-03
7.584209131181391880e-03
7.572462462214882978e-03
7.560733986913472857e-03
7.549023677097680199e-03
7.537331504631670197e-03
7.525657441423196439e-03
7.514001459423525452e-03
7.502363530627375980e-03
7.490743627072842664e-03
7.479141720841339658e-03
7.467557784057525169e-03
7.455991788889235541e-03
7.444443707547425404e-03
7.432913512286092213e-03
7.421401175402211198e-03
7.409906669235674648e-03
7.398429966169217317e-03
7.386971038628354844e-03
7.375529859081316961e-03
7.364106400038979844e-03
7.352700634054801926e-03
7.341312533724754508e-03
7.329942071687261911e-03
7.318589220623128618e-03
7.307253953255478558e-03
7.295936242349686587e-03
7.284636060713315167e-03
7.273353381196048448e-03
7.262088176689623746e-03
7.250840420127774300e-03
7.239610084486153806e-03
7.228397142782278309e-03
7.217201568075462016e-03
7.206023333466747907e-03
7.194862412098846152e-03
7.183718777156068193e-03
7.172592401864259087e-03
7.161483259490746336e-03
7.150391323344257484e-03
7.139316566774868075e-03
7.128258963173932268e-03
7.117218485974022985e-03
7.106195108648865125e-03
7.095188804713269647e-03
7.084199547723073719e-03
7.073227311275078269e-03
7.062272069006980332e-03
7.051333794597312334e-03
7.040412461765374434e-03
7.029508044271180756e-03
7.018620515915387388e-03
7.007749850539231676e-03
6.996896022024470634e-03
6.986059004293319365e-03
6.975238771308384274e-03
6.964435297072604086e-03
6.953648555629184796e-03
6.942878521061540686e-03
6.932125167493227540e-03
6.921388469087885395e-03
6.910668400049170892e-03
6.899964934620697425e-03
6.889278047085980496e-03
6.878607711768360521e-03
6.867953903030955126e-03
6.857316595276590626e-03
6.846695762947744776e-03
6.836091380526479119e-03
6.825503422534384343e-03
6.814931863532510022e-03
6.804376678121316913e-03
6.793837840940606700e-03
6.783315326669456941e-03
6.772809110026171628e-03
6.762319165768210932e-03
6.751845468692140029e-03
6.741387993633554503e-03
6.730946715467037850e-03
6.720521609106079944e-03
6.710112649503037138e-03
6.699719811649061142e-03
6.689343070574039173e-03
6.678982401346534106e-03
6.668637779073728969e-03
6.658309178901363617e-03
6.647996576013673158e-03
6.637699945633333300e-03
6.627419263021397042e-03
6.617154503477236556e-03
6.606905642338485075e-03
6.596672654980971842e-03
6.586455516818669198e-03
6.576254203303632737e-03
6.566068689925940588e-03
6.555898952213633571e-03
6.545744965732658814e-03
6.535606706086809041e-03
6.525484148917666191e-03
6.515377269904540705e-03
6.505286044764411676e-03
6.495210449251874810e-03
6.485150459159077369e-03
6.475106050315661797e-03
6.465077198588709342e-03
6.455063879882683674e-03
6.445066070139366700e-03
6.435083745337806527e-03
6.425116881494254140e-03
6.415165454662115699e-03
6.405229440931883150e-03
6.395308816431083052e-03
6.385403557324221060e-03
6.375513639812719485e-03
6.365639040134861773e-03
6.355779734565736999e-03
6.345935699417183488e-03
6.336106911037728100e-03
6.326293345812531582e-03
6.316494980163334799e-03
6.306711790548396278e-03
6.296943753462437565e-03
6.287190845436591187e-03
6.277453043038336462e-03
6.267730322871450932e-03
6.258022661575949643e-03
6.248330035828028768e-03
6.238652422340010967e-03
6.228989797860289869e-03
6.219342139173273699e-03
6.209709423099329766e-03
6.200091626494726345e-03
6.190488726251578040e-03
6.180900699297797209e-03
6.171327522597024572e-03
6.161769173148585847e-03
6.152225627987433637e-03
6.142696864184089313e-03
6.133182858844587505e-03
6.123683589110426664e-03
6.114199032158510079e-03
6.104729165201088631e-03
6.095273965485712223e-03
6.085833410295169062e-03
6.076407476947435354e-03
6.066996142795620661e-03
6.057599385227909784e-03
6.048217181667510725e-03
6.038849509572600041e-03
6.029496346436272539e-03
6.020157669786479690e-03
6.010833457185982796e-03
6.001523686232291405e-03
5.992228334557619072e-03
5.982947379828820050e-03
5.973680799747345047e-03
5.964428572049177910e-03
5.955190674504787056e-03
5.945967084919074296e-03
5.936757781131319321e-03
5.927562741015125064e-03
5.918381942478363918e-03
5.909215363463129166e-03
5.900062981945676868e-03
5.890924775936376423e-03
5.881800723479657655e-03
5.872690802653953573e-03
5.863594991571655264e-03
5.854513268379050311e-03
5.845445611256279428e-03
5.836391998417276607e-03
5.827352408109722284e-03
5.818326818614985227e-03
5.809315208248075693e-03
5.800317555357591658e-03
5.791333838325667636e-03
5.782364035567917442e-03
5.773408125533389945e-03
5.764466086704511834e-03
5.755537897597037302e-03
5.746623536759999477e-03
5.737722982775656649e-03
5.728836214259435018e-03
5.719963209859887932e-03
5.711103948258637771e-03
5.702258408170327378e-03
5.693426568342567148e-03
5.684608407555880386e-03
5.675803904623666005e-03
5.667013038392130879e-03
5.658235787740244736e-03
5.649472131579700261e-03
5.640722048854843705e-03
5.631985518542637591e-03
5.623262519652608669e-03
5.614553031226789809e-03
5.605857032339680093e-03
5.597174502098186712e-03
5.588505419641578119e-03
5.579849764141431127e-03
5.571207514801588406e-03
5.562578650858096899e-03
5.553963151579167055e-03
5.545360996265120794e-03
5.536772164248338589e-03
5.528196634893214369e-03
5.519634387596106077e-03
5.511085401785276693e-03
5.502549656920859532e-03
5.494027132494794068e-03
5.485517808030792100e-03
5.477021663084274440e-03
5.468538677242330143e-03
5.460068830123663598e-03
5.451612101378550297e-03
5.443168470688777849e-03
5.434737917767612156e-03
5.426320422359735829e-03
5.417915964241203086e-03
5.409524523219395517e-03
5.401146079132969173e-03
5.392780611851803393e-03
5.384428101276964376e-03
5.376088527340640993e-03
5.367761870006108361e-03
5.359448109267674065e-03
5.351147225150633055e-03
5.342859197711218207e-03
5.334584007036549148e-03
5.326321633244591493e-03
5.318072056484102195e-03
5.309835256934588785e-03
5.301611214806256460e-03
5.293399910339960379e-03
5.285201323807162295e-03
5.277015435509876777e-03
5.268842225780630446e-03
5.260681674982413403e-03
5.252533763508627183e-03
5.244398471783043997e-03
5.236275780259754681e-03
5.228165669423125335e-03
5.220068119787747880e-03
5.211983111898395825e-03
5.203910626329972221e-03
5.195850643687472369e-03
5.187803144605928306e-03
5.179768109750365439e-03
5.171745519815754838e-03
5.163735355526974206e-03
5.155737597638748899e-03
5.147752226935614628e-03
5.139779224231871488e-03
5.131818570371531052e-03
5.123870246228276470e-03
5.115934232705418236e-03
5.108010510735838672e-03
5.100099061281957238e-03
5.092199865335677623e-03
5.084312903918342640e-03
5.076438158080694325e-03
5.068575608902820169e-03
5.060725237494114945e-03
5.052887024993230405e-03
5.045060952568030180e-03
5.037247001415549874e-03
5.029445152761945897e-03
5.021655387862452961e-03
5.013877688001338109e-03
5.006112034491855614e-03
4.998358408676205344e-03
4.990616791925482458e-03
4.982887165639634901e-03
4.975169511247423508e-03
4.967463810206370831e-03
4.959770044002716899e-03
4.952088194151380192e-03
4.944418242195905595e-03
4.936760169708428840e-03
4.929113958289626195e-03
4.921479589568668496e-03
4.913857045203182984e-03
4.906246306879209068e-03
4.898647356311144549e-03
4.891060175241717864e-03
4.883484745441926504e-03
4.875921048711007524e-03
4.868369066876385501e-03
4.860828781793632633e-03
4.853300175346423641e-03
4.845783229446494131e-03
4.838277926033592892e-03
4.830784247075442864e-03
4.823302174567696034e-03
4.815831690533892671e-03
4.808372777025410154e-03
4.800925416121430006e-03
4.793489589928888461e-03
4.786065280582438297e-03
4.778652470244400263e-03
4.771251141104720581e-03
4.763861275380937114e-03
4.756482855318122129e-03
4.749115863188855396e-03
4.741760281293166956e-03
4.734416091958505018e-03
4.727083277539688259e-03
4.719761820418868527e-03
4.712451703005479664e-03
4.705152907736203684e-03
4.697865417074923930e-03
4.690589213512687781e-03
4.683324279567656345e-03
4.676070597785071496e-03
4.668828150737207305e-03
4.661596921023330141e-03
4.654376891269661372e-03
4.647168044129327928e-03
4.639970362282324137e-03
4.632783828435471825e-03
4.625608425322379549e-03
4.618444135703392295e-03
4.611290942365562848e-03
4.604148828122601490e-03
4.597017775814836969e-03
4.589897768309176597e-03
4.582788788499063751e-03
4.575690819304436240e-03
4.568603843671688140e-03
4.561527844573627297e-03
4.554462805009428482e-03
4.547408708004606510e-03
4.540365536610959860e-03
4.533333273906541179e-03
4.526311902995608719e-03
4.519301407008595103e-03
4.512301769102056159e-03
4.505312972458637953e-03
4.498335000287034292e-03
4.491367835821945091e-03
4.484411462324036472e-03
4.477465863079901735e-03
4.470531021402020591e-03
4.463606920628721865e-03
4.456693544124135792e-03
4.449790875278159322e-03
4.442898897506418823e-03
4.436017594250228450e-03
4.429146948976544172e-03
4.422286945177929945e-03
4.415437566372523021e-03
4.408598796103981032e-03
4.401770617941453377e-03
4.394953015479536977e-03
4.388145972338238117e-03
4.381349472162936014e-03
4.374563498624338582e-03
4.367788035418441669e-03
4.361023066266498695e-03
4.354268574914972947e-03
4.347524545135503758e-03
4.340790960724867469e-03
4.334067805504928858e-03
4.327355063322617726e-03
4.320652718049881186e-03
4.313960753583642033e-03
4.307279153845768385e-03
4.300607902783029450e-03
4.293946984367057358e-03
4.287296382594309001e-03
4.280656081486033070e-03
4.274026065088222352e-03
4.267406317471576435e-03
4.260796822731475683e-03
4.254197564987928330e-03
4.247608528385536653e-03
4.241029697093466611e-03
4.234461055305398409e-03
4.227902587239495275e-03
4.221354277138363552e-03
4.214816109269014545e-03
4.208288067922832422e-03
4.201770137415524776e-03
4.195262302087094004e-03
4.188764546301798272e-03
4.182276854448112487e-03
4.175799210938690997e-03
4.169331600210330301e-03
4.162874006723932610e-03
4.156426414964465958e-03
4.149988809440930369e-03
4.143561174686318828e-03
4.137143495257579115e-03
4.130735755735579114e-03
4.124337940725065176e-03
4.117950034854633498e-03
4.111572022776684154e-03
4.105203889167390735e-03
4.098845618726657848e-03
4.092497196178090761e-03
4.086158606268952900e-03
4.079829833770132891e-03
4.073510863476106393e-03
4.067201680204900541e-03
4.060902268798056644e-03
4.054612614120592894e-03
4.048332701060970533e-03
4.042062514531053093e-03
4.035802039466079502e-03
4.029551260824614650e-03
4.023310163588525966e-03
4.017078732762936581e-03
4.010856953376195841e-03
4.004644810479844608e-03
3.998442289148572762e-03
3.992249374480187976e-03
3.986066051595579286e-03
3.979892305638681529e-03
3.973728121776438048e-03
3.967573485198766861e-03
3.961428381118526840e-03
3.955292794771474336e-03
3.949166711416237166e-03
3.943050116334273839e-03
3.936942994829838866e-03
3.930845332229949800e-03
3.924757113884347337e-03
3.918678325165465826e-03
3.912608951468396837e-03
3.906548978210847532e-03
3.900498390833112474e-03
3.894457174798038063e-03
3.888425315590987412e-03
3.882402798719800444e-03
3.876389609714767440e-03
3.870385734128586538e-03
3.864391157536334678e-03
3.858405865535428133e-03
3.852429843745593021e-03
3.846463077808826708e-03
3.840505553389366149e-03
3.834557256173648856e-03
3.828618171870286011e-03
3.822688286210019094e-03
3.816767584945695169e-03
3.810856053852223514e-03
3.804953678726548730e-03
3.799060445387613012e-03
3.793176339676320591e-03
3.787301347455508671e-03
3.781435454609907969e-03
3.775578647046114525e-03
3.769730910692548932e-03
3.763892231499430321e-03
3.758062595438735158e-03
3.752241988504169054e-03
3.746430396711130772e-03
3.740627806096677964e-03
3.734834202719495514e-03
3.729049572659860409e-03
3.723273902019610948e-03
3.717507176922108143e-03
3.711749383512207966e-03
3.706000507956224918e-03
3.700260536441900370e-03
3.694529455178367436e-03
3.688807250396119314e-03
3.683093908346975892e-03
3.677389415304051657e-03
3.671693757561721432e-03
3.666006921435585684e-03
3.660328893262443199e-03
3.654659659400251621e-03
3.648999206228100561e-03
3.643347520146173867e-03
3.637704587575721002e-03
3.632070394959021481e-03
3.626444928759354515e-03
3.620828175460964315e-03
3.615220121569028434e-03
3.609620753609628276e-03
3.604030058129711802e-03
3.598448021697063601e-03
3.592874630900273238e-03
3.587309872348702720e-03
3.581753732672452676e-03
3.576206198522332864e-03
3.570667256569827041e-03
3.565136893507063476e-03
3.559615096046783288e-03
3.554101850922305322e-03
3.548597144887497955e-03
3.543100964716744839e-03
3.537613297204914107e-03
3.532134129167325415e-03
3.526663447439721318e-03
3.521201238878233011e-03
3.515747490359346500e-03
3.510302188779879182e-03
3.504865321056938217e-03
3.499436874127896668e-03
3.494016834950359248e-03
3.488605190502130221e-03
3.483201927781184350e-03
3.477807033805631765e-03
3.472420495613692815e-03
3.467042300263661198e-03
3.461672434833876644e-03
3.456310886422689788e-03
3.450957642148437879e-03
3.445612689149405751e-03
3.440276014583800671e-03
3.434947605629720679e-03
3.429627449485119894e-03
3.424315533367784659e-03
3.419011844515295814e-03
3.413716370185000942e-03
3.408429097653985305e-03
3.403150014219040193e-03
3.397879107196630829e-03
3.392616363922866876e-03
3.387361771753474252e-03
3.382115318063759566e-03
3.376876990248587132e-03
3.371646775722339940e-03
3.366424661918897103e-03
3.361210636291600464e-03
3.356004686313222504e-03
3.350806799475941188e-03
3.345616963291303536e-03
3.340435165290201770e-03
3.335261393022839922e-03
3.330095634058705210e-03
3.324937875986536378e-03
3.319788106414295944e-03
3.314646312969139839e-03
3.309512483297387050e-03
3.304386605064490133e-03
3.299268665955006584e-03
3.294158653672567619e-03
3.289056555939849549e-03
3.283962360498545591e-03
3.278876055109332908e-03
3.273797627551847025e-03
3.268727065624649729e-03
3.263664357145201755e-03
3.258609489949831559e-03
3.253562451893707557e-03
3.248523230850808210e-03
3.243491814713894261e-03
3.238468191394477079e-03
3.233452348822791339e-03
3.228444274947767697e-03
3.223443957736998530e-03
3.218451385176715387e-03
3.213466545271756458e-03
3.208489426045535789e-03
3.203520015540020725e-03
3.198558301815698952e-03
3.193604272951548143e-03
3.188657917045012100e-03
3.183719222211968229e-03
3.178788176584622458e-03
3.173864767334050666e-03
3.168948983617988699e-03
3.164040813628865578e-03
3.159140247039760128e-03
3.154247270113614849e-03
3.149361871585952977e-03
3.144484039719050005e-03
3.139613762793416404e-03
3.134751029107718696e-03
3.129895826978745625e-03
3.125048144741379968e-03
3.120207970747447979e-03
3.115375293369321546e-03
3.110550100995876713e-03
3.105732382033972536e-03
3.100922124908553432e-03
3.096119318062486980e-03
3.091323949956543537e-03
3.086536009069362849e-03
3.081755483897433232e-03
3.076982362955057310e-03
3.072216634774327729e-03
3.067458287905099838e-03
3.062707310914963062e-03
3.057963692389211417e-03
3.053227420930820953e-03
3.048498485160419831e-03
3.043776873716260573e-03
3.039062575254190997e-03
3.034355578447633407e-03
3.029655871987549029e-03
3.024963444582416758e-03
3.020278284958204107e-03
3.015600381858340312e-03
3.010929724043687715e-03
3.006266300292518342e-03
3.001610099400483546e-03
2.996961110180588420e-03
2.992319321463164910e-03
2.987684722095844923e-03
2.983057300943534745e-03
2.978437046888383379e-03
2.973823948829763895e-03
2.969217995684240476e-03
2.964619176385542825e-03
2.960027479884542317e-03
2.955442895149222506e-03
2.950865411164653104e-03
2.946295016932964396e-03
2.941731701473322951e-03
2.937175453821898232e-03
2.932626263031845679e-03
2.928084118173271150e-03
2.923549008333212705e-03
2.919020922615608946e-03
2.914499850141273433e-03
2.909985780047873432e-03
2.905478701489896953e-03
2.900978603638631505e-03
2.896485475682134599e-03
2.891999306825211637e-03
2.887520086289387285e-03
2.883047803312880318e-03
2.878582447150578039e-03
2.874124007074008082e-03
2.869672472371317170e-03
2.865227832347242917e-03
2.860790076323086080e-03
2.856359193636688002e-03
2.851935173642404595e-03
2.847518005711079016e-03
2.843107679230017816e-03
2.838704183602964483e-03
2.834307508250075592e-03
2.829917642607890881e-03
2.825534576129315901e-03
2.821158298283586892e-03
2.816788798556254299e-03
2.812426066449151985e-03
2.808070091480373807e-03
2.803720863184247167e-03
2.799378371111312623e-03
2.795042604828293538e-03
2.790713553918069186e-03
2.786391207979656975e-03
2.782075556628183389e-03
2.777766589494857965e-03
2.773464296226951613e-03
2.769168666487768857e-03
2.764879689956622685e-03
2.760597356328813728e-03
2.756321655315601207e-03
2.752052576644179946e-03
2.747790110057655652e-03
2.743534245315021065e-03
2.739284972191129500e-03
2.735042280476672298e-03
2.730806159978152372e-03
2.726576600517861219e-03
2.722353591933852901e-03
2.718137124079922796e-03
2.713927186825578538e-03
2.709723770056020505e-03
2.705526863672112758e-03
2.701336457590363532e-03
2.697152541742897040e-03
2.692975106077432224e-03
2.688804140557256306e-03
2.684639635161202229e-03
2.680481579883624375e-03
2.676329964734371677e-03
2.672184779738770704e-03
2.668046014937593569e-03
2.663913660387037547e-03
2.659787706158704256e-03
2.655668142339569302e-03
2.651554959031963629e-03
2.647448146353547499e-03
2.643347694437287940e-03
2.639253593431433592e-03
2.635165833499491291e-03
2.631084404820205683e-03
2.627009297587528432e-03
2.622940502010604347e-03
2.618878008313737550e-03
2.614821806736376299e-03
2.610771887533086099e-03
2.606728240973524985e-03
2.602690857342423135e-03
2.598659726939557286e-03
2.594634840079727747e-03
2.590616187092736281e-03
2.586603758323362690e-03
2.582597544131340957e-03
2.578597534891333663e-03
2.574603720992914638e-03
2.570616092840542072e-03
2.566634640853534665e-03
2.562659355466050809e-03
2.558690227127064735e-03
2.554727246300344829e-03
2.550770403464426312e-03
2.546819689112595191e-03
2.542875093752858338e-03
2.538936607907927873e-03
2.535004222115192114e-03
2.531077926926695188e-03
2.527157712909114482e-03
2.523243570643741128e-03
2.519335490726449644e-03
2.515433463767683623e-03
2.511537480392427978e-03
2.507647531240187692e-03
2.503763606964966998e-03
2.499885698235242929e-03
2.496013795733947969e-03
2.492147890158444463e-03
2.488287972220502506e-03
2.484434032646278250e-03
2.480586062176291361e-03
2.476744051565403330e-03
2.472907991582794490e-03
2.469077873011942762e-03
2.465253686650600677e-03
2.461435423310771517e-03
2.457623073818692837e-03
2.453816629014807845e-03
2.450016079753748049e-03
2.446221416904308110e-03
2.442432631349427188e-03
2.438649713986163793e-03
2.434872655725675399e-03
2.431101447493198495e-03
2.427336080228022133e-03
2.423576544883471011e-03
2.419822832426880323e-03
2.416074933839575806e-03
2.412332840116851625e-03
2.408596542267948254e-03
2.404866031316032094e-03
2.401141298298173788e-03
2.397422334265324369e-03
2.393709130282295310e-03
2.390001677427739876e-03
2.386299966794124938e-03
2.382603989487717521e-03
2.378913736628556624e-03
2.375229199350437602e-03
2.371550368800886578e-03
2.367877236141139197e-03
2.364209792546123710e-03
2.360548029204433650e-03
2.356891937318313958e-03
2.353241508103632793e-03
2.349596732789864181e-03
2.345957602620066338e-03
2.342324108850860846e-03
2.338696242752410972e-03
2.335073995608402155e-03
2.331457358716016413e-03
2.327846323385919340e-03
2.324240880942231909e-03
2.320641022722513564e-03
2.317046740077742268e-03
2.313458024372288049e-03
2.309874866983899124e-03
2.306297259303675875e-03
2.302725192736054804e-03
2.299158658698785117e-03
2.295597648622905735e-03
2.292042153952730116e-03
2.288492166145821970e-03
2.284947676672977913e-03
2.281408677018200576e-03
2.277875158678686462e-03
2.274347113164800361e-03
2.270824532000054966e-03
2.267307406721092225e-03
2.263795728877662956e-03
2.260289490032605167e-03
2.256788681761826270e-03
2.253293295654278799e-03
2.249803323311943930e-03
2.246318756349809792e-03
2.242839586395852392e-03
2.239365805091011758e-03
2.235897404089177195e-03
2.232434375057166902e-03
2.228976709674698482e-03
2.225524399634384604e-03
2.222077436641699179e-03
2.218635812414964346e-03
2.215199518685330524e-03
2.211768547196752994e-03
2.208342889705976284e-03
2.204922537982510755e-03
2.201507483808615682e-03
2.198097718979277575e-03
2.194693235302191958e-03
2.191294024597740826e-03
2.187900078698976590e-03
2.184511389451600834e-03
2.181127948713944796e-03
2.177749748356949417e-03
2.174376780264145829e-03
2.171009036331637571e-03
2.167646508468078475e-03
2.164289188594655747e-03
2.160937068645066989e-03
2.157590140565505445e-03
2.154248396314637892e-03
2.150911827863584685e-03
2.147580427195903714e-03
2.144254186307565681e-03
2.140933097206941527e-03
2.137617151914778576e-03
2.134306342464181456e-03
2.131000660900596484e-03
2.127700099281788250e-03
2.124404649677824435e-03
2.121114304171051092e-03
2.117829054856083543e-03
2.114548893839775148e-03
2.111273813241207765e-03
2.108003805191669636e-03
2.104738861834634135e-03
2.101478975325744587e-03
2.098224137832793885e-03
2.094974341535705414e-03
2.091729578626514829e-03
2.088489841309351409e-03
2.085255121800415508e-03
2.082025412327969879e-03
2.078800705132307584e-03
2.075580992465744616e-03
2.072366266592594319e-03
2.069156519789153072e-03
2.065951744343680341e-03
2.062751932556376126e-03
2.059557076739370989e-03
2.056367169216698730e-03
2.053182202324284247e-03
2.050002168409923581e-03
2.046827059833260937e-03
2.043656868965778705e-03
2.040491588190770575e-03
2.037331209903331126e-03
2.034175726510328505e-03
2.031025130430397056e-03
2.027879414093909996e-03
2.024738569942965104e-03
2.021602590431367374e-03
2.018471468024606898e-03
2.015345195199846721e-03
2.012223764445899427e-03
2.009107168263211517e-03
2.005995399163844773e-03
2.002888449671458900e-03
1.999786312321294619e-03
1.996688979660150680e-03
1.993596444246374753e-03
1.990508698649834807e-03
1.987425735451910872e-03
1.984347547245471181e-03
1.981274126634857431e-03
1.978205466235866128e-03
1.975141558675727778e-03
1.972082396593096039e-03
1.969027972638024739e-03
1.965978279471949659e-03
1.962933309767675525e-03
1.959893056209353022e-03
1.956857511492467519e-03
1.953826668323813045e-03
1.950800519421484053e-03
1.947779057514850264e-03
1.944762275344543660e-03
1.941750165662440046e-03
1.938742721231641493e-03
1.935739934826457252e-03
1.932741799232389878e-03
1.929748307246114845e-03
1.926759451675464502e-03
1.923775225339410724e-03
1.920795621068048433e-03
1.917820631702575867e-03
1.914850250095280265e-03
1.911884469109519005e-03
1.908923281619703339e-03
1.905966680511280613e-03
1.903014658680717355e-03
1.900067209035481708e-03
1.897124324494028251e-03
1.894185997985778271e-03
1.891252222451105663e-03
1.888322990841317418e-03
1.885398296118638442e-03
1.882478131256193126e-03
1.879562489237989733e-03
1.876651363058903484e-03
1.873744745724659211e-03
1.870842630251814444e-03
1.867945009667742714e-03
1.865051877010616855e-03
1.862163225329393611e-03
1.859279047683794553e-03
1.856399337144291331e-03
1.853524086792087463e-03
1.850653289719102939e-03
1.847786939027957738e-03
1.844925027831953836e-03
1.842067549255060020e-03
1.839214496431894547e-03
1.836365862507709527e-03
1.833521640638373362e-03
1.830681823990354916e-03
1.827846405740708334e-03
1.825015379077053095e-03
1.822188737197561435e-03
1.819366473310940133e-03
1.816548580636414027e-03
1.813735052403712142e-03
1.810925881853046654e-03
1.808121062235101611e-03
1.805320586811013858e-03
1.802524448852357635e-03
1.799732641641128752e-03
1.796945158469727888e-03
1.794161992640943898e-03
1.791383137467939717e-03
1.788608586274234363e-03
1.785838332393687973e-03
1.783072369170485109e-03
1.780310689959118927e-03
1.777553288124375562e-03
1.774800157041318306e-03
1.772051290095271120e-03
1.769306680681802810e-03
1.766566322206711412e-03
1.763830208086008145e-03
1.761098331745901803e-03
1.758370686622783572e-03
1.755647266163209465e-03
1.752928063823885798e-03
1.750213073071654659e-03
1.747502287383475260e-03
1.744795700246410926e-03
1.742093305157611967e-03
1.739395095624300712e-03
1.736701065163755902e-03
1.734011207303296203e-03
1.731325515580265902e-03
1.728643983542019289e-03
1.725966604745903313e-03
1.723293372759245219e-03
1.720624281159334338e-03
1.717959323533407769e-03
1.715298493478635208e-03
1.712641784602103329e-03
1.709989190520799741e-03
1.707340704861599542e-03
1.704696321261246674e-03
1.702056033366342860e-03
1.699419834833328742e-03
1.696787719328470868e-03
1.694159680527844783e-03
1.691535712117321361e-03
1.688915807792551200e-03
1.686299961258948569e-03
1.683688166231677970e-03
1.681080416435636786e-03
1.678476705605442708e-03
1.675877027485416816e-03
1.673281375829569276e-03
1.670689744401584152e-03
1.668102126974804885e-03
1.665518517332218243e-03
1.662938909266440876e-03
1.660363296579703274e-03
1.657791673083835451e-03
1.655224032600251119e-03
1.652660368959934459e-03
1.650100676003424293e-03
1.647544947580799118e-03
1.644993177551662368e-03
1.642445359785128746e-03
1.639901488159807531e-03
1.637361556563790219e-03
1.634825558894633605e-03
1.632293489059347211e-03
1.629765340974376371e-03
1.627241108565590086e-03
1.624720785768263677e-03
1.622204366527067298e-03
1.619691844796048797e-03
1.617183214538620495e-03
1.614678469727543354e-03
1.612177604344915919e-03
1.609680612382155020e-03
1.607187487839985144e-03
1.604698224728421958e-03
1.602212817066759080e-03
1.599731258883552902e-03
1.597253544216608928e-03
1.594779667112966376e-03
1.592309621628885605e-03
1.589843401829832501e-03
1.587381001790463732e-03
1.584922415594614605e-03
1.582467637335282368e-03
1.580016661114614718e-03
1.577569481043891806e-03
1.575126091243517126e-03
1.572686485842998650e-03
1.570250658980937557e-03
1.567818604805013916e-03
1.565390317471969991e-03
1.562965791147601351e-03
1.560545020006736923e-03
1.558127998233229446e-03
1.555714720019939429e-03
1.553305179568721488e-03
1.550899371090411118e-03
1.548497288804809953e-03
1.546098926940672096e-03
1.543704279735690467e-03
1.541313341436482054e-03
1.538926106298577068e-03
1.536542568586399867e-03
1.534162722573261363e-03
1.531786562541339507e-03
1.529414082781669531e-03
1.527045277594129202e-03
1.524680141287423863e-03
1.522318668179073855e-03
1.519960852595401936e-03
1.517606688871517675e-03
1.515256171351303353e-03
1.512909294387403342e-03
1.510566052341207619e-03
1.508226439582840495e-03
1.505890450491145218e-03
1.503558079453672482e-03
1.501229320866663292e-03
1.498904169135040513e-03
1.496582618672391519e-03
1.494264663900956051e-03
1.491950299251613423e-03
1.489639519163868647e-03
1.487332318085838115e-03
1.485028690474237681e-03
1.482728630794369427e-03
1.480432133520106922e-03
1.478139193133882643e-03
1.475849804126675401e-03
1.473563960997996891e-03
1.471281658255876954e-03
1.469002890416852732e-03
1.466727652005953703e-03
1.464455937556689109e-03
1.462187741611035378e-03
1.459923058719421593e-03
1.457661883440718653e-03
1.455404210342223226e-03
1.453150033999647556e-03
1.450899348997105589e-03
1.448652149927098006e-03
1.446408431390502035e-03
1.444168187996556054e-03
1.441931414362849617e-03
1.439698105115307190e-03
1.437468254888177310e-03
1.435241858324019142e-03
1.433018910073689030e-03
1.430799404796329229e-03
1.428583337159353801e-03
1.426370701838435831e-03
1.424161493517495060e-03
1.421955706888684444e-03
1.419753336652379095e-03
1.417554377517161318e-03
1.415358824199808904e-03
1.413166671425283415e-03
1.410977913926715231e-03
1.408792546445393132e-03
1.406610563730750860e-03
1.404431960540353892e-03
1.402256731639887725e-03
1.400084871803144657e-03
1.397916375812011634e-03
1.395751238456457034e-03
1.393589454534520248e-03
1.391431018852295858e-03
1.389275926223923442e-03
1.387124171471575650e-03
1.384975749425443672e-03
1.382830654923725535e-03
1.380688882812615035e-03
1.378550427946287869e-03
1.376415285186889919e-03
1.374283449404524460e-03
1.372154915477240018e-03
1.370029678291019093e-03
1.367907732739763417e-03
1.365789073725284190e-03
1.363673696157288858e-03
1.361561594953368971e-03
1.359452765038986948e-03
1.357347201347466111e-03
1.355244898819976370e-03
1.353145852405522945e-03
1.351050057060934877e-03
1.348957507750851150e-03
1.346868199447710281e-03
1.344782127131737524e-03
1.342699285790933819e-03
1.340619670421061473e-03
1.338543276025633971e-03
1.336470097615904051e-03
1.334400130210850258e-03
1.332333368837167187e-03
1.330269808529250088e-03
1.328209444329187493e-03
1.326152271286745819e-03
1.324098284459358310e-03
1.322047478912114198e-03
1.319999849717745253e-03
1.317955391956615162e-03
1.315914100716707603e-03
1.313875971093612580e-03
1.311840998190518404e-03
1.309809177118196515e-03
1.307780502994990851e-03
1.305754970946807012e-03
1.303732576107098379e-03
1.301713313616857442e-03
1.299697178624601487e-03
1.297684166286361971e-03
1.295674271765673465e-03
1.293667490233560207e-03
1.291663816868527000e-03
1.289663246856545976e-03
1.287665775391044678e-03
1.285671397672895865e-03
1.283680108910405585e-03
1.281691904319300166e-03
1.279706779122717977e-03
1.277724728551194030e-03
1.275745747842651741e-03
1.273769832242389270e-03
1.271796977003069110e-03
1.269827177384707248e-03
1.267860428654660806e-03
1.265896726087616759e-03
1.263936064965581101e-03
1.261978440577866912e-03
1.260023848221083521e-03
1.258072283199125228e-03
1.256123740823159160e-03
1.254178216411614864e-03
1.252235705290173683e-03
1.250296202791755526e-03
1.248359704256509547e-03
1.246426205031801997e-03
1.244495700472205389e-03
1.242568185939486565e-03
1.240643656802597593e-03
1.238722108437661888e-03
1.236803536227965104e-03
1.234887935563943424e-03
1.232975301843172505e-03
1.231065630470355764e-03
1.229158916857315273e-03
1.227255156422977665e-03
1.225354344593366542e-03
1.223456476801588599e-03
1.221561548487825168e-03
1.219669555099318339e-03
1.217780492090362503e-03
1.215894354922293077e-03
1.214011139063474361e-03
1.212130839989289562e-03
1.210253453182129953e-03
1.208378974131383600e-03
1.206507398333424947e-03
1.204638721291603765e-03
1.202772938516234302e-03
1.200910045524584881e-03
1.199050037840865756e-03
1.197192910996220435e-03
1.195338660528714623e-03
1.193487281983322780e-03
1.191638770911921177e-03
1.189793122873274893e-03
1.187950333433027399e-03
1.186110398163690589e-03
1.184273312644634150e-03
1.182439072462073857e-03
1.180607673209062248e-03
1.178779110485476695e-03
1.176953379898010516e-03
1.175130477060161265e-03
1.173310397592220757e-03
1.171493137121263142e-03
1.169678691281136667e-03
1.167867055712451096e-03
1.166058226062569037e-03
1.164252197985594451e-03
1.162448967142361593e-03
1.160648529200425470e-03
1.158850879834052300e-03
1.157056014724207804e-03
1.155263929558546579e-03
1.153474620031401908e-03
1.151688081843777953e-03
1.149904310703334792e-03
1.148123302324382568e-03
1.146345052427867389e-03
1.144569556741364394e-03
1.142796810999065606e-03
1.141026810941769744e-03
1.139259552316872898e-03
1.137495030878357032e-03
1.135733242386780884e-03
1.133974182609269118e-03
1.132217847319503222e-03
1.130464232297709141e-03
1.128713333330649696e-03
1.126965146211612650e-03
1.125219666740402040e-03
1.123476890723326032e-03
1.121736813973189546e-03
1.119999432309281683e-03
1.118264741557367051e-03
1.116532737549675355e-03
1.114803416124892721e-03
1.113076773128148260e-03
1.111352804411008203e-03
1.109631505831462249e-03
1.107912873253917487e-03
1.106196902549184307e-03
1.104483589594469888e-03
1.102772930273366279e-03
1.101064920475841721e-03
1.099359556098228937e-03
1.097656833043218197e-03
1.095956747219844736e-03
1.094259294543480088e-03
1.092564470935822969e-03
1.090872272324887792e-03
1.089182694644996209e-03
1.087495733836766265e-03
1.085811385847104595e-03
1.084129646629194282e-03
1.082450512142486831e-03
1.080773978352691763e-03
1.079100041231766853e-03
1.077428696757908597e-03
1.075759940915543096e-03
1.074093769695315002e-03
1.072430179094080145e-03
1.070769165114892956e-03
1.069110723766999310e-03
1.067454851065826552e-03
1.065801543032972440e-03
1.064150795696197551e-03
1.062502605089413795e-03
1.060856967252676603e-03
1.059213878232174956e-03
1.057573334080220539e-03
1.055935330855240157e-03
1.054299864621765104e-03
1.052666931450422496e-03
1.051036527417925723e-03
1.049408648607062745e-03
1.047783291106691101e-03
1.046160451011724250e-03
1.044540124423124850e-03
1.042922307447894130e-03
1.041306996199063218e-03
1.039694186795683600e-03
1.038083875362816712e-03
1.036476058031526783e-03
1.034870730938870428e-03
1.033267890227885588e-03
1.031667532047586761e-03
1.030069652552950254e-03
1.028474247904909416e-03
1.026881314270342710e-03
1.025290847822066340e-03
1.023702844738823628e-03
1.022117301205276120e-03
1.020534213411994915e-03
1.018953577555451774e-03
1.017375389838008929e-03
1.015799646467910626e-03
1.014226343659273798e-03
1.012655477632079613e-03
1.011087044612163062e-03
1.009521040831205156e-03
1.007957462526723382e-03
1.006396305942062162e-03
1.004837567326385918e-03
1.003281242934666272e-03
1.001727329027677065e-03
1.000175821871982212e-03
9.986267177399291931e-04
9.970800129096386508e-04
9.955357036649957123e-04
9.939937862956402335e-04
9.924542570969607271e-04
9.909171123700815688e-04
9.893823484218573598e-04
9.878499615648629519e-04
9.863199481173828224e-04
9.847923044034058698e-04
9.832670267526124035e-04
9.817441115003693736e-04
9.802235549877182270e-04
9.787053535613684033e-04
9.771895035736867085e-04
9.756760013826910275e-04
9.741648433520381806e-04
9.726560258510187195e-04
9.711495452545456514e-04
9.696453979431468497e-04
9.681435803029562722e-04
9.666440887257048533e-04
9.651469196087123729e-04
9.636520693548787826e-04
9.621595343726746649e-04
9.606693110761339686e-04
9.591813958848441433e-04
9.576957852239384407e-04
9.562124755240869163e-04
9.547314632214878643e-04
9.532527447578594687e-04
9.517763165804308048e-04
9.503021751419338161e-04
9.488303169005944237e-04
9.473607383201242864e-04
9.458934358697120189e-04
9.444284060240150597e-04
9.429656452631509983e-04
9.415051500726890092e-04
9.400469169436413957e-04
9.385909423724557834e-04
9.371372228610056875e-04
9.356857549165829239e-04
9.342365350518887180e-04
9.327895597850257908e-04
9.313448256394896846e-04
9.299023291441603067e-04
9.284620668332937976e-04
9.270240352465141829e-04
9.255882309288051332e-04
9.241546504305012903e-04
9.227232903072804613e-04
9.212941471201551618e-04
9.198672174354641587e-04
9.184424978248648813e-04
9.170199848653236632e-04
9.155996751391094540e-04
9.141815652337841698e-04
9.127656517421955376e-04
9.113519312624677711e-04
9.099404003979946320e-04
9.085310557574299969e-04
9.071238939546810275e-04
9.057189116088988461e-04
9.043161053444713797e-04
9.029154717910146868e-04
9.015170075833645004e-04
9.001207093615692890e-04
8.987265737708810412e-04
8.973345974617482181e-04
8.959447770898065376e-04
8.945571093158722524e-04
8.931715908059326093e-04
8.917882182311396688e-04
8.904069882678005473e-04
8.890278975973701535e-04
8.876509429064443572e-04
8.862761208867493646e-04
8.849034282351367310e-04
8.835328616535728435e-04
8.821644178491332838e-04
8.807980935339930701e-04
8.794338854254197179e-04
8.780717902457652177e-04
8.767118047224581193e-04
8.753539255879954012e-04
8.739981495799352060e-04
8.726444734408881666e-04
8.712928939185107932e-04
8.699434077654958231e-04
8.685960117395668005e-04
8.672507026034683179e-04
8.659074771249587526e-04
8.645663320768031106e-04
8.632272642367645700e-04
8.618902703875971081e-04
8.605553473170378040e-04
8.592224918177988153e-04
8.578917006875600056e-04
8.565629707289605958e-04
8.552362987495929847e-04
8.539116815619930993e-04
8.525891159836342147e-04
8.512685988369187145e-04
8.499501269491701759e-04
8.486336971526267561e-04
8.473193062844324103e-04
8.460069511866301697e-04
8.446966287061542268e-04
8.433883356948219121e-04
8.420820690093269723e-04
8.407778255112315470e-04
8.394756020669586882e-04
8.381753955477845531e-04
8.368772028298313579e-04
8.355810207940601126e-04
8.342868463262618399e-04
8.329946763170515030e-04
8.317045076618600910e-04
8.304163372609264879e-04
8.291301620192914005e-04
8.278459788467881428e-04
8.265637846580371068e-04
8.252835763724365465e-04
8.240053509141567235e-04
8.227291052121315585e-04
8.214548362000518005e-04
8.201825408163567876e-04
8.189122160042283747e-04
8.176438587115824773e-04
8.163774658910623490e-04
8.151130345000312093e-04
8.138505615005643288e-04
8.125900438594430659e-04
8.113314785481456513e-04
8.100748625428419837e-04
8.088201928243846312e-04
8.075674663783027592e-04
8.063166801947941080e-04
8.050678312687184869e-04
8.038209165995899687e-04
8.025759331915697332e-04
8.013328780534589120e-04
8.000917481986922998e-04
7.988525406453293558e-04
7.976152524160485657e-04
7.963798805381399606e-04
7.951464220434974195e-04
7.939148739686120552e-04
7.926852333545649507e-04
7.914574972470201112e-04
7.902316626962172007e-04
7.890077267569650362e-04
7.877856864886332395e-04
7.865655389551463829e-04
7.853472812249763990e-04
7.841309103711362931e-04
7.829164234711716861e-04
7.817038176071547427e-04
7.804930898656774500e-04
7.792842373378433768e-04
7.780772571192625785e-04
7.768721463100425979e-04
7.756689020147827188e-04
7.744675213425667023e-04
7.732680014069561727e-04
7.720703393259829199e-04
7.708745322221425026e-04
7.696805772223873094e-04
7.684884714581196197e-04
7.672982120651848821e-04
7.661097961838641245e-04
7.649232209588682080e-04
7.637384835393296956e-04
7.625555810787975394e-04
7.613745107352285152e-04
7.601952696709814768e-04
7.590178550528108503e-04
7.578422640518585026e-04
7.566684938436481038e-04
7.554965416080779714e-04
7.543264045294143481e-04
7.531580797962841379e-04
7.519915646016694846e-04
7.508268561428990987e-04
7.496639516216429449e-04
7.485028482439058444e-04
7.473435432200186941e-04
7.461860337646342373e-04
7.450303170967187156e-04
7.438763904395459059e-04
7.427242510206902900e-04
7.415738960720200069e-04
7.404253228296913238e-04
7.392785285341405043e-04
7.381335104300781706e-04
7.369902657664823649e-04
7.358487917965924772e-04
7.347090857779013315e-04
7.335711449721499808e-04
7.324349666453205520e-04
7.313005480676296318e-04
7.301678865135217619e-04
7.290369792616626082e-04
7.279078235949335398e-04
7.267804168004234977e-04
7.256547561694236823e-04
7.245308389974202887e-04
7.234086625840887609e-04
7.222882242332866361e-04
7.211695212530472559e-04
7.200525509555736952e-04
7.189373106572314980e-04
7.178237976785433643e-04
7.167120093441812362e-04
7.156019429829613100e-04
7.144935959278366638e-04
7.133869655158916199e-04
7.122820490883343715e-04
7.111788439904914542e-04
7.100773475718009150e-04
7.089775571858061322e-04
7.078794701901493106e-04
7.067830839465656266e-04
7.056883958208757471e-04
7.045954031829808426e-04
7.035041034068554308e-04
7.024144938705415226e-04
7.013265719561416825e-04
7.002403350498137167e-04
6.991557805417631917e-04
6.980729058262383387e-04
6.969917083015227891e-04
6.959121853699302626e-04
6.948343344377977361e-04
6.937581529154790471e-04
6.926836382173394728e-04
6.916107877617485742e-04
6.905395989710743417e-04
6.894700692716773400e-04
6.884021960939044199e-04
6.873359768720819964e-04
6.862714090445106276e-04
6.852084900534581840e-04
6.841472173451543194e-04
6.830875883697839655e-04
6.820296005814811520e-04
6.809732514383231520e-04
6.799185384023243017e-04
6.788654589394298210e-04
6.778140105195096330e-04
6.767641906163525097e-04
6.757159967076598918e-04
6.746694262750400342e-04
6.736244768040009585e-04
6.725811457839464417e-04
6.715394307081675590e-04
6.704993290738388897e-04
6.694608383820106019e-04
6.684239561376041161e-04
6.673886798494044073e-04
6.663550070300557765e-04
6.653229351960545865e-04
6.642924618677437327e-04
6.632635845693068966e-04
6.622363008287619323e-04
6.612106081779560961e-04
6.601865041525587820e-04
6.591639862920562094e-04
6.581430521397460022e-04
6.571236992427303579e-04
6.561059251519109521e-04
6.550897274219822167e-04
6.540751036114265688e-04
6.530620512825074725e-04
6.520505680012641256e-04
6.510406513375056057e-04
6.500322988648051230e-04
6.490255081604934077e-04
6.480202768056543723e-04
6.470166023851174142e-04
6.460144824874536210e-04
6.450139147049681809e-04
6.440148966336958292e-04
6.430174258733945599e-04
6.420215000275400962e-04
6.410271167033194939e-04
6.400342735116263705e-04
6.390429680670544005e-04
6.380531979878917856e-04
6.370649608961159423e-04
6.360782544173871050e-04
6.350930761810432302e-04
6.341094238200937084e-04
6.331272949712143765e-04
6.321466872747412294e-04
6.311675983746647825e-04
6.301900259186251924e-04
6.292139675579056434e-04
6.282394209474270351e-04
6.272663837457425609e-04
6.262948536150317455e-04
6.253248282210952403e-04
6.243563052333488605e-04
6.233892823248179471e-04
6.224237571721320545e-04
6.214597274555196376e-04
6.204971908588014385e-04
6.195361450693858242e-04
6.185765877782633659e-04
6.176185166800001163e-04
6.166619294727335989e-04
6.157068238581661938e-04
6.147531975415597167e-04
6.138010482317307571e-04
6.128503736410439561e-04
6.119011714854076696e-04
6.109534394842674630e-04
6.100071753606013409e-04
6.090623768409141091e-04
6.081190416552313032e-04
6.071771675370951768e-04
6.062367522235574376e-04
6.052977934551752358e-04
6.043602889760052010e-04
6.034242365335976957e-04
6.024896338789922619e-04
6.015564787667111160e-04
6.006247689547549199e-04
5.996945022045966018e-04
5.987656762811759343e-04
5.978382889528946562e-04
5.969123379916109430e-04
5.959878211726337685e-04
5.950647362747182433e-04
5.941430810800592179e-04
5.932228533742865120e-04
5.923040509464604694e-04
5.913866715890648022e-04
5.904707130980031216e-04
5.895561732725922155e-04
5.886430499155577119e-04
5.877313408330282242e-04
5.868210438345303637e-04
5.859121567329837526e-04
5.850046773446946268e-04
5.840986034893524753e-04
5.831939329900228839e-04
5.822906636731431992e-04
5.813887933685178656e-04
5.804883199093119209e-04
5.795892411320469843e-04
5.786915548765950764e-04
5.777952589861742828e-04
5.769003513073426822e-04
5.760068296899943348e-04
5.751146919873529944e-04
5.742239360559677711e-04
5.733345597557068431e-04
5.724465609497543126e-04
5.715599375046027247e-04
5.706746872900495980e-04
5.697908081791915698e-04
5.689082980484198426e-04
5.680271547774146546e-04
5.671473762491396420e-04
5.662689603498380440e-04
5.653919049690269566e-04
5.645162079994920203e-04
5.636418673372824324e-04
5.627688808817062852e-04
5.618972465353253617e-04
5.610269622039500397e-04
5.601580257966337628e-04
5.592904352256691369e-04
5.584241884065819670e-04
5.575592832581267042e-04
5.566957177022808069e-04
5.558334896642409470e-04
5.549725970724171545e-04
5.541130378584275054e-04
5.532548099570940014e-04
5.523979113064374745e-04
5.515423398476720571e-04
5.506880935252005203e-04
5.498351702866099370e-04
5.489835680826659356e-04
5.481332848673077128e-04
5.472843185976440216e-04
5.464366672339475341e-04
5.455903287396496370e-04
5.447453010813368534e-04
5.439015822287446636e-04
5.430591701547530592e-04
5.422180628353817731e-04
5.413782582497852916e-04
5.405397543802481931e-04
5.397025492121798346e-04
5.388666407341103411e-04
5.380320269376850754e-04
5.371987058176594344e-04
5.363666753718954877e-04
5.355359336013557981e-04
5.347064785100990843e-04
5.338783081052756677e-04
5.330514203971222680e-04
5.322258133989573410e-04
5.314014851271770673e-04
5.305784336012487386e-04
5.297566568437079388e-04
5.289361528801527976e-04
5.281169197392397621e-04
5.272989554526778507e-04
5.264822580552255089e-04
5.256668255846842124e-04
5.248526560818952144e-04
5.240397475907336913e-04
5.232280981581047307e-04
5.224177058339385610e-04
5.216085686711854560e-04
5.208006847258113978e-04
5.199940520567938483e-04
5.191886687261156779e-04
5.183845327987623465e-04
5.175816423427156152e-04
5.167799954289499682e-04
5.159795901314276258e-04
5.151804245270936652e-04
5.143824966958722260e-04
5.135858047206605468e-04
5.127903466873258214e-04
5.119961206846993440e-04
5.112031248045728225e-04
5.104113571416936087e-04
5.096208157937594935e-04
5.088314988614149126e-04
5.080434044482461759e-04
5.072565306607765886e-04
5.064708756084622225e-04
5.056864374036874714e-04
5.049032141617599547e-04
5.041212040009066149e-04
5.033404050422690549e-04
5.025608154098984426e-04
5.017824332307520415e-04
5.010052566346877897e-04
5.002292837544600711e-04
4.994545127257161380e-04
4.986809416869894974e-04
4.979085687796978507e-04
4.971373921481366974e-04
4.963674099394766240e-04
4.955986203037569078e-04
4.948310213938831312e-04
4.940646113656210021e-04
4.932993883775928842e-04
4.925353505912729180e-04
4.917724961709832266e-04
4.910108232838887110e-04
4.902503300999933641e-04
4.894910147921351746e-04
4.887328755359823329e-04
4.879759105100283517e-04
4.872201178955884340e-04
4.864654958767941064e-04
4.857120426405896955e-04
4.849597563767276114e-04
4.842086352777639027e-04
4.834586775390540278e-04
4.827098813587486271e-04
4.819622449377892397e-04
4.812157664799035874e-04
4.804704441916015636e-04
4.797262762821710041e-04
4.789832609636732424e-04
4.782413964509387187e-04
4.775006809615627511e-04
4.767611127159016330e-04
4.760226899370676454e-04
4.752854108509254249e-04
4.745492736860871933e-04
4.738142766739090713e-04
4.730804180484863078e-04
4.723476960466491603e-04
4.716161089079588830e-04
4.708856548747034987e-04
4.701563321918931365e-04
4.694281391072561288e-04
4.687010738712350539e-04
4.679751347369820198e-04
4.672503199603549777e-04
4.665266277999127894e-04
4.658040565169119197e-04
4.650826043753016666e-04
4.643622696417202579e-04
4.636430505854906769e-04
4.629249454786162716e-04
4.622079525957769057e-04
4.614920702143245133e-04
4.607772966142792501e-04
4.600636300783252650e-04
4.593510688918064715e-04
4.586396113427223739e-04
4.579292557217243265e-04
4.572200003221110884e-04
4.565118434398245410e-04
4.558047833734463813e-04
4.550988184241930800e-04
4.543939468959123582e-04
4.536901670950791755e-04
4.529874773307911769e-04
4.522858759147652227e-04
4.515853611613327811e-04
4.508859313874364044e-04
4.501875849126251209e-04
4.494903200590509118e-04
4.487941351514643197e-04
4.480990285172107082e-04
4.474049984862260880e-04
4.467120433910330506e-04
4.460201615667366490e-04
4.453293513510209818e-04
4.446396110841445860e-04
4.439509391089366415e-04
4.432633337707929605e-04
4.425767934176721920e-04
4.418913164000915937e-04
4.412069010711232374e-04
4.405235457863901057e-04
4.398412489040619180e-04
4.391600087848514440e-04
4.384798237920101670e-04
4.378006922913249229e-04
4.371226126511135093e-04
4.364455832422209445e-04
4.357696024380155650e-04
4.350946686143850680e-04
4.344207801497327161e-04
4.337479354249731641e-04
4.330761328235288804e-04
4.324053707313261900e-04
4.317356475367911000e-04
4.310669616308459933e-04
4.303993114069053455e-04
4.297326952608718220e-04
4.290671115911326460e-04
4.284025587985558037e-04
4.277390352864858698e-04
4.270765394607405931e-04
4.264150697296063418e-04
4.257546245038355023e-04
4.250952021966414914e-04
4.244368012236953412e-04
4.237794200031221210e-04
4.231230569554970348e-04
4.224677105038413005e-04
4.218133790736188437e-04
4.211600610927321233e-04
4.205077549915183909e-04
4.198564592027464928e-04
4.192061721616123157e-04
4.185568923057353180e-04
4.179086180751550054e-04
4.172613479123269201e-04
4.166150802621190080e-04
4.159698135718077703e-04
4.153255462910746855e-04
4.146822768720023603e-04
4.140400037690710605e-04
4.133987254391545364e-04
4.127584403415166621e-04
4.121191469378078032e-04
4.114808436920608056e-04
4.108435290706875256e-04
4.102072015424750896e-04
4.095718595785822081e-04
4.089375016525354347e-04
4.083041262402256968e-04
4.076717318199044471e-04
4.070403168721800852e-04
4.064098798800143799e-04
4.057804193287185119e-04
4.051519337059499297e-04
4.045244215017081753e-04
4.038978812083317401e-04
4.032723113204942159e-04
4.026477103352004458e-04
4.020240767517835431e-04
4.014014090719006085e-04
4.007797057995295857e-04
4.001589654409652501e-04
3.995391865048163898e-04
3.989203675020010350e-04
3.983025069457441273e-04
3.976856033515730740e-04
3.970696552373146043e-04
3.964546611230909743e-04
3.958406195313165523e-04
3.952275289866944027e-04
3.946153880162122209e-04
3.940041951491396769e-04
3.933939489170237532e-04
3.927846478536862508e-04
3.921762904952196698e-04
3.915688753799839565e-04
3.909624010486026542e-04
3.903568660439598681e-04
3.897522689111965243e-04
3.891486081977066835e-04
3.885458824531346682e-04
3.879440902293706172e-04
3.873432300805477752e-04
3.867433005630390233e-04
3.861443002354527049e-04
3.855462276586302944e-04
3.849490813956415731e-04
3.843528600117822975e-04
3.837575620745702423e-04
3.831631861537420020e-04
3.825697308212489250e-04
3.819771946512548911e-04
3.813855762201314868e-04
3.807948741064558370e-04
3.802050868910060509e-04
3.796162131567587831e-04
3.790282514888853845e-04
3.784412004747482699e-04
3.778550587038980455e-04
3.772698247680698219e-04
3.766854972611797451e-04
3.761020747793217983e-04
3.755195559207645485e-04
3.749379392859474068e-04
3.743572234774775382e-04
3.737774071001264461e-04
3.731984887608266657e-04
3.726204670686681319e-04
3.720433406348954146e-04
3.714671080729037614e-04
3.708917679982360618e-04
3.703173190285795943e-04
3.697437597837626658e-04
3.691710888857510338e-04
3.685993049586449243e-04
3.680284066286755086e-04
3.674583925242019215e-04
3.668892612757075752e-04
3.663210115157968525e-04
3.657536418791923418e-04
3.651871510027310968e-04
3.646215375253613841e-04
3.640568000881394843e-04
3.634929373342267109e-04
3.629299479088857780e-04
3.623678304594774935e-04
3.618065836354577235e-04
3.612462060883742478e-04
3.606866964718633451e-04
3.601280534416464313e-04
3.595702756555272414e-04
3.590133617733879258e-04
3.584573104571867736e-04
3.579021203709540386e-04
3.573477901807894453e-04
3.567943185548585572e-04
3.562417041633898491e-04
3.556899456786712923e-04
3.551390417750472641e-04
3.545889911289152956e-04
3.540397924187231983e-04
3.534914443249652697e-04
3.529439455301799076e-04
3.523972947189458701e-04
3.518514905778790769e-04
3.513065317956300072e-04
3.507624170628797968e-04
3.502191450723380695e-04
3.496767145187386003e-04
3.491351240988371470e-04
3.485943725114079811e-04
3.480544584572406886e-04
3.475153806391370268e-04
3.469771377619079418e-04
3.464397285323706963e-04
3.459031516593450198e-04
3.453674058536507240e-04
3.448324898281041788e-04
3.442984022975156561e-04
3.437651419786855894e-04
3.432327075904022967e-04
3.427010978534381861e-04
3.421703114905470995e-04
3.416403472264610596e-04
3.411112037878872888e-04
3.405828799035051191e-04
3.400553743039629018e-04
3.395286857218749723e-04
3.390028128918189392e-04
3.384777545503319437e-04
3.379535094359081664e-04
3.374300762889956827e-04
3.369074538519935356e-04
3.363856408692481579e-04
3.358646360870512037e-04
3.353444382536359164e-04
3.348250461191744180e-04
3.343064584357744568e-04
3.337886739574766424e-04
3.332716914402514101e-04
3.327555096419958225e-04
3.322401273225309673e-04
3.317255432435985965e-04
3.312117561688584697e-04
3.306987648638850478e-04
3.301865680961648905e-04
3.296751646350934038e-04
3.291645532519719671e-04
3.286547327200050597e-04
3.281457018142972795e-04
3.276374593118503071e-04
3.271300039915600870e-04
3.266233346342139543e-04
3.261174500224873823e-04
3.256123489409414344e-04
3.251080301760196200e-04
3.246044925160450757e-04
3.241017347512176378e-04
3.235997556736108067e-04
3.230985540771692528e-04
3.225981287577051309e-04
3.220984785128961280e-04
3.215996021422819402e-04
3.211014984472616157e-04
3.206041662310905199e-04
3.201076042988777867e-04
3.196118114575830123e-04
3.191167865160138154e-04
3.186225282848225305e-04
3.181290355765039311e-04
3.176363072053915975e-04
3.171443419876559654e-04
3.166531387413006938e-04
3.161626962861602253e-04
3.156730134438970759e-04
3.151840890379984739e-04
3.146959218937741914e-04
3.142085108383532916e-04
3.137218547006812562e-04
3.132359523115175451e-04
3.127508025034323987e-04
3.122664041108043440e-04
3.117827559698172673e-04
3.112998569184574865e-04
3.108177057965112039e-04
3.103363014455614698e-04
3.098556427089856893e-04
3.093757284319526945e-04
3.088965574614196009e-04
3.084181286461298551e-04
3.079404408366096576e-04
3.074634928851657941e-04
3.069872836458825997e-04
3.065118119746190316e-04
3.060370767290064467e-04
3.055630767684451858e-04
3.050898109541025143e-04
3.046172781489094234e-04
3.041454772175578654e-04
3.036744070264984770e-04
3.032040664439373265e-04
3.027344543398337458e-04
3.022655695858970232e-04
3.017974110555840181e-04
3.013299776240966135e-04
3.008632681683785716e-04
3.003972815671132569e-04
2.999320167007205463e-04
2.994674724513547151e-04
2.990036477029010755e-04
2.985405413409737002e-04
2.980781522529129287e-04
2.976164793277818435e-04
2.971555214563646979e-04
2.966952775311635011e-04
2.962357464463955784e-04
2.957769270979911319e-04
2.953188183835902050e-04
2.948614192025401340e-04
2.944047284558932174e-04
2.939487450464035715e-04
2.934934678785249625e-04
2.930388958584080410e-04
2.925850278938974154e-04
2.921318628945293204e-04
2.916793997715290692e-04
2.912276374378080721e-04
2.907765748079617764e-04
2.903262107982665222e-04
2.898765443266771574e-04
2.894275743128244351e-04
2.889792996780124663e-04
2.885317193452161715e-04
2.880848322390783538e-04
2.876386372859075845e-04
2.871931334136753299e-04
2.867483195520134577e-04
2.863041946322116894e-04
2.858607575872147808e-04
2.854180073516205708e-04
2.849759428616766206e-04
2.845345630552783699e-04
2.840938668719661560e-04
2.836538532529226655e-04
2.832145211409708746e-04
2.827758694805707421e-04
2.823378972178172577e-04
2.819006033004378404e-04
2.814639866777895192e-04
2.810280463008566561e-04
2.805927811222484530e-04
2.801581900961961323e-04
2.797242721785508771e-04
2.792910263267809582e-04
2.788584514999693483e-04
2.784265466588111207e-04
2.779953107656114430e-04
2.775647427842821619e-04
2.771348416803403399e-04
2.767056064209049478e-04
2.762770359746949140e-04
2.758491293120262505e-04
2.754218854048099394e-04
2.749953032265494389e-04
2.745693817523375390e-04
2.741441199588550066e-04
2.737195168243673326e-04
2.732955713287224552e-04
2.728722824533484290e-04
2.724496491812509308e-04
2.720276704970107126e-04
2.716063453867812697e-04
2.711856728382863475e-04
2.707656518408177188e-04
2.703462813852322024e-04
2.699275604639499821e-04
2.695094880709517885e-04
2.690920632017760250e-04
2.686752848535175217e-04
2.682591520248240116e-04
2.678436637158941786e-04
2.674288189284753812e-04
2.670146166658610501e-04
2.666010559328882488e-04
2.661881357359356139e-04
2.657758550829204271e-04
2.653642129832966645e-04
2.649532084480527732e-04
2.645428404897084192e-04
2.641331081223132404e-04
2.637240103614438107e-04
2.633155462242011465e-04
2.629077147292090263e-04
2.625005148966109004e-04
2.620939457480679397e-04
2.616880063067566499e-04
2.612826955973664329e-04
2.608780126460972550e-04
2.604739564806574786e-04
2.600705261302610981e-04
2.596677206256260586e-04
2.592655389989711665e-04
2.588639802840145168e-04
2.584630435159706208e-04
2.580627277315482369e-04
2.576630319689483112e-04
2.572639552678611038e-04
2.568654966694646174e-04
2.564676552164217235e-04
2.560704299528780486e-04
2.556738199244597515e-04
2.552778241782709210e-04
2.548824417628918417e-04
2.544876717283762828e-04
2.540935131262491678e-04
2.536999650095046765e-04
2.533070264326035348e-04
2.529146964514710633e-04
2.525229741234947373e-04
2.521318585075220733e-04
2.517413486638581891e-04
2.513514436542636896e-04
2.509621425419522817e-04
2.505734443915886059e-04
2.501853482692861764e-04
2.497978532426046701e-04
2.494109583805481384e-04
2.490246627535624047e-04
2.486389654335332210e-04
2.482538654937836123e-04
2.478693620090721954e-04
2.474854540555902521e-04
2.471021407109601025e-04
2.467194210542327198e-04
2.463372941658852912e-04
2.459557591278194286e-04
2.455748150233584581e-04
2.451944609372456313e-04
2.448146959556417941e-04
2.444355191661232185e-04
2.440569296576791084e-04
2.436789265207100011e-04
2.433015088470250021e-04
2.429246757298400236e-04
2.425484262637753175e-04
2.421727595448534972e-04
2.417976746704972063e-04
2.414231707395271130e-04
2.410492468521595788e-04
2.406759021100046529e-04
2.403031356160637954e-04
2.399309464747277632e-04
2.395593337917745224e-04
2.391882966743669181e-04
2.388178342310507763e-04
2.384479455717525731e-04
2.380786298077773209e-04
2.377098860518066161e-04
2.373417134178961731e-04
2.369741110214740353e-04
2.366070779793381896e-04
2.362406134096546150e-04
2.358747164319551144e-04
2.355093861671351998e-04
2.351446217374518434e-04
2.347804222665216608e-04
2.344167868793184991e-04
2.340537147021715396e-04
2.336912048627632103e-04
2.333292564901268552e-04
2.329678687146448911e-04
2.326070406680466119e-04
2.322467714834061290e-04
2.318870602951402296e-04
2.315279062390064525e-04
2.311693084521007570e-04
2.308112660728557067e-04
2.304537782410381657e-04
2.300968440977475100e-04
2.297404627854133770e-04
2.293846334477935250e-04
2.290293552299719625e-04
2.286746272783568069e-04
2.283204487406783061e-04
2.279668187659865885e-04
2.276137365046499556e-04
2.272612011083524424e-04
2.269092117300921098e-04
2.265577675241788492e-04
2.262068676462324036e-04
2.258565112531802808e-04
2.255066975032558017e-04
2.251574255559959860e-04
2.248086945722396822e-04
2.244605037141254259e-04
2.241128521450893262e-04
2.237657390298634387e-04
2.234191635344732725e-04
2.230731248262361635e-04
2.227276220737591330e-04
2.223826544469367740e-04
2.220382211169494616e-04
2.216943212562612938e-04
2.213509540386180850e-04
2.210081186390452522e-04
2.206658142338460801e-04
2.203240400005996072e-04
2.199827951181586468e-04
2.196420787666478083e-04
2.193018901274615732e-04
2.189622283832623429e-04
2.186230927179783523e-04
2.182844823168018531e-04
2.179463963661870814e-04
2.176088340538483601e-04
2.172717945687580119e-04
2.169352771011445974e-04
2.165992808424908552e-04
2.162638049855316962e-04
2.159288487242525228e-04
2.155944112538868982e-04
2.152604917709150553e-04
2.149270894730616473e-04
2.145942035592937960e-04
2.142618332298194925e-04
2.139299776860854017e-04
2.135986361307749110e-04
2.132678077678064224e-04
2.129374918023313739e-04
2.126076874407321253e-04
2.122783938906203864e-04
2.119496103608350479e-04
2.116213360614403662e-04
2.112935702037242280e-04
2.109663120001958739e-04
2.106395606645843533e-04
2.103133154118366267e-04
2.099875754581152895e-04
2.096623400207972706e-04
2.093376083184714470e-04
2.090133795709370450e-04
2.086896529992016884e-04
2.083664278254795282e-04
2.080437032731893723e-04
2.077214785669527887e-04
2.073997529325923429e-04
2.070785255971296197e-04
2.067577957887834340e-04
2.064375627369679882e-04
2.061178256722909197e-04
2.057985838265516214e-04
2.054798364327392081e-04
2.051615827250308634e-04
2.048438219387897525e-04
2.045265533105635044e-04
2.042097760780820436e-04
2.038934894802560719e-04
2.035776927571750087e-04
2.032623851501052831e-04
2.029475659014884099e-04
2.026332342549393357e-04
2.023193894552444063e-04
2.020060307483598216e-04
2.016931573814094404e-04
2.013807686026834515e-04
2.010688636616360977e-04
2.007574418088842931e-04
2.004465022962053733e-04
2.001360443765358486e-04
1.998260673039690461e-04
1.995165703337537270e-04
1.992075527222920267e-04
1.988990137271379644e-04
1.985909526069952469e-04
1.982833686217159682e-04
1.979762610322984137e-04
1.976696291008854880e-04
1.973634720907630348e-04
1.970577892663578305e-04
1.967525798932359042e-04
1.964478432381008572e-04
1.961435785687920194e-04
1.958397851542827150e-04
1.955364622646786090e-04
1.952336091712156740e-04
1.949312251462586730e-04
1.946293094632994781e-04
1.943278613969550111e-04
1.940268802229658880e-04
1.937263652181943048e-04
1.934263156606225197e-04
1.931267308293511996e-04
1.928276100045973331e-04
1.925289524676930108e-04
1.922307575010831753e-04
1.919330243883242393e-04
1.916357524140822964e-04
1.913389408641313861e-04
1.910425890253515972e-04
1.907466961857277117e-04
1.904512616343472810e-04
1.901562846613988366e-04
1.898617645581703452e-04
1.895677006170474468e-04
1.892740921315118016e-04
1.889809383961393006e-04
1.886882387065983585e-04
1.883959923596484223e-04
1.881041986531380476e-04
1.878128568860032985e-04
1.875219663582660681e-04
1.872315263710325054e-04
1.869415362264910646e-04
1.866519952279110950e-04
1.863629026796410524e-04
1.860742578871068186e-04
1.857860601568101021e-04
1.854983087963266489e-04
1.852110031143046982e-04
1.849241424204633012e-04
1.846377260255905055e-04
1.843517532415421079e-04
1.840662233812393779e-04
1.837811357586680006e-04
1.834964896888761248e-04
1.832122844879727642e-04
1.829285194731261166e-04
1.826451939625619648e-04
1.823623072755622943e-04
1.820798587324630165e-04
1.817978476546529385e-04
1.815162733645719472e-04
1.812351351857093831e-04
1.809544324426022241e-04
1.806741644608337574e-04
1.803943305670317092e-04
1.801149300888669439e-04
1.798359623550514579e-04
1.795574266953370789e-04
1.792793224405136499e-04
1.790016489224075381e-04
1.787244054738800901e-04
1.784475914288258160e-04
1.781712061221709525e-04
1.778952488898718099e-04
1.776197190689132266e-04
1.773446159973069705e-04
1.770699390140899766e-04
1.767956874593230464e-04
1.765218606740890587e-04
1.762484580004914248e-04
1.759754787816525433e-04
1.757029223617122824e-04
1.754307880858262179e-04
1.751590753001641698e-04
1.748877833519087112e-04
1.746169115892534337e-04
1.743464593614015652e-04
1.740764260185642892e-04
1.738068109119590644e-04
1.735376133938083506e-04
1.732688328173379283e-04
1.730004685367751368e-04
1.727325199073477633e-04
1.724649862852820363e-04
1.721978670278013525e-04
1.719311614931246499e-04
1.716648690404649446e-04
1.713989890300275957e-04
1.711335208230090044e-04
1.708684637815949335e-04
1.706038172689589624e-04
1.703395806492611318e-04
1.700757532876461821e-04
1.698123345502422249e-04
1.695493238041590085e-04
1.692867204174866168e-04
1.690245237592938701e-04
1.687627331996267258e-04
1.685013481095068693e-04
1.682403678609301686e-04
1.679797918268651565e-04
1.677196193812515942e-04
1.674598498989987908e-04
1.672004827559842748e-04
1.669415173290522496e-04
1.666829529960120752e-04
1.664247891356367777e-04
1.661670251276614770e-04
1.659096603527821401e-04
1.656526941926538465e-04
1.653961260298893242e-04
1.651399552480576759e-04
1.648841812316826174e-04
1.646288033662412305e-04
1.643738210381623095e-04
1.641192336348249793e-04
1.638650405445572582e-04
1.636112411566345679e-04
1.633578348612781334e-04
1.631048210496536827e-04
1.628521991138699287e-04
1.625999684469771323e-04
1.623481284429655850e-04
1.620966784967641720e-04
1.618456180042389359e-04
1.615949463621916128e-04
1.613446629683582770e-04
1.610947672214076880e-04
1.608452585209400431e-04
1.605961362674854871e-04
1.603473998625024857e-04
1.600990487083767415e-04
1.598510822084194319e-04
1.596034997668659356e-04
1.593563007888743955e-04
1.591094846805242284e-04
1.588630508488147965e-04
1.586169987016638355e-04
1.583713276479061535e-04
1.581260370972922217e-04
1.578811264604866561e-04
1.576365951490668084e-04
1.573924425755214920e-04
1.571486681532494913e-04
1.569052712965580162e-04
1.566622514206615104e-04
1.564196079416801054e-04
1.561773402766383203e-04
1.559354478434635705e-04
1.556939300609847042e-04
1.554527863489308910e-04
1.552120161279299689e-04
1.549716188195070883e-04
1.547315938460833574e-04
1.544919406309744868e-04
1.542526585983894610e-04
1.540137471734288855e-04
1.537752057820839023e-04
1.535370338512346991e-04
1.532992308086490729e-04
1.530617960829811289e-04
1.528247291037699521e-04
1.525880293014381171e-04
1.523516961072903864e-04
1.521157289535123556e-04
1.518801272731690438e-04
1.516448905002035653e-04
1.514100180694357746e-04
1.511755094165609110e-04
1.509413639781481350e-04
1.507075811916393899e-04
1.504741604953478565e-04
1.502411013284566256e-04
1.500084031310175317e-04
1.497760653439496358e-04
1.495440874090378156e-04
1.493124687689315999e-04
1.490812088671438136e-04
1.488503071480491409e-04
1.486197630568827975e-04
1.483895760397392562e-04
1.481597455435709461e-04
1.479302710161868432e-04
1.477011519062510880e-04
1.474723876632819282e-04
1.472439777376500657e-04
1.470159215805775718e-04
1.467882186441364244e-04
1.465608683812472872e-04
1.463338702456780740e-04
1.461072236920428914e-04
1.458809281758003578e-04
1.456549831532527096e-04
1.454293880815440661e-04
1.452041424186594539e-04
1.449792456234233701e-04
1.447546971554985085e-04
1.445304964753844857e-04
1.443066430444164047e-04
1.440831363247638242e-04
1.438599757794291334e-04
1.436371608722466294e-04
1.434146910678808372e-04
1.431925658318256424e-04
1.429707846304026104e-04
1.427493469307599837e-04
1.425282522008713265e-04
1.423074999095341156e-04
1.420870895263685743e-04
1.418670205218165888e-04
1.416472923671400000e-04
1.414279045344197096e-04
1.412088564965542430e-04
1.409901477272585302e-04
1.407717777010626041e-04
1.405537458933103811e-04
1.403360517801583330e-04
1.401186948385744026e-04
1.399016745463364862e-04
1.396849903820313488e-04
1.394686418250534049e-04
1.392526283556032817e-04
1.390369494546868161e-04
1.388216046041135915e-04
1.386065932864958530e-04
1.383919149852470983e-04
1.381775691845809663e-04
1.379635553695100444e-04
1.377498730258444322e-04
1.375365216401906569e-04
1.373235006999504540e-04
1.371108096933194387e-04
1.368984481092859679e-04
1.366864154376297848e-04
1.364747111689209886e-04
1.362633347945186528e-04
1.360522858065695776e-04
1.358415636980072607e-04
1.356311679625505414e-04
1.354210980947022727e-04
1.352113535897484539e-04
1.350019339437566045e-04
1.347928386535748153e-04
1.345840672168305285e-04
1.343756191319292644e-04
1.341674938980533466e-04
1.339596910151608458e-04
1.337522099839843321e-04
1.335450503060296018e-04
1.333382114835745657e-04
1.331316930196680293e-04
1.329254944181285005e-04
1.327196151835429697e-04
1.325140548212656898e-04
1.323088128374170927e-04
1.321038887388825960e-04
1.318992820333112208e-04
1.316949922291147247e-04
1.314910188354661376e-04
1.312873613622987320e-04
1.310840193203048306e-04
1.308809922209346673e-04
1.306782795763949511e-04
1.304758808996481613e-04
1.302737957044108939e-04
1.300720235051530487e-04
1.298705638170965279e-04
1.296694161562139897e-04
1.294685800392278722e-04
1.292680549836090114e-04
1.290678405075757461e-04
1.288679361300924819e-04
1.286683413708687154e-04
1.284690557503578954e-04
1.282700787897560137e-04
1.280714100110009275e-04
1.278730489367707601e-04
1.276749950904828711e-04
1.274772479962929615e-04
1.272798071790935291e-04
1.270826721645131096e-04
1.268858424789148125e-04
1.266893176493953731e-04
1.264930972037840945e-04
1.262971806706413849e-04
1.261015675792580520e-04
1.259062574596538130e-04
1.257112498425763181e-04
1.255165442595000398e-04
1.253221402426250798e-04
1.251280373248761122e-04
1.249342350399013264e-04
1.247407329220710445e-04
1.245475305064768000e-04
1.243546273289303347e-04
1.241620229259621623e-04
1.239697168348207824e-04
1.237777085934712435e-04
1.235859977405943846e-04
1.233945838155854255e-04
1.232034663585531266e-04
1.230126449103183521e-04
1.228221190124133657e-04
1.226318882070803393e-04
1.224419520372705403e-04
1.222523100466430576e-04
1.220629617795638389e-04
1.218739067811045124e-04
1.216851445970413290e-04
1.214966747738539836e-04
1.213084968587247207e-04
1.211206103995369788e-04
1.209330149448745775e-04
1.207457100440204436e-04
1.205586952469555673e-04
1.203719701043579862e-04
1.201855341676016464e-04
1.199993869887553457e-04
1.198135281205816492e-04
1.196279571165358055e-04
1.194426735307646889e-04
1.192576769181057566e-04
1.190729668340859100e-04
1.188885428349204643e-04
1.187044044775121328e-04
1.185205513194498338e-04
1.183369829190077555e-04
1.181536988351442584e-04
1.179706986275007503e-04
1.177879818564007378e-04
1.176055480828486606e-04
1.174233968685289159e-04
1.172415277758047874e-04
1.170599403677174022e-04
1.168786342079845651e-04
1.166976088609999318e-04
1.165168638918317621e-04
1.163363988662219578e-04
1.161562133505850597e-04
1.159763069120071227e-04
1.157966791182447132e-04
1.156173295377238921e-04
1.154382577395391177e-04
1.152594632934522830e-04
1.150809457698916181e-04
1.149027047399507281e-04
1.147247397753875086e-04
1.145470504486230888e-04
1.143696363327409101e-04
1.141924970014855602e-04
1.140156320292618652e-04
1.138390409911338734e-04
1.136627234628237302e-04
1.134866790207107159e-04
1.133109072418302294e-04
1.131354077038727987e-04
1.129601799851830238e-04
1.127852236647585604e-04
1.126105383222491575e-04
1.124361235379555871e-04
1.122619788928286814e-04
1.120881039684683034e-04
1.119144983471223706e-04
1.117411616116857712e-04
1.115680933456994695e-04
1.113952931333494486e-04
1.112227605594656943e-04
1.110504952095212462e-04
1.108784966696311678e-04
1.107067645265515571e-04
1.105352983676785572e-04
1.103640977810473674e-04
1.101931623553312531e-04
1.100224916798405437e-04
1.098520853445216833e-04
1.096819429399561877e-04
1.095120640573596951e-04
1.093424482885810452e-04
1.091730952261011403e-04
1.090040044630321187e-04
1.088351755931163249e-04
1.086666082107253065e-04
1.084983019108588386e-04
1.083302562891440290e-04
1.081624709418342752e-04
1.079949454658082610e-04
1.078276794585691028e-04
1.076606725182432928e-04
1.074939242435797229e-04
1.073274342339488040e-04
1.071612020893414493e-04
1.069952274103680851e-04
1.068295097982577702e-04
1.066640488548571653e-04
1.064988441826295984e-04
1.063338953846541292e-04
1.061692020646416230e-04
1.060047638268912871e-04
1.058405802763150931e-04
1.056766510184452572e-04
1.055129756594251606e-04
1.053495538060081566e-04
1.051863850655567032e-04
1.050234690460414145e-04
1.048608053560400310e-04
1.046983936047365921e-04
1.045362334019204207e-04
1.043743243579852413e-04
1.042126660839281507e-04
1.040512581913488182e-04
1.038901002924484148e-04
1.037291920000288137e-04
1.035685329274915197e-04
1.034081226888368561e-04
1.032479608986630159e-04
1.030880471721650588e-04
1.029283811251340848e-04
1.027689623739562854e-04
1.026097905356119133e-04
1.024508652276745648e-04
1.022921860683100948e-04
1.021337526762757501e-04
1.019755646709192746e-04
1.018176216721779741e-04
1.016599233005778221e-04
1.015024691772325110e-04
1.013452589238425576e-04
1.011882921626944493e-04
1.010315685166596141e-04
1.008750876091936617e-04
1.007188490643353399e-04
1.005628525067058031e-04
1.004070975615074731e-04
1.002515838545233216e-04
1.000963110121159754e-04
9.994127866122668651e-05
9.978648642937454588e-05
9.963193394465554855e-05
9.947762083574169904e-05
9.932354673188015758e-05
9.916971126289227784e-05
9.901611405917278030e-05
9.886275475168883060e-05
9.870963297197919933e-05
9.855674835215327270e-05
9.840410052489029355e-05
9.825168912343839917e-05
9.809951378161380813e-05
9.794757413379981739e-05
9.779586981494605693e-05
9.764440046056756814e-05
9.749316570674388229e-05
9.734216519011819379e-05
9.719139854789647930e-05
9.704086541784660326e-05
9.689056543829750474e-05
9.674049824813827584e-05
9.659066348681732148e-05
9.644106079434142424e-05
9.629168981127498542e-05
9.614255017873910350e-05
9.599364153841070675e-05
9.584496353252175361e-05
9.569651580385822988e-05
9.554829799575948455e-05
9.540030975211722698e-05
9.525255071737470018e-05
9.510502053652589475e-05
9.495771885511460021e-05
9.481064531923361896e-05
9.466379957552393956e-05
9.451718127117374744e-05
9.437079005391773364e-05
9.422462557203621397e-05
9.407868747435419387e-05
9.393297541024062298e-05
9.378748902960754139e-05
9.364222798290919867e-05
9.349719192114121365e-05
9.335238049583976128e-05
9.320779335908075942e-05
9.306343016347896088e-05
9.291929056218716735e-05
9.277537420889542979e-05
9.263168075783009977e-05
9.248820986375316539e-05
9.234496118196124841e-05
9.220193436828491302e-05
9.205912907908773079e-05
9.191654497126557587e-05
9.177418170224568991e-05
9.163203892998590954e-05
9.149011631297382613e-05
9.134841351022598619e-05
9.120693018128709175e-05
9.106566598622910594e-05
9.092462058565049397e-05
9.078379364067545073e-05
9.064318481295293849e-05
9.050279376465603640e-05
9.036262015848103249e-05
9.022266365764665115e-05
9.008292392589325353e-05
8.994340062748197020e-05
8.980409342719395576e-05
8.966500199032956210e-05
8.952612598270755239e-05
8.938746507066424728e-05
8.924901892105277946e-05
8.911078720124226700e-05
8.897276957911701373e-05
8.883496572307566900e-05
8.869737530203057716e-05
8.855999798540680173e-05
8.842283344314144785e-05
8.828588134568278131e-05
8.814914136398959159e-05
8.801261316953018900e-05
8.787629643428176767e-05
8.774019083072956535e-05
8.760429603186614504e-05
8.746861171119044642e-05
8.733313754270720299e-05
8.719787320092596637e-05
8.706281836086049637e-05
8.692797269802785302e-05
8.679333588844767827e-05
8.665890760864143703e-05
8.652468753563154983e-05
8.639067534694074230e-05
8.625687072059115069e-05
8.612327333510360358e-05
8.598988286949686298e-05
8.585669900328687888e-05
8.572372141648586772e-05
8.559094978960177030e-05
8.545838380363727593e-05
8.532602314008919911e-05
8.519386748094766630e-05
8.506191650869532989e-05
8.493016990630660931e-05
8.479862735724695913e-05
8.466728854547208303e-05
8.453615315542720198e-05
8.440522087204628174e-05
8.427449138075127392e-05
8.414396436745128925e-05
8.401363951854201487e-05
8.388351652090477915e-05
8.375359506190592832e-05
8.362387482939601330e-05
8.349435551170904430e-05
8.336503679766171836e-05
8.323591837655278233e-05
8.310699993816213845e-05
8.297828117275018024e-05
8.284976177105710137e-05
8.272144142430196048e-05
8.259331982418217975e-05
8.246539666287262338e-05
8.233767163302497410e-05
8.221014442776689295e-05
8.208281474070136877e-05
8.195568226590597277e-05
8.182874669793203189e-05
8.170200773180400530e-05
8.157546506301871199e-05
8.144911838754457178e-05
8.132296740182090057e-05
8.119701180275719213e-05
8.107125128773238619e-05
8.094568555459409598e-05
8.082031430165795771e-05
8.069513722770684449e-05
8.057015403199017521e-05
8.044536441422315556e-05
8.032076807458608683e-05
8.019636471372367480e-05
8.007215403274425716e-05
7.994813573321908531e-05
7.982430951718164666e-05
7.970067508712691930e-05
7.957723214601066723e-05
7.945398039724877631e-05
7.933091954471638686e-05
7.920804929274739229e-05
7.908536934613354455e-05
7.896287941012387142e-05
7.884057919042387690e-05
7.871846839319495846e-05
7.859654672505349900e-05
7.847481389307043318e-05
7.835326960477024454e-05
7.823191356813049115e-05
7.811074549158103313e-05
7.798976508400328725e-05
7.786897205472957640e-05
7.774836611354242488e-05
7.762794697067385366e-05
7.750771433680470274e-05
7.738766792306388579e-05
7.726780744102773959e-05
7.714813260271933290e-05
7.702864312060774812e-05
7.690933870760739016e-05
7.679021907707737655e-05
7.667128394282071073e-05
7.655253301908369933e-05
7.643396602055522028e-05
7.631558266236608589e-05
7.619738266008827031e-05
7.607936572973432682e-05
7.596153158775661529e-05
7.584387995104669236e-05
7.572641053693459311e-05
7.560912306318816702e-05
7.549201724801237324e-05
7.537509281004864360e-05
7.525834946837417787e-05
7.514178694250130683e-05
7.502540495237673332e-05
7.490920321838096300e-05
7.479318146132755897e-05
7.467733940246251841e-05
7.456167676346356777e-05
7.444619326643949874e-05
7.433088863392954483e-05
7.421576258890262242e-05
7.410081485475681577e-05
7.398604515531849609e-05
7.387145321484187433e-05
7.375703875800818804e-05
7.364280150992515920e-05
7.352874119612623537e-05
7.341485754256996620e-05
7.330115027563933940e-05
7.318761912214111665e-05
7.307426380930525083e-05
7.296108406478410001e-05
7.284807961665188531e-05
7.273525019340397262e-05
7.262259552395627633e-05
7.251011533764452745e-05
7.239780936422371795e-05
7.228567733386735542e-05
7.217371897716690738e-05
7.206193402513106944e-05
7.195032220918519612e-05
7.183888326117060963e-05
7.172761691334393586e-05
7.161652289837654867e-05
7.150560094935378384e-05
7.139485079977447835e-05
7.128427218355014360e-05
7.117386483500451821e-05
7.106362848887271422e-05
7.095356288030079696e-05
7.084366774484498542e-05
7.073394281847109662e-05
7.062438783755386801e-05
7.051500253887640175e-05
7.040578665962943293e-05
7.029673993741077391e-05
7.018786211022460956e-05
7.007915291648095517e-05
6.997061209499497885e-05
6.986223938498633743e-05
6.975403452607868856e-05
6.964599725829883692e-05
6.953812732207635477e-05
6.943042445824278229e-05
6.932288840803109908e-05
6.921551891307507363e-05
6.910831571540859925e-05
6.900127855746516548e-05
6.889440718207715344e-05
6.878770133247528009e-05
6.868116075228793420e-05
6.857478518554058005e-05
6.846857437665516109e-05
6.836252807044944943e-05
6.825664601213650374e-05
6.815092794732392387e-05
6.804537362201336294e-05
6.793998278259986328e-05
6.783475517587130076e-05
6.772969054900766653e-05
6.762478864958056557e-05
6.752004922555255261e-05
6.741547202527661711e-05
6.731105679749538372e-05
6.720680329134074630e-05
6.710271125633308193e-05
6.699878044238076296e-05
6.689501059977946587e-05
6.679140147921165628e-05
6.668795283174592484e-05
6.658466440883643162e-05
6.648153596232228265e-05
6.637856724442694719e-05
6.627575800775767497e-05
6.617310800530485921e-05
6.607061699044146743e-05
6.596828471692247221e-05
6.586611093888422781e-05
6.576409541084391451e-05
6.566223788769886096e-05
6.556053812472608343e-05
6.545899587758160815e-05
6.535761090229990212e-05
6.525638295529330392e-05
6.515531179335142735e-05
6.505439717364056517e-05
6.495363885370313342e-05
6.485303659145708868e-05
6.475259014519529107e-05
6.465229927358497573e-05
6.455216373566722426e-05
6.445218329085624644e-05
6.435235769893887878e-05
6.425268672007406953e-05
6.415317011479217395e-05
6.405380764399449351e-05
6.395459906895263895e-05
6.385554415130794748e-05
6.375664265307096784e-05
6.365789433662079615e-05
6.364565742523858839e-05
