0.000000000000000000e+00
1.525436361278550285e-03
3.049233228323635324e-03
6.093550222868156750e-03
9.131318492240457843e-03
1.216254773715345211e-02
4.211729461462453833e-02
7.142895626223588756e-02
1.001074061728254860e-01
1.281626553869287533e-01
2.120144719523206489e-01
2.901766681386919178e-01
3.629585243992301535e-01
4.306637502569243825e-01
4.935879029835594789e-01
5.765338625358572555e-01
6.509300731775230497e-01
7.175351927516011585e-01
7.770518350191896184e-01
8.301272870226052980e-01
8.400225907647200785e-01
8.496886676018228224e-01
8.505606340943746568e-01
8.514307270089148671e-01
8.522989496814032950e-01
8.540297965059495677e-01
8.557532028195776741e-01
8.560968453738712070e-01
8.564401917669005604e-01
8.571262926563366635e-01
8.571575283382288912e-01
8.571887615618859479e-01
8.572512230951905288e-01
8.572606514865054317e-01
8.572700269247801597e-01
8.572703436290777246e-01
8.572706375631045095e-01
8.572709087268607364e-01
8.572711571203464054e-01
8.572713827435615164e-01
8.572717656791798424e-01
8.572720575337158255e-01
8.572722583071694658e-01
8.572714016361795419e-01
8.572700968403508259e-01
8.572687920467918499e-01
8.572557442360380087e-01
8.572426966522568303e-01
8.572296492954445402e-01
8.572166021655978074e-01
8.570861433493117687e-01
8.569557072250482133e-01
8.568252937887921306e-01
8.566949030365141882e-01
8.553922422466291309e-01
8.540918454277227623e-01
8.527937085624355262e-01
8.514978276405105184e-01
8.502041986588392275e-01
8.422154810849686868e-01
8.343126205867410494e-01
8.264946748371786445e-01
8.187607118841543352e-01
8.111098100348363982e-01
8.035410577426864709e-01
7.960535534958059767e-01
7.886464057064214161e-01
7.813187326015896828e-01
7.740696621151053058e-01
7.668983317805988520e-01
7.598038886258120517e-01
7.527854890680395483e-01
7.458422988107196172e-01
7.389734927411641952e-01
7.321782548294181181e-01
7.254557780282271384e-01
7.188052641741135007e-01
7.122259238888489774e-01
7.057169764830970582e-01
6.992776498635269178e-01
6.929071804342681329e-01
6.866048130045274700e-01
6.803698006961883538e-01
6.742014048522644298e-01
6.680988949463591009e-01
6.620615484931235972e-01
6.560886509599355154e-01
6.501794958936548685e-01
6.443333842924892085e-01
6.385496248493083282e-01
6.328275339753016704e-01
6.271664356056204648e-01
6.215656611166663348e-01
6.160245492441577264e-01
6.105424460020797417e-01
6.051187046025289229e-01
5.997526853764414412e-01
5.944437556951938095e-01
5.891912898930677933e-01
5.839946691905686382e-01
5.788532816185875118e-01
5.737665219434009423e-01
5.687337915924934872e-01
5.637544985812008580e-01
5.588280574401571776e-01
5.539538891435449308e-01
5.491314210381320615e-01
5.443600867730932213e-01
5.396393262306020677e-01
5.349685854571889498e-01
5.303473165958542124e-01
5.257749778189299006e-01
5.212510332616793196e-01
5.167749529566300071e-01
5.123462127681687184e-01
5.079642939718761463e-01
5.036286843506110333e-01
4.993388768414727119e-01
4.950943699628603256e-01
4.908946677920171808e-01
4.867392800123186425e-01
4.826277214775942515e-01
4.785595123809434082e-01
4.745341782707360734e-01
4.705512495931279959e-01
4.666102626842710266e-01
4.627107585456444738e-01
4.588522832305962917e-01
4.550343878238731210e-01
4.512566283498039565e-01
4.475185657180607013e-01
4.438197656698439353e-01
4.401597987246719246e-01
4.365382401277611013e-01
4.329546697979838044e-01
4.294086722764002273e-01
4.258998366753571352e-01
4.224277566281466889e-01
4.189920302392221574e-01
4.155922600365457020e-01
4.122280529183457443e-01
4.088990201085200837e-01
4.056047771096328303e-01
4.023449436541694513e-01
3.991191436583106378e-01
3.959270051759101738e-01
3.927681603529308285e-01
3.896422453823810139e-01
3.865489004597474909e-01
3.834877697389198481e-01
3.804585012885988160e-01
3.774607470491866401e-01
3.744941627901505199e-01
3.715584080678567824e-01
3.686531461838689072e-01
3.657780441437048502e-01
3.629327726160490597e-01
3.601170058924132444e-01
3.573304218472415639e-01
3.545727018984549117e-01
3.518435309684307954e-01
3.491425974454114289e-01
3.464695931453383171e-01
3.438242132741061718e-01
3.412061563902328842e-01
3.386151243679409450e-01
3.360508223606449851e-01
3.335129587648417160e-01
3.310012451843974968e-01
3.285153963952293088e-01
3.260551303103746967e-01
3.236201679454461244e-01
3.212102333844663038e-01
3.188250537460797784e-01
3.164643591501358211e-01
3.141278826846404248e-01
3.118153603730717816e-01
3.095265311420556387e-01
3.072611367893968715e-01
3.050189219524631623e-01
3.027996340769165684e-01
3.006030233857901468e-01
2.984288428489041411e-01
2.962768481526200648e-01
2.941467976699272402e-01
2.920384524308589080e-01
2.899515760932343533e-01
2.878859349137229406e-01
2.858412977192275051e-01
2.838174358785817697e-01
2.818141232745606239e-01
2.798311362761981003e-01
2.778682537114103290e-01
2.759252568399199745e-01
2.740019293264788214e-01
2.720980572143856246e-01
2.702134288992950051e-01
2.683478351033156128e-01
2.665010688493925084e-01
2.646729254359728722e-01
2.628632024119498256e-01
2.610716995518825856e-01
2.592982188314892911e-01
2.575425644034105011e-01
2.558045425732383138e-01
2.540839617758107183e-01
2.523806325517663485e-01
2.506943675243578085e-01
2.490249813765197939e-01
2.473722908281907051e-01
2.457361146138830610e-01
2.441162734605016871e-01
2.425125900654057087e-01
2.409248890747122673e-01
2.393529970618395730e-01
2.377967425062857409e-01
2.362559557726415793e-01
2.347304690898345259e-01
2.332201165306012347e-01
2.317247339911861492e-01
2.302441591712637292e-01
2.287782315540815015e-01
2.273267923868224627e-01
2.258896846611830322e-01
2.244667530941654721e-01
2.230578441090815545e-01
2.216628058167653403e-01
2.202814879969933193e-01
2.189137420801086087e-01
2.175594211288480739e-01
2.162183798203691776e-01
2.148904744284749757e-01
2.135755628060347355e-01
2.122735043675986755e-01
2.109841600722031363e-01
2.097073924063662664e-01
2.084430653672702527e-01
2.071910444461289857e-01
2.059511966117390236e-01
2.047233902942114381e-01
2.035074953688831012e-01
2.023033831404050797e-01
2.011109263270061398e-01
1.999299990449296960e-01
1.987604767930421790e-01
1.976022364376108231e-01
1.964551561972491256e-01
1.953191156280282836e-01
1.941939956087521124e-01
1.930796783263948879e-01
1.919760472616988123e-01
1.908829871749306850e-01
1.898003840917949214e-01
1.887281252895022243e-01
1.876660992829913832e-01
1.866141958113027854e-01
1.855723058241022239e-01
1.845403214683529747e-01
1.835181360751344526e-01
1.825056441466066937e-01
1.815027413431175296e-01
1.805093244704524258e-01
1.795252914672245126e-01
1.785505413924033391e-01
1.775849744129812668e-01
1.766284917917755604e-01
1.756809958753646761e-01
1.747423900821575282e-01
1.738125788905944269e-01
1.728914678274774408e-01
1.719789634564296565e-01
1.710749733664812811e-01
1.701794061607818098e-01
1.692921714454361515e-01
1.684131798184638207e-01
1.675423428588797559e-01
1.666795731158954297e-01
1.658247840982387811e-01
1.649778902635918865e-01
1.641388070081447881e-01
1.633074506562645634e-01
1.624837384502780258e-01
1.616675885403670854e-01
1.608589199745751319e-01
1.600576526889239126e-01
1.592637074976387124e-01
1.584770060834816696e-01
1.576974709881912851e-01
1.569250256030272628e-01
1.561595941594196013e-01
1.554011017197204081e-01
1.546494741680579099e-01
1.539046382012907721e-01
1.531665213200625320e-01
1.524350518199541482e-01
1.517101587827340559e-01
1.509917720677048658e-01
1.502798223031449054e-01
1.495742408778444332e-01
1.488749599327348627e-01
1.481819123526101067e-01
1.474950317579393488e-01
1.468142524967696316e-01
1.461395096367179847e-01
1.454707389570513709e-01
1.448078769408542854e-01
1.441508607672822295e-01
1.434996283039006171e-01
1.428541180991081683e-01
1.422142693746436537e-01
1.415800220181750446e-01
1.409513165759705422e-01
1.403280942456500702e-01
1.397102968690166758e-01
1.390978669249670618e-01
1.384907475224797513e-01
1.378888823936810226e-01
1.372922158869867848e-01
1.367006929603200860e-01
1.361142591744035346e-01
1.355328606861251894e-01
1.349564442419778909e-01
1.343849571715706737e-01
1.338183473812115387e-01
1.332565633475610856e-01
1.326995541113559218e-01
1.321472692712012953e-01
1.315996589774318937e-01
1.310566739260404789e-01
1.305182653526731906e-01
1.299843850266911849e-01
1.294549852452974159e-01
1.289300188277283099e-01
1.284094391095093046e-01
1.278931999367736716e-01
1.273812556606438995e-01
1.268735611316749723e-01
1.263700716943587654e-01
1.258707431816890598e-01
1.253755319097863974e-01
1.248843946725820830e-01
1.243972887365606406e-01
1.239141718355604299e-01
1.234350021656313301e-01
1.229597383799489740e-01
1.224883395837852162e-01
1.220207653295338618e-01
1.215569756117911293e-01
1.210969308624903484e-01
1.206405919460903781e-01
1.201879201548165937e-01
1.197388772039548466e-01
1.192934252271967421e-01
1.188515267720364477e-01
1.184131447952182087e-01
1.179782426582338950e-01
1.175467841228700211e-01
1.171187333468041714e-01
1.166940548792494703e-01
1.162727136566473335e-01
1.158546749984076529e-01
1.154399046026955283e-01
1.150283685422649471e-01
1.146200332603378447e-01
1.142148655665287948e-01
1.138128326328146506e-01
1.134139019895483019e-01
1.130180415215165657e-01
1.126252194640414428e-01
1.122354043991241335e-01
1.118485652516317541e-01
1.114646712855259236e-01
1.110836921001328859e-01
1.107055976264547381e-01
1.103303581235211550e-01
1.099579441747815522e-01
1.095883266845367465e-01
1.092214768744098341e-01
1.088573662798564684e-01
1.084959667467126909e-01
1.081372504277815227e-01
1.077811897794569845e-01
1.074277575583848926e-01
1.070769268181609724e-01
1.067286709060649430e-01
1.063829634598307955e-01
1.060397784044524172e-01
1.056990899490247160e-01
1.053608725836190502e-01
1.050251010761936304e-01
1.046917504695374646e-01
1.043607960782481914e-01
1.040322134857432357e-01
1.037059785413036311e-01
1.033820673571507059e-01
1.030604563055546596e-01
1.027411220159752669e-01
1.024240413722337928e-01
1.021091915097162850e-01
1.017965498126074675e-01
1.014860939111552063e-01
1.011778016789651180e-01
1.008716512303248491e-01
1.005676209175579289e-01
1.002656893284067097e-01
9.996583528344418768e-02
9.966803783351411983e-02
9.937227625719968760e-02
9.907853005831961102e-02
9.878677896345221254e-02
9.849700291948652875e-02
9.820918209120033104e-02
9.792329685886511093e-02
9.763932781587707221e-02
9.735725576641444945e-02
9.707706172312059734e-02
9.679872690481244879e-02
9.652223273421436933e-02
9.624756083571688048e-02
9.597469303316009948e-02
9.570361134764152067e-02
9.543429799534798585e-02
9.516673538541153832e-02
9.490090611778885521e-02
9.463679298116406402e-02
9.437437895087456841e-02
9.411364718685975850e-02
9.385458103163246690e-02
9.359716400827240712e-02
9.334137981844202459e-02
9.308721234042405257e-02
9.283464562718071744e-02
9.258366390443421856e-02
9.233425156876853834e-02
9.208639318575195798e-02
9.184007348808032045e-02
9.159527737374076328e-02
9.135198990419569898e-02
9.111019630258643254e-02
9.086988195195731810e-02
9.063103239349865059e-02
9.039363332480945812e-02
9.015767059817911266e-02
8.992313021888796720e-02
8.968999834352686662e-02
8.945826127833475527e-02
8.922790547755504731e-02
8.899891754180974668e-02
8.877128421649164991e-02
8.854499239017414591e-02
8.832002909303869609e-02
8.809638149531939799e-02
8.787403690576478521e-02
8.765298277011666916e-02
8.743320666960543996e-02
8.721469631946232592e-02
8.699743956744766804e-02
8.678142439239554251e-02
8.656663890277453699e-02
8.635307133526415324e-02
8.614071005334693332e-02
8.592954354591628152e-02
8.571956042589934377e-02
8.551074942889513864e-02
8.530309941182777356e-02
8.509659935161448252e-02
8.489123834384806888e-02
8.468700560149429457e-02
8.448389045360311933e-02
8.428188234403460877e-02
8.408097083019840101e-02
8.388114558180749525e-02
8.368239637964543232e-02
8.348471311434715880e-02
8.328808578519336647e-02
8.309250449891800172e-02
8.289795946852904218e-02
8.270444101214197152e-02
8.251193955182656303e-02
8.232044561246584791e-02
8.212994982062800375e-02
8.194044290345058046e-02
8.175191568753682747e-02
8.156435909786438621e-02
8.137776415670595898e-02
8.119212198256178792e-02
8.100742378910386066e-02
8.082366088413195371e-02
8.064082466854079201e-02
8.045890663529893516e-02
8.027789836843882143e-02
8.009779154205774743e-02
7.991857791932989452e-02
7.974024935152276838e-02
7.956279777703451073e-02
7.938621522046671042e-02
7.921049379163998261e-02
7.903562568467159544e-02
7.886160317705258327e-02
7.868841862873357518e-02
7.851606448122054605e-02
7.834453325668071233e-02
7.817381755705798962e-02
7.800391006319841447e-02
7.783480353398507245e-02
7.766649080548269912e-02
7.749896479009145411e-02
7.733221847571025709e-02
7.716624492490904708e-02
7.700103727411060361e-02
7.683658873278083334e-02
7.667289258262838247e-02
7.650994217681274245e-02
7.634773093916145947e-02
7.618625236339557349e-02
7.602550001236381416e-02
7.586546751728506788e-02
7.570614857699937972e-02
7.554753695722700446e-02
7.538962648983578430e-02
7.523241107211636747e-02
7.507588466606561484e-02
7.492004129767794451e-02
7.476487505624400398e-02
7.461038009365775214e-02
7.445655062373066069e-02
7.430338092151357599e-02
7.415086532262619989e-02
7.399899822259377313e-02
7.384777407619112777e-02
7.369718739679392838e-02
7.354723275573714358e-02
7.339790478168048415e-02
7.324919815998080785e-02
7.310110763207150475e-02
7.295362799484875205e-02
7.280675410006426373e-02
7.266048085372513177e-02
7.251480321549995389e-02
7.236971619813149792e-02
7.222521486685609671e-02
7.208129433882917714e-02
7.193794978255710348e-02
7.179517641733557110e-02
7.165296951269381487e-02
7.151132438784504886e-02
7.137023641114320638e-02
7.122970099954521739e-02
7.108971361807951694e-02
7.095026977932035461e-02
7.081136504286782152e-02
7.067299501483355340e-02
7.053515534733234560e-02
7.039784173797888900e-02
7.026104992939066762e-02
7.012477570869575516e-02
6.998901490704631523e-02
6.985376339913751398e-02
6.971901710273144259e-02
6.958477197818656312e-02
6.945102402799219199e-02
6.931776929630813211e-02
6.918500386850935657e-02
6.905272387073570217e-02
6.892092546944657283e-02
6.878960487098048637e-02
6.865875832111938137e-02
6.852838210465796165e-02
6.839847254497762041e-02
6.826902600362480533e-02
6.814003887989467101e-02
6.801150761041863113e-02
6.788342866875682335e-02
6.775579856499501508e-02
6.762861384534578357e-02
6.750187109175434519e-02
6.737556692150842297e-02
6.724969798685266620e-02
6.712426097460706675e-02
6.699925260578994124e-02
6.687466963524459074e-02
6.675050885127034594e-02
6.662676707525774789e-02
6.650344116132744787e-02
6.638052799597345122e-02
6.625802449770981650e-02
6.613592761672183740e-02
6.601423433452040246e-02
6.589294166360068483e-02
6.577204664710431525e-02
6.565154635848541309e-02
6.553143790118010070e-02
6.541171840827986195e-02
6.529238504220837014e-02
6.517343499440189647e-02
6.505486548499324340e-02
6.493667376249911971e-02
6.481885710351106833e-02
6.470141281238953046e-02
6.458433822096167065e-02
6.446763068822217169e-02
6.435128760003740178e-02
6.423530636885302347e-02
6.411968443340458623e-02
6.400441925843140811e-02
6.388950833439359378e-02
6.377494917719217504e-02
6.366073932789229062e-02
6.354687635244941901e-02
6.343335784143866452e-02
6.332018140978695753e-02
6.320734469650828025e-02
6.309484536444166791e-02
6.298268109999226316e-02
6.287084961287509044e-02
6.275934863586166146e-02
6.264817592452943951e-02
6.253732925701398215e-02
6.242680643376382482e-02
6.231660527729811216e-02
6.220672363196679683e-02
6.209715936371357908e-02
6.198791035984136527e-02
6.187897452878036997e-02
6.177034979985869534e-02
6.166203412307554033e-02
6.155402546887678988e-02
6.144632182793311609e-02
6.133892121092052868e-02
6.123182164830336116e-02
6.112502119011957447e-02
6.101851790576843376e-02
6.091230988380060690e-02
6.080639523171046251e-02
6.070077207573066486e-02
6.059543856062912098e-02
6.049039284950802342e-02
6.038563312360522434e-02
6.028115758209769137e-02
6.017696444190718391e-02
6.007305193750806654e-02
5.996941832073719031e-02
5.986606186060593887e-02
5.976298084311418984e-02
5.966017357106653818e-02
5.955763836389031674e-02
5.945537355745579566e-02
5.935337750389828304e-02
5.925164857144210595e-02
5.915018514422666629e-02
5.904898562213430763e-02
5.894804842062013189e-02
5.884737197054362712e-02
5.874695471800217561e-02
5.864679512416642870e-02
5.854689166511741621e-02
5.844724283168550860e-02
5.834784712929107914e-02
5.824870307778699796e-02
5.814980921130281227e-02
5.805116407809060575e-02
5.795276624037260654e-02
5.785461427419048841e-02
5.775670676925622610e-02
5.765904232880467856e-02
5.756161956944774727e-02
5.746443712103017909e-02
5.736749362648688177e-02
5.727078774170187014e-02
5.717431813536877350e-02
5.707808348885277244e-02
5.698208249605417330e-02
5.688631386327339112e-02
5.679077630907748003e-02
5.669546856416808611e-02
5.660038937125084352e-02
5.650553748490626249e-02
5.641091167146195656e-02
5.631651070886634775e-02
5.622233338656369706e-02
5.612837850537055057e-02
5.603464487735346916e-02
5.594113132570825014e-02
5.584783668464029377e-02
5.575475979924638531e-02
5.566189952539779551e-02
5.556925472962456758e-02
5.547682428900116425e-02
5.538460709103335683e-02
5.529260203354630088e-02
5.520080802457384000e-02
5.510922398224914198e-02
5.501784883469638954e-02
5.492668151992374098e-02
5.483572098571744269e-02
5.474496618953712812e-02
5.465441609841217852e-02
5.456406968883936032e-02
5.447392594668146182e-02
5.438398386706711635e-02
5.429424245429166629e-02
5.420470072171915815e-02
5.411535769168545479e-02
5.402621239540224274e-02
5.393726387286231633e-02
5.384851117274570137e-02
5.375995335232697236e-02
5.367158947738345093e-02
5.358341862210449363e-02
5.349543986900176518e-02
5.340765230882042747e-02
5.332005504045141814e-02
5.323264717084459641e-02
5.314542781492287427e-02
5.305839609549727748e-02
5.297155114318298497e-02
5.288489209631616617e-02
5.279841810087217840e-02
5.271212831059023801e-02
5.262602188637262313e-02
5.254009799652123447e-02
5.245435581676258230e-02
5.236879452961622911e-02
5.228341332577375600e-02
5.219821140240343132e-02
5.211318796368871048e-02
5.202834222080263138e-02
5.194367339178317111e-02
5.185918070146069980e-02
5.177486338138591326e-02
5.169072066975868157e-02
5.160675181135762624e-02
5.152295605747041207e-02
5.143933266582493419e-02
5.135588090052111560e-02
5.127260003196356525e-02
5.118948933679489527e-02
5.110654809782983615e-02
5.102377560398999035e-02
5.094117115023941156e-02
5.085873403752073224e-02
5.077646357269217925e-02
5.069435906846513767e-02
5.061241984334242244e-02
5.053064522155729238e-02
5.044903453301303325e-02
5.036758711322334575e-02
5.028630230325315670e-02
5.020517944966033236e-02
5.012421790443787051e-02
5.004341702495675170e-02
4.996277617390947057e-02
4.988229471925411523e-02
4.980197203415905050e-02
4.972180749694835727e-02
4.964180049104763987e-02
4.956195040493061033e-02
4.948225663206614472e-02
4.940271857086599855e-02
4.932333562463306342e-02
4.924410720151011639e-02
4.916503271442927009e-02
4.908611158106186700e-02
4.900734322376894270e-02
4.892872706955232048e-02
4.885026255000604611e-02
4.877194910126857186e-02
4.869378616397529447e-02
4.861577318321173846e-02
4.853790960846712105e-02
4.846019489358857624e-02
4.838262849673574673e-02
4.830520988033591701e-02
4.822793851103970159e-02
4.815081385967708710e-02
4.807383540121406423e-02
4.799700261470967594e-02
4.792031498327360001e-02
4.784377199402409242e-02
4.776737313804645113e-02
4.769111791035200026e-02
4.761500580983732411e-02
4.753903633924418809e-02
4.746320900511973723e-02
4.738752331777714571e-02
4.731197879125676603e-02
4.723657494328761114e-02
4.716131129524939181e-02
4.708618737213476207e-02
4.701120270251218231e-02
4.693635681848908753e-02
4.686164925567543049e-02
4.678707955314769656e-02
4.671264725341326557e-02
4.663835190237518996e-02
4.656419304929731301e-02
4.649017024676988658e-02
4.641628305076533900e-02
4.634253102037769884e-02
4.626891371792696966e-02
4.619543070897144665e-02
4.612208156222886296e-02
4.604886584954420714e-02
4.597578314585772791e-02
4.590283302917343156e-02
4.583001508052777367e-02
4.575732888395878800e-02
4.568477402647555530e-02
4.561235009802790813e-02
4.554005669147660057e-02
4.546789340256369993e-02
4.539585982988334628e-02
4.532395557485276866e-02
4.525218024168376624e-02
4.518053343735429356e-02
4.510901477158056616e-02
4.503762385678924951e-02
4.496636030809016832e-02
4.489522374324916160e-02
4.482421378266126383e-02
4.475333004932425390e-02
4.468257216881237059e-02
4.461193976925043048e-02
4.454143248128812627e-02
4.447104993807467210e-02
4.440079177523371251e-02
4.433065763083848809e-02
4.426064714538725103e-02
4.419075996177902754e-02
4.412099572528954683e-02
4.405135408354747539e-02
4.398183468651094274e-02
4.391243718644425448e-02
4.384316123789491065e-02
4.377400649767083235e-02
4.370497262481790046e-02
4.363605928059764022e-02
4.356726612846524571e-02
4.349859283404777788e-02
4.343003906512261925e-02
4.336160449159619928e-02
4.329328878548284465e-02
4.322509162088401108e-02
4.315701267396759161e-02
4.308905162294756480e-02
4.302120814806378174e-02
4.295348193156200978e-02
4.288587265767420525e-02
4.281838001259895277e-02
4.275100368448218890e-02
4.268374336339803704e-02
4.261659874132994741e-02
4.254956951215200373e-02
4.248265537161034777e-02
4.241585601730499255e-02
4.234917114867162158e-02
4.228260046696378366e-02
4.221614367523510158e-02
4.214980047832178611e-02
4.208357058282534424e-02
4.201745369709534994e-02
4.195144953121257569e-02
4.188555779697215181e-02
4.181977820786703104e-02
4.175411047907155032e-02
4.168855432742516604e-02
4.162310947141647371e-02
4.155777563116721390e-02
4.149255252841665270e-02
4.142743988650599007e-02
4.136243743036296938e-02
4.129754488648670896e-02
4.123276198293261002e-02
4.116808844929751438e-02
4.110352401670493150e-02
4.103906841779049464e-02
4.097472138668756952e-02
4.091048265901298109e-02
4.084635197185289279e-02
4.078232906374889416e-02
4.071841367468418543e-02
4.065460554606990795e-02
4.059090442073169658e-02
4.052731004289624600e-02
4.046382215817816846e-02
4.040044051356684457e-02
4.033716485741358632e-02
4.027399493941875158e-02
4.021093051061915002e-02
4.014797132337548369e-02
4.008511713135999577e-02
4.002236768954421653e-02
3.995972275418679942e-02
3.989718208282157924e-02
3.983474543424569969e-02
3.977241256850785195e-02
3.971018324689669365e-02
3.964805723192937892e-02
3.958603428734012997e-02
3.952411417806909327e-02
3.946229667025113325e-02
3.940058153120488960e-02
3.933896852942188327e-02
3.927745743455572647e-02
3.921604801741149920e-02
3.915474004993519525e-02
3.909353330520331377e-02
3.903242755741256204e-02
3.897142258186961361e-02
3.891051815498103306e-02
3.884971405424329088e-02
3.878901005823289644e-02
3.872840594659662100e-02
3.866790150004181803e-02
3.860749650032688218e-02
3.854719073025173609e-02
3.848698397364853224e-02
3.842687601537235487e-02
3.836686664129205365e-02
3.830695563828119543e-02
3.824714279420907831e-02
3.818742789793188458e-02
3.812781073928386832e-02
3.806829110906868180e-02
3.800886879905079202e-02
3.794954360194696674e-02
3.789031531141788534e-02
3.783118372205977048e-02
3.777214862939622109e-02
3.771320982987000359e-02
3.765436712083501669e-02
3.759562030054833942e-02
3.753696916816231383e-02
3.747841352371671098e-02
3.741995316813109124e-02
3.736158790319712292e-02
3.730331753157097030e-02
3.724514185676588290e-02
3.718706068314477781e-02
3.712907381591290523e-02
3.707118106111059047e-02
3.701338222560611457e-02
3.695567711708857422e-02
3.689806554406088734e-02
3.684054731583284725e-02
3.678312224251423929e-02
3.672579013500804762e-02
3.666855080500378006e-02
3.661140406497070954e-02
3.655434972815140016e-02
3.649738760855511521e-02
3.644051752095139179e-02
3.638373928086370557e-02
3.632705270456305924e-02
3.627045760906186245e-02
3.621395381210765901e-02
3.615754113217705540e-02
3.610121938846964224e-02
3.604498840090204770e-02
3.598884799010197699e-02
3.593279797740236980e-02
3.587683818483559939e-02
3.582096843512773410e-02
3.576518855169283362e-02
3.570949835862738397e-02
3.565389768070467702e-02
3.559838634336934954e-02
3.554296417273191538e-02
3.548763099556340866e-02
3.543238663928999915e-02
3.537723093198778118e-02
3.532216370237747233e-02
3.526718477981935496e-02
3.521229399430806511e-02
3.515749117646757571e-02
3.510277615754620051e-02
3.504814876941162588e-02
3.499360884454599807e-02
3.493915621604110067e-02
3.488479071759351818e-02
3.483051218349991068e-02
3.477632044865231614e-02
3.472221534853348057e-02
3.466819671921224366e-02
3.461426439733900767e-02
3.456041822014122716e-02
3.450665802541894034e-02
3.445298365154032122e-02
3.439939493743737753e-02
3.434589172260155143e-02
3.429247384707947294e-02
3.423914115146874104e-02
3.418589347691371183e-02
3.413273066510134901e-02
3.407965255825708140e-02
3.402665899914083386e-02
3.397374983104289869e-02
3.392092489778002207e-02
3.386818404369142804e-02
3.381552711363496055e-02
3.376295395298316293e-02
3.371046440761951701e-02
3.365805832393462677e-02
3.360573554882249209e-02
3.355349592967678263e-02
3.350133931438723650e-02
3.344926555133591328e-02
3.339727448939374538e-02
3.334536597791686041e-02
3.329353986674316035e-02
3.324179600618874103e-02
3.319013424704456150e-02
3.313855444057293292e-02
3.308705643850416711e-02
3.303564009303328747e-02
3.298430525681664977e-02
3.293305178296872249e-02
3.288187952505879086e-02
3.283078833710779965e-02
3.277977807358514739e-02
3.272884858940555697e-02
3.267799973992596002e-02
3.262723138094240222e-02
3.257654336868700401e-02
3.252593555982496998e-02
3.247540781145156347e-02
3.242495998108914368e-02
3.237459192668429298e-02
3.232430350660481927e-02
3.227409457963703598e-02
3.222396500498272975e-02
3.217391464225653752e-02
3.212394335148304608e-02
3.207405099309405122e-02
3.202423742792586542e-02
3.197450251721661169e-02
3.192484612260350352e-02
3.187526810612025668e-02
3.182576833019442469e-02
3.177634665764483834e-02
3.172700295167901752e-02
3.167773707589061766e-02
3.162854889425692484e-02
3.157943827113641327e-02
3.153040507126616404e-02
3.148144915975951974e-02
3.143257040210362813e-02
3.138376866415704819e-02
3.133504381214739093e-02
3.128639571266896707e-02
3.123782423268042785e-02
3.118932923950252026e-02
3.114091060081577295e-02
3.109256818465824801e-02
3.104430185942329626e-02
3.099611149385738187e-02
3.094799695705783074e-02
3.089995811847071061e-02
3.085199484788868005e-02
3.080410701544883043e-02
3.075629449163060081e-02
3.070855714725369279e-02
3.066089485347600271e-02
3.061330748179158165e-02
3.056579490402859881e-02
3.051835699234734314e-02
3.047099361923823191e-02
3.042370465751986081e-02
3.037648998033704029e-02
3.032934946115886307e-02
3.028228297377682024e-02
3.023529039230286181e-02
3.018837159116758914e-02
3.014152644511833290e-02
3.009475482921736972e-02
3.004805661884005913e-02
3.000143168967308802e-02
2.995487991771263528e-02
2.990840117926264405e-02
2.986199535093304186e-02
2.981566230963802674e-02
2.976940193259434639e-02
2.972321409731958769e-02
2.967709868163050102e-02
2.963105556364133142e-02
2.958508462176214979e-02
2.953918573469723613e-02
2.949335878144345585e-02
2.944760364128863606e-02
2.940192019380998695e-02
2.935630831887253017e-02
2.931076789662752369e-02
2.926529880751093174e-02
2.921990093224186708e-02
2.917457415182111644e-02
2.912931834752957583e-02
2.908413340092682459e-02
2.903901919384960575e-02
2.899397560841038973e-02
2.894900252699589630e-02
2.890409983226570334e-02
2.885926740715079319e-02
2.881450513485214748e-02
2.876981289883936976e-02
2.872519058284927693e-02
2.868063807088454958e-02
2.863615524721238592e-02
2.859174199636312433e-02
2.854739820312893542e-02
2.850312375256249323e-02
2.845891852997567764e-02
2.841478242093827336e-02
2.837071531127668272e-02
2.832671708707265243e-02
2.828278763466202106e-02
2.823892684063347355e-02
2.819513459182728526e-02
2.815141077533411459e-02
2.810775527849378175e-02
2.806416798889406483e-02
2.802064879436949596e-02
2.797719758300020246e-02
2.793381424311071337e-02
2.789049866326880761e-02
2.784725073228436557e-02
2.780407033920821724e-02
2.776095737333102165e-02
2.771791172418214960e-02
2.767493328152856660e-02
2.763202193537372606e-02
2.758917757595648682e-02
2.754640009375005499e-02
2.750368937946085640e-02
2.746104532402753040e-02
2.741846781861984050e-02
2.737595675463766129e-02
2.733351202370992022e-02
2.729113351769357071e-02
2.724882112867260675e-02
2.720657474895701519e-02
2.716439427108181467e-02
2.712227958780602868e-02
2.708023059211174186e-02
2.703824717720310078e-02
2.699632923650535990e-02
2.695447666366392048e-02
2.691268935254339037e-02
2.687096719722664728e-02
2.682931009201389161e-02
2.678771793142173396e-02
2.674619061018227578e-02
2.670472802324220379e-02
2.666333006576190184e-02
2.662199663311452802e-02
2.658072762088515770e-02
2.653952292486990230e-02
2.649838244107501767e-02
2.645730606571607482e-02
2.641629369521707182e-02
2.637534522620961497e-02
2.633446055553205142e-02
2.629363958022865391e-02
2.625288219754879152e-02
2.621218830494609353e-02
2.617155780007766538e-02
2.613099058080323514e-02
2.609048654518441451e-02
2.605004559148385232e-02
2.600966761816447814e-02
2.596935252388870782e-02
2.592910020751767672e-02
2.588891056811046254e-02
2.584878350492334984e-02
2.580871891740902854e-02
2.576871670521588970e-02
2.572877676818725867e-02
2.568889900636066662e-02
2.564908331996711491e-02
2.560932960943034659e-02
2.556963777536613858e-02
2.553000771858157311e-02
2.549043934007434384e-02
2.545093254103204805e-02
2.541148722283148934e-02
2.537210328703797674e-02
2.533278063540464822e-02
2.529351916987180107e-02
2.525431879256620493e-02
2.521517940580042180e-02
2.517610091207215725e-02
2.513708321406359428e-02
2.509812621464074800e-02
2.505922981685279258e-02
2.502039392393145753e-02
2.498161843929034079e-02
2.494290326652431194e-02
2.490424830940886694e-02
2.486565347189950703e-02
2.482711865813110735e-02
2.478864377241732017e-02
2.475022871924995038e-02
2.471187340329836571e-02
2.467357772940887220e-02
2.463534160260413830e-02
2.459716492808259117e-02
2.455904761121783034e-02
2.452098955755805526e-02
2.448299067282546163e-02
2.444505086291568277e-02
2.440717003389723805e-02
2.436934809201092914e-02
2.433158494366929187e-02
2.429388049545605846e-02
2.425623465412556773e-02
2.421864732660224465e-02
2.418111841998004177e-02
2.414364784152189455e-02
2.410623549865920090e-02
2.406888129899125220e-02
2.403158515028474412e-02
2.399434696047321458e-02
2.395716663765656146e-02
2.392004409010046670e-02
2.388297922623592792e-02
2.384597195465873801e-02
2.380902218412896815e-02
2.377212982357045437e-02
2.373529478207032570e-02
2.369851696887846984e-02
2.366179629340707177e-02
2.362513266523010025e-02
2.358852599408284290e-02
2.355197618986138927e-02
2.351548316262219024e-02
2.347904682258155143e-02
2.344266708011516140e-02
2.340634384575764060e-02
2.337007703020205218e-02
2.333386654429945098e-02
2.329771229905841512e-02
2.326161420564459154e-02
2.322557217538024493e-02
2.318958611974379289e-02
2.315365595036935481e-02
2.311778157904633910e-02
2.308196291771896433e-02
2.304619987848582907e-02
2.301049237359947125e-02
2.297484031546595182e-02
2.293924361664440026e-02
2.290370218984660519e-02
2.286821594793655987e-02
2.283278480393008403e-02
2.279740867099434853e-02
2.276208746244751460e-02
2.272682109175826540e-02
2.269160947254543481e-02
2.265645251857757031e-02
2.262135014377253742e-02
2.258630226219711726e-02
2.255130878806659717e-02
2.251636963574437170e-02
2.248148471974155752e-02
2.244665395471657013e-02
2.241187725547477347e-02
2.237715453696804621e-02
2.234248571429443136e-02
2.230787070269771299e-02
2.227330941756706928e-02
2.223880177443668046e-02
2.220434768898534722e-02
2.216994707703609860e-02
2.213559985455584508e-02
2.210130593765500390e-02
2.206706524258711388e-02
2.203287768574847816e-02
2.199874318367779288e-02
2.196466165305580726e-02
2.193063301070492105e-02
2.189665717358887584e-02
2.186273405881234907e-02
2.182886358362064183e-02
2.179504566539929369e-02
2.176128022167376705e-02
2.172756717010905156e-02
2.169390642850937620e-02
2.166029791481781375e-02
2.162674154711595811e-02
2.159323724362360170e-02
2.155978492269835373e-02
2.152638450283535232e-02
2.149303590266690017e-02
2.145973904096213497e-02
2.142649383662670326e-02
2.139330020870243432e-02
2.136015807636699668e-02
2.132706735893359976e-02
2.129402797585065385e-02
2.126103984670143013e-02
2.122810289120377267e-02
2.119521702920976192e-02
2.116238218070540938e-02
2.112959826581032458e-02
2.109686520477741661e-02
2.106418291799257506e-02
2.103155132597436805e-02
2.099897034937371967e-02
2.096643990897361157e-02
2.093395992568878108e-02
2.090153032056542293e-02
2.086915101478084913e-02
2.083682192964324276e-02
2.080454298659132131e-02
2.077231410719404883e-02
2.074013521315034442e-02
2.070800622628879428e-02
2.067592706856732562e-02
2.064389766207295335e-02
2.061191792902147824e-02
2.057998779175718163e-02
2.054810717275256174e-02
2.051627599460802837e-02
2.048449418005162878e-02
2.045276165193877713e-02
2.042107833325193522e-02
2.038944414710036970e-02
2.035785901671985712e-02
2.032632286547240638e-02
2.029483561684597773e-02
2.026339719445422599e-02
2.023200752203620223e-02
2.020066652345609698e-02
2.016937412270297658e-02
2.013813024389048828e-02
2.010693481125661736e-02
2.007578774916338876e-02
2.004468898209665201e-02
2.001363843466574810e-02
1.998263603160331525e-02
1.995168169776497663e-02
1.992077535812910097e-02
1.988991693779653194e-02
1.985910636199033838e-02
1.982834355605555751e-02
1.979762844545893130e-02
1.976696095578864276e-02
1.973634101275408698e-02
1.970576854218560742e-02
1.967524347003421839e-02
1.964476572237139340e-02
1.961433522538878066e-02
1.958395190539799144e-02
1.955361568883032947e-02
1.952332650223652030e-02
1.949308427228652746e-02
1.946288892576925403e-02
1.943274038959231023e-02
1.940263859078179484e-02
1.937258345648203151e-02
1.934257491395532588e-02
1.931261289058174013e-02
1.928269731385885352e-02
1.925282811140151262e-02
1.922300521094160927e-02
1.919322854032782383e-02
1.916349802752542394e-02
1.913381360061599049e-02
1.910417518779721976e-02
1.907458271738268762e-02
1.904503611780158576e-02
1.901553531759853088e-02
1.898608024543331496e-02
1.895667083008068313e-02
1.892730700043010819e-02
1.889798868548555472e-02
1.886871581436526737e-02
1.883948831630154544e-02
1.881030612064049645e-02
1.878116915684184540e-02
1.875207735447869187e-02
1.872303064323728797e-02
1.869402895291685449e-02
1.866507221342929984e-02
1.863616035479904315e-02
1.860729330716279564e-02
1.857847100076933169e-02
1.854969336597926677e-02
1.852096033326487007e-02
1.849227183320981821e-02
1.846362779650899746e-02
1.843502815396829558e-02
1.840647283650436936e-02
1.837796177514446766e-02
1.834949490102616779e-02
1.832107214539723666e-02
1.829269343961535330e-02
1.826435871514793877e-02
1.823606790357193766e-02
1.820782093657362724e-02
1.817961774594837113e-02
1.815145826360046663e-02
1.812334242154288802e-02
1.809527015189713386e-02
1.806724138689297376e-02
1.803925605886829570e-02
1.801131410026885274e-02
1.798341544364810696e-02
1.795556002166699000e-02
1.792774776709374351e-02
1.789997861280368668e-02
1.787225249177903236e-02
1.784456933710869275e-02
1.781692908198807129e-02
1.778933165971886832e-02
1.776177700370889720e-02
1.773426504747187271e-02
1.770679572462722715e-02
1.767936896889991949e-02
1.765198471412023074e-02
1.762464289422357652e-02
1.759734344325030939e-02
1.757008629534554875e-02
1.754287138475896235e-02
1.751569864584458930e-02
1.748856801306065967e-02
1.746147942096938632e-02
1.743443280423677758e-02
1.740742809763248106e-02
1.738046523602955126e-02
1.735354415440429690e-02
1.732666478783607619e-02
1.729982707150713034e-02
1.727303094070235800e-02
1.724627633080919389e-02
1.721956317731736935e-02
1.719289141581875277e-02
1.716626098200716918e-02
1.713967181167820944e-02
1.711312384072905327e-02
1.708661700515829232e-02
1.706015124106573244e-02
1.703372648465224792e-02
1.700734267221955948e-02
1.698099974017007810e-02
1.695469762500675243e-02
1.692843626333282239e-02
1.690221559185171515e-02
1.687603554736682304e-02
1.684989606678134050e-02
1.682379708709808366e-02
1.679773854541934466e-02
1.677172037894665568e-02
1.674574252498068141e-02
1.671980492092100049e-02
1.669390750426595280e-02
1.666805021261245218e-02
1.664223298365583026e-02
1.661645575518966647e-02
1.659071846510558682e-02
1.656502105139311815e-02
1.653936345213952164e-02
1.651374560552961585e-02
1.648816744984560670e-02
1.646262892346690362e-02
1.643712996486997036e-02
1.641167051262816881e-02
1.638625050541155787e-02
1.636086988198674069e-02
1.633552858121670864e-02
1.631022654206067124e-02
1.628496370357386536e-02
1.625974000490743726e-02
1.623455538530823097e-02
1.620940978411864949e-02
1.618430314077648480e-02
1.615923539481475477e-02
1.613420648586154013e-02
1.610921635363982141e-02
1.608426493796730888e-02
1.605935217875630386e-02
1.603447801601350781e-02
1.600964238983987667e-02
1.598484524043045779e-02
1.596008650807424420e-02
1.593536613315397338e-02
1.591068405614602665e-02
1.588604021762021756e-02
1.586143455823965653e-02
1.583686701876059824e-02
1.581233754003226813e-02
1.578784606299672363e-02
1.576339252868867030e-02
1.573897687823533342e-02
1.571459905285629149e-02
1.569025899386330275e-02
1.566595664266018720e-02
1.564169194074263580e-02
1.561746482969806650e-02
1.559327525120548022e-02
1.556912314703529955e-02
1.554500845904921089e-02
1.552093112920001523e-02
1.549689109953148076e-02
1.547288831217817975e-02
1.544892270936533939e-02
1.542499423340870472e-02
1.540110282671436001e-02
1.537724843177859860e-02
1.535343099118776679e-02
1.532965044761811120e-02
1.530590674383562957e-02
1.528219982269592159e-02
1.525852962714404487e-02
1.523489610021435195e-02
1.521129918503036013e-02
1.518773882480458151e-02
1.516421496283839980e-02
1.514072754252190206e-02
1.511727650733374340e-02
1.509386180084099256e-02
1.507048336669899319e-02
1.504714114865120765e-02
1.502383509052908003e-02
1.500056513625189387e-02
1.497733122982660738e-02
1.495413331534772849e-02
1.493097133699716403e-02
1.490784523904407043e-02
1.488475496584471675e-02
1.486170046184233894e-02
1.483868167156699412e-02
1.481569853963542356e-02
1.479275101075089478e-02
1.476983902970308363e-02
1.474696254136790771e-02
1.472412149070740327e-02
1.470131582276956728e-02
1.467854548268823431e-02
1.465581041568292386e-02
1.463311056705869813e-02
1.461044588220602840e-02
1.458781630660065630e-02
1.456522178580344461e-02
1.454266226546025408e-02
1.452013769130177517e-02
1.449764800914343094e-02
1.447519316488520176e-02
1.445277310451150397e-02
1.443038777409105800e-02
1.440803711977673048e-02
1.438572108780541287e-02
1.436343962449788958e-02
1.434119267625867493e-02
1.431898018957591077e-02
1.429680211102120520e-02
1.427465838724950413e-02
1.425254896499896125e-02
1.423047379109080093e-02
1.420843281242916908e-02
1.418642597600102036e-02
1.416445322887597245e-02
1.414251451820616387e-02
1.412060979122614461e-02
1.409873899525271659e-02
1.407690207768481049e-02
1.405509898600335039e-02
1.403332966777113590e-02
1.401159407063268768e-02
1.398989214231412259e-02
1.396822383062303226e-02
1.394658908344833560e-02
1.392498784876015916e-02
1.390342007460969830e-02
1.388188570912909231e-02
1.386038470053129086e-02
1.383891699710992039e-02
1.381748254723915922e-02
1.379608129937360921e-02
1.377471320204815691e-02
1.375337820387785397e-02
1.373207625355777999e-02
1.371080729986292289e-02
1.368957129164803665e-02
1.366836817784753202e-02
1.364719790747532732e-02
1.362606042962474263e-02
1.360495569346835062e-02
1.358388364825786031e-02
1.356284424332399041e-02
1.354183742807634622e-02
1.352086315200327904e-02
1.349992136467177348e-02
1.347901201572731383e-02
1.345813505489376095e-02
1.343729043197322906e-02
1.341647809684595391e-02
1.339569799947016963e-02
1.337495008988199077e-02
1.335423431819528391e-02
1.333355063460153409e-02
1.331289898936973033e-02
1.329227933284624248e-02
1.327169161545469107e-02
1.325113578769583113e-02
1.323061180014742030e-02
1.321011960346410614e-02
1.318965914837729077e-02
1.316923038569502158e-02
1.314883326630185943e-02
1.312846774115875893e-02
1.310813376130294874e-02
1.308783127784780669e-02
1.306756024198274697e-02
1.304732060497308145e-02
1.302711231815991549e-02
1.300693533296002138e-02
1.298678960086571341e-02
1.296667507344473509e-02
1.294659170234013779e-02
1.292653943927015228e-02
1.290651823602807780e-02
1.288652804448216574e-02
1.286656881657548789e-02
1.284664050432582708e-02
1.282674305982556273e-02
1.280687643524153208e-02
1.278704058281493298e-02
1.276723545486120083e-02
1.274746100376988531e-02
1.272771718200453248e-02
1.270800394210257374e-02
1.268832123667520267e-02
1.266866901840726402e-02
1.264904724005713049e-02
1.262945585445658832e-02
1.260989481451072272e-02
1.259036407319780344e-02
1.257086358356916157e-02
1.255139329874907332e-02
1.253195317193466114e-02
1.251254315639575843e-02
1.249316320547480021e-02
1.247381327258671735e-02
1.245449331121881165e-02
1.243520327493063959e-02
1.241594311735391351e-02
1.239671279219236623e-02
1.237751225322164875e-02
1.235834145428922441e-02
1.233920034931423708e-02
1.232008889228741050e-02
1.230100703727093035e-02
1.228195473839833671e-02
1.226293194987440258e-02
1.224393862597502984e-02
1.222497472104712955e-02
1.220604018950851785e-02
1.218713498584779453e-02
1.216825906462424590e-02
1.214941238046771295e-02
1.213059488807849418e-02
1.211180654222723460e-02
1.209304729775480952e-02
1.207431710957221523e-02
1.205561593266045450e-02
1.203694372207044297e-02
1.201830043292287202e-02
1.199968602040812210e-02
1.198110043978614300e-02
1.196254364638634285e-02
1.194401559560748401e-02
1.192551624291756686e-02
1.190704554385373266e-02
1.188860345402214039e-02
1.187018992909786436e-02
1.185180492482479191e-02
1.183344839701550369e-02
1.181512030155117653e-02
1.179682059438146545e-02
1.177854923152440135e-02
1.176030616906628516e-02
1.174209136316157510e-02
1.172390477003278607e-02
1.170574634597037686e-02
1.168761604733264611e-02
1.166951383054562648e-02
1.165143965210297707e-02
1.163339346856587068e-02
1.161537523656290191e-02
1.159738491278997086e-02
1.157942245401018082e-02
1.156148781705372726e-02
1.154358095881780240e-02
1.152570183626648419e-02
1.150785040643063223e-02
1.149002662640777675e-02
1.147223045336202667e-02
1.145446184452395856e-02
1.143672075719050218e-02
1.141900714872486067e-02
1.140132097655637868e-02
1.138366219818046261e-02
1.136603077115845919e-02
1.134842665311756177e-02
1.133084980175071144e-02
1.131330017481647909e-02
1.129577773013896828e-02
1.127828242560772153e-02
1.126081421917761276e-02
1.124337306886873632e-02
1.122595893276631326e-02
1.120857176902059424e-02
1.119121153584674670e-02
1.117387819152475432e-02
1.115657169439932157e-02
1.113929200287977483e-02
1.112203907543995139e-02
1.110481287061809881e-02
1.108761334701678647e-02
1.107044046330279627e-02
1.105329417820701508e-02
1.103617445052434802e-02
1.101908123911361261e-02
1.100201450289743470e-02
1.098497420086215655e-02
1.096796029205772925e-02
1.095097273559762080e-02
1.093401149065870680e-02
1.091707651648118546e-02
1.090016777236846139e-02
1.088328521768706404e-02
1.086642881186653843e-02
1.084959851439934626e-02
1.083279428484077052e-02
1.081601608280882351e-02
1.079926386798413240e-02
1.078253760010985593e-02
1.076583723899158726e-02
1.074916274449724124e-02
1.073251407655697459e-02
1.071589119516308010e-02
1.069929406036988773e-02
1.068272263229367094e-02
1.066617687111255132e-02
1.064965673706639790e-02
1.063316219045673354e-02
1.061669319164664123e-02
1.060024970106066174e-02
1.058383167918470168e-02
1.056743908656593810e-02
1.055107188381271439e-02
1.053473003159446399e-02
1.051841349064159582e-02
1.050212222174539897e-02
1.048585618575796977e-02
1.046961534359209731e-02
1.045339965622116285e-02
1.043720908467907216e-02
1.042104359006013233e-02
1.040490313351897893e-02
1.038878767627046326e-02
1.037269717958957602e-02
1.035663160481134840e-02
1.034059091333074110e-02
1.032457506660258532e-02
1.030858402614144922e-02
1.029261775352158237e-02
1.027667621037679606e-02
1.026075935840038353e-02
1.024486715934501760e-02
1.022899957502267088e-02
1.021315656730451514e-02
1.019733809812082420e-02
1.018154412946089583e-02
1.016577462337294770e-02
1.015002954196402886e-02
1.013430884739993827e-02
1.011861250190510854e-02
1.010294046776253653e-02
1.008729270731368970e-02
1.007166918295840721e-02
1.005606985715481322e-02
1.004049469241922315e-02
1.002494365132605529e-02
1.000941669650774572e-02
9.993913790654646023e-03
9.978434896514943447e-03
9.962979976894565520e-03
9.947548994657089833e-03
9.932141912723662508e-03
9.916758694072890651e-03
9.901399301740776426e-03
9.886063698820606038e-03
9.870751848462875136e-03
9.855463713875193404e-03
9.840199258322199563e-03
9.824958445125459017e-03
9.809741237663397936e-03
9.794547599371204380e-03
9.779377493740724209e-03
9.764230884320400372e-03
9.749107734715165355e-03
9.734008008586363114e-03
9.718931669651653671e-03
9.703878681684931576e-03
9.688849008516239175e-03
9.673842614031669465e-03
9.658859462173293234e-03
9.643899516939054978e-03
9.628962742382705248e-03
9.614049102613701769e-03
9.599158561797120973e-03
9.584291084153576459e-03
9.569446633959137472e-03
9.554625175545231747e-03
9.539826673298562251e-03
9.525051091661027383e-03
9.510298395129632501e-03
9.495568548256399719e-03
9.480861515648284638e-03
9.466177261967100021e-03
9.451515751929409972e-03
9.436876950306467490e-03
9.422260821924113849e-03
9.407667331662697072e-03
9.393096444456995597e-03
9.378548125296126345e-03
9.364022339223451036e-03
9.349519051336513745e-03
9.335038226786940285e-03
9.320579830780351474e-03
9.306143828576300681e-03
9.291730185488164540e-03
9.277338866883075297e-03
9.262969838181830604e-03
9.248623064858813719e-03
9.234298512441903306e-03
9.219996146512400570e-03
9.205715932704939056e-03
9.191457836707401380e-03
9.177221824260842903e-03
9.163007861159403258e-03
9.148815913250224821e-03
9.134645946433371175e-03
9.120497926661747315e-03
9.106371819941011178e-03
9.092267592329497314e-03
9.078185209938137087e-03
9.064124638930365005e-03
9.050085845522051059e-03
9.036068795981410523e-03
9.022073456628925889e-03
9.008099793837272273e-03
8.994147774031218540e-03
8.980217363687563112e-03
8.966308529335047239e-03
8.952421237554275199e-03
8.938555454977631029e-03
8.924711148289195262e-03
8.910888284224680739e-03
8.897086829571331998e-03
8.883306751167859353e-03
8.869548015904352156e-03
8.855810590722193801e-03
8.842094442613999267e-03
8.828399538623521448e-03
8.814725845845576557e-03
8.801073331425959129e-03
8.787441962561376094e-03
8.773831706499349639e-03
8.760242530538154757e-03
8.746674402026732506e-03
8.733127288364608484e-03
8.719601157001823435e-03
8.706095975438846515e-03
8.692611711226497229e-03
8.679148331965879509e-03
8.665705805308282841e-03
8.652284098955126748e-03
8.638883180657861913e-03
8.625503018217907727e-03
8.612143579486570763e-03
8.598804832364961501e-03
8.585486744803924944e-03
8.572189284803964290e-03
8.558912420415147257e-03
8.545656119737055773e-03
8.532420350918681895e-03
8.519205082158375769e-03
8.506010281703751952e-03
8.492835917851613084e-03
8.479681958947894380e-03
8.466548373387552603e-03
8.453435129614524438e-03
8.440342196121624133e-03
8.427269541450487997e-03
8.414217134191485925e-03
8.401184942983646806e-03
8.388172936514585662e-03
8.375181083520434264e-03
8.362209352785750921e-03
8.349257713143461504e-03
8.336326133474770972e-03
8.323414582709099188e-03
8.310523029823995919e-03
8.297651443845080119e-03
8.284799793845947988e-03
8.271968048948110525e-03
8.259156178320917197e-03
8.246364151181479613e-03
8.233591936794602134e-03
8.220839504472696874e-03
8.208106823575719510e-03
8.195393863511098165e-03
8.182700593733648400e-03
8.170026983745507301e-03
8.157373003096058880e-03
8.144738621381866425e-03
8.132123808246578822e-03
8.119528533380890659e-03
8.106952766522436404e-03
8.094396477455743574e-03
8.081859636012135584e-03
8.069342212069681441e-03
8.056844175553109014e-03
8.044365496433742574e-03
8.031906144729414332e-03
8.019466090504421066e-03
8.007045303869416569e-03
7.994643754981370018e-03
7.982261414043467090e-03
7.969898251305073539e-03
7.957554237061627636e-03
7.945229341654582930e-03
7.932923535471347529e-03
7.920636788945197362e-03
7.908369072555210266e-03
7.896120356826196590e-03
7.883890612328628075e-03
7.871679809678563261e-03
7.859487919537586770e-03
7.847314912612719101e-03
7.835160759656371529e-03
7.823025431466255897e-03
7.810908898885323033e-03
7.798811132801689895e-03
7.786732104148571046e-03
7.774671783904210133e-03
7.762630143091803561e-03
7.750607152779439776e-03
7.738602784080022938e-03
7.726617008151207000e-03
7.714649796195321985e-03
7.702701119459313267e-03
7.690770949234661778e-03
7.678859256857320688e-03
7.666966013707647749e-03
7.655091191210333310e-03
7.643234760834335256e-03
7.631396694092801823e-03
7.619576962543015211e-03
7.607775537786316128e-03
7.595992391468032665e-03
7.584227495277419580e-03
7.572480820947585442e-03
7.560752340255424975e-03
7.549042025021551403e-03
7.537349847110231399e-03
7.525675778429313095e-03
7.514019790930160161e-03
7.502381856607587621e-03
7.490761947499790727e-03
7.479160035688273839e-03
7.467576093297794045e-03
7.456010092496285699e-03
7.444462005494795372e-03
7.432931804547417663e-03
7.421419461951224081e-03
7.409924950046198854e-03
7.398448241215173880e-03
7.386989307883758474e-03
7.375548122520275175e-03
7.364124657635696437e-03
7.352718885783571766e-03
7.341330779559968739e-03
7.329960311603404485e-03
7.318607454594775429e-03
7.307272181257298306e-03
7.295954464356441647e-03
7.284654276699858988e-03
7.273371591137326418e-03
7.262106380560677532e-03
7.250858617903730569e-03
7.239628276142235502e-03
7.228415328293799451e-03
7.217219747417825959e-03
7.206041506615448212e-03
7.194880579029467454e-03
7.183736937844286199e-03
7.172610556285844048e-03
7.161501407621550033e-03
7.150409465160226241e-03
7.139334702252037555e-03
7.128277092288426604e-03
7.117236608702055649e-03
7.106213224966738060e-03
7.095206914597372398e-03
7.084217651149887773e-03
7.073245408221170982e-03
7.062290159449005796e-03
7.051351878512013109e-03
7.040430539129585025e-03
7.029526115061817196e-03
7.018638580109454184e-03
7.007767908113821803e-03
6.996914072956762938e-03
6.986077048560579428e-03
6.975256808887963546e-03
6.964453327941940754e-03
6.953666579765803782e-03
6.942896538443050179e-03
6.932143178097321598e-03
6.921406472892343079e-03
6.910686397031857130e-03
6.899982924759564748e-03
6.889296030359062101e-03
6.878625688153774606e-03
6.867971872506904024e-03
6.857334557821364272e-03
6.846713718539710301e-03
6.836109329144091258e-03
6.825521364156181096e-03
6.814949798137112658e-03
6.804394605687429098e-03
6.793855761447013634e-03
6.783333240095027090e-03
6.772827016349856726e-03
6.762337064969045977e-03
6.751863360749238950e-03
6.741405878526115364e-03
6.730964593174335910e-03
6.720539479607478064e-03
6.710130512777975377e-03
6.699737667677061088e-03
6.689360919334703948e-03
6.679000242819545761e-03
6.668655613238851088e-03
6.658327005738440448e-03
6.648014395502627877e-03
6.637717757754168883e-03
6.627437067754196262e-03
6.617172300802162850e-03
6.606923432235775606e-03
6.596690437430948774e-03
6.586473291801731023e-03
6.576271970800256876e-03
6.566086449916682527e-03
6.555916704679127724e-03
6.545762710653615923e-03
6.535624443444017911e-03
6.525501878691995425e-03
6.515394992076931763e-03
6.505303759315888418e-03
6.495228156163536555e-03
6.485168158412097164e-03
6.475123741891290752e-03
6.465094882468278362e-03
6.455081556047595655e-03
6.445083738571102602e-03
6.435101406017920168e-03
6.425134534404380870e-03
6.415183099783962860e-03
6.405247078247230941e-03
6.395326445921792335e-03
6.385421178972222091e-03
6.375531253600018843e-03
6.365656646043541499e-03
6.355797332577954595e-03
6.345953289515168447e-03
6.336124493203782772e-03
6.326310920029036382e-03
6.316512546412740396e-03
6.306729348813227068e-03
6.296961303725292537e-03
6.287208387680140453e-03
6.277470577245323861e-03
6.267747849024694895e-03
6.258040179658337122e-03
6.248347545822521311e-03
6.238669924229643844e-03
6.229007291628166874e-03
6.219359624802572352e-03
6.209726900573298708e-03
6.200109095796685343e-03
6.190506187364917985e-03
6.180918152205980114e-03
6.171344967283584441e-03
6.161786609597126076e-03
6.152243056181628741e-03
6.142714284107682332e-03
6.133200270481395204e-03
6.123700992444333462e-03
6.114216427173468048e-03
6.104746551881123570e-03
6.095291343814915851e-03
6.085850780257705088e-03
6.076424838527537745e-03
6.067013495977587566e-03
6.057616729996109610e-03
6.048234518006383002e-03
6.038866837466649352e-03
6.029513665870074590e-03
6.020174980744676975e-03
6.010850759653284595e-03
6.001540980193475518e-03
5.992245619997530089e-03
5.982964656732372814e-03
5.973698068099516853e-03
5.964445831835015442e-03
5.955207925709405520e-03
5.945984327527654816e-03
5.936775015129107207e-03
5.927579966387432411e-03
5.918399159210571345e-03
5.909232571540681475e-03
5.900080181354083915e-03
5.890941966661215716e-03
5.881817905506570021e-03
5.872707975968647492e-03
5.863612156159900800e-03
5.854530424226686916e-03
5.845462758349208136e-03
5.836409136741466108e-03
5.827369537651199381e-03
5.818343939359848713e-03
5.809332320182483342e-03
5.800334658467768897e-03
5.791350932597899744e-03
5.782381120988555612e-03
5.773425202088849559e-03
5.764483154381270721e-03
5.755554956381635744e-03
5.746640586639041939e-03
5.737740023735806577e-03
5.728853246287423512e-03
5.719980232942507674e-03
5.711120962382742160e-03
5.702275413322833129e-03
5.693443564510450826e-03
5.684625394726184472e-03
5.675820882783488494e-03
5.667030007528635685e-03
5.658252747840659090e-03
5.649489082631307772e-03
5.640738990844991300e-03
5.632002451458734647e-03
5.623279443482121810e-03
5.614569945957248974e-03
5.605873937958674204e-03
5.597191398593365404e-03
5.588522307000651744e-03
5.579866642352169018e-03
5.571224383851818875e-03
5.562595510735708973e-03
5.553980002272109612e-03
5.545377837761402556e-03
5.536788996536026394e-03
5.528213457960434035e-03
5.519651201431039801e-03
5.511102206376171722e-03
5.502566452256015157e-03
5.494043918562572897e-03
5.485534584819612251e-03
5.477038430582613880e-03
5.468555435438722349e-03
5.460085579006701897e-03
5.451628840936884393e-03
5.443185200911116427e-03
5.434754638642719411e-03
5.426337133876432336e-03
5.417932666388370136e-03
5.409541215985968175e-03
5.401162762507940619e-03
5.392797285824225788e-03
5.384444765835940186e-03
5.376105182475334268e-03
5.367778515705736928e-03
5.359464745521511260e-03
5.351163851948010329e-03
5.342875815041519920e-03
5.334600614889216906e-03
5.326338231609123279e-03
5.318088645350051505e-03
5.309851836291561156e-03
5.301627784643913807e-03
5.293416470648020129e-03
5.285217874575395651e-03
5.277031976728110453e-03
5.268858757438744066e-03
5.260698197070342100e-03
5.252550276016359002e-03
5.244414974700623358e-03
5.236292273577277182e-03
5.228182153130741215e-03
5.220084593875662024e-03
5.211999576356864290e-03
5.203927081149307445e-03
5.195867088858036227e-03
5.187819580118138187e-03
5.179784535594689904e-03
5.171761935982718827e-03
5.163751762007149498e-03
5.155753994422762783e-03
5.147768614014147301e-03
5.139795601595651721e-03
5.131834938011344861e-03
5.123886604134959312e-03
5.115950580869856740e-03
5.108026849148971510e-03
5.100115389934773390e-03
5.092216184219218109e-03
5.084329213023701388e-03
5.076454457399012972e-03
5.068591898425294125e-03
5.060741517211989060e-03
5.052903294897798971e-03
5.045077212650640394e-03
5.037263251667599244e-03
5.029461393174880501e-03
5.021671618427767450e-03
5.013893908710580043e-03
5.006128245336622859e-03
4.998374609648141738e-03
4.990632983016286481e-03
4.982903346841051004e-03
4.975185682551246449e-03
4.967479971604443073e-03
4.959786195486932080e-03
4.952104335713677051e-03
4.944434373828276649e-03
4.936776291402912575e-03
4.929130070038308803e-03
4.921495691363684741e-03
4.913873137036719671e-03
4.906262388743494636e-03
4.898663428198462080e-03
4.891076237144391207e-03
4.883500797352333285e-03
4.875937090621568736e-03
4.868385098779572442e-03
4.860844803681963443e-03
4.853316187212462426e-03
4.845799231282851838e-03
4.838293917832929038e-03
4.830800228830464671e-03
4.823318146271154093e-03
4.815847652178584411e-03
4.808388728604181574e-03
4.800941357627173077e-03
4.793505521354541124e-03
4.786081201920982728e-03
4.778668381488865476e-03
4.771267042248183293e-03
4.763877166416517414e-03
4.756498736238988674e-03
4.749131733988217613e-03
4.741776141964281974e-03
4.734431942494676804e-03
4.727099117934265883e-03
4.719777650665240958e-03
4.712467523097084443e-03
4.705168717666523455e-03
4.697881216837486440e-03
4.690605003101062410e-03
4.683340058975457576e-03
4.676086367005958047e-03
4.668843909764882130e-03
4.661612669851542164e-03
4.654392629892200282e-03
4.647183772540028519e-03
4.639986080475066305e-03
4.632799536404177097e-03
4.625624123061011089e-03
4.618459823205960102e-03
4.611306619626118555e-03
4.604164495135240100e-03
4.597033432573693380e-03
4.589913414808430812e-03
4.582804424732939141e-03
4.575706445267198677e-03
4.568619459357644262e-03
4.561543449977125374e-03
4.554478400124863623e-03
4.547424292826408518e-03
4.540381111133607976e-03
4.533348838124551944e-03
4.526327456903542906e-03
4.519316950601051652e-03
4.512317302373677376e-03
4.505328495404108645e-03
4.498350512901078298e-03
4.491383338099329617e-03
4.484426954259567756e-03
4.477481344668428516e-03
4.470546492638432373e-03
4.463622381507945450e-03
4.456708994641142216e-03
4.449806315427959520e-03
4.442914327284064498e-03
4.436033013650807731e-03
4.429162357995187690e-03
4.422302343809811701e-03
4.415452954612851706e-03
4.408614173948006976e-03
4.401785985384465937e-03
4.394968372516865410e-03
4.388161318965254180e-03
4.381364808375046160e-03
4.374578824416989163e-03
4.367803350787122403e-03
4.361038371206733127e-03
4.354283869422326259e-03
4.347539829205579291e-03
4.340806234353305863e-03
4.334083068687411520e-03
4.327370316054865093e-03
4.320667960327647522e-03
4.313975985402723236e-03
4.307294375201997649e-03
4.300623113672278133e-03
4.293962184785236717e-03
4.287311572537364987e-03
4.280671260949949798e-03
4.274041234069021235e-03
4.267421475965318782e-03
4.260811970734257499e-03
4.254212702495884652e-03
4.247623655394838944e-03
4.241044813600323635e-03
4.234476161306055357e-03
4.227917682730235500e-03
4.221369362115505106e-03
4.214831183728914507e-03
4.208303131861880833e-03
4.201785190830150708e-03
4.195277344973762090e-03
4.188779578657011310e-03
4.182291876268404499e-03
4.175814222220636772e-03
4.169346600950539321e-03
4.162888996919048186e-03
4.156441394611170431e-03
4.150003778535938173e-03
4.143576133226381693e-03
4.137158443239483466e-03
4.130750693156146937e-03
4.124352867581154887e-03
4.117964951143137341e-03
4.111586928494530800e-03
4.105218784311539214e-03
4.098860503294105354e-03
4.092512070165870916e-03
4.086173469674130553e-03
4.079844686589809317e-03
4.073525705707416698e-03
4.067216511845014523e-03
4.060917089844177062e-03
4.054627424569956333e-03
4.048347500910850008e-03
4.042077303778754578e-03
4.035816818108940197e-03
4.029566028860009919e-03
4.023324921013860661e-03
4.017093479575649384e-03
4.010871689573762729e-03
4.004659536059769313e-03
3.998457004108397182e-03
3.992264078817483498e-03
3.986080745307953727e-03
3.979906988723771327e-03
3.973742794231915204e-03
3.967588147022337204e-03
3.961443032307924821e-03
3.955307435324470836e-03
3.949181341330633421e-03
3.943064735607903180e-03
3.936957603460569319e-03
3.930859930215678012e-03
3.924771701223006386e-03
3.918692901855016543e-03
3.912623517506833015e-03
3.906563533596194189e-03
3.900512935563429321e-03
3.894471708871414303e-03
3.888439839005542169e-03
3.882417311473687106e-03
3.876404111806168451e-03
3.870400225555717302e-03
3.864405638297440087e-03
3.858420335628786474e-03
3.852444303169511204e-03
3.846477526561643302e-03
3.840519991469449647e-03
3.834571683579399842e-03
3.828632588600134126e-03
3.822702692262426941e-03
3.816781980319152237e-03
3.810870438545252252e-03
3.804968052737701511e-03
3.799074808715470399e-03
3.793190692319494805e-03
3.787315689412641857e-03
3.781449785879672197e-03
3.775592967627209619e-03
3.769745220583707243e-03
3.763906530699411522e-03
3.758076883946329712e-03
3.752256266318197350e-03
3.746444663830440520e-03
3.740642062520147665e-03
3.734848448446031859e-03
3.729063807688400446e-03
3.723288126349119480e-03
3.717521390551579031e-03
3.711763586440664127e-03
3.706014700182717891e-03
3.700274717965509885e-03
3.694543625998201412e-03
3.688821410511316460e-03
3.683108057756700939e-03
3.677403554007498392e-03
3.671707885558110965e-03
3.666021038724168180e-03
3.660342999842497447e-03
3.654673755271082430e-03
3.649013291389042665e-03
3.643361594596588454e-03
3.637718651314997449e-03
3.632084447986576054e-03
3.626458971074631235e-03
3.620842207063434091e-03
3.615234142458192100e-03
3.609634763785010952e-03
3.604044057590866795e-03
3.598462010443571977e-03
3.592888608931742514e-03
3.587323839664766003e-03
3.581767689272772129e-03
3.576220144406595802e-03
3.570681191737748537e-03
3.565150817958385489e-03
3.559629009781272932e-03
3.554115753939756598e-03
3.548611037187731753e-03
3.543114846299607636e-03
3.537627168070279268e-03
3.532147989315091892e-03
3.526677296869814085e-03
3.521215077590602194e-03
3.515761318353970415e-03
3.510316006056759565e-03
3.504879127616103689e-03
3.499450669969401875e-03
3.494030620074282684e-03
3.488618964908577706e-03
3.483215691470284685e-03
3.477820786777542812e-03
3.472434237868594117e-03
3.467056031801759620e-03
3.461686155655402473e-03
3.456324596527899761e-03
3.450971341537612588e-03
3.445626377822850941e-03
3.440289692541847241e-03
3.434961272872723813e-03
3.429641106013460797e-03
3.424329179181866654e-03
3.419025479615547380e-03
3.413729994571875707e-03
3.408442711327961620e-03
3.403163617180618959e-03
3.397892699446337667e-03
3.392629945461252995e-03
3.387375342581112544e-03
3.382128878181248945e-03
3.376890539656547327e-03
3.371660314421417570e-03
3.366438189909761337e-03
3.361224153574944758e-03
3.356018192889762865e-03
3.350820295346416174e-03
3.345630448456478161e-03
3.340448639750861863e-03
3.335274856779796033e-03
3.330109087112789138e-03
3.324951318338604644e-03
3.319801538065227618e-03
3.314659733919836544e-03
3.309525893548773828e-03
3.304400004617515010e-03
3.299282054810639703e-03
3.294172031831801677e-03
3.289069923403701093e-03
3.283975717268052420e-03
3.278889401185555372e-03
3.273810962935868023e-03
3.268740390317574716e-03
3.263677671148158300e-03
3.258622793263969350e-03
3.253575744520198834e-03
3.248536512790846896e-03
3.243505085968695096e-03
3.238481451965278222e-03
3.233465598710852634e-03
3.228457514154369368e-03
3.223457186263443356e-03
3.218464603024327828e-03
3.213479752441880926e-03
3.208502622539541847e-03
3.203533201359296586e-03
3.198571476961653646e-03
3.193617437425613249e-03
3.188671070848640449e-03
3.183732365346633036e-03
3.178801309051818621e-03
3.173877889135295633e-03
3.168962094754818569e-03
3.164053914102836831e-03
3.159153336852447459e-03
3.154260349266619409e-03
3.149374940080893696e-03
3.144497097557566196e-03
3.139626809977169065e-03
3.134764065638388341e-03
3.129908852858033583e-03
3.125061159971007085e-03
3.120220975329155919e-03
3.115388287304871918e-03
3.110563084287051513e-03
3.105745354682574143e-03
3.100935086916403738e-03
3.096132269431427393e-03
3.091336890688434983e-03
3.086548939166087503e-03
3.081768403360891483e-03
3.076995271787169497e-03
3.072229532977033706e-03
3.067471175480359843e-03
3.062720187864753814e-03
3.057976558715533050e-03
3.053240276635692252e-03
3.048511330245876928e-03
3.043789708184358681e-03
3.039075399107006581e-03
3.034368391687259411e-03
3.029668674616099646e-03
3.024976236602024398e-03
3.020291066371019392e-03
3.015613152666532949e-03
3.010942484249446924e-03
3.006279049898051125e-03
3.001622838408015120e-03
2.996973838592363517e-03
2.992332039281446476e-03
2.987697429322913687e-03
2.983069997581690082e-03
2.978449732939944181e-03
2.973836624297065533e-03
2.969230660569637404e-03
2.964631830691407278e-03
2.960040123613264743e-03
2.955455528303211135e-03
2.950878033746335248e-03
2.946307628944784280e-03
2.941744302917740847e-03
2.937188044701395228e-03
2.932638843348918042e-03
2.928096687930434230e-03
2.923561567532999197e-03
2.919033471260567159e-03
2.914512388233972927e-03
2.909998307590897643e-03
2.905491218485848400e-03
2.900991110090128753e-03
2.896497971591814428e-03
2.892011792195727741e-03
2.887532561123411137e-03
2.883060267613098571e-03
2.878594900919695127e-03
2.874136450314745354e-03
2.869684905086414186e-03
2.865240254539453985e-03
2.860802487995183288e-03
2.856371594791459918e-03
2.851947564282655834e-03
2.847530385839631539e-03
2.843120048849709196e-03
2.838716542716650509e-03
2.834319856860625497e-03
2.829929980718192978e-03
2.825546903742273252e-03
2.821170615402119469e-03
2.816801105183297255e-03
2.812438362587657385e-03
2.808082377133308896e-03
2.803733138354597403e-03
2.799390635802076477e-03
2.795054859042486826e-03
2.790725797658722904e-03
2.786403441249819032e-03
2.782087779430916005e-03
2.777778801833240708e-03
2.773476498104077061e-03
2.769180857906746937e-03
2.764891870920579368e-03
2.760609526840887996e-03
2.756333815378949822e-03
2.752064726261973984e-03
2.747802249233081365e-03
2.743546374051279886e-03
2.739297090491438040e-03
2.735054388344262347e-03
2.730818257416270031e-03
2.726588687529769503e-03
2.722365668522827836e-03
2.718149190249256018e-03
2.713939242578575998e-03
2.709735815396003330e-03
2.705538898602416822e-03
2.701348482114339020e-03
2.697164555863908880e-03
2.692987109798860093e-03
2.688816133882494189e-03
2.684651618093658858e-03
2.680493552426722360e-03
2.676341926891548807e-03
2.672196731513478210e-03
2.668057956333296128e-03
2.663925591407215882e-03
2.659799626806852099e-03
2.655680052619194698e-03
2.651566858946588501e-03
2.647460035906708080e-03
2.643359573632533908e-03
2.639265462272328937e-03
2.635177691989613880e-03
2.631096252963145959e-03
2.627021135386892452e-03
2.622952329470009877e-03
2.618889825436817101e-03
2.614833613526776259e-03
2.610783683994464567e-03
2.606740027109556105e-03
2.602702633156791893e-03
2.598671492435963414e-03
2.594646595261884420e-03
2.590627931964369687e-03
2.586615492888212024e-03
2.582609268393157558e-03
2.578609248853884484e-03
2.574615424659978339e-03
2.570627786215909892e-03
2.566646323941011287e-03
2.562671028269453925e-03
2.558701889650224614e-03
2.554738898547103450e-03
2.550782045438640833e-03
2.546831320818133612e-03
2.542886715193602102e-03
2.538948219087770568e-03
2.535015823038040336e-03
2.531089517596467244e-03
2.527169293329742990e-03
2.523255140819169115e-03
2.519347050660634448e-03
2.515445013464593423e-03
2.511549019856043098e-03
2.507659060474501898e-03
2.503775125973984467e-03
2.499897207022981713e-03
2.496025294304436530e-03
2.492159378515724274e-03
2.488299450368626747e-03
2.484445500589312246e-03
2.480597519918313013e-03
2.476755499110501815e-03
2.472919428935070260e-03
2.469089300175508414e-03
2.465265103629580516e-03
2.461446830109302424e-03
2.457634470440921669e-03
2.453828015464894468e-03
2.450027456035862739e-03
2.446232783022633719e-03
2.442443987308156542e-03
2.438661059789501862e-03
2.434883991377839729e-03
2.431112772998416174e-03
2.427347395590532392e-03
2.423587850107524790e-03
2.419834127516737668e-03
2.416086218799509341e-03
2.412344114951145251e-03
2.408607806980897145e-03
2.404877285911940967e-03
2.401152542781358635e-03
2.397433568640113758e-03
2.393720354553027785e-03
2.390012891598763088e-03
2.386311170869799547e-03
2.382615183472414164e-03
2.378924920526657213e-03
2.375240373166334022e-03
2.371561532538979822e-03
2.367888389805842837e-03
2.364220936141860855e-03
2.360559162735639555e-03
2.356903060789432552e-03
2.353252621519118844e-03
2.349607836154182870e-03
2.345968695937692815e-03
2.342335192126280240e-03
2.338707315990120120e-03
2.335085058812906133e-03
2.331468411891832442e-03
2.327857366537572879e-03
2.324251914074259694e-03
2.320652045839462305e-03
2.317057753184166916e-03
2.313469027472755263e-03
2.309885860082984670e-03
2.306308242405966363e-03
2.302736165846145516e-03
2.299169621821280443e-03
2.295608601762421340e-03
2.292053097113890773e-03
2.288503099333262427e-03
2.284958599891341591e-03
2.281419590272141303e-03
2.277886061972867610e-03
2.274358006503893106e-03
2.270835415388741760e-03
2.267318280164064195e-03
2.263806592379620768e-03
2.260300343598259029e-03
2.256799525395894630e-03
2.253304129361490514e-03
2.249814147097036528e-03
2.246329570217529478e-03
2.242850390350954477e-03
2.239376599138262394e-03
2.235908188233350340e-03
2.232445149303043021e-03
2.228987474027071918e-03
2.225535154098054469e-03
2.222088181221475427e-03
2.218646547115665606e-03
2.215210243511783229e-03
2.211779262153793554e-03
2.208353594798449348e-03
2.204933233215270079e-03
2.201518169186522395e-03
2.198108394507201913e-03
2.194703900985012831e-03
2.191304680440346250e-03
2.187910724706262390e-03
2.184522025628472374e-03
2.181138575065314378e-03
2.177760364887737585e-03
2.174387386979283535e-03
2.171019633236062271e-03
2.167657095566735432e-03
2.164299765892498898e-03
2.160947636147059377e-03
2.157600698276617920e-03
2.154258944239848678e-03
2.150922366007881545e-03
2.147590955564280483e-03
2.144264704905026169e-03
2.140943606038495182e-03
2.137627650985444386e-03
2.134316831778986651e-03
2.131011140464574363e-03
2.127710569099981221e-03
2.124415109755282711e-03
2.121124754512833128e-03
2.117839495467253863e-03
2.114559324725406950e-03
2.111284234406382056e-03
2.108014216641474359e-03
2.104749263574164607e-03
2.101489367360105665e-03
2.098234520167096065e-03
2.094984714175066130e-03
2.091739941576060188e-03
2.088500194574213591e-03
2.085265465385736667e-03
2.082035746238896506e-03
2.078811029373995277e-03
2.075591307043355479e-03
2.072376571511298261e-03
2.069166815054126075e-03
2.065962029960105757e-03
2.062762208529445983e-03
2.059567343074282519e-03
2.056377425918657405e-03
2.053192449398502043e-03
2.050012405861618547e-03
2.046837287667659794e-03
2.043667087188113379e-03
2.040501796806281232e-03
2.037341408917262703e-03
2.034185915927936780e-03
2.031035310256940410e-03
2.027889584334656350e-03
2.024748730603187583e-03
2.021612741516345176e-03
2.018481609539627894e-03
2.015355327150203119e-03
2.012233886836891673e-03
2.009117281100145699e-03
2.006005502452033913e-03
2.002898543416222529e-03
1.999796396527957903e-03
1.996699054334046593e-03
1.993606509392841040e-03
1.990518754274217018e-03
1.987435781559559762e-03
1.984357583841744443e-03
1.981284153725118395e-03
1.978215483825484199e-03
1.975151566770080164e-03
1.972092395197564720e-03
1.969037961757997331e-03
1.965988259112820720e-03
1.962943279934845683e-03
1.959903016908228542e-03
1.956867462728460738e-03
1.953836610102342372e-03
1.950810451747973318e-03
1.947788980394729802e-03
1.944772188783250094e-03
1.941760069665414770e-03
1.938752615804331322e-03
1.935749819974316591e-03
1.932751674960877250e-03
1.929758173560695064e-03
1.926769308581608017e-03
1.923785072842594058e-03
1.920805459173752444e-03
1.917830460416288137e-03
1.914860069422493795e-03
1.911894279055732435e-03
1.908933082190420079e-03
1.905976471712010146e-03
1.903024440516973715e-03
1.900076981512785652e-03
1.897134087617904875e-03
1.894195751761758957e-03
1.891261966884726130e-03
1.888332725938119240e-03
1.885408021884167748e-03
1.882487847696001897e-03
1.879572196357635373e-03
1.876661060863947950e-03
1.873754434220670098e-03
1.870852309444363685e-03
1.867954679562407443e-03
1.865061537612980932e-03
1.862172876645044146e-03
1.859288689718323860e-03
1.856408969903297146e-03
1.853533710281172293e-03
1.850662903943874277e-03
1.847796543994027199e-03
1.844934623544938453e-03
1.842077135720581816e-03
1.839224073655579880e-03
1.836375430495189743e-03
1.833531199395284795e-03
1.830691373522338235e-03
1.827855946053408330e-03
1.825024910176119980e-03
1.822198259088649757e-03
1.819375985999709426e-03
1.816558084128528164e-03
1.813744546704838898e-03
1.810935366968859225e-03
1.808130538171277531e-03
1.805330053573234996e-03
1.802533906446309982e-03
1.799742090072503501e-03
1.796954597744218835e-03
1.794171422764251345e-03
1.791392558445767001e-03
1.788617998112289591e-03
1.785847735097682723e-03
1.783081762746135945e-03
1.780320074412146316e-03
1.777562663460504526e-03
1.774809523266277986e-03
1.772060647214794343e-03
1.769316028701626306e-03
1.766575661132576899e-03
1.763839537923660812e-03
1.761107652501091173e-03
1.758379998301262421e-03
1.755656568770735341e-03
1.752937357366220151e-03
1.750222357554561976e-03
1.747511562812725013e-03
1.744804966627776276e-03
1.742102562496869759e-03
1.739404343927231263e-03
1.736710304436142778e-03
1.734020437550928178e-03
1.731334736808934566e-03
1.728653195757519703e-03
1.725975807954035525e-03
1.723302566965811662e-03
1.720633466370141348e-03
1.717968499754265804e-03
1.715307660715357325e-03
1.712650942860507357e-03
1.709998339806705677e-03
1.707349845180831287e-03
1.704705452619632465e-03
1.702065155769713319e-03
1.699428948287518828e-03
1.696796823839317927e-03
1.694168776101190495e-03
1.691544798759010444e-03
1.688924885508431839e-03
1.686309030054872204e-03
1.683697226113498860e-03
1.681089467409213091e-03
1.678485747676635624e-03
1.675886060660091012e-03
1.673290400113592235e-03
1.670698759800826180e-03
1.668111133495139972e-03
1.665527514979524065e-03
1.662947898046596845e-03
1.660372276498592922e-03
1.657800644147344694e-03
1.655232994814269561e-03
1.652669322330354304e-03
1.650109620536140782e-03
1.647553883281710095e-03
1.645002104426669361e-03
1.642454277840135670e-03
1.639910397400721554e-03
1.637370456996521326e-03
1.634834450525094384e-03
1.632302371893452854e-03
1.629774215018045319e-03
1.627249973824743600e-03
1.624729642248824973e-03
1.622213214234963273e-03
1.619700683737208304e-03
1.617192044718974986e-03
1.614687291153028186e-03
1.612186417021467750e-03
1.609689416315713325e-03
1.607196283036492652e-03
1.604707011193823134e-03
1.602221594807001857e-03
1.599740027904586730e-03
1.597262304524386294e-03
1.594788418713442586e-03
1.592318364528018133e-03
1.589852136033580773e-03
1.587389727304789992e-03
1.584931132425483483e-03
1.582476345488660879e-03
1.580025360596472046e-03
1.577578171860200169e-03
1.575134773400250045e-03
1.572695159346132465e-03
1.570259323836450775e-03
1.567827261018886996e-03
1.565398965050186428e-03
1.562974430096145725e-03
1.560553650331596631e-03
1.558136619940394272e-03
1.555723333115400890e-03
1.553313784058473488e-03
1.550907966980449295e-03
1.548505876101132113e-03
1.546107505649278431e-03
1.543712849862582687e-03
1.541321902987664687e-03
1.538934659280055076e-03
1.536551113004181899e-03
1.534171258433357152e-03
1.531795089849760953e-03
1.529422601544430486e-03
1.527053787817245255e-03
1.524688642976912119e-03
1.522327161340954454e-03
1.519969337235695236e-03
1.517615164996245986e-03
1.515264638966491587e-03
1.512917753499078144e-03
1.510574502955398021e-03
1.508234881705575962e-03
1.505898884128457601e-03
1.503566504611594497e-03
1.501237737551230694e-03
1.498912577352289489e-03
1.496591018428360641e-03
1.494273055201684759e-03
1.491958682103143976e-03
1.489647893572243302e-03
1.487340684057101734e-03
1.485037048014436860e-03
1.482736979909551412e-03
1.480440474216320910e-03
1.478147525417178917e-03
1.475858128003106626e-03
1.473572276473616386e-03
1.471289965336739338e-03
1.469011189109014574e-03
1.466735942315472658e-03
1.464464219489624566e-03
1.462196015173446726e-03
1.459931323917371690e-03
1.457670140280270359e-03
1.455412458829441567e-03
1.453158274140598210e-03
1.450907580797854883e-03
1.448660373393714220e-03
1.446416646529053883e-03
1.444176394813114850e-03
1.441939612863485593e-03
1.439706295306093613e-03
1.437476436775188098e-03
1.435250031913329078e-03
1.433027075371374418e-03
1.430807561808467455e-03
1.428591485892023120e-03
1.426378842297715581e-03
1.424169625709465446e-03
1.421963830819426974e-03
1.419761452327976143e-03
1.417562484943695909e-03
1.415366923383366013e-03
1.413174762371947370e-03
1.410985996642572958e-03
1.408800620936531342e-03
1.406618630003257783e-03
1.404440018600318406e-03
1.402264781493399145e-03
1.400092913456293161e-03
1.397924409270888488e-03
1.395759263727155020e-03
1.393597471623131715e-03
1.391439027764914890e-03
1.389283926966645207e-03
1.387132164050494665e-03
1.384983733846655756e-03
1.382838631193327589e-03
1.380696850936704613e-03
1.378558387930962741e-03
1.376423237038248287e-03
1.374291393128666047e-03
1.372162851080264544e-03
1.370037605779026498e-03
1.367915652118855373e-03
1.365796985001562153e-03
1.363681599336855369e-03
1.361569490042326136e-03
1.359460652043438609e-03
1.357355080273515459e-03
1.355252769673728113e-03
1.353153715193082009e-03
1.351057911788405320e-03
1.348965354424338983e-03
1.346876038073321728e-03
1.344789957715579031e-03
1.342707108339112046e-03
1.340627484939683513e-03
1.338551082520807352e-03
1.336477896093736517e-03
1.334407920677450204e-03
1.332341151298642792e-03
1.330277582991711482e-03
1.328217210798743071e-03
1.326160029769504626e-03
1.324106034961430043e-03
1.322055221439608552e-03
1.320007584276772141e-03
1.317963118553284498e-03
1.315921819357129298e-03
1.313883681783898283e-03
1.311848700936778028e-03
1.309816871926541490e-03
1.307788189871531958e-03
1.305762649897655248e-03
1.303740247138365825e-03
1.301720976734654662e-03
1.299704833835040128e-03
1.297691813595553681e-03
1.295681911179729024e-03
1.293675121758591914e-03
1.291671440510646068e-03
1.289670862621863619e-03
1.287673383285672761e-03
1.285678997702945602e-03
1.283687701081988406e-03
1.281699488638527503e-03
1.279714355595701044e-03
1.277732297184044040e-03
1.275753308641479475e-03
1.273777385213305940e-03
1.271804522152185498e-03
1.269834714718134352e-03
1.267867958178508971e-03
1.265904247807996333e-03
1.263943578888601996e-03
1.261985946709639475e-03
1.260031346567717014e-03
1.258079773766729130e-03
1.256131223617842733e-03
1.254185691439487589e-03
1.252243172557343520e-03
1.250303662304331088e-03
1.248367156020599011e-03
1.246433649053512891e-03
1.244503136757645241e-03
1.242575614494762686e-03
1.240651077633816209e-03
1.238729521550929660e-03
1.236810941629387824e-03
1.234895333259626669e-03
1.232982691839221417e-03
1.231073012772875269e-03
1.229166291472409212e-03
1.227262523356749662e-03
1.225361703851920222e-03
1.223463828391027153e-03
1.221568892414250053e-03
1.219676891368831661e-03
1.217787820709065934e-03
1.215901675896287207e-03
1.214018452398859128e-03
1.212138145692165337e-03
1.210260751258595158e-03
1.208386264587537739e-03
1.206514681175365573e-03
1.204645996525427780e-03
1.202780206148039259e-03
1.200917305560466599e-03
1.199057290286920270e-03
1.197200155858542479e-03
1.195345897813397847e-03
1.193494511696461050e-03
1.191645993059607276e-03
1.189800337461600519e-03
1.187957540468083818e-03
1.186117597651568413e-03
1.184280504591423127e-03
1.182446256873863301e-03
1.180614850091940169e-03
1.178786279845530889e-03
1.176960541741327694e-03
1.175137631392827271e-03
1.173317544420320350e-03
1.171500276450880866e-03
1.169685823118356196e-03
1.167874180063354804e-03
1.166065342933238647e-03
1.164259307382110387e-03
1.162456069070803627e-03
1.160655623666873590e-03
1.158857966844584328e-03
1.157063094284900475e-03
1.155271001675475979e-03
1.153481684710643907e-03
1.151695139091406467e-03
1.149911360525423306e-03
1.148130344727002830e-03
1.146352087417091149e-03
1.144576584323262532e-03
1.142803831179707054e-03
1.141033823727222998e-03
1.139266557713204935e-03
1.137502028891633965e-03
1.135740233023067739e-03
1.133981165874629838e-03
1.132224823220000882e-03
1.130471200839405299e-03
1.128720294519605476e-03
1.126972100053887441e-03
1.125226613242054363e-03
1.123483829890413758e-03
1.121743745811768162e-03
1.120006356825406241e-03
1.118271658757091520e-03
1.116539647439052834e-03
1.114810318709974143e-03
1.113083668414984340e-03
1.111359692405647272e-03
1.109638386539952854e-03
1.107919746682306007e-03
1.106203768703516253e-03
1.104490448480788820e-03
1.102779781897715323e-03
1.101071764844262051e-03
1.099366393216761294e-03
1.097663662917900936e-03
1.095963569856715997e-03
1.094266109948576274e-03
1.092571279115178533e-03
1.090879073284536319e-03
1.089189488390969766e-03
1.087502520375096269e-03
1.085818165183819860e-03
1.084136418770323190e-03
1.082457277094056461e-03
1.080780736120726809e-03
1.079106791822291578e-03
1.077435440176945742e-03
1.075766677169113237e-03
1.074100498789438063e-03
1.072436901034773665e-03
1.070775879908174039e-03
1.069117431418882894e-03
1.067461551582326272e-03
1.065808236420100630e-03
1.064157481959964379e-03
1.062509284235828994e-03
1.060863639287747953e-03
1.059220543161907852e-03
1.057579991910619945e-03
1.055941981592309082e-03
1.054306508271505042e-03
1.052673568018833205e-03
1.051043156911005225e-03
1.049415271030807980e-03
1.047789906467096839e-03
1.046167059314784395e-03
1.044546725674831136e-03
1.042928901654236774e-03
1.041313583366030703e-03
1.039700766929262674e-03
1.038090448468992604e-03
1.036482624116283639e-03
1.034877290008189357e-03
1.033274442287747700e-03
1.031674077103969913e-03
1.030076190611831652e-03
1.028480778972263882e-03
1.026887838352144198e-03
1.025297364924285986e-03
1.023709354867431264e-03
1.022123804366240063e-03
1.020540709611281746e-03
1.018960066799026124e-03
1.017381872131833259e-03
1.015806121817946529e-03
1.014232812071480484e-03
1.012661939112414556e-03
1.011093499166581568e-03
1.009527488465661446e-03
1.007963903247169075e-03
1.006402739754448010e-03
1.004843994236659854e-03
1.003287662948774712e-03
1.001733742151564690e-03
1.000182228111591966e-03
9.986331171012018549e-04
9.970864053985128289e-04
9.955420892874087147e-04
9.940001650575276335e-04
9.924606290042550620e-04
9.909234774287147256e-04
9.893887066377590571e-04
9.878563129439603060e-04
9.863262926656016488e-04
9.847986421266691649e-04
9.832733576568422965e-04
9.817504355914853913e-04
9.802298722716379451e-04
9.787116640440072287e-04
9.771958072609585304e-04
9.756822982805074583e-04
9.741711334663092064e-04
9.726623091876517241e-04
9.711558218194462841e-04
9.696516677422188082e-04
9.681498433421009773e-04
9.666503450108217743e-04
9.651531691456991359e-04
9.636583121496305202e-04
9.621657704310848831e-04
9.606755404040936801e-04
9.591876184882426257e-04
9.577020011086628034e-04
9.562186846960218835e-04
9.547376656865163170e-04
9.532589405218621194e-04
9.517825056492860893e-04
9.503083575215183270e-04
9.488364925967824768e-04
9.473669073387878123e-04
9.458995982167212133e-04
9.444345617052376249e-04
9.429717942844524680e-04
9.415112924399330740e-04
9.400530526626893610e-04
9.385970714491664608e-04
9.371433453012360457e-04
9.356918707261877629e-04
9.342426442367204528e-04
9.327956623509346679e-04
9.313509215923236736e-04
9.299084184897649921e-04
9.284681495775130291e-04
9.270301113951889913e-04
9.255943004877744892e-04
9.241607134056022133e-04
9.227293467043473684e-04
9.213001969450201932e-04
9.198732606939572865e-04
9.184485345228134753e-04
9.170260150085533584e-04
9.156056987334429582e-04
9.141875822850425645e-04
9.127716622561967601e-04
9.113579352450281324e-04
9.099463978549277325e-04
9.085370466945473771e-04
9.071298783777915174e-04
9.057248895238093241e-04
9.043220767569859053e-04
9.029214367069352595e-04
9.015229660084906260e-04
9.001266613016981966e-04
8.987325192318077914e-04
8.973405364492650525e-04
8.959507096097036379e-04
8.945630353739368731e-04
8.931775104079503784e-04
8.917941313828928532e-04
8.904128949750696794e-04
8.890337978659333803e-04
8.876568367420766817e-04
8.862820082952243802e-04
8.849093092222245615e-04
8.835387362250417698e-04
8.821702860107488763e-04
8.808039552915186221e-04
8.794397407846159210e-04
8.780776392123903779e-04
8.767176473022678324e-04
8.753597617867429860e-04
8.740039794033713791e-04
8.726502968947612597e-04
8.712987110085663187e-04
8.699492184974773421e-04
8.686018161192147298e-04
8.672565006365206891e-04
8.659132688171512120e-04
8.645721174338688109e-04
8.632330432644341701e-04
8.618960430915984482e-04
8.605611137030963389e-04
8.592282518916375062e-04
8.578974544548988862e-04
8.565687181955176401e-04
8.552420399210831307e-04
8.539174164441290082e-04
8.525948445821257288e-04
8.512743211574730741e-04
8.499558429974921276e-04
8.486394069344184443e-04
8.473250098053933775e-04
8.460126484524573562e-04
8.447023197225417539e-04
8.433940204674614076e-04
8.420877475439074618e-04
8.407834978134394541e-04
8.394812681424772922e-04
8.381810554022952903e-04
8.368828564690125203e-04
8.355866682235872818e-04
8.342924875518081037e-04
8.330003113442873471e-04
8.317101364964528572e-04
8.304219599085413493e-04
8.291357784855906028e-04
8.278515891374312215e-04
8.265693887786811035e-04
8.252891743287354672e-04
8.240109427117621888e-04
8.227346908566922617e-04
8.214604156972136161e-04
8.201881141717632046e-04
8.189177832235198465e-04
8.176494198003968553e-04
8.163830208550346655e-04
8.151185833447936778e-04
8.138561042317466691e-04
8.125955804826719619e-04
8.113370090690452934e-04
8.100803869670335266e-04
8.088257111574867356e-04
8.075729786259310504e-04
8.063221863625616090e-04
8.050733313622352935e-04
8.038264106244634661e-04
8.025814211534044876e-04
8.013383599578567792e-04
8.000972240512520999e-04
7.988580104516471983e-04
7.976207161817178495e-04
7.963853382687510491e-04
7.951518737446381822e-04
7.939203196458671091e-04
7.926906730135164190e-04
7.914629308932470816e-04
7.902370903352961586e-04
7.890131483944693228e-04
7.877911021301333772e-04
7.865709486062102919e-04
7.853526848911690722e-04
7.841363080580193625e-04
7.829218151843046151e-04
7.817092033520937422e-04
7.804984696479756951e-04
7.792896111630516574e-04
7.780826249929284318e-04
7.768775082377106338e-04
7.756742580019949452e-04
7.744728713948619827e-04
7.732733455298703351e-04
7.720756775250491900e-04
7.708798645028910705e-04
7.696859035903454377e-04
7.684937919188117523e-04
7.673035266241323184e-04
7.661151048465853451e-04
7.649285237308787663e-04
7.637437804261423260e-04
7.625608720859218320e-04
7.613797958681710245e-04
7.602005489352461551e-04
7.590231284538981804e-04
7.578475315952665822e-04
7.566737555348717779e-04
7.555017974526091577e-04
7.543316545327420370e-04
7.531633239638943923e-04
7.519968029390448980e-04
7.508320886555197712e-04
7.496691783149861572e-04
7.485080691234449746e-04
7.473487582912252767e-04
7.461912430329760123e-04
7.450355205676608208e-04
7.438815881185503352e-04
7.427294429132160012e-04
7.415790821835231391e-04
7.404305031656245465e-04
7.392837030999537765e-04
7.381386792312183073e-04
7.369954288083936872e-04
7.358539490847154033e-04
7.347142373176737858e-04
7.335762907690066351e-04
7.324401067046931507e-04
7.313056823949468837e-04
7.301730151142090145e-04
7.290421021411427156e-04
7.279129407586258866e-04
7.267855282537444327e-04
7.256598619177865184e-04
7.245359390462354117e-04
7.234137569387634123e-04
7.222933128992249131e-04
7.211746042356503286e-04
7.200576282602393725e-04
7.189423822893547698e-04
7.178288636435158597e-04
7.167170696473918736e-04
7.156069976297955385e-04
7.144986449236770051e-04
7.133920088661175598e-04
7.122870867983220351e-04
7.111838760656141473e-04
7.100823740174285826e-04
7.089825780073057918e-04
7.078844853928848357e-04
7.067880935358975296e-04
7.056933998021619383e-04
7.046004015615755459e-04
7.035090961881099430e-04
7.024194810598041044e-04
7.013315535587574508e-04
7.002453110711242103e-04
6.991607509871072389e-04
6.980778707009516236e-04
6.969966676109377434e-04
6.959171391193763904e-04
6.948392826326009637e-04
6.937630955609623735e-04
6.926885753188227529e-04
6.916157193245483017e-04
6.905445250005041915e-04
6.894749897730475174e-04
6.884071110725218778e-04
6.873408863332508686e-04
6.862763129935317953e-04
6.852133884956290591e-04
6.841521102857692780e-04
6.830924758141344562e-04
6.820344825348549373e-04
6.809781279060051753e-04
6.799234093895959287e-04
6.788703244515695984e-04
6.778188705617928548e-04
6.767690451940512174e-04
6.757208458260426575e-04
6.746742699393723942e-04
6.736293150195454132e-04
6.725859785559621306e-04
6.715442580419105859e-04
6.705041509745618888e-04
6.694656548549630633e-04
6.684287671880320605e-04
6.673934854825510363e-04
6.663598072511610392e-04
6.653277300103549625e-04
6.642972512804724491e-04
6.632683685856939279e-04
6.622410794540342172e-04
6.612153814173371037e-04
6.601912720112689459e-04
6.591687487753124935e-04
6.581478092527624432e-04
6.571284509907175230e-04
6.561106715400760476e-04
6.550944684555293045e-04
6.540798392955565668e-04
6.530667816224178289e-04
6.520552930021491448e-04
6.510453710045564476e-04
6.500370132032090445e-04
6.490302171754352804e-04
6.480249805023149479e-04
6.470213007686749507e-04
6.460191755630824732e-04
6.450186024778398848e-04
6.440195791089784513e-04
6.430221030562525888e-04
6.420261719231350932e-04
6.410317833168096592e-04
6.400389348481665434e-04
6.390476241317961676e-04
6.380578487859835893e-04
6.370696064327025388e-04
6.360828946976104315e-04
6.350977112100414292e-04
6.341140536030019951e-04
6.331319195131642798e-04
6.321513065808612424e-04
6.311722124500801457e-04
6.301946347684577853e-04
6.292185711872737676e-04
6.282440193614458480e-04
6.272709769495240758e-04
6.262994416136846145e-04
6.253294110197243211e-04
6.243608828370560831e-04
6.233938547387019892e-04
6.224283244012882325e-04
6.214642895050395818e-04
6.205017477337737434e-04
6.195406967748958316e-04
6.185811343193928398e-04
6.176230580618275682e-04
6.166664657003341791e-04
6.157113549366116916e-04
6.147577234759187773e-04
6.138055690270685563e-04
6.128548893024222000e-04
6.119056820178847035e-04
6.109579448928983796e-04
6.100116756504380885e-04
6.090668720170047332e-04
6.081235317226210300e-04
6.071816525008256549e-04
6.062412320886670630e-04
6.053022682266987180e-04
6.043647586589741055e-04
6.034287011330402269e-04
6.024940933999332632e-04
6.015609332141721782e-04
6.006292183337540560e-04
5.996989465201485719e-04
5.987701155382919209e-04
5.978427231565826977e-04
5.969167671468756080e-04
5.959922452844764818e-04
5.950691553481365264e-04
5.941474951200475564e-04
5.932272623858361391e-04
5.923084549345589318e-04
5.913910705586963943e-04
5.904751070541487765e-04
5.895605622202292886e-04
5.886474338596604143e-04
5.877357197785671892e-04
5.868254177864728636e-04
5.859165256962938070e-04
5.850090413243328943e-04
5.841029624902760366e-04
5.831982870171851336e-04
5.822950127314947127e-04
5.813931374630056407e-04
5.804926590448792690e-04
5.795935753136341809e-04
5.786958841091386025e-04
5.777995832746075835e-04
5.769046706565958416e-04
5.760111441049936424e-04
5.751190014730217038e-04
5.742282406172252327e-04
5.733388593974693718e-04
5.724508556769346453e-04
5.715642273221104540e-04
5.706789722027906303e-04
5.697950881920683421e-04
5.689125731663318645e-04
5.680314250052573158e-04
5.671516415918054048e-04
5.662732208122157928e-04
5.653961605560019980e-04
5.645204587159464082e-04
5.636461131880948598e-04
5.627731218717519756e-04
5.619014826694760691e-04
5.610311934870739403e-04
5.601622522335957801e-04
5.592946568213306166e-04
5.584284051658010024e-04
5.575634951857579187e-04
5.566999248031753549e-04
5.558376919432466215e-04
5.549767945343779540e-04
5.541172305081842843e-04
5.532589977994843613e-04
5.524020943462950054e-04
5.515465180898276388e-04
5.506922669744812376e-04
5.498393389478391886e-04
5.489877319606639760e-04
5.481374439668912184e-04
5.472884729236263080e-04
5.464408167911383391e-04
5.455944735328554455e-04
5.447494411153606811e-04
5.439057175083859483e-04
5.430633006848076608e-04
5.422221886206424072e-04
5.413823792950410961e-04
5.405438706902847279e-04
5.397066607917795156e-04
5.388707475880520062e-04
5.380361290707438762e-04
5.372028032346071614e-04
5.363707680775006790e-04
5.355400216003835222e-04
5.347105618073106151e-04
5.338823867054292432e-04
5.330554943049722232e-04
5.322298826192549751e-04
5.314055496646698847e-04
5.305824934606810997e-04
5.297607120298205175e-04
5.289402033976827984e-04
5.281209655929208118e-04
5.273029966472406486e-04
5.264862945953966344e-04
5.256708574751871007e-04
5.248566833274499396e-04
5.240437701960565329e-04
5.232321161279089323e-04
5.224217191729333548e-04
5.216125773840770384e-04
5.208046888173026041e-04
5.199980515315835022e-04
5.191926635888995676e-04
5.183885230542325737e-04
5.175856279955609205e-04
5.167839764838556230e-04
5.159835665930754319e-04
5.151843964001620634e-04
5.143864639850358623e-04
5.135897674305907063e-04
5.127943048226905366e-04
5.120000742501628526e-04
5.112070738047962181e-04
5.104153015813341901e-04
5.096247556774713069e-04
5.088354341938485350e-04
5.080473352340483893e-04
5.072604569045912476e-04
5.064747973149293873e-04
5.056903545774436241e-04
5.049071268074382165e-04
5.041251121231366374e-04
5.033443086456769119e-04
5.025647144991069555e-04
5.017863278103803452e-04
5.010091467093515495e-04
5.002331693287715916e-04
4.994583938042841459e-04
4.986848182744192497e-04
4.979124408805912436e-04
4.971412597670921574e-04
4.963712730810886748e-04
4.956024789726170372e-04
4.948348755945792491e-04
4.940684611027373321e-04
4.933032336557105057e-04
4.925391914149692242e-04
4.917763325448320328e-04
4.910146552124606883e-04
4.902541575878553888e-04
4.894948378438506538e-04
4.887366941561115292e-04
4.879797247031276248e-04
4.872239276662108367e-04
4.864693012294892763e-04
4.857158435799037465e-04
4.849635529072029170e-04
4.842124274039396378e-04
4.834624652654658981e-04
4.827136646899287602e-04
4.819660238782661854e-04
4.812195410342025347e-04
4.804742143642443401e-04
4.797300420776756972e-04
4.789870223865545242e-04
4.782451535057078459e-04
4.775044336527275112e-04
4.767648610479662354e-04
4.760264339145329929e-04
4.752891504782886796e-04
4.745530089678422648e-04
4.738180076145461828e-04
4.730841446524922675e-04
4.723514183185074152e-04
4.716198268521493023e-04
4.708893684957023737e-04
4.701600414941733432e-04
4.694318440952872365e-04
4.687047745494829455e-04
4.679788311099091630e-04
4.672540120324201541e-04
4.665303155755715276e-04
4.658077400006163334e-04
4.650862835715001290e-04
4.643659445548578893e-04
4.636467212200089658e-04
4.629286118389532370e-04
4.622116146863671513e-04
4.614957280395991191e-04
4.607809501786658268e-04
4.600672793862479537e-04
4.593547139476858898e-04
4.586432521509757241e-04
4.579328922867651245e-04
4.572236326483496518e-04
4.565154715316676638e-04
4.558084072352970627e-04
4.551024380604512293e-04
4.543975623109741441e-04
4.536937782933374058e-04
4.529910843166351899e-04
4.522894786925807788e-04
4.515889597355022254e-04
4.508895257623385042e-04
4.501911750926352825e-04
4.494939060485410721e-04
4.487977169548029461e-04
4.481026061387627444e-04
4.474085719303529541e-04
4.467156126620926431e-04
4.460237266690835031e-04
4.453329122890062179e-04
4.446431678621156377e-04
4.439544917312376361e-04
4.432668822417644471e-04
4.425803377416512503e-04
4.418948565814118882e-04
4.412104371141149632e-04
4.405270776953799342e-04
4.398447766833730511e-04
4.391635324388035058e-04
4.384833433249195832e-04
4.378042077075043788e-04
4.371261239548723289e-04
4.364490904378649826e-04
4.357731055298472069e-04
4.350981676067032294e-04
4.344242750468328435e-04
4.337514262311471260e-04
4.330796195430651843e-04
4.324088533685098196e-04
4.317391260959036782e-04
4.310704361161655108e-04
4.304027818227064320e-04
4.297361616114255293e-04
4.290705738807067192e-04
4.284060170314144640e-04
4.277424894668897608e-04
4.270799895929469430e-04
4.264185158178690721e-04
4.257580665524049023e-04
4.250986402097643811e-04
4.244402352056151251e-04
4.237828499580787887e-04
4.231264828877269978e-04
4.224711324175775551e-04
4.218167969730909710e-04
4.211634749821661808e-04
4.205111648751369666e-04
4.198598650847689220e-04
4.192095740462540849e-04
4.185602901972087695e-04
4.179120119776689578e-04
4.172647378300866684e-04
4.166184661993263777e-04
4.159731955326611717e-04
4.153289242797691678e-04
4.146856508927293408e-04
4.140433738260185410e-04
4.134020915365071579e-04
4.127618024834555418e-04
4.121225051285106974e-04
4.114841979357018384e-04
4.108468793714376227e-04
4.102105479045014364e-04
4.095752020060487914e-04
4.089408401496025551e-04
4.083074608110504565e-04
4.076750624686403162e-04
4.070436436029772269e-04
4.064132026970191628e-04
4.057837382360743772e-04
4.051552487077964698e-04
4.045277326021817841e-04
4.039011884115652337e-04
4.032756146306169407e-04
4.026510097563384418e-04
4.020273722880593806e-04
4.014047007274333342e-04
4.007829935784347768e-04
4.001622493473552854e-04
3.995424665427998534e-04
3.989236436756833670e-04
3.983057792592272438e-04
3.976888718089553135e-04
3.970729198426909985e-04
3.964579218805532480e-04
3.958438764449527438e-04
3.952307820605892438e-04
3.946186372544470823e-04
3.940074405557922430e-04
3.933971904961685098e-04
3.927878856093942688e-04
3.921795244315584420e-04
3.915721055010176147e-04
3.909656273583919151e-04
3.903600885465620331e-04
3.897554876106654252e-04
3.891518230980928455e-04
3.885490935584849301e-04
3.879472975437286736e-04
3.873464336079538513e-04
3.867465003075297664e-04
3.861474962010615639e-04
3.855494198493870320e-04
3.849522698155727536e-04
3.843560446649109071e-04
3.837607429649160691e-04
3.831663632853210392e-04
3.825729041980742385e-04
3.819803642773358064e-04
3.813887420994740768e-04
3.807980362430625964e-04
3.802082452888762222e-04
3.796193678198880850e-04
3.790314024212661746e-04
3.784443476803695449e-04
3.778582021867452783e-04
3.772729645321251245e-04
3.766886333104219227e-04
3.761052071177261864e-04
3.755226845523030135e-04
3.749410642145885623e-04
3.743603447071864199e-04
3.737805246348648372e-04
3.732016026045528257e-04
3.726235772253370677e-04
3.720464471084585553e-04
3.714702108673092291e-04
3.708948671174287261e-04
3.703204144765007469e-04
3.697468515643502376e-04
3.691741770029395944e-04
3.686023894163655739e-04
3.680314874308562032e-04
3.674614696747669309e-04
3.668923347785778082e-04
3.663240813748901278e-04
3.657567080984227919e-04
3.651902135860095474e-04
3.646245964765953539e-04
3.640598554112330770e-04
3.634959890330806691e-04
3.629329959873972664e-04
3.623708749215404784e-04
3.618096244849628644e-04
3.612492433292087890e-04
3.606897301079110612e-04
3.601310834767877363e-04
3.595733020936391338e-04
3.590163846183442057e-04
3.584603297128577176e-04
3.579051360412066705e-04
3.573508022694873738e-04
3.567973270658619757e-04
3.562447091005555900e-04
3.556929470458528269e-04
3.551420395760947028e-04
3.545919853676754961e-04
3.540427830990395489e-04
3.534944314506777976e-04
3.529469291051252791e-04
3.524002747469573904e-04
3.518544670627867985e-04
3.513095047412604591e-04
3.507653864730563638e-04
3.502221109508805042e-04
3.496796768694636196e-04
3.491380829255578901e-04
3.485973278179342800e-04
3.480574102473790689e-04
3.475183289166907069e-04
3.469800825306767252e-04
3.464426697961509711e-04
3.459060894219300299e-04
3.453703401188301355e-04
3.448354205996645677e-04
3.443013295792400749e-04
3.437680657743538920e-04
3.432356279037908136e-04
3.427040146883200493e-04
3.421732248506921341e-04
3.416432571156356214e-04
3.411141102098544267e-04
3.405857828620246835e-04
3.400582738027913281e-04
3.395315817647653889e-04
3.390057054825210592e-04
3.384806436925922820e-04
3.379563951334699310e-04
3.374329585455986664e-04
3.369103326713740617e-04
3.363885162551395682e-04
3.358675080431833162e-04
3.353473067837352967e-04
3.348279112269642163e-04
3.343093201249746249e-04
3.337915322318037170e-04
3.332745463034186752e-04
3.327583610977133638e-04
3.322429753745053467e-04
3.317283878955332318e-04
3.312145974244533634e-04
3.307016027268369499e-04
3.301894025701672983e-04
3.296779957238363994e-04
3.291673809591423800e-04
3.286575570492864125e-04
3.281485227693698424e-04
3.276402768963910432e-04
3.271328182092426528e-04
3.266261454887086453e-04
3.261202575174612954e-04
3.256151530800583055e-04
3.251108309629398784e-04
3.246072899544259521e-04
3.241045288447131105e-04
3.236025464258713842e-04
3.231013414918422456e-04
3.226009128384347050e-04
3.221012592633229802e-04
3.216023795660435686e-04
3.211042725479921578e-04
3.206069370124209144e-04
3.201103717644357741e-04
3.196145756109929721e-04
3.191195473608967118e-04
3.186252858247963461e-04
3.181317898151830707e-04
3.176390581463875928e-04
3.171470896345767159e-04
3.166558830977509549e-04
3.161654373557415540e-04
3.156757512302076139e-04
3.151868235446333272e-04
3.146986531243249965e-04
3.142112387964084868e-04
3.137245793898260811e-04
3.132386737353338784e-04
3.127535206654990293e-04
3.122691190146965911e-04
3.117854676191073602e-04
3.113025653167143477e-04
3.108204109473005575e-04
3.103390033524457332e-04
3.098583413755240813e-04
3.093784238617010730e-04
3.088992496579307879e-04
3.084208176129533117e-04
3.079431265772916465e-04
3.074661754032493254e-04
3.069899629449073224e-04
3.065144880581215591e-04
3.060397496005200311e-04
3.055657464314999352e-04
3.050924774122252300e-04
3.046199414056236540e-04
3.041481372763840153e-04
3.036770638909536981e-04
3.032067201175356265e-04
3.027371048260857171e-04
3.022682168883101682e-04
3.018000551776626409e-04
3.013326185693417656e-04
3.008659059402880517e-04
3.003999161691816113e-04
2.999346481364393397e-04
2.994701007242120969e-04
2.990062728163819968e-04
2.985431632985600220e-04
2.980807710580830969e-04
2.976190949840113223e-04
2.971581339671255364e-04
2.966978868999247125e-04
2.962383526766230860e-04
2.957795301931472813e-04
2.953214183471344683e-04
2.948640160379286225e-04
2.944073221665788982e-04
2.939513356358362675e-04
2.934960553501513524e-04
2.930414802156714425e-04
2.925876091402380562e-04
2.921344410333841755e-04
2.916819748063320238e-04
2.912302093719898672e-04
2.907791436449498460e-04
2.903287765414852106e-04
2.898791069795474476e-04
2.894301338787643829e-04
2.889818561604368748e-04
2.885342727475366455e-04
2.880873825647032455e-04
2.876411845382422644e-04
2.871956775961218618e-04
2.867508606679707614e-04
2.863067326850754859e-04
2.858632925803777556e-04
2.854205392884720483e-04
2.849784717456029979e-04
2.845370888896627914e-04
2.840963896601884594e-04
2.836563729983598153e-04
2.832170378469963659e-04
2.827783831505551425e-04
2.823404078551279366e-04
2.819031109084389687e-04
2.814664912598422862e-04
2.810305478603189445e-04
2.805952796624749468e-04
2.801606856205385342e-04
2.797267646903576913e-04
2.792935158293975988e-04
2.788609379967379228e-04
2.784290301530708092e-04
2.779977912606981729e-04
2.775672202835288249e-04
2.771373161870765750e-04
2.767080779384573043e-04
2.762795045063868508e-04
2.758515948611780827e-04
2.754243479747389462e-04
2.749977628205695383e-04
2.745718383737598845e-04
2.741465736109872280e-04
2.737219675105142950e-04
2.732980190521857168e-04
2.728747272174265122e-04
2.724520909892391598e-04
2.720301093522014299e-04
2.716087812924636736e-04
2.711881057977464380e-04
2.707680818573385143e-04
2.703487084620935228e-04
2.699299846044286117e-04
2.695119092783213131e-04
2.690944814793071573e-04
2.686777002044775592e-04
2.682615644524774328e-04
2.678460732235022636e-04
2.674312255192963202e-04
2.670170203431499432e-04
2.666034566998971606e-04
2.661905335959134102e-04
2.657782500391130467e-04
2.653666050389468477e-04
2.649555976064001703e-04
2.645452267539896989e-04
2.641354914957619272e-04
2.637263908472903392e-04
2.633179238256729698e-04
2.629100894495303990e-04
2.625028867390031499e-04
2.620963147157491947e-04
2.616903724029420578e-04
2.612850588252681053e-04
2.608803730089241050e-04
2.604763139816155463e-04
2.600728807725532252e-04
2.596700724124520509e-04
2.592678879335277940e-04
2.588663263694955139e-04
2.584653867555666861e-04
2.580650681284469249e-04
2.576653695263341945e-04
2.572662899889157739e-04
2.568678285573664671e-04
2.564699842743462725e-04
2.560727561839976725e-04
2.556761433319437900e-04
2.552801447652858408e-04
2.548847595326008027e-04
2.544899866839395717e-04
2.540958252708239813e-04
2.537022743462452297e-04
2.533093329646608988e-04
2.529170001819935443e-04
2.525252750556273348e-04
2.521341566444070220e-04
2.517436440086344711e-04
2.513537362100673597e-04
2.509644323119164674e-04
2.505757313788433446e-04
2.501876324769584155e-04
2.498001346738184299e-04
2.494132370384244575e-04
2.490269386412192316e-04
2.486412385540854686e-04
2.482561358503433744e-04
2.478716296047483677e-04
2.474877188934888027e-04
2.471044027941841264e-04
2.467216803858820594e-04
2.463395507490570785e-04
2.459580129656075429e-04
2.455770661188539056e-04
2.451967092935364908e-04
2.448169415758131087e-04
2.444377620532569412e-04
2.440591698148543735e-04
2.436811639510028527e-04
2.433037435535085843e-04
2.429269077155844173e-04
2.425506555318477037e-04
2.421749860983180209e-04
2.417998985124150582e-04
2.414253918729565020e-04
2.410514652801558138e-04
2.406781178356200070e-04
2.403053486423476143e-04
2.399331568047263839e-04
2.395615414285313276e-04
2.391905016209223901e-04
2.388200364904423888e-04
2.384501451470148455e-04
2.380808267019418449e-04
2.377120802679020021e-04
2.373439049589481042e-04
2.369762998905052128e-04
2.366092641793684419e-04
2.362427969437007347e-04
2.358768973030310478e-04
2.355115643782518307e-04
2.351467972916172094e-04
2.347825951667408179e-04
2.344189571285936304e-04
2.340558823035018734e-04
2.336933698191449393e-04
2.333314188045533533e-04
2.329700283901065775e-04
2.326091977075310058e-04
2.322489258898978220e-04
2.318892120716209133e-04
2.315300553884547285e-04
2.311714549774924890e-04
2.308134099771637501e-04
2.304559195272325839e-04
2.300989827687953306e-04
2.297425988442787547e-04
2.293867668974377140e-04
2.290314860733533167e-04
2.286767555184307803e-04
2.283225743803973709e-04
2.279689418083004522e-04
2.276158569525053442e-04
2.272633189646931274e-04
2.269113269978590710e-04
2.265598802063101659e-04
2.262089777456631739e-04
2.258586187728428378e-04
2.255088024460794700e-04
2.251595279249073254e-04
2.248107943701622979e-04
2.244626009439799690e-04
2.241149468097937642e-04
2.237678311323326220e-04
2.234212530776193682e-04
2.230752118129683840e-04
2.227297065069837637e-04
2.223847363295573625e-04
2.220403004518666282e-04
2.216963980463728127e-04
2.213530282868187489e-04
2.210101903482270891e-04
2.206678834068982991e-04
2.203261066404084900e-04
2.199848592276075748e-04
2.196441403486174254e-04
2.193039491848295687e-04
2.189642849189035875e-04
2.186251467347649245e-04
2.182865338176029314e-04
2.179484453538689981e-04
2.176108805312745745e-04
2.172738385387892185e-04
2.169373185666386176e-04
2.166013198063026102e-04
2.162658414505134238e-04
2.159308826932534520e-04
2.155964427297535747e-04
2.152625207564910705e-04
2.149291159711878276e-04
2.145962275728081491e-04
2.142638547615571256e-04
2.139319967388786847e-04
2.136006527074533947e-04
2.132698218711968387e-04
2.129395034352575544e-04
2.126096966060151913e-04
2.122804005910785587e-04
2.119516145992838370e-04
2.116233378406924364e-04
2.112955695265893434e-04
2.109683088694811154e-04
2.106415550830939554e-04
2.103153073823719782e-04
2.099895649834750957e-04
2.096643271037773094e-04
2.093395929618647588e-04
2.090153617775338782e-04
2.086916327717895268e-04
2.083684051668430095e-04
2.080456781861103697e-04
2.077234510542104375e-04
2.074017229969629596e-04
2.070804932413867019e-04
2.067597610156977417e-04
2.064395255493074895e-04
2.061197860728208181e-04
2.058005418180343285e-04
2.054817920179344249e-04
2.051635359066954179e-04
2.048457727196777622e-04
2.045285016934263493e-04
2.042117220656683115e-04
2.038954330753115862e-04
2.035796339624428280e-04
2.032643239683257013e-04
2.029495023353989562e-04
2.026351683072748558e-04
2.023213211287369542e-04
2.020079600457386595e-04
2.016950843054011468e-04
2.013826931560118135e-04
2.010707858470222188e-04
2.007593616290464036e-04
2.004484197538591557e-04
2.001379594743940853e-04
1.998279800447418629e-04
1.995184807201484851e-04
1.992094607570133499e-04
1.989009194128877386e-04
1.985928559464727019e-04
1.982852696176175419e-04
1.979781596873178334e-04
1.976715254177137979e-04
1.973653660720885140e-04
1.970596809148659665e-04
1.967544692116095825e-04
1.964497302290201983e-04
1.961454632349344878e-04
1.958416674983230645e-04
1.955383422892887474e-04
1.952354868790649614e-04
1.949331005400137316e-04
1.946311825456241657e-04
1.943297321705105289e-04
1.940287486904106998e-04
1.937282313821842180e-04
1.934281795238106583e-04
1.931285923943879229e-04
1.928294692741303984e-04
1.925308094443674376e-04
1.922326121875413000e-04
1.919348767872057417e-04
1.916376025280241459e-04
1.913407886957678146e-04
1.910444345773142615e-04
1.907485394606455581e-04
1.904531026348465724e-04
1.901581233901031254e-04
1.898636010177006089e-04
1.895695348100219252e-04
1.892759240605460512e-04
1.889827680638462486e-04
1.886900661155883029e-04
1.883978175125288694e-04
1.881060215525140098e-04
1.878146775344770238e-04
1.875237847584371750e-04
1.872333425254979564e-04
1.869433501378451928e-04
1.866538068987455773e-04
1.863647121125449366e-04
1.860760650846664417e-04
1.857878651216091721e-04
1.855001115309462989e-04
1.852128036213233778e-04
1.849259407024568037e-04
1.846395220851320491e-04
1.843535470812021734e-04
1.840680150035859796e-04
1.837829251662663878e-04
1.834982768842889720e-04
1.832140694737600353e-04
1.829303022518452820e-04
1.826469745367678384e-04
1.823640856478069255e-04
1.820816349052960421e-04
1.817996216306213392e-04
1.815180451462199932e-04
1.812369047755787695e-04
1.809561998432320982e-04
1.806759296747605830e-04
1.803960935967893753e-04
1.801166909369867372e-04
1.798377210240621174e-04
1.795591831877646060e-04
1.792810767588816064e-04
1.790034010692368024e-04
1.787261554516889116e-04
1.784493392401299502e-04
1.781729517694835259e-04
1.778969923757033197e-04
1.776214603957716222e-04
1.773463551676975991e-04
1.770716760305156106e-04
1.767974223242839372e-04
1.765235933900828017e-04
1.762501885700130673e-04
1.759772072071945847e-04
1.757046486457645930e-04
1.754325122308761202e-04
1.751607973086964653e-04
1.748895032264055724e-04
1.746186293321944853e-04
1.743481749752638838e-04
1.740781395058223224e-04
1.738085222750848473e-04
1.735393226352712891e-04
1.732705399396048535e-04
1.730021735423104131e-04
1.727342227986130175e-04
1.724666870647364829e-04
1.721995656979016852e-04
1.719328580563249875e-04
1.716665634992167494e-04
1.714006813867799720e-04
1.711352110802083731e-04
1.708701519416853032e-04
1.706055033343817123e-04
1.703412646224552020e-04
1.700774351710478832e-04
1.698140143462853469e-04
1.695510015152749018e-04
1.692883960461040568e-04
1.690261973078391116e-04
1.687644046705235028e-04
1.685030175051763950e-04
1.682420351837911354e-04
1.679814570793337902e-04
1.677212825657414645e-04
1.674615110179211361e-04
1.672021418117477587e-04
1.669431743240630149e-04
1.666846079326737709e-04
1.664264420163505051e-04
1.661686759548258979e-04
1.659113091287934226e-04
1.656543409199056109e-04
1.653977707107727240e-04
1.651415978849613984e-04
1.648858218269928018e-04
1.646304419223415495e-04
1.643754575574339692e-04
1.641208681196467192e-04
1.638666729973053244e-04
1.636128715796826582e-04
1.633594632569975065e-04
1.631064474204131577e-04
1.628538234620358581e-04
1.626015907749133480e-04
1.623497487530334521e-04
1.620982967913226164e-04
1.618472342856443625e-04
1.615965606327980414e-04
1.613462752305172066e-04
1.610963774774681781e-04
1.608468667732487138e-04
1.605977425183864377e-04
1.603490041143374302e-04
1.601006509634848732e-04
1.598526824691375589e-04
1.596050980355283994e-04
1.593578970678130710e-04
1.591110789720685782e-04
1.588646431552917895e-04
1.586185890253980553e-04
1.583729159912197174e-04
1.581276234625048072e-04
1.578827108499155014e-04
1.576381775650267123e-04
1.573940230203248680e-04
1.571502466292062862e-04
1.569068478059757648e-04
1.566638259658452805e-04
1.564211805249326342e-04
1.561789109002598239e-04
1.559370165097518799e-04
1.556954967722352923e-04
1.554543511074367641e-04
1.552135789359816937e-04
1.549731796793928193e-04
1.547331527600889452e-04
1.544934976013832882e-04
1.542542136274823665e-04
1.540153002634844814e-04
1.537767569353783897e-04
1.535385830700417584e-04
1.533007780952401347e-04
1.530633414396251845e-04
1.528262725327335532e-04
1.525895708049854302e-04
1.523532356876831928e-04
1.521172666130101055e-04
1.518816630140286937e-04
1.516464243246797949e-04
1.514115499797808243e-04
1.511770394150246629e-04
1.509428920669780589e-04
1.507091073730806245e-04
1.504756847716431283e-04
1.502426237018463569e-04
1.500099236037397328e-04
1.497775839182398773e-04
1.495456040871294184e-04
1.493139835530554727e-04
1.490827217595285068e-04
1.488518181509208198e-04
1.486212721724652962e-04
1.483910832702540778e-04
1.481612508912371815e-04
1.479317744832212521e-04
1.477026534948681262e-04
1.474738873756936393e-04
1.472454755760662162e-04
1.470174175472054620e-04
1.467897127411811316e-04
1.465623606109114766e-04
1.463353606101621882e-04
1.461087121935448791e-04
1.458824148165159724e-04
1.456564679353752380e-04
1.454308710072645453e-04
1.452056234901665899e-04
1.449807248429035107e-04
1.447561745251357791e-04
1.445319719973605450e-04
1.443081167209106616e-04
1.440846081579533298e-04
1.438614457714886886e-04
1.436386290253486772e-04
1.434161573841955439e-04
1.431940303135207889e-04
1.429722472796437821e-04
1.427508077497103537e-04
1.425297111916917639e-04
1.423089570743832398e-04
1.420885448674027822e-04
1.418684740411897563e-04
1.416487440670039161e-04
1.414293544169237509e-04
1.412103045638455094e-04
1.409915939814818716e-04
1.407732221443605666e-04
1.405551885278232070e-04
1.403374926080239876e-04
1.401201338619285474e-04
1.399031117673125058e-04
1.396864258027604052e-04
1.394700754476642748e-04
1.392540601822226276e-04
1.390383794874388884e-04
1.388230328451203906e-04
1.386080197378771026e-04
1.383933396491203265e-04
1.381789920630613431e-04
1.379649764647105173e-04
1.377512923398757259e-04
1.375379391751611652e-04
1.373249164579663480e-04
1.371122236764846670e-04
1.368998603197021480e-04
1.366878258773963656e-04
1.364761198401351155e-04
1.362647416992752482e-04
1.360536909469612602e-04
1.358429670761244806e-04
1.356325695804814721e-04
1.354224979545328648e-04
1.352127516935623002e-04
1.350033302936352376e-04
1.347942332515974367e-04
1.345854600650741174e-04
1.343770102324686041e-04
1.341688832529609439e-04
1.339610786265069847e-04
1.337535958538370740e-04
1.335464344364548127e-04
1.333395938766358888e-04
1.331330736774268583e-04
1.329268733426440606e-04
1.327209923768721820e-04
1.325154302854633073e-04
1.323101865745356727e-04
1.321052607509724732e-04
1.319006523224205345e-04
1.316963607972893914e-04
1.314923856847499055e-04
1.312887264947331268e-04
1.310853827379291822e-04
1.308823539257859749e-04
1.306796395705082622e-04
1.304772391850561380e-04
1.302751522831440843e-04
1.300733783792397782e-04
1.298719169885629806e-04
1.296707676270841001e-04
1.294699298115234605e-04
1.292694030593496751e-04
1.290691868887788602e-04
1.288692808187732802e-04
1.286696843690402631e-04
1.284703970600310893e-04
1.282714184129396095e-04
1.280727479497014310e-04
1.278743851929925088e-04
1.276763296662280611e-04
1.274785808935616476e-04
1.272811383998835707e-04
1.270840017108201977e-04
1.268871703527325238e-04
1.266906438527150888e-04
1.264944217385950546e-04
1.262985035389307151e-04
1.261028887830106554e-04
1.259075770008523973e-04
1.257125677232015309e-04
1.255178604815303332e-04
1.253234548080368730e-04
1.251293502356435477e-04
1.249355462979964324e-04
1.247420425294637350e-04
1.245488384651348749e-04
1.243559336408193983e-04
1.241633275930457590e-04
1.239710198590602067e-04
1.237790099768257843e-04
1.235872974850211624e-04
1.233958819230394194e-04
1.232047628309871745e-04
1.230139397496832589e-04
1.228234122206576867e-04
1.226331797861505697e-04
1.224432419891110884e-04
1.222535983731961901e-04
1.220642484827697086e-04
1.218751918629011713e-04
1.216864280593646879e-04
1.214979566186379068e-04
1.213097770879008905e-04
1.211218890150350447e-04
1.209342919486220476e-04
1.207469854379427255e-04
1.205599690329759951e-04
1.203732422843977796e-04
1.201868047435799381e-04
1.200006559625891813e-04
1.198147954941859603e-04
1.196292228918234497e-04
1.194439377096464508e-04
1.192589395024903063e-04
1.190742278258798440e-04
1.188898022360283330e-04
1.187056622898363450e-04
1.185218075448907926e-04
1.183382375594637363e-04
1.181549518925114630e-04
1.179719501036733477e-04
1.177892317532707828e-04
1.176067964023061750e-04
1.174246436124618345e-04
1.172427729460990122e-04
1.170611839662567209e-04
1.168798762366507460e-04
1.166988493216726563e-04
1.165181027863886786e-04
1.163376361965386683e-04
1.161574491185350655e-04
1.159775411194619195e-04
1.157979117670737365e-04
1.156185606297945175e-04
1.154394872767166744e-04
1.152606912776000674e-04
1.150821722028708935e-04
1.149039296236207251e-04
1.147259631116053706e-04
1.145482722392439671e-04
1.143708565796179095e-04
1.141937157064697525e-04
1.140168491942023031e-04
1.138402566178775359e-04
1.136639375532156178e-04
1.134878915765937961e-04
1.133121182650454367e-04
1.131366171962590485e-04
1.129613879485771985e-04
1.127864301009955502e-04
1.126117432331618333e-04
1.124373269253747733e-04
1.122631807585832239e-04
1.120893043143850285e-04
1.119156971750260719e-04
1.117423589233992908e-04
1.115692891430436029e-04
1.113964874181429721e-04
1.112239533335254461e-04
1.110516864746620045e-04
1.108796864276657322e-04
1.107079527792907486e-04
1.105364851169311909e-04
1.103652830286202527e-04
1.101943461030292207e-04
1.100236739294664184e-04
1.098532660978763386e-04
1.096831221988384776e-04
1.095132418235665356e-04
1.093436245639073194e-04
1.091742700123397934e-04
1.090051777619741036e-04
1.088363474065506023e-04
1.086677785404388855e-04
1.084994707586367497e-04
1.083314236567693240e-04
1.081636368310880542e-04
1.079961098784696456e-04
1.078288423964152360e-04
1.076618339830493794e-04
1.074950842371189891e-04
1.073285927579925515e-04
1.071623591456589877e-04
1.069963830007267589e-04
1.068306639244230263e-04
1.066652015185924314e-04
1.064999953856963778e-04
1.063350451288119872e-04
1.061703503516481868e-04
1.060059106585022190e-04
1.058417256542841170e-04
1.056777949445241593e-04
1.055141181353637619e-04
1.053506948335543807e-04
1.051875246464565222e-04
1.050246071820388490e-04
1.048619420488772040e-04
1.046995288561536753e-04
1.045373672136556612e-04
1.043754567317749482e-04
1.042137970215067358e-04
1.040523876944487146e-04
1.038912283628001988e-04
1.037303186393610967e-04
1.035696581375310292e-04
1.034092464713083951e-04
1.032490832552894629e-04
1.030891681046673815e-04
1.029295006352313536e-04
1.027700804633656324e-04
1.026109072060486007e-04
1.024519804808519030e-04
1.022932999059395377e-04
1.021348651000668269e-04
1.019766756825796309e-04
1.018187312734133445e-04
1.016610314930920439e-04
1.015035759627275105e-04
1.013463643040184181e-04
1.011893961392493023e-04
1.010326710912897482e-04
1.008761887835934545e-04
1.007199488401973396e-04
1.005639508857205652e-04
1.004081945453637374e-04
1.002526794449079713e-04
1.000974052107139690e-04
9.994237146972111238e-05
9.978757784944663567e-05
9.963302397798465011e-05
9.947870948400528996e-05
9.932463399675385877e-05
9.917079714604979930e-05
9.901719856228601599e-05
9.886383787642780423e-05
9.871071472001203726e-05
9.855782872514625814e-05
9.840517952450786657e-05
9.825276675134314314e-05
9.810059003946642263e-05
9.794864902325917241e-05
9.779694333766915219e-05
9.764547261820956023e-05
9.749423650095808466e-05
9.734323462255609028e-05
9.719246662020765643e-05
9.704193213167887214e-05
9.689163079529680624e-05
9.674156224994868059e-05
9.659172613508108405e-05
9.644212209069895608e-05
9.629274975736488193e-05
9.614360877619811693e-05
9.599469878887377332e-05
9.584601943762195285e-05
9.569757036522682527e-05
9.554935121502593708e-05
9.540136163090912741e-05
9.525360125731786387e-05
9.510606973924425327e-05
9.495876672223035040e-05
9.481169185236710097e-05
9.466484477629362329e-05
9.451822514119638161e-05
9.437183259480821029e-05
9.422566678540760909e-05
9.407972736181779451e-05
9.393401397340591372e-05
9.378852627008216365e-05
9.364326390229903206e-05
9.349822652105030819e-05
9.335341377787039158e-05
9.320882532483337052e-05
9.306446081455222244e-05
9.292031990017796009e-05
9.277640223539883194e-05
9.263270747443941419e-05
9.248923527205989246e-05
9.234598528355508599e-05
9.220295716475378363e-05
9.206015057201779510e-05
9.191756516224119206e-05
9.177520059284942724e-05
9.163305652179857543e-05
9.149113260757442553e-05
9.134942850919178930e-05
9.120794388619356632e-05
9.106667839864994430e-05
9.092563170715764020e-05
9.078480347283903287e-05
9.064419335734136339e-05
9.050380102283594910e-05
9.036362613201727554e-05
9.022366834810235947e-05
9.008392733482974602e-05
8.994440275645884458e-05
8.980509427776903436e-05
8.966600156405893254e-05
8.952712428114551336e-05
8.938846209536338984e-05
8.925001467356390573e-05
8.911178168311443084e-05
8.897376279189753428e-05
8.883595766831014421e-05
8.869836598126282961e-05
8.856098740017893283e-05
8.842382159499379717e-05
8.828686823615398082e-05
8.815012699461651142e-05
8.801359754184796456e-05
8.787727954982381320e-05
8.774117269102757390e-05
8.760527663845006142e-05
8.746959106558849424e-05
8.733411564644584404e-05
8.719885005552998193e-05
8.706379396785293300e-05
8.692894705893003610e-05
8.679430900477922556e-05
8.665987948192023158e-05
8.652565816737375350e-05
8.639164473866082290e-05
8.625783887380184130e-05
8.612424025131594323e-05
8.599084855022018305e-05
8.585766345002876249e-05
8.572468463075224459e-05
8.559191177289684896e-05
8.545934455746355732e-05
8.532698266594746297e-05
8.519482578033703898e-05
8.506287358311318946e-05
8.493112575724865332e-05
8.479958198620723172e-05
8.466824195394288008e-05
8.453710534489917950e-05
8.440617184400833392e-05
8.427544113669065509e-05
8.414491290885358678e-05
8.401458684689106784e-05
8.388446263768281391e-05
8.375453996859346360e-05
8.362481852747186020e-05
8.349529800265036053e-05
8.336597808294402175e-05
8.323685845764982889e-05
8.310793881654607144e-05
8.297921884989148953e-05
8.285069824842452853e-05
8.272237670336266143e-05
8.259425390640157572e-05
8.246632954971454992e-05
8.233860332595151850e-05
8.221107492823855685e-05
8.208374405017694619e-05
8.195661038584259078e-05
8.182967362978519124e-05
8.170293347702755336e-05
8.157638962306481558e-05
8.145004176386375788e-05
8.132388959586206987e-05
8.119793281596756479e-05
8.107217112155754252e-05
8.094660421047797643e-05
8.082123178104286287e-05
8.069605353203342156e-05
8.057106916269743152e-05
8.044627837274847214e-05
8.032168086236520486e-05
8.019727633219068204e-05
8.007306448333162863e-05
7.994904501735764261e-05
7.982521763630061220e-05
7.970158204265387564e-05
7.957813793937157062e-05
7.945488502986791603e-05
7.933182301801649367e-05
7.920895160814952997e-05
7.908627050505716413e-05
7.896377941398681119e-05
7.884147804064237596e-05
7.871936609118360248e-05
7.859744327222530156e-05
7.847570929083671381e-05
7.835416385454079132e-05
7.823280667131345231e-05
7.811163744958297126e-05
7.799065589822911152e-05
7.786986172658266455e-05
7.774925464442448769e-05
7.762883436198504336e-05
7.750860058994351817e-05
7.738855303942724013e-05
7.726869142201100104e-05
7.714901544971622979e-05
7.702952483501042315e-05
7.691021929080640038e-05
7.679109853046167981e-05
7.667216226777767924e-05
7.655341021699911964e-05
7.643484209281330686e-05
7.631645761034944046e-05
7.619825648517792249e-05
7.608023843330973413e-05
7.596240317119564963e-05
7.584475041572563995e-05
7.572727988422818166e-05
7.560999129446952503e-05
7.549288436465309777e-05
7.537595881341873250e-05
7.525921435984205693e-05
7.514265072343382973e-05
7.502626762413920874e-05
7.491006478233710043e-05
7.479404191883955004e-05
7.467819875489095551e-05
7.456253501216749833e-05
7.444705041277639810e-05
7.433174467925535687e-05
7.421661753457170540e-05
7.410166870212196938e-05
7.398689790573100217e-05
7.387230486965144262e-05
7.375788931856302392e-05
7.364365097757182824e-05
7.352958957220982587e-05
7.341570482843398084e-05
7.330199647262577653e-05
7.318846423159042962e-05
7.307510783255630736e-05
7.296192700317429057e-05
7.284892147151701474e-05
7.273609096607834145e-05
7.262343521577264006e-05
7.251095394993411017e-05
7.239864689831619876e-05
7.228651379109090908e-05
7.217455435884815012e-05
7.206276833259514026e-05
7.195115544375566192e-05
7.183971542416953300e-05
7.172844800609186149e-05
7.161735292219246270e-05
7.150642990555524943e-05
7.139567868967741876e-05
7.128509900846905910e-05
7.117469059625233698e-05
7.106445318776090077e-05
7.095438651813927079e-05
7.084449032294216171e-05
7.073476433813389978e-05
7.062520830008771810e-05
7.051582194558518742e-05
7.040660501181555204e-05
7.029755723637513354e-05
7.018867835726661246e-05
7.007996811289849976e-05
6.997142624208445923e-05
6.986305248404268400e-05
6.975484657839528676e-05
6.964680826516762206e-05
6.953893728478775782e-05
6.943123337808574345e-05
6.932369628629308134e-05
6.921632575104203562e-05
6.910912151436502239e-05
6.900208331869405398e-05
6.889521090686002069e-05
6.878850402209214874e-05
6.868196240801736322e-05
6.857558580865967827e-05
6.846937396843951948e-05
6.836332663217319528e-05
6.825744354507228711e-05
6.815172445274293115e-05
6.804616910118530329e-05
6.794077723679299574e-05
6.783554860635239360e-05
6.773048295704202435e-05
6.762558003643205640e-05
6.752083959248359434e-05
6.741626137354810977e-05
6.731184512836681786e-05
6.720759060607012171e-05
6.710349755617694826e-05
6.699956572859420620e-05
6.689579487361616255e-05
6.679218474192377859e-05
6.668873508458423552e-05
6.658544565305021617e-05
6.648231619915940355e-05
6.637934647513380327e-05
6.627653623357922848e-05
6.617388522748462228e-05
6.607139321022150206e-05
6.596905993554343095e-05
6.586688515758531309e-05
6.576486863086286507e-05
6.566301011027200611e-05
6.556130935108831588e-05
6.545976610896639760e-05
6.535838013993925462e-05
6.525715120041782958e-05
6.515607904719027262e-05
6.505516343742150770e-05
6.495440412865247364e-05
6.485380087879971753e-05
6.475335344615467650e-05
6.465306158938318977e-05
6.455292506752487527e-05
6.445294363999253331e-05
6.435311706657164516e-05
6.425344510741965473e-05
6.415392752306557558e-05
6.405456407440925906e-05
6.395535452272092000e-05
6.385629862964047260e-05
6.375739615717708323e-05
6.365864686770841146e-05
6.364640983572859357e-05
