0.000000000000000000e+00
1.525459889894843421e-03
3.049280263171258790e-03
6.093644080753910994e-03
9.131458985740126960e-03
1.216273467920190275e-02
4.211793583333428570e-02
7.143003344343579197e-02
1.001089013599382321e-01
1.281645509777168679e-01
2.120175103274030692e-01
2.901806910584795451e-01
3.629633838659494516e-01
4.306693081298680337e-01
4.935940305407327533e-01
5.765406032729163410e-01
6.509372028607391947e-01
7.175425103640027391e-01
7.770591608314769694e-01
8.301344607541054632e-01
8.400297164337915401e-01
8.496957396457244238e-01
8.505677009654518672e-01
8.514377886619111102e-01
8.523060060711624697e-01
8.540368422341700905e-01
8.557602369300776335e-01
8.561038772912744621e-01
8.564472222649543998e-01
8.571333186712112306e-01
8.571645541491487164e-01
8.571957872411970492e-01
8.572582483520448937e-01
8.572676766802533876e-01
8.572771048046445852e-01
8.572773014261838576e-01
8.572772361771440197e-01
8.572771709281120645e-01
8.572771056790868816e-01
8.572770404300663616e-01
8.572769099320390884e-01
8.572767794340272474e-01
8.572766489360381659e-01
8.572753439573963519e-01
8.572740389810247219e-01
8.572727340069233870e-01
8.572596843907822617e-01
8.572466350016753056e-01
8.572335858395982999e-01
8.572205369045478029e-01
8.570900600395900959e-01
8.569596058728103927e-01
8.568291744001769183e-01
8.566987656176587862e-01
8.553959248625685463e-01
8.540953486904101499e-01
8.527970330822268741e-01
8.515009740261607618e-01
8.502071675175095766e-01
8.422173602566909167e-01
8.343134330786529107e-01
8.264944432832378451e-01
8.187594585506071665e-01
8.111075568255640134e-01
8.035378262044807762e-01
7.960493648235758002e-01
7.886412807483270671e-01
7.813126918641069008e-01
7.740627257680202655e-01
7.668905196619340003e-01
7.597952202466851102e-01
7.527759836174545693e-01
7.458319751602927594e-01
7.389623694497854389e-01
7.321663501478461455e-01
7.254431099036248165e-01
7.187918502545168620e-01
7.122117815275788022e-01
7.057021227431006238e-01
6.992621015216741176e-01
6.928909539855780952e-01
6.865879246663382229e-01
6.803522664122706454e-01
6.741832402968772620e-01
6.680801155282494186e-01
6.620421693594715773e-01
6.560686870000091986e-01
6.501589617432284030e-01
6.443122943374470779e-01
6.385279932289162907e-01
6.328053745861763613e-01
6.271437621053560507e-01
6.215424869274100983e-01
6.160008875561371333e-01
6.105183097770796596e-01
6.050941065773213223e-01
5.997276380661668016e-01
5.944182713966956744e-01
5.891653806881798072e-01
5.839683469493568424e-01
5.788265580025466761e-01
5.737394084086061552e-01
5.687062993927081145e-01
5.637266387709400917e-01
5.587998408777097303e-01
5.539253264939513199e-01
5.491025227761219263e-01
5.443308631859808955e-01
5.396097874211415180e-01
5.349387413463885244e-01
5.303171769257524204e-01
5.257445521553306689e-01
5.212203309968506115e-01
5.167439833119626957e-01
5.123149847972584547e-01
5.079328165615026869e-01
5.035969662251611467e-01
4.993069265647660515e-01
4.950621959405024919e-01
4.908622782737619428e-01
4.867066830948714173e-01
4.825949251068715196e-01
4.785265243540937075e-01
4.745010062390610517e-01
4.705179010629053638e-01
4.665767450206832478e-01
4.626770789743714363e-01
4.588184488398815430e-01
4.550004055667445924e-01
4.512225050461896592e-01
4.474843080568743359e-01
4.437853802110410806e-01
4.401252919012766940e-01
4.365036182478632121e-01
4.329199390467086683e-01
4.293738387178490656e-01
4.258649062545202257e-01
4.223927351727891910e-01
4.189569234617404048e-01
4.155570735358045664e-01
4.121927921814798612e-01
4.088636905127117083e-01
4.055693839238683762e-01
4.023094920409675535e-01
3.990836386754255116e-01
3.958914517780106612e-01
3.927325633932549076e-01
3.896066096143667723e-01
3.865132305386402289e-01
3.834520702233554790e-01
3.804227766421651169e-01
3.774250016419615217e-01
3.744584009002178693e-01
3.715226338827998798e-01
3.686173638022429144e-01
3.657422575764874284e-01
3.628969857880696148e-01
3.600812226437615227e-01
3.572946459346559855e-01
3.545369369966900885e-01
3.518077806716053413e-01
3.491068652683360085e-01
3.464338825248240994e-01
3.437885275702540766e-01
3.411704988877042322e-01
3.385794982772089567e-01
3.360152308192281834e-01
3.334774048385190648e-01
3.309657318684056104e-01
3.284799266154420083e-01
3.260197069244650803e-01
3.235847937440317068e-01
3.211749110922370032e-01
3.187897860229090274e-01
3.164291485921756353e-01
3.140927318253998735e-01
3.117802716844794708e-01
3.094915070355065967e-01
3.072261796167836678e-01
3.049840340071916511e-01
3.027648175949068099e-01
3.005682805464615637e-01
2.983941757761470748e-01
2.962422589157518993e-01
2.941122882846345377e-01
2.920040248601254995e-01
2.899172322482552189e-01
2.878516766548048222e-01
2.858071268566752532e-01
2.837833541735721443e-01
2.817801324400023288e-01
2.797972379775791607e-01
2.778344495676324244e-01
2.758915484241202809e-01
2.739683181668395306e-01
2.720645447949309181e-01
2.701800166606762588e-01
2.683145244435840016e-01
2.664678611247608964e-01
2.646398219615652136e-01
2.628302044625394074e-01
2.610388083626191680e-01
2.592654355986150350e-01
2.575098902849647375e-01
2.557719786897517111e-01
2.540515092109889017e-01
2.523482923531628064e-01
2.506621407040362515e-01
2.489928689117070770e-01
2.473402936619187864e-01
2.457042336556214401e-01
2.440845095867802961e-01
2.424809441204276717e-01
2.408933618709576951e-01
2.393215893806594496e-01
2.377654550984869553e-01
2.362247893590626591e-01
2.346994243619125453e-01
2.331891941509297572e-01
2.316939345940645101e-01
2.302134833632376032e-01
2.287476799144751993e-01
2.272963654682627066e-01
2.258593829901147099e-01
2.244365771713589808e-01
2.230277944101322352e-01
2.216328827925852507e-01
2.202516920742949857e-01
2.188840736618812288e-01
2.175298805948261416e-01
2.161889675274935585e-01
2.148611907113469610e-01
2.135464079773626289e-01
2.122444787186371640e-01
2.109552638731858054e-01
2.096786259069312319e-01
2.084144287968788811e-01
2.071625380144778428e-01
2.059228205091653552e-01
2.046951446920919904e-01
2.034793804200265843e-01
2.022753989794381924e-01
2.010830730707535152e-01
1.999022767927874367e-01
1.987328856273455902e-01
1.975747764239960125e-01
1.964278273850088019e-01
1.952919180504616159e-01
1.941669292835089822e-01
1.930527432558144796e-01
1.919492434331425690e-01
1.908563145611099354e-01
1.897738426510929832e-01
1.887017149662913451e-01
1.876398200079441025e-01
1.865880475016987172e-01
1.855462883841291211e-01
1.845144347894031311e-01
1.834923800360962753e-01
1.824800186141510572e-01
1.814772461719796059e-01
1.804839595037088240e-01
1.795000565365654777e-01
1.785254363184006210e-01
1.775599990053515209e-01
1.766036458496390016e-01
1.756562791874996532e-01
1.747178024272507679e-01
1.737881200374866708e-01
1.728671375354053630e-01
1.719547614752632847e-01
1.710508994369576985e-01
1.701554600147345275e-01
1.692683528060206499e-01
1.683894884003793169e-01
1.675187783685870291e-01
1.666561352518309558e-01
1.658014725510250365e-01
1.649547047162440438e-01
1.641157471362738873e-01
1.632845161282771018e-01
1.624609289275719404e-01
1.616449036775244597e-01
1.608363594195514057e-01
1.600352160832337334e-01
1.592413944765387057e-01
1.584548162761496848e-01
1.576754040179026151e-01
1.569030810873277282e-01
1.561377717102954421e-01
1.553794009437652612e-01
1.546278946666366505e-01
1.538831795707006345e-01
1.531451831516909556e-01
1.524138337004340982e-01
1.516890602940963728e-01
1.509707927875277855e-01
1.502589618047010800e-01
1.495534987302449825e-01
1.488543357010708723e-01
1.481614055980916556e-01
1.474746420380317058e-01
1.467939793653272318e-01
1.461193526441155743e-01
1.454506976503131266e-01
1.447879508637800461e-01
1.441310494605716475e-01
1.434799313052749492e-01
1.428345349434297362e-01
1.421947995940328613e-01
1.415606651421255635e-01
1.409320721314618607e-01
1.403089617572581549e-01
1.396912758590225789e-01
1.390789569134630033e-01
1.384719480274736458e-01
1.378701929311987318e-01
1.372736359711722864e-01
1.366822221035339235e-01
1.360958968873191011e-01
1.355146064778232629e-01
1.349382976200392825e-01
1.343669176421668499e-01
1.338004144491936609e-01
1.332387365165472459e-01
1.326818328838164918e-01
1.321296531485424697e-01
1.315821474600779306e-01
1.310392665135138301e-01
1.305009615436731607e-01
1.299671843191710363e-01
1.294378871365398642e-01
1.289130228144192425e-01
1.283925446878102505e-01
1.278764066023925783e-01
1.273645629089044662e-01
1.268569684575844569e-01
1.263535785926744870e-01
1.258543491469833464e-01
1.253592364365101741e-01
1.248681972551270447e-01
1.243811888693202167e-01
1.238981690129893065e-01
1.234190958823035561e-01
1.229439281306150544e-01
1.224726248634277065e-01
1.220051456334217826e-01
1.215414504355332714e-01
1.210814997020872030e-01
1.206252542979849018e-01
1.201726755159440302e-01
1.197237250717910484e-01
1.192783650998057027e-01
1.188365581481165834e-01
1.183982671741474479e-01
1.179634555401138513e-01
1.175320870085690972e-01
1.171041257379995815e-01
1.166795362784682211e-01
1.162582835673064002e-01
1.158403329248528096e-01
1.154256500502395949e-01
1.150142010172248430e-01
1.146059522700708239e-01
1.142008706194677092e-01
1.137989232385023669e-01
1.134000776586711473e-01
1.130043017659370236e-01
1.126115637968298638e-01
1.122218323345897106e-01
1.118350763053526375e-01
1.114512649743785166e-01
1.110703679423203499e-01
1.106923551415346652e-01
1.103171968324326846e-01
1.099448635998713508e-01
1.095753263495846119e-01
1.092085563046534674e-01
1.088445250020152744e-01
1.084832042890112730e-01
1.081245663199723317e-01
1.077685835528421066e-01
1.074152287458374627e-01
1.070644749541457275e-01
1.067162955266582614e-01
1.063706641027399868e-01
1.060275546090344995e-01
1.056869412563045396e-01
1.053487985363068397e-01
1.050131012187018875e-01
1.046798243479973856e-01
1.043489432405255019e-01
1.040204334814533171e-01
1.036942709218263703e-01
1.033704316756446084e-01
1.030488921169705058e-01
1.027296288770692817e-01
1.024126188415802607e-01
1.020978391477196379e-01
1.017852671815140803e-01
1.014748805750644578e-01
1.011666572038401601e-01
1.008605751840028486e-01
1.005566128697598927e-01
1.002547488507468526e-01
9.995496194943878643e-02
9.965723121859021427e-02
9.936153593870294953e-02
9.906785561552225450e-02
9.877616997756011319e-02
9.848645897364620427e-02
9.819870277050547769e-02
9.791288175036270969e-02
9.762897650857310650e-02
9.734696785127947005e-02
9.706683679309462132e-02
9.678856455480974730e-02
9.651213256112783911e-02
9.623752243842211007e-02
9.596471601251897743e-02
9.569369530650571887e-02
9.542444253856199876e-02
9.515694011981554179e-02
9.489117065222106573e-02
9.462711692646294526e-02
9.436476191988078799e-02
9.410408879441777008e-02
9.384508089459182856e-02
9.358772174548883604e-02
9.333199505077824365e-02
9.307788469075031768e-02
9.282537472037506732e-02
9.257444936738262742e-02
9.232509303036463832e-02
9.207729027689658119e-02
9.183102584168088833e-02
9.158628462471041232e-02
9.134305168945205944e-02
9.110131226105051827e-02
9.086105172455177792e-02
9.062225562314611682e-02
9.038490965643057595e-02
9.014899967869040298e-02
8.991451169719955061e-02
8.968143187053984056e-02
8.944974650693858498e-02
8.921944206262458210e-02
8.899050514020225011e-02
8.876292248704349686e-02
8.853668099369750577e-02
8.831176769231788293e-02
8.808816975510724845e-02
8.786587449277873108e-02
8.764486935303467119e-02
8.742514191906194942e-02
8.720667990804381597e-02
8.698947116968830384e-02
8.677350368477254605e-02
8.655876556370346864e-02
8.634524504509402676e-02
8.613293049435533089e-02
8.592181040230416345e-02
8.571187338378585818e-02
8.550310817631233407e-02
8.529550363871513108e-02
8.508904874981329525e-02
8.488373260709594637e-02
8.467954442541913984e-02
8.447647353571756390e-02
8.427450938372982314e-02
8.407364152873818275e-02
8.387385964232203783e-02
8.367515350712509403e-02
8.347751301563618997e-02
8.328092816898344242e-02
8.308538907574181120e-02
8.289088595075359833e-02
8.269740911396214478e-02
8.250494898925821163e-02
8.231349610333911493e-02
8.212304108458044760e-02
8.193357466192020822e-02
8.174508766375511437e-02
8.155757101684933674e-02
8.137101574525491821e-02
8.118541296924419726e-02
8.100075390425420796e-02
8.081702985984232090e-02
8.063423223865369416e-02
8.045235253539989584e-02
8.027138233584887872e-02
8.009131331582600155e-02
7.991213724022615261e-02
7.973384596203664243e-02
7.955643142137085178e-02
7.937988564451267659e-02
7.920420074297124247e-02
7.902936891254624951e-02
7.885538243240346190e-02
7.868223366415406927e-02
7.850991505095407386e-02
7.833841911663652624e-02
7.816773846479040111e-02
7.799786577789739883e-02
7.782879381646834460e-02
7.766051541818771997e-02
7.749302349706760351e-02
7.732631104261079857e-02
7.716037111898320366e-02
7.699519686419555031e-02
7.683078148929363416e-02
7.666711827755801067e-02
7.650420058371214249e-02
7.634202183313935908e-02
7.618057552110847619e-02
7.601985521200795015e-02
7.585985453858837269e-02
7.570056720121332017e-02
7.554198696711859895e-02
7.538410766967935939e-02
7.522692320768563368e-02
7.507042754462554812e-02
7.491461470797654287e-02
7.475947878850441874e-02
7.460501393957004457e-02
7.445121437644371121e-02
7.429807437562707673e-02
7.414558827418249454e-02
7.399375046906984943e-02
7.384255541649047128e-02
7.369199763123852887e-02
7.354207168605936262e-02
7.339277221101506155e-02
7.324409389285674310e-02
7.309603147440411897e-02
7.294857975393154170e-02
7.280173358456105970e-02
7.265548787366192529e-02
7.250983758225700015e-02
7.236477772443528078e-02
7.222030336677147389e-02
7.207640962775128946e-02
7.193309167720360331e-02
7.179034473573854547e-02
7.164816407419197231e-02
7.150654501307583677e-02
7.136548292203491461e-02
7.122497321930915115e-02
7.108501137120214197e-02
7.094559289155555337e-02
7.080671334122899674e-02
7.066836832758598141e-02
7.053055350398530765e-02
7.039326456927803843e-02
7.025649726731024447e-02
7.012024738643093946e-02
6.998451075900563589e-02
6.984928326093504947e-02
6.971456081117931303e-02
6.958033937128736690e-02
6.944661494493134524e-02
6.931338357744641632e-02
6.918064135537531356e-02
6.904838440601819560e-02
6.891660889698733583e-02
6.878531103576659977e-02
6.865448706927597400e-02
6.852413328344078569e-02
6.839424600276555744e-02
6.826482158991273308e-02
6.813585644528605267e-02
6.800734700661821563e-02
6.787928974856349829e-02
6.775168118229442371e-02
6.762451785510334434e-02
6.749779635000785483e-02
6.737151328536108985e-02
6.724566531446593554e-02
6.712024912519359843e-02
6.699526143960649049e-02
6.687069901358499990e-02
6.674655863645863330e-02
6.662283713064105772e-02
6.649953135126923653e-02
6.637663818584639552e-02
6.625415455388920793e-02
6.613207740657851830e-02
6.601040372641413245e-02
6.588913052687325744e-02
6.576825485207289657e-02
6.564777377643578327e-02
6.552768440435997876e-02
6.540798386989227220e-02
6.528866933640506409e-02
6.516973799627674702e-02
6.505118707057561123e-02
6.493301380874746953e-02
6.481521548830643242e-02
6.469778941452905552e-02
6.458073292015219236e-02
6.446404336507377542e-02
6.434771813605721924e-02
6.423175464643871013e-02
6.411615033583821510e-02
6.400090266987308596e-02
6.388600913987531327e-02
6.377146726261159748e-02
6.365727458000652872e-02
6.354342865886901393e-02
6.342992709062142409e-02
6.331676749103194723e-02
6.320394749994968919e-02
6.309146478104295241e-02
6.297931702154010991e-02
6.286750193197344905e-02
6.275601724592595743e-02
6.264486071978060677e-02
6.253403013247268993e-02
6.242352328524463506e-02
6.231333800140378965e-02
6.220347212608250131e-02
6.209392352600119624e-02
6.198469008923383067e-02
6.187576972497605549e-02
6.176716036331578868e-02
6.165885995500647310e-02
6.155086647124270033e-02
6.144317790343836044e-02
6.133579226300722026e-02
6.122870758114588169e-02
6.112192190861919644e-02
6.101543331554797750e-02
6.090923989119905596e-02
6.080333974377763462e-02
6.069773100022199386e-02
6.059241180600036247e-02
6.048738032491008526e-02
6.038263473887892085e-02
6.027817324776865021e-02
6.017399406918071819e-02
6.007009543826406089e-02
5.996647560752506323e-02
5.986313284663961204e-02
5.976006544226711292e-02
5.965727169786668588e-02
5.955474993351533158e-02
5.945249848572801976e-02
5.935051570727990083e-02
5.924879996703034252e-02
5.914734964974895787e-02
5.904616315594354153e-02
5.894523890168987257e-02
5.884457531846342543e-02
5.874417085297289898e-02
5.864402396699555653e-02
5.854413313721448103e-02
5.844449685505744702e-02
5.834511362653771460e-02
5.824598197209648193e-02
5.814710042644712085e-02
5.804846753842109186e-02
5.795008187081554518e-02
5.785194200024262878e-02
5.775404651698046177e-02
5.765639402482564124e-02
5.755898314094751167e-02
5.746181249574396077e-02
5.736488073269877669e-02
5.726818650824060802e-02
5.717172849160348513e-02
5.707550536468885410e-02
5.697951582192908176e-02
5.688375857015255666e-02
5.678823232845021246e-02
5.669293582804345311e-02
5.659786781215371543e-02
5.650302703587320452e-02
5.640841226603731523e-02
5.631402228109825409e-02
5.621985587100015308e-02
5.612591183705550185e-02
5.603218899182298846e-02
5.593868615898660995e-02
5.584540217323618466e-02
5.575233588014916197e-02
5.565948613607360485e-02
5.556685180801270579e-02
5.547443177351031596e-02
5.538222492053789664e-02
5.529023014738265046e-02
5.519844636253681824e-02
5.510687248458837062e-02
5.501550744211268495e-02
5.492435017356558230e-02
5.483339962717741212e-02
5.474265476084839988e-02
5.465211454204507019e-02
5.456177794769782874e-02
5.447164396409968912e-02
5.438171158680610989e-02
5.429197982053584476e-02
5.420244767907304861e-02
5.411311418517027877e-02
5.402397837045267576e-02
5.393503927532315723e-02
5.384629594886863879e-02
5.375774744876731653e-02
5.366939284119693482e-02
5.358123120074408108e-02
5.349326161031446591e-02
5.340548316104417464e-02
5.331789495221193886e-02
5.323049609115232395e-02
5.314328569316983247e-02
5.305626288145406239e-02
5.296942678699571860e-02
5.288277654850354059e-02
5.279631131232215974e-02
5.271003023235085183e-02
5.262393247016768777e-02
5.253801719443478707e-02
5.245228358113196432e-02
5.236673081358259041e-02
5.228135808182648309e-02
5.219616458398736170e-02
5.211114952459372507e-02
5.202631211511194592e-02
5.194165157392105492e-02
5.185716712618952673e-02
5.177285800380349717e-02
5.168872344529553547e-02
5.160476269577429081e-02
5.152097500685481196e-02
5.143735963658967181e-02
5.135391584940089682e-02
5.127064291601259038e-02
5.118754011338426391e-02
5.110460672464497284e-02
5.102184203902813270e-02
5.093924535180704982e-02
5.085681596423112516e-02
5.077455318346285607e-02
5.069245632251542788e-02
5.061052470019104799e-02
5.052875764101986272e-02
5.044715447519970003e-02
5.036571453853638108e-02
5.028443717238460092e-02
5.020332172358960704e-02
5.012236754442948167e-02
5.004157399255792366e-02
4.996094043094790466e-02
4.988046622783564449e-02
4.980015075666541918e-02
4.971999339603495882e-02
4.963999352964130335e-02
4.956015054622735228e-02
4.948046383952901806e-02
4.940093280822291377e-02
4.932155685587456123e-02
4.924233539088730682e-02
4.916326782645167454e-02
4.908435358049530878e-02
4.900559207563347230e-02
4.892698273912008539e-02
4.884852500279929233e-02
4.877021830305757616e-02
4.869206208077633130e-02
4.861405578128509541e-02
4.853619885431507269e-02
4.845849075395342737e-02
4.838093093859784782e-02
4.830351887091174912e-02
4.822625401777989873e-02
4.814913585026456277e-02
4.807216384356208932e-02
4.799533747696001912e-02
4.791865623379460565e-02
4.784211960140887648e-02
4.776572707111103461e-02
4.768947813813345649e-02
4.761337230159205097e-02
4.753740906444604147e-02
4.746158793345823385e-02
4.738590841915577001e-02
4.731037003579114525e-02
4.723497230130384306e-02
4.715971473728224062e-02
4.708459686892600693e-02
4.700961822500891035e-02
4.693477833784198000e-02
4.686007674323713901e-02
4.678551298047113616e-02
4.671108659225001181e-02
4.663679712467383442e-02
4.656264412720183959e-02
4.648862715261798534e-02
4.641474575699688909e-02
4.634099949975922783e-02
4.626738794341385408e-02
4.619391065366078991e-02
4.612056719940384880e-02
4.604735715267244123e-02
4.597428008858975290e-02
4.590133558534123526e-02
4.582852322414328328e-02
4.575584258921241293e-02
4.568329326773468146e-02
4.561087484983550322e-02
4.553858692854973605e-02
4.546642909979211472e-02
4.539440096232803812e-02
4.532250211774464105e-02
4.525073217042215740e-02
4.517909072750563720e-02
4.510757739887699680e-02
4.503619179712727710e-02
4.496493353752929745e-02
4.489380223801056613e-02
4.482279751912647547e-02
4.475191900403381606e-02
4.468116631846455467e-02
4.461053909069995216e-02
4.454003695154483411e-02
4.446965953430232626e-02
4.439940647474864555e-02
4.432927741110843922e-02
4.425927198403008245e-02
4.418938983656146846e-02
4.411963061412602083e-02
4.404999396449888610e-02
4.398047953778345259e-02
4.391108698638810509e-02
4.384181596500323630e-02
4.377266613057851502e-02
4.370363714230037638e-02
4.363472866156978269e-02
4.356594035198019244e-02
4.349727187929582073e-02
4.342872291143009406e-02
4.336029311842434092e-02
4.329198217242670454e-02
4.322378974767136783e-02
4.315571552045785464e-02
4.308775916913071963e-02
4.301992037405928671e-02
4.295219881761778297e-02
4.288459418416553509e-02
4.281710616002750575e-02
4.274973443347493407e-02
4.268247869470624678e-02
4.261533863582818438e-02
4.254831395083708001e-02
4.248140433560040202e-02
4.241460948783844914e-02
4.234792910710623304e-02
4.228136289477563148e-02
4.221491055401766640e-02
4.214857178978499014e-02
4.208234630879454513e-02
4.201623381951048730e-02
4.195023403212718577e-02
4.188434665855249317e-02
4.181857141239111314e-02
4.175290800892825921e-02
4.168735616511336922e-02
4.162191559954409731e-02
4.155658603245038912e-02
4.149136718567883464e-02
4.142625878267705564e-02
4.136126054847841238e-02
4.129637220968674499e-02
4.123159349446134381e-02
4.116692413250209320e-02
4.110236385503471951e-02
4.103791239479622627e-02
4.097356948602056542e-02
4.090933486442432238e-02
4.084520826719258146e-02
4.078118943296511756e-02
4.071727810182248358e-02
4.065347401527240334e-02
4.058977691623630313e-02
4.052618654903592660e-02
4.046270265938010924e-02
4.039932499435179569e-02
4.033605330239502240e-02
4.027288733330215698e-02
4.020982683820130410e-02
4.014687156954369063e-02
4.008402128109139068e-02
4.002127572790501603e-02
3.995863466633160083e-02
3.989609785399266667e-02
3.983366504977232242e-02
3.977133601380554440e-02
3.970911050746658844e-02
3.964698829335747826e-02
3.958496913529670896e-02
3.952305279830795742e-02
3.946123904860900783e-02
3.939952765360071191e-02
3.933791838185615036e-02
3.927641100310988453e-02
3.921500528824726356e-02
3.915370100929395358e-02
3.909249793940546697e-02
3.903139585285687191e-02
3.897039452503261309e-02
3.890949373241642251e-02
3.884869325258131362e-02
3.878799286417972114e-02
3.872739234693375193e-02
3.866689148162549827e-02
3.860649005008748302e-02
3.854618783519322966e-02
3.848598462084786009e-02
3.842588019197886590e-02
3.836587433452693513e-02
3.830596683543693176e-02
3.824615748264884735e-02
3.818644606508902334e-02
3.812683237266133174e-02
3.806731619623848067e-02
3.800789732765347956e-02
3.794857555969106955e-02
3.788935068607939688e-02
3.783022250148160293e-02
3.777119080148768487e-02
3.771225538260631477e-02
3.765341604225676264e-02
3.759467257876096535e-02
3.753602479133561626e-02
3.747747248008439364e-02
3.741901544599019608e-02
3.736065349090754439e-02
3.730238641755502516e-02
3.724421402950777588e-02
3.718613613119012978e-02
3.712815252786830222e-02
3.707026302564310483e-02
3.701246743144281232e-02
3.695476555301607097e-02
3.689715719892491808e-02
3.683964217853775286e-02
3.678222030202256410e-02
3.672489138034007450e-02
3.666765522523709325e-02
3.661051164923975060e-02
3.655346046564701690e-02
3.649650148852417314e-02
3.643963453269630920e-02
3.638285941374202331e-02
3.632617594798707300e-02
3.626958395249815781e-02
3.621308324507669513e-02
3.615667364425279029e-02
3.610035496927912341e-02
3.604412704012496110e-02
3.598798967747031397e-02
3.593194270269998991e-02
3.587598593789784879e-02
3.582011920584103615e-02
3.576434232999435581e-02
3.570865513450461465e-02
3.565305744419505068e-02
3.559754908455989297e-02
3.554212988175884519e-02
3.548679966261179125e-02
3.543155825459336911e-02
3.537640548582776656e-02
3.532134118508348936e-02
3.526636518176816393e-02
3.521147730592349284e-02
3.515667738822014776e-02
3.510196525995278732e-02
3.504734075303508195e-02
3.499280369999483581e-02
3.493835393396915040e-02
3.488399128869962285e-02
3.482971559852756499e-02
3.477552669838929883e-02
3.472142442381159766e-02
3.466740861090698150e-02
3.461347909636919296e-02
3.455963571746873547e-02
3.450587831204834921e-02
3.445220671851863259e-02
3.439862077585367772e-02
3.434512032358672667e-02
3.429170520180590404e-02
3.423837525114999114e-02
3.418513031280422110e-02
3.413197022849612933e-02
3.407889484049148737e-02
3.402590399159018120e-02
3.397299752512222132e-02
3.392017528494380152e-02
3.386743711543329510e-02
3.381478286148738299e-02
3.376221236851720958e-02
3.370972548244455941e-02
3.365732204969806851e-02
3.360500191720949131e-02
3.355276493241001606e-02
3.350061094322656641e-02
3.344853979807819316e-02
3.339655134587250079e-02
3.334464543600206693e-02
3.329282191834095905e-02
3.324108064324122341e-02
3.318942146152945721e-02
3.313784422450340161e-02
3.308634878392854861e-02
3.303493499203482425e-02
3.298360270151325796e-02
3.293235176551275595e-02
3.288118203763680525e-02
3.283009337194029570e-02
3.277908562292634193e-02
3.272815864554314003e-02
3.267731229518088670e-02
3.262654642766864288e-02
3.257586089927132222e-02
3.252525556668667966e-02
3.247473028704232767e-02
3.242428491789274558e-02
3.237391931721638610e-02
3.232363334341276789e-02
3.227342685529961674e-02
3.222329971211002064e-02
3.217325177348961257e-02
3.212328289949380883e-02
3.207339295058500572e-02
3.202358178762993585e-02
3.197384927189689252e-02
3.192419526505308608e-02
3.187461962916203484e-02
3.182512222668087282e-02
3.177570292045781702e-02
3.172636157372957927e-02
3.167709805011879876e-02
3.162791221363159960e-02
3.157880392865501651e-02
3.152977305995458002e-02
3.148081947267186709e-02
3.143194303232203085e-02
3.138314360479152465e-02
3.133442105633561098e-02
3.128577525357607858e-02
3.123720606349890405e-02
3.118871335345196200e-02
3.114029699114271785e-02
3.109195684463601436e-02
3.104369278235180260e-02
3.099550467306295964e-02
3.094739238589307856e-02
3.089935579031430346e-02
3.085139475614519580e-02
3.080350915354859373e-02
3.075569885302951653e-02
3.070796372543308297e-02
3.066030364194244351e-02
3.061271847407671942e-02
3.056520809368901137e-02
3.051777237296439058e-02
3.047041118441787266e-02
3.042312440089250600e-02
3.037591189555739757e-02
3.032877354190578051e-02
3.028170921375313018e-02
3.023471878523525599e-02
3.018780213080642788e-02
3.014095912523753057e-02
3.009418964361422130e-02
3.004749356133511531e-02
3.000087075410998519e-02
2.995432109795797757e-02
2.990784446920583678e-02
2.986144074448617361e-02
2.981510980073571668e-02
2.976885151519359854e-02
2.972266576539966954e-02
2.967655242919278735e-02
2.963051138470919332e-02
2.958454251038078811e-02
2.953864568493357740e-02
2.949282078738599613e-02
2.944706769704733343e-02
2.940138629351611924e-02
2.935577645667855270e-02
2.931023806670696522e-02
2.926477100405825219e-02
2.921937514947233958e-02
2.917405038397068856e-02
2.912879658885477244e-02
2.908361364570459517e-02
2.903850143637722730e-02
2.899345984300532447e-02
2.894848874799569455e-02
2.890358803402787169e-02
2.885875758405266958e-02
2.881399728129080406e-02
2.876930700923146372e-02
2.872468665163098109e-02
2.868013609251141363e-02
2.863565521615921150e-02
2.859124390712387831e-02
2.854690205021662153e-02
2.850262953050904796e-02
2.845842623333186619e-02
2.841429204427356470e-02
2.837022684917916635e-02
2.832623053414890305e-02
2.828230298553702921e-02
2.823844408995049293e-02
2.819465373424777377e-02
2.815093180553761634e-02
2.810727819117781259e-02
2.806369277877401522e-02
2.802017545617854419e-02
2.797672611148920713e-02
2.793334463304810236e-02
2.789003090944049829e-02
2.784678482949365722e-02
2.780360628227569048e-02
2.776049515709446205e-02
2.771745134349642981e-02
2.767447473126555604e-02
2.763156521042221467e-02
2.758872267122207747e-02
2.754594700415506636e-02
2.750323809994425009e-02
2.746059584954480340e-02
2.741802014414294539e-02
2.737551087515491255e-02
2.733306793422590406e-02
2.729069121322906868e-02
2.724838060426449174e-02
2.720613599965817503e-02
2.716395729196106890e-02
2.712184437394804179e-02
2.707979713861693311e-02
2.703781547918757133e-02
2.699589928910079567e-02
2.695404846201752275e-02
2.691226289181778905e-02
2.687054247259982112e-02
2.682888709867908145e-02
2.678729666458736988e-02
2.674577106507190077e-02
2.670431019509440437e-02
2.666291394983019702e-02
2.662158222466732074e-02
2.658031491520565157e-02
2.653911191725601484e-02
2.649797312683932829e-02
2.645689844018572420e-02
2.641588775373371334e-02
2.637494096412931407e-02
2.633405796822523362e-02
2.629323866308002494e-02
2.625248294595726103e-02
2.621179071432471266e-02
2.617116186585354692e-02
2.613059629841749457e-02
2.609009391009208326e-02
2.604965459915382572e-02
2.600927826407944607e-02
2.596896480354507139e-02
2.592871411642549626e-02
2.588852610179338473e-02
2.584840065891852098e-02
2.580833768726708416e-02
2.576833708650082960e-02
2.572839875647640537e-02
2.568852259724461670e-02
2.564870850904964195e-02
2.560895639232836293e-02
2.556926614770962947e-02
2.552963767601352726e-02
2.549007087825069448e-02
2.545056565562160700e-02
2.541112190951588107e-02
2.537173954151160024e-02
2.533241845337460413e-02
2.529315854705782227e-02
2.525395972470060105e-02
2.521482188862803411e-02
2.517574494135029275e-02
2.513672878556195978e-02
2.509777332414139459e-02
2.505887846015008094e-02
2.502004409683196429e-02
2.498127013761282725e-02
2.494255648609966861e-02
2.490390304608004410e-02
2.486530972152147315e-02
2.482677641657077619e-02
2.478830303555352305e-02
2.474988948297336677e-02
2.471153566351146427e-02
2.467324148202586914e-02
2.463500684355094533e-02
2.459683165329675306e-02
2.455871581664847633e-02
2.452065923916585052e-02
2.448266182658256213e-02
2.444472348480567978e-02
2.440684411991509914e-02
2.436902363816294964e-02
2.433126194597307057e-02
2.429355894994040740e-02
2.425591455683049485e-02
2.421832867357889829e-02
2.418080120729065516e-02
2.414333206523974415e-02
2.410592115486854745e-02
2.406856838378731295e-02
2.403127365977364080e-02
2.399403689077191440e-02
2.395685798489283549e-02
2.391973685041285172e-02
2.388267339577368822e-02
2.384566752958178909e-02
2.380871916060786284e-02
2.377182819778632383e-02
2.373499455021483434e-02
2.369821812715378756e-02
2.366149883802580456e-02
2.362483659241527284e-02
2.358823130006782939e-02
2.355168287088990273e-02
2.351519121494820286e-02
2.347875624246928764e-02
2.344237786383903191e-02
2.340605598960220773e-02
2.336979053046199864e-02
2.333358139727952432e-02
2.329742850107339655e-02
2.326133175301925773e-02
2.322529106444930561e-02
2.318930634685187342e-02
2.315337751187096851e-02
2.311750447130581088e-02
2.308168713711041681e-02
2.304592542139313749e-02
2.301021923641623224e-02
2.297456849459543482e-02
2.293897310849951285e-02
2.290343299084985490e-02
2.286794805452003684e-02
2.283251821253537081e-02
2.279714337807254784e-02
2.276182346445917298e-02
2.272655838517333854e-02
2.269134805384326325e-02
2.265619238424684476e-02
2.262109129031125709e-02
2.258604468611254482e-02
2.255105248587524480e-02
2.251611460397194564e-02
2.248123095492293375e-02
2.244640145339577009e-02
2.241162601420490508e-02
2.237690455231128306e-02
2.234223698282197801e-02
2.230762322098978068e-02
2.227306318221283776e-02
2.223855678203424946e-02
2.220410393614171210e-02
2.216970456036712958e-02
2.213535857068624560e-02
2.210106588321827242e-02
2.206682641422551272e-02
2.203264008011301262e-02
2.199850679742818005e-02
2.196442648286042743e-02
2.193039905324079344e-02
2.189642442554163432e-02
2.186250251687621091e-02
2.182863324449836259e-02
2.179481652580216380e-02
2.176105227832155278e-02
2.172734041972998464e-02
2.169368086784010871e-02
2.166007354060339729e-02
2.162651835610981607e-02
2.159301523258749106e-02
2.155956408840234775e-02
2.152616484205780237e-02
2.149281741219440101e-02
2.145952171758951782e-02
2.142627767715698725e-02
2.139308520994680565e-02
2.135994423514478435e-02
2.132685467207223740e-02
2.129381644018564154e-02
2.126082945907634830e-02
2.122789364847021965e-02
2.119500892822733656e-02
2.116217521834167642e-02
2.112939243894079375e-02
2.109666051028552883e-02
2.106397935276965033e-02
2.103134888691958818e-02
2.099876903339411779e-02
2.096623971298402708e-02
2.093376084661184577e-02
2.090133235533151584e-02
2.086895416032809661e-02
2.083662618291747329e-02
2.080434834454605170e-02
2.077212056679045293e-02
2.073994277135723235e-02
2.070781488008256732e-02
2.067573681493199353e-02
2.064370849800007193e-02
2.061172985151013201e-02
2.057980079781396993e-02
2.054792125939157443e-02
2.051609115885080770e-02
2.048431041892716936e-02
2.045257896248346349e-02
2.042089671250955571e-02
2.038926359212208175e-02
2.035767952456414565e-02
2.032614443320508377e-02
2.029465824154015260e-02
2.026322087319027895e-02
2.023183225190175807e-02
2.020049230154602124e-02
2.016920094611932349e-02
2.013795810974250769e-02
2.010676371666069925e-02
2.007561769124307366e-02
2.004451995798258931e-02
2.001347044149568918e-02
1.998246906652207180e-02
1.995151575792439985e-02
1.992061044068808850e-02
1.988975303992097585e-02
1.985894348085311470e-02
1.982818168883650548e-02
1.979746758934482556e-02
1.976680110797318646e-02
1.973618217043788051e-02
1.970561070257611722e-02
1.967508663034578040e-02
1.964460987982517143e-02
1.961418037721276986e-02
1.958379804882696279e-02
1.955346282110582978e-02
1.952317462060686529e-02
1.949293337400676007e-02
1.946273900810111673e-02
1.943259144980425887e-02
1.940249062614895353e-02
1.937243646428616836e-02
1.934242889148485647e-02
1.931246783513168933e-02
1.928255322273084507e-02
1.925268498190374836e-02
1.922286304038883092e-02
1.919308732604133386e-02
1.916335776683302308e-02
1.913367429085199856e-02
1.910403682630243058e-02
1.907444530150434123e-02
1.904489964489338924e-02
1.901539978502060288e-02
1.898594565055218564e-02
1.895653717026925950e-02
1.892717427306767411e-02
1.889785688795775007e-02
1.886858494406405684e-02
1.883935837062520463e-02
1.881017709699361190e-02
1.878104105263526946e-02
1.875195016712954618e-02
1.872290437016894613e-02
1.869390359155888998e-02
1.866494776121750687e-02
1.863603680917541583e-02
1.860717066557549676e-02
1.857834926067266496e-02
1.854957252483370456e-02
1.852084038853697365e-02
1.849215278237227589e-02
1.846350963704057949e-02
1.843491088335383332e-02
1.840635645223476918e-02
1.837784627471665197e-02
1.834938028194309928e-02
1.832095840516785937e-02
1.829258057575460991e-02
1.826424672517674638e-02
1.823595678501716347e-02
1.820771068696806771e-02
1.817950836283076244e-02
1.815134974451543606e-02
1.812323476404096786e-02
1.809516335353471631e-02
1.806713544523231435e-02
1.803915097147749252e-02
1.801120986472182911e-02
1.798331205752459055e-02
1.795545748255251983e-02
1.792764607257962828e-02
1.789987776048699436e-02
1.787215247926258327e-02
1.784447016200103528e-02
1.781683074190348187e-02
1.778923415227732022e-02
1.776168032653604664e-02
1.773416919819905541e-02
1.770670070089143747e-02
1.767927476834377926e-02
1.765189133439200656e-02
1.762455033297713469e-02
1.759725169814512283e-02
1.756999536404666579e-02
1.754278126493700671e-02
1.751560933517573582e-02
1.748847950922662042e-02
1.746139172165738981e-02
1.743434590713957913e-02
1.740734200044832466e-02
1.738037993646215917e-02
1.735345965016285921e-02
1.732658107663524044e-02
1.729974415106697028e-02
1.727294880874839095e-02
1.724619498507233561e-02
1.721948261553393755e-02
1.719281163573044974e-02
1.716618198136106097e-02
1.713959358822671891e-02
1.711304639222995319e-02
1.708654032937467065e-02
1.706007533576600621e-02
1.703365134761011812e-02
1.700726830121402147e-02
1.698092613298541470e-02
1.695462477943247490e-02
1.692836417716371902e-02
1.690214426288780269e-02
1.687596497341331894e-02
1.684982624564869760e-02
1.682372801660194164e-02
1.679767022338050572e-02
1.677165280319111579e-02
1.674567569333957132e-02
1.671973883123061000e-02
1.669384215436767877e-02
1.666798560035282969e-02
1.664216910688649451e-02
1.661639261176732496e-02
1.659065605289203674e-02
1.656495936825523249e-02
1.653930249594922491e-02
1.651368537416385979e-02
1.648810794118637721e-02
1.646257013540119996e-02
1.643707189528980858e-02
1.641161315943053672e-02
1.638619386649842538e-02
1.636081395526505639e-02
1.633547336459836852e-02
1.631017203346250485e-02
1.628490990091764276e-02
1.625968690611984124e-02
1.623450298832085012e-02
1.620935808686796778e-02
1.618425214120386077e-02
1.615918509086642849e-02
1.613415687548859848e-02
1.610916743479820501e-02
1.608421670861779132e-02
1.605930463686447082e-02
1.603443115954975712e-02
1.600959621677942174e-02
1.598479974875328599e-02
1.596004169576511686e-02
1.593532199820242926e-02
1.591064059654634030e-02
1.588599743137141321e-02
1.586139244334548379e-02
1.583682557322953210e-02
1.581229676187748817e-02
1.578780595023610012e-02
1.576335307934476765e-02
1.573893809033538246e-02
1.571456092443218600e-02
1.569022152295159248e-02
1.566591982730205709e-02
1.564165577898389559e-02
1.561742931958914546e-02
1.559324039080142027e-02
1.556908893439573269e-02
1.554497489223835398e-02
1.552089820628666135e-02
1.549685881858898356e-02
1.547285667128444654e-02
1.544889170660282245e-02
1.542496386686437876e-02
1.540107309447972563e-02
1.537721933194966493e-02
1.535340252186503940e-02
1.532962260690658510e-02
1.530587952984477709e-02
1.528217323353968718e-02
1.525850366094081909e-02
1.523487075508697663e-02
1.521127445910611109e-02
1.518771471621516503e-02
1.516419146971992836e-02
1.514070466301489781e-02
1.511725423958312081e-02
1.509384014299605149e-02
1.507046231691340499e-02
1.504712070508300997e-02
1.502381525134066122e-02
1.500054589960998254e-02
1.497731259390227068e-02
1.495411527831635480e-02
1.493095389703845421e-02
1.490782839434202922e-02
1.488473871458763885e-02
1.486168480222280382e-02
1.483866660178185387e-02
1.481568405788578902e-02
1.479273711524213726e-02
1.476982571864481064e-02
1.474694981297396644e-02
1.472410934319585973e-02
1.470130425436270462e-02
1.467853449161254063e-02
1.465580000016907664e-02
1.463310072534156590e-02
1.461043661252465348e-02
1.458780760719824432e-02
1.456521365492735934e-02
1.454265470136200528e-02
1.452013069223701165e-02
1.449764157337192494e-02
1.447518729067084724e-02
1.445276779012230270e-02
1.443038301779910569e-02
1.440803291985821855e-02
1.438571744254061799e-02
1.436343653217114942e-02
1.434119013515839508e-02
1.431897819799455261e-02
1.429680066725526333e-02
1.427465748959951680e-02
1.425254861176949127e-02
1.423047398059042006e-02
1.420843354297046147e-02
1.418642724590056872e-02
1.416445503645434416e-02
1.414251686178791441e-02
1.412061266913978812e-02
1.409874240583073278e-02
1.407690601926363597e-02
1.405510345692336134e-02
1.403333466637664631e-02
1.401159959527193202e-02
1.398989819133925928e-02
1.396823040239012284e-02
1.394659617631734301e-02
1.392499546109493558e-02
1.390342820477797822e-02
1.388189435550248735e-02
1.386039386148526890e-02
1.383892667102381256e-02
1.381749273249614079e-02
1.379609199436068918e-02
1.377472440515617805e-02
1.375338991350148234e-02
1.373208846809548939e-02
1.371082001771699137e-02
1.368958451122454477e-02
1.366838189755633856e-02
1.364721212573007797e-02
1.362607514484283876e-02
1.360497090407096661e-02
1.358389935266992449e-02
1.356286043997417118e-02
1.354185411539704856e-02
1.352088032843063760e-02
1.349993902864563868e-02
1.347903016569125187e-02
1.345815368929503993e-02
1.343730954926280682e-02
1.341649769547847981e-02
1.339571807790397757e-02
1.337497064657907318e-02
1.335425535162130042e-02
1.333357214322579247e-02
1.331292097166519688e-02
1.329230178728950731e-02
1.327171454052598551e-02
1.325115918187899644e-02
1.323063566192992160e-02
1.321014393133700462e-02
1.318968394083525411e-02
1.316925564123629447e-02
1.314885898342828090e-02
1.312849391837573459e-02
1.310816039711945255e-02
1.308785837077636877e-02
1.306758779053944150e-02
1.304734860767753531e-02
1.302714077353528052e-02
1.300696423953297959e-02
1.298681895716646655e-02
1.296670487800699427e-02
1.294662195370111651e-02
1.292657013597055954e-02
1.290654937661211109e-02
1.288655962749750070e-02
1.286660084057327305e-02
1.284667296786067524e-02
1.282677596145553878e-02
1.280690977352815819e-02
1.278707435632316959e-02
1.276726966215943962e-02
1.274749564342994579e-02
1.272775225260165503e-02
1.270803944221540749e-02
1.268835716488580199e-02
1.266870537330107988e-02
1.264908402022300177e-02
1.262949305848673660e-02
1.260993244100074191e-02
1.259040212074665280e-02
1.257090205077915704e-02
1.255143218422589274e-02
1.253199247428731823e-02
1.251258287423660451e-02
1.249320333741952248e-02
1.247385381725432153e-02
1.245453426723161505e-02
1.243524464091427632e-02
1.241598489193730670e-02
1.239675497400773846e-02
1.237755484090451510e-02
1.235838444647836300e-02
1.233924374465171156e-02
1.232013268941854409e-02
1.230105123484430581e-02
1.228199933506578419e-02
1.226297694429099791e-02
1.224398401679908238e-02
1.222502050694018044e-02
1.220608636913533135e-02
1.218718155787634587e-02
1.216830602772571608e-02
1.214945973331649047e-02
1.213064262935215770e-02
1.211185467060654775e-02
1.209309581192372432e-02
1.207436600821784611e-02
1.205566521447309046e-02
1.203699338574352844e-02
1.201835047715300343e-02
1.199973644389504268e-02
1.198115124123273235e-02
1.196259482449861522e-02
1.194406714909457615e-02
1.192556817049173629e-02
1.190709784423034379e-02
1.188865612591966450e-02
1.187024297123787271e-02
1.185185833593194356e-02
1.183350217581754203e-02
1.181517444677892409e-02
1.179687510476881175e-02
1.177860410580830464e-02
1.176036140598676200e-02
1.174214696146168649e-02
1.172396072845864438e-02
1.170580266327112678e-02
1.168767272226046636e-02
1.166957086185571764e-02
1.165149703855355642e-02
1.163345120891817221e-02
1.161543332958116063e-02
1.159744335724141942e-02
1.157948124866504426e-02
1.156154696068521434e-02
1.154364045020210214e-02
1.152576167418275718e-02
1.150791058966100372e-02
1.149008715373733489e-02
1.147229132357880863e-02
1.145452305641894535e-02
1.143678230955762209e-02
1.141906904036097022e-02
1.140138320626126432e-02
1.138372476475683036e-02
1.136609367341193284e-02
1.134848988985666905e-02
1.133091337178688054e-02
1.131336407696403520e-02
1.129584196321513009e-02
1.127834698843258737e-02
1.126087911057415715e-02
1.124343828766280647e-02
1.122602447778661867e-02
1.120863763909870324e-02
1.119127772981707777e-02
1.117394470822457436e-02
1.115663853266873722e-02
1.113935916156172379e-02
1.112210655338019549e-02
1.110488066666522923e-02
1.108768146002220463e-02
1.107050889212070864e-02
1.105336292169444012e-02
1.103624350754109362e-02
1.101915060852227957e-02
1.100208418356340805e-02
1.098504419165360207e-02
1.096803059184558136e-02
1.095104334325558253e-02
1.093408240506324111e-02
1.091714773651151354e-02
1.090023929690654529e-02
1.088335704561761708e-02
1.086650094207700611e-02
1.084967094577990281e-02
1.083286701628432061e-02
1.081608911321098147e-02
1.079933719624323434e-02
1.078261122512694584e-02
1.076591115967040317e-02
1.074923695974422388e-02
1.073258858528125005e-02
1.071596599627645807e-02
1.069936915278685632e-02
1.068279801493139149e-02
1.066625254289084966e-02
1.064973269690776096e-02
1.063323843728630931e-02
1.061676972439221794e-02
1.060032651865267482e-02
1.058390878055622333e-02
1.056751647065267037e-02
1.055114954955299264e-02
1.053480797792923779e-02
1.051849171651443073e-02
1.050220072610246955e-02
1.048593496754806134e-02
1.046969440176657648e-02
1.045347898973400698e-02
1.043728869248683466e-02
1.042112347112194790e-02
1.040498328679656179e-02
1.038886810072809502e-02
1.037277787419410569e-02
1.035671256853217675e-02
1.034067214513983285e-02
1.032465656547443961e-02
1.030866579105312389e-02
1.029269978345265582e-02
1.027675850430938634e-02
1.026084191531913097e-02
1.024494997823708654e-02
1.022908265487773929e-02
1.021323990711476767e-02
1.019742169688095390e-02
1.018162798616809028e-02
1.016585873702688728e-02
1.015011391156689022e-02
1.013439347195636657e-02
1.011869738042223479e-02
1.010302559924996027e-02
1.008737809078348244e-02
1.007175481742509163e-02
1.005615574163537355e-02
1.004058082593309136e-02
1.002503003289511099e-02
1.000950332515630758e-02
9.994000665409466522e-03
9.978522016405203671e-03
9.963067340951869966e-03
9.947636601915464671e-03
9.932229762219539973e-03
9.916846784845119445e-03
9.901487632830604374e-03
9.886152269271678353e-03
9.870840657321227479e-03
9.855552760189255357e-03
9.840288541142773807e-03
9.825047963505731743e-03
9.809830990658928440e-03
9.794637586039907709e-03
9.779467713142891983e-03
9.764321335518669556e-03
9.749198416774530404e-03
9.734098920574162095e-03
9.719022810637564791e-03
9.703970050740971451e-03
9.688940604716752419e-03
9.673934436453328692e-03
9.658951509895090382e-03
9.643991789042303045e-03
9.629055237951022680e-03
9.614141820733012461e-03
9.599251501555649060e-03
9.584384244641848058e-03
9.569540014269966796e-03
9.554718774773712439e-03
9.539920490542076054e-03
9.525145126019233729e-03
9.510392645704454639e-03
9.495663014152031650e-03
9.480956195971182443e-03
9.466272155825973186e-03
9.451610858435217921e-03
9.436972268572419581e-03
9.422356351065660704e-03
9.407763070797527105e-03
9.393192392705026345e-03
9.378644281779497521e-03
9.364118703066536681e-03
9.349615621665894466e-03
9.335135002731415402e-03
9.320676811470928608e-03
9.306241013146190552e-03
9.291827573072770560e-03
9.277436456620000507e-03
9.263067629210860326e-03
9.248721056321919029e-03
9.234396703483237559e-03
9.220094536278290731e-03
9.205814520343878760e-03
9.191556621370054400e-03
9.177320805100029275e-03
9.163107037330101012e-03
9.148915283909559576e-03
9.134745510740617871e-03
9.120597683778321543e-03
9.106471769030465707e-03
9.092367732557515153e-03
9.078285540472529752e-03
9.064225158941067312e-03
9.050186554181112453e-03
9.036169692463005484e-03
9.022174540109329649e-03
9.008201063494862548e-03
8.994249229046477265e-03
8.980319003243067769e-03
8.966410352615463916e-03
8.952523243746356857e-03
8.938657643270210562e-03
8.924813517873190702e-03
8.910990834293072704e-03
8.897189559319174101e-03
8.883409659792267793e-03
8.869651102604502249e-03
8.855913854699316509e-03
8.842197883071379466e-03
8.828503154766484048e-03
8.814829636881488240e-03
8.801177296564226607e-03
8.787546101013435709e-03
8.773936017478667360e-03
8.760347013260219237e-03
8.746779055709049885e-03
8.733232112226707589e-03
8.719706150265231492e-03
8.706201137327104767e-03
8.692717040965150521e-03
8.679253828782460684e-03
8.665811468432324874e-03
8.652389927618148874e-03
8.638989174093369625e-03
8.625609175661380634e-03
8.612249900175469527e-03
8.598911315538717431e-03
8.585593389703936526e-03
8.572296090673585042e-03
8.559019386499701343e-03
8.545763245283808512e-03
8.532527635176862316e-03
8.519312524379148849e-03
8.506117881140227294e-03
8.492943673758836243e-03
8.479789870582843392e-03
8.466656440009134518e-03
8.453543350483570112e-03
8.440450570500889968e-03
8.427378068604636854e-03
8.414325813387097536e-03
8.401293773489207362e-03
8.388281917600487816e-03
8.375290214458963253e-03
8.362318632851096709e-03
8.349367141611697962e-03
8.336435709623861087e-03
8.323524305818886387e-03
8.310632899176205804e-03
8.297761458723310057e-03
8.284909953535665381e-03
8.272078352736654538e-03
8.259266625497483152e-03
8.246474741037122455e-03
8.233702668622231227e-03
8.220950377567072531e-03
8.208217837233444322e-03
8.195505017030616998e-03
8.182811886415246663e-03
8.170138414891305739e-03
8.157484572010004903e-03
8.144850327369732371e-03
8.132235650615963693e-03
8.119640511441204508e-03
8.107064879584909012e-03
8.094508724833408830e-03
8.081972017019836696e-03
8.069454726024063995e-03
8.056956821772614033e-03
8.044478274238604787e-03
8.032019053441665640e-03
8.019579129447867993e-03
8.007158472369657609e-03
7.994757052365774816e-03
7.982374839641190323e-03
7.970011804447025422e-03
7.957667917080491274e-03
7.945343147884812579e-03
7.933037467249146046e-03
7.920750845608521412e-03
7.908483253443772051e-03
7.896234661281456915e-03
7.884005039693792877e-03
7.871794359298569729e-03
7.859602590759112023e-03
7.847429704784174981e-03
7.835275672127894192e-03
7.823140463589705815e-03
7.811024050014280656e-03
7.798926402291455652e-03
7.786847491356155802e-03
7.774787288188333458e-03
7.762745763812893725e-03
7.750722889299622477e-03
7.738718635763125638e-03
7.726732974362746781e-03
7.714765876302511621e-03
7.702817312831045614e-03
7.690887255241516708e-03
7.678975674871559021e-03
7.667082543103202578e-03
7.655207831362811736e-03
7.643351511121008850e-03
7.631513553892610956e-03
7.619693931236560386e-03
7.607892614755851907e-03
7.596109576097469403e-03
7.584344786952317355e-03
7.572598219055149717e-03
7.560869844184503995e-03
7.549159634162632727e-03
7.537467560855435830e-03
7.525793596172396412e-03
7.514137712066507047e-03
7.502499880534201256e-03
7.490880073615297126e-03
7.479278263392921851e-03
7.467694421993440607e-03
7.456128521586398439e-03
7.444580534384451741e-03
7.433050432643292793e-03
7.421538188661595987e-03
7.410043774780941499e-03
7.398567163385751967e-03
7.387108326903225712e-03
7.375667237803273414e-03
7.364243868598446992e-03
7.352838191843874549e-03
7.341450180137200528e-03
7.330079806118508512e-03
7.318727042470266585e-03
7.307391861917255337e-03
7.296074237226502814e-03
7.284774141207222067e-03
7.273491546710741766e-03
7.262226426630444612e-03
7.250978753901699686e-03
7.239748501501796531e-03
7.228535642449885300e-03
7.217340149806904769e-03
7.206161996675524220e-03
7.195001156200071454e-03
7.183857601566477277e-03
7.172731306002202642e-03
7.161622242776179668e-03
7.150530385198745724e-03
7.139455706621577503e-03
7.128398180437626845e-03
7.117357780081065219e-03
7.106334479027204797e-03
7.095328250792449012e-03
7.084339068934218837e-03
7.073366907050895533e-03
7.062411738781752997e-03
7.051473537806897916e-03
7.040552277847205581e-03
7.029647932664251364e-03
7.018760476060256943e-03
7.007889881878020914e-03
6.997036124000854604e-03
6.986199176352527428e-03
6.975379012897197500e-03
6.964575607639344849e-03
6.953788934623722842e-03
6.943018967935280991e-03
6.932265681699112912e-03
6.921529050080389538e-03
6.910809047284297534e-03
6.900105647555978584e-03
6.889418825180462606e-03
6.878748554482614838e-03
6.868094809827065585e-03
6.857457565618154706e-03
6.846836796299867432e-03
6.836232476355769312e-03
6.825644580308951569e-03
6.815073082721966914e-03
6.804517958196767101e-03
6.793979181374642205e-03
6.783456726936164249e-03
6.772950569601118680e-03
6.762460684128449723e-03
6.751987045316195334e-03
6.741529628001431684e-03
6.731088407060209847e-03
6.720663357407489005e-03
6.710254453997090487e-03
6.699861671821626639e-03
6.689484985912442713e-03
6.679124371339559621e-03
6.668779803211608882e-03
6.658451256675777981e-03
6.648138706917751384e-03
6.637842129161642887e-03
6.627561498669947045e-03
6.617296790743467175e-03
6.607047980721271127e-03
6.596815043980615821e-03
6.586597955936901276e-03
6.576396692043606426e-03
6.566211227792223201e-03
6.556041538712213158e-03
6.545887600370935491e-03
6.535749388373590651e-03
6.525626878363170041e-03
6.515520046020382289e-03
6.505428867063612480e-03
6.495353317248848436e-03
6.485293372369634740e-03
6.475249008257001615e-03
6.465220200779420688e-03
6.455206925842736469e-03
6.445209159390114309e-03
6.435226877401977082e-03
6.425260055895955745e-03
6.415308670926826023e-03
6.405372698586445958e-03
6.395452115003711670e-03
6.385546896344487973e-03
6.375657018811557199e-03
6.365782458644560216e-03
6.355923192119939183e-03
6.346079195550882908e-03
6.336250445287263527e-03
6.326436917715586201e-03
6.316638589258933602e-03
6.306855436376901727e-03
6.297087435565548730e-03
6.287334563357335065e-03
6.277596796321073189e-03
6.267874111061862499e-03
6.258166484221043373e-03
6.248473892476130373e-03
6.238796312540763681e-03
6.229133721164650979e-03
6.219486095133509342e-03
6.209853411269016660e-03
6.200235646428742253e-03
6.190632777506106972e-03
6.181044781430316409e-03
6.171471635166312329e-03
6.161913315714711084e-03
6.152369800111756777e-03
6.142841065429255343e-03
6.133327088774527709e-03
6.123827847290353420e-03
6.114343318154909918e-03
6.104873478581728310e-03
6.095418305819629186e-03
6.085977777152670569e-03
6.076551869900095014e-03
6.067140561416275828e-03
6.057743829090657221e-03
6.048361650347706606e-03
6.038994002646857345e-03
6.029640863482452380e-03
6.020302210383697387e-03
6.010978020914593996e-03
6.001668272673901620e-03
5.992372943295068942e-03
5.983092010446192273e-03
5.973825451829954843e-03
5.964573245183573021e-03
5.955335368278746010e-03
5.946111798921602069e-03
5.936902514952644740e-03
5.927707494246696462e-03
5.918526714712848275e-03
5.909360154294409501e-03
5.900207790968849640e-03
5.891069602747746325e-03
5.881945567676735882e-03
5.872835663835458686e-03
5.863739869337501916e-03
5.854658162330358788e-03
5.845590520995360036e-03
5.836536923547636611e-03
5.827497348236056370e-03
5.818471773343177229e-03
5.809460177185197735e-03
5.800462538111893739e-03
5.791478834506580235e-03
5.782509044786048914e-03
5.773553147400521321e-03
5.764611120833596815e-03
5.755682943602199661e-03
5.746768594256526988e-03
5.737868051379999348e-03
5.728981293589204341e-03
5.720108299533856709e-03
5.711249047896730692e-03
5.702403517393620988e-03
5.693571686773289849e-03
5.684753534817409831e-03
5.675949040340519565e-03
5.667158182189970840e-03
5.658380939245875700e-03
5.649617290421058736e-03
5.640867214661001577e-03
5.632130690943801254e-03
5.623407698280108620e-03
5.614698215713087581e-03
5.606002222318356119e-03
5.597319697203947259e-03
5.588650619510244014e-03
5.579994968409942094e-03
5.571352723107994391e-03
5.562723862841560674e-03
5.554108366879961615e-03
5.545506214524620683e-03
5.536917385109023371e-03
5.528341857998664288e-03
5.519779612590997725e-03
5.511230628315383871e-03
5.502694884633048053e-03
5.494172361037021751e-03
5.485663037052102703e-03
5.477166892234795054e-03
5.468683906173273795e-03
5.460214058487323184e-03
5.451757328828293371e-03
5.443313696879051831e-03
5.434883142353933924e-03
5.426465644998693452e-03
5.418061184590452356e-03
5.409669740937657345e-03
5.401291293880026989e-03
5.392925823288503145e-03
5.384573309065206724e-03
5.376233731143382176e-03
5.367907069487357595e-03
5.359593304092493543e-03
5.351292414985130141e-03
5.343004382222545437e-03
5.334729185892904228e-03
5.326466806115212962e-03
5.318217223039265959e-03
5.309980416845606378e-03
5.301756367745473313e-03
5.293545055980751479e-03
5.285346461823931322e-03
5.277160565578056101e-03
5.268987347576675924e-03
5.260826788183798307e-03
5.252678867793847406e-03
5.244543566831610243e-03
5.236420865752193336e-03
5.228310745040974129e-03
5.220213185213552418e-03
5.212128166815710451e-03
5.204055670423358287e-03
5.195995676642489562e-03
5.187948166109138115e-03
5.179913119489326818e-03
5.171890517479023341e-03
5.163880340804095047e-03
5.155882570220262154e-03
5.147897186513046563e-03
5.139924170497733695e-03
5.131963503019321311e-03
5.124015164952471814e-03
5.116079137201475814e-03
5.108155400700191417e-03
5.100243936412014734e-03
5.092344725329819161e-03
5.084457748475918956e-03
5.076582986902024135e-03
5.068720421689185823e-03
5.060870033947762435e-03
5.053031804817367627e-03
5.045205715466824330e-03
5.037391747094123115e-03
5.029589880926375357e-03
5.021800098219763794e-03
5.014022380259510435e-03
5.006256708359815844e-03
4.998503063863820976e-03
4.990761428143569017e-03
4.983031782599945531e-03
4.975314108662650704e-03
4.967608387790142972e-03
4.959914601469598248e-03
4.952232731216863089e-03
4.944562758576416528e-03
4.936904665121316302e-03
4.929258432453167624e-03
4.921624042202064203e-03
4.914001476026553551e-03
4.906390715613592746e-03
4.898791742678497256e-03
4.891204538964907984e-03
4.883629086244737488e-03
4.876065366318130083e-03
4.868513361013421074e-03
4.860973052187087320e-03
4.853444421723706464e-03
4.845927451535914435e-03
4.838422123564360341e-03
4.830928419777663976e-03
4.823446322172372444e-03
4.815975812772920264e-03
4.808516873631572992e-03
4.801069486828402066e-03
4.793633634471233633e-03
4.786209298695598240e-03
4.778796461664701345e-03
4.771395105569373879e-03
4.764005212628024538e-03
4.756626765086606826e-03
4.749259745218572214e-03
4.741904135324824174e-03
4.734559917733680012e-03
4.727227074800826635e-03
4.719905588909277180e-03
4.712595442469335455e-03
4.705296617918541292e-03
4.698009097721639327e-03
4.690732864370531288e-03
4.683467900384236972e-03
4.676214188308850002e-03
4.668971710717496199e-03
4.661740450210291944e-03
4.654520389414303419e-03
4.647311510983504965e-03
4.640113797598733117e-03
4.632927231967651910e-03
4.625751796824706039e-03
4.618587474931080093e-03
4.611434249074662997e-03
4.604292102069995098e-03
4.597161016758239543e-03
4.590040976007128508e-03
4.582931962710936301e-03
4.575833959790424725e-03
4.568746950192812718e-03
4.561670916891723444e-03
4.554605842887160007e-03
4.547551711205445601e-03
4.540508504899199230e-03
4.533476207047284524e-03
4.526454800754775923e-03
4.519444269152909227e-03
4.512444595399050379e-03
4.505455762676652959e-03
4.498477754195210482e-03
4.491510553190227774e-03
4.484554142923168930e-03
4.477608506681426091e-03
4.470673627778274338e-03
4.463749489552835265e-03
4.456836075370031874e-03
4.449933368620554754e-03
4.443041352720816101e-03
4.436160011112913297e-03
4.429289327264589876e-03
4.422429284669193890e-03
4.415579866845638878e-03
4.408741057338363099e-03
4.401912839717295710e-03
4.395095197577804716e-03
4.388288114540673558e-03
4.381491574252049069e-03
4.374705560383408513e-03
4.367930056631517954e-03
4.361165046718395825e-03
4.354410514391267827e-03
4.347666443422537434e-03
4.340932817609738197e-03
4.334209620775496437e-03
4.327496836767497426e-03
4.320794449458441149e-03
4.314102442746004136e-03
4.307420800552807377e-03
4.300749506826366010e-03
4.294088545539061566e-03
4.287437900688097735e-03
4.280797556295463067e-03
4.274167496407893681e-03
4.267547705096832490e-03
4.260938166458394516e-03
4.254338864613325250e-03
4.247749783706963357e-03
4.241170907909205985e-03
4.234602221414463658e-03
4.228043708441630785e-03
4.221495353234041431e-03
4.214957140059433748e-03
4.208429053209913548e-03
4.201911077001908336e-03
4.195403195776147356e-03
4.188905393897601748e-03
4.182417655755468061e-03
4.175939965763111883e-03
4.169472308358046150e-03
4.163014668001883446e-03
4.156567029180301305e-03
4.150129376403010120e-03
4.143701694203707174e-03
4.137283967140044545e-03
4.130876179793595282e-03
4.124478316769809166e-03
4.118090362697977153e-03
4.111712302231199274e-03
4.105344120046345614e-03
4.098985800844015537e-03
4.092637329348506464e-03
4.086298690307772243e-03
4.079969868493391917e-03
4.073650848700529833e-03
4.067341615747899208e-03
4.061042154477721364e-03
4.054752449755703175e-03
4.048472486470982429e-03
4.042202249536107871e-03
4.035941723886988901e-03
4.029690894482869552e-03
4.023449746306292062e-03
4.017218264363050899e-03
4.010996433682168481e-03
4.004784239315851806e-03
3.998581666339461223e-03
3.992388699851467937e-03
3.986205324973427985e-03
3.980031526849937135e-03
3.973867290648602259e-03
3.967712601560000572e-03
3.961567444797643202e-03
3.955431805597948297e-03
3.949305669220197663e-03
3.943189020946502935e-03
3.937081846081767408e-03
3.930984129953660026e-03
3.924895857912571139e-03
3.918817015331581277e-03
3.912747587606422994e-03
3.906687560155449636e-03
3.900636918419599346e-03
3.894595647862357773e-03
3.888563733969724670e-03
3.882541162250178774e-03
3.876527918234643974e-03
3.870523987476454184e-03
3.864529355551316915e-03
3.858544008057281181e-03
3.852567930614700636e-03
3.846601108866201050e-03
3.840643528476644312e-03
3.834695175133094169e-03
3.828756034544781965e-03
3.822826092443073684e-03
3.816905334581433083e-03
3.810993746735390035e-03
3.805091314702504970e-03
3.799198024302334609e-03
3.793313861376397707e-03
3.787438811788142960e-03
3.781572861422913441e-03
3.775715996187911042e-03
3.769868202012166547e-03
3.764029464846503203e-03
3.758199770663503761e-03
3.752379105457476216e-03
3.746567455244419545e-03
3.740764806061992482e-03
3.734971143969478824e-03
3.729186455047752303e-03
3.723410725399245360e-03
3.717643941147914452e-03
3.711886088439207958e-03
3.706137153440030620e-03
3.700397122338713613e-03
3.694665981344977257e-03
3.688943716689902820e-03
3.683230314625895660e-03
3.677525761426651829e-03
3.671830043387129018e-03
3.666143146823509259e-03
3.660465058073169436e-03
3.654795763494646157e-03
3.649135249467604092e-03
3.643483502392803018e-03
3.637840508692064857e-03
3.632206254808242017e-03
3.626580727205183131e-03
3.620963912367702268e-03
3.615355796801545101e-03
3.609756367033358122e-03
3.604165609610654377e-03
3.598583511101782241e-03
3.593010058095892460e-03
3.587445237202908227e-03
3.581889035053490052e-03
3.576341438299003236e-03
3.570802433611489253e-03
3.565272007683630614e-03
3.559750147228723117e-03
3.554236838980636814e-03
3.548732069693790424e-03
3.543235826143117072e-03
3.537748095124032630e-03
3.532268863452403627e-03
3.526798117964517320e-03
3.521335845517047872e-03
3.515882032987026427e-03
3.510436667271808146e-03
3.504999735289041855e-03
3.499571223976637949e-03
3.494151120292737171e-03
3.488739411215681114e-03
3.483336083743976234e-03
3.477941124896267826e-03
3.472554521711306626e-03
3.467176261247915860e-03
3.461806330584963915e-03
3.456444716821329647e-03
3.451091407075875493e-03
3.445746388487411476e-03
3.440409648214667881e-03
3.435081173436264033e-03
3.429760951350677069e-03
3.424448969176209414e-03
3.419145214150961024e-03
3.413849673532797727e-03
3.408562334599319135e-03
3.403283184647829147e-03
3.398012210995306030e-03
3.392749400978373360e-03
3.387494741953262726e-03
3.382248221295794215e-03
3.377009826401335645e-03
3.371779544684778713e-03
3.366557363580506904e-03
3.361343270542363829e-03
3.356137253043626773e-03
3.350939298576972002e-03
3.345749394654448303e-03
3.340567528807445764e-03
3.335393688586665416e-03
3.330227861562090174e-03
3.325070035322952745e-03
3.319920197477709608e-03
3.314778335654008055e-03
3.309644437498658436e-03
3.304518490677602494e-03
3.299400482875886054e-03
3.294290401797626919e-03
3.289188235165987993e-03
3.284093970723144743e-03
3.279007596230260491e-03
3.273929099467450411e-03
3.268858468233757676e-03
3.263795690347122240e-03
3.258740753644350473e-03
3.253693645981088275e-03
3.248654355231790289e-03
3.243622869289689969e-03
3.238599176066773565e-03
3.233583263493748031e-03
3.228575119520012398e-03
3.223574732113630888e-03
3.218582089261302123e-03
3.213597178968330935e-03
3.208619989258599311e-03
3.203650508174537333e-03
3.198688723777097596e-03
3.193734624145719205e-03
3.188788196388003208e-03
3.183849429613662234e-03
3.178918311957430569e-03
3.173994833051941092e-03
3.169078979091433448e-03
3.164170738760405718e-03
3.159270100266877747e-03
3.154377051837190232e-03
3.149491581715920582e-03
3.144613678165855165e-03
3.139743329467955049e-03
3.134880523920201539e-03
3.130025249841219583e-03
3.125177495566210713e-03
3.120337249448445344e-03
3.115504499859360343e-03
3.110679235188396410e-03
3.105861443842983759e-03
3.101051114248501352e-03
3.096248234848257824e-03
3.091452794103459814e-03
3.086664780493187255e-03
3.081884182514359107e-03
3.077110988681714277e-03
3.072345187527777358e-03
3.067586767602835645e-03
3.062835717474908341e-03
3.058092025729720973e-03
3.053355680970677635e-03
3.048626671818832796e-03
3.043904986912864419e-03
3.039190614909047499e-03
3.034483544481225009e-03
3.029783764320784483e-03
3.025091263136624187e-03
3.020406029655133169e-03
3.015728052620159170e-03
3.011057320792983032e-03
3.006393822952294851e-03
3.001737547894160144e-03
2.997088484432000773e-03
2.992446621396561979e-03
2.987811947635888102e-03
2.983184452015296990e-03
2.978564123417348775e-03
2.973950950741825923e-03
2.969344922905700276e-03
2.964746028843110066e-03
2.960154257505330858e-03
2.955569597860752563e-03
2.950992038894849519e-03
2.946421569610154900e-03
2.941858179026235563e-03
2.937301856179663426e-03
2.932752590123992049e-03
2.928210369929727577e-03
2.923675184684305321e-03
2.919147023492058967e-03
2.914625875474201062e-03
2.910111729768789183e-03
2.905604575530708160e-03
2.901104401931634512e-03
2.896611198160019100e-03
2.892124953421058072e-03
2.887645656936663370e-03
2.883173297945443216e-03
2.878707865702671322e-03
2.874249349480261732e-03
2.869797738566746276e-03
2.865353022267245944e-03
2.860915189903445299e-03
2.856484230813566890e-03
2.852060134352346968e-03
2.847642889891010762e-03
2.843232486817240823e-03
2.838828914535160546e-03
2.834432162465301639e-03
2.830042220044581575e-03
2.825659076726278439e-03
2.821282721980003169e-03
2.816913145291679611e-03
2.812550336163511557e-03
2.808194284113964961e-03
2.803844978677738024e-03
2.799502409405738197e-03
2.795166565865054870e-03
2.790837437638937248e-03
2.786515014326768330e-03
2.782199285544038024e-03
2.777890240922320161e-03
2.773587870109248208e-03
2.769292162768486644e-03
2.765003108579713181e-03
2.760720697238585371e-03
2.756444918456720655e-03
2.752175761961673378e-03
2.747913217496906601e-03
2.743657274821766513e-03
2.739407923711463348e-03
2.735165153957041899e-03
2.730928955365356792e-03
2.726699317759053408e-03
2.722476230976536224e-03
2.718259684871949730e-03
2.714049669315152843e-03
2.709846174191691583e-03
2.705649189402778692e-03
2.701458704865268914e-03
2.697274710511630806e-03
2.693097196289927220e-03
2.688926152163791019e-03
2.684761568112395153e-03
2.680603434130435746e-03
2.676451740228104770e-03
2.672306476431066200e-03
2.668167632780430419e-03
2.664035199332735575e-03
2.659909166159916353e-03
2.655789523349287064e-03
2.651676261003511718e-03
2.647569369240586248e-03
2.643468838193809879e-03
2.639374658011763453e-03
2.635286818858285571e-03
2.631205310912449608e-03
2.627130124368539862e-03
2.623061249436027271e-03
2.618998676339544252e-03
2.614942395318866925e-03
2.610892396628884757e-03
2.606848670539581476e-03
2.602811207336010787e-03
2.598779997318273385e-03
2.594755030801491804e-03
2.590736298115789600e-03
2.586723789606264461e-03
2.582717495632972163e-03
2.578717406570894474e-03
2.574723512809922246e-03
2.570735804754829823e-03
2.566754272825252058e-03
2.562778907455663495e-03
2.558809699095351917e-03
2.554846638208397528e-03
2.550889715273651267e-03
2.546938920784707055e-03
2.542994245249886615e-03
2.539055679192208682e-03
2.535123213149371654e-03
2.531196837673727572e-03
2.527276543332262169e-03
2.523362320706571457e-03
2.519454160392837865e-03
2.515552053001806829e-03
2.511655989158768140e-03
2.507765959503529922e-03
2.503881954690397385e-03
2.500003965388151138e-03
2.496131982280022036e-03
2.492265996063673834e-03
2.488405997451172830e-03
2.484551977168974416e-03
2.480703925957895763e-03
2.476861834573094567e-03
2.473025693784045194e-03
2.469195494374521339e-03
2.465371227142567831e-03
2.461552882900483290e-03
2.457740452474793669e-03
2.453933926706237077e-03
2.450133296449732989e-03
2.446338552574366630e-03
2.442549685963365993e-03
2.438766687514075816e-03
2.434989548137943705e-03
2.431218258760490213e-03
2.427452810321290184e-03
2.423693193773952814e-03
2.419939400086097356e-03
2.416191420239332307e-03
2.412449245229234592e-03
2.408712866065326579e-03
2.404982273771053957e-03
2.401257459383767095e-03
2.397538413954696315e-03
2.393825128548932382e-03
2.390117594245403949e-03
2.386415802136856740e-03
2.382719743329831871e-03
2.379029408944645027e-03
2.375344790115363480e-03
2.371665877989787442e-03
2.367992663729427075e-03
2.364325138509479948e-03
2.360663293518812812e-03
2.357007119959939490e-03
2.353356609048998325e-03
2.349711752015731792e-03
2.346072540103466119e-03
2.342438964569090037e-03
2.338811016683033529e-03
2.335188687729246142e-03
2.331571969005177478e-03
2.327960851821755071e-03
2.324355327503364443e-03
2.320755387387827412e-03
2.317161022826382151e-03
2.313572225183661932e-03
2.309988985837674313e-03
2.306411296179779451e-03
2.302839147614672323e-03
2.299272531560358872e-03
2.295711439448138227e-03
2.292155862722578420e-03
2.288605792841500331e-03
2.285061221275953413e-03
2.281522139510196168e-03
2.277988539041678803e-03
2.274460411381017642e-03
2.270937748051978216e-03
2.267420540591454873e-03
2.263908780549446931e-03
2.260402459489043933e-03
2.256901568986400923e-03
2.253406100630718934e-03
2.249916046024228941e-03
2.246431396782164105e-03
2.242952144532745894e-03
2.239478280917162403e-03
2.236009797589547099e-03
2.232546686216958873e-03
2.229088938479363395e-03
2.225636546069611858e-03
2.222189500693422769e-03
2.218747794069358525e-03
2.215311417928809805e-03
2.211880364015972149e-03
2.208454624087829044e-03
2.205034189914128508e-03
2.201619053277368340e-03
2.198209205972770537e-03
2.194804639808267850e-03
2.191405346604477760e-03
2.188011318194688169e-03
2.184622546424833545e-03
2.181239023153479749e-03
2.177860740251798873e-03
2.174487689603555370e-03
2.171119863105083064e-03
2.167757252665267372e-03
2.164399850205524917e-03
2.161047647659782717e-03
2.157700636974462568e-03
2.154358810108458495e-03
2.151022159033119403e-03
2.147690675732228261e-03
2.144364352201982588e-03
2.141043180450978838e-03
2.137727152500187248e-03
2.134416260382937525e-03
2.131110496144898465e-03
2.127809851844058003e-03
2.124514319550703696e-03
2.121223891347406680e-03
2.117938559328998247e-03
2.114658315602553369e-03
2.111383152287374214e-03
2.108113061514965865e-03
2.104848035429018969e-03
2.101588066185397161e-03
2.098333145952106273e-03
2.095083266909287829e-03
2.091838421249191289e-03
2.088598601176161040e-03
2.085363798906612973e-03
2.082134006669019311e-03
2.078909216703888219e-03
2.075689421263746896e-03
2.072474612613121187e-03
2.069264783028516939e-03
2.066059924798402218e-03
2.062860030223189964e-03
2.059665091615215868e-03
2.056475101298724500e-03
2.053290051609846754e-03
2.050109934896585107e-03
2.046934743518790626e-03
2.043764469848149967e-03
2.040599106268164986e-03
2.037438645174130623e-03
2.034283078973123625e-03
2.031132400083976962e-03
2.027986600937266813e-03
2.024845673975294354e-03
2.021709611652064073e-03
2.018578406433267289e-03
2.015452050796266974e-03
2.012330537230074337e-03
2.009213858235336242e-03
2.006102006324310925e-03
2.002994974020857154e-03
1.999892753860409936e-03
1.996795338389967950e-03
1.993702720168069684e-03
1.990614891764781735e-03
1.987531845761677553e-03
1.984453574751818359e-03
1.981380071339740138e-03
1.978311328141430219e-03
1.975247337784314695e-03
1.972188092907234576e-03
1.969133586160436242e-03
1.966083810205546730e-03
1.963038757715558115e-03
1.959998421374812769e-03
1.956962793878980807e-03
1.953931867935047948e-03
1.950905636261292308e-03
1.947884091587272692e-03
1.944867226653806697e-03
1.941855034212955095e-03
1.938847507028004053e-03
1.935844637873449306e-03
1.932846419534975553e-03
1.929852844809441283e-03
1.926863906504862074e-03
1.923879597440391947e-03
1.920899910446305587e-03
1.917924838363984025e-03
1.914954374045893830e-03
1.911988510355572572e-03
1.909027240167609314e-03
1.906070556367630946e-03
1.903118451852281586e-03
1.900170919529207405e-03
1.897227952317039057e-03
1.894289543145375202e-03
1.891355684954764511e-03
1.888426370696688747e-03
1.885501593333547589e-03
1.882581345838639985e-03
1.879665621196147888e-03
1.876754412401118906e-03
1.873847712459449826e-03
1.870945514387870349e-03
1.868047811213925744e-03
1.865154595975959499e-03
1.862265861723097927e-03
1.859381601515232383e-03
1.856501808423003438e-03
1.853626475527783745e-03
1.850755595921660694e-03
1.847889162707421666e-03
1.845027168998534953e-03
1.842169607919136526e-03
1.839316472604010091e-03
1.836467756198573208e-03
1.833623451858858427e-03
1.830783552751500060e-03
1.827948052053714016e-03
1.825116942953284140e-03
1.822290218648545297e-03
1.819467872348365812e-03
1.816649897272132937e-03
1.813836286649735076e-03
1.811027033721545948e-03
1.808222131738409632e-03
1.805421573961621916e-03
1.802625353662915984e-03
1.799833464124446156e-03
1.797045898638770754e-03
1.794262650508836278e-03
1.791483713047962436e-03
1.788709079579824373e-03
1.785938743438437917e-03
1.783172697968142669e-03
1.780410936523587478e-03
1.777653452469712004e-03
1.774900239181733275e-03
1.772151290045128561e-03
1.769406598455619539e-03
1.766666157819155600e-03
1.763929961551900837e-03
1.761198003080214963e-03
1.758470275840639217e-03
1.755746773279879885e-03
1.753027488854793769e-03
1.750312416032371926e-03
1.747601548289722103e-03
1.744894879114055296e-03
1.742192402002669697e-03
1.739494110462935089e-03
1.736799998012276578e-03
1.734110058178159200e-03
1.731424284498072957e-03
1.728742670519516772e-03
1.726065209799983744e-03
1.723391895906944233e-03
1.720722722417831552e-03
1.718057682920026133e-03
1.715396771010840567e-03
1.712739980297503127e-03
1.710087304397144318e-03
1.707438736936779103e-03
1.704794271553293885e-03
1.702153901893429383e-03
1.699517621613767186e-03
1.696885424380712186e-03
1.694257303870480005e-03
1.691633253769079430e-03
1.689013267772299402e-03
1.686397339585690800e-03
1.683785462924556036e-03
1.681177631513928669e-03
1.678573839088562782e-03
1.675974079392914982e-03
1.673378346181130091e-03
1.670786633217027917e-03
1.668198934274085039e-03
1.665615243135423100e-03
1.663035553593791675e-03
1.660459859451553959e-03
1.657888154520672022e-03
1.655320432622692283e-03
1.652756687588730327e-03
1.650196913259455080e-03
1.647641103485076664e-03
1.645089252125329048e-03
1.642541353049454872e-03
1.639997400136194170e-03
1.637457387273766156e-03
1.634921308359856646e-03
1.632389157301602015e-03
1.629860928015576180e-03
1.627336614427774128e-03
1.624816210473598466e-03
1.622299710097844898e-03
1.619787107254687473e-03
1.617278395907663195e-03
1.614773570029658578e-03
1.612272623602894897e-03
1.609775550618914100e-03
1.607282345078563622e-03
1.604793000991982296e-03
1.602307512378586254e-03
1.599825873267053753e-03
1.597348077695312160e-03
1.594874119710522559e-03
1.592403993369065221e-03
1.589937692736526596e-03
1.587475211887683481e-03
1.585016544906490445e-03
1.582561685886064648e-03
1.580110628928671100e-03
1.577663368145709429e-03
1.575219897657700657e-03
1.572780211594269851e-03
1.570344304094135283e-03
1.567912169305093030e-03
1.565483801384003103e-03
1.563059194496774695e-03
1.560638342818353608e-03
1.558221240532707509e-03
1.555807881832810095e-03
1.553398260920630910e-03
1.550992372007119289e-03
1.548590209312189188e-03
1.546191767064707904e-03
1.543797039502481112e-03
1.541406020872237905e-03
1.539018705429619303e-03
1.536635087439161551e-03
1.534255161174285500e-03
1.531878920917280123e-03
1.529506360959290590e-03
1.527137475600303523e-03
1.524772259149133769e-03
1.522410705923411389e-03
1.520052810249566478e-03
1.517698566462815724e-03
1.515347968907150480e-03
1.513001011935321584e-03
1.510657689908826351e-03
1.508317997197894042e-03
1.505981928181475893e-03
1.503649477247225811e-03
1.501320638791492140e-03
1.498995407219300960e-03
1.496673776944344595e-03
1.494355742388966653e-03
1.492041297984150316e-03
1.489730438169503375e-03
1.487423157393245442e-03
1.485119450112194935e-03
1.482819310791755199e-03
1.480522733905902154e-03
1.478229713937169107e-03
1.475940245376636348e-03
1.473654322723915540e-03
1.471371940487136917e-03
1.469093093182936936e-03
1.466817775336445038e-03
1.464545981481269127e-03
1.462277706159484511e-03
1.460012943921618501e-03
1.457751689326639141e-03
1.455493936941941761e-03
1.453239681343335100e-03
1.450988917115029380e-03
1.448741638849621776e-03
1.446497841148085793e-03
1.444257518619756087e-03
1.442020665882316104e-03
1.439787277561785719e-03
1.437557348292508230e-03
1.435330872717136474e-03
1.433107845486621557e-03
1.430888261260198106e-03
1.428672114705373643e-03
1.426459400497914710e-03
1.424250113321831688e-03
1.422044247869371425e-03
1.419841798840999238e-03
1.417642760945389373e-03
1.415447128899410259e-03
1.413254897428113882e-03
1.411066061264721044e-03
1.408880615150610513e-03
1.406698553835304937e-03
1.404519872076459563e-03
1.402344564639847711e-03
1.400172626299350798e-03
1.398004051836943375e-03
1.395838836042682723e-03
1.393676973714693670e-03
1.391518459659159485e-03
1.389363288690305832e-03
1.387211455630391445e-03
1.385062955309693169e-03
1.382917782566495547e-03
1.380775932247076945e-03
1.378637399205698494e-03
1.376502178304590427e-03
1.374370264413939721e-03
1.372241652411880335e-03
1.370116337184476302e-03
1.367994313625714138e-03
1.365875576637487878e-03
1.363760121129586715e-03
1.361647942019685031e-03
1.359539034233326780e-03
1.357433392703917248e-03
1.355331012372706792e-03
1.353231888188782600e-03
1.351136015109052858e-03
1.349043388098238299e-03
1.346954002128856369e-03
1.344867852181212339e-03
1.342784933243385860e-03
1.340705240311218386e-03
1.338628768388301681e-03
1.336555512485966980e-03
1.334485467623271323e-03
1.332418628826985418e-03
1.330354991131583444e-03
1.328294549579230044e-03
1.326237299219768179e-03
1.324183235110707639e-03
1.322132352317213549e-03
1.320084645912093574e-03
1.318040110975786426e-03
1.315998742596350161e-03
1.313960535869450677e-03
1.311925485898350228e-03
1.309893587793894195e-03
1.307864836674500026e-03
1.305839227666147047e-03
1.303816755902362364e-03
1.301797416524210459e-03
1.299781204680280824e-03
1.297768115526678643e-03
1.295758144227008744e-03
1.293751285952368007e-03
1.291747535881331704e-03
1.289746889199943096e-03
1.287749341101700629e-03
1.285754886787547537e-03
1.283763521465859474e-03
1.281775240352433240e-03
1.279790038670475510e-03
1.277807911650591117e-03
1.275828854530772650e-03
1.273852862556385489e-03
1.271879930980161734e-03
1.269910055062185026e-03
1.267943230069879705e-03
1.265979451278000188e-03
1.264018713968619251e-03
1.262061013431116764e-03
1.260106344962168409e-03
1.258154703865735271e-03
1.256206085453049747e-03
1.254260485042607304e-03
1.252317897960153904e-03
1.250378319538674723e-03
1.248441745118383534e-03
1.246508170046710991e-03
1.244577589678293574e-03
1.242649999374962743e-03
1.240725394505732800e-03
1.238803770446790910e-03
1.236885122581485828e-03
1.234969446300315972e-03
1.233056737000919664e-03
1.231146990088062554e-03
1.229240200973627647e-03
1.227336365076604242e-03
1.225435477823076224e-03
1.223537534646211870e-03
1.221642530986252360e-03
1.219750462290500933e-03
1.217861324013311828e-03
1.215975111616080309e-03
1.214091820567229875e-03
1.212211446342203363e-03
1.210333984423450811e-03
1.208459430300419047e-03
1.206587779469541280e-03
1.204719027434224743e-03
1.202853169704842014e-03
1.200990201798718664e-03
1.199130119240122841e-03
1.197272917560254866e-03
1.195418592297236389e-03
1.193567138996099982e-03
1.191718553208776779e-03
1.189872830494088018e-03
1.188029966417733551e-03
1.186189956552279913e-03
1.184352796477152305e-03
1.182518481778621795e-03
1.180687008049794698e-03
1.178858370890603679e-03
1.177032565907795833e-03
1.175209588714922274e-03
1.173389434932328376e-03
1.171572100187141851e-03
1.169757580113263851e-03
1.167945870351357485e-03
1.166136966548837186e-03
1.164330864359858957e-03
1.162527559445309744e-03
1.160727047472796597e-03
1.158929324116636040e-03
1.157134385057845835e-03
1.155342225984131322e-03
1.153552842589876740e-03
1.151766230576136340e-03
1.149982385650620727e-03
1.148201303527689480e-03
1.146422979928339450e-03
1.144647410580194565e-03
1.142874591217496070e-03
1.141104517581091908e-03
1.139337185418426305e-03
1.137572590483529799e-03
1.135810728537009484e-03
1.134051595346038379e-03
1.132295186684344809e-03
1.130541498332202858e-03
1.128790526076422617e-03
1.127042265710338255e-03
1.125296713033800862e-03
1.123553863853165007e-03
1.121813713981281799e-03
1.120076259237486093e-03
1.118341495447589115e-03
1.116609418443865673e-03
1.114880024065045914e-03
1.113153308156305567e-03
1.111429266569254884e-03
1.109707895161928665e-03
1.107989189798777802e-03
1.106273146350657136e-03
1.104559760694816999e-03
1.102849028714893674e-03
1.101140946300898120e-03
1.099435509349207078e-03
1.097732713762552886e-03
1.096032555450013714e-03
1.094335030327003811e-03
1.092640134315263746e-03
1.090947863342849348e-03
1.089258213344124551e-03
1.087571180259749469e-03
1.085886760036670852e-03
1.084204948628113632e-03
1.082525741993570082e-03
1.080849136098789836e-03
1.079175126915771004e-03
1.077503710422750846e-03
1.075834882604194062e-03
1.074168639450786287e-03
1.072504976959421947e-03
1.070843891133194722e-03
1.069185377981390168e-03
1.067529433519473795e-03
1.065876053769081958e-03
1.064225234758013399e-03
1.062576972520218842e-03
1.060931263095790580e-03
1.059288102530955974e-03
1.057647486878063574e-03
1.056009412195578132e-03
1.054373874548067370e-03
1.052740870006195267e-03
1.051110394646711209e-03
1.049482444552440668e-03
1.047857015812276096e-03
1.046234104521167382e-03
1.044613706780113177e-03
1.042995818696149622e-03
1.041380436382343842e-03
1.039767555957781149e-03
1.038157173547559192e-03
1.036549285282775592e-03
1.034943887300521876e-03
1.033340975743870897e-03
1.031740546761869244e-03
1.030142596509528571e-03
1.028547121147815185e-03
1.026954116843641811e-03
1.025363579769856311e-03
1.023775506105235617e-03
1.022189892034474018e-03
1.020606733748175791e-03
1.019026027442843487e-03
1.017447769320872298e-03
1.015871955590538561e-03
1.014298582465990870e-03
1.012727646167241400e-03
1.011159142920156585e-03
1.009593068956448660e-03
1.008029420513666336e-03
1.006468193835184178e-03
1.004909385170196529e-03
1.003352990773706674e-03
1.001799006906517291e-03
1.000247429835223086e-03
9.986982558322008135e-04
9.971514811756003894e-04
9.956071021493359974e-04
9.940651150430774175e-04
9.925255161522409178e-04
9.909883017779807981e-04
9.894534682271800656e-04
9.879210118124404603e-04
9.863909288520759499e-04
9.848632156701025379e-04
9.833378685962285062e-04
9.818148839658483434e-04
9.802942581200308186e-04
9.787759874055120424e-04
9.772600681746865768e-04
9.757464967855982189e-04
9.742352696019311109e-04
9.727263829930017170e-04
9.712198333337492820e-04
9.697156170047275918e-04
9.682137303920964081e-04
9.667141698876125780e-04
9.652169318886210346e-04
9.637220127980469916e-04
9.622294090243859680e-04
9.607391169816967410e-04
9.592511330895918051e-04
9.577654537732284814e-04
9.562820754633012199e-04
9.548009945960326010e-04
9.533222076131644442e-04
9.518457109619498941e-04
9.503715010951443130e-04
9.488995744709971493e-04
9.474299275532428299e-04
9.459625568110936050e-04
9.444974587192293564e-04
9.430346297577902248e-04
9.415740664123683698e-04
9.401157651739979956e-04
9.386597225391486287e-04
9.372059350097164442e-04
9.357543990930143997e-04
9.343051113017657302e-04
9.328580681540944068e-04
9.314132661735170056e-04
9.299707018889347924e-04
9.285303718346247246e-04
9.270922725502314275e-04
9.256564005807591715e-04
9.242227524765631985e-04
9.227913247933412647e-04
9.213621140921259434e-04
9.199351169392757342e-04
9.185103299064677988e-04
9.170877495706880947e-04
9.156673725142248704e-04
9.142491953246592324e-04
9.128332145948577728e-04
9.114194269229637874e-04
9.100078289123892522e-04
9.085984171718069092e-04
9.071911883151420261e-04
9.057861389615642651e-04
9.043832657354791173e-04
9.029825652665204221e-04
9.015840341895418018e-04
9.001876691446092892e-04
8.987934667769921114e-04
8.974014237371559684e-04
8.960115366807533833e-04
8.946238022686173056e-04
8.932382171667522207e-04
8.918547780463258016e-04
8.904734815836621870e-04
8.890943244602327652e-04
8.877173033626485849e-04
8.863424149826524406e-04
8.849696560171108495e-04
8.835990231680065704e-04
8.822305131424300383e-04
8.808641226525714503e-04
8.794998484157137177e-04
8.781376871542234674e-04
8.767776355955442117e-04
8.754196904721875654e-04
8.740638485217254406e-04
8.727101064867837576e-04
8.713584611150321452e-04
8.700089091591784113e-04
8.686614473769590020e-04
8.673160725311322792e-04
8.659727813894706064e-04
8.646315707247517832e-04
8.632924373147527570e-04
8.619553779422402988e-04
8.606203893949644981e-04
8.592874684656496556e-04
8.579566119519887535e-04
8.566278166566336982e-04
8.553010793871885977e-04
8.539763969562017389e-04
8.526537661811585400e-04
8.513331838844729856e-04
8.500146468934805790e-04
8.486981520404307533e-04
8.473836961624791730e-04
8.460712761016798197e-04
8.447608887049780531e-04
8.434525308242022627e-04
8.421461993160569287e-04
8.408418910421150329e-04
8.395396028688098186e-04
8.382393316674280684e-04
8.369410743141024065e-04
8.356448276898032759e-04
8.343505886803322157e-04
8.330583541763139470e-04
8.317681210731886748e-04
8.304798862712053659e-04
8.291936466754135093e-04
8.279093991956563937e-04
8.266271407465625425e-04
8.253468682475399677e-04
8.240685786227673875e-04
8.227922688011875046e-04
8.215179357164993082e-04
8.202455763071511349e-04
8.189751875163325378e-04
8.177067662919676721e-04
8.164403095867079230e-04
8.151758143579240995e-04
8.139132775676994952e-04
8.126526961828228410e-04
8.113940671747796318e-04
8.101373875197471390e-04
8.088826541985853031e-04
8.076298641968303370e-04
8.063790145046865945e-04
8.051301021170208239e-04
8.038831240333534946e-04
8.026380772578524002e-04
8.013949587993253942e-04
8.001537656712128009e-04
7.989144948915805847e-04
7.976771434831133028e-04
7.964417084731066241e-04
7.952081868934597403e-04
7.939765757806699440e-04
7.927468721758234140e-04
7.915190731245895766e-04
7.902931756772134083e-04
7.890691768885083881e-04
7.878470738178493422e-04
7.866268635291656132e-04
7.854085430909339043e-04
7.841921095761711239e-04
7.829775600624282053e-04
7.817648916317807830e-04
7.805541013708253975e-04
7.793451863706701713e-04
7.781381437269277619e-04
7.769329705397103741e-04
7.757296639136211950e-04
7.745282209577469129e-04
7.733286387856525132e-04
7.721309145153734720e-04
7.709350452694081670e-04
7.697410281747122393e-04
7.685488603626910043e-04
7.673585389691921872e-04
7.661700611345000685e-04
7.649834240033277864e-04
7.637986247248102888e-04
7.626156604524988048e-04
7.614345283443522787e-04
7.602552255627318409e-04
7.590777492743934355e-04
7.579020966504814230e-04
7.567282648665206663e-04
7.555562511024112174e-04
7.543860525424205118e-04
7.532176663751776217e-04
7.520510897936646911e-04
7.508863199952123821e-04
7.497233541814917433e-04
7.485621895585078131e-04
7.474028233365931145e-04
7.462452527304002823e-04
7.450894749588965341e-04
7.439354872453557551e-04
7.427832868173530776e-04
7.416328709067566407e-04
7.404842367497226031e-04
7.393373815866875537e-04
7.381923026623616810e-04
7.370489972257232439e-04
7.359074625300104401e-04
7.347676958327163102e-04
7.336296943955810399e-04
7.324934554845859971e-04
7.313589763699471181e-04
7.302262543261078603e-04
7.290952866317329138e-04
7.279660705697025636e-04
7.268386034271042328e-04
7.257128824952279291e-04
7.245889050695587634e-04
7.234666684497699030e-04
7.223461699397174755e-04
7.212274068474331962e-04
7.201103764851177549e-04
7.189950761691351775e-04
7.178815032200056706e-04
7.167696549623993330e-04
7.156595287251295420e-04
7.145511218411475327e-04
7.134444316475343746e-04
7.123394554854960928e-04
7.112361907003562954e-04
7.101346346415502104e-04
7.090347846626182888e-04
7.079366381211995912e-04
7.068401923790258246e-04
7.057454448019149455e-04
7.046523927597644378e-04
7.035610336265455669e-04
7.024713647802962235e-04
7.013833836031158281e-04
7.002970874811576332e-04
6.992124738046242780e-04
6.981295399677593314e-04
6.970482833688428472e-04
6.959687014101839913e-04
6.948907914981152954e-04
6.938145510429868023e-04
6.927399774591585851e-04
6.916670681649958680e-04
6.905958205828620876e-04
6.895262321391131466e-04
6.884583002640904748e-04
6.873920223921160420e-04
6.863273959614849852e-04
6.852644184144600793e-04
6.842030871972659906e-04
6.831433997600814710e-04
6.820853535570359965e-04
6.810289460462009854e-04
6.799741746895848109e-04
6.789210369531270550e-04
6.778695303066921115e-04
6.768196522240621385e-04
6.757714001829332644e-04
6.747247716649070219e-04
6.736797641554857947e-04
6.726363751440664210e-04
6.715946021239342298e-04
6.705544425922564276e-04
6.695158940500775448e-04
6.684789540023114126e-04
6.674436199577368257e-04
6.664098894289909297e-04
6.653777599325631483e-04
6.643472289887893296e-04
6.633182941218457827e-04
6.622909528597437480e-04
6.612652027343224586e-04
6.602410412812439360e-04
6.592184660399876776e-04
6.581974745538429587e-04
6.571780643699042792e-04
6.561602330390657253e-04
6.551439781160141394e-04
6.541292971592234818e-04
6.531161877309494103e-04
6.521046473972229914e-04
6.510946737278451709e-04
6.500862642963807026e-04
6.490794166801519679e-04
6.480741284602340975e-04
6.470703972214484657e-04
6.460682205523571612e-04
6.450675960452569154e-04
6.440685212961732480e-04
6.430709939048555876e-04
6.420750114747704419e-04
6.410805716130958676e-04
6.400876719307162666e-04
6.390963100422162061e-04
6.381064835658745637e-04
6.371181901236593233e-04
6.361314273412210698e-04
6.351461928478883273e-04
6.341624842766608369e-04
6.331802992642042438e-04
6.321996354508454359e-04
6.312204904805647368e-04
6.302428620009921118e-04
6.292667476634009873e-04
6.282921451227017461e-04
6.273190520374374987e-04
6.263474660697777949e-04
6.253773848855124443e-04
6.244088061540469621e-04
6.234417275483963893e-04
6.224761467451795467e-04
6.215120614246136136e-04
6.205494692705092489e-04
6.195883679702638694e-04
6.186287552148565533e-04
6.176706286988429455e-04
6.167139861203491851e-04
6.157588251810663764e-04
6.148051435862454932e-04
6.138529390446913073e-04
6.129022092687575092e-04
6.119529519743406370e-04
6.110051648808748721e-04
6.100588457113266180e-04
6.091139921921886460e-04
6.081706020534753242e-04
6.072286730287163297e-04
6.062882028549518776e-04
6.053491892727271917e-04
6.044116300260862166e-04
6.034755228625679306e-04
6.025408655331990822e-04
6.016076557924901784e-04
6.006758913984288706e-04
5.997455701124758355e-04
5.988166896995587027e-04
5.978892479280660923e-04
5.969632425698438195e-04
5.960386714001882818e-04
5.951155321978411454e-04
5.941938227449849010e-04
5.932735408272364662e-04
5.923546842336427408e-04
5.914372507566748602e-04
5.905212381922228830e-04
5.896066443395904782e-04
5.886934670014899382e-04
5.877817039840367574e-04
5.868713530967436696e-04
5.859624121525169611e-04
5.850548789676498574e-04
5.841487513618172107e-04
5.832440271580714881e-04
5.823407041828362668e-04
5.814387802659020050e-04
5.805382532404197542e-04
5.796391209428972558e-04
5.787413812131924360e-04
5.778450318945093939e-04
5.769500708333918969e-04
5.760564958797196938e-04
5.751643048867023352e-04
5.742734957108742945e-04
5.733840662120897637e-04
5.724960142535177746e-04
5.716093377016366692e-04
5.707240344262293295e-04
5.698401023003775391e-04
5.689575392004578638e-04
5.680763430061351463e-04
5.671965116003590364e-04
5.663180428693572691e-04
5.654409347026320871e-04
5.645651849929536267e-04
5.636907916363564485e-04
5.628177525321334659e-04
5.619460655828306325e-04
5.610757286942432559e-04
5.602067397754097091e-04
5.593390967386065518e-04
5.584727974993445188e-04
5.576078399763620148e-04
5.567442220916213194e-04
5.558819417703031668e-04
5.550209969408014324e-04
5.541613855347191217e-04
5.533031054868618650e-04
5.524461547352345564e-04
5.515905312210354992e-04
5.507362328886513097e-04
5.498832576856529063e-04
5.490316035627897627e-04
5.481812684739845957e-04
5.473322503763302206e-04
5.464845472300826129e-04
5.456381569986568959e-04
5.447930776486230049e-04
5.439493071496999399e-04
5.431068434747509961e-04
5.422656845997796430e-04
5.414258285039230201e-04
5.405872731694492256e-04
5.397500165817512453e-04
5.389140567293415314e-04
5.380793916038486419e-04
5.372460192000117103e-04
5.364139375156751341e-04
5.355831445517843454e-04
5.347536383123809326e-04
5.339254168045981953e-04
5.330984780386552888e-04
5.322728200278536471e-04
5.314484407885718869e-04
5.306253383402598440e-04
5.298035107054356466e-04
5.289829559096797520e-04
5.281636719816311517e-04
5.273456569529813001e-04
5.265289088584706447e-04
5.257134257358833142e-04
5.248992056260422387e-04
5.240862465728051388e-04
5.232745466230588876e-04
5.224641038267160411e-04
5.216549162367086585e-04
5.208469819089846155e-04
5.200402989025029428e-04
5.192348652792290551e-04
5.184306791041297640e-04
5.176277384451685075e-04
5.168260413733014470e-04
5.160255859624724795e-04
5.152263702896086846e-04
5.144283924346147946e-04
5.136316504803700505e-04
5.128361425127227809e-04
5.120418666204860653e-04
5.112488208954329635e-04
5.104570034322914200e-04
5.096664123287410111e-04
5.088770456854071990e-04
5.080889016058574284e-04
5.073019781965961393e-04
5.065162735670603218e-04
5.057317858296151792e-04
5.049485130995495742e-04
5.041664534950710420e-04
5.033856051373021036e-04
5.026059661502749534e-04
5.018275346609272309e-04
5.010503087990976837e-04
5.002742866975215053e-04
4.994994664918263241e-04
4.987258463205264565e-04
4.979534243250195464e-04
4.971821986495822280e-04
4.964121674413649217e-04
4.956433288503877144e-04
4.948756810295361309e-04
4.941092221345566885e-04
4.933439503240512596e-04
4.925798637594747944e-04
4.918169606051291413e-04
4.910552390281596857e-04
4.902946971985500373e-04
4.895353332891185611e-04
4.887771454755130644e-04
4.880201319362072730e-04
4.872642908524961155e-04
4.865096204084910607e-04
4.857561187911159980e-04
4.850037841901032798e-04
4.842526147979885716e-04
4.835026088101069489e-04
4.827537644245888317e-04
4.820060798423552134e-04
4.812595532671133246e-04
4.805141829053526212e-04
4.797699669663403393e-04
4.790269036621172126e-04
4.782849912074930271e-04
4.775442278200426097e-04
4.768046117201012201e-04
4.760661411307605395e-04
4.753288142778644421e-04
4.745926293900043329e-04
4.738575846985152449e-04
4.731236784374716646e-04
4.723909088436830869e-04
4.716592741566894074e-04
4.709287726187576695e-04
4.701994024748771313e-04
4.694711619727548750e-04
4.687440493628122285e-04
4.680180628981803204e-04
4.672932008346955806e-04
4.665694614308958372e-04
4.658468429480162507e-04
4.651253436499845433e-04
4.644049618034177466e-04
4.636856956776173226e-04
4.629675435445652063e-04
4.622505036789196857e-04
4.615345743580112278e-04
4.608197538618384668e-04
4.601060404730637050e-04
4.593934324770094428e-04
4.586819281616534463e-04
4.579715258176251689e-04
4.572622237382017400e-04
4.565540202193034110e-04
4.558469135594896528e-04
4.551409020599553605e-04
4.544359840245263001e-04
4.537321577596554220e-04
4.530294215744185243e-04
4.523277737805102413e-04
4.516272126922401945e-04
4.509277366265286016e-04
4.502293439029025901e-04
4.495320328434919692e-04
4.488358017730251096e-04
4.481406490188250945e-04
4.474465729108056543e-04
4.467535717814670460e-04
4.460616439658920962e-04
4.453707878017425692e-04
4.446810016292544504e-04
4.439922837912346396e-04
4.433046326330565600e-04
4.426180465026562550e-04
4.419325237505283225e-04
4.412480627297225540e-04
4.405646617958391639e-04
4.398823193070253200e-04
4.392010336239710240e-04
4.385208031099052076e-04
4.378416261305919928e-04
4.371635010543262461e-04
4.364864262519304347e-04
4.358104000967500183e-04
4.351354209646497630e-04
4.344614872340100552e-04
4.337885972857227269e-04
4.331167495031872615e-04
4.324459422723068904e-04
4.317761739814849069e-04
4.311074430216205460e-04
4.304397477861050272e-04
4.297730866708181934e-04
4.291074580741239576e-04
4.284428603968673207e-04
4.277792920423695473e-04
4.271167514164250756e-04
4.264552369272973432e-04
4.257947469857152091e-04
4.251352800048688340e-04
4.244768344004061023e-04
4.238194085904285562e-04
4.231630009954879808e-04
4.225076100385822837e-04
4.218532341451519717e-04
4.211998717430758140e-04
4.205475212626678602e-04
4.198961811366732667e-04
4.192458498002642848e-04
4.185965256910370081e-04
4.179482072490071985e-04
4.173008929166068166e-04
4.166545811386801186e-04
4.160092703624798075e-04
4.153649590376638345e-04
4.147216456162910081e-04
4.140793285528176332e-04
4.134380063040939330e-04
4.127976773293598749e-04
4.121583400902419179e-04
4.115199930507489469e-04
4.108826346772690742e-04
4.102462634385654113e-04
4.096108778057727076e-04
4.089764762523936102e-04
4.083430572542950314e-04
4.077106192897042461e-04
4.070791608392057472e-04
4.064486803857371260e-04
4.058191764145856022e-04
4.051906474133843382e-04
4.045630918721088609e-04
4.039365082830733214e-04
4.033108951409271879e-04
4.026862509426511801e-04
4.020625741875539626e-04
4.014398633772684583e-04
4.008181170157482163e-04
4.001973336092638886e-04
3.995775116663996518e-04
3.989586496980494128e-04
3.983407462174135558e-04
3.977237997399951479e-04
3.971078087835964695e-04
3.964927718683152738e-04
3.958786875165414259e-04
3.952655542529534332e-04
3.946533706045147051e-04
3.940421351004699748e-04
3.934318462723420469e-04
3.928225026539278945e-04
3.922141027812954062e-04
3.916066451927798083e-04
3.910001284289801957e-04
3.903945510327558452e-04
3.897899115492229629e-04
3.891862085257511068e-04
3.885834405119593373e-04
3.879816060597134531e-04
3.873807037231219246e-04
3.867807320585325338e-04
3.861816896245291210e-04
3.855835749819278447e-04
3.849863866937740372e-04
3.843901233253384101e-04
3.837947834441138555e-04
3.832003656198118145e-04
3.826068684243590242e-04
3.820142904318941024e-04
3.814226302187639158e-04
3.808318863635201646e-04
3.802420574469164011e-04
3.796531420519038552e-04
3.790651387636288869e-04
3.784780461694289204e-04
3.778918628588292996e-04
3.773065874235401445e-04
3.767222184574523934e-04
3.761387545566349301e-04
3.755561943193309513e-04
3.749745363459548232e-04
3.743937792390884486e-04
3.738139216034780691e-04
3.732349620460308497e-04
3.726568991758116259e-04
3.720797316040396516e-04
3.715034579440846954e-04
3.709280768114644935e-04
3.703535868238408998e-04
3.697799866010167426e-04
3.692072747649326257e-04
3.686354499396631880e-04
3.680645107514143931e-04
3.674944558285195718e-04
3.669252838014369286e-04
3.663569933027453675e-04
3.657895829671419441e-04
3.652230514314382332e-04
3.646573973345569684e-04
3.640926193175288974e-04
3.635287160234898008e-04
3.629656860976766971e-04
3.624035281874249696e-04
3.618422409421648972e-04
3.612818230134185642e-04
3.607222730547965535e-04
3.601635897219948026e-04
3.596057716727910254e-04
3.590488175670422189e-04
3.584927260666805429e-04
3.579374958357108265e-04
3.573831255402069363e-04
3.568296138483087400e-04
3.562769594302188543e-04
3.557251609581995547e-04
3.551742171065694689e-04
3.546241265517002155e-04
3.540748879720139646e-04
3.535265000479791012e-04
3.529789614621082192e-04
3.524322708989539475e-04
3.518864270451068353e-04
3.513414285891911242e-04
3.507972742218621459e-04
3.502539626358036119e-04
3.497114925257233846e-04
3.491698625883512554e-04
3.486290715224355831e-04
3.480891180287399873e-04
3.475500008100402584e-04
3.470117185711213761e-04
3.464742700187744737e-04
3.459376538617933683e-04
3.454018688109717424e-04
3.448669135791001617e-04
3.443327868809625521e-04
3.437994874333335973e-04
3.432670139549753234e-04
3.427353651666340093e-04
3.422045397910374758e-04
3.416745365528916709e-04
3.411453541788776332e-04
3.406169913976485656e-04
3.400894469398266901e-04
3.395627195380002670e-04
3.390368079267205587e-04
3.385117108424986316e-04
3.379874270238024283e-04
3.374639552110538952e-04
3.369412941466256206e-04
3.364194425748381250e-04
3.358983992419566620e-04
3.353781628961882916e-04
3.348587322876786813e-04
3.343401061685096127e-04
3.338222832926952409e-04
3.333052624161796551e-04
3.327890422968337344e-04
3.322736216944522747e-04
3.317589993707506274e-04
3.312451740893621521e-04
3.307321446158351802e-04
3.302199097176297085e-04
3.297084681641148513e-04
3.291978187265656415e-04
3.286879601781601584e-04
3.281788912939765995e-04
3.276706108509902992e-04
3.271631176280706934e-04
3.266564104059788251e-04
3.261504879673637132e-04
3.256453490967598581e-04
3.251409925805844232e-04
3.246374172071341446e-04
3.241346217665822958e-04
3.236326050509759768e-04
3.231313658542331866e-04
3.226309029721398966e-04
3.221312152023470682e-04
3.216323013443680512e-04
3.211341601995751686e-04
3.206367905711974935e-04
3.201401912643174344e-04
3.196443610858682415e-04
3.191492988446308077e-04
3.186550033512310131e-04
3.181614734181370681e-04
3.176687078596560445e-04
3.171767054919316523e-04
3.166854651329410416e-04
3.161949856024922007e-04
3.157052657222207031e-04
3.152163043155875393e-04
3.147281002078757017e-04
3.142406522261875822e-04
3.137539591994421536e-04
3.132680199583720961e-04
3.127828333355211956e-04
3.122983981652411993e-04
3.118147132836893761e-04
3.113317775288254271e-04
3.108495897404087746e-04
3.103681487599959602e-04
3.098874534309376092e-04
3.094075025983757197e-04
3.089282951092409525e-04
3.084498298122500290e-04
3.079721055579025322e-04
3.074951211984783598e-04
3.070188755880351211e-04
3.065433675824051564e-04
3.060685960391929883e-04
3.055945598177723949e-04
3.051212577792836991e-04
3.046486887866311664e-04
3.041768517044802947e-04
3.037057453992546697e-04
3.032353687391337971e-04
3.027657205940501202e-04
3.022967998356860934e-04
3.018286053374720675e-04
3.013611359745828203e-04
3.008943906239356053e-04
3.004283681641868446e-04
2.999630674757297979e-04
2.994984874406917438e-04
2.990346269429312691e-04
2.985714848680357750e-04
2.981090601033184418e-04
2.976473515378160058e-04
2.971863580622855611e-04
2.967260785692023913e-04
2.962665119527570961e-04
2.958076571088528810e-04
2.953495129351029554e-04
2.948920783308280383e-04
2.944353521970533775e-04
2.939793334365064180e-04
2.935240209536140918e-04
2.930694136544998905e-04
2.926155104469819134e-04
2.921623102405693445e-04
2.917098119464607716e-04
2.912580144775407166e-04
2.908069167483776302e-04
2.903565176752210728e-04
2.899068161759990581e-04
2.894578111703154512e-04
2.890095015794474746e-04
2.885618863263431609e-04
2.881149643356184791e-04
2.876687345335550579e-04
2.872231958480975299e-04
2.867783472088507660e-04
2.863341875470777078e-04
2.858907157956963314e-04
2.854479308892772082e-04
2.850058317640413361e-04
2.845644173578571585e-04
2.841236866102380158e-04
2.836836384623399234e-04
2.832442718569586982e-04
2.828055857385275733e-04
2.823675790531145419e-04
2.819302507484201348e-04
2.814935997737745468e-04
2.810576250801350893e-04
2.806223256200840758e-04
2.801877003478258949e-04
2.797537482191847871e-04
2.793204681916020807e-04
2.788878592241338062e-04
2.784559202774482029e-04
2.780246503138233873e-04
2.775940482971445350e-04
2.771641131929014948e-04
2.767348439681864580e-04
2.763062395916914644e-04
2.758782990337055297e-04
2.754510212661128018e-04
2.750244052623894713e-04
2.745984499976019278e-04
2.741731544484037248e-04
2.737485175930334650e-04
2.733245384113120358e-04
2.729012158846408202e-04
2.724785489959983902e-04
2.720565367299386094e-04
2.716351780725880308e-04
2.712144720116435657e-04
2.707944175363698820e-04
2.703750136375971812e-04
2.699562593077184337e-04
2.695381535406873733e-04
2.691206953320158949e-04
2.687038836787715066e-04
2.682877175795751615e-04
2.678721960345986555e-04
2.674573180455624044e-04
2.670430826157328967e-04
2.666294887499203077e-04
2.662165354544762230e-04
2.658042217372911988e-04
2.653925466077922688e-04
2.649815090769407208e-04
2.645711081572296578e-04
2.641613428626816127e-04
2.637522122088461628e-04
2.633437152127975989e-04
2.629358508931326486e-04
2.625286182699678741e-04
2.621220163649376662e-04
2.617160442011915345e-04
2.613107008033919380e-04
2.609059851977120091e-04
2.605018964118330596e-04
2.600984334749424664e-04
2.596955954177309614e-04
2.592933812723906251e-04
2.588917900726127189e-04
2.584908208535846488e-04
2.580904726519885561e-04
2.576907445059982275e-04
2.572916354552773062e-04
2.568931445409767438e-04
2.564952708057325779e-04
2.560980132936634926e-04
2.557013710503687584e-04
2.553053431229257387e-04
2.549099285598877755e-04
2.545151264112816415e-04
2.541209357286055887e-04
2.537273555648267460e-04
2.533343849743791682e-04
2.529420230131611790e-04
2.525502687385334740e-04
2.521591212093166274e-04
2.517685794857890853e-04
2.513786426296844021e-04
2.509893097041896132e-04
2.506005797739424708e-04
2.502124519050295468e-04
2.498249251649838467e-04
2.494379986227823710e-04
2.490516713488443801e-04
2.486659424150286838e-04
2.482808108946313644e-04
2.478962758623843676e-04
2.475123363944522494e-04
2.471289915684303333e-04
2.467462404633428128e-04
2.463640821596402037e-04
2.459825157391971754e-04
2.456015402853103284e-04
2.452211548826961889e-04
2.448413586174886603e-04
2.444621505772372888e-04
2.440835298509046072e-04
2.437054955288642103e-04
2.433280467028985593e-04
2.429511824661967866e-04
2.425749019133523372e-04
2.421992041403610719e-04
2.418240882446189900e-04
2.414495533249198442e-04
2.410755984814533519e-04
2.407022228158028367e-04
2.403294254309429518e-04
2.399572054312377556e-04
2.395855619224384616e-04
2.392144940116812976e-04
2.388440008074852285e-04
2.384740814197501134e-04
2.381047349597542931e-04
2.377359605401525573e-04
2.373677572749739761e-04
2.370001242796198942e-04
2.366330606708616274e-04
2.362665655668384833e-04
2.359006380870554847e-04
2.355352773523815811e-04
2.351704824850470458e-04
2.348062526086418234e-04
2.344425868481131436e-04
2.340794843297635435e-04
2.337169441812487526e-04
2.333549655315754977e-04
2.329935475110995514e-04
2.326326892515236176e-04
2.322723898858951904e-04
2.319126485486044129e-04
2.315534643753821794e-04
2.311948365032978864e-04
2.308367640707574802e-04
2.304792462175012894e-04
2.301222820846020181e-04
2.297658708144627684e-04
2.294100115508147081e-04
2.290547034387153101e-04
2.286999456245460745e-04
2.283457372560106864e-04
2.279920774821328196e-04
2.276389654532541041e-04
2.272864003210320935e-04
2.269343812384383668e-04
2.265829073597562255e-04
2.262319778405788768e-04
2.258815918378073468e-04
2.255317485096485018e-04
2.251824470156127986e-04
2.248336865165126040e-04
2.244854661744598908e-04
2.241377851528644760e-04
2.237906426164317170e-04
2.234440377311608578e-04
2.230979696643426444e-04
2.227524375845576436e-04
2.224074406616740750e-04
2.220629780668458323e-04
2.217190489725106130e-04
2.213756525523876957e-04
2.210327879814762597e-04
2.206904544360530269e-04
2.203486510936707166e-04
2.200073771331557146e-04
2.196666317346062031e-04
2.193264140793903174e-04
2.189867233501441128e-04
2.186475587307694238e-04
2.183089194064321290e-04
2.179708045635601454e-04
2.176332133898413684e-04
2.172961450742218832e-04
2.169595988069039042e-04
2.166235737793437968e-04
2.162880691842502070e-04
2.159530842155821641e-04
2.156186180685469936e-04
2.152846699395986093e-04
2.149512390264353185e-04
2.146183245279980863e-04
2.142859256444685579e-04
2.139540415772671334e-04
2.136226715290510166e-04
2.132918147037122906e-04
2.129614703063761557e-04
2.126316375433987883e-04
2.123023156223656331e-04
2.119735037520893977e-04
2.116452011426081547e-04
2.113174070051834449e-04
2.109901205522985422e-04
2.106633409976561768e-04
2.103370675561771260e-04
2.100112994439979372e-04
2.096860358784692743e-04
2.093612760781539124e-04
2.090370192628248941e-04
2.087132646534637411e-04
2.083900114722585294e-04
2.080672589426018563e-04
2.077450062890892960e-04
2.074232527375172576e-04
2.071019975148812237e-04
2.067812398493739615e-04
2.064609789703835438e-04
2.061412141084916145e-04
2.058219444954714642e-04
2.055031693642862139e-04
2.051848879490869723e-04
2.048670994852109378e-04
2.045498032091796104e-04
2.042329983586970289e-04
2.039166841726478203e-04
2.036008598910954643e-04
2.032855247552803422e-04
2.029706780076180562e-04
2.026563188916975593e-04
2.023424466522792849e-04
2.020290605352934119e-04
2.017161597878379408e-04
2.014037436581770670e-04
2.010918113957392019e-04
2.007803622511152117e-04
2.004693954760567364e-04
2.001589103234742385e-04
1.998489060474352137e-04
1.995393819031625110e-04
1.992303371470325701e-04
1.989217710365733080e-04
1.986136828304627903e-04
1.983060717885271984e-04
1.979989371717389866e-04
1.976922782422153098e-04
1.973860942632161533e-04
1.970803844991424897e-04
1.967751482155345711e-04
1.964703846790702489e-04
1.961660931575631575e-04
1.958622729199607630e-04
1.955589232363430074e-04
1.952560433779200867e-04
1.949536326170312037e-04
1.946516902271423722e-04
1.943502154828448457e-04
1.940492076598535444e-04
1.937486660350049689e-04
1.934485898862557630e-04
1.931489784926808439e-04
1.928498311344716400e-04
1.925511470929344379e-04
1.922529256504887287e-04
1.919551660906652836e-04
1.916578676981044735e-04
1.913610297585547780e-04
1.910646515588707798e-04
1.907687323870116197e-04
1.904732715320392076e-04
1.901782682841165963e-04
1.898837219345062195e-04
1.895896317755681301e-04
1.892959971007584824e-04
1.890028172046276345e-04
1.887100913828185494e-04
1.884178189320650598e-04
1.881259991501902967e-04
1.878346313361048999e-04
1.875437147898052835e-04
1.872532488123720095e-04
1.869632327059682700e-04
1.866736657738379086e-04
1.863845473203039566e-04
1.860958766507668440e-04
1.858076530717029631e-04
1.855198758906625544e-04
1.852325444162685950e-04
1.849456579582146843e-04
1.846592158272636352e-04
1.843732173352457388e-04
1.840876617950570567e-04
1.838025485206579038e-04
1.835178768270710856e-04
1.832336460303803539e-04
1.829498554477285632e-04
1.826665043973164243e-04
1.823835921984002812e-04
1.821011181712911087e-04
1.818190816373523434e-04
1.815374819189986648e-04
1.812563183396941242e-04
1.809755902239506002e-04
1.806952968973260369e-04
1.804154376864231695e-04
1.801360119188875192e-04
1.798570189234059561e-04
1.795784580297051544e-04
1.793003285685498577e-04
1.790226298717412798e-04
1.787453612721156139e-04
1.784685221035422977e-04
1.781921117009224417e-04
1.779161294001873380e-04
1.776405745382966719e-04
1.773654464532371659e-04
1.770907444840207371e-04
1.768164679706831150e-04
1.765426162542821061e-04
1.762691886768962663e-04
1.759961845816228408e-04
1.757236033125767882e-04
1.754514442148886392e-04
1.751797066347032502e-04
1.749083899191783116e-04
1.746374934164824245e-04
1.743670164757938799e-04
1.740969584472988976e-04
1.738273186821901351e-04
1.735580965326650614e-04
1.732892913519246017e-04
1.730209024941712942e-04
1.727529293146079351e-04
1.724853711694359520e-04
1.722182274158539402e-04
1.719514974120560369e-04
1.716851805172302670e-04
1.714192760915574055e-04
1.711537834962089440e-04
1.708887020933459527e-04
1.706240312461172368e-04
1.703597703186579819e-04
1.700959186760882898e-04
1.698324756845114979e-04
1.695694407110126620e-04
1.693068131236571733e-04
1.690445922914891321e-04
1.687827775845297763e-04
1.685213683737762610e-04
1.682603640311997615e-04
1.679997639297440637e-04
1.677395674433243447e-04
1.674797739468253562e-04
1.672203828160999882e-04
1.669613934279678329e-04
1.667028051602137200e-04
1.664446173915860101e-04
1.661868295017954016e-04
1.659294408715132499e-04
1.656724508823701316e-04
1.654158589169542717e-04
1.651596643588101887e-04
1.649038665924371766e-04
1.646484650032878144e-04
1.643934589777664205e-04
1.641388479032277793e-04
1.638846311679753793e-04
1.636308081612601389e-04
1.633773782732789702e-04
1.631243408951732064e-04
1.628716954190271660e-04
1.626194412378666881e-04
1.623675777456577241e-04
1.621161043373047915e-04
1.618650204086496470e-04
1.616143253564697132e-04
1.613640185784766972e-04
1.611140994733150722e-04
1.608645674405607495e-04
1.606154218807195877e-04
1.603666621952258748e-04
1.601182877864409731e-04
1.598702980576518281e-04
1.596226924130696948e-04
1.593754702578284302e-04
1.591286309979832734e-04
1.588821740405094087e-04
1.586360987933003671e-04
1.583904046651668875e-04
1.581450910658352361e-04
1.579001574059459055e-04
1.576556030970521782e-04
1.574114275516186898e-04
1.571676301830202366e-04
1.569242104055398510e-04
1.566811676343679886e-04
1.564385012856007117e-04
1.561962107762384700e-04
1.559542955241846368e-04
1.557127549482441265e-04
1.554715884681221209e-04
1.552307955044224426e-04
1.549903754786462271e-04
1.547503278131907032e-04
1.545106519313476474e-04
1.542713472573019752e-04
1.540324132161305208e-04
1.537938492338004925e-04
1.535556547371681713e-04
1.533178291539774747e-04
1.530803719128587097e-04
1.528432824433270274e-04
1.526065601757812314e-04
1.523702045415022588e-04
1.521342149726518528e-04
1.518985909022712341e-04
1.516633317642797731e-04
1.514284369934735803e-04
1.511939060255240697e-04
1.509597382969767390e-04
1.507259332452497603e-04
1.504924903086326247e-04
1.502594089262847602e-04
1.500266885382342574e-04
1.497943285853764602e-04
1.495623285094726921e-04
1.493306877531488193e-04
1.490994057598940580e-04
1.488684819740593486e-04
1.486379158408564606e-04
1.484077068063562044e-04
1.481778543174874275e-04
1.479483578220354976e-04
1.477192167686411904e-04
1.474904306067990640e-04
1.472619987868563471e-04
1.470339207600115841e-04
1.468061959783132796e-04
1.465788238946585974e-04
1.463518039627920869e-04
1.461251356373042458e-04
1.458988183736304367e-04
1.456728516280492603e-04
1.454472348576816068e-04
1.452219675204890570e-04
1.449970490752727434e-04
1.447724789816719410e-04
1.445482567001629291e-04
1.443243816920575272e-04
1.441008534195019027e-04
1.438776713454751612e-04
1.436548349337883168e-04
1.434323436490826653e-04
1.432101969568287279e-04
1.429883943233248951e-04
1.427669352156960990e-04
1.425458191018927020e-04
1.423250454506889517e-04
1.421046137316820052e-04
1.418845234152903839e-04
1.416647739727528625e-04
1.414453648761271679e-04
1.412262955982887048e-04
1.410075656129292554e-04
1.407891743945557321e-04
1.405711214184889848e-04
1.403534061608623920e-04
1.401360280986208029e-04
1.399189867095190743e-04
1.397022814721209322e-04
1.394859118657977787e-04
1.392698773707272560e-04
1.390541774678921889e-04
1.388388116390791213e-04
1.386237793668773134e-04
1.384090801346774132e-04
1.381947134266701017e-04
1.379806787278449541e-04
1.377669755239892204e-04
1.375536033016865512e-04
1.373405615483157510e-04
1.371278497520496398e-04
1.369154674018536707e-04
1.367034139874847372e-04
1.364916889994901433e-04
1.362802919292060858e-04
1.360692222687566780e-04
1.358584795110525680e-04
1.356480631497897996e-04
1.354379726794485662e-04
1.352282075952920446e-04
1.350187673933650402e-04
1.348096515704930382e-04
1.346008596242806584e-04
1.343923910531107612e-04
1.341842453561430646e-04
1.339764220333129795e-04
1.337689205853303891e-04
1.335617405136785383e-04
1.333548813206126779e-04
1.331483425091590351e-04
1.329421235831135392e-04
1.327362240470406020e-04
1.325306434062720065e-04
1.323253811669055247e-04
1.321204368358041040e-04
1.319158099205943499e-04
1.317114999296654140e-04
1.315075063721679377e-04
1.313038287580126692e-04
1.311004665978695693e-04
1.308974194031662394e-04
1.306946866860872437e-04
1.304922679595724557e-04
1.302901627373162182e-04
1.300883705337659881e-04
1.298868908641213058e-04
1.296857232443325222e-04
1.294848671910997138e-04
1.292843222218714087e-04
1.290840878548436658e-04
1.288841636089585832e-04
1.286845490039034310e-04
1.284852435601093780e-04
1.282862467987502168e-04
1.280875582417414973e-04
1.278891774117391436e-04
1.276911038321384246e-04
1.274933370270727340e-04
1.272958765214124790e-04
1.270987218407639962e-04
1.269018725114683045e-04
1.267053280606000485e-04
1.265090880159663324e-04
1.263131519061055821e-04
1.261175192602864605e-04
1.259221896085065671e-04
1.257271624814915970e-04
1.255324374106939320e-04
1.253380139282917729e-04
1.251438915671876763e-04
1.249500698610078763e-04
1.247565483441007129e-04
1.245633265515358457e-04
1.243704040191028718e-04
1.241777802833105937e-04
1.239854548813854745e-04
1.237934273512707433e-04
1.236016972316253111e-04
1.234102640618226052e-04
1.232191273819494037e-04
1.230282867328048597e-04
1.228377416558993089e-04
1.226474916934531308e-04
1.224575363883958546e-04
1.222678752843647495e-04
1.220785079257040928e-04
1.218894338574636523e-04
1.217006526253979951e-04
1.215121637759651184e-04
1.213239668563254877e-04
1.211360614143409389e-04
1.209484469985735940e-04
1.207611231582846821e-04
1.205740894434336179e-04
1.203873454046767820e-04
1.202008905933664906e-04
1.200147245615499660e-04
1.198288468619681840e-04
1.196432570480548176e-04
1.194579546739352199e-04
1.192729392944252587e-04
1.190882104650303682e-04
1.189037677419443423e-04
1.187196106820483863e-04
1.185357388429099514e-04
1.183521517827817857e-04
1.181688490606007689e-04
1.179858302359868959e-04
1.178030948692422602e-04
1.176206425213499021e-04
1.174384727539728329e-04
1.172565851294529640e-04
1.170749792108100230e-04
1.168936545617405644e-04
1.167126107466168579e-04
1.165318473304858453e-04
1.163513638790682051e-04
1.161711599587571464e-04
1.159912351366174468e-04
1.158115889803844220e-04
1.156322210584629371e-04
1.154531309399262133e-04
1.152743181945149341e-04
1.150957823926361740e-04
1.149175231053623148e-04
1.147395399044301239e-04
1.145618323622395884e-04
1.143844000518529807e-04
1.142072425469938549e-04
1.140303594220459088e-04
1.138537502520520759e-04
1.136774146127134274e-04
1.135013520803882506e-04
1.133255622320908840e-04
1.131500446454908218e-04
1.129747988989116713e-04
1.127998245713301089e-04
1.126251212423748772e-04
1.124506884923258095e-04
1.122765259021127994e-04
1.121026330533147439e-04
1.119290095281586628e-04
1.117556549095185734e-04
1.115825687809145417e-04
1.114097507265116802e-04
1.112372003311191173e-04
1.110649171801890488e-04
1.108929008598157350e-04
1.107211509567344572e-04
1.105496670583205556e-04
1.103784487525884532e-04
1.102074956281906667e-04
1.100368072744167765e-04
1.098663832811924912e-04
1.096962232390786049e-04
1.095263267392700883e-04
1.093566933735950591e-04
1.091873227345137521e-04
1.090182144151176922e-04
1.088493680091285427e-04
1.086807831108972379e-04
1.085124593154029394e-04
1.083443962182521823e-04
1.081765934156777507e-04
1.080090505045377963e-04
1.078417670823148764e-04
1.076747427471149376e-04
1.075079770976663938e-04
1.073414697333191373e-04
1.071752202540435630e-04
1.070092282604296735e-04
1.068434933536860360e-04
1.066780151356560316e-04
1.065127932087740807e-04
1.063478271760902815e-04
1.061831166412778907e-04
1.060186612086241219e-04
1.058544604830291151e-04
1.056905140700049070e-04
1.055268215756745498e-04
1.053633826067711088e-04
1.052001967706367403e-04
1.050372636752217297e-04
1.048745829290835698e-04
1.047121541413860798e-04
1.045499769218982808e-04
1.043880508809936770e-04
1.042263756296492127e-04
1.040649507794443095e-04
1.039037759425599723e-04
1.037428507317779083e-04
1.035821747604794832e-04
1.034217476426448946e-04
1.032615689928521966e-04
1.031016384262763776e-04
1.029419555586884256e-04
1.027825200064544202e-04
1.026233313865346241e-04
1.024643893164825758e-04
1.023056934144440727e-04
1.021472432991563713e-04
1.019890385899472392e-04
1.018310789067339788e-04
1.016733638700225871e-04
1.015158931009068342e-04
1.013586662210673282e-04
1.012016828527705667e-04
1.010449426188681502e-04
1.008884451427957392e-04
1.007321900485722677e-04
1.005761769607989406e-04
1.004204055046584203e-04
1.002648753059138512e-04
1.001095859909079919e-04
9.995453718656233490e-05
9.979972852037621162e-05
9.964515962042580326e-05
9.949083011536340897e-05
9.933673963441641585e-05
9.918288780738648575e-05
9.902927426464862022e-05
9.887589863715033373e-05
9.872276055641063730e-05
9.856985965451936082e-05
9.841719556413602822e-05
9.826476791848922049e-05
9.811257635137547793e-05
9.796062049715854121e-05
9.780889999076845690e-05
9.765741446770066943e-05
9.750616356401518089e-05
9.735514691633564293e-05
9.720436416184854371e-05
9.705381493830224555e-05
9.690349888400614478e-05
9.675341563782991275e-05
9.660356483920243872e-05
9.645394612811111160e-05
9.630455914510091195e-05
9.615540353127347679e-05
9.600647892828639493e-05
9.585778497835219052e-05
9.570932132423753697e-05
9.556108760926238963e-05
9.541308347729911840e-05
9.526530857277168104e-05
9.511776254065475579e-05
9.497044502647283338e-05
9.482335567629944452e-05
9.467649413675629253e-05
9.452986005501237243e-05
9.438345307878311715e-05
9.423727285632963857e-05
9.409131903645772462e-05
9.394559126851716169e-05
9.380008920240082658e-05
9.365481248854377850e-05
9.350976077792256787e-05
9.336493372205419280e-05
9.322033097299546210e-05
9.307595218334207372e-05
9.293179700622777450e-05
9.278786509532346567e-05
9.264415610483656594e-05
9.250066968950994078e-05
9.235740550462126551e-05
9.221436320598206304e-05
9.207154244993695849e-05
9.192894289336282537e-05
9.178656419366798601e-05
9.164440600879130349e-05
9.150246799720146342e-05
9.136074981789613363e-05
9.121925113040108327e-05
9.107797159476941034e-05
9.093691087158074207e-05
9.079606862194036755e-05
9.065544450747849235e-05
9.051503819034934406e-05
9.037484933323039981e-05
9.023487759932165438e-05
9.009512265234463093e-05
8.995558415654174398e-05
8.981626177667541852e-05
8.967715517802727688e-05
8.953826402639733907e-05
8.939958798810327745e-05
8.926112672997952224e-05
8.912287991937652967e-05
8.898484722415995530e-05
8.884702831270985441e-05
8.870942285391993662e-05
8.857203051719663074e-05
8.843485097245848848e-05
8.829788389013520868e-05
8.816112894116700030e-05
8.802458579700362024e-05
8.788825412960381766e-05
8.775213361143424976e-05
8.761622391546900748e-05
8.748052471518854482e-05
8.734503568457909612e-05
8.720975649813183573e-05
8.707468683084205140e-05
8.693982635820838526e-05
8.680517475623210203e-05
8.667073170141623519e-05
8.653649687076486871e-05
8.640246994178233742e-05
8.626865059247246811e-05
8.613503850133776636e-05
8.600163334737865760e-05
8.586843481009279590e-05
8.573544256947412891e-05
8.560265630601231505e-05
8.547007570069180195e-05
8.533770043499120305e-05
8.520553019088237601e-05
8.507356465082974509e-05
8.494180349778960996e-05
8.481024641520921060e-05
8.467889308702610386e-05
8.454774319766736389e-05
8.441679643204882315e-05
8.428605247557427287e-05
8.415551101413481247e-05
8.402517173410796870e-05
8.389503432235705864e-05
8.376509846623034943e-05
8.363536385356035358e-05
8.350583017266304290e-05
8.337649711233714375e-05
8.324736436186337815e-05
8.311843161100366411e-05
8.298969855000046518e-05
8.286116486957596371e-05
8.273283026093136965e-05
8.260469441574614811e-05
8.247675702617724683e-05
8.234901778485845920e-05
8.222147638489961114e-05
8.209413251988581571e-05
8.196698588387679545e-05
8.184003617140604215e-05
8.171328307748020698e-05
8.158672629757831446e-05
8.146036552765101703e-05
8.133420046411983615e-05
8.120823080387655241e-05
8.108245624428233819e-05
8.095687648316708001e-05
8.083149121882872803e-05
8.070630015003244222e-05
8.058130297600998252e-05
8.045649939645886856e-05
8.033188911154178337e-05
8.020747182188580086e-05
8.008324722858159981e-05
7.995921503318288107e-05
7.983537493770554089e-05
7.971172664462697973e-05
7.958826985688538394e-05
7.946500427787908888e-05
7.934192961146576567e-05
7.921904556196174361e-05
7.909635183414129192e-05
7.897384813323595561e-05
7.885153416493381013e-05
7.872940963537872954e-05
7.860747425116973593e-05
7.848572771936026767e-05
7.836416974745744751e-05
7.824280004342143208e-05
7.812161831566472069e-05
7.800062427305134223e-05
7.787981762489629947e-05
7.775919808096478302e-05
7.763876535147146661e-05
7.751851914707989723e-05
7.739845917890170906e-05
7.727858515849595942e-05
7.715889679786849180e-05
7.703939380947110913e-05
7.692007590620100462e-05
7.680094280140007052e-05
7.668199420885411213e-05
7.656322984279227857e-05
7.644464941788627673e-05
7.632625264924974785e-05
7.620803925243752215e-05
7.609000894344504962e-05
7.597216143870757327e-05
7.585449645509954647e-05
7.573701370993392811e-05
7.561971292096150504e-05
7.550259380637022798e-05
7.538565608478445257e-05
7.526889947526434308e-05
7.515232369730524896e-05
7.503592847083689172e-05
7.491971351622280927e-05
7.480367855425959695e-05
7.468782330617628417e-05
7.457214749363368382e-05
7.445665083872367405e-05
7.434133306396856124e-05
7.422619389232044311e-05
7.411123304716043614e-05
7.399645025229813352e-05
7.388184523197087331e-05
7.376741771084308790e-05
7.365316741400568061e-05
7.353909406697526675e-05
7.342519739569363150e-05
7.331147712652701163e-05
7.319793298626541792e-05
7.308456470212202521e-05
7.297137200173253551e-05
7.285835461315439191e-05
7.274551226486631781e-05
7.263284468576751733e-05
7.252035160517705185e-05
7.240803275283328442e-05
7.229588785889308011e-05
7.218391665393127750e-05
7.207211886893998389e-05
7.196049423532795196e-05
7.184904248491994275e-05
7.173776334995600739e-05
7.162665656309093144e-05
7.151572185739359794e-05
7.140495896634626910e-05
7.129436762384397646e-05
7.118394756419395167e-05
7.107369852211485400e-05
7.096362023273628244e-05
7.085371243159800322e-05
7.074397485464939417e-05
7.063440723824883480e-05
7.052500931916294742e-05
7.041578083456612278e-05
7.030672152203980177e-05
7.019783111957179781e-05
7.008910936555578185e-05
6.998055599879061831e-05
6.987217075847964676e-05
6.976395338423018052e-05
6.965590361605281545e-05
6.954802119436077944e-05
6.944030585996940387e-05
6.933275735409543240e-05
6.922537541835638406e-05
6.911815979476995686e-05
6.901111022575341799e-05
6.890422645412299393e-05
6.879750822309321995e-05
6.869095527627633020e-05
6.858456735768164790e-05
6.847834421171501609e-05
6.837228558317807938e-05
6.826639121726776893e-05
6.816066085957565195e-05
6.805509425608726761e-05
6.794969115318166624e-05
6.784445129763062333e-05
6.773937443659815160e-05
6.763446031763985049e-05
6.752970868870228273e-05
6.742511929812239162e-05
6.732069189462693178e-05
6.721642622733176443e-05
6.711232204574139664e-05
6.700837909974820879e-05
6.690459713963203445e-05
6.680097591605940147e-05
6.669751518008304404e-05
6.659421468314125222e-05
6.649107417705727558e-05
6.638809341403876759e-05
6.628527214667713507e-05
6.618261012794695545e-05
6.608010711120542108e-05
6.597776285019174298e-05
6.587557709902648671e-05
6.577354961221108451e-05
6.567168014462715765e-05
6.556996845153596082e-05
6.546841428857782641e-05
6.536701741177152760e-05
6.526577757751374979e-05
6.516469454257838587e-05
6.506376806411614318e-05
6.496299789965377105e-05
6.486238380709358643e-05
6.476192554471287758e-05
6.466162287116328071e-05
6.456147554547027843e-05
6.446148332703253579e-05
6.436164597562134455e-05
6.426196325138008110e-05
6.416243491482362372e-05
6.406306072683774268e-05
6.396384044867855817e-05
6.386477384197194399e-05
6.376586066871295832e-05
6.366710069126528808e-05
6.365486233456724879e-05
