0.000000000000000000e+00
1.525453942373335148e-03
3.049268351873561482e-03
6.093620307820579035e-03
9.131423384478124308e-03
1.216268728286258594e-02
4.211777230208658268e-02
7.142975704168277873e-02
1.001085152953268553e-01
1.281640584018008400e-01
2.120167042850724104e-01
2.901796001366203082e-01
3.629620349797963996e-01
4.306677265653060527e-01
4.935922400135006605e-01
5.765385499913120437e-01
6.509349288233251540e-01
7.175400536188113465e-01
7.770565557836974779e-01
8.301317384658869480e-01
8.400269741512703670e-01
8.496929784648015183e-01
8.505649381115450991e-01
8.514350241439655465e-01
8.523032398981075231e-01
8.540340727775956875e-01
8.557574650022444773e-01
8.561011047182350842e-01
8.564444482693083227e-01
8.571305434622021879e-01
8.571617788817802452e-01
8.571930118451660530e-01
8.572554728598716922e-01
8.572649011704724931e-01
8.572743292572078122e-01
8.572742640092033684e-01
8.572741987612045866e-01
8.572741335132114671e-01
8.572740682652241206e-01
8.572740030172423253e-01
8.572738725212901700e-01
8.572737420253606633e-01
8.572736115294539161e-01
8.572723065716348900e-01
8.572710016160861590e-01
8.572696966628077231e-01
8.572566472548917016e-01
8.572435980740049644e-01
8.572305491201434036e-01
8.572175003933031334e-01
8.570870256101796869e-01
8.569565735247420823e-01
8.568261441329589889e-01
8.566957374307997419e-01
8.553929174522778567e-01
8.540923620076363854e-01
8.527940670780215227e-01
8.514980286516792285e-01
8.502042427240100730e-01
8.422145622725648595e-01
8.343107600501082910e-01
8.264918933806925105e-01
8.187570299683831765e-01
8.111052477815846595e-01
8.035356349399732645e-01
7.960472896027755985e-01
7.886393198581874708e-01
7.813108436140112634e-01
7.740609884894978920e-01
7.668888917083801493e-01
7.597936999930842150e-01
7.527745694601067905e-01
7.458306655165436450e-01
7.389611627577594710e-01
7.321652448661833956e-01
7.254421045112209310e-01
7.187909432502661566e-01
7.122109714301206873e-01
7.057014080905691378e-01
6.992614808714503472e-01
6.928904259140461486e-01
6.865874877686438671e-01
6.803519193020832745e-01
6.741829816061540859e-01
6.680799439070039814e-01
6.620420834755431638e-01
6.560686855388373484e-01
6.501590434076225389e-01
6.443124578473750086e-01
6.385282373212854967e-01
6.328056980146163912e-01
6.271441636400043596e-01
6.215429653547028810e-01
6.160014416786012692e-01
6.105189384131282093e-01
6.050948085610510230e-01
5.997284122471578938e-01
5.944191166398148374e-01
5.891662958733853150e-01
5.839693309715058289e-01
5.788276097712055090e-01
5.737405268478622533e-01
5.687074834409850954e-01
5.637278873808142521e-01
5.588011530157297457e-01
5.539267011404596097e-01
5.491039589250784614e-01
5.443323598447891154e-01
5.396113436104764682e-01
5.349403561000274365e-01
5.303188492904065132e-01
5.257462811904802802e-01
5.212221157745815514e-01
5.167458229168047090e-01
5.123168783260261261e-01
5.079347631231478921e-01
5.035989649405955282e-01
4.993089765667210189e-01
4.950642963733777879e-01
4.908644282934747638e-01
4.867088818687047569e-01
4.825971718133343913e-01
4.785288181827771492e-01
4.745033463904935744e-01
4.705202867484215012e-01
4.665791754622651277e-01
4.626795534045238245e-01
4.588209665014965077e-01
4.550029657129668337e-01
4.512251069402849479e-01
4.474869509720993399e-01
4.437880634305143568e-01
4.401280147178521784e-01
4.365063799640050424e-01
4.329227389743666166e-01
4.293766761783370800e-01
4.258677805783955828e-01
4.223956456997329245e-01
4.189598695404401774e-01
4.155600545238383736e-01
4.121958074452010123e-01
4.088667394271358613e-01
4.055724658725616827e-01
4.023126064159361359e-01
3.990867848770063842e-01
3.958946292147640378e-01
3.927357714818580092e-01
3.896098477795087445e-01
3.865164982129186133e-01
3.834553668471737398e-01
3.804261016636319992e-01
3.774283545167905762e-01
3.744617810916291978e-01
3.715260408614233234e-01
3.686207970460214089e-01
3.657457165705824687e-01
3.629004700247676074e-01
3.600847316223814154e-01
3.572981791614575631e-01
3.545404939847844883e-01
3.518113609408655140e-01
3.491104683453091773e-01
3.464375079426447734e-01
3.437921748685586754e-01
3.411741676125463196e-01
3.385831879809757528e-01
3.360189410605581850e-01
3.334811351822206671e-01
3.309694818853765597e-01
3.284836958825902986e-01
3.260234950246305718e-01
3.235886002659085769e-01
3.211787356302975849e-01
3.187936281773282032e-01
3.164330079687566188e-01
3.140966080355005463e-01
3.117841643449399402e-01
3.094954157685773644e-01
3.072301040500551306e-01
3.049879737735240459e-01
3.027687723323613800e-01
3.005722498982324464e-01
2.983981593904941332e-01
2.962462564459342751e-01
2.941162993888452037e-01
2.920080492014265339e-01
2.899212694945140778e-01
2.878557264786311132e-01
2.858111889353585067e-01
2.837874281890205852e-01
2.817842180786819251e-01
2.798013349304539488e-01
2.778385575301051125e-01
2.758956670959742397e-01
2.739724472521807841e-01
2.720686840021314667e-01
2.701841657023177357e-01
2.683186830364025499e-01
2.664720289895919914e-01
2.646439988232898721e-01
2.628343900500307306e-01
2.610430024086897172e-01
2.592696378399647616e-01
2.575141004621296359e-01
2.557761965470531917e-01
2.540557344964836650e-01
2.523525248185935488e-01
2.506663801047828155e-01
2.489971150067382122e-01
2.473445462137447981e-01
2.457084924302472828e-01
2.440887743536590548e-01
2.424852146524149599e-01
2.408976379442664961e-01
2.393258707748155412e-01
2.377697415962848893e-01
2.362290807465223519e-01
2.347037204282364509e-01
2.331934946884604842e-01
2.316982393982429944e-01
2.302177922325619464e-01
2.287519926504599788e-01
2.273006818753987024e-01
2.258637028758292420e-01
2.244409003459766905e-01
2.230321206868365325e-01
2.216372119873801227e-01
2.202560240059672769e-01
2.188884081519634206e-01
2.175342174675596874e-01
2.161933066097926903e-01
2.148655318327627461e-01
2.135507509700478868e-01
2.122488234173112998e-01
2.109596101151007819e-01
2.096829735318372356e-01
2.084187776469910158e-01
2.071668879344429892e-01
2.059271713460294473e-01
2.046994962952677355e-01
2.034837326412617942e-01
2.022797516727841416e-01
2.010874260925340218e-01
1.999066300015683584e-01
1.987372388839044324e-01
1.975791295912922019e-01
1.964321803281541823e-01
1.952962706366913048e-01
1.941712813821528938e-01
1.930570947382687919e-01
1.919535941728419681e-01
1.908606644334998603e-01
1.897781915336024805e-01
1.887060627383061184e-01
1.876441665507801448e-01
1.865923926985758596e-01
1.855506321201454423e-01
1.845187769515092557e-01
1.834967205130703105e-01
1.824843572965736405e-01
1.814815829522095081e-01
1.804882942758585795e-01
1.795043891964775429e-01
1.785297667636239205e-01
1.775643271351179109e-01
1.766079715648404824e-01
1.756606023906655545e-01
1.747221230225254884e-01
1.737924379306076128e-01
1.728714526336808666e-01
1.719590736875514225e-01
1.710552086736448485e-01
1.701597661877144174e-01
1.692726558286737348e-01
1.683937881875522957e-01
1.675230748365727218e-01
1.666604283183483748e-01
1.658057621351997635e-01
1.649589907385889120e-01
1.641200295186697744e-01
1.632887947939541118e-01
1.624652038010907518e-01
1.616491746847579236e-01
1.608406264876664771e-01
1.600394791406734851e-01
1.592456534530046486e-01
1.584590711025843923e-01
1.576796546264724597e-01
1.569073274114059502e-01
1.561420136844453577e-01
1.553836385037236645e-01
1.546321277492976043e-01
1.538874081140992056e-01
1.531494070949874775e-01
1.524180529838983500e-01
1.516932748590921753e-01
1.509750025764976800e-01
1.502631667611512012e-01
1.495576987987302930e-01
1.488585308271803964e-01
1.481655957284339908e-01
1.474788271202207568e-01
1.467981593479679714e-01
1.461235274767903602e-01
1.454548672835676570e-01
1.447921152491100372e-01
1.441352085504093161e-01
1.434840850529758849e-01
1.428386833032597725e-01
1.421989425211553359e-01
1.415648025925885234e-01
1.409362040621855994e-01
1.403130881260228335e-01
1.396953966244559864e-01
1.390830720350286209e-01
1.384760574654587129e-01
1.378742966467024766e-01
1.372777339260944918e-01
1.366863142605634074e-01
1.360999832099225038e-01
1.355186869302340003e-01
1.349423721672464160e-01
1.343709862499044838e-01
1.338044770839301734e-01
1.332427931454746584e-01
1.326858834748402272e-01
1.321336976702711385e-01
1.315861858818130059e-01
1.310432988052397940e-01
1.305049876760477900e-01
1.299712042635154940e-01
1.294419008648290681e-01
1.289170302992726502e-01
1.283965459024823119e-01
1.278804015207636868e-01
1.273685515054716888e-01
1.268609507074527909e-01
1.263575544715478116e-01
1.258583186311558744e-01
1.253631995028576807e-01
1.248721538810985410e-01
1.243851390329294426e-01
1.239021126928064737e-01
1.234230330574472845e-01
1.229478587807442125e-01
1.224765489687335840e-01
1.220090631746202220e-01
1.215453613938568128e-01
1.210854040592776737e-01
1.206291520362857694e-01
1.201765666180929920e-01
1.197276095210127456e-01
1.192822428798044759e-01
1.188404292430693260e-01
1.184021315686966530e-01
1.179673132193606033e-01
1.175359379580663000e-01
1.171079699437451299e-01
1.166833737268984789e-01
1.162621142452894552e-01
1.158441568196821175e-01
1.154294671496275959e-01
1.150180113092965917e-01
1.146097557433577996e-01
1.142046672629017379e-01
1.138027130414094729e-01
1.134038606107656694e-01
1.130080778573156891e-01
1.126153330179659462e-01
1.122255946763274087e-01
1.118388317589013303e-01
1.114550135313072260e-01
1.110741095945522172e-01
1.106960898813415528e-01
1.103209246524298193e-01
1.099485844930120915e-01
1.095790403091551624e-01
1.092122633242678248e-01
1.088482250756100805e-01
1.084868974108409434e-01
1.081282524846040038e-01
1.077722627551508106e-01
1.074189009810014167e-01
1.070681402176415359e-01
1.067199538142562520e-01
1.063743154104996175e-01
1.060311989332999028e-01
1.056905785936999020e-01
1.053524288837321410e-01
1.050167245733284599e-01
1.046834407072636530e-01
1.043525526021327060e-01
1.040240358433614509e-01
1.036978662822500008e-01
1.033740200330487413e-01
1.030524734700667411e-01
1.027332032248117200e-01
1.024161861831617282e-01
1.021013994825678006e-01
1.017888205092875725e-01
1.014784268956493152e-01
1.011701965173460172e-01
1.008641074907593582e-01
1.005601381703131181e-01
1.002582671458557562e-01
9.995847324007177404e-02
9.966073550592162433e-02
9.936503322410976391e-02
9.907134590058068457e-02
9.877965326404238022e-02
9.848993526351720873e-02
9.820217206591966286e-02
9.791634405366086980e-02
9.763243182227933359e-02
9.735041617809800374e-02
9.707027813590689280e-02
9.679199891667138178e-02
9.651555994526567206e-02
9.624094284823132839e-02
9.596812945156026065e-02
9.569710177850240806e-02
9.542784204739734877e-02
9.516033266952989012e-02
9.489455624700927905e-02
9.463049557067162998e-02
9.436813361800569511e-02
9.410745355110126942e-02
9.384843871462025811e-02
9.359107263379005948e-02
9.333533901241915232e-02
9.308122173093436036e-02
9.282870484443987713e-02
9.257777258079760707e-02
9.232840933872865641e-02
9.208059968593564071e-02
9.183432835724586463e-02
9.158958025277479098e-02
9.134634043610977139e-02
9.110459413251364991e-02
9.086432672714850334e-02
9.062552376331861614e-02
9.038817094073287040e-02
9.015225411378634257e-02
8.991775928986076027e-02
8.968467262764372172e-02
8.945298043546633104e-02
8.922266916965931882e-02
8.899372543292698168e-02
8.876613597273934342e-02
8.853988767974178831e-02
8.831496758618231913e-02
8.809136286435606533e-02
8.786906082506695803e-02
8.764804891610640525e-02
8.742831472074856503e-02
8.720984595626229963e-02
8.699263047243951941e-02
8.677665625013965267e-02
8.656191139985022764e-02
8.634838416026326124e-02
8.613606289686728812e-02
8.592493610055496056e-02
8.571499238624595562e-02
8.550622049152500903e-02
8.529860927529502035e-02
8.509214771644486863e-02
8.488682491253204954e-02
8.468263007847967594e-02
8.447955254528793922e-02
8.427758175875964264e-02
8.407670727823988999e-02
8.387691877536951335e-02
8.367820603285239245e-02
8.348055894323619386e-02
8.328396750770658552e-02
8.308842183489478783e-02
8.289391213969815597e-02
8.270042874211380735e-02
8.250796206608509986e-02
8.231650263836073900e-02
8.212604108736654140e-02
8.193656814208952199e-02
8.174807463097438776e-02
8.156055148083200812e-02
8.137398971576011164e-02
8.118838045607569553e-02
8.100371491725924522e-02
8.081998440891061120e-02
8.063718033371632121e-02
8.045529418642836939e-02
8.027431755285402426e-02
8.009424210885707218e-02
7.991505961936976044e-02
7.973676193741582874e-02
7.955934100314412949e-02
7.938278884287308657e-02
7.920709756814545144e-02
7.903225937479360641e-02
7.885826654201513741e-02
7.868511143145213993e-02
7.851278648629068935e-02
7.834128423039304900e-02
7.817059726737655978e-02
7.800071827975041394e-02
7.783164002805215143e-02
7.766335534999220525e-02
7.749585715960774501e-02
7.732913844642590184e-02
7.716319227463622199e-02
7.699801178227215492e-02
7.683359018040165911e-02
7.666992075232660631e-02
7.650699685279108153e-02
7.634481190719832888e-02
7.618335941083642648e-02
7.602263292811231588e-02
7.586262609179443561e-02
7.570333260226359828e-02
7.554474622677212481e-02
7.538686079871108336e-02
7.522967021688574396e-02
7.507316844479887397e-02
7.491734950994194397e-02
7.476220750309414687e-02
7.460773657762917455e-02
7.445393094882958585e-02
7.430078489320868229e-02
7.414829274783993340e-02
7.399644890969370170e-02
7.384524783498136458e-02
7.369468403850651383e-02
7.354475209302344108e-02
7.339544662860256197e-02
7.324676233200294595e-02
7.309869394605163218e-02
7.295123626902989822e-02
7.280438415406613462e-02
7.265813250853554728e-02
7.251247629346636858e-02
7.236741052295267429e-02
7.222293026357358425e-02
7.207903063381891628e-02
7.193570680352114055e-02
7.179295399329360672e-02
7.165076747397489121e-02
7.150914256607932007e-02
7.136807463925357031e-02
7.122755911173908605e-02
7.108759144984064249e-02
7.094816716740055818e-02
7.080928182527880532e-02
7.067093103083886552e-02
7.053311043743906716e-02
7.039581574392973773e-02
7.025904269415579606e-02
7.012278707646477094e-02
6.998704472322025971e-02
6.985181151032084090e-02
6.971708335672410772e-02
6.958285622397612780e-02
6.944912611574587114e-02
6.931588907736495331e-02
6.918314119537234685e-02
6.905087859706407483e-02
6.891909745004795584e-02
6.878779396180315087e-02
6.865696437924462270e-02
6.852660498829234170e-02
6.839671211344530710e-02
6.826728211736007856e-02
6.813831140043424828e-02
6.800979640039413188e-02
6.788173359188730271e-02
6.775411948607940049e-02
6.762695063025553344e-02
6.750022360742595484e-02
6.737393503593606947e-02
6.724808156908088086e-02
6.712265989472346317e-02
6.699766673491781843e-02
6.687309884553575834e-02
6.674895301589796326e-02
6.662522606840907968e-02
6.650191485819675896e-02
6.637901627275484551e-02
6.625652723159031199e-02
6.613444468587410807e-02
6.601276561809597820e-02
6.589148704172290150e-02
6.577060600086140352e-02
6.565011956992357345e-02
6.553002485329667559e-02
6.541031898501650788e-02
6.529099912844424369e-02
6.517206247594693747e-02
6.505350624858143027e-02
6.493532769578179431e-02
6.481752409505028845e-02
6.470009275165147788e-02
6.458303099831005922e-02
6.446633619491165534e-02
6.435000572820719078e-02
6.423403701152032019e-02
6.411842748445818752e-02
6.400317461262529373e-02
6.388827588734057039e-02
6.377372882535753407e-02
6.365953096858756322e-02
6.354567988382606170e-02
6.343217316248188353e-02
6.331900842030953325e-02
6.320618329714436379e-02
6.309369545664071655e-02
6.298154258601294797e-02
6.286972239577923172e-02
6.275823261950827514e-02
6.264707101356871422e-02
6.253623535688136725e-02
6.242572345067413236e-02
6.231553311823962576e-02
6.220566220469549157e-02
6.209610857674726508e-02
6.198687012245396311e-02
6.187794475099617220e-02
6.176933039244669743e-02
6.166102499754375077e-02
6.155302653746663050e-02
6.144533300361382233e-02
6.133794240738361936e-02
6.123085277995709425e-02
6.112406217208347231e-02
6.101756865386784995e-02
6.091137031456128614e-02
6.080546526235315608e-02
6.069985162416582924e-02
6.059452754545154030e-02
6.048949118999159130e-02
6.038474073969764960e-02
6.028027439441530771e-02
6.017609037172978736e-02
6.007218690677372519e-02
5.996856225203718582e-02
5.986521467717961786e-02
5.976214246884399561e-02
5.965934393047293838e-02
5.955681738212686982e-02
5.945456116030417570e-02
5.935257361776334617e-02
5.925085312334705395e-02
5.914939806180816162e-02
5.904820683363767170e-02
5.894727785489455030e-02
5.884660955703738955e-02
5.874620038675799211e-02
5.864604880581669732e-02
5.854615329087958092e-02
5.844651233335742407e-02
5.834712443924641723e-02
5.824798812897070271e-02
5.814910193722653414e-02
5.805046441282821212e-02
5.795207411855574781e-02
5.785392963100408764e-02
5.775602954043411452e-02
5.765837245062519628e-02
5.756095697872939954e-02
5.746378175512732722e-02
5.736684542328544106e-02
5.727014663961506324e-02
5.717368407333286995e-02
5.707745640632292533e-02
5.698146233300022817e-02
5.688570056017574345e-02
5.679016980692296740e-02
5.669486880444590121e-02
5.659979629594848183e-02
5.650495103650551160e-02
5.641033179293487854e-02
5.631593734367130316e-02
5.622176647864143145e-02
5.612781799914024622e-02
5.603409071770891481e-02
5.594058345801392745e-02
5.584729505472758176e-02
5.575422435340975091e-02
5.566137021039101879e-02
5.556873149265700862e-02
5.547630707773403003e-02
5.538409585357600279e-02
5.529209671845254637e-02
5.520030858083840863e-02
5.510873035930397013e-02
5.501736098240708056e-02
5.492619938858598477e-02
5.483524452605351845e-02
5.474449535269233086e-02
5.465395083595140507e-02
5.456360995274363301e-02
5.447347168934447981e-02
5.438353504129186944e-02
5.429379901328704877e-02
5.420426261909663812e-02
5.411492488145568797e-02
5.402578483197183201e-02
5.393684151103048802e-02
5.384809396770108558e-02
5.375954125964434172e-02
5.367118245302052865e-02
5.358301662239877555e-02
5.349504285066734172e-02
5.340726022894488889e-02
5.331966785649269736e-02
5.323226484062790892e-02
5.314505029663764424e-02
5.305802334769412626e-02
5.297118312477065716e-02
5.288452876655861529e-02
5.279805941938527092e-02
5.271177423713258731e-02
5.262567238136129505e-02
5.253975302071622888e-02
5.245401533115990472e-02
5.236845849599840175e-02
5.228308170525430149e-02
5.219788415703408013e-02
5.211286505584902806e-02
5.202802361314828178e-02
5.194335904729370512e-02
5.185887058343661982e-02
5.177455745344598792e-02
5.169041889583726734e-02
5.160645415570197514e-02
5.152266248463806958e-02
5.143904314068106776e-02
5.135559538823594034e-02
5.127231849800975572e-02
5.118921174694501808e-02
5.110627441815378952e-02
5.102350580085251996e-02
5.094090519029756403e-02
5.085847188772142646e-02
5.077620520026968065e-02
5.069410444093864349e-02
5.061216892851364002e-02
5.053039798750802447e-02
5.044879094810279796e-02
5.036734714608697566e-02
5.028606592279851600e-02
5.020494662506592987e-02
5.012398860515055593e-02
5.004319122068944664e-02
4.996255383463885785e-02
4.988207581521839074e-02
4.980175653585573042e-02
4.972159537513198141e-02
4.964159171672763438e-02
4.956174494936903957e-02
4.948205446677560876e-02
4.940251966760744046e-02
4.932313995541362517e-02
4.924391473858105717e-02
4.916484343028384996e-02
4.908592544843327216e-02
4.900716021562821073e-02
4.892854715910627955e-02
4.885008571069530958e-02
4.877177530676549133e-02
4.869361538818200996e-02
4.861560540025813837e-02
4.853774479270892006e-02
4.846003301960533083e-02
4.838246953932893307e-02
4.830505381452702279e-02
4.822778531206829006e-02
4.815066350299893744e-02
4.807368786249929804e-02
4.799685786984089764e-02
4.792017300834403720e-02
4.784363276533577791e-02
4.776723663210843268e-02
4.769098410387848791e-02
4.761487467974599014e-02
4.753890786265432822e-02
4.746308315935052896e-02
4.738740008034594137e-02
4.731185813987734412e-02
4.723645685586849025e-02
4.716119574989208196e-02
4.708607434713213413e-02
4.701109217634678178e-02
4.693624876983147620e-02
4.686154366338254884e-02
4.678697639626124005e-02
4.671254651115807482e-02
4.663825355415763402e-02
4.656409707470371417e-02
4.649007662556486203e-02
4.641619176280029763e-02
4.634244204581534216e-02
4.626882703710351319e-02
4.619534630234955336e-02
4.612199941044197588e-02
4.604878593339496728e-02
4.597570544631651712e-02
4.590275752737687370e-02
4.582994175777729134e-02
4.575725772171916617e-02
4.568470500637347026e-02
4.561228320185054669e-02
4.553999190117023754e-02
4.546783070023226875e-02
4.539579919778707895e-02
4.532389699540684963e-02
4.525212369745689606e-02
4.518047891106741903e-02
4.510896224610546484e-02
4.503757331514725293e-02
4.496631173345082277e-02
4.489517711892891672e-02
4.482416909212218886e-02
4.475328727617275404e-02
4.468253129679790325e-02
4.461190078226424244e-02
4.454139536336199773e-02
4.447101467337970931e-02
4.440075834807907101e-02
4.433062602567017230e-02
4.426061734678690684e-02
4.419073195446274194e-02
4.412096949410664048e-02
4.405132961347935777e-02
4.398181196266991166e-02
4.391241619407235119e-02
4.384314196236276107e-02
4.377398892447653678e-02
4.370495673958584709e-02
4.363604506907743652e-02
4.356725357653058739e-02
4.349858192769534559e-02
4.343002979047101003e-02
4.336159683488480243e-02
4.329328273307080782e-02
4.322508715924916478e-02
4.315700978970538754e-02
4.308905030277002113e-02
4.302120837879847004e-02
4.295348370015102807e-02
4.288587595117313717e-02
4.281838481817588221e-02
4.275100998941668007e-02
4.268375115508014905e-02
4.261660800725925596e-02
4.254958023993659494e-02
4.248266754896591613e-02
4.241586963205380700e-02
4.234918618874165125e-02
4.228261692038768477e-02
4.221616153014933620e-02
4.214981972296567153e-02
4.208359120554012317e-02
4.201747568632332314e-02
4.195147287549614440e-02
4.188558248495299202e-02
4.181980422828515676e-02
4.175413782076443925e-02
4.168858297932691304e-02
4.162313942255689569e-02
4.155780687067103102e-02
4.149258504550262100e-02
4.142747367048604107e-02
4.136247247064142596e-02
4.129758117255941802e-02
4.123279950438614450e-02
4.116812719580834057e-02
4.110356397803861805e-02
4.103910958380094232e-02
4.097476374731617160e-02
4.091052620428786701e-02
4.084639669188815103e-02
4.078237494874379504e-02
4.071846071492242480e-02
4.065465373191885778e-02
4.059095374264162087e-02
4.052736049139961383e-02
4.046387372388886294e-02
4.040049318717947591e-02
4.033721862970272160e-02
4.027404980123824862e-02
4.021098645290142187e-02
4.014802833713079777e-02
4.008517520767576614e-02
4.002242681958430304e-02
3.995978292919086933e-02
3.989724329410439252e-02
3.983480767319640820e-02
3.977247582658938879e-02
3.971024751564507932e-02
3.964812250295305512e-02
3.958610055231934904e-02
3.952418142875523122e-02
3.946236489846607909e-02
3.940065072884039316e-02
3.933903868843894452e-02
3.927752854698395024e-02
3.921612007534850536e-02
3.915481304554600805e-02
3.909360723071972354e-02
3.903250240513255614e-02
3.897149834415675890e-02
3.891059482426389993e-02
3.884979162301488431e-02
3.878908851905005922e-02
3.872848529207945090e-02
3.866798172287310570e-02
3.860757759325154220e-02
3.854727268607629348e-02
3.848706678524050490e-02
3.842695967565973314e-02
3.836695114326276607e-02
3.830704097498255356e-02
3.824722895874725637e-02
3.818751488347137124e-02
3.812789853904694631e-02
3.806837971633494216e-02
3.800895820715655821e-02
3.794963380428485050e-02
3.789040630143623162e-02
3.783127549326217171e-02
3.777224117534101061e-02
3.771330314416979079e-02
3.765446119715616657e-02
3.759571513261051462e-02
3.753706474973795421e-02
3.747850984863063811e-02
3.742005023025996718e-02
3.736168569646897142e-02
3.730341604996478821e-02
3.724524109431111979e-02
3.718716063392089877e-02
3.712917447404896071e-02
3.707128242078475133e-02
3.701348428104522803e-02
3.695577986256774056e-02
3.689816897390300193e-02
3.684065142440819118e-02
3.678322702424004914e-02
3.672589558434809220e-02
3.666865691646791631e-02
3.661151083311453558e-02
3.655445714757576264e-02
3.649749567390575544e-02
3.644062622691852937e-02
3.638384862218161514e-02
3.632716267600973742e-02
3.627056820545856292e-02
3.621406502831852475e-02
3.615765296310875093e-02
3.610133182907097199e-02
3.604510144616355355e-02
3.598896163505557744e-02
3.593291221712099914e-02
3.587695301443280527e-02
3.582108384975734444e-02
3.576530454654859581e-02
3.570961492894256933e-02
3.565401482175176856e-02
3.559850405045967420e-02
3.554308244121528321e-02
3.548774982082777973e-02
3.543250601676114359e-02
3.537735085712891137e-02
3.532228417068896537e-02
3.526730578683835715e-02
3.521241553560819360e-02
3.515761324765859924e-02
3.510289875427367867e-02
3.504827188735661764e-02
3.499373247942474952e-02
3.493928036360469808e-02
3.488491537362760353e-02
3.483063734382436938e-02
3.477644610912093703e-02
3.472234150503367839e-02
3.466832336766478145e-02
3.461439153369765681e-02
3.456054584039249672e-02
3.450678612558175790e-02
3.445311222766577613e-02
3.439952398560840174e-02
3.434602123893264886e-02
3.429260382771644883e-02
3.423927159258840364e-02
3.418602437472360173e-02
3.413286201583944773e-02
3.407978435819158242e-02
3.402679124456980952e-02
3.397388251829409900e-02
3.392105802321055547e-02
3.386831760368753941e-02
3.381566110461172586e-02
3.376308837138429497e-02
3.371059924991704621e-02
3.365819358662867911e-02
3.360587122844103936e-02
3.355363202277539952e-02
3.350147581754880227e-02
3.344940246117046601e-02
3.339741180253813502e-02
3.334550369103458922e-02
3.329367797652409144e-02
3.324193450934891103e-02
3.319027314032590298e-02
3.313869372074305930e-02
3.308719610235616448e-02
3.303578013738545788e-02
3.298444567851230302e-02
3.293319257887594026e-02
3.288202069207022543e-02
3.283092987214044495e-02
3.277991997358013082e-02
3.272899085132790348e-02
3.267814236076439088e-02
3.262737435770914074e-02
3.257668669841756737e-02
3.252607923957792635e-02
3.247555183830835163e-02
3.242510435215387871e-02
3.237473663908353033e-02
3.232444855748741602e-02
3.227423996617387325e-02
3.222411072436660168e-02
3.217406069170190841e-02
3.212408972822584224e-02
3.207419769439152218e-02
3.202438445105636883e-02
3.197464985947940513e-02
3.192499378131861271e-02
3.187541607862822562e-02
3.182591661385619775e-02
3.177649524984153817e-02
3.172715184981177855e-02
3.167788627738041957e-02
3.162869839654441906e-02
3.157958807168170789e-02
3.153055516754870585e-02
3.148159954927790688e-02
3.143272108237542967e-02
3.138391963271864454e-02
3.133519506655381426e-02
3.128654725049370700e-02
3.123797605151532042e-02
3.118948133695755368e-02
3.114106297451892796e-02
3.109272083225534875e-02
3.104445477857785407e-02
3.099626468225042883e-02
3.094815041238778083e-02
3.090011183845320711e-02
3.085214883025642202e-02
3.080426125795144784e-02
3.075644899203449148e-02
3.070871190334189746e-02
3.066104986304803506e-02
3.061346274266329298e-02
3.056595041403203233e-02
3.051851274933060562e-02
3.047114962106534791e-02
3.042386090207062355e-02
3.037664646550687630e-02
3.032950618485871080e-02
3.028243993393297043e-02
3.023544758685685341e-02
3.018852901807605321e-02
3.014168410235287809e-02
3.009491271476443311e-02
3.004821473070079865e-02
3.000159002586323329e-02
2.995503847626238350e-02
2.990855995821651431e-02
2.986215434834976062e-02
2.981582152359041338e-02
2.976956136116917437e-02
2.972337373861747359e-02
2.967725853376579001e-02
2.963121562474195503e-02
2.958524488996954263e-02
2.953934620816620060e-02
2.949351945834204070e-02
2.944776451979802881e-02
2.940208127212440639e-02
2.935646959519911531e-02
2.931092936918620537e-02
2.926546047453433899e-02
2.922006279197521955e-02
2.917473620252209604e-02
2.912948058746825039e-02
2.908429582838551949e-02
2.903918180712280681e-02
2.899413840580462517e-02
2.894916550682966397e-02
2.890426299286934231e-02
2.885943074686638660e-02
2.881466865203343233e-02
2.876997659185161899e-02
2.872535445006923344e-02
2.868080211070029792e-02
2.863631945802326551e-02
2.859190637657963233e-02
2.854756275117264347e-02
2.850328846686594336e-02
2.845908340898228514e-02
2.841494746310223654e-02
2.837088051506289968e-02
2.832688245095662388e-02
2.828295315712976363e-02
2.823909252018142607e-02
2.819530042696222899e-02
2.815157676457308300e-02
2.810792142036396685e-02
2.806433428193273391e-02
2.802081523712391872e-02
2.797736417402755388e-02
2.793398098097799043e-02
2.789066554655275643e-02
2.784741775957139120e-02
2.780423750909430738e-02
2.776112468442166331e-02
2.771807917509225283e-02
2.767510087088237772e-02
2.763218966180475827e-02
2.758934543810745432e-02
2.754656809027275846e-02
2.750385750901614829e-02
2.746121358528521433e-02
2.741863621025861231e-02
2.737612527534502571e-02
2.733368067218210420e-02
2.729130229263549215e-02
2.724899002879775656e-02
2.720674377298741564e-02
2.716456341774793615e-02
2.712244885584673068e-02
2.708039998027419321e-02
2.703841668424271025e-02
2.699649886118571374e-02
2.695464640475671997e-02
2.691285920882837551e-02
2.687113716749153086e-02
2.682948017505430369e-02
2.678788812604114902e-02
2.674636091519195027e-02
2.670489843746111716e-02
2.666350058801667325e-02
2.662216726223937818e-02
2.658089835572184645e-02
2.653969376426764532e-02
2.649855338389045176e-02
2.645747711081317469e-02
2.641646484146710841e-02
2.637551647249107914e-02
2.633463190073061927e-02
2.629381102323710348e-02
2.625305373726695771e-02
2.621235994028081259e-02
2.617172952994270899e-02
2.613116240411927221e-02
2.609065846087893492e-02
2.605021759849112523e-02
2.600983971542548956e-02
2.596952471035111898e-02
2.592927248213575814e-02
2.588908292984505241e-02
2.584895595274178462e-02
2.580889145028511175e-02
2.576888932212981903e-02
2.572894946812559480e-02
2.568907178831627072e-02
2.564925618293909665e-02
2.560950255242402593e-02
2.556981079739299029e-02
2.553018081865917818e-02
2.549061251722634092e-02
2.545110579428808487e-02
2.541166055122716719e-02
2.537227668961482274e-02
2.533295411121005980e-02
2.529369271795899737e-02
2.525449241199417133e-02
2.521535309563388561e-02
2.517627467138153566e-02
2.513725704192493887e-02
2.509830011013571352e-02
2.505940377906859182e-02
2.502056795196080582e-02
2.498179253223143173e-02
2.494307742348075840e-02
2.490442252948966984e-02
2.486582775421900329e-02
2.482729300180894216e-02
2.478881817657839839e-02
2.475040318302439840e-02
2.471204792582148285e-02
2.467375230982110298e-02
2.463551624005102733e-02
2.459733962171474150e-02
2.455922236019086879e-02
2.452116436103258731e-02
2.448316552996704365e-02
2.444522577289478735e-02
2.440734499588919498e-02
2.436952310519590811e-02
2.433176000723226082e-02
2.429405560858673846e-02
2.425640981601841911e-02
2.421882253645640456e-02
2.418129367699930685e-02
2.414382314491467924e-02
2.410641084763849584e-02
2.406905669277460691e-02
2.403176058809421839e-02
2.399452244153535765e-02
2.395734216120234961e-02
2.392021965536531361e-02
2.388315483245962573e-02
2.384614760108542258e-02
2.380919787000708790e-02
2.377230554815275287e-02
2.373547054461378619e-02
2.369869276864431176e-02
2.366197212966069177e-02
2.362530853724107219e-02
2.358870190112485193e-02
2.355215213121223186e-02
2.351565913756372209e-02
2.347922283039966668e-02
2.344284312009977181e-02
2.340651991720263392e-02
2.337025313240526786e-02
2.333404267656264894e-02
2.329788846068724800e-02
2.326179039594858389e-02
2.322574839367274463e-02
2.318976236534196766e-02
2.315383222259416451e-02
2.311795787722248363e-02
2.308213924117487326e-02
2.304637622655363732e-02
2.301066874561499137e-02
2.297501671076863927e-02
2.293942003457733608e-02
2.290387862975646477e-02
2.286839240917359212e-02
2.283296128584808016e-02
2.279758517295063167e-02
2.276226398380288771e-02
2.272699763187701130e-02
2.269178603079527803e-02
2.265662909432966318e-02
2.262152673640143233e-02
2.258647887108072849e-02
2.255148541258620437e-02
2.251654627528457478e-02
2.248166137369025583e-02
2.244683062246495900e-02
2.241205393641728869e-02
2.237733123050237444e-02
2.234266241982146156e-02
2.230804741962153642e-02
2.227348614529494480e-02
2.223897851237900680e-02
2.220452443655564559e-02
2.217012383365100231e-02
2.213577661963507873e-02
2.210148271062133477e-02
2.206724202286636932e-02
2.203305447276949353e-02
2.199891997687241155e-02
2.196483845185883896e-02
2.193080981455415232e-02
2.189683398192501795e-02
2.186291087107904846e-02
2.182904039926443149e-02
2.179522248386960015e-02
2.176145704242286177e-02
2.172774399259206832e-02
2.169408325218425554e-02
2.166047473914530300e-02
2.162691837155959751e-02
2.159341406764968968e-02
2.155996174577595390e-02
2.152656132443624484e-02
2.149321272226558527e-02
2.145991585803580515e-02
2.142667065065523291e-02
2.139347701916834849e-02
2.136033488275547454e-02
2.132724416073243992e-02
2.129420477255025701e-02
2.126121663779479906e-02
2.122827967618648101e-02
2.119539380757994376e-02
2.116255895196373846e-02
2.112977502945999689e-02
2.109704196032414006e-02
2.106435966494455206e-02
2.103172806384227128e-02
2.099914707767069205e-02
2.096661662721523503e-02
2.093413663339307312e-02
2.090170701725280536e-02
2.086932769997415157e-02
2.083699860286768180e-02
2.080471964737447277e-02
2.077249075506584775e-02
2.074031184764307464e-02
2.070818284693703992e-02
2.067610367490800224e-02
2.064407425364527329e-02
2.061209450536692286e-02
2.058016435241950479e-02
2.054828371727777242e-02
2.051645252254437682e-02
2.048467069094959611e-02
2.045293814535104060e-02
2.042125480873338214e-02
2.038962060420806965e-02
2.035803545501304809e-02
2.032649928451248783e-02
2.029501201619650017e-02
2.026357357368086670e-02
2.023218388070675486e-02
2.020084286114047500e-02
2.016955043897316821e-02
2.013830653832057727e-02
2.010711108342274830e-02
2.007596399864377407e-02
2.004486520847153369e-02
2.001381463751741863e-02
1.998281221051607243e-02
1.995185785232513054e-02
1.992095148792495315e-02
1.989009304241837542e-02
1.985928244103044027e-02
1.982851960910814171e-02
1.979780447212016806e-02
1.976713695565665216e-02
1.973651698542890770e-02
1.970594448726918982e-02
1.967541938713042796e-02
1.964494161108598300e-02
1.961451108532940094e-02
1.958412773617414920e-02
1.955379149005338768e-02
1.952350227351970849e-02
1.949326001324490354e-02
1.946306463601970432e-02
1.943291606875355293e-02
1.940281423847434877e-02
1.937275907232820921e-02
1.934275049757924053e-02
1.931278844160927433e-02
1.928287283191766274e-02
1.925300359612100443e-02
1.922318066195294675e-02
1.919340395726390480e-02
1.916367341002087402e-02
1.913398894830716651e-02
1.910435050032217863e-02
1.907475799438117930e-02
1.904521135891506720e-02
1.901571052247013130e-02
1.898625541370783584e-02
1.895684596140459824e-02
1.892748209445153235e-02
1.889816374185425765e-02
1.886889083273265641e-02
1.883966329632064465e-02
1.881048106196596056e-02
1.878134405912993549e-02
1.875225221738726841e-02
1.872320546642581435e-02
1.869420373604635879e-02
1.866524695616239571e-02
1.863633505679991934e-02
1.860746796809719175e-02
1.857864562030453817e-02
1.854986794378412490e-02
1.852113486900974076e-02
1.849244632656660281e-02
1.846380224715110999e-02
1.843520256157065579e-02
1.840664720074341315e-02
1.837813609569810894e-02
1.834966917757382965e-02
1.832124637761979938e-02
1.829286762719517512e-02
1.826453285776884553e-02
1.823624200091921235e-02
1.820799498833399269e-02
1.817979175181000731e-02
1.815163222325297254e-02
1.812351633467730594e-02
1.809544401820590773e-02
1.806741520606997692e-02
1.803942983060878927e-02
1.801148782426950992e-02
1.798358911960698525e-02
1.795573364928353816e-02
1.792792134606878071e-02
1.790015214283940601e-02
1.787242597257899038e-02
1.784474276837779913e-02
1.781710246343258530e-02
1.778950499104640232e-02
1.776195028462839234e-02
1.773443827769359896e-02
1.770696890386278671e-02
1.767954209686222258e-02
1.765215779052349901e-02
1.762481591878333961e-02
1.759751641568340144e-02
1.757025921537008414e-02
1.754304425209434262e-02
1.751587146021150315e-02
1.748874077418106562e-02
1.746165212856650231e-02
1.743460545803509482e-02
1.740760069735773283e-02
1.738063778140873025e-02
1.735371664516563439e-02
1.732683722370904206e-02
1.729999945222241570e-02
1.727320326599189951e-02
1.724644860040613209e-02
1.721973539095606603e-02
1.719306357323477363e-02
1.716643308293728382e-02
1.713984385586038439e-02
1.711329582790245205e-02
1.708678893506325111e-02
1.706032311344378785e-02
1.703389829924609536e-02
1.700751442877306355e-02
1.698117143842828650e-02
1.695486926471584388e-02
1.692860784424015524e-02
1.690238711370577532e-02
1.687620700991724482e-02
1.685006746977890657e-02
1.682396843029470776e-02
1.679790982856805420e-02
1.677189160180161953e-02
1.674591368729716825e-02
1.671997602245540310e-02
1.669407854477576378e-02
1.666822119185627088e-02
1.664240390139335585e-02
1.661662661118168058e-02
1.659088925911396395e-02
1.656519178318082222e-02
1.653953412147059557e-02
1.651391621216917113e-02
1.648833799355981650e-02
1.646279940402301314e-02
1.643730038203628993e-02
1.641184086617405655e-02
1.638642079510741964e-02
1.636104010760403016e-02
1.633569874252793069e-02
1.631039663883935079e-02
1.628513373559457161e-02
1.625990997194575946e-02
1.623472528714078530e-02
1.620957962052307563e-02
1.618447291153143203e-02
1.615940509969988545e-02
1.613437612465752277e-02
1.610938592612831677e-02
1.608443444393099081e-02
1.605952161797883151e-02
1.603464738827952568e-02
1.600981169493501804e-02
1.598501447814134127e-02
1.596025567818845636e-02
1.593553523546008613e-02
1.591085309043355905e-02
1.588620918367966706e-02
1.586160345586248507e-02
1.583703584773921841e-02
1.581250630016004660e-02
1.578801475406797425e-02
1.576356115049865406e-02
1.573914543058025153e-02
1.571476753553328193e-02
1.569042740667044022e-02
1.566612498539646930e-02
1.564186021320798994e-02
1.561763303169334122e-02
1.559344338253243999e-02
1.556929120749662478e-02
1.554517644844849444e-02
1.552109904734175379e-02
1.549705894622107824e-02
1.547305608722193519e-02
1.544909041257045562e-02
1.542516186458326756e-02
1.540127038566735211e-02
1.537741591831988386e-02
1.535359840512809382e-02
1.532981778876910464e-02
1.530607401200979011e-02
1.528236701770662245e-02
1.525869674880552668e-02
1.523506314834172093e-02
1.521146615943958121e-02
1.518790572531248176e-02
1.516438178926265805e-02
1.514089429468105062e-02
1.511744318504715939e-02
1.509402840392890140e-02
1.507064989498245640e-02
1.504730760195213159e-02
1.502400146867020371e-02
1.500073143905678377e-02
1.497749745711966438e-02
1.495429946695417921e-02
1.493113741274305038e-02
1.490801123875626008e-02
1.488492088935089268e-02
1.486186630897099424e-02
1.483884744214743374e-02
1.481586423349775389e-02
1.479291662772603405e-02
1.477000456962274458e-02
1.474712800406460453e-02
1.472428687601444117e-02
1.470148113052104945e-02
1.467871071271904804e-02
1.465597556782873880e-02
1.463327564115596974e-02
1.461061087809199452e-02
1.458798122411333192e-02
1.456538662478161321e-02
1.454282702574347108e-02
1.452030237273037143e-02
1.449781261155849710e-02
1.447535768812859176e-02
1.445293754842583503e-02
1.443055213851969845e-02
1.440820140456380676e-02
1.438588529279580426e-02
1.436360374953721611e-02
1.434135672119331295e-02
1.431914415425297391e-02
1.429696599528854778e-02
1.427482219095572297e-02
1.425271268799338520e-02
1.423063743322348917e-02
1.420859637355091458e-02
1.418658945596334466e-02
1.416461662753111528e-02
1.414267783540709700e-02
1.412077302682654932e-02
1.409890214910699234e-02
1.407706514964807490e-02
1.405526197593143581e-02
1.403349257552057548e-02
1.401175689606072410e-02
1.399005488527870975e-02
1.396838649098281621e-02
1.394675166106266323e-02
1.392515034348907818e-02
1.390358248631395031e-02
1.388204803767011108e-02
1.386054694577119537e-02
1.383907915891152002e-02
1.381764462546594859e-02
1.379624329388976119e-02
1.377487511271852788e-02
1.375354003056797510e-02
1.373223799613386073e-02
1.371096895819184057e-02
1.368973286559734687e-02
1.366852966728544956e-02
1.364735931227073658e-02
1.362622174964719067e-02
1.360511692858804543e-02
1.358404479834566907e-02
1.356300530825144124e-02
1.354199840771561428e-02
1.352102404622719523e-02
1.350008217335381747e-02
1.347917273874161062e-02
1.345829569211508606e-02
1.343745098327699811e-02
1.341663856210822264e-02
1.339585837856763391e-02
1.337511038269198482e-02
1.335439452459577167e-02
1.333371075447111267e-02
1.331305902258763003e-02
1.329243927929231808e-02
1.327185147500942880e-02
1.325129556024033477e-02
1.323077148556341814e-02
1.321027920163394230e-02
1.318981865918393385e-02
1.316938980902205084e-02
1.314899260203346645e-02
1.312862698917974941e-02
1.310829292149873551e-02
1.308799035010441147e-02
1.306771922618679173e-02
1.304747950101179527e-02
1.302727112592112942e-02
1.300709405233216147e-02
1.298694823173780766e-02
1.296683361570640305e-02
1.294675015588159055e-02
1.292669780398219594e-02
1.290667651180210825e-02
1.288668623121016175e-02
1.286672691415001804e-02
1.284679851264004108e-02
1.282690097877318622e-02
1.280703426471687875e-02
1.278719832271289075e-02
1.276739310507723178e-02
1.274761856420002573e-02
1.272787465254539285e-02
1.270816132265133007e-02
1.268847852712960515e-02
1.266882621866562489e-02
1.264920435001832578e-02
1.262961287402005958e-02
1.261005174357647182e-02
1.259052091166638909e-02
1.257102033134169759e-02
1.255154995572723906e-02
1.253210973802067717e-02
1.251269963149240216e-02
1.249331958948540072e-02
1.247396956541515015e-02
1.245464951276949520e-02
1.243535938510854227e-02
1.241609913606454146e-02
1.239686871934176857e-02
1.237766808871641755e-02
1.235849719803648258e-02
1.233935600122164876e-02
1.232024445226317065e-02
1.230116250522376997e-02
1.228211011423751241e-02
1.226308723350970527e-02
1.224409381731677085e-02
1.222512982000615277e-02
1.220619519599618757e-02
1.218728989977599722e-02
1.216841388590538670e-02
1.214956710901471740e-02
1.213074952380480825e-02
1.211196108504681603e-02
1.209320174758213295e-02
1.207447146632226187e-02
1.205577019624872424e-02
1.203709789241293876e-02
1.201845450993610682e-02
1.199984000400911195e-02
1.198125432989241047e-02
1.196269744291591185e-02
1.194416929847887977e-02
1.192566985204981597e-02
1.190719905916635610e-02
1.188875687543515525e-02
1.187034325653178735e-02
1.185195815820062545e-02
1.183360153625474809e-02
1.181527334657581779e-02
1.179697354511397879e-02
1.177870208788775117e-02
1.176045893098391810e-02
1.174224403055742702e-02
1.172405734283126985e-02
1.170589882409638939e-02
1.168776843071156132e-02
1.166966611910329535e-02
1.165159184576572589e-02
1.163354556726050454e-02
1.161552724021669772e-02
1.159753682133067565e-02
1.157957426736601174e-02
1.156163953515337503e-02
1.154373258159042265e-02
1.152585336364169571e-02
1.150800183833851527e-02
1.149017796277888512e-02
1.147238169412736868e-02
1.145461298961500049e-02
1.143687180653917522e-02
1.141915810226354876e-02
1.140147183421792373e-02
1.138381295989816105e-02
1.136618143686606019e-02
1.134857722274926727e-02
1.133100027524116746e-02
1.131345055210078443e-02
1.129592801115267102e-02
1.127843261028681557e-02
1.126096430745853263e-02
1.124352306068836238e-02
1.122610882806196995e-02
1.120872156773004315e-02
1.119136123790818657e-02
1.117402779687682451e-02
1.115672120298110033e-02
1.113944141463077062e-02
1.112218839030010634e-02
1.110496208852779221e-02
1.108776246791682608e-02
1.107058948713441661e-02
1.105344310491188260e-02
1.103632328004455591e-02
1.101922997139167561e-02
1.100216313787629775e-02
1.098512273848518440e-02
1.096810873226870993e-02
1.095112107834076039e-02
1.093415973587863466e-02
1.091722466412294035e-02
1.090031582237750880e-02
1.088343317000927887e-02
1.086657666644821017e-02
1.084974627118717727e-02
1.083294194378187601e-02
1.081616364385072637e-02
1.079941133107476664e-02
1.078268496519756495e-02
1.076598450602511345e-02
1.074930991342574159e-02
1.073266114733000508e-02
1.071603816773059742e-02
1.069944093468225103e-02
1.068286940830164358e-02
1.066632354876729215e-02
1.064980331631946303e-02
1.063330867126007807e-02
1.061683957395261405e-02
1.060039598482200550e-02
1.058397786435455110e-02
1.056758517309781993e-02
1.055121787166054918e-02
1.053487592071255564e-02
1.051855928098463684e-02
1.050226791326847736e-02
1.048600177841654997e-02
1.046976083734202888e-02
1.045354505101868392e-02
1.043735438048079903e-02
1.042118878682306293e-02
1.040504823120048938e-02
1.038893267482831131e-02
1.037284207898189758e-02
1.035677640499664889e-02
1.034073561426791105e-02
1.032471966825087781e-02
1.030872852846050243e-02
1.029276215647139704e-02
1.027682051391774591e-02
1.026090356249320830e-02
1.024501126395083173e-02
1.022914358010295136e-02
1.021330047282110673e-02
1.019748190403593942e-02
1.018168783573710628e-02
1.016591822997318928e-02
1.015017304885160176e-02
1.013445225453849484e-02
1.011875580925866887e-02
1.010308367529547634e-02
1.008743581499074032e-02
1.007181219074465735e-02
1.005621276501570543e-02
1.004063750032055391e-02
1.002508635923397839e-02
1.000955930438875846e-02
9.994056298475603034e-03
9.978577304243044580e-03
9.963122284497361036e-03
9.947691202102476940e-03
9.932284019979881889e-03
9.916900701108535138e-03
9.901541208524775387e-03
9.886205505322239254e-03
9.870893554651757190e-03
9.855605319721282356e-03
9.840340763795793477e-03
9.825099850197199433e-03
9.809882542304261197e-03
9.794688803552496423e-03
9.779518597434097918e-03
9.764371887497836494e-03
9.749248637348981172e-03
9.734148810649208977e-03
9.719072371116507791e-03
9.704019282525108703e-03
9.688989508705378451e-03
9.673983013543741363e-03
9.658999760982592622e-03
9.644039715020208056e-03
9.629102839710662609e-03
9.614189099163734931e-03
9.599298457544829313e-03
9.584430879074878548e-03
9.569586328030276270e-03
9.554764768742765937e-03
9.539966165599374909e-03
9.525190483042322506e-03
9.510437685568924604e-03
9.495707737731525974e-03
9.481000604137397939e-03
9.466316249448660305e-03
9.451654638382199838e-03
9.437015735709576580e-03
9.422399506256944057e-03
9.407805914904967745e-03
9.393234926588729661e-03
9.378686506297652034e-03
9.364160619075412306e-03
9.349657230019856394e-03
9.335176304282917156e-03
9.320717807070527661e-03
9.306281703642536179e-03
9.291867959312628128e-03
9.277476539448234125e-03
9.263107409470453663e-03
9.248760534853970108e-03
9.234435881126963966e-03
9.220133413871033079e-03
9.205853098721109365e-03
9.191594901365372078e-03
9.177358787545173216e-03
9.163144723054947316e-03
9.148952673742128186e-03
9.134782605507076048e-03
9.120634484302983860e-03
9.106508276135802729e-03
9.092403947064160372e-03
9.078321463199270913e-03
9.064260790704862028e-03
9.050221895797089938e-03
9.036204744744457881e-03
9.022209303867736313e-03
9.008235539539879641e-03
8.994283418185942958e-03
8.980352906283010916e-03
8.966443970360102322e-03
8.952556576998104212e-03
8.938690692829681650e-03
8.924846284539199662e-03
8.911023318862639972e-03
8.897221762587531613e-03
8.883441582552858984e-03
8.869682745648987260e-03
8.855945218817579123e-03
8.842228969051523640e-03
8.828533963394844322e-03
8.814860168942629734e-03
8.801207552840948495e-03
8.787576082286776419e-03
8.773965724527908044e-03
8.760376446862885511e-03
8.746808216640918759e-03
8.733261001261802270e-03
8.719734768175843934e-03
8.706229484883776584e-03
8.692745118936686874e-03
8.679281637935938945e-03
8.665839009533091164e-03
8.652417201429821528e-03
8.639016181377844397e-03
8.625635917178841108e-03
8.612276376684373236e-03
8.598937527795818409e-03
8.585619338464274899e-03
8.572321776690500911e-03
8.559044810524826102e-03
8.545788408067085673e-03
8.532552537466533624e-03
8.519337166921762960e-03
8.506142264680650183e-03
8.492967799040251203e-03
8.479813738346745830e-03
8.466680050995347567e-03
8.453566705430241163e-03
8.440473670144495871e-03
8.427400913679987393e-03
8.414348404627338893e-03
8.401316111625827324e-03
8.388304003363314040e-03
8.375312048576171939e-03
8.362340216049209130e-03
8.349388474615594344e-03
8.336456793156773667e-03
8.323545140602413295e-03
8.310653485930302384e-03
8.297781798166299280e-03
8.284930046384243046e-03
8.272098199705885807e-03
8.259286227300814687e-03
8.246494098386377217e-03
8.233721782227613681e-03
8.220969248137173849e-03
8.208236465475251056e-03
8.195523403649505878e-03
8.182830032114988064e-03
8.170156320374067152e-03
8.157502237976363077e-03
8.144867754518664640e-03
8.132252839644863590e-03
8.119657463045873089e-03
8.107081594459563528e-03
8.094525203670686203e-03
8.081988260510796981e-03
8.069470734858190386e-03
8.056972596637825001e-03
8.044493815821241942e-03
8.032034362426512808e-03
8.019594206518142546e-03
8.007173318207019136e-03
7.994771667650328595e-03
7.982389225051490789e-03
7.970025960660079636e-03
7.957681844771757190e-03
7.945356847728202512e-03
7.933050939917037081e-03
7.920764091771757137e-03
7.908496273771660826e-03
7.896247456441773602e-03
7.884017610352785782e-03
7.871806706120971012e-03
7.859614714408123815e-03
7.847441605921490204e-03
7.835287351413689622e-03
7.823151921682645546e-03
7.811035287571518708e-03
7.798937419968641170e-03
7.786858289807439132e-03
7.774797868066362673e-03
7.762756125768822436e-03
7.750733033983113300e-03
7.738728563822347591e-03
7.726742686444386561e-03
7.714775373051769268e-03
7.702826594891643182e-03
7.690896323255697400e-03
7.678984529480089791e-03
7.667091184945382804e-03
7.655216261076469748e-03
7.643359729342508006e-03
7.631521561256853110e-03
7.619701728376985887e-03
7.607900202304446538e-03
7.596116954684765249e-03
7.584351957207397139e-03
7.572605181605645934e-03
7.560876599656606717e-03
7.549166183181090471e-03
7.537473904043559027e-03
7.525799734152059141e-03
7.514143645458148772e-03
7.502505609956836366e-03
7.490885599686511465e-03
7.479283586728874451e-03
7.467699543208873234e-03
7.456133441294634720e-03
7.444585253197396300e-03
7.433054951171444262e-03
7.421542507514039197e-03
7.410047894565356154e-03
7.398571084708415249e-03
7.387112050369014013e-03
7.375670764015665806e-03
7.364247198159526095e-03
7.352841325354333470e-03
7.341453118196341124e-03
7.330082549324248332e-03
7.318729591419138002e-03
7.307394217204412484e-03
7.296076399445720721e-03
7.284776110950901863e-03
7.273493324569912412e-03
7.262228013194765505e-03
7.250980149759464130e-03
7.239749707239936070e-03
7.228536658653967988e-03
7.217340977061142970e-03
7.206162635562773748e-03
7.195001607301837639e-03
7.183857865462914966e-03
7.172731383272119669e-03
7.161622133997041194e-03
7.150530090946672496e-03
7.139455227471355400e-03
7.128397516962706876e-03
7.117356932853561788e-03
7.106333448617905245e-03
7.095327037770811016e-03
7.084337673868379079e-03
7.073365330507665368e-03
7.062409981326628859e-03
7.051471600004056116e-03
7.040550160259508375e-03
7.029645635853253027e-03
7.018758000586202035e-03
7.007887228299847747e-03
6.997033292876199580e-03
6.986196168237727641e-03
6.975375828347289003e-03
6.964572247208073059e-03
6.953785398863539073e-03
6.943015257397348525e-03
6.932261796933307865e-03
6.921524991635303464e-03
6.910804815707240895e-03
6.900101243392981615e-03
6.889414248976282254e-03
6.878743806780732162e-03
6.868089891169693560e-03
6.857452476546235624e-03
6.846831537353078104e-03
6.836227048072523668e-03
6.825638983226404999e-03
6.815067317376016266e-03
6.804512025122052415e-03
6.793973081104553655e-03
6.783450460002840403e-03
6.772944136535450840e-03
6.762454085460083662e-03
6.751980281573539099e-03
6.741522699711648657e-03
6.731081314749227419e-03
6.720656101600003783e-03
6.710247035216563953e-03
6.699854090590291224e-03
6.689477242751303530e-03
6.679116466768398805e-03
6.668771737748986454e-03
6.658443030839036186e-03
6.648130321223013825e-03
6.637833584123821462e-03
6.627552794802737610e-03
6.617287928559363423e-03
6.607038960731553313e-03
6.596805866695364638e-03
6.586588621864994386e-03
6.576387201692721063e-03
6.566201581668843976e-03
6.556031737321628590e-03
6.545877644217240610e-03
6.535739277959694803e-03
6.525616614190793419e-03
6.515509628590063738e-03
6.505418296874706900e-03
6.495342594799532847e-03
6.485282498156905683e-03
6.475237982776686427e-03
6.465209024526172299e-03
6.455195599310038605e-03
6.445197683070284095e-03
6.435215251786169377e-03
6.425248281474159676e-03
6.415296748187870185e-03
6.405360628018005355e-03
6.395439897092305113e-03
6.385534531575482418e-03
6.375644507669168612e-03
6.365769801611857043e-03
6.355910389678844086e-03
6.346066248182175365e-03
6.336237353470585039e-03
6.326423681929440289e-03
6.316625209980684073e-03
6.306841914082782219e-03
6.297073770730660103e-03
6.287320756455652346e-03
6.277582847825441230e-03
6.267860021444006391e-03
6.258152253951563236e-03
6.248459522024509168e-03
6.238781802375367204e-03
6.229119071752728734e-03
6.219471306941201476e-03
6.209838484761349628e-03
6.200220582069639226e-03
6.190617575758383499e-03
6.181029442755685624e-03
6.171456160025386682e-03
6.161897704567004079e-03
6.152354053415686440e-03
6.142825183642145088e-03
6.133311072352611547e-03
6.123811696688772482e-03
6.114327033827723738e-03
6.104857060981907883e-03
6.095401755399063037e-03
6.085961094362169095e-03
6.076535055189390480e-03
6.067123615234024103e-03
6.057726751884441249e-03
6.048344442564038137e-03
6.038976664731178674e-03
6.029623395879140681e-03
6.020284613536062111e-03
6.010960295264888148e-03
6.001650418663312218e-03
5.992354961363730893e-03
5.983073901033181437e-03
5.973807215373294101e-03
5.964554882120235747e-03
5.955316879044656071e-03
5.946093183951636427e-03
5.936883774680636050e-03
5.927688629105433947e-03
5.918507725134085524e-03
5.909341040708856671e-03
5.900188553806183858e-03
5.891050242436611691e-03
5.881926084644744333e-03
5.872816058509192604e-03
5.863720142142517591e-03
5.854638313691185557e-03
5.845570551335508083e-03
5.836516833289592636e-03
5.827477137801291389e-03
5.818451443152144846e-03
5.809439727657335871e-03
5.800441969665629839e-03
5.791458147559330402e-03
5.782488239754223110e-03
5.773532224699523367e-03
5.764590080877826130e-03
5.755661786805055594e-03
5.746747321030408820e-03
5.737846662136308895e-03
5.728959788738352023e-03
5.720086679485253747e-03
5.711227313058802116e-03
5.702381668173802168e-03
5.693549723578026495e-03
5.684731458052166668e-03
5.675926850409776861e-03
5.667135879497228745e-03
5.658358524193656848e-03
5.649594763410906509e-03
5.640844576093489646e-03
5.632107941218526641e-03
5.623384837795700371e-03
5.614675244867205900e-03
5.605979141507696703e-03
5.597296506824238696e-03
5.588627319956256459e-03
5.579971560075482929e-03
5.571329206385914300e-03
5.562700238123754505e-03
5.554084634557367520e-03
5.545482374987228784e-03
5.536893438745873162e-03
5.528317805197846373e-03
5.519755453739654677e-03
5.511206363799718913e-03
5.502670514838318115e-03
5.494147886347547013e-03
5.485638457851263992e-03
5.477142208905039049e-03
5.468659119096110424e-03
5.460189168043331695e-03
5.451732335397123201e-03
5.443288600839424340e-03
5.434857944083643262e-03
5.426440344874610897e-03
5.418035782988527178e-03
5.409644238232917679e-03
5.401265690446583299e-03
5.392900119499549096e-03
5.384547505293021778e-03
5.376207827759334201e-03
5.367881066861903729e-03
5.359567202595180192e-03
5.351266214984599055e-03
5.342978084086533706e-03
5.334702789988246020e-03
5.326440312807840388e-03
5.318190632694214277e-03
5.309953729827012261e-03
5.301729584416576581e-03
5.293518176703902907e-03
5.285319486960586566e-03
5.277133495488782640e-03
5.268960182621152191e-03
5.260799528720820628e-03
5.252651514181324796e-03
5.244516119426571345e-03
5.236393324910786420e-03
5.228283111118468829e-03
5.220185458564344932e-03
5.212100347793317476e-03
5.204027759380427422e-03
5.195967673930795838e-03
5.187920072079588336e-03
5.179884934491961294e-03
5.171862241863016754e-03
5.163851974917758186e-03
5.155854114411043652e-03
5.147868641127538100e-03
5.139895535881666526e-03
5.131934779517569739e-03
5.123986352909060127e-03
5.116050236959570480e-03
5.108126412602113225e-03
5.100214860799231857e-03
5.092315562542955830e-03
5.084428498854751989e-03
5.076553650785487273e-03
5.068690999415374071e-03
5.060840525853927720e-03
5.053002211239924005e-03
5.045176036741350588e-03
5.037361983555364506e-03
5.029560032908241864e-03
5.021770166055337936e-03
5.013992364281042932e-03
5.006226608898729953e-03
4.998472881250717696e-03
4.990731162708220148e-03
4.983001434671306684e-03
4.975283678568853500e-03
4.967577875858501107e-03
4.959884008026606630e-03
4.952202056588206509e-03
4.944532003086961856e-03
4.936873829095123761e-03
4.929227516213481250e-03
4.921593046071324855e-03
4.913970400326395441e-03
4.906359560664842571e-03
4.898760508801182009e-03
4.891173226478249744e-03
4.883597695467161229e-03
4.876033897567263672e-03
4.868481814606094409e-03
4.860941428439335792e-03
4.853412720950774431e-03
4.845895674052254354e-03
4.838390269683636238e-03
4.830896489812753179e-03
4.823414316435364717e-03
4.815943731575118673e-03
4.808484717283503448e-03
4.801037255639806385e-03
4.793601328751073004e-03
4.786176918752061034e-03
4.778764007805196175e-03
4.771362578100534803e-03
4.763972611855716265e-03
4.756594091315922111e-03
4.749226998753832731e-03
4.741871316469584846e-03
4.734527026790730751e-03
4.727194112072192339e-03
4.719872554696222071e-03
4.712562337072359608e-03
4.705263441637386711e-03
4.697975850855290805e-03
4.690699547217217283e-03
4.683434513241431334e-03
4.676180731473273712e-03
4.668938184485119103e-03
4.661706854876334488e-03
4.654486725273237514e-03
4.647277778329053990e-03
4.640079996723879725e-03
4.632893363164634556e-03
4.625717860385020717e-03
4.618553471145484673e-03
4.611400178233173754e-03
4.604257964461892783e-03
4.597126812672069386e-03
4.590006705730704552e-03
4.582897626531337067e-03
4.575799557994000150e-03
4.568712483065182420e-03
4.561636384717782794e-03
4.554571245951074057e-03
4.547517049790659495e-03
4.540473779288432994e-03
4.533441417522539145e-03
4.526419947597329872e-03
4.519409352643325405e-03
4.512409615817174376e-03
4.505420720301614793e-03
4.498442649305428066e-03
4.491475386063406051e-03
4.484518913836303342e-03
4.477573215910803442e-03
4.470638275599475402e-03
4.463714076240731313e-03
4.456800601198795085e-03
4.449897833863650405e-03
4.443005757651009510e-03
4.436124356002272423e-03
4.429253612384481849e-03
4.422393510290290215e-03
4.415544033237916305e-03
4.408705164771106223e-03
4.401876888459091766e-03
4.395059187896557459e-03
4.388252046703594589e-03
4.381455448525661302e-03
4.374669377033549647e-03
4.367893815923340473e-03
4.361128748916369598e-03
4.354374159759182711e-03
4.347630032223501542e-03
4.340896350106178761e-03
4.334173097229166750e-03
4.327460257439475107e-03
4.320757814609126404e-03
4.314065752635128440e-03
4.307384055439428261e-03
4.300712706968871403e-03
4.294051691195171529e-03
4.287400992114865327e-03
4.280760593749275214e-03
4.274130480144472909e-03
4.267510635371239529e-03
4.260901043525029165e-03
4.254301688725925512e-03
4.247712555118611510e-03
4.241133626872325979e-03
4.234564888180824584e-03
4.228006323262346877e-03
4.221457916359575534e-03
4.214919651739595582e-03
4.208391513693862315e-03
4.201873486538160521e-03
4.195365554612564586e-03
4.188867702281406404e-03
4.182379913933233738e-03
4.175902173980773797e-03
4.169434466860894202e-03
4.162976777034570024e-03
4.156529088986840419e-03
4.150091387226777402e-03
4.143663656287442480e-03
4.137245880725855425e-03
4.130838045122952641e-03
4.124440134083552471e-03
4.118052132236319635e-03
4.111674024233722725e-03
4.105305794752002989e-03
4.098947428491136157e-03
4.092598910174792548e-03
4.086260224550304979e-03
4.079931356388629728e-03
4.073612290484309242e-03
4.067303011655435709e-03
4.061003504743618091e-03
4.054713754613940499e-03
4.048433746154930964e-03
4.042163464278518935e-03
4.035902893920004057e-03
4.029652020038020609e-03
4.023410827614497601e-03
4.017179301654623218e-03
4.010957427186810989e-03
4.004745189262663360e-03
3.998542572956934396e-03
3.992349563367494220e-03
3.986166145615295184e-03
3.979992304844333709e-03
3.973828026221614719e-03
3.967673294937119552e-03
3.961528096203764324e-03
3.955392415257368705e-03
3.949266237356620357e-03
3.943149547783038507e-03
3.937042331840937513e-03
3.930944574857394777e-03
3.924856262182211709e-03
3.918777379187878170e-03
3.912707911269544710e-03
3.906647843844978339e-03
3.900597162354531300e-03
3.894555852261108106e-03
3.888523899050127380e-03
3.882501288229488895e-03
3.876488005329537141e-03
3.870484035903027937e-03
3.864489365525093732e-03
3.858503979793208478e-03
3.852527864327152073e-03
3.846561004768977825e-03
3.840603386782976466e-03
3.834654996055641887e-03
3.828715818295638177e-03
3.822785839233762330e-03
3.816865044622913018e-03
3.810953420238055028e-03
3.805050951876185004e-03
3.799157625356297183e-03
3.793273426519350438e-03
3.787398341228232282e-03
3.781532355367727208e-03
3.775675454844481128e-03
3.769827625586967546e-03
3.763988853545455465e-03
3.758159124691972958e-03
3.752338425020275512e-03
3.746526740545812195e-03
3.740724057305691401e-03
3.734930361358646585e-03
3.729145638785004609e-03
3.723369875686651908e-03
3.717603058187000237e-03
3.711845172430951970e-03
3.706096204584871483e-03
3.700356140836546116e-03
3.694624967395157989e-03
3.688902670491248006e-03
3.683189236376682458e-03
3.677484651324622236e-03
3.671788901629488566e-03
3.666101973606930055e-03
3.660423853593788857e-03
3.654754527948070320e-03
3.649093983048907423e-03
3.643442205296531285e-03
3.637799181112234305e-03
3.632164896938341967e-03
3.626539339238176850e-03
3.620922494496028269e-03
3.615314349217117577e-03
3.609714889927567380e-03
3.604124103174370739e-03
3.598541975525355180e-03
3.592968493569152766e-03
3.587403643915167140e-03
3.581847413193541864e-03
3.576299788055127896e-03
3.570760755171451493e-03
3.565230301234682125e-03
3.559708412957600810e-03
3.554195077073568892e-03
3.548690280336493780e-03
3.543194009520800325e-03
3.537706251421395692e-03
3.532226992853640737e-03
3.526756220653316180e-03
3.521293921676592244e-03
3.515840082799996571e-03
3.510394690920381252e-03
3.504957732954895079e-03
3.499529195840948414e-03
3.494109066536182830e-03
3.488697332018442059e-03
3.483293979285735989e-03
3.477898995356215085e-03
3.472512367268133521e-03
3.467134082079823595e-03
3.461764126869659730e-03
3.456402488736031158e-03
3.451049154797308088e-03
3.445704112191813519e-03
3.440367348077789846e-03
3.435038849633368068e-03
3.429718604056540467e-03
3.424406598565125047e-03
3.419102820396738643e-03
3.413807256808763096e-03
3.408519895078317499e-03
3.403240722502226100e-03
3.397969726396987949e-03
3.392706894098746536e-03
3.387452212963259005e-03
3.382205670365867091e-03
3.376967253701465468e-03
3.371736950384470952e-03
3.366514747848793881e-03
3.361300633547806890e-03
3.356094594954315852e-03
3.350896619560528224e-03
3.345706694878023552e-03
3.340524808437724414e-03
3.335350947789864767e-03
3.330185100503962620e-03
3.325027254168786642e-03
3.319877396392329708e-03
3.314735514801776372e-03
3.309601597043475979e-03
3.304475630782910140e-03
3.299357603704664108e-03
3.294247503512399457e-03
3.289145317928820686e-03
3.284051034695647901e-03
3.278964641573587756e-03
3.273886126342303096e-03
3.268815476800383032e-03
3.263752680765315620e-03
3.258697726073456202e-03
3.253650600580000520e-03
3.248611292158953921e-03
3.243579788703103168e-03
3.238556078123985653e-03
3.233540148351862504e-03
3.228531987335688663e-03
3.223531583043084698e-03
3.218538923460305574e-03
3.213553996592213770e-03
3.208576790462250652e-03
3.203607293112406985e-03
3.198645492603193873e-03
3.193691377013615010e-03
3.188744933450796994e-03
3.183806151024053035e-03
3.178875017867682437e-03
3.173951523613936874e-03
3.169035654456552921e-03
3.164127399079612758e-03
3.159226745690705152e-03
3.154333682515741023e-03
3.149448197798868868e-03
3.144570279802445713e-03
3.139699916807007184e-03
3.134837097110106975e-03
3.129981809029944596e-03
3.125134040901297438e-03
3.120293781077012208e-03
3.115461017928102937e-03
3.110635739843591388e-03
3.105817935230483200e-03
3.101007592513740137e-03
3.096204700136251896e-03
3.091409246558807482e-03
3.086621220260067893e-03
3.081840609736538790e-03
3.077067403502543614e-03
3.072301590090193227e-03
3.067543158049361191e-03
3.062792095947655582e-03
3.058048392370389928e-03
3.053312035920558061e-03
3.048583015218805925e-03
3.043861318903402953e-03
3.039146935630217348e-03
3.034439854072685724e-03
3.029740062921787956e-03
3.025047550886018986e-03
3.020362306691363671e-03
3.015684319081266863e-03
3.011013576816609118e-03
3.006350068675677206e-03
3.001693783454138093e-03
2.997044709965014219e-03
2.992402837038651408e-03
2.987768153522698481e-03
2.983140648282075168e-03
2.978520310198947817e-03
2.973907128172702946e-03
2.969301091119919047e-03
2.964702187974341003e-03
2.960110407686853632e-03
2.955525739225454800e-03
2.950948171575228530e-03
2.946377693738318985e-03
2.941814294733904444e-03
2.937257963598170849e-03
2.932708689384283616e-03
2.928166461162363780e-03
2.923631268019460678e-03
2.919103099059525488e-03
2.914581943403386083e-03
2.910067790188719701e-03
2.905560628570027365e-03
2.901060447718607858e-03
2.896567236822531269e-03
2.892080985086613841e-03
2.887601681732391949e-03
2.883129315998094779e-03
2.878663877138620038e-03
2.874205354425508376e-03
2.869753737146916051e-03
2.865309014607589789e-03
2.860871176128841620e-03
2.856440211048523296e-03
2.852016108721000271e-03
2.847598858517125242e-03
2.843188449824213867e-03
2.838784872046020043e-03
2.834388114602707284e-03
2.829998166930827470e-03
2.825615018483292225e-03
2.821238658729348196e-03
2.816869077154553636e-03
2.812506263260750212e-03
2.808150206566040891e-03
2.803800896604761311e-03
2.799458322927457672e-03
2.795122475100861575e-03
2.790793342707861401e-03
2.786470915347481498e-03
2.782155182634854420e-03
2.777846134201197945e-03
2.773543759693788621e-03
2.769248048775937044e-03
2.764958991126964440e-03
2.760676576442176212e-03
2.756400794432838520e-03
2.752131634826151824e-03
2.747869087365227472e-03
2.743613141809064272e-03
2.739363787932520312e-03
2.735121015526293005e-03
2.730884814396889598e-03
2.726655174366606794e-03
2.722432085273503860e-03
2.718215536971380509e-03
2.714005519329749580e-03
2.709802022233814053e-03
2.705605035584443627e-03
2.701414549298150006e-03
2.697230553307061306e-03
2.693053037558900374e-03
2.688881992016957899e-03
2.684717406660069427e-03
2.680559271482593243e-03
2.676407576494382184e-03
2.672262311720763686e-03
2.668123467202513765e-03
2.663991032995833598e-03
2.659864999172324371e-03
2.655745355818966025e-03
2.651632093038091241e-03
2.647525200947362014e-03
2.643424669679747107e-03
2.639330489383497329e-03
2.635242650222121251e-03
2.631161142374363084e-03
2.627085956034178830e-03
2.623017081410710695e-03
2.618954508728266704e-03
2.614898228226294682e-03
2.610848230159360569e-03
2.606804504797123265e-03
2.602767042424312515e-03
2.598735833340705924e-03
2.594710867861104234e-03
2.590692136315308775e-03
2.586679629048098915e-03
2.582673336419207336e-03
2.578673248803297919e-03
2.574679356589943194e-03
2.570691650183599616e-03
2.566710120003585453e-03
2.562734756484058660e-03
2.558765550073991302e-03
2.554802491237149597e-03
2.550845570452069631e-03
2.546894778212033510e-03
2.542950105025047671e-03
2.539011541413821200e-03
2.535079077915740244e-03
2.531152705082847197e-03
2.527232413481818579e-03
2.523318193693940316e-03
2.519410036315086494e-03
2.515507931955695935e-03
2.511611871240751817e-03
2.507721844809756087e-03
2.503837843316708642e-03
2.499959857430084347e-03
2.496087877832811781e-03
2.492221895222249389e-03
2.488361900310162925e-03
2.484507883822706376e-03
2.480659836500394202e-03
2.476817749098083991e-03
2.472981612384951740e-03
2.469151417144471033e-03
2.465327154174388330e-03
2.461508814286705177e-03
2.457696388307651757e-03
2.453889867077667375e-03
2.450089241451378335e-03
2.446294502297574527e-03
2.442505640499189039e-03
2.438722646953275612e-03
2.434945512570986081e-03
2.431174228277550430e-03
2.427408785012252507e-03
2.423649173728410072e-03
2.419895385393353547e-03
2.416147410988401297e-03
2.412405241508841416e-03
2.408668867963909173e-03
2.404938281376763163e-03
2.401213472784466223e-03
2.397494433237964181e-03
2.393781153802061138e-03
2.390073625555402120e-03
2.386371839590449226e-03
2.382675787013459941e-03
2.378985458944467193e-03
2.375300846517257227e-03
2.371621940879348796e-03
2.367948733191970172e-03
2.364281214630041365e-03
2.360619376382148537e-03
2.356963209650527521e-03
2.353312705651037801e-03
2.349667855613146467e-03
2.346028650779901758e-03
2.342395082407917450e-03
2.338767141767347270e-03
2.335144820141866681e-03
2.331528108828651632e-03
2.327916999138356438e-03
2.324311482395093401e-03
2.320711549936413289e-03
2.317117193113281924e-03
2.313528403290062395e-03
2.309945171844491642e-03
2.306367490167661807e-03
2.302795349663998119e-03
2.299228741751238505e-03
2.295667657860413647e-03
2.292112089435826595e-03
2.288562027935030219e-03
2.285017464828808988e-03
2.281478391601157729e-03
2.277944799749260802e-03
2.274416680783471287e-03
2.270894026227292337e-03
2.267376827617353756e-03
2.263865076503396388e-03
2.260358764448245662e-03
2.256857883027797718e-03
2.253362423830993812e-03
2.249872378459803410e-03
2.246387738529202933e-03
2.242908495667155812e-03
2.239434641514591665e-03
2.235966167725387654e-03
2.232503065966345932e-03
2.229045327917177598e-03
2.225592945270478407e-03
2.222145909731711860e-03
2.218704213019187087e-03
2.215267846864041497e-03
2.211836803010218226e-03
2.208411073214447927e-03
2.204990649246228382e-03
2.201575522887805857e-03
2.198165685934153849e-03
2.194761130192952273e-03
2.191361847484572713e-03
2.187967829642052837e-03
2.184579068511080351e-03
2.181195555949973480e-03
2.177817283829657988e-03
2.174444244033652430e-03
2.171076428458045167e-03
2.167713829011476585e-03
2.164356437615117847e-03
2.161004246202655275e-03
2.157657246720265203e-03
2.154315431126600962e-03
2.150978791392768163e-03
2.147647319502309082e-03
2.144321007451180979e-03
2.140999847247738747e-03
2.137683830912714099e-03
2.134372950479198217e-03
2.131067197992620506e-03
2.127766565510731244e-03
2.124471045103581632e-03
2.121180628853504713e-03
2.117895308855096727e-03
2.114615077215197588e-03
2.111339926052873111e-03
2.108069847499394189e-03
2.104804833698219885e-03
2.101544876804976609e-03
2.098289968987441211e-03
2.095040102425520592e-03
2.091795269311234363e-03
2.088555461848693590e-03
2.085320672254085180e-03
2.082090892755652373e-03
2.078866115593673049e-03
2.075646333020445856e-03
2.072431537300267659e-03
2.069221720709417921e-03
2.066016875536137026e-03
2.062816994080610665e-03
2.059622068654949449e-03
2.056432091583172000e-03
2.053247055201185001e-03
2.050066951856765411e-03
2.046891773909541388e-03
2.043721513730976675e-03
2.040556163704348482e-03
2.037395716224731437e-03
2.034240163698978511e-03
2.031089498545703229e-03
2.027943713195262329e-03
2.024802800089734508e-03
2.021666751682906112e-03
2.018535560440249885e-03
2.015409218838909357e-03
2.012287719367678463e-03
2.009171054526985491e-03
2.006059216828874007e-03
2.002952198796984200e-03
1.999849992966537277e-03
1.996752591884314639e-03
1.993659988108642273e-03
1.990572174209371235e-03
1.987489142767861171e-03
1.984410886376961232e-03
1.981337397640994032e-03
1.978268669175734830e-03
1.975204693608397215e-03
1.972145463577613597e-03
1.969090971733417853e-03
1.966041210737226683e-03
1.962996173261824431e-03
1.959955851991342698e-03
1.956920239621244735e-03
1.953889328858306358e-03
1.950863112420599902e-03
1.947841583037476440e-03
1.944824733449547352e-03
1.941812556408667630e-03
1.938805044677917875e-03
1.935802191031588473e-03
1.932803988255160079e-03
1.929810429145287351e-03
1.926821506509782253e-03
1.923837213167595844e-03
1.920857541948801147e-03
1.917882485694576231e-03
1.914912037257186870e-03
1.911946189499969190e-03
1.908984935297312543e-03
1.906028267534643677e-03
1.903076179108406998e-03
1.900128662926049835e-03
1.897185711906004867e-03
1.894247318977671695e-03
1.891313477081402314e-03
1.888384179168482030e-03
1.885459418201113199e-03
1.882539187152398961e-03
1.879623479006325678e-03
1.876712286757746019e-03
1.873805603412362266e-03
1.870903421986710481e-03
1.868005735508141210e-03
1.865112537014806037e-03
1.862223819555638071e-03
1.859339576190336763e-03
1.856459799989350562e-03
1.853584484033861087e-03
1.850713621415765340e-03
1.847847205237659884e-03
1.844985228612824359e-03
1.842127684665204350e-03
1.839274566529395345e-03
1.836425867350626037e-03
1.833581580284741842e-03
1.830741698498188639e-03
1.827906215167996069e-03
1.825075123481761713e-03
1.822248416637633518e-03
1.819426087844295279e-03
1.816608130320948198e-03
1.813794537297296798e-03
1.810985302013530919e-03
1.808180417720309891e-03
1.805379877678746922e-03
1.802583675160392401e-03
1.799791803447217849e-03
1.797004255831600094e-03
1.794221025616304140e-03
1.791442106114469069e-03
1.788667490649589178e-03
1.785897172555500102e-03
1.783131145176362333e-03
1.780369401866644958e-03
1.777611935991109176e-03
1.774858740924793992e-03
1.772109810052998648e-03
1.769365136771267229e-03
1.766624714485373051e-03
1.763888536611303050e-03
1.761156596575240863e-03
1.758428887813552090e-03
1.755705403772768892e-03
1.752986137909572431e-03
1.750271083690779208e-03
1.747560234593323932e-03
1.744853584104243908e-03
1.742151125720664290e-03
1.739452852949782257e-03
1.736758759308850960e-03
1.734068838325164346e-03
1.731383083536040465e-03
1.728701488488808237e-03
1.726024046740789238e-03
1.723350751859284912e-03
1.720681597421558568e-03
1.718016577014822152e-03
1.715355684236219121e-03
1.712698912692810129e-03
1.710046256001556981e-03
1.707397707789308321e-03
1.704753261692782936e-03
1.702112911358555662e-03
1.699476650443040903e-03
1.696844472612479404e-03
1.694216371542920253e-03
1.691592340920208088e-03
1.688972374439967053e-03
1.686356465807584961e-03
1.683744608738199644e-03
1.681136796956682463e-03
1.678533024197624004e-03
1.675933284205318461e-03
1.673337570733749976e-03
1.670745877546575293e-03
1.668158198417110964e-03
1.665574527128317519e-03
1.662994857472784071e-03
1.660419183252714436e-03
1.657847498279911309e-03
1.655279796375761728e-03
1.652716071371222121e-03
1.650156317106804202e-03
1.647600527432559582e-03
1.645048696208064373e-03
1.642500817302406171e-03
1.639956884594167587e-03
1.637416891971411057e-03
1.634880833331666923e-03
1.632348702581916302e-03
1.629820493638577854e-03
1.627296200427492175e-03
1.624775816883907700e-03
1.622259336952465957e-03
1.619746754587187256e-03
1.617238063751456163e-03
1.614733258418006535e-03
1.612232332568907644e-03
1.609735280195549213e-03
1.607242095298627108e-03
1.604752771888129457e-03
1.602267303983321688e-03
1.599785685612731571e-03
1.597307910814136853e-03
1.594833973634548563e-03
1.592363868130198656e-03
1.589897588366523959e-03
1.587435128418153820e-03
1.584976482368894487e-03
1.582521644311714803e-03
1.580070608348733627e-03
1.577623368591203569e-03
1.575179919159498416e-03
1.572740254183097736e-03
1.570304367800574299e-03
1.567872254159578902e-03
1.565443907416826270e-03
1.563019321738080966e-03
1.560598491298144808e-03
1.558181410280841265e-03
1.555768072879001570e-03
1.553358473294451500e-03
1.550952605737997278e-03
1.548550464429411045e-03
1.546152043597418500e-03
1.543757337479683290e-03
1.541366340322793344e-03
1.538979046382248517e-03
1.536595449922445629e-03
1.534215545216664365e-03
1.531839326547054705e-03
1.529466788204621955e-03
1.527097924489214179e-03
1.524732729709507443e-03
1.522371198182992814e-03
1.520013324235962695e-03
1.517659102203496729e-03
1.515308526429448794e-03
1.512961591266432900e-03
1.510618291075809753e-03
1.508278620227673306e-03
1.505942573100837317e-03
1.503610144082821688e-03
1.501281327569839235e-03
1.498956117966781382e-03
1.496634509687206011e-03
1.494316497153323157e-03
1.492002074795981776e-03
1.489691237054656305e-03
1.487383978377433864e-03
1.485080293220999948e-03
1.482780176050625849e-03
1.480483621340155428e-03
1.478190623571990804e-03
1.475901177237080430e-03
1.473615276834905428e-03
1.471332916873466365e-03
1.469054091869268722e-03
1.466778796347311840e-03
1.464507024841074385e-03
1.462238771892502209e-03
1.459974032051994256e-03
1.457712799878390199e-03
1.455455069938956783e-03
1.453200836809375460e-03
1.450950095073728517e-03
1.448702839324486711e-03
1.446459064162496045e-03
1.444218764196964757e-03
1.441981934045450525e-03
1.439748568333847458e-03
1.437518661696373301e-03
1.435292208775556209e-03
1.433069204222221739e-03
1.430849642695481132e-03
1.428633518862716797e-03
1.426420827399571241e-03
1.424211562989932981e-03
1.422005720325924399e-03
1.419803294107888298e-03
1.417604279044376407e-03
1.415408669852135726e-03
1.413216461256095510e-03
1.411027647989356211e-03
1.408842224793174303e-03
1.406660186416952302e-03
1.404481527618224460e-03
1.402306243162644616e-03
1.400134327823973623e-03
1.397965776384067207e-03
1.395800583632862517e-03
1.393638744368366419e-03
1.391480253396642705e-03
1.389325105531799510e-03
1.387173295595976958e-03
1.385024818419335448e-03
1.382879668840041130e-03
1.380737841704256143e-03
1.378599331866124092e-03
1.376464134187759198e-03
1.374332243539232862e-03
1.372203654798561951e-03
1.370078362851696440e-03
1.367956362592507268e-03
1.365837648922773543e-03
1.363722216752170186e-03
1.361610060998256870e-03
1.359501176586464573e-03
1.357395558450084092e-03
1.355293201530253242e-03
1.353194100775945586e-03
1.351098251143957422e-03
1.349005647598896292e-03
1.346916285113168186e-03
1.344830158666966702e-03
1.342747263248259600e-03
1.340667593852777313e-03
1.338591145484001451e-03
1.336517913153151792e-03
1.334447891879175438e-03
1.332381076688733375e-03
1.330317462616190279e-03
1.328257044703601069e-03
1.326199818000699422e-03
1.324145777564887140e-03
1.322094918461220060e-03
1.320047235762398293e-03
1.318002724548752568e-03
1.315961379908233602e-03
1.313923196936400174e-03
1.311888170736406987e-03
1.309856296418992951e-03
1.307827569102469698e-03
1.305801983912709867e-03
1.303779535983134747e-03
1.301760220454703217e-03
1.299744032475900687e-03
1.297730967202725657e-03
1.295721019798679085e-03
1.293714185434753985e-03
1.291710459289421116e-03
1.289709836548619867e-03
1.287712312405745472e-03
1.285717882061637512e-03
1.283726540724569078e-03
1.281738283610234187e-03
1.279753105941737164e-03
1.277771002949580929e-03
1.275791969871655288e-03
1.273816001953225873e-03
1.271843094446922654e-03
1.269873242612727790e-03
1.267906441717965441e-03
1.265942687037289625e-03
1.263981973852673158e-03
1.262024297453396161e-03
1.260069653136034569e-03
1.258118036204449288e-03
1.256169441969774703e-03
1.254223865750407401e-03
1.252281302871994899e-03
1.250341748667424362e-03
1.248405198476811332e-03
1.246471647647488671e-03
1.244541091533995928e-03
1.242613525498066770e-03
1.240688944908619439e-03
1.238767345141744171e-03
1.236848721580693228e-03
1.234933069615869617e-03
1.233020384644815384e-03
1.231110662072200986e-03
1.229203897309813802e-03
1.227300085776548153e-03
1.225399222898393816e-03
1.223501304108424092e-03
1.221606324846786053e-03
1.219714280560689262e-03
1.217825166704394717e-03
1.215938978739203357e-03
1.214055712133446305e-03
1.212175362362473375e-03
1.210297924908642015e-03
1.208423395261306894e-03
1.206551768916808631e-03
1.204683041378463385e-03
1.202817208156551363e-03
1.200954264768307276e-03
1.199094206737908418e-03
1.197237029596464469e-03
1.195382728882006225e-03
1.193531300139475618e-03
1.191682738920714661e-03
1.189837040784454602e-03
1.187994201296305305e-03
1.186154216028744834e-03
1.184317080561108617e-03
1.182482790479579037e-03
1.180651341377174368e-03
1.178822728853738807e-03
1.176996948515931412e-03
1.175173995977215908e-03
1.173353866857849634e-03
1.171536556784873563e-03
1.169722061392101681e-03
1.167910376320109925e-03
1.166101497216226641e-03
1.164295419734521966e-03
1.162492139535796108e-03
1.160691652287570898e-03
1.158893953664077645e-03
1.157099039346247806e-03
1.155306905021702153e-03
1.153517546384740791e-03
1.151730959136332538e-03
1.149947138984104512e-03
1.148166081642331294e-03
1.146387782831926683e-03
1.144612238280430907e-03
1.142839443722001727e-03
1.141069394897403820e-03
1.139302087553998796e-03
1.137537517445735011e-03
1.135775680333136507e-03
1.134016571983294339e-03
1.132260188169855082e-03
1.130506524673011073e-03
1.128755577279490652e-03
1.127007341782547759e-03
1.125261813981951516e-03
1.123518989683976481e-03
1.121778864701392878e-03
1.120041434853455767e-03
1.118306695965895275e-03
1.116574643870907498e-03
1.114845274407143001e-03
1.113118583419697716e-03
1.111394566760102532e-03
1.109673220286314403e-03
1.107954539862704424e-03
1.106238521360049807e-03
1.104525160655522604e-03
1.102814453632680819e-03
1.101106396181457782e-03
1.099400984198153040e-03
1.097698213585421518e-03
1.095998080252264407e-03
1.094300580114018762e-03
1.092605709092348606e-03
1.090913463115234091e-03
1.089223838116962608e-03
1.087536830038117941e-03
1.085852434825571814e-03
1.084170648432473483e-03
1.082491466818239108e-03
1.080814885948544381e-03
1.079140901795312170e-03
1.077469510336704923e-03
1.075800707557113831e-03
1.074134489447149720e-03
1.072470852003632857e-03
1.070809791229583845e-03
1.069151303134214083e-03
1.067495383732916222e-03
1.065842029047253539e-03
1.064191235104951705e-03
1.062542997939888798e-03
1.060897313592085341e-03
1.059254178107695184e-03
1.057613587538996404e-03
1.055975537944380677e-03
1.054340025388345254e-03
1.052707045941481904e-03
1.051076595680469324e-03
1.049448670688062080e-03
1.047823267053081932e-03
1.046200380870408297e-03
1.044580008240969136e-03
1.042962145271730985e-03
1.041346788075690061e-03
1.039733932771863588e-03
1.038123575485278526e-03
1.036515712346964191e-03
1.034910339493942287e-03
1.033307453069217145e-03
1.031707049221767050e-03
1.030109124106534917e-03
1.028513673884418750e-03
1.026920694722262967e-03
1.025330182792848427e-03
1.023742134274883758e-03
1.022156545352996462e-03
1.020573412217722943e-03
1.018992731065499618e-03
1.017414498098654458e-03
1.015838709525396797e-03
1.014265361559809307e-03
1.012694450421837812e-03
1.011125972337283043e-03
1.009559923537791315e-03
1.007996300260844986e-03
1.006435098749754653e-03
1.004876315253648523e-03
1.003319946027465045e-03
1.001765987331942279e-03
1.000214435433610313e-03
9.986652866047812833e-04
9.971185371235409198e-04
9.955741832737398725e-04
9.940322213449839534e-04
9.924926476326256797e-04
9.909554584377558168e-04
9.894206500671938378e-04
9.878882188334792494e-04
9.863581610548627018e-04
9.848304730552975318e-04
9.833051511644300049e-04
9.817821917175915090e-04
9.802615910557894476e-04
9.787433455256981316e-04
9.772274514796501065e-04
9.757139052756276954e-04
9.742027032772538914e-04
9.726938418537837928e-04
9.711873173800958207e-04
9.696831262366832627e-04
9.681812648096450565e-04
9.666817294906776591e-04
9.651845166770660475e-04
9.636896227716749367e-04
9.621970441829406483e-04
9.607067773248622201e-04
9.592188186169924068e-04
9.577331644844296575e-04
9.562498113578092249e-04
9.547687556732946000e-04
9.532899938725691641e-04
9.518135224028272980e-04
9.503393377167663591e-04
9.488674362725772488e-04
9.473978145339369316e-04
9.459304689699992190e-04
9.444653960553869637e-04
9.430025922701828437e-04
9.415420540999212308e-04
9.400837780355798421e-04
9.386277605735712836e-04
9.371739982157345928e-04
9.357224874693265658e-04
9.342732248470139505e-04
9.328262068668646649e-04
9.313814300523391232e-04
9.299388909322828635e-04
9.284985860409171151e-04
9.270605119178312089e-04
9.256246651079741211e-04
9.241910421616456907e-04
9.227596396344890303e-04
9.213304540874817442e-04
9.199034820869280132e-04
9.184787202044501385e-04
9.170561650169803012e-04
9.156358131067525398e-04
9.142176610612938589e-04
9.128017054734172912e-04
9.113879429412125727e-04
9.099763700680383368e-04
9.085669834625140912e-04
9.071597797385119776e-04
9.057547555151487491e-04
9.043519074167772048e-04
9.029512320729788169e-04
9.015527261185549493e-04
9.001563861935188340e-04
8.987622089430884155e-04
8.973701910176768099e-04
8.959803290728853660e-04
8.945926197694953168e-04
8.932070597734598650e-04
8.918236457558957261e-04
8.904423743930755392e-04
8.890632423664198434e-04
8.876862463624890552e-04
8.863113830729755539e-04
8.849386491946956580e-04
8.835680414295817107e-04
8.821995564846738403e-04
8.808331910721129126e-04
8.794689419091317488e-04
8.781068057180474278e-04
8.767467792262541304e-04
8.753888591662142490e-04
8.740330422754509065e-04
8.726793252965404750e-04
8.713277049771044449e-04
8.699781780698015096e-04
8.686307413323200851e-04
8.672853915273701780e-04
8.659421254226756879e-04
8.646009397909670347e-04
8.632618314099728104e-04
8.619247970624125147e-04
8.605898335359883156e-04
8.592569376233778929e-04
8.579261061222266324e-04
8.565973358351392777e-04
8.552706235696733161e-04
8.539459661383301970e-04
8.526233603585488263e-04
8.513028030526968932e-04
8.499842910480636055e-04
8.486678211768523177e-04
8.473533902761726157e-04
8.460409951880330532e-04
8.447306327593329112e-04
8.434222998418554763e-04
8.421159932922599092e-04
8.408117099720736551e-04
8.395094467476850713e-04
8.382092004903362713e-04
8.369109680761148851e-04
8.356147463859470116e-04
8.343205323055897377e-04
8.330283227256233321e-04
8.317381145414441982e-04
8.304499046532570674e-04
8.291636899660676267e-04
8.278794673896754715e-04
8.265972338386658657e-04
8.253169862324032362e-04
8.240387214950230417e-04
8.227624365554249419e-04
8.214881283472651001e-04
8.202157938089487017e-04
8.189454298836230158e-04
8.176770335191696970e-04
8.164106016681975213e-04
8.151461312880352306e-04
8.138836193407240514e-04
8.126230627930105394e-04
8.113644586163389896e-04
8.101078037868444980e-04
8.088530952853458054e-04
8.076003300973373829e-04
8.063495052129829267e-04
8.051006176271077687e-04
8.038536643391916122e-04
8.026086423533612679e-04
8.013655486783840404e-04
8.001243803276598130e-04
7.988851343192142178e-04
7.976478076756913713e-04
7.964123974243468270e-04
7.951789005970403114e-04
7.939473142302287852e-04
7.927176353649590702e-04
7.914898610468609113e-04
7.902639883261398197e-04
7.890400142575702434e-04
7.878179359004876519e-04
7.865977503187825733e-04
7.853794545808930050e-04
7.841630457597969324e-04
7.829485209330064744e-04
7.817358771825594268e-04
7.805251115950136240e-04
7.793162212614388080e-04
7.781092032774102312e-04
7.769040547430019344e-04
7.757007727627788325e-04
7.744993544457907508e-04
7.732997969055648360e-04
7.721020972600990510e-04
7.709062526318549106e-04
7.697122601477507592e-04
7.685201169391547241e-04
7.673298201418781014e-04
7.661413668961680919e-04
7.649547543467014044e-04
7.637699796425767747e-04
7.625870399373086772e-04
7.614059323888202778e-04
7.602266541594363859e-04
7.590492024158771670e-04
7.578735743292508778e-04
7.566997670750471444e-04
7.555277778331304572e-04
7.543576037877326897e-04
7.531892421274473523e-04
7.520226900452220030e-04
7.508579447383518504e-04
7.496950034084732487e-04
7.485338632615564335e-04
7.473745215078990162e-04
7.462169753621195880e-04
7.450612220431505634e-04
7.439072587742317838e-04
7.427550827829040121e-04
7.416046913010017772e-04
7.404560815646469771e-04
7.393092508142423734e-04
7.381641962944648699e-04
7.370209152542588982e-04
7.358794049468293710e-04
7.347396626296359354e-04
7.336016855643858175e-04
7.324654710170272085e-04
7.313310162577431935e-04
7.301983185609442701e-04
7.290673752052628191e-04
7.279381834735461658e-04
7.268107406528496409e-04
7.256850440344307261e-04
7.245610909137423315e-04
7.234388785904257487e-04
7.223184043683052299e-04
7.211996655553802897e-04
7.200826594638203926e-04
7.189673834099574723e-04
7.178538347142805103e-04
7.167420107014282719e-04
7.156319087001829097e-04
7.145235260434644334e-04
7.134168600683231214e-04
7.123119081159337736e-04
7.112086675315895321e-04
7.101071356646948335e-04
7.090073098687596628e-04
7.079091875013927230e-04
7.068127659242952549e-04
7.057180425032550742e-04
7.046250146081397409e-04
7.035336796128902710e-04
7.024440348955150650e-04
7.013560778380835111e-04
7.002698058267196966e-04
6.991852162515961198e-04
6.981023065069274017e-04
6.970210739909641056e-04
6.959415161059863408e-04
6.948636302582976909e-04
6.937874138582190335e-04
6.927128643200817105e-04
6.916399790622223230e-04
6.905687555069757932e-04
6.894991910806691840e-04
6.884312832136159528e-04
6.873650293401095549e-04
6.863004268984169379e-04
6.852374733307730129e-04
6.841761660833741484e-04
6.831165026063718828e-04
6.820584803538672861e-04
6.810020967839045631e-04
6.799473493584645483e-04
6.788942355434593933e-04
6.778427528087260616e-04
6.767928986280200400e-04
6.757446704790097012e-04
6.746980658432699066e-04
6.736530822062763687e-04
6.726097170573989287e-04
6.715679678898963528e-04
6.705278322009093931e-04
6.694893074914559086e-04
6.684523912664236010e-04
6.674170810345651361e-04
6.663833743084913129e-04
6.653512686046657515e-04
6.643207614433982791e-04
6.632918503488394006e-04
6.622645328489745525e-04
6.612388064756175975e-04
6.602146687644051869e-04
6.591921172547909056e-04
6.581711494900390922e-04
6.571517630172192016e-04
6.561339553872000581e-04
6.551177241546434589e-04
6.541030668779986446e-04
6.530899811194963364e-04
6.520784644451432062e-04
6.510685144247153715e-04
6.500601286317530831e-04
6.490533046435546533e-04
6.480480400411708182e-04
6.470443324093986658e-04
6.460421793367762157e-04
6.450415784155762383e-04
6.440425272418007262e-04
6.430450234151749303e-04
6.420490645391418311e-04
6.410546482208559580e-04
6.400617720711782943e-04
6.390704337046697716e-04
6.380806307395862822e-04
6.370923607978723913e-04
6.361056215051559158e-04
6.351204104907420692e-04
6.341367253876078244e-04
6.331545638323963837e-04
6.321739234654113245e-04
6.311948019306108529e-04
6.302171968756022742e-04
6.292411059516363550e-04
6.282665268136016857e-04
6.272934571200189336e-04
6.263218945330353143e-04
6.253518367184189531e-04
6.243832813455532475e-04
6.234162260874313377e-04
6.224506686206504689e-04
6.214866066254062446e-04
6.205240377854875315e-04
6.195629597882702788e-04
6.186033703247124232e-04
6.176452670893482506e-04
6.166886477802827581e-04
6.157335100991859081e-04
6.147798517512876411e-04
6.138276704453720202e-04
6.128769638937717028e-04
6.119277298123626269e-04
6.109799659205581573e-04
6.100336699413042062e-04
6.090888396010733785e-04
6.081454726298594427e-04
6.072035667611719095e-04
6.062631197320308279e-04
6.053241292829611474e-04
6.043865931579871882e-04
6.034505091046276542e-04
6.025158748738897781e-04
6.015826882202639008e-04
6.006509469017185920e-04
5.997206486796945787e-04
5.987917913191000835e-04
5.978643725883045360e-04
5.969383902591343443e-04
5.960138421068666070e-04
5.950907259102241253e-04
5.941690394513701994e-04
5.932487805159027735e-04
5.923299468928499905e-04
5.914125363746642293e-04
5.904965467572166832e-04
5.895819758397928068e-04
5.886688214250860272e-04
5.877570813191935160e-04
5.868467533316099006e-04
5.859378352752229275e-04
5.850303249663076077e-04
5.841242202245210124e-04
5.832195188728975027e-04
5.823162187378426577e-04
5.814143176491291549e-04
5.805138134398903733e-04
5.796147039466162734e-04
5.787169870091472173e-04
5.778206604706697400e-04
5.769257221777104785e-04
5.760321699801318343e-04
5.751400017311257941e-04
5.742492152872099177e-04
5.733598085082212666e-04
5.724717792573118507e-04
5.715851254009429901e-04
5.706998448088809782e-04
5.698159353541907939e-04
5.689333949132320892e-04
5.680522213656534437e-04
5.671724125943877022e-04
5.662939664856463367e-04
5.654168809289151099e-04
5.645411538169481120e-04
5.636667830457635321e-04
5.627937665146381290e-04
5.619221021261020270e-04
5.610517877859344874e-04
5.601828214031578370e-04
5.593152008900331316e-04
5.584489241620551681e-04
5.575839891379468470e-04
5.567203937396549441e-04
5.558581358923445808e-04
5.549972135243943453e-04
5.541376245673916307e-04
5.532793669561271053e-04
5.524224386285904844e-04
5.515668375259648922e-04
5.507125615926219834e-04
5.498596087761177141e-04
5.490079770271863793e-04
5.481576642997364928e-04
5.473086685508456910e-04
5.464609877407555294e-04
5.456146198328666033e-04
5.447695627937343193e-04
5.439258145930632579e-04
5.430833732037022941e-04
5.422422366016404777e-04
5.414024027660012872e-04
5.405638696790382924e-04
5.397266353261303846e-04
5.388906976957765719e-04
5.380560547795909922e-04
5.372227045722991184e-04
5.363906450717315783e-04
5.355598742788202516e-04
5.347303901975930659e-04
5.339021908351697680e-04
5.330752742017561777e-04
5.322496383106401765e-04
5.314252811781870452e-04
5.306022008238337178e-04
5.297803952700848784e-04
5.289598625425079737e-04
5.281406006697288765e-04
5.273226076834262475e-04
5.265058816183274155e-04
5.256904205122039323e-04
5.248762224058660429e-04
5.240632853431585660e-04
5.232516073709559063e-04
5.224411865391579346e-04
5.216320209006845669e-04
5.208241085114712109e-04
5.200174474304645371e-04
5.192120357196176005e-04
5.184078714438849610e-04
5.176049526712182391e-04
5.168032774725615612e-04
5.160028439218465731e-04
5.152036500959883197e-04
5.144056940748802575e-04
5.136089739413895929e-04
5.128134877813529452e-04
5.120192336835717927e-04
5.112262097398073777e-04
5.104344140447765856e-04
5.096438446961472834e-04
5.088544997945335492e-04
5.080663774434916605e-04
5.072794757495147815e-04
5.064937928220287350e-04
5.057093267733877738e-04
5.049260757188693766e-04
5.041440377766705618e-04
5.033632110679026831e-04
5.025835937165870930e-04
5.018051838496508056e-04
5.010279795969217265e-04
5.002519790911246411e-04
4.994771804678760103e-04
4.987035818656802844e-04
4.979311814259245903e-04
4.971599772928750457e-04
4.963899676136716626e-04
4.956211505383245532e-04
4.948535242197088339e-04
4.940870868135606138e-04
4.933218364784724410e-04
4.925577713758887491e-04
4.917948896701015201e-04
4.910331895282463817e-04
4.902726691202970773e-04
4.895133266190621057e-04
4.887551602001799500e-04
4.879981680421144156e-04
4.872423483261508902e-04
4.864876992363914641e-04
4.857342189597505942e-04
4.849819056859510920e-04
4.842307576075194613e-04
4.834807729197816164e-04
4.827319498208585444e-04
4.819842865116621858e-04
4.812377811958908264e-04
4.804924320800248150e-04
4.797482373733225514e-04
4.790051952878157703e-04
4.782633040383054757e-04
4.775225618423576584e-04
4.767829669202990127e-04
4.760445174952125462e-04
4.753072117929334054e-04
4.745710480420445927e-04
4.738360244738727385e-04
4.731021393224838184e-04
4.723693908246788162e-04
4.716377772199896587e-04
4.709072967506750407e-04
4.701779476617159266e-04
4.694497282008114835e-04
4.687226366183748537e-04
4.679966711675291428e-04
4.672718301041028661e-04
4.665481116866260452e-04
4.658255141763258176e-04
4.651040358371223704e-04
4.643836749356249831e-04
4.636644297411273655e-04
4.629462985256038634e-04
4.622292795637052295e-04
4.615133711327544497e-04
4.607985715127426774e-04
4.600848789863250048e-04
4.593722918388163973e-04
4.586608083581875193e-04
4.579504268350606143e-04
4.572411455627056016e-04
4.565329628370356314e-04
4.558258769566032355e-04
4.551198862225961533e-04
4.544149889388333203e-04
4.537111834117608022e-04
4.530084679504475125e-04
4.523068408665814177e-04
4.516063004744653628e-04
4.509068450910130063e-04
4.502084730357447536e-04
4.495111826307839086e-04
4.488149722008523369e-04
4.481198400732666707e-04
4.474257845779342434e-04
4.467328040473489696e-04
4.460408968165874961e-04
4.453500612233052443e-04
4.446602956077320740e-04
4.439715983126686508e-04
4.432839676834823264e-04
4.425974020681032353e-04
4.419118998170200666e-04
4.412274592832765943e-04
4.405440788224671781e-04
4.398617567927331313e-04
4.391804915547587091e-04
4.385002814717672056e-04
4.378211249095169421e-04
4.371430202362973643e-04
4.364659658229252471e-04
4.357899600427405208e-04
4.351150012716026392e-04
4.344410878878864589e-04
4.337682182724784453e-04
4.330963908087728776e-04
4.324256038826676746e-04
4.317558558825609254e-04
4.310871451993466608e-04
4.304194702264111673e-04
4.297528293596290295e-04
4.290872209973593354e-04
4.284226435404418819e-04
4.277590953921932173e-04
4.270965749584029010e-04
4.264350806473295456e-04
4.257746108696972942e-04
4.251151640386914825e-04
4.244567385699553330e-04
4.237993328815859427e-04
4.231429453941303802e-04
4.224875745305820538e-04
4.218332187163769168e-04
4.211798763793895639e-04
4.205275459499294914e-04
4.198762258607375186e-04
4.192259145469817228e-04
4.185766104462538065e-04
4.179283119985654658e-04
4.172810176463444330e-04
4.166347258344308985e-04
4.159894350100736622e-04
4.153451436229264469e-04
4.147018501250442665e-04
4.140595529708794684e-04
4.134182506172783727e-04
4.127779415234771520e-04
4.121386241510984708e-04
4.115002969641476361e-04
4.108629584290088570e-04
4.102266070144417755e-04
4.095912411915775091e-04
4.089568594339151810e-04
4.083234602173181258e-04
4.076910420200103658e-04
4.070596033225727618e-04
4.064291426079396524e-04
4.057996583613948964e-04
4.051711490705683493e-04
4.045436132254323397e-04
4.039170493182979286e-04
4.032914558438112774e-04
4.026668312989501244e-04
4.020431741830200441e-04
4.014204829976509778e-04
4.007987562467934931e-04
4.001779924367153147e-04
3.995581900759976918e-04
3.989393476755317123e-04
3.983214637485150500e-04
3.977045368104479531e-04
3.970885653791299372e-04
3.964735479746561535e-04
3.958594831194139191e-04
3.952463693380790311e-04
3.946342051576123507e-04
3.940229891072562804e-04
3.934127197185309684e-04
3.928033955252310566e-04
3.921950150634221028e-04
3.915875768714370021e-04
3.909810794898725184e-04
3.903755214615857601e-04
3.897709013316906024e-04
3.891672176475544347e-04
3.885644689587944203e-04
3.879626538172740264e-04
3.873617707770997723e-04
3.867618183946174341e-04
3.861627952284089004e-04
3.855646998392884325e-04
3.849675307902994110e-04
3.843712866467107587e-04
3.837759659760135245e-04
3.831815673479174690e-04
3.825880893343475944e-04
3.819955305094407841e-04
3.814038894495422240e-04
3.808131647332021509e-04
3.802233549411723821e-04
3.796344586564028467e-04
3.790464744640381699e-04
3.784594009514145830e-04
3.778732367080559667e-04
3.772879803256708685e-04
3.767036303981490344e-04
3.761201855215581011e-04
3.755376442941400186e-04
3.749560053163078521e-04
3.743752671906423659e-04
3.737954285218886633e-04
3.732164879169528248e-04
3.726384439848986563e-04
3.720612953369442188e-04
3.714850405864585222e-04
3.709096783489582183e-04
3.703352072421042937e-04
3.697616258856987635e-04
3.691889329016812015e-04
3.686171269141256504e-04
3.680462065492371522e-04
3.674761704353484955e-04
3.669070172029170176e-04
3.663387454845211345e-04
3.657713539148571428e-04
3.652048411307360753e-04
3.646392057710801235e-04
3.640744464769196556e-04
3.635105618913897474e-04
3.629475506597270923e-04
3.623854114292666940e-04
3.618241428494384519e-04
3.612637435717641252e-04
3.607042122498540257e-04
3.601455475394037113e-04
3.595877480981909502e-04
3.590308125860722514e-04
3.584747396649797749e-04
3.579195279989181872e-04
3.573651762539612462e-04
3.568116830982488198e-04
3.562590472019835247e-04
3.557072672374275821e-04
3.551563418788997281e-04
3.546062698027717982e-04
3.540570496874658000e-04
3.535086802134505520e-04
3.529611600632385940e-04
3.524144879213830968e-04
3.518686624744745014e-04
3.513236824111375372e-04
3.507795464220279697e-04
3.502362531998295643e-04
3.496938014392508343e-04
3.491521898370219504e-04
3.486114170918917050e-04
3.480714819046241515e-04
3.475323829779956766e-04
3.469941190167918563e-04
3.464566887278042575e-04
3.459200908198274563e-04
3.453843240036558399e-04
3.448493869920805162e-04
3.443152784998862242e-04
3.437819972438483523e-04
3.432495419427297398e-04
3.427179113172775329e-04
3.421871040902203114e-04
3.416571189862648906e-04
3.411279547320932850e-04
3.405996100563596189e-04
3.400720836896871445e-04
3.395453743646650977e-04
3.390194808158457167e-04
3.384944017797412064e-04
3.379701359948206478e-04
3.374466822015070172e-04
3.369240391421741499e-04
3.364022055611437046e-04
3.358811802046821277e-04
3.353609618209977801e-04
3.348415491602376847e-04
3.343229409744847614e-04
3.338051360177546291e-04
3.332881330459927863e-04
3.327719308170715216e-04
3.322565280907869320e-04
3.317419236288559410e-04
3.312281161949134261e-04
3.307151045545091280e-04
3.302028874751046701e-04
3.296914637260707926e-04
3.291808320786841009e-04
3.286709913061243546e-04
3.281619401834713775e-04
3.276536774877022388e-04
3.271462019976881632e-04
3.266395124941917118e-04
3.261336077598638548e-04
3.256284865792410444e-04
3.251241477387420702e-04
3.246205900266656741e-04
3.241178122331869727e-04
3.236158131503550717e-04
3.231145915720898677e-04
3.226141462941792834e-04
3.221144761142763946e-04
3.216155798318964484e-04
3.211174562484140444e-04
3.206201041670602076e-04
3.201235223929195690e-04
3.196277097329273844e-04
3.191326649958668780e-04
3.186383869923661524e-04
3.181448745348954780e-04
3.176521264377643659e-04
3.171601415171187489e-04
3.166689185909381081e-04
3.161784564790327628e-04
3.156887540030407801e-04
3.151998099864253733e-04
3.147116232544720283e-04
3.142241926342855766e-04
3.137375169547875387e-04
3.132515950467130886e-04
3.127664257426085058e-04
3.122820078768281395e-04
3.117983402855317525e-04
3.113154218066817021e-04
3.108332512800401209e-04
3.103518275471661529e-04
3.098711494514131337e-04
3.093912158379258262e-04
3.089120255536376017e-04
3.084335774472678378e-04
3.079558703693189366e-04
3.074789031720737229e-04
3.070026747095926252e-04
3.065271838377108568e-04
3.060524294140358134e-04
3.055784102979442005e-04
3.051051253505793225e-04
3.046325734348483724e-04
3.041607534154197210e-04
3.036896641587202069e-04
3.032193045329322086e-04
3.027496734079912597e-04
3.022807696555830669e-04
3.018125921491408544e-04
3.013451397638427609e-04
3.008784113766090214e-04
3.004124058660993649e-04
2.999471221127102496e-04
2.994825589985722065e-04
2.990187154075470751e-04
2.985555902252254551e-04
2.980931823389239418e-04
2.976314906376825243e-04
2.971705140122617660e-04
2.967102513551403116e-04
2.962507015605121219e-04
2.957918635242838177e-04
2.953337361440721317e-04
2.948763183192011444e-04
2.944196089506996811e-04
2.939636069412987105e-04
2.935083111954286342e-04
2.930537206192166300e-04
2.925998341204842125e-04
2.921466506087444146e-04
2.916941689951992392e-04
2.912423881927370031e-04
2.907913071159298432e-04
2.903409246810308977e-04
2.898912398059719751e-04
2.894422514103607352e-04
2.889939584154781410e-04
2.885463597442759114e-04
2.880994543213739726e-04
2.876532410730577483e-04
2.872077189272757196e-04
2.867628868136367151e-04
2.863187436634073626e-04
2.858752884095097039e-04
2.854325199865183761e-04
2.849904373306581720e-04
2.845490393798015463e-04
2.841083250734659053e-04
2.836682933528112218e-04
2.832289431606373783e-04
2.827902734413816738e-04
2.823522831411162757e-04
2.819149712075457261e-04
2.814783365900043943e-04
2.810423782394538741e-04
2.806070951084804906e-04
2.801724861512929149e-04
2.797385503237195077e-04
2.793052865832059339e-04
2.788726938888124525e-04
2.784407712012115853e-04
2.780095174826857315e-04
2.775789316971244034e-04
2.771490128100217868e-04
2.767197597884744637e-04
2.762911716011787026e-04
2.758632472184281269e-04
2.754359856121111672e-04
2.750093857557086218e-04
2.745834466242911632e-04
2.741581671945168440e-04
2.737335464446287664e-04
2.733095833544525342e-04
2.728862769053938130e-04
2.724636260804358368e-04
2.720416298641370771e-04
2.716202872426286405e-04
2.711995972036120462e-04
2.707795587363566242e-04
2.703601708316971295e-04
2.699414324820313574e-04
2.695233426813177036e-04
2.691059004250726710e-04
2.686891047103685923e-04
2.682729545358311369e-04
2.678574489016368712e-04
2.674425868095109816e-04
2.670283672627247269e-04
2.666147892660931614e-04
2.662018518259726954e-04
2.657895539502587098e-04
2.653778946483832256e-04
2.649668729313123011e-04
2.645564878115440268e-04
2.641467383031058142e-04
2.637376234215521738e-04
2.633291421839624382e-04
2.629212936089382678e-04
2.625140767166012665e-04
2.621074905285907582e-04
2.617015340680613482e-04
2.612962063596805371e-04
2.608915064296265531e-04
2.604874333055858036e-04
2.600839860167507072e-04
2.596811635938171998e-04
2.592789650689825663e-04
2.588773894759429468e-04
2.584764358498912225e-04
2.580761032275145223e-04
2.576763906469919452e-04
2.572772971479923387e-04
2.568788217716719128e-04
2.564809635606719092e-04
2.560837215591163789e-04
2.556870948126098507e-04
2.552910823682350006e-04
2.548956832745504289e-04
2.545008965815883295e-04
2.541067213408522668e-04
2.537131566053147909e-04
2.533202014294152690e-04
2.529278548690575001e-04
2.525361159816076010e-04
2.521449838258916208e-04
2.517544574621933184e-04
2.513645359522518859e-04
2.509752183592597256e-04
2.505865037478601735e-04
2.501983911841452763e-04
2.498108797356534609e-04
2.494239684713675281e-04
2.490376564617121052e-04
2.486519427785515855e-04
2.482668264951879062e-04
2.478823066863583254e-04
2.474983824282330912e-04
2.471150527984132734e-04
2.467323168759286492e-04
2.463501737412353721e-04
2.459686224762138579e-04
2.455876621641663992e-04
2.452072918898152141e-04
2.448275107393000066e-04
2.444483178001759607e-04
2.440697121614114639e-04
2.436916929133859115e-04
2.433142591478875110e-04
2.429374099581111410e-04
2.425611444386561555e-04
2.421854616855242156e-04
2.418103607961170941e-04
2.414358408692345340e-04
2.410619010050720802e-04
2.406885403052188839e-04
2.403157578726555885e-04
2.399435528117521612e-04
2.395719242282657517e-04
2.392008712293384695e-04
2.388303929234953510e-04
2.384604884206421372e-04
2.380911568320631861e-04
2.377223972704192777e-04
2.373542088497455807e-04
2.369865906854493759e-04
2.366195418943080504e-04
2.362530615944669835e-04
2.358871489054373239e-04
2.355218029480939839e-04
2.351570228446734441e-04
2.347928077187716933e-04
2.344291566953421143e-04
2.340660689006933697e-04
2.337035434624873149e-04
2.333415795097369108e-04
2.329801761728040829e-04
2.326193325833976879e-04
2.322590478745713998e-04
2.318993211807216502e-04
2.315401516375855404e-04
2.311815383822387010e-04
2.308234805530933397e-04
2.304659772898960462e-04
2.301090277337258403e-04
2.297526310269920038e-04
2.293967863134321287e-04
2.290414927381099488e-04
2.286867494474133342e-04
2.283325555890522852e-04
2.279789103120568184e-04
2.276258127667749335e-04
2.272732621048706078e-04
2.269212574793217361e-04
2.265697980444180706e-04
2.262188829557592424e-04
2.258685113702527017e-04
2.255186824461116572e-04
2.251693953428531524e-04
2.248206492212959508e-04
2.244724432435585303e-04
2.241247765730571321e-04
2.237776483745036998e-04
2.234310578139038744e-04
2.230850040585550154e-04
2.227394862770441949e-04
2.223945036392461648e-04
2.220500553163213783e-04
2.217061404807140650e-04
2.213627583061501716e-04
2.210199079676353554e-04
2.206775886414530602e-04
2.203357995051624836e-04
2.199945397375967064e-04
2.196538085188605785e-04
2.193136050303288488e-04
2.189739284546441322e-04
2.186347779757150393e-04
2.182961527787141167e-04
2.179580520500759490e-04
2.176204749774951540e-04
2.172834207499244844e-04
2.169468885575728497e-04
2.166108775919033916e-04
2.162753870456315052e-04
2.159404161127229419e-04
2.156059639883918576e-04
2.152720298690988341e-04
2.149386129525490360e-04
2.146057124376902049e-04
2.142733275247107622e-04
2.139414574150379114e-04
2.136101013113356868e-04
2.132792584175030831e-04
2.129489279386720499e-04
2.126191090812056754e-04
2.122898010526962347e-04
2.119610030619633202e-04
2.116327143190518891e-04
2.113049340352303939e-04
2.109776614229889121e-04
2.106508956960372210e-04
2.103246360693029286e-04
2.099988817589295480e-04
2.096736319822746551e-04
2.093488859579080181e-04
2.090246429056096455e-04
2.087009020463680251e-04
2.083776626023781445e-04
2.080549237970396757e-04
2.077326848549551316e-04
2.074109450019279144e-04
2.070897034649605813e-04
2.067689594722528924e-04
2.064487122531999950e-04
2.061289610383905532e-04
2.058097050596048778e-04
2.054909435498131643e-04
2.051726757431735957e-04
2.048549008750304721e-04
2.045376181819123947e-04
2.042208269015304500e-04
2.039045262727763933e-04
2.035887155357208060e-04
2.032733939316112251e-04
2.029585607028703545e-04
2.026442150930942755e-04
2.023303563470506045e-04
2.020169837106766491e-04
2.017040964310776196e-04
2.013916937565248400e-04
2.010797749364539048e-04
2.007683392214629442e-04
2.004573858633106997e-04
2.001469141149148708e-04
1.998369232303501904e-04
1.995274124648467443e-04
1.992183810747881012e-04
1.989098283177095775e-04
1.986017534522963946e-04
1.982941557383819710e-04
1.979870344369461064e-04
1.976803888101131656e-04
1.973742181211503982e-04
1.970685216344661222e-04
1.967632986156078810e-04
1.964585483312607901e-04
1.961542700492457751e-04
1.958504630385177019e-04
1.955471265691637495e-04
1.952442599124015678e-04
1.949418623405775694e-04
1.946399331271651682e-04
1.943384715467630169e-04
1.940374768750933001e-04
1.937369483889999722e-04
1.934368853664470496e-04
1.931372870865167950e-04
1.928381528294080636e-04
1.925394818764345688e-04
1.922412735100231470e-04
1.919435270137119693e-04
1.916462416721489146e-04
1.913494167710898079e-04
1.910530515973967130e-04
1.907571454390361975e-04
1.904616975850776522e-04
1.901667073256915568e-04
1.898721739521477716e-04
1.895780967568138850e-04
1.892844750331534778e-04
1.889913080757244434e-04
1.886985951801771987e-04
1.884063356432531117e-04
1.881145287627827671e-04
1.878231738376843129e-04
1.875322701679616984e-04
1.872418170547030750e-04
1.869518138000790617e-04
1.866622597073410643e-04
1.863731540808196763e-04
1.860844962259229174e-04
1.857962854491346065e-04
1.855085210580127090e-04
1.852212023611876559e-04
1.849343286683606633e-04
1.846478992903020791e-04
1.843619135388498110e-04
1.840763707269075372e-04
1.837912701684431347e-04
1.835066111784870529e-04
1.832223930731305785e-04
1.829386151695242913e-04
1.826552767858763827e-04
1.823723772414509762e-04
1.820899158565665544e-04
1.818078919525943063e-04
1.815263048519565004e-04
1.812451538781248048e-04
1.809644383556187959e-04
1.806841576100041155e-04
1.804043109678910885e-04
1.801248977569329336e-04
1.798459173058242460e-04
1.795673689442993436e-04
1.792892520031306677e-04
1.790115658141271571e-04
1.787343097101326485e-04
1.784574830250243048e-04
1.781810850937109612e-04
1.779051152521316079e-04
1.776295728372536819e-04
1.773544571870716037e-04
1.770797676406050427e-04
1.768055035378974800e-04
1.765316642200145014e-04
1.762582490290422524e-04
1.759852573080859198e-04
1.757126884012680517e-04
1.754405416537270393e-04
1.751688164116155450e-04
1.748975120220989303e-04
1.746266278333536565e-04
1.743561631945657396e-04
1.740861174559292057e-04
1.738164899686444915e-04
1.735472800849169263e-04
1.732784871579551333e-04
1.730101105419695382e-04
1.727421495921707434e-04
1.724746036647679828e-04
1.722074721169676310e-04
1.719407543069716583e-04
1.716744495939760316e-04
1.714085573381692235e-04
1.711430769007306406e-04
1.708780076438291048e-04
1.706133489306213362e-04
1.703491001252504080e-04
1.700852605928442280e-04
1.698218296995139672e-04
1.695588068123525961e-04
1.692961912994333661e-04
1.690339825298082382e-04
1.687721798735063920e-04
1.685107827015327347e-04
1.682497903858663562e-04
1.679892022994590385e-04
1.677290178162337648e-04
1.674692363110831745e-04
1.672098571598680994e-04
1.669508797394160461e-04
1.666923034275196781e-04
1.664341276029353788e-04
1.661763516453817070e-04
1.659189749355379330e-04
1.656619968550425209e-04
1.654054167864916645e-04
1.651492341134378242e-04
1.648934482203882630e-04
1.646380584928034199e-04
1.643830643170956368e-04
1.641284650806275314e-04
1.638742601717106152e-04
1.636204489796038027e-04
1.633670308945119206e-04
1.631140053075842439e-04
1.628613716109130599e-04
1.626091291975321769e-04
1.623572774614155147e-04
1.621058157974756143e-04
1.618547436015621468e-04
1.616040602704605310e-04
1.613537652018904700e-04
1.611038577945044328e-04
1.608543374478863268e-04
1.606052035625499523e-04
1.603564555399376206e-04
1.601080927824187169e-04
1.598601146932882098e-04
1.596125206767652692e-04
1.593653101379918292e-04
1.591184824830311519e-04
1.588720371188663907e-04
1.586259734533991810e-04
1.583802908954481763e-04
1.581349888547476930e-04
1.578900667419462739e-04
1.576455239686052245e-04
1.574013599471972579e-04
1.571575740911050579e-04
1.569141658146198969e-04
1.566711345329401450e-04
1.564284796621699149e-04
1.561862006193177335e-04
1.559442968222950242e-04
1.557027676899148060e-04
1.554616126418902023e-04
1.552208310988330861e-04
1.549804224822527515e-04
1.547403862145544501e-04
1.545007217190380090e-04
1.542614284198964478e-04
1.540225057422146241e-04
1.537839531119678232e-04
1.535457699560204036e-04
1.533079557021243872e-04
1.530705097789181309e-04
1.528334316159248908e-04
1.525967206435515202e-04
1.523603762930870336e-04
1.521243979967013059e-04
1.518887851874436621e-04
1.516535372992415228e-04
1.514186537668990758e-04
1.511841340260958665e-04
1.509499775133854701e-04
1.507161836661941631e-04
1.504827519228195409e-04
1.502496817224291631e-04
1.500169725050591975e-04
1.497846237116131198e-04
1.495526347838603304e-04
1.493210051644348272e-04
1.490897342968338767e-04
1.488588216254166862e-04
1.486282665954029943e-04
1.483980686528717967e-04
1.481682272447600729e-04
1.479387418188613489e-04
1.477096118238243965e-04
1.474808367091519866e-04
1.472524159251994795e-04
1.470243489231735240e-04
1.467966351551307561e-04
1.465692740739764984e-04
1.463422651334634044e-04
1.461156077881901579e-04
1.458893014936001986e-04
1.456633457059803400e-04
1.454377398824595227e-04
1.452124834810075130e-04
1.449875759604335749e-04
1.447630167803851966e-04
1.445388054013467072e-04
1.443149412846381392e-04
1.440914238924137644e-04
1.438682526876609012e-04
1.436454271341986409e-04
1.434229466966764654e-04
1.432008108405730541e-04
1.429790190321949292e-04
1.427575707386752356e-04
1.425364654279724403e-04
1.423157025688690034e-04
1.420952816309701595e-04
1.418752020847026700e-04
1.416554634013134409e-04
1.414360650528683578e-04
1.412170065122509842e-04
1.409982872531612608e-04
1.407799067501143127e-04
1.405618644784391216e-04
1.403441599142772785e-04
1.401267925345817372e-04
1.399097618171155674e-04
1.396930672404506806e-04
1.394767082839665836e-04
1.392606844278491312e-04
1.390449951530892798e-04
1.388296399414818403e-04
1.386146182756242044e-04
1.383999296389151518e-04
1.381855735155535761e-04
1.379715493905372655e-04
1.377578567496616014e-04
1.375444950795184473e-04
1.373314638674947663e-04
1.371187626017715099e-04
1.369063907713223441e-04
1.366943478659124293e-04
1.364826333760971470e-04
1.362712467932209338e-04
1.360601876094160616e-04
1.358494553176013643e-04
1.356390494114810715e-04
1.354289693855435621e-04
1.352192147350601446e-04
1.350097849560839185e-04
1.348006795454484463e-04
1.345918980007666148e-04
1.343834398204294431e-04
1.341753045036048078e-04
1.339674915502363326e-04
1.337600004610420864e-04
1.335528307375134728e-04
1.333459818819139825e-04
1.331394533972780013e-04
1.329332447874096443e-04
1.327273555568815361e-04
1.325217852110335912e-04
1.323165332559718757e-04
1.321115991985674415e-04
1.319069825464550796e-04
1.317026828080321819e-04
1.314986994924575211e-04
1.312950321096500853e-04
1.310916801702879399e-04
1.308886431858070074e-04
1.306859206683999293e-04
1.304835121310148191e-04
1.302814170873541782e-04
1.300796350518737033e-04
1.298781655397810667e-04
1.296770080670348318e-04
1.294761621503432607e-04
1.292756273071631219e-04
1.290754030556985784e-04
1.288754889148999681e-04
1.286758844044627202e-04
1.284765890448261616e-04
1.282776023571723524e-04
1.280789238634250007e-04
1.278805530862481895e-04
1.276824895490454004e-04
1.274847327759581859e-04
1.272872822918651929e-04
1.270901376223808896e-04
1.268932982938545079e-04
1.266967638333688778e-04
1.265005337687392624e-04
1.263046076285123003e-04
1.261089849419647860e-04
1.259136652391025860e-04
1.257186480506594997e-04
1.255239329080961490e-04
1.253295193435988392e-04
1.251354068900784207e-04
1.249415950811691781e-04
1.247480834512277182e-04
1.245548715353318324e-04
1.243619588692794118e-04
1.241693449895872820e-04
1.239770294334901460e-04
1.237850117389394458e-04
1.235932914446022238e-04
1.234018680898600661e-04
1.232107412148079634e-04
1.230199103602532278e-04
1.228293750677143532e-04
1.226391348794199593e-04
1.224491893383076525e-04
1.222595379880229689e-04
1.220701803729182364e-04
1.218811160380514895e-04
1.216923445291853999e-04
1.215038653927861775e-04
1.213156781760224464e-04
1.211277824267642013e-04
1.209401776935817090e-04
1.207528635257443982e-04
1.205658394732198150e-04
1.203791050866725120e-04
1.201926599174629777e-04
1.200065035176465795e-04
1.198206354399724519e-04
1.196350552378824399e-04
1.194497624655100281e-04
1.192647566776792838e-04
1.190800374299037318e-04
1.188956042783853654e-04
1.187114567800135216e-04
1.185275944923638234e-04
1.183440169736971507e-04
1.181607237829585281e-04
1.179777144797761228e-04
1.177949886244601462e-04
1.176125457780017973e-04
1.174303855020722323e-04
1.172485073590214942e-04
1.170669109118774694e-04
1.168855957243448301e-04
1.167045613608039912e-04
1.165238073863100531e-04
1.163433333665917852e-04
1.161631388680505551e-04
1.159832234577592855e-04
1.158035867034614373e-04
1.156242281735699528e-04
1.154451474371662254e-04
1.152663440639990566e-04
1.150878176244836388e-04
1.149095676897004989e-04
1.147315938313944950e-04
1.145538956219737596e-04
1.143764726345086963e-04
1.141993244427309367e-04
1.140224506210323237e-04
1.138458507444639086e-04
1.136695243887348941e-04
1.134934711302116179e-04
1.133176905459165769e-04
1.131421822135273835e-04
1.129669457113757221e-04
1.127919806184463737e-04
1.126172865143762122e-04
1.124428629794531619e-04
1.122687095946152072e-04
1.120948259414493767e-04
1.119212116021907539e-04
1.117478661597214604e-04
1.115747891975696669e-04
1.114019802999085629e-04
1.112294390515553813e-04
1.110571650379704088e-04
1.108851578452559695e-04
1.107134170601554491e-04
1.105419422700522786e-04
1.103707330629689583e-04
1.101997890275660687e-04
1.100291097531412809e-04
1.098586948296283676e-04
1.096885438475962270e-04
1.095186563982478801e-04
1.093490320734195084e-04
1.091796704655794510e-04
1.090105711678272425e-04
1.088417337738926505e-04
1.086731578781346594e-04
1.085048430755405219e-04
1.083367889617247825e-04
1.081689951329283027e-04
1.080014611860173114e-04
1.078341867184823890e-04
1.076671713284375458e-04
1.075004146146192325e-04
1.073339161763854052e-04
1.071676756137145088e-04
1.070016925272045555e-04
1.068359665180721764e-04
1.066704971881687891e-04
1.065052841399368507e-04
1.063403269764344960e-04
1.061756253013430048e-04
1.060111787189576139e-04
1.058469868341864998e-04
1.056830492525497495e-04
1.055193655801784112e-04
1.053559354238135597e-04
1.051927583908053880e-04
1.050298340891122045e-04
1.048671621272995251e-04
1.047047421145391244e-04
1.045425736606081008e-04
1.043806563758879275e-04
1.042189898713635445e-04
1.040575737586224103e-04
1.038964076498535258e-04
1.037354911578465669e-04
1.035748238959909360e-04
1.034144054782747861e-04
1.032542355192841809e-04
1.030943136342020775e-04
1.029346394388074736e-04
1.027752125494744311e-04
1.026160325831711954e-04
1.024570991574592601e-04
1.022984118904924321e-04
1.021399704010159370e-04
1.019817743083654705e-04
1.018238232324663581e-04
1.016661167938325385e-04
1.015086546135657509e-04
1.013514363133545315e-04
1.011944615154733874e-04
1.010377298427818474e-04
1.008812409187235680e-04
1.007249943673253843e-04
1.005689898131964700e-04
1.004132268815274295e-04
1.002577051980893487e-04
1.001024243892329417e-04
9.994738408188764283e-05
9.979258390356067097e-05
9.963802348233620335e-05
9.948370244687442670e-05
9.932962042641068343e-05
9.917577705075453654e-05
9.902217195028892934e-05
9.886880475596926388e-05
9.871567509932252006e-05
9.856278261244638824e-05
9.841012692800837479e-05
9.825770767924489407e-05
9.810552449996042814e-05
9.795357702452663236e-05
9.780186488788142731e-05
9.765038772552817211e-05
9.749914517353476995e-05
9.734813686853276008e-05
9.719736244771649109e-05
9.704682154884224001e-05
9.689651381022730428e-05
9.674643887074918860e-05
9.659659636984471048e-05
9.644698594750910573e-05
9.629760724429520182e-05
9.614845990131257755e-05
9.599954356022661445e-05
9.585085786325773778e-05
9.570240245318046787e-05
9.555417697332264763e-05
9.540618106756449388e-05
9.525841438033779774e-05
9.511087655662507081e-05
9.496356724195869140e-05
9.481648608242002356e-05
9.466963272463859043e-05
9.452300681579123395e-05
9.437660800360123396e-05
9.423043593633749504e-05
9.408449026281369269e-05
9.393877063238741955e-05
9.379327669495934514e-05
9.364800810097237557e-05
9.350296450141084041e-05
9.335814554779959824e-05
9.321355089220326412e-05
9.306918018722531516e-05
9.292503308600729090e-05
9.278110924222796659e-05
9.263740831010247232e-05
9.249392994438153403e-05
9.235067380035056554e-05
9.220763953382892311e-05
9.206482680116898391e-05
9.192223525925542771e-05
9.177986456550432887e-05
9.163771437786234319e-05
9.149578435480593542e-05
9.135407415534052545e-05
9.121258343899966156e-05
9.107131186584420737e-05
9.093025909646154214e-05
9.078942479196472056e-05
9.064880861399167314e-05
9.050841022470440663e-05
9.036822928678816375e-05
9.022826546345061002e-05
9.008851841842107483e-05
8.994898781594969767e-05
8.980967332080661491e-05
8.967057459828120091e-05
8.953169131418121419e-05
8.939302313483201139e-05
8.925456972707577477e-05
8.911633075827065840e-05
8.897830589629004278e-05
8.884049480952170813e-05
8.870289716686700768e-05
8.856551263774016297e-05
8.842834089206736933e-05
8.829138160028605052e-05
8.815463443334408625e-05
8.801809906269897192e-05
8.788177516031704607e-05
8.774566239867275864e-05
8.760976045074778996e-05
8.747406899003034610e-05
8.733858769051431855e-05
8.720331622669851175e-05
8.706825427358589773e-05
8.693340150668280291e-05
8.679875760199812207e-05
8.666432223604257298e-05
8.653009508582786967e-05
8.639607582886600417e-05
8.626226414316843334e-05
8.612865970724531992e-05
8.599526220010476007e-05
8.586207130125197019e-05
8.572908669068859575e-05
8.559630804891189815e-05
8.546373505691396864e-05
8.533136739618099652e-05
8.519920474869248307e-05
8.506724679692049618e-05
8.493549322382888428e-05
8.480394371287254453e-05
8.467259794799660965e-05
8.454145561363577029e-05
8.441051639471343479e-05
8.427977997664102443e-05
8.414924604531718742e-05
8.401891428712706701e-05
8.388878438894154259e-05
8.375885603811645717e-05
8.362912892249189912e-05
8.349960273039141610e-05
8.337027715062131036e-05
8.324115187246983909e-05
8.311222658570652331e-05
8.298350098058134819e-05
8.285497474782405839e-05
8.272664757864339909e-05
8.259851916472639769e-05
8.247058919823755069e-05
8.234285737181817313e-05
8.221532337858562616e-05
8.208798691213255801e-05
8.196084766652619934e-05
8.183390533630760424e-05
8.170715961649091844e-05
8.158061020256267455e-05
8.145425679048104667e-05
8.132809907667509146e-05
8.120213675804402985e-05
8.107636953195658297e-05
8.095079709625013190e-05
8.082541914923009423e-05
8.070023538966913804e-05
8.057524551680649071e-05
8.045044923034717996e-05
8.032584623046135628e-05
8.020143621778356101e-05
8.007721889341196748e-05
7.995319395890770333e-05
7.982936111629413225e-05
7.970572006805613568e-05
7.958227051713936745e-05
7.945901216694957611e-05
7.933594472135188668e-05
7.921306788467006883e-05
7.909038136168587273e-05
7.896788485763824310e-05
7.884557807822268217e-05
7.872346072959050432e-05
7.860153251834815845e-05
7.847979315155648259e-05
7.835824233673003983e-05
7.823687978183640004e-05
7.811570519529542156e-05
7.799471828597860071e-05
7.787391876320829927e-05
7.775330633675712111e-05
7.763288071684713962e-05
7.751264161414927437e-05
7.739258873978255922e-05
7.727272180531342407e-05
7.715304052275507142e-05
7.703354460456670390e-05
7.691423376365288727e-05
7.679510771336285927e-05
7.667616616748979777e-05
7.655740884027019736e-05
7.643883544638312394e-05
7.632044570094955068e-05
7.620223931953169392e-05
7.608421601813229491e-05
7.596637551319396925e-05
7.584871752159850220e-05
7.573124176066617103e-05
7.561394794815508096e-05
7.549683580226048752e-05
7.537990504161409182e-05
7.526315538528340358e-05
7.514658655277102288e-05
7.503019826401398959e-05
7.491399023938313285e-05
7.479796219968236641e-05
7.468211386614799735e-05
7.456644496044814339e-05
7.445095520468196038e-05
7.433564432137904597e-05
7.422051203349873492e-05
7.410555806442946207e-05
7.399078213798805767e-05
7.387618397841913748e-05
7.376176331039439806e-05
7.364751985901195265e-05
7.353345334979572139e-05
7.341956350869472650e-05
7.330585006208242826e-05
7.319231273675608804e-05
7.307895125993613128e-05
7.296576535926545639e-05
7.285275476280878416e-05
7.273991919905202085e-05
7.262725839690159404e-05
7.251477208568380219e-05
7.240245999514417763e-05
7.229032185544682248e-05
7.217835739717377169e-05
7.206656635132432898e-05
7.195494844931442987e-05
7.184350342297600466e-05
7.173223100455634155e-05
7.162113092671739539e-05
7.151020292253519139e-05
7.139944672549918816e-05
7.128886206951160008e-05
7.117844868888678741e-05
7.106820631835061939e-05
7.095813469303979652e-05
7.084823354850125433e-05
7.073850262069153992e-05
7.062894164597613433e-05
7.051955036112885628e-05
7.041032850333119801e-05
7.030127581017170195e-05
7.019239201964536437e-05
7.008367687015294419e-05
6.997513010050040734e-05
6.986675144989824913e-05
6.975854065796087086e-05
6.965049746470595635e-05
6.954262161055387568e-05
6.943491283632703464e-05
6.932737088324925133e-05
6.921999549294514627e-05
6.911278640743950547e-05
6.900574336915668409e-05
6.889886612091996947e-05
6.879215440595095774e-05
6.868560796786897103e-05
6.857922655069039343e-05
6.847300989882810173e-05
6.836695775709081496e-05
6.826106987068251161e-05
6.815534598520177909e-05
6.804978584664125808e-05
6.794438920138697849e-05
6.783915579621776311e-05
6.773408537830464485e-05
6.762917769521025694e-05
6.752443249488816876e-05
6.741984952568237091e-05
6.731542853632658402e-05
6.721116927594370308e-05
6.710707149404521470e-05
6.700313494053053301e-05
6.689935936568644406e-05
6.679574452018650942e-05
6.669229015509040221e-05
6.658899602184341912e-05
6.648586187227577575e-05
6.638288745860209154e-05
6.628007253342073932e-05
6.617741684971328961e-05
6.607492016084386013e-05
6.597258222055861433e-05
6.587040278298508377e-05
6.576838160263161247e-05
6.566651843438678772e-05
6.556481303351881663e-05
6.546326515567494340e-05
6.536187455688086654e-05
6.526064099354016970e-05
6.515956422243373886e-05
6.505864400071912539e-05
6.495788008593001751e-05
6.485727223597563041e-05
6.475682020914015060e-05
6.465652376408212605e-05
6.455638265983389698e-05
6.445639665580101311e-05
6.435656551176169153e-05
6.425688898786617977e-05
6.415736684463621369e-05
6.405799884296444824e-05
6.395878474411384766e-05
6.385972430971714330e-05
6.376081730177629158e-05
6.366206348266180990e-05
6.364982588928427549e-05
