0.000000000000000000e+00
1.525474080829177306e-03
3.049308656537060101e-03
6.093700738900949612e-03
9.131543791847555186e-03
1.216284751667425987e-02
4.211832262169894203e-02
7.143068276992853294e-02
1.001098020363347524e-01
1.281656920383412723e-01
2.120193349989190623e-01
2.901831008246210097e-01
3.629662866301792135e-01
4.306726179689196465e-01
4.935976674267276154e-01
5.765445822989272440e-01
6.509413847818670273e-01
7.175467704470039898e-01
7.770633876438091114e-01
8.301385550111703981e-01
8.400337732569764793e-01
8.496997555934402424e-01
8.505717130094032630e-01
8.514417967741063631e-01
8.523100102236669251e-01
8.540408383837654327e-01
8.557642239195074607e-01
8.561078626432111482e-01
8.564512070232075391e-01
8.571373000437783052e-01
8.571685353711739896e-01
8.571997684042041987e-01
8.572622291894187452e-01
8.572716574721374050e-01
8.572810380573828715e-01
8.572811595950167174e-01
8.572811074635120487e-01
8.572810422085441751e-01
8.572809769535819635e-01
8.572809116986255251e-01
8.572807811887296348e-01
8.572806506788563929e-01
8.572805201690059107e-01
8.572792150717499782e-01
8.572779099767646738e-01
8.572766048840503306e-01
8.572635540817983291e-01
8.572505035066207979e-01
8.572374531585136292e-01
8.572244030374728263e-01
8.570939143148279538e-01
8.569634482943830900e-01
8.568330049721057939e-01
8.567025843439637356e-01
8.553996253535144367e-01
8.540989313468576594e-01
8.528004983039849662e-01
8.515043222119901278e-01
8.502103990651239673e-01
8.422198758348419245e-01
8.343152477575125348e-01
8.264955718882158742e-01
8.187599156659149946e-01
8.111073567977287180e-01
8.035369831458117895e-01
7.960478926155839519e-01
7.886391930450958876e-01
7.813100020956189606e-01
7.740594471434365520e-01
7.668866651728292183e-01
7.597908026702382411e-01
7.527710155195954655e-01
7.458264688988048841e-01
7.389563371773666400e-01
7.321598038151276855e-01
7.254360612621468807e-01
7.187843108596654318e-01
7.122037627414798955e-01
7.056936357374752333e-01
6.992531572806552909e-01
6.928815633084874914e-01
6.865780981704235897e-01
6.803420145354072135e-01
6.741725733002297272e-01
6.680690434988993953e-01
6.620307022130063057e-01
6.560568344830759457e-01
6.501467334361213934e-01
6.442996996564858136e-01
6.385150414288954801e-01
6.327920747628166254e-01
6.271301231976840196e-01
6.215285177201075317e-01
6.159865966818554028e-01
6.105037057187234772e-01
6.050791976702996067e-01
5.997124325006125689e-01
5.944027772196545101e-01
5.891496058057685836e-01
5.839522991288910170e-01
5.788102448746396123e-01
5.737228374692364685e-01
5.686894780052607068e-01
5.637095741682169869e-01
5.587825401639130440e-01
5.539077966466382508e-01
5.490847706481329915e-01
5.443128955073399666e-01
5.395916108009299883e-01
5.349203622745930531e-01
5.302986017750854764e-01
5.257257871830276486e-01
5.212013823464387574e-01
5.167248570150079212e-01
5.122956867750854126e-01
5.079133526267860521e-01
5.035773420838350889e-01
4.992871478175287536e-01
4.950422680844423495e-01
4.908422067039717174e-01
4.866864731060710492e-01
4.825745818948996568e-01
4.785060530174432558e-01
4.744804117804146681e-01
4.704971883905347263e-01
4.665559189501281567e-01
4.626561442297620341e-01
4.587974100553682266e-01
4.549792672879165445e-01
4.512012717314635712e-01
4.474629840788633128e-01
4.437639698579028402e-01
4.401037993780436697e-01
4.364820476777534486e-01
4.328982944724171222e-01
4.293521241028210866e-01
4.258431254842068858e-01
4.223708920558838509e-01
4.189350217313982383e-01
4.155351168508449322e-01
4.121707841275690232e-01
4.088416346035308457e-01
4.055472836022641081e-01
4.022873506800861976e-01
3.990614595798298025e-01
3.958692381847813690e-01
3.927103184730763585e-01
3.895843364725959379e-01
3.864909322163615490e-01
3.834297496984191977e-01
3.804004368302114636e-01
3.774026453974287376e-01
3.744360310173371342e-01
3.715002530965747507e-01
3.685949747894148310e-01
3.657198629564869519e-01
3.628745881239539006e-01
3.600588244431381924e-01
3.572722496505928991e-01
3.545145450286131816e-01
3.517853953661813637e-01
3.490844889203440493e-01
3.464115173780132895e-01
3.437661758181891902e-01
3.411481626745985207e-01
3.385571796987449367e-01
3.359929319233663225e-01
3.334551276262943120e-01
3.309434782947127118e-01
3.284576985898085000e-01
3.259975063118132343e-01
3.235626223654294309e-01
3.211527707256370268e-01
3.187676784038776523e-01
3.164070754146102171e-01
3.140706947422361450e-01
3.117582723083879293e-01
3.094695469395786769e-01
3.072042603352075907e-01
3.049621570359184464e-01
3.027429843923058472e-01
3.005464925339671467e-01
2.983724343388943212e-01
2.962205654032039615e-01
2.940906440111998865e-01
2.919824311057661603e-01
2.898956902590859031e-01
2.878301876436826778e-01
2.857856920037811777e-01
2.837619746269832710e-01
2.817588093162555207e-01
2.797759723622262884e-01
2.778132425157871510e-01
2.758704009609966312e-01
2.739472312882821337e-01
2.720435194679373114e-01
2.701590538239111439e-01
2.682936250078860052e-01
2.664470259736411162e-01
2.646190519516983808e-01
2.628095004242477217e-01
2.610181711003484173e-01
2.592448658914037751e-01
2.574893888869056457e-01
2.557515463304468883e-01
2.540311465959970150e-01
2.523280001644401249e-01
2.506419196003709104e-01
2.489727195291458473e-01
2.473202166141882097e-01
2.456842295345419980e-01
2.440645789626740003e-01
2.424610875425197709e-01
2.408735798677717199e-01
2.393018824604063732e-01
2.377458237494481652e-01
2.362052340499670722e-01
2.346799455423077552e-01
2.331697922515473809e-01
2.316746100271797060e-01
2.301942365230232046e-01
2.287285111773502688e-01
2.272772751932352064e-01
2.258403715191192318e-01
2.244176448295889248e-01
2.230089415063667979e-01
2.216141096195113069e-01
2.202329989088236684e-01
2.188654607654597350e-01
2.175113482137444043e-01
2.161705158931861992e-01
2.148428200406901911e-01
2.135281184729666826e-01
2.122262705691337348e-01
2.109371372535113476e-01
2.096605809786052932e-01
2.083964657082780780e-01
2.071446569011056171e-01
2.059050214939169843e-01
2.046774278855158502e-01
2.034617459205806944e-01
2.022578468737429302e-01
2.010656034338400566e-01
1.998848896883423376e-01
1.987155811079511225e-01
1.975575545313668913e-01
1.964106881502246660e-01
1.952748614941960392e-01
1.941499554162547381e-01
1.930358520781047527e-01
1.919324349357689474e-01
1.908395887253364620e-01
1.897571994488669866e-01
1.886851543604504966e-01
1.876233419524203361e-01
1.865716519417183750e-01
1.855299752564101845e-01
1.844982040223488995e-01
1.834762315499858520e-01
1.824639523213267278e-01
1.814612619770311075e-01
1.804680573036541724e-01
1.794842362210292974e-01
1.785096977697891163e-01
1.775443420990244769e-01
1.765880704540789825e-01
1.756407851644783413e-01
1.747023896319924163e-01
1.737727883188287803e-01
1.728518867359565558e-01
1.719395914315587082e-01
1.710358099796113751e-01
1.701404509685894295e-01
1.692534239902961368e-01
1.683746396288157143e-01
1.675040094495880982e-01
1.666414459886037536e-01
1.657868627417171670e-01
1.649401741540788557e-01
1.641012956096830067e-01
1.632701434210307445e-01
1.624466348189069764e-01
1.616306879422702292e-01
1.608222218282532312e-01
1.600211564022742394e-01
1.592274124682571124e-01
1.584409116989589084e-01
1.576615766264042595e-01
1.568893306324249948e-01
1.561240979393040684e-01
1.553658036005225174e-01
1.546143734916081980e-01
1.538697343010856367e-01
1.531318135215252174e-01
1.524005394406911795e-01
1.516758411327871758e-01
1.509576484497980597e-01
1.502458920129271513e-01
1.495405032041279281e-01
1.488414141577286964e-01
1.481485577521499397e-01
1.474618676017125096e-01
1.467812780485363289e-01
1.461067241545281337e-01
1.454381416934575899e-01
1.447754671431206730e-01
1.441186376775894507e-01
1.434675911595469089e-01
1.428222661327067100e-01
1.421826018143159676e-01
1.415485380877410382e-01
1.409200154951345541e-01
1.402969752301835848e-01
1.396793591309374583e-01
1.390671096727146838e-01
1.384601699610880365e-01
1.378584837249467454e-01
1.372619953096353707e-01
1.366706496701678986e-01
1.360843923645169706e-01
1.355031695469767206e-01
1.349269279615989969e-01
1.343556149357014728e-01
1.337891783734478368e-01
1.332275667494981775e-01
1.326707291027295621e-01
1.321186150300258377e-01
1.315711746801355164e-01
1.310283587475978284e-01
1.304901184667351943e-01
1.299564056057120054e-01
1.294271724606591845e-01
1.289023718498628623e-01
1.283819571080176414e-01
1.278658820805427254e-01
1.273541011179609161e-01
1.268465690703394488e-01
1.263432412817920847e-01
1.258440735850416270e-01
1.253490222960425005e-01
1.248580442086625192e-01
1.243710965894231912e-01
1.238881371722979768e-01
1.234091241535677647e-01
1.229340161867332748e-01
1.224627723774831256e-01
1.219953522787176753e-01
1.215317158856273616e-01
1.210718236308255535e-01
1.206156363795347630e-01
1.201631154248260225e-01
1.197142224829106927e-01
1.192689196884839792e-01
1.188271695901200187e-01
1.183889351457173555e-01
1.179541797179948781e-01
1.175228670700371736e-01
1.170949613608890522e-01
1.166704271411984906e-01
1.162492293489077039e-01
1.158313333049915128e-01
1.154167047092429094e-01
1.150053096361046551e-01
1.145971145305472033e-01
1.141920862039917661e-01
1.137901918302782478e-01
1.133913989416778928e-01
1.129956754249494960e-01
1.126029895174393003e-01
1.122133098032236515e-01
1.118266052092943691e-01
1.114428450017859729e-01
1.110619987822444449e-01
1.106840364839371815e-01
1.103089283682035654e-01
1.099366450208457413e-01
1.095671573485589995e-01
1.092004365754017658e-01
1.088364542393042145e-01
1.084751821886153489e-01
1.081165925786883864e-01
1.077606578685033345e-01
1.074073508173271629e-01
1.070566444814105012e-01
1.067085122107207795e-01
1.063629276457114525e-01
1.060198647141266104e-01
1.056792976278410207e-01
1.053412008797347671e-01
1.050055492406025137e-01
1.046723177560964640e-01
1.043414817437035014e-01
1.040130167897550945e-01
1.036868987464705932e-01
1.033631037290326793e-01
1.030416081126953598e-01
1.027223885299236444e-01
1.024054218675647110e-01
1.020906852640503376e-01
1.017781561066300744e-01
1.014678120286348073e-01
1.011596309067707145e-01
1.008535908584426571e-01
1.005496702391074776e-01
1.002478476396560236e-01
9.994810188382426130e-02
9.965041202563298950e-02
9.935475734685533800e-02
9.906111735451267331e-02
9.876947177839770498e-02
9.847980056862498666e-02
9.819208389320850661e-02
9.790630213566574314e-02
9.762243589264835153e-02
9.734046597159869141e-02
9.706037338843231943e-02
9.678213936524605876e-02
9.650574532805110406e-02
9.623117290453132855e-02
9.595840392182604373e-02
9.568742040433739215e-02
9.541820457156172108e-02
9.515073883594502013e-02
9.488500580076172919e-02
9.462098825801713853e-02
9.435866918637274281e-02
9.409803174909454893e-02
9.383905929202393525e-02
9.358173534157074314e-02
9.332604360272868382e-02
9.307196795711243642e-02
9.281949246101647844e-02
9.256860134349517710e-02
9.231927900446408597e-02
9.207151001282214142e-02
9.182527910459464815e-02
9.158057118109642902e-02
9.133737130711562513e-02
9.109566470911688307e-02
9.085543677346513691e-02
9.061667304466822226e-02
9.037935922363922459e-02
9.014348116597795113e-02
8.990902488027116557e-02
8.967597652641158545e-02
8.944432241393558691e-02
8.921404900037892272e-02
8.898514288965071739e-02
8.875759083042546183e-02
8.853137971455234123e-02
8.830649657548260423e-02
8.808292858671379344e-02
8.786066306025130945e-02
8.763968744508700282e-02
8.741998932569432224e-02
8.720155642054011613e-02
8.698437658061287936e-02
8.676843778796712592e-02
8.655372815428381827e-02
8.634023591944672837e-02
8.612794945013430015e-02
8.591685723842716615e-02
8.570694790043087430e-02
8.549821017491406050e-02
8.529063292196112367e-02
8.508420512164024951e-02
8.487891587268581173e-02
8.467475439119526159e-02
8.447171000934058926e-02
8.426977217409371834e-02
8.406893044596616682e-02
8.386917449776229438e-02
8.367049411334664955e-02
8.347287918642461169e-02
8.327631971933648070e-02
8.308080582186501417e-02
8.288632771005587097e-02
8.269287570505129414e-02
8.250044023193640885e-02
8.230901181859830162e-02
8.211858109459768684e-02
8.192913879005306321e-02
8.174067573453697166e-02
8.155318285598460448e-02
8.136665117961423832e-02
8.118107182685968537e-02
8.099643601431461004e-02
8.081273505268803115e-02
8.062996034577188387e-02
8.044810338941960071e-02
8.026715577053597506e-02
8.008710916607823804e-02
7.990795534206808493e-02
7.972968615261452618e-02
7.955229353894768818e-02
7.937576952846298051e-02
7.920010623377592152e-02
7.902529585178746929e-02
7.885133066275953895e-02
7.867820302939415589e-02
7.850590539593307882e-02
7.833443028728974411e-02
7.816377030812834970e-02
7.799391814200054562e-02
7.782486655048180546e-02
7.765660837231601332e-02
7.748913652256932127e-02
7.732244399179327710e-02
7.715652384519727791e-02
7.699136922183009990e-02
7.682697333377033755e-02
7.666332946532598835e-02
7.650043097224250299e-02
7.633827128091996705e-02
7.617684388763855396e-02
7.601614235779260986e-02
7.585616032513328721e-02
7.569689149101939407e-02
7.553832962367654225e-02
7.538046855746433073e-02
7.522330219215181413e-02
7.506682449220074271e-02
7.491102948605683765e-02
7.475591126544878229e-02
7.460146398469491569e-02
7.444768186001769761e-02
7.429455916886545941e-02
7.414209024924194036e-02
7.399026949904297101e-02
7.383909137540049794e-02
7.368855039403396368e-02
7.353864112860858393e-02
7.338935821010096616e-02
7.324069632617144499e-02
7.309265022054359240e-02
7.294521469239027833e-02
7.279838459572672560e-02
7.265215483881011516e-02
7.250652038354581108e-02
7.236147624490020525e-02
7.221701749031990414e-02
7.207313923915742437e-02
7.192983666210303606e-02
7.178710498062308709e-02
7.164493946640440591e-02
7.150333544080469950e-02
7.136228827430918242e-02
7.122179338599318732e-02
7.108184624299039578e-02
7.094244235996739756e-02
7.080357729860359273e-02
7.066524666707707514e-02
7.052744611955612253e-02
7.039017135569622385e-02
7.025341812014264387e-02
7.011718220203855267e-02
6.998145943453853990e-02
6.984624569432737462e-02
6.971153690114414991e-02
6.957732901731171482e-02
6.944361804727115783e-02
6.931040003712156394e-02
6.917767107416465666e-02
6.904542728645458871e-02
6.891366484235264545e-02
6.878237995008681938e-02
6.865156885731635295e-02
6.852122785070086097e-02
6.839135325547432420e-02
6.826194143502381517e-02
6.813298879047280376e-02
6.800449176026898690e-02
6.787644681977672567e-02
6.774885048087399275e-02
6.762169929155364967e-02
6.749498983552928988e-02
6.736871873184513415e-02
6.724288263449054726e-02
6.711747823201852370e-02
6.699250224716855884e-02
6.686795143649355844e-02
6.674382258999086992e-02
6.662011253073742145e-02
6.649681811452884395e-02
6.637393622952257599e-02
6.625146379588481294e-02
6.612939776544145276e-02
6.600773512133292775e-02
6.588647287767253335e-02
6.576560807920893426e-02
6.564513780099208440e-02
6.552505914804286624e-02
6.540536925502649090e-02
6.528606528592938163e-02
6.516714443373965160e-02
6.504860392013102344e-02
6.493044099515037082e-02
6.481265293690856300e-02
6.469523705127475099e-02
6.457819067157405390e-02
6.446151115828850642e-02
6.434519589876139256e-02
6.422924230690467418e-02
6.411364782290984721e-02
6.399840991296169845e-02
6.388352606895555952e-02
6.376899380821735019e-02
6.365481067322691089e-02
6.354097423134422162e-02
6.342748207453881293e-02
6.331433181912196617e-02
6.320152110548198088e-02
6.308904759782231475e-02
6.297690898390261027e-02
6.286510297478252463e-02
6.275362730456850169e-02
6.264247973016311144e-02
6.253165803101738696e-02
6.242116000888574268e-02
6.231098348758359884e-02
6.220112631274767739e-02
6.209158635159899714e-02
6.198236149270840156e-02
6.187344964576466794e-02
6.176484874134517689e-02
6.165655673068914933e-02
6.154857158547334672e-02
6.144089129759016527e-02
6.133351387892825579e-02
6.122643736115557234e-02
6.111965979550473133e-02
6.101317925256077163e-02
6.090699382205121831e-02
6.080110161263851259e-02
6.069550075171465525e-02
6.059018938519816072e-02
6.048516567733320387e-02
6.038042781049102886e-02
6.027597398497341885e-02
6.017180241881850411e-02
6.006791134760855466e-02
5.996429902427998643e-02
5.986096371893533108e-02
5.975790371865744022e-02
5.965511732732557693e-02
5.955260286543361675e-02
5.945035866991025403e-02
5.934838309394109557e-02
5.924667450679281522e-02
5.914523129363914722e-02
5.904405185538889184e-02
5.894313460851569736e-02
5.884247798488980580e-02
5.874208043161160964e-02
5.864194041084704739e-02
5.854205639966475472e-02
5.844242688987510287e-02
5.834305038787093028e-02
5.824392541447003663e-02
5.814505050475941850e-02
5.804642420794122598e-02
5.794804508718042618e-02
5.784991171945402799e-02
5.775202269540213179e-02
5.765437661918049878e-02
5.755697210831477173e-02
5.745980779355627788e-02
5.736288231873949012e-02
5.726619434064094544e-02
5.716974252883979396e-02
5.707352556557983986e-02
5.697754214563310882e-02
5.688179097616491431e-02
5.678627077660043654e-02
5.669098027849265448e-02
5.659591822539190853e-02
5.650108337271671222e-02
5.640647448762613203e-02
5.631209034889343018e-02
5.621792974678123389e-02
5.612399148291798145e-02
5.603027437017572138e-02
5.593677723254933398e-02
5.584349890503699509e-02
5.575043823352197198e-02
5.565759407465577929e-02
5.556496529574251469e-02
5.547255077462453360e-02
5.538034939956937991e-02
5.528836006915793105e-02
5.519658169217372262e-02
5.510501318749365385e-02
5.501365348397967842e-02
5.492250152037184141e-02
5.483155624518243343e-02
5.474081661659129655e-02
5.465028160234227522e-02
5.455995017964087451e-02
5.446982133505293144e-02
5.437989406440447288e-02
5.429016737268262116e-02
5.420064027393771411e-02
5.411131179118628537e-02
5.402218095631530076e-02
5.393324680998731746e-02
5.384450840154679507e-02
5.375596478892732955e-02
5.366761503855996263e-02
5.357945822528247665e-02
5.349149343224971626e-02
5.340371975084486772e-02
5.331613628059167498e-02
5.322874212906768265e-02
5.314153641181841581e-02
5.305451825227246176e-02
5.296768678165752336e-02
5.288104113891736041e-02
5.279458047062970255e-02
5.270830393092499483e-02
5.262221068161044429e-02
5.253629989157555108e-02
5.245057073702554667e-02
5.236502240150735232e-02
5.227965407528257363e-02
5.219446495669460145e-02
5.210945425048994772e-02
5.202462116835113171e-02
5.193996492887154731e-02
5.185548475743224917e-02
5.177117988613010036e-02
5.168704955370671816e-02
5.160309300547796796e-02
5.151930949326441467e-02
5.143569827532241262e-02
5.135225861627605581e-02
5.126898978704980125e-02
5.118589106480186945e-02
5.110296173285828331e-02
5.102020108064780207e-02
5.093760840363743131e-02
5.085518300326864055e-02
5.077292418689433734e-02
5.069083126771654207e-02
5.060890356472465962e-02
5.052714040263450723e-02
5.044554111182797396e-02
5.036410502829336000e-02
5.028283149356634063e-02
5.020171985467158232e-02
5.012076946406503891e-02
5.003997967957683757e-02
4.995934986435476843e-02
4.987887938680848898e-02
4.979856762055420716e-02
4.971841394436008615e-02
4.963841774209215574e-02
4.955857840266091052e-02
4.947889531996835927e-02
4.939936789285583746e-02
4.931999552505216683e-02
4.924077762512261980e-02
4.916171360641822391e-02
4.908280288702578792e-02
4.900404488971833727e-02
4.892543904190626430e-02
4.884698477558876289e-02
4.876868152730612360e-02
4.869052873809216059e-02
4.861252585342752675e-02
4.853467232319332025e-02
4.845696760162519073e-02
4.837941114726815317e-02
4.830200242293158225e-02
4.822474089564503935e-02
4.814762603661425222e-02
4.807065732117785095e-02
4.799383422876442318e-02
4.791715624285003416e-02
4.784062285091630895e-02
4.776423354440890306e-02
4.768798781869641040e-02
4.761188517302979845e-02
4.753592511050216268e-02
4.746010713800907777e-02
4.738443076620920541e-02
4.730889550948554068e-02
4.723350088590685253e-02
4.715824641718971422e-02
4.708313162866087365e-02
4.700815604922008173e-02
4.693331921130323992e-02
4.685862065084608202e-02
4.678405990724808505e-02
4.670963652333696287e-02
4.663535004533336109e-02
4.656120002281607939e-02
4.648718600868758516e-02
4.641330755913998518e-02
4.633956423371039801e-02
4.626595559502310467e-02
4.619248120889263287e-02
4.611914064433618454e-02
4.604593347349564963e-02
4.597285927160570107e-02
4.589991761696227135e-02
4.582710809089128590e-02
4.575443027771783355e-02
4.568188376473562851e-02
4.560946814217676365e-02
4.553718300318184559e-02
4.546502794377044188e-02
4.539300256281188911e-02
4.532110646199629528e-02
4.524933924580600009e-02
4.517770052148729898e-02
4.510618989902238224e-02
4.503480699110178065e-02
4.496355141309685277e-02
4.489242278303282735e-02
4.482142072156194978e-02
4.475054485193700332e-02
4.467979479998513553e-02
4.460917019408188605e-02
4.453867066512560979e-02
4.446829584651207368e-02
4.439804537410940027e-02
4.432791888623322657e-02
4.425791602362220967e-02
4.418803642941371290e-02
4.411827974911980421e-02
4.404864563060351124e-02
4.397913372405535398e-02
4.390974368197007177e-02
4.384047515912361387e-02
4.377132781255051869e-02
4.370230130152125136e-02
4.363339528752015889e-02
4.356460943422330728e-02
4.349594340747676285e-02
4.342739687527513021e-02
4.335896950774015962e-02
4.329066097709975691e-02
4.322247095766709041e-02
4.315439912582005183e-02
4.308644515998079350e-02
4.301860874059561246e-02
4.295088955011499426e-02
4.288328727297387177e-02
4.281580159557211995e-02
4.274843220625524493e-02
4.268117879529528813e-02
4.261404105487193866e-02
4.254701867905384682e-02
4.248011136378013891e-02
4.241331880684215405e-02
4.234664070786530593e-02
4.228007676829125677e-02
4.221362669136019541e-02
4.214729018209330963e-02
4.208106694727552916e-02
4.201495669543830330e-02
4.194895913684278110e-02
4.188307398346292898e-02
4.181730094896905087e-02
4.175163974871132222e-02
4.168609009970359464e-02
4.162065172060733925e-02
4.155532433171581913e-02
4.149010765493828246e-02
4.142500141378452350e-02
4.136000533334950602e-02
4.129511914029810465e-02
4.123034256285013771e-02
4.116567533076545549e-02
4.110111717532920206e-02
4.103666782933732687e-02
4.097232702708215185e-02
4.090809450433810501e-02
4.084396999834769004e-02
4.077995324780746972e-02
4.071604399285434078e-02
4.065224197505189208e-02
4.058854693737685981e-02
4.052495862420586042e-02
4.046147678130208869e-02
4.039810115580235589e-02
4.033483149620410019e-02
4.027166755235262602e-02
4.020860907542846835e-02
4.014565581793484716e-02
4.008280753368535787e-02
4.002006397779168251e-02
3.995742490665146751e-02
3.989489007793638881e-02
3.983245925058025855e-02
3.977013218476733308e-02
3.970790864192069725e-02
3.964578838469079436e-02
3.958377117694405339e-02
3.952185678375169653e-02
3.946004497137861611e-02
3.939833550727238343e-02
3.933672816005234774e-02
3.927522269949894340e-02
3.921381889654296238e-02
3.915251652325515280e-02
3.909131535283566494e-02
3.903021515960381632e-02
3.896921571898792624e-02
3.890831680751519195e-02
3.884751820280171047e-02
3.878681968354261850e-02
3.872622102950233625e-02
3.866572202150490162e-02
3.860532244142443614e-02
3.854502207217562482e-02
3.848482069770443881e-02
3.842471810297882345e-02
3.836471407397960137e-02
3.830480839769135476e-02
3.824500086209350197e-02
3.818529125615142961e-02
3.812567936980767319e-02
3.806616499397336151e-02
3.800674792051944584e-02
3.794742794226839411e-02
3.788820485298565605e-02
3.782907844737141284e-02
3.777004852105233373e-02
3.771111487057342282e-02
3.765227729338999768e-02
3.759353558785968191e-02
3.753488955323457804e-02
3.747633898965342658e-02
3.741788369813391080e-02
3.735952348056498229e-02
3.730125813969938087e-02
3.724308747914609891e-02
3.718501130336300531e-02
3.712702941764955966e-02
3.706914162813952640e-02
3.701134774179383469e-02
3.695364756639350767e-02
3.689604091053263341e-02
3.683852758361143981e-02
3.678110739582940436e-02
3.672378015817850949e-02
3.666654568243647022e-02
3.660940378116014221e-02
3.655235426767888818e-02
3.649539695608811779e-02
3.643853166124281368e-02
3.638175819875116151e-02
3.632507638496827035e-02
3.626848603698990675e-02
3.621198697264634003e-02
3.615557901049622214e-02
3.609926196982054386e-02
3.604303567061667435e-02
3.598689993359240058e-02
3.593085458016011952e-02
3.587489943243100943e-02
3.581903431320932613e-02
3.576325904598668531e-02
3.570757345493651147e-02
3.565197736490843122e-02
3.559647060142278469e-02
3.554105299066522006e-02
3.548572435948125353e-02
3.543048453537100267e-02
3.537533334648387123e-02
3.532027062161337272e-02
3.526529619019194012e-02
3.521040988228581886e-02
3.515561152859003613e-02
3.510090096042335628e-02
3.504627800972340279e-02
3.499174250904169003e-02
3.493729429153880767e-02
3.488293319097964668e-02
3.482865904172858379e-02
3.477447167874488793e-02
3.472037093757796705e-02
3.466635665436283015e-02
3.461242866581552141e-02
3.455858680922862386e-02
3.450483092246676986e-02
3.445116084396229045e-02
3.439757641271076749e-02
3.434407746826676627e-02
3.429066385073956114e-02
3.423733540078887500e-02
3.418409195962070907e-02
3.413093336898320035e-02
3.407785947116251379e-02
3.402487010897876918e-02
3.397196512578203043e-02
3.391914436544835043e-02
3.386640767237582283e-02
3.381375489148064073e-02
3.376118586819332190e-02
3.370870044845483693e-02
3.365629847871283442e-02
3.360397980591794259e-02
3.355174427752002225e-02
3.349959174146453084e-02
3.344752204618889335e-02
3.339553504061892192e-02
3.334363057416523529e-02
3.329180849671979636e-02
3.324006865865238025e-02
3.318841091080719508e-02
3.313683510449936392e-02
3.308534109151169827e-02
3.303392872409122161e-02
3.298259785494597751e-02
3.293134833724167126e-02
3.288018002459848488e-02
3.282909277108785745e-02
3.277808643122931409e-02
3.272716085998729485e-02
3.267631591276811548e-02
3.262555144541680330e-02
3.257486731421414122e-02
3.252426337587355915e-02
3.247373948753824041e-02
3.242329550677809646e-02
3.237293129158690108e-02
3.232264670037934134e-02
3.227244159198815188e-02
3.222231582566136010e-02
3.217226926105935109e-02
3.212230175825220996e-02
3.207241317771688388e-02
3.202260338033448284e-02
3.197287222738758733e-02
3.192321958055756997e-02
3.187364530192198647e-02
3.182414925395188332e-02
3.177473129950927205e-02
3.172539130184455491e-02
3.167612912459396440e-02
3.162694463177702364e-02
3.157783768779411776e-02
3.152880815742400283e-02
3.147985590582135645e-02
3.143098079851435606e-02
3.138218270140231275e-02
3.133346148075326354e-02
3.128481700320170228e-02
3.123624913574613721e-02
3.118775774574690171e-02
3.113934270092382287e-02
3.109100386935397670e-02
3.104274111946947121e-02
3.099455432005521552e-02
3.094644334024673760e-02
3.089840804952803319e-02
3.085044831772938700e-02
3.080256401502528760e-02
3.075475501193230057e-02
3.070702117930698347e-02
3.065936238834383182e-02
3.061177851057322874e-02
3.056426941785944304e-02
3.051683498239859613e-02
3.046947507671669483e-02
3.042218957366766077e-02
3.037497834643139785e-02
3.032784126851184245e-02
3.028077821373508990e-02
3.023378905624746898e-02
3.018687367051368226e-02
3.014003193131496727e-02
3.009326371374725778e-02
3.004656889321935184e-02
2.999994734545110425e-02
2.995339894647168488e-02
2.990692357261777110e-02
2.986052110053182343e-02
2.981419140716033353e-02
2.976793436975212759e-02
2.972174986585665590e-02
2.967563777332232061e-02
2.962959797029478953e-02
2.958363033521536553e-02
2.953773474681934200e-02
2.949191108413437221e-02
2.944615922647889072e-02
2.940047905346050011e-02
2.935487044497440620e-02
2.930933328120185685e-02
2.926386744260860151e-02
2.921847280994335078e-02
2.917314926423627414e-02
2.912789668679747687e-02
2.908271495921555330e-02
2.903760396335605329e-02
2.899256358136006670e-02
2.894759369564277665e-02
2.890269418889200928e-02
2.885786494406679739e-02
2.881310584439603431e-02
2.876841677337700978e-02
2.872379761477408810e-02
2.867924825261728566e-02
2.863476857120096988e-02
2.859035845508248880e-02
2.854601778908082491e-02
2.850174645827531494e-02
2.845754434800431415e-02
2.841341134386391951e-02
2.836934733170667564e-02
2.832535219764031539e-02
2.828142582802649005e-02
2.823756810947952722e-02
2.819377892886519923e-02
2.815005817329949145e-02
2.810640573014739144e-02
2.806282148702168855e-02
2.801930533178177696e-02
2.797585715253247951e-02
2.793247683762287159e-02
2.788916427564513273e-02
2.784591935543337393e-02
2.780274196606252746e-02
2.775963199684719843e-02
2.771658933734054420e-02
2.767361387733319189e-02
2.763070550685209695e-02
2.758786411615949188e-02
2.754508959575178648e-02
2.750238183635850264e-02
2.745974072894121279e-02
2.741716616469248510e-02
2.737465803503484618e-02
2.733221623161976449e-02
2.728984064632658871e-02
2.724753117126155547e-02
2.720528769875678668e-02
2.716311012136929381e-02
2.712099833187996828e-02
2.707895222329262039e-02
2.703697168883300445e-02
2.699505662194784383e-02
2.695320691630391161e-02
2.691142246578702782e-02
2.686970316450117482e-02
2.682804890676753623e-02
2.678645958712356709e-02
2.674493510032211613e-02
2.670347534133048206e-02
2.666208020532953929e-02
2.662074958771283237e-02
2.657948338408569824e-02
2.653828149026438848e-02
2.649714380227518803e-02
2.645607021635359296e-02
2.641506062894339452e-02
2.637411493669589158e-02
2.633323303646901634e-02
2.629241482532650165e-02
2.625166020053707958e-02
2.621096905957363832e-02
2.617034130011240342e-02
2.612977682003217103e-02
2.608927551741345788e-02
2.604883729053775188e-02
2.600846203788670027e-02
2.596814965814132903e-02
2.592790005018129687e-02
2.588771311308410081e-02
2.584758874612432325e-02
2.580752684877287914e-02
2.576752732069627697e-02
2.572759006175584853e-02
2.568771497200704815e-02
2.564790195169869627e-02
2.560815090127225788e-02
2.556846172136115550e-02
2.552883431278999554e-02
2.548926857657391951e-02
2.544976441391786845e-02
2.541032172621591340e-02
2.537094041505052328e-02
2.533162038219191614e-02
2.529236152959738262e-02
2.525316375941056429e-02
2.521402697396086037e-02
2.517495107576268529e-02
2.513593596751485804e-02
2.509698155209993606e-02
2.505808773258356992e-02
2.501925441221386145e-02
2.498048149442069765e-02
2.494176888281516430e-02
2.490311648118888332e-02
2.486452419351339871e-02
2.482599192393955198e-02
2.478751957679687853e-02
2.474910705659299007e-02
2.471075426801297090e-02
2.467246111591877428e-02
2.463422750534863606e-02
2.459605334151647449e-02
2.455793852981128997e-02
2.451988297579662732e-02
2.448188658520992697e-02
2.444394926396203579e-02
2.440607091813655830e-02
2.436825145398933620e-02
2.433049077794786560e-02
2.429278879661077653e-02
2.425514541674721539e-02
2.421756054529636618e-02
2.418003408936683987e-02
2.414256595623618870e-02
2.410515605335033021e-02
2.406780428832302685e-02
2.403051056893537249e-02
2.399327480313523039e-02
2.395609689903674747e-02
2.391897676491980956e-02
2.388191430922953495e-02
2.384490944057577819e-02
2.380796206773258192e-02
2.377107209963774323e-02
2.373423944539222383e-02
2.369746401425972676e-02
2.366074571566616214e-02
2.362408445919917874e-02
2.358748015460765748e-02
2.355093271180125000e-02
2.351444204084988596e-02
2.347800805198328039e-02
2.344163065559050005e-02
2.340530976221946030e-02
2.336904528257647412e-02
2.333283712752576636e-02
2.329668520808904353e-02
2.326058943544501503e-02
2.322454972092894906e-02
2.318856597603221117e-02
2.315263811240182018e-02
2.311676604184000408e-02
2.308094967630376984e-02
2.304518892790443155e-02
2.300948370890719408e-02
2.297383393173073329e-02
2.293823950894672767e-02
2.290270035327946624e-02
2.286721637760540798e-02
2.283178749495274468e-02
2.279641361850099843e-02
2.276109466158061576e-02
2.272583053767252004e-02
2.269062116040771251e-02
2.265546644356689066e-02
2.262036630107999713e-02
2.258532064702583816e-02
2.255032939563167763e-02
2.251539246127285190e-02
2.248050975847234317e-02
2.244568120190041163e-02
2.241090670637418264e-02
2.237618618685728242e-02
2.234151955845943213e-02
2.230690673643605931e-02
2.227234763618793009e-02
2.223784217326075369e-02
2.220339026334482851e-02
2.216899182227464321e-02
2.213464676602850192e-02
2.210035501072817737e-02
2.206611647263851186e-02
2.203193106816708421e-02
2.199779871386381425e-02
2.196371932642060890e-02
2.192969282267100833e-02
2.189571911958983555e-02
2.186179813429281818e-02
2.182792978403625545e-02
2.179411398621663998e-02
2.176035065837034557e-02
2.172663971817324902e-02
2.169298108344038661e-02
2.165937467212562459e-02
2.162582040232131908e-02
2.159231819225794491e-02
2.155886796030378680e-02
2.152546962496460284e-02
2.149212310488328101e-02
2.145882831883949224e-02
2.142558518574939203e-02
2.139239362466527003e-02
2.135925355477522047e-02
2.132616489540283683e-02
2.129312756600685794e-02
2.126014148618088698e-02
2.122720657565302024e-02
2.119432275428557999e-02
2.116148994207475709e-02
2.112870805915032305e-02
2.109597702577530737e-02
2.106329676234567141e-02
2.103066718939003779e-02
2.099808822756933299e-02
2.096555979767650985e-02
2.093308182063623873e-02
2.090065421750460575e-02
2.086827690946881433e-02
2.083594981784684871e-02
2.080367286408722760e-02
2.077144596976867458e-02
2.073926905659984055e-02
2.070714204641898107e-02
2.067506486119369963e-02
2.064303742302062497e-02
2.061105965412513702e-02
2.057913147686108238e-02
2.054725281371047943e-02
2.051542358728321649e-02
2.048364372031680897e-02
2.045191313567608360e-02
2.042023175635289053e-02
2.038859950546586391e-02
2.035701630626008882e-02
2.032548208210688961e-02
2.029399675650346568e-02
2.026256025307271100e-02
2.023117249556288799e-02
2.019983340784734654e-02
2.016854291392428805e-02
2.013730093791647052e-02
2.010610740407094491e-02
2.007496223675880181e-02
2.004386536047488704e-02
2.001281669983754827e-02
1.998181617958836448e-02
1.995086372459188573e-02
1.991995925983538335e-02
1.988910271042856545e-02
1.985829400160334796e-02
1.982753305871357355e-02
1.979681980723475843e-02
1.976615417276385983e-02
1.973553608101898116e-02
1.970496545783916725e-02
1.967444222918409910e-02
1.964396632113389260e-02
1.961353765988882447e-02
1.958315617176908247e-02
1.955282178321451556e-02
1.952253442078441190e-02
1.949229401115720739e-02
1.946210048113030180e-02
1.943195375761975346e-02
1.940185376766008496e-02
1.937180043840401947e-02
1.934179369712223789e-02
1.931183347120315336e-02
1.928191968815265445e-02
1.925205227559389012e-02
1.922223116126701992e-02
1.919245627302897106e-02
1.916272753885322686e-02
1.913304488682957341e-02
1.910340824516386371e-02
1.907381754217781986e-02
1.904427270630874858e-02
1.901477366610937123e-02
1.898532035024754275e-02
1.895591268750605740e-02
1.892655060678241283e-02
1.889723403708857066e-02
1.886796290755075184e-02
1.883873714740919372e-02
1.880955668601794889e-02
1.878042145284463185e-02
1.875133137747022824e-02
1.872228638958885541e-02
1.869328641900754387e-02
1.866433139564603258e-02
1.863542124953652956e-02
1.860655591082350721e-02
1.857773530976347676e-02
1.854895937672478012e-02
1.852022804218738175e-02
1.849154123674263614e-02
1.846289889109308316e-02
1.843430093605223988e-02
1.840574730254437852e-02
1.837723792160432523e-02
1.834877272437724846e-02
1.832035164211842648e-02
1.829197460619308088e-02
1.826364154807614062e-02
1.823535239935202001e-02
1.820710709171445910e-02
1.817890555696626345e-02
1.815074772701914113e-02
1.812263353389347714e-02
1.809456290971813222e-02
1.806653578673024507e-02
1.803855209727503461e-02
1.801061177380556058e-02
1.798271474888259516e-02
1.795486095517434544e-02
1.792705032545630073e-02
1.789928279261101055e-02
1.787155828962791806e-02
1.784387674960312073e-02
1.781623810573920372e-02
1.778864229134502137e-02
1.776108923983552024e-02
1.773357888473154481e-02
1.770611115965962587e-02
1.767868599835178967e-02
1.765130333464538445e-02
1.762396310248286191e-02
1.759666523591161755e-02
1.756940966908375826e-02
1.754219633625593924e-02
1.751502517178917320e-02
1.748789611014862910e-02
1.746080908590345523e-02
1.743376403372657452e-02
1.740676088839451796e-02
1.737979958478723386e-02
1.735288005788787266e-02
1.732600224278263781e-02
1.729916607466058798e-02
1.727237148881343928e-02
1.724561842063539879e-02
1.721890680562297368e-02
1.719223657937478389e-02
1.716560767759137823e-02
1.713902003607507829e-02
1.711247359072974941e-02
1.708596827756067235e-02
1.705950403267432469e-02
1.703308079227821431e-02
1.700669849268069550e-02
1.698035707029081284e-02
1.695405646161807917e-02
1.692779660327233676e-02
1.690157743196357004e-02
1.687539888450171471e-02
1.684926089779650513e-02
1.682316340885726957e-02
1.679710635479278805e-02
1.677108967281108753e-02
1.674511330021928590e-02
1.671917717442342188e-02
1.669328123292824692e-02
1.666742541333711761e-02
1.664160965335175629e-02
1.661583389077211578e-02
1.659009806349620586e-02
1.656440210951990594e-02
1.653874596693681240e-02
1.651312957393806166e-02
1.648755286881217058e-02
1.646201578994483869e-02
1.643651827581880942e-02
1.641106026501370010e-02
1.638564169620580768e-02
1.636026250816798727e-02
1.633492263976943012e-02
1.630962202997553526e-02
1.628436061784774985e-02
1.625913834254336110e-02
1.623395514331539211e-02
1.620881095951237638e-02
1.618370573057822948e-02
1.615863939605207897e-02
1.613361189556810835e-02
1.610862316885536966e-02
1.608367315573765513e-02
1.605876179613329596e-02
1.603388903005503741e-02
1.600905479760987571e-02
1.598425903899886036e-02
1.595950169451696918e-02
1.593478270455292792e-02
1.591010200958907841e-02
1.588545955020118777e-02
1.586085526705831306e-02
1.583628910092262435e-02
1.581176099264926596e-02
1.578727088318618299e-02
1.576281871357396863e-02
1.573840442494572195e-02
1.571402795852686399e-02
1.568968925563501288e-02
1.566538825767980342e-02
1.564112490616273790e-02
1.561689914267704558e-02
1.559271090890751096e-02
1.556856014663032979e-02
1.554444679771295121e-02
1.552037080411392336e-02
1.549633210788274769e-02
1.547233065115971584e-02
1.544836637617577439e-02
1.542443922525234788e-02
1.540054914080121219e-02
1.537669606532432280e-02
1.535287994141369163e-02
1.532910071175119619e-02
1.530535831910847556e-02
1.528165270634674472e-02
1.525798381641666097e-02
1.523435159235817134e-02
1.521075597730036852e-02
1.518719691446134175e-02
1.516367434714801891e-02
1.514018821875603299e-02
1.511673847276956591e-02
1.509332505276120284e-02
1.506994790239179517e-02
1.504660696541029567e-02
1.502330218565363015e-02
1.500003350704654133e-02
1.497680087360145004e-02
1.495360422941830261e-02
1.493044351868443725e-02
1.490731868567443490e-02
1.488422967474996653e-02
1.486117643035966308e-02
1.483815889703896454e-02
1.481517701940997939e-02
1.479223074218134239e-02
1.476932001014806886e-02
1.474644476819141244e-02
1.472360496127873147e-02
1.470080053446334509e-02
1.467803143288437528e-02
1.465529760176663074e-02
1.463259898642045587e-02
1.460993553224158685e-02
1.458730718471101459e-02
1.456471388939484767e-02
1.454215559194417008e-02
1.451963223809490423e-02
1.449714377366767212e-02
1.447469014456764791e-02
1.445227129678444342e-02
1.442988717639194507e-02
1.440753772954818206e-02
1.438522290249520143e-02
1.436294264155892064e-02
1.434069689314899053e-02
1.431848560375866691e-02
1.429630871996466664e-02
1.427416618842703051e-02
1.425205795588900017e-02
1.422998396917686710e-02
1.420794417519984608e-02
1.418593852094994327e-02
1.416396695350181402e-02
1.414202942001263619e-02
1.412012586772196619e-02
1.409825624395162277e-02
1.407642049610553260e-02
1.405461857166961231e-02
1.403285041821163148e-02
1.401111598338108076e-02
1.398941521490903138e-02
1.396774806060801892e-02
1.394611446837189933e-02
1.392451438617572229e-02
1.390294776207559937e-02
1.388141454420856874e-02
1.385991468079247196e-02
1.383844812012582220e-02
1.381701481058767236e-02
1.379561470063747977e-02
1.377424773881498130e-02
1.375291387374007711e-02
1.373161305411267283e-02
1.371034522871257891e-02
1.368911034639936145e-02
1.366790835611222943e-02
1.364673920686989249e-02
1.362560284777044814e-02
1.360449922799124127e-02
1.358342829678874618e-02
1.356239000349842953e-02
1.354138429753463414e-02
1.352041112839044192e-02
1.349947044563756283e-02
1.347856219892618578e-02
1.345768633798487615e-02
1.343684281262044061e-02
1.341603157271779347e-02
1.339525256823984219e-02
1.337450574922736599e-02
1.335379106579888051e-02
1.333310846815050771e-02
1.331245790655588047e-02
1.329183933136598647e-02
1.327125269300906060e-02
1.325069794199046358e-02
1.323017502889254488e-02
1.320968390437453864e-02
1.318922451917242493e-02
1.316879682409881173e-02
1.314840077004282223e-02
1.312803630796995774e-02
1.310770338892197975e-02
1.308740196401680413e-02
1.306713198444835362e-02
1.304689340148645557e-02
1.302668616647671869e-02
1.300651023084040125e-02
1.298636554607430528e-02
1.296625206375064641e-02
1.294616973551693424e-02
1.292611851309585953e-02
1.290609834828516933e-02
1.288610919295754900e-02
1.286615099906049560e-02
1.284622371861621204e-02
1.282632730372148394e-02
1.280646170654755299e-02
1.278662687934001285e-02
1.276682277441867387e-02
1.274704934417745898e-02
1.272730654108428401e-02
1.270759431768093452e-02
1.268791262658294956e-02
1.266826142047951242e-02
1.264864065213332743e-02
1.262905027438049679e-02
1.260949024013042173e-02
1.258996050236567063e-02
1.257046101414186628e-02
1.255099172858758355e-02
1.253155259890420883e-02
1.251214357836584815e-02
1.249276462031919700e-02
1.247341567818343634e-02
1.245409670545011109e-02
1.243480765568300873e-02
1.241554848251806564e-02
1.239631913966323523e-02
1.237711958089837867e-02
1.235794976007515387e-02
1.233880963111689752e-02
1.231969914801851924e-02
1.230061826484637327e-02
1.228156693573816995e-02
1.226254511490283867e-02
1.224355275662042560e-02
1.222458981524199122e-02
1.220565624518948206e-02
1.218675200095561788e-02
1.216787703710380149e-02
1.214903130826798343e-02
1.213021476915256310e-02
1.211142737453227598e-02
1.209266907925207399e-02
1.207393983822703867e-02
1.205523960644223729e-02
1.203656833895263602e-02
1.201792599088298552e-02
1.199931251742770641e-02
1.198072787385077997e-02
1.196217201548564237e-02
1.194364489773507183e-02
1.192514647607108638e-02
1.190667670603482060e-02
1.188823554323643027e-02
1.186982294335498130e-02
1.185143886213833007e-02
1.183308325540303671e-02
1.181475607903423319e-02
1.179645728898553320e-02
1.177818684127891410e-02
1.175994469200461294e-02
1.174173079732102401e-02
1.172354511345457921e-02
1.170538759669965956e-02
1.168725820341846681e-02
1.166915689004093155e-02
1.165108361306460560e-02
1.163303832905454929e-02
1.161502099464323430e-02
1.159703156653042917e-02
1.157907000148309350e-02
1.156113625633528770e-02
1.154323028798804295e-02
1.152535205340927266e-02
1.150750150963366844e-02
1.148967861376258733e-02
1.147188332296395462e-02
1.145411559447214768e-02
1.143637538558790745e-02
1.141866265367821875e-02
1.140097735617622357e-02
1.138331945058109612e-02
1.136568889445796308e-02
1.134808564543777869e-02
1.133050966121723450e-02
1.131296089955865190e-02
1.129543931828987796e-02
1.127794487530419179e-02
1.126047752856018311e-02
1.124303723608167417e-02
1.122562395595759488e-02
1.120823764634190298e-02
1.119087826545345742e-02
1.117354577157593509e-02
1.115624012305772503e-02
1.113896127831182255e-02
1.112170919581573734e-02
1.110448383411138246e-02
1.108728515180497365e-02
1.107011310756693921e-02
1.105296766013180720e-02
1.103584876829811871e-02
1.101875639092830990e-02
1.100169048694862699e-02
1.098465101534902566e-02
1.096763793518305656e-02
1.095065120556778723e-02
1.093369078568368416e-02
1.091675663477452256e-02
1.089984871214728923e-02
1.088296697717208023e-02
1.086611138928199674e-02
1.084928190797306187e-02
1.083247849280410263e-02
1.081570110339667365e-02
1.079894969943493224e-02
1.078222424066557078e-02
1.076552468689769525e-02
1.074885099800274024e-02
1.073220313391436663e-02
1.071558105462836093e-02
1.069898472020254857e-02
1.068241409075668981e-02
1.066586912647238782e-02
1.064934978759298281e-02
1.063285603442346190e-02
1.061638782733036190e-02
1.059994512674168436e-02
1.058352789314677064e-02
1.056713608709624122e-02
1.055076966920187598e-02
1.053442860013652227e-02
1.051811284063401339e-02
1.050182235148905407e-02
1.048555709355714072e-02
1.046931702775445380e-02
1.045310211505778158e-02
1.043691231650440560e-02
1.042074759319201044e-02
1.040460790627860746e-02
1.038849321698241332e-02
1.037240348658177366e-02
1.035633867641506944e-02
1.034029874788061978e-02
1.032428366243658135e-02
1.030829338160086164e-02
1.029232786695103395e-02
1.027638708012422984e-02
1.026047098281705761e-02
1.024457953678549645e-02
1.022871270384481494e-02
1.021287044586948259e-02
1.019705272479306223e-02
1.018125950260812852e-02
1.016549074136617777e-02
1.014974640317752898e-02
1.013402645021123545e-02
1.011833084469498760e-02
1.010265954891503837e-02
1.008701252521609394e-02
1.007138973600123048e-02
1.005579114373179872e-02
1.004021671092734588e-02
1.002466640016550468e-02
1.000914017408191872e-02
9.993637995370152280e-03
9.978159826781586236e-03
9.962705631125345213e-03
9.947275371268193486e-03
9.931869010134451725e-03
9.916486510705910251e-03
9.901127836021731896e-03
9.885792949178368733e-03
9.870481813329473608e-03
9.855194391685804731e-03
9.839930647515140669e-03
9.824690544142193616e-03
9.809474044948519184e-03
9.794281113372419259e-03
9.779111712908874349e-03
9.763965807109434292e-03
9.748843359582140197e-03
9.733744333991434239e-03
9.718668694058074653e-03
9.703616403559049003e-03
9.688587426327473565e-03
9.673581726252529142e-03
9.658599267279351780e-03
9.643640013408952966e-03
9.628703928698143302e-03
9.613790977259435364e-03
9.598901123260948284e-03
9.584034330926347045e-03
9.569190564534727980e-03
9.554369788420549389e-03
9.539571966973546535e-03
9.524797064638629296e-03
9.510045045915817979e-03
9.495315875360139241e-03
9.480609517581554957e-03
9.465925937244868554e-03
9.451265099069634801e-03
9.436626967830086948e-03
9.422011508355048262e-03
9.407418685527838345e-03
9.392848464286200280e-03
9.378300809622210424e-03
9.363775686582191671e-03
9.349273060266630186e-03
9.334792895830097345e-03
9.320335158481157789e-03
9.305899813482289631e-03
9.291486826149797720e-03
9.277096161853733841e-03
9.262727786017811715e-03
9.248381664119323733e-03
9.234057761689052485e-03
9.219756044311197898e-03
9.205476477623283568e-03
9.191219027316082160e-03
9.176983659133535615e-03
9.162770338872649328e-03
9.148579032383441847e-03
9.134409705568844254e-03
9.120262324384611693e-03
9.106136854839262662e-03
9.092033262993980125e-03
9.077951514962531721e-03
9.063891576911198636e-03
9.049853415058671524e-03
9.035836995676003666e-03
9.021842285086493010e-03
9.007869249665626660e-03
8.993917855840990669e-03
8.979988070092183305e-03
8.966079858950747397e-03
8.952193189000078391e-03
8.938328026875349760e-03
8.924484339263424534e-03
8.910662092902792847e-03
8.896861254583473058e-03
8.883081791146942366e-03
8.869323669486046599e-03
8.855586856544932564e-03
8.841871319318964778e-03
8.828177024854638733e-03
8.814503940249511504e-03
8.800852032652115020e-03
8.787221269261881462e-03
8.773611617329061738e-03
8.760023044154647415e-03
8.746455517090292661e-03
8.732909003538239651e-03
8.719383470951223153e-03
8.705878886832415023e-03
8.692395218735327056e-03
8.678932434263750273e-03
8.665490501071659510e-03
8.652069386863144029e-03
8.638669059392336397e-03
8.625289486463317071e-03
8.611930635930058892e-03
8.598592475696324733e-03
8.585274973715617194e-03
8.571978097991077988e-03
8.558701816575427224e-03
8.545446097570871466e-03
8.532210909129041287e-03
8.518996219450913204e-03
8.505801996786721206e-03
8.492628209435887365e-03
8.479474825746952452e-03
8.466341814117480519e-03
8.453229142994012069e-03
8.440136780871956498e-03
8.427064696295541793e-03
8.414012857857719116e-03
8.400981234200103828e-03
8.387969794012887018e-03
8.374978506034766110e-03
8.362007339052872010e-03
8.349056261902687570e-03
8.336125243467976467e-03
8.323214252680708608e-03
8.310323258520983802e-03
8.297452230016953700e-03
8.284601136244761077e-03
8.271769946328444423e-03
8.258958629439880697e-03
8.246167154798702062e-03
8.233395491672228228e-03
8.220643609375386657e-03
8.207911477270641437e-03
8.195199064767922162e-03
8.182506341324535457e-03
8.169833276445118142e-03
8.157179839681545294e-03
8.144546000632853916e-03
8.131931728945183957e-03
8.119336994311691577e-03
8.106761766472488431e-03
8.094206015214558403e-03
8.081669710371693419e-03
8.069152821824410182e-03
8.056655319499891194e-03
8.044177173371899747e-03
8.031718353460719217e-03
8.019278829833071526e-03
8.006858572602046017e-03
7.994457551927037012e-03
7.982075738013662269e-03
7.969713101113686665e-03
7.957369611524970146e-03
7.945045239591375791e-03
7.932739955702710830e-03
7.920453730294650316e-03
7.908186533848667737e-03
7.895938336891960424e-03
7.883709109997388831e-03
7.871498823783389803e-03
7.859307448913917596e-03
7.847134956098376218e-03
7.834981316091530965e-03
7.822846499693459840e-03
7.810730477749470296e-03
7.798633221150032442e-03
7.786554700830709656e-03
7.774494887772086596e-03
7.762453752999700675e-03
7.750431267583976144e-03
7.738427402640143428e-03
7.726442129328183611e-03
7.714475418852750378e-03
7.702527242463101491e-03
7.690597571453032001e-03
7.678686377160803128e-03
7.666793630969073736e-03
7.654919304304836150e-03
7.643063368639338093e-03
7.631225795488021102e-03
7.619406556410453744e-03
7.607605623010253552e-03
7.595822966935027176e-03
7.584058559876302730e-03
7.572312373569455198e-03
7.560584379793642250e-03
7.548874550371739191e-03
7.537182857170263497e-03
7.525509272099315840e-03
7.513853767112505487e-03
7.502216314206889593e-03
7.490596885422899469e-03
7.478995452844274666e-03
7.467411988597999657e-03
7.455846464854231845e-03
7.444298853826239980e-03
7.432769127770332170e-03
7.421257258985793429e-03
7.409763219814816289e-03
7.398286982642431411e-03
7.386828519896450340e-03
7.375387804047390042e-03
7.363964807608412190e-03
7.352559503135252042e-03
7.341171863226161193e-03
7.329801860521831247e-03
7.318449467705333104e-03
7.307114657502052774e-03
7.295797402679625454e-03
7.284497676047863544e-03
7.273215450458701999e-03
7.261950698806121131e-03
7.250703394026094574e-03
7.239473509096512084e-03
7.228261017037122295e-03
7.217065890909463328e-03
7.205888103816803815e-03
7.194727628904069167e-03
7.183584439357785199e-03
7.172458508406011346e-03
7.161349809318273869e-03
7.150258315405505147e-03
7.139184000019976016e-03
7.128126836555232458e-03
7.117086798446035749e-03
7.106063859168294805e-03
7.095057992238999398e-03
7.084069171216164640e-03
7.073097369698760732e-03
7.062142561326650511e-03
7.051204719780529602e-03
7.040283818781859632e-03
7.029379832092803176e-03
7.018492733516169986e-03
7.007622496895341523e-03
6.996769096114218052e-03
6.985932505097149255e-03
6.975112697808876112e-03
6.964309648254465857e-03
6.953523330479252987e-03
6.942753718568766413e-03
6.932000786648681752e-03
6.921264508884749332e-03
6.910544859482734351e-03
6.899841812688358757e-03
6.889155342787230997e-03
6.878485424104791371e-03
6.867832031006249581e-03
6.857195137896519681e-03
6.846574719220160227e-03
6.835970749461314430e-03
6.825383203143645973e-03
6.814812054830281761e-03
6.804257279123744270e-03
6.793718850665897771e-03
6.783196744137883274e-03
6.772690934260057818e-03
6.762201395791932884e-03
6.751728103532121487e-03
6.741271032318262718e-03
6.730830157026974903e-03
6.720405452573789684e-03
6.709996893913089573e-03
6.699604456038053303e-03
6.689228113980593381e-03
6.678867842811291901e-03
6.668523617639346771e-03
6.658195413612509259e-03
6.647883205917022413e-03
6.637586969777564683e-03
6.627306680457189202e-03
6.617042313257263074e-03
6.606793843517408393e-03
6.596561246615446732e-03
6.586344497967334087e-03
6.576143573027103638e-03
6.565958447286811099e-03
6.555789096276470537e-03
6.545635495563994523e-03
6.535497620755143823e-03
6.525375447493458013e-03
6.515268951460203434e-03
6.505178108374316814e-03
6.495102893992338484e-03
6.485043284108363802e-03
6.474999254553977235e-03
6.464970781198196847e-03
6.454957839947417925e-03
6.444960406745354857e-03
6.434978457572979559e-03
6.425011968448471160e-03
6.415060915427149221e-03
6.405125274601421691e-03
6.395205022100729393e-03
6.385300134091481845e-03
6.375410586777005215e-03
6.365536356397485072e-03
6.355677419229905679e-03
6.345833751587997944e-03
6.336005329822178705e-03
6.326192130319493491e-03
6.316394129503562736e-03
6.306611303834522807e-03
6.296843629808970486e-03
6.287091083959910065e-03
6.277353642856685692e-03
6.267631283104938868e-03
6.257923981346543395e-03
6.248231714259549867e-03
6.238554458558137096e-03
6.228892190992543591e-03
6.219244888349023323e-03
6.209612527449782406e-03
6.199995085152929658e-03
6.190392538352415021e-03
6.180804863977976647e-03
6.171232038995083657e-03
6.161674040404887566e-03
6.152130845244158965e-03
6.142602430585232011e-03
6.133088773535959326e-03
6.123589851239644340e-03
6.114105640874995320e-03
6.104636119656068130e-03
6.095181264832207242e-03
6.085741053687998038e-03
6.076315463543206959e-03
6.066904471752730330e-03
6.057508055706536249e-03
6.048126192829617748e-03
6.038758860581925139e-03
6.029406036458326117e-03
6.020067697988545040e-03
6.010743822737104822e-03
6.001434388303285294e-03
5.992139372321052086e-03
5.982858752459021927e-03
5.973592506420393258e-03
5.964340611942900265e-03
5.955103046798760832e-03
5.945879788794615831e-03
5.936670815771484012e-03
5.927476105604704767e-03
5.918295636203882611e-03
5.909129385512838610e-03
5.899977331509554876e-03
5.890839452206122519e-03
5.881715725648689608e-03
5.872606129917403925e-03
5.863510643126368729e-03
5.854429243423580308e-03
5.845361908990883738e-03
5.836308618043913911e-03
5.827269348832050423e-03
5.818244079638356867e-03
5.809232788779536590e-03
5.800235454605872851e-03
5.791252055501186317e-03
5.782282569882771749e-03
5.773326976201358963e-03
5.764385252941046055e-03
5.755457378619262959e-03
5.746543331786707273e-03
5.737643091027301752e-03
5.728756634958138798e-03
5.719883942229426685e-03
5.711024991524445323e-03
5.702179761559485541e-03
5.693348231083810058e-03
5.684530378879587564e-03
5.675726183761856287e-03
5.666935624578462415e-03
5.658158680210017590e-03
5.649395329569838198e-03
5.640645551603903733e-03
5.631909325290805624e-03
5.623186629641686515e-03
5.614477443700205579e-03
5.605781746542475193e-03
5.597099517277014970e-03
5.588430735044701454e-03
5.579775379018724751e-03
5.571133428404525210e-03
5.562504862439753527e-03
5.553889660394217831e-03
5.545287801569831650e-03
5.536699265300569668e-03
5.528124030952411352e-03
5.519562077923298449e-03
5.511013385643077737e-03
5.502477933573458532e-03
5.493955701207959771e-03
5.485446668071862313e-03
5.476950813722155156e-03
5.468468117747495548e-03
5.459998559768150864e-03
5.451542119435954376e-03
5.443098776434252342e-03
5.434668510477863243e-03
5.426251301313020532e-03
5.417847128717325801e-03
5.409455972499704543e-03
5.401077812500355846e-03
5.392712628590697749e-03
5.384360400673328211e-03
5.376021108681971333e-03
5.367694732581429658e-03
5.359381252367539927e-03
5.351080648067115843e-03
5.342792899737912500e-03
5.334517987468567410e-03
5.326255891378559731e-03
5.318006591618159098e-03
5.309770068368379649e-03
5.301546301840929717e-03
5.293335272278170203e-03
5.285136959953058190e-03
5.276951345169107917e-03
5.268778408260335264e-03
5.260618129591225663e-03
5.252470489556663839e-03
5.244335468581909528e-03
5.236213047122531550e-03
5.228103205664377459e-03
5.220005924723512825e-03
5.211921184846183934e-03
5.203848966608766620e-03
5.195789250617719422e-03
5.187742017509538485e-03
5.179707247950710719e-03
5.171684922637666965e-03
5.163675022296736888e-03
5.155677527684100411e-03
5.147692419585740871e-03
5.139719678817405990e-03
5.131759286224549764e-03
5.123811222682299500e-03
5.115875469095400307e-03
5.107952006398171728e-03
5.100040815554463501e-03
5.092141877557607860e-03
5.084255173430377896e-03
5.076380684224936386e-03
5.068518391022792426e-03
5.060668274934758057e-03
5.052830317100900567e-03
5.045004498690499120e-03
5.037190800901993580e-03
5.029389204962950687e-03
5.021599692130006808e-03
5.013822243688832378e-03
5.006056840954077256e-03
4.998303465269340363e-03
4.990562098007107240e-03
4.982832720568719682e-03
4.975115314384321967e-03
4.967409860912820954e-03
4.959716341641840116e-03
4.952034738087675303e-03
4.944365031795251372e-03
4.936707204338073619e-03
4.929061237318189612e-03
4.921427112366140617e-03
4.913804811140919104e-03
4.906194315329922770e-03
4.898595606648915510e-03
4.891008666841976243e-03
4.883433477681463353e-03
4.875870020967962640e-03
4.868318278530247428e-03
4.860778232225237798e-03
4.853249863937950277e-03
4.845733155581464016e-03
4.838228089096864408e-03
4.830734646453211864e-03
4.823252809647490640e-03
4.815782560704568067e-03
4.808323881677152925e-03
4.800876754645753801e-03
4.793441161718626185e-03
4.786017085031742981e-03
4.778604506748740724e-03
4.771203409060884894e-03
4.763813774187019602e-03
4.756435584373531165e-03
4.749068821894301268e-03
4.741713469050669663e-03
4.734369508171383870e-03
4.727036921612560137e-03
4.719715691757646152e-03
4.712405801017372463e-03
4.705107231829709115e-03
4.697819966659830086e-03
4.690543988000068186e-03
4.683279278369868216e-03
4.676025820315752278e-03
4.668783596411273801e-03
4.661552589256973307e-03
4.654332781480345453e-03
4.647124155735788721e-03
4.639926694704566389e-03
4.632740381094765762e-03
4.625565197641255677e-03
4.618401127105645730e-03
4.611248152276242913e-03
4.604106255968014316e-03
4.596975421022541156e-03
4.589855630307984949e-03
4.582746866719032003e-03
4.575649113176868260e-03
4.568562352629129859e-03
4.561486568049864972e-03
4.554421742439488698e-03
4.547367858824748373e-03
4.540324900258677597e-03
4.533292849820557205e-03
4.526271690615877967e-03
4.519261405776292886e-03
4.512261978459585973e-03
4.505273391849621938e-03
4.498295629156309761e-03
4.491328673615569735e-03
4.484372508489279686e-03
4.477427117065245488e-03
4.470492482657154217e-03
4.463568588604537729e-03
4.456655418272734495e-03
4.449752955052841026e-03
4.442861182361685854e-03
4.435980083641774020e-03
4.429109642361257586e-03
4.422249842013895732e-03
4.415400666119009658e-03
4.408562098221448754e-03
4.401734121891542895e-03
4.394916720725075554e-03
4.388109878343231761e-03
4.381313578392565140e-03
4.374527804544959750e-03
4.367752540497587578e-03
4.360987769972867779e-03
4.354233476718436316e-03
4.347489644507095650e-03
4.340756257136783522e-03
4.334033298430529577e-03
4.327320752236421542e-03
4.320618602427559254e-03
4.313926832902026040e-03
4.307245427582835802e-03
4.300574370417909603e-03
4.293913645380026227e-03
4.287263236466790084e-03
4.280623127700588712e-03
4.273993303128554612e-03
4.267373746822528818e-03
4.260764442879025338e-03
4.254165375419185179e-03
4.247576528588745126e-03
4.240997886557995242e-03
4.234429433521745036e-03
4.227871153699280966e-03
4.221323031334333481e-03
4.214785050695033647e-03
4.208257196073878457e-03
4.201739451787693536e-03
4.195231802177595837e-03
4.188734231608952883e-03
4.182246724471347203e-03
4.175769265178542501e-03
4.169301838168436823e-03
4.162844427903034800e-03
4.156397018868405145e-03
4.149959595574643362e-03
4.143532142555838779e-03
4.137114644370031187e-03
4.130707085599179609e-03
4.124309450849121539e-03
4.117921724749536508e-03
4.111543891953910526e-03
4.105175937139498785e-03
4.098817845007284889e-03
4.092469600281951371e-03
4.086131187711840654e-03
4.079802592068910820e-03
4.073483798148712191e-03
4.067174790770337021e-03
4.060875554776396078e-03
4.054586075032971804e-03
4.048306336429587093e-03
4.042036323879169731e-03
4.035776022318011622e-03
4.029525416705738439e-03
4.023284492025267119e-03
4.017053233282776373e-03
4.010831625507665921e-03
4.004619653752519194e-03
3.998417303093074714e-03
3.992224558628184455e-03
3.986041405479778289e-03
3.979867828792829285e-03
3.973703813735319883e-03
3.967549345498201999e-03
3.961404409295365796e-03
3.955268990363600655e-03
3.949143073962562214e-03
3.943026645374736808e-03
3.936919689905402434e-03
3.930822192882599264e-03
3.924734139657089747e-03
3.918655515602324779e-03
3.912586306114411612e-03
3.906526496612074822e-03
3.900476072536618582e-03
3.894435019351902370e-03
3.888403322544293703e-03
3.882380967622642547e-03
3.876367940118240121e-03
3.870364225584788098e-03
3.864369809598362619e-03
3.858384677757379158e-03
3.852408815682559998e-03
3.846442209016895201e-03
3.840484843425613116e-03
3.834536704596143951e-03
3.828597778238084209e-03
3.822668050083163297e-03
3.816747505885210133e-03
3.810836131420118015e-03
3.804933912485811229e-03
3.799040834902208189e-03
3.793156884511190638e-03
3.787282047176569830e-03
3.781416308784048795e-03
3.775559655241191113e-03
3.769712072477389691e-03
3.763873546443825997e-03
3.758044063113443172e-03
3.752223608480907864e-03
3.746412168562579439e-03
3.740609729396474417e-03
3.734816277042233949e-03
3.729031797581089120e-03
3.723256277115830157e-03
3.717489701770769570e-03
3.711732057691711356e-03
3.705983331045918042e-03
3.700243508022073823e-03
3.694512574830255934e-03
3.688790517701898662e-03
3.683077322889761248e-03
3.677372976667894495e-03
3.671677465331607375e-03
3.665990775197437539e-03
3.660312892603111417e-03
3.654643803907519067e-03
3.648983495490675574e-03
3.643331953753691128e-03
3.637689165118739368e-03
3.632055116029023114e-03
3.626429792948739246e-03
3.620813182363051812e-03
3.615205270778056035e-03
3.609606044720745782e-03
3.604015490738982346e-03
3.598433595401461047e-03
3.592860345297680877e-03
3.587295727037910671e-03
3.581739727253156150e-03
3.576192332595130863e-03
3.570653529736220622e-03
3.565123305369454019e-03
3.559601646208468157e-03
3.554088538987479166e-03
3.548583970461249674e-03
3.543087927405055414e-03
3.537600396614656167e-03
3.532121364906259768e-03
3.526650819116495215e-03
3.521188746102378846e-03
3.515735132741282676e-03
3.510289965930903609e-03
3.504853232589228307e-03
3.499424919654509775e-03
3.494005014085226589e-03
3.488593502860059051e-03
3.483190372977854055e-03
3.477795611457592997e-03
3.472409205338365321e-03
3.467031141679332087e-03
3.461661407559698221e-03
3.456299990078679548e-03
3.450946876355473307e-03
3.445602053529226057e-03
3.440265508759003318e-03
3.434937229223758350e-03
3.429617202122303959e-03
3.424305414673275635e-03
3.419001854115107705e-03
3.413706507705999062e-03
3.408419362723881518e-03
3.403140406466392473e-03
3.397869626250841959e-03
3.392607009414183149e-03
3.387352543312982002e-03
3.382106215323386032e-03
3.376868012841095258e-03
3.371637923281330974e-03
3.366415934078805829e-03
3.361202032687693464e-03
3.355996206581598161e-03
3.350798443253526649e-03
3.345608730215853411e-03
3.340427055000298132e-03
3.335253405157887104e-03
3.330087768258929801e-03
3.324930131892987230e-03
3.319780483668839828e-03
3.314638811214462317e-03
3.309505102176987269e-03
3.304379344222682559e-03
3.299261525036917969e-03
3.294151632324136564e-03
3.289049653807822604e-03
3.283955577230475518e-03
3.278869390353580417e-03
3.273791080957576434e-03
3.268720636841827235e-03
3.263658045824594563e-03
3.258603295743006147e-03
3.253556374453028376e-03
3.248517269829434648e-03
3.243485969765781077e-03
3.238462462174370934e-03
3.233446734986231228e-03
3.228438776151078878e-03
3.223438573637297730e-03
3.218446115431902992e-03
3.213461389540517819e-03
3.208484383987340351e-03
3.203515086815119425e-03
3.198553486085120318e-03
3.193599569877100895e-03
3.188653325299003072e-03
3.183714741460828314e-03
3.178783806497626190e-03
3.173860510042302366e-03
3.168944838289465982e-03
3.164036779923913925e-03
3.159136323153979593e-03
3.154243456206315497e-03
3.149358167325813033e-03
3.144480444775568217e-03
3.139610276836856968e-03
3.134747651807968938e-03
3.129892558007841760e-03
3.125044983771986182e-03
3.120204917453983564e-03
3.115372347425579558e-03
3.110547262076524943e-03
3.105729649814557847e-03
3.100919499065366448e-03
3.096116798272568159e-03
3.091321535897676234e-03
3.086533700420075917e-03
3.081753280336997549e-03
3.076980264163484483e-03
3.072214640432367055e-03
3.067456397694239608e-03
3.062705524517426222e-03
3.057962009487957735e-03
3.053225841209541817e-03
3.048497008303538685e-03
3.043775499408929441e-03
3.039061303182293092e-03
3.034354408297776622e-03
3.029654803447068539e-03
3.024962477339370251e-03
3.020277418701373083e-03
3.015599616277226617e-03
3.010929058828513537e-03
3.006265735134222745e-03
3.001609633990722902e-03
2.996960744211733807e-03
2.992319054628301677e-03
2.987684554088770525e-03
2.983057231458756137e-03
2.978437075621118320e-03
2.973824075475937911e-03
2.969218219940483825e-03
2.964619497949191364e-03
2.960027898453635332e-03
2.955443410422501412e-03
2.950866022841559713e-03
2.946295724713640044e-03
2.941732505058605035e-03
2.937176352913321940e-03
2.932627257331640522e-03
2.928085207384359661e-03
2.923550192159209138e-03
2.919022200760817542e-03
2.914501222310689286e-03
2.909987245947177285e-03
2.905480260825456934e-03
2.900980256117498789e-03
2.896487221012045577e-03
2.892001144714584013e-03
2.887522016447318773e-03
2.883049825449148645e-03
2.878584560975636607e-03
2.874126212298988570e-03
2.869674768708026496e-03
2.865230219508159339e-03
2.860792554021360928e-03
2.856361761586143945e-03
2.851937831557533037e-03
2.847520753307039229e-03
2.843110516222635206e-03
2.838707109708730591e-03
2.834310523186144189e-03
2.829920746092080136e-03
2.825537767880102746e-03
2.821161578020110056e-03
2.816792165998309970e-03
2.812429521317192076e-03
2.808073633495506392e-03
2.803724492068236911e-03
2.799382086586573847e-03
2.795046406617892817e-03
2.790717441745723618e-03
2.786395181569733311e-03
2.782079615705693263e-03
2.777770733785462666e-03
2.773468525456955144e-03
2.769172980384117504e-03
2.764884088246907182e-03
2.760601838741263622e-03
2.756326221579085724e-03
2.752057226488207123e-03
2.747794843212370604e-03
2.743539061511202515e-03
2.739289871160193249e-03
2.735047261950663416e-03
2.730811223689750405e-03
2.726581746200374117e-03
2.722358819321217885e-03
2.718142432906705055e-03
2.713932576826968632e-03
2.709729240967833491e-03
2.705532415230789498e-03
2.701342089532965916e-03
2.697158253807107990e-03
2.692980898001553960e-03
2.688810012080210341e-03
2.684645586022526339e-03
2.680487609823472162e-03
2.676336073493512571e-03
2.672190967058586490e-03
2.668052280560077958e-03
2.663920004054796172e-03
2.659794127614950772e-03
2.655674641328126251e-03
2.651561535297259839e-03
2.647454799640619385e-03
2.643354424491775167e-03
2.639260399999577341e-03
2.635172716328138161e-03
2.631091363656799017e-03
2.627016332180114391e-03
2.622947612107822801e-03
2.618885193664830750e-03
2.614829067091178905e-03
2.610779222642027782e-03
2.606735650587628256e-03
2.602698341213302482e-03
2.598667284819418302e-03
2.594642471721365831e-03
2.590623892249534471e-03
2.586611536749290358e-03
2.582605395580953381e-03
2.578605459119772889e-03
2.574611717755904711e-03
2.570624161894386438e-03
2.566642781955122236e-03
2.562667568372846427e-03
2.558698511597114374e-03
2.554735602092269523e-03
2.550778830337424325e-03
2.546828186826439414e-03
2.542883662067896289e-03
2.538945246585077795e-03
2.535012930915943406e-03
2.531086705613107973e-03
2.527166561243819175e-03
2.523252488389933663e-03
2.519344477647894077e-03
2.515442519628707796e-03
2.511546604957924384e-03
2.507656724275612176e-03
2.503772868236335287e-03
2.499895027509133668e-03
2.496023192777497950e-03
2.492157354739349059e-03
2.488297504107013502e-03
2.484443631607204279e-03
2.480595727980994866e-03
2.476753783983800996e-03
2.472917790385355079e-03
2.469087737969684945e-03
2.465263617535095198e-03
2.461445419894136861e-03
2.457633135873596095e-03
2.453826756314461677e-03
2.450026272071910687e-03
2.446231674015282923e-03
2.442442953028060078e-03
2.438660100007843199e-03
2.434883105866330558e-03
2.431111961529296844e-03
2.427346657936572342e-03
2.423587186042017345e-03
2.419833536813504379e-03
2.416085701232893040e-03
2.412343670296013525e-03
2.408607435012638000e-03
2.404876986406464991e-03
2.401152315515095535e-03
2.397433413390009753e-03
2.393720271096549945e-03
2.390012879713893697e-03
2.386311230335037403e-03
2.382615314066771108e-03
2.378925122029658997e-03
2.375240645358018144e-03
2.371561875199896391e-03
2.367888802717051534e-03
2.364221419084929637e-03
2.360559715492645521e-03
2.356903683142959338e-03
2.353253313252255761e-03
2.349608597050525764e-03
2.345969525781340607e-03
2.342336090701834916e-03
2.338708283082683703e-03
2.335086094208082847e-03
2.331469515375726980e-03
2.327858537896787799e-03
2.324253153095895419e-03
2.320653352311116691e-03
2.317059126893932213e-03
2.313470468209218988e-03
2.309887367635227000e-03
2.306309816563561869e-03
2.302737806399158399e-03
2.299171328560265827e-03
2.295610374478424844e-03
2.292054935598446339e-03
2.288505003378390589e-03
2.284960569289549038e-03
2.281421624816422182e-03
2.277888161456698753e-03
2.274360170721235769e-03
2.270837644134039452e-03
2.267320573232241374e-03
2.263808949566082415e-03
2.260302764698891072e-03
2.256802010207059617e-03
2.253306677680028472e-03
2.249816758720264102e-03
2.246332244943240793e-03
2.242853127977415938e-03
2.239379399464214420e-03
2.235911051058006929e-03
2.232448074426088280e-03
2.228990461248661365e-03
2.225538203218813734e-03
2.222091292042496780e-03
2.218649719438510557e-03
2.215213477138480366e-03
2.211782556886836369e-03
2.208356950440795372e-03
2.204936649570341748e-03
2.201521646058205318e-03
2.198111931699843133e-03
2.194707498303419095e-03
2.191308337689784873e-03
2.187914441692461257e-03
2.184525802157614733e-03
2.181142410944042747e-03
2.177764259923149412e-03
2.174391340978931633e-03
2.171023646007953951e-03
2.167661166919331635e-03
2.164303895634712462e-03
2.160951824088255032e-03
2.157604944226609693e-03
2.154263248008901187e-03
2.150926727406705669e-03
2.147595374404038127e-03
2.144269180997324196e-03
2.140948139195386710e-03
2.137632241019427493e-03
2.134321478503002200e-03
2.131015843692007743e-03
2.127715328644658871e-03
2.124419925431471692e-03
2.121129626135242422e-03
2.117844422851030903e-03
2.114564307686138053e-03
2.111289272760090256e-03
2.108019310204618541e-03
2.104754412163642105e-03
2.101494570793245326e-03
2.098239778261662154e-03
2.094990026749256155e-03
2.091745308448502306e-03
2.088505615563969204e-03
2.085270940312296088e-03
2.082041274922179393e-03
2.078816611634349762e-03
2.075596942701557739e-03
2.072382260388551216e-03
2.069172556972057216e-03
2.065967824740768451e-03
2.062768055995317304e-03
2.059573243048262378e-03
2.056383378224068553e-03
2.053198453859087901e-03
2.050018462301543207e-03
2.046843395911507150e-03
2.043673247060886263e-03
2.040508008133398807e-03
2.037347671524562635e-03
2.034192229641671769e-03
2.031041674903780354e-03
2.027895999741681846e-03
2.024755196597895993e-03
2.021619257926644559e-03
2.018488176193839606e-03
2.015361943877058346e-03
2.012240553465530560e-03
2.009123997460119521e-03
2.006012268373302040e-03
2.002905358729151122e-03
1.999803261063318616e-03
1.996705967923019607e-03
1.993613471867007689e-03
1.990525765465565432e-03
1.987442841300480524e-03
1.984364691965031027e-03
1.981291310063964129e-03
1.978222688213484431e-03
1.975158819041229665e-03
1.972099695186257679e-03
1.969045309299024757e-03
1.965995654041373473e-03
1.962950722086507106e-03
1.959910506118981832e-03
1.956874998834680270e-03
1.953844192940799342e-03
1.950818081155830100e-03
1.947796656209542119e-03
1.944779910842964633e-03
1.941767837808369181e-03
1.938760429869253567e-03
1.935757679800322777e-03
1.932759580387471629e-03
1.929766124427770031e-03
1.926777304729442161e-03
1.923793114111851292e-03
1.920813545405482660e-03
1.917838591451924380e-03
1.914868245103852921e-03
1.911902499225012937e-03
1.908941346690203825e-03
1.905984780385258041e-03
1.903032793207028520e-03
1.900085378063368514e-03
1.897142527873115327e-03
1.894204235566074486e-03
1.891270494083001309e-03
1.888341296375584425e-03
1.885416635406428863e-03
1.882496504149039568e-03
1.879580895587802756e-03
1.876669802717972901e-03
1.873763218545651272e-03
1.870861136087772266e-03
1.867963548372084982e-03
1.865070448437137606e-03
1.862181829332260063e-03
1.859297684117548191e-03
1.856418005863844870e-03
1.853542787652726152e-03
1.850672022576482605e-03
1.847805703738103706e-03
1.844943824251261359e-03
1.842086377240292113e-03
1.839233355840182854e-03
1.836384753196551069e-03
1.833540562465632486e-03
1.830700776814260912e-03
1.827865389419853917e-03
1.825034393470395489e-03
1.822207782164421289e-03
1.819385548710999350e-03
1.816567686329716635e-03
1.813754188250661257e-03
1.810945047714406864e-03
1.808140257971995292e-03
1.805339812284922256e-03
1.802543703925119567e-03
1.799751926174938867e-03
1.796964472327136891e-03
1.794181335684858110e-03
1.791402509561619344e-03
1.788627987281293493e-03
1.785857762178093061e-03
1.783091827596554758e-03
1.780330176891523021e-03
1.777572803428134835e-03
1.774819700581802820e-03
1.772070861738200050e-03
1.769326280293243361e-03
1.766585949653078818e-03
1.763849863234063717e-03
1.761118014462753362e-03
1.758390396775883499e-03
1.755667003620354702e-03
1.752947828453218062e-03
1.750232864741656973e-03
1.747522105962974123e-03
1.744815545604573494e-03
1.742113177163946702e-03
1.739414994148655649e-03
1.736720990076317779e-03
1.734031158474591550e-03
1.731345492881159083e-03
1.728663986843710339e-03
1.725986633919929887e-03
1.723313427677479557e-03
1.720644361693983914e-03
1.717979429557013995e-03
1.715318624864073209e-03
1.712661941222579998e-03
1.710009372249855037e-03
1.707360911573103240e-03
1.704716552829400097e-03
1.702076289665676928e-03
1.699440115738702888e-03
1.696808024715073041e-03
1.694180010271191007e-03
1.691556066093254009e-03
1.688936185877239204e-03
1.686320363328886124e-03
1.683708592163684096e-03
1.681100866106854897e-03
1.678497178893339093e-03
1.675897524267779990e-03
1.673301895984510412e-03
1.670710287807534913e-03
1.668122693510518074e-03
1.665539106876766720e-03
1.662959521699215390e-03
1.660383931780414412e-03
1.657812330932510389e-03
1.655244712977234920e-03
1.652681071745887905e-03
1.650121401079324103e-03
1.647565694827936213e-03
1.645013946851643389e-03
1.642466151019872801e-03
1.639922301211546845e-03
1.637382391315069050e-03
1.634846415228308463e-03
1.632314366858584470e-03
1.629786240122653137e-03
1.627262028946692245e-03
1.624741727266287416e-03
1.622225329026415197e-03
1.619712828181431568e-03
1.617204218695055028e-03
1.614699494540353802e-03
1.612198649699730230e-03
1.609701678164907317e-03
1.607208573936912263e-03
1.604719331026065393e-03
1.602233943451961953e-03
1.599752405243461259e-03
1.597274710438669571e-03
1.594800853084927953e-03
1.592330827238795567e-03
1.589864626966037975e-03
1.587402246341611516e-03
1.584943679449649003e-03
1.582488920383444755e-03
1.580037963245443326e-03
1.577590802147221935e-03
1.575147431209478113e-03
1.572707844562015169e-03
1.570272036343729185e-03
1.567840000702592530e-03
1.565411731795642155e-03
1.562987223788963546e-03
1.560566470857678795e-03
1.558149467185931426e-03
1.555736206966871647e-03
1.553326684402644205e-03
1.550920893704373213e-03
1.548518829092149348e-03
1.546120484795014032e-03
1.543725855050946845e-03
1.541334934106852522e-03
1.538947716218546204e-03
1.536564195650737827e-03
1.534184366677021931e-03
1.531808223579862044e-03
1.529435760650575725e-03
1.527066972189323503e-03
1.524701852505092829e-03
1.522340395915686151e-03
1.519982596747705521e-03
1.517628449336541315e-03
1.515277948026356189e-03
1.512931087170073154e-03
1.510587861129360394e-03
1.508248264274620427e-03
1.505912290984973406e-03
1.503579935648245410e-03
1.501251192660954786e-03
1.498926056428299134e-03
1.496604521364140348e-03
1.494286581890992257e-03
1.491972232440008260e-03
1.489661467450964635e-03
1.487354281372251430e-03
1.485050668660855980e-03
1.482750623782351637e-03
1.480454141210881501e-03
1.478161215429148884e-03
1.475871840928401259e-03
1.473586012208418557e-03
1.471303723777499283e-03
1.469024970152447724e-03
1.466749745858560074e-03
1.464478045429612289e-03
1.462209863407845558e-03
1.459945194343955461e-03
1.457684032797076359e-03
1.455426373334769465e-03
1.453172210533010267e-03
1.450921538976174437e-03
1.448674353257025683e-03
1.446430647976702094e-03
1.444190417744704207e-03
1.441953657178880483e-03
1.439720360905415815e-03
1.437490523558818296e-03
1.435264139781905349e-03
1.433041204225791575e-03
1.430821711549876835e-03
1.428605656421831930e-03
1.426393033517586251e-03
1.424183837521315410e-03
1.421978063125428019e-03
1.419775705030552676e-03
1.417576757945526690e-03
1.415381216587381337e-03
1.413189075681330585e-03
1.411000329960758080e-03
1.408814974167203705e-03
1.406633003050352737e-03
1.404454411368020452e-03
1.402279193886143667e-03
1.400107345378763610e-03
1.397938860628015947e-03
1.395773734424118851e-03
1.393611961565357398e-03
1.391453536858075534e-03
1.389298455116658735e-03
1.387146711163525763e-03
1.384998299829113058e-03
1.382853215951865191e-03
1.380711454378219473e-03
1.378573009962595760e-03
1.376437877567383448e-03
1.374306052062928673e-03
1.372177528327523039e-03
1.370052301247389305e-03
1.367930365716672281e-03
1.365811716637423210e-03
1.363696348919589798e-03
1.361584257481002549e-03
1.359475437247364363e-03
1.357369883152236218e-03
1.355267590137026546e-03
1.353168553150978009e-03
1.351072767151156005e-03
1.348980227102436523e-03
1.346890927977494653e-03
1.344804864756790272e-03
1.342722032428559156e-03
1.340642425988798452e-03
1.338566040441254747e-03
1.336492870797414533e-03
1.334422912076489243e-03
1.332356159305405274e-03
1.330292607518790329e-03
1.328232251758963223e-03
1.326175087075921744e-03
1.324121108527328552e-03
1.322070311178502947e-03
1.320022690102405031e-03
1.317978240379628126e-03
1.315936957098382942e-03
1.313898835354488899e-03
1.311863870251360259e-03
1.309832056899994188e-03
1.307803390418961877e-03
1.305777865934394221e-03
1.303755478579969682e-03
1.301736223496904746e-03
1.299720095833941562e-03
1.297707090747334067e-03
1.295697203400840176e-03
1.293690428965706390e-03
1.291686762620660855e-03
1.289686199551895365e-03
1.287688734953059506e-03
1.285694364025246131e-03
1.283703081976980730e-03
1.281714884024210376e-03
1.279729765390291143e-03
1.277747721305977054e-03
1.275768747009409882e-03
1.273792837746104628e-03
1.271819988768941277e-03
1.269850195338152656e-03
1.267883452721310774e-03
1.265919756193318799e-03
1.263959101036398044e-03
1.262001482540075614e-03
1.260046896001174423e-03
1.258095336723803227e-03
1.256146800019342091e-03
1.254201281206433500e-03
1.252258775610969781e-03
1.250319278566083565e-03
1.248382785412134556e-03
1.246449291496699776e-03
1.244518792174562072e-03
1.242591282807697971e-03
1.240666758765268793e-03
1.238745215423606768e-03
1.236826648166205935e-03
1.234911052383709561e-03
1.232998423473901251e-03
1.231088756841691939e-03
1.229182047899108612e-03
1.227278292065284984e-03
1.225377484766449572e-03
1.223479621435913985e-03
1.221584697514064254e-03
1.219692708448346513e-03
1.217803649693259202e-03
1.215917516710339832e-03
1.214034304968156317e-03
1.212154009942293959e-03
1.210276627115345477e-03
1.208402151976900379e-03
1.206530580023533689e-03
1.204661906758795753e-03
1.202796127693200314e-03
1.200933238344215406e-03
1.199073234236250557e-03
1.197216110900647685e-03
1.195361863875669386e-03
1.193510488706489396e-03
1.191661980945180662e-03
1.189816336150704935e-03
1.187973549888901711e-03
1.186133617732479124e-03
1.184296535261001367e-03
1.182462298060880023e-03
1.180630901725361918e-03
1.178802341854518713e-03
1.176976614055236930e-03
1.175153713941207113e-03
1.173333637132913413e-03
1.171516379257622970e-03
1.169701935949375498e-03
1.167890302848972450e-03
1.166081475603967035e-03
1.164275449868653386e-03
1.162472221304056141e-03
1.160671785577920695e-03
1.158874138364701266e-03
1.157079275345552442e-03
1.155287192208317255e-03
1.153497884647517856e-03
1.151711348364344023e-03
1.149927579066644485e-03
1.148146572468914566e-03
1.146368324292288158e-03
1.144592830264525365e-03
1.142820086120003176e-03
1.141050087599705274e-03
1.139282830451212062e-03
1.137518310428690038e-03
1.135756523292881385e-03
1.133997464811093564e-03
1.132241130757190859e-03
1.130487516911582013e-03
1.128736619061211340e-03
1.126988432999548317e-03
1.125242954526577827e-03
1.123500179448788661e-03
1.121760103579165935e-03
1.120022722737178730e-03
1.118288032748770760e-03
1.116556029446351492e-03
1.114826708668784430e-03
1.113100066261377575e-03
1.111376098075874536e-03
1.109654799970443253e-03
1.107936167809666240e-03
1.106220197464531695e-03
1.104506884812422223e-03
1.102796225737105729e-03
1.101088216128725010e-03
1.099382851883789298e-03
1.097680128905161902e-03
1.095980043102052614e-03
1.094282590390006872e-03
1.092587766690895999e-03
1.090895567932907446e-03
1.089205990050535469e-03
1.087519028984570502e-03
1.085834680682090268e-03
1.084152941096449370e-03
1.082473806187270182e-03
1.080797271920432663e-03
1.079123334268064591e-03
1.077451989208531814e-03
1.075783232726429785e-03
1.074117060812572943e-03
1.072453469463983868e-03
1.070792454683886560e-03
1.069134012481694727e-03
1.067478138873001600e-03
1.065824829879572768e-03
1.064174081529335129e-03
1.062525889856367339e-03
1.060880250900889631e-03
1.059237160709256432e-03
1.057596615333945530e-03
1.055958610833546791e-03
1.054323143272757179e-03
1.052690208722366436e-03
1.051059803259251236e-03
1.049431922966364119e-03
1.047806563932723520e-03
1.046183722253406180e-03
1.044563394029536518e-03
1.042945575368277311e-03
1.041330262382821233e-03
1.039717451192379363e-03
1.038107137922174685e-03
1.036499318703431238e-03
1.034893989673364365e-03
1.033291146975173118e-03
1.031690786758028772e-03
1.030092905177067879e-03
1.028497498393380781e-03
1.026904562574004883e-03
1.025314093891912300e-03
1.023726088526004212e-03
1.022140542661099157e-03
1.020557452487924578e-03
1.018976814203107276e-03
1.017398624009165824e-03
1.015822878114499075e-03
1.014249572733379656e-03
1.012678704085942689e-03
1.011110268398176908e-03
1.009544261901917928e-03
1.007980680834835892e-03
1.006419521440429180e-03
1.004860779968013351e-03
1.003304452672713551e-03
1.001750535815455409e-03
1.000199025662954194e-03
9.986499184877087407e-04
9.971032105679903963e-04
9.955588981878345581e-04
9.940169776370324367e-04
9.924774452111210805e-04
9.909402972113749188e-04
9.894055299447979557e-04
9.878731397241127116e-04
9.863431228677532834e-04
9.848154756998555876e-04
9.832901945502480357e-04
9.817672757544452459e-04
9.802467156536350326e-04
9.787285105946740699e-04
9.772126569300753143e-04
9.756991510180021508e-04
9.741879892222578751e-04
9.726791679122776717e-04
9.711726834631195055e-04
9.696685322554560995e-04
9.681667106755653934e-04
9.666672151153224120e-04
9.651700419721904838e-04
9.636751876492125665e-04
9.621826485550022488e-04
9.606924211037358354e-04
9.592045017151433484e-04
9.577188868144996363e-04
9.562355728326163515e-04
9.547545562058328428e-04
9.532758333760081321e-04
9.517994007905119158e-04
9.503252549022164330e-04
9.488533921694872501e-04
9.473838090561756712e-04
9.459165020316091972e-04
9.444514675705845868e-04
9.429887021533573397e-04
9.415282022656353000e-04
9.400699643985685732e-04
9.386139850487421532e-04
9.371602607181668152e-04
9.357087879142712014e-04
9.342595631498929300e-04
9.328125829432715481e-04
9.313678438180377980e-04
9.299253423032074377e-04
9.284850749331719161e-04
9.270470382476899166e-04
9.256112287918799846e-04
9.241776431162110946e-04
9.227462777764946274e-04
9.213171293338771059e-04
9.198901943548305456e-04
9.184654694111448652e-04
9.170429510799197551e-04
9.156226359435561124e-04
9.142045205897482343e-04
9.127886016114750362e-04
9.113748756069926793e-04
9.099633391798254631e-04
9.085539889387587780e-04
9.071468214978297816e-04
9.057418334763198088e-04
9.043390214987463488e-04
9.029383821948552390e-04
9.015399121996114495e-04
9.001436081531924687e-04
8.987494667009787632e-04
8.973574844935470552e-04
8.959676581866608900e-04
8.945799844412641311e-04
8.931944599234719609e-04
8.918110813045627494e-04
8.904298452609706819e-04
8.890507484742774099e-04
8.876737876312044626e-04
8.862989594236042471e-04
8.849262605484533271e-04
8.835556877078441828e-04
8.821872376089761030e-04
8.808209069641495482e-04
8.794566924907563921e-04
8.780945909112723323e-04
8.767345989532497347e-04
8.753767133493089601e-04
8.740209308371312078e-04
8.726672481594500595e-04
8.713156620640445400e-04
8.699661693037297932e-04
8.686187666363507937e-04
8.672734508247741071e-04
8.659302186368794327e-04
8.645890668455527735e-04
8.632499922286779792e-04
8.619129915691298074e-04
8.605780616547651415e-04
8.592451992784161602e-04
8.579144012378822062e-04
8.565856643359221964e-04
8.552589853802468160e-04
8.539343611835114711e-04
8.526117885633071811e-04
8.512912643421548329e-04
8.499727853474959649e-04
8.486563484116858283e-04
8.473419503719863393e-04
8.460295880705568641e-04
8.447192583544486889e-04
8.434109580755953708e-04
8.421046840908070997e-04
8.408004332617612661e-04
8.394982024549970398e-04
8.381979885419056121e-04
8.368997883987245581e-04
8.356035989065288376e-04
8.343094169512249407e-04
8.330172394235412382e-04
8.317270632190227773e-04
8.304388852380222832e-04
8.291527023856934365e-04
8.278685115719829589e-04
8.265863097116234572e-04
8.253060937241265931e-04
8.240278605337740840e-04
8.227516070696121739e-04
8.214773302654430681e-04
8.202050270598177772e-04
8.189346943960289617e-04
8.176663292221036678e-04
8.163999284907956294e-04
8.151354891595783293e-04
8.138730081906370845e-04
8.126124825508628663e-04
8.113539092118437351e-04
8.100972851498587689e-04
8.088426073458693894e-04
8.075898727855132910e-04
8.063390784590972844e-04
8.050902213615886236e-04
8.038432984926094762e-04
8.025983068564285748e-04
8.013552434619550377e-04
8.001141053227299113e-04
7.988748894569199909e-04
7.976375928873101224e-04
7.964022126412966971e-04
7.951687457508798459e-04
7.939371892526559575e-04
7.927075401878121499e-04
7.914797956021177045e-04
7.902539525459170190e-04
7.890300080741233192e-04
7.878079592462112861e-04
7.865878031262097921e-04
7.853695367826944197e-04
7.841531572887818239e-04
7.829386617221212753e-04
7.817260471648880462e-04
7.805153107037767976e-04
7.793064494299947482e-04
7.780994604392530009e-04
7.768943408317622061e-04
7.756910877122234543e-04
7.744896981898220963e-04
7.732901693782208040e-04
7.720924983955530655e-04
7.708966823644150534e-04
7.697027184118600956e-04
7.685106036693907603e-04
7.673203352729523509e-04
7.661319103629262925e-04
7.649453260841228676e-04
7.637605795857740605e-04
7.625776680215277025e-04
7.613965885494399909e-04
7.602173383319684417e-04
7.590399145359653845e-04
7.578643143326713487e-04
7.566905348977076909e-04
7.555185734110708489e-04
7.543484270571238848e-04
7.531800930245914974e-04
7.520135685065521079e-04
7.508488507004316796e-04
7.496859368079966711e-04
7.485248240353475305e-04
7.473655095929119738e-04
7.462079906954380455e-04
7.450522645619877225e-04
7.438983284159297578e-04
7.427461794849337176e-04
7.415958150009629339e-04
7.404472322002677827e-04
7.393004283233792868e-04
7.381554006151016352e-04
7.370121463245071954e-04
7.358706627049282738e-04
7.347309470139519114e-04
7.335929965134118606e-04
7.324568084693833811e-04
7.313223801521752171e-04
7.301897088363250429e-04
7.290587918005904649e-04
7.279296263279446842e-04
7.268022097055682569e-04
7.256765392248445403e-04
7.245526121813503691e-04
7.234304258748524771e-04
7.223099776092991491e-04
7.211912646928146913e-04
7.200742844376917338e-04
7.189590341603868933e-04
7.178455111815119916e-04
7.167337128258295014e-04
7.156236364222440900e-04
7.145152793037989327e-04
7.134086388076668226e-04
7.123037122751448577e-04
7.112004970516481528e-04
7.100989904867029004e-04
7.089991899339409499e-04
7.079010927510925432e-04
7.068046962999797013e-04
7.057099979465111285e-04
7.046169950606752733e-04
7.035256850165332813e-04
7.024360651922141163e-04
7.013481329699068623e-04
7.002618857358554110e-04
6.991773208803519568e-04
6.980944357977300575e-04
6.970132278863596471e-04
6.959336945486394466e-04
6.948558331909917597e-04
6.937796412238558591e-04
6.927051160616807222e-04
6.916322551229214539e-04
6.905610558300302867e-04
6.894915156094519196e-04
6.884236318916167954e-04
6.873574021109352464e-04
6.862928237057915309e-04
6.852298941185367863e-04
6.841686107954833909e-04
6.831089711868995433e-04
6.820509727470017809e-04
6.809946129339497761e-04
6.799398892098401561e-04
6.788867990407002149e-04
6.778353398964814076e-04
6.767855092510546887e-04
6.757373045822022721e-04
6.746907233716136192e-04
6.736457631048783923e-04
6.726024212714804907e-04
6.715606953647917628e-04
6.705205828820672356e-04
6.694820813244371999e-04
6.684451881969026565e-04
6.674099010083290283e-04
6.663762172714395460e-04
6.653441345028101531e-04
6.643136502228625664e-04
6.632847619558597226e-04
6.622574672298980804e-04
6.612317635769032840e-04
6.602076485326232235e-04
6.591851196366223979e-04
6.581641744322758430e-04
6.571448104667637104e-04
6.561270252910651963e-04
6.551108164599520360e-04
6.540961815319838420e-04
6.530831180695005145e-04
6.520716236386185551e-04
6.510616958092233690e-04
6.500533321549639525e-04
6.490465302532477969e-04
6.480412876852342753e-04
6.470376020358290046e-04
6.460354708936780991e-04
6.450348918511623160e-04
6.440358625043914173e-04
6.430383804531984238e-04
6.420424433011334350e-04
6.410480486554585335e-04
6.400551941271412793e-04
6.390638773308498317e-04
6.380740958849462265e-04
6.370858474114816060e-04
6.360991295361898218e-04
6.351139398884820143e-04
6.341302761014409742e-04
6.331481358118155054e-04
6.321675166600142443e-04
6.311884162901005646e-04
6.302108323497870477e-04
6.292347624904287605e-04
6.282602043670190272e-04
6.272871556381827071e-04
6.263156139661710991e-04
6.253455770168561949e-04
6.243770424597251505e-04
6.234100079678745387e-04
6.224444712180047124e-04
6.214804298904148165e-04
6.205178816689963916e-04
6.195568242412279525e-04
6.185972552981701096e-04
6.176391725344590640e-04
6.166825736483022699e-04
6.157274563414713879e-04
6.147738183192981648e-04
6.138216572906681455e-04
6.128709709680149262e-04
6.119217570673160349e-04
6.109740133080856670e-04
6.100277374133702404e-04
6.090829271097427571e-04
6.081395801272975995e-04
6.071976941996442417e-04
6.062572670639023711e-04
6.053182964606972256e-04
6.043807801341524386e-04
6.034447158318857014e-04
6.025101013050037767e-04
6.015769343080958845e-04
6.006452125992290400e-04
5.997149339399430665e-04
5.987860960952439814e-04
5.978586968335996600e-04
5.969327339269346307e-04
5.960082051506236786e-04
5.950851082834869663e-04
5.941634411077852639e-04
5.932432014092142020e-04
5.923243869768985261e-04
5.914069956033875426e-04
5.904910250846488306e-04
5.895764732200646637e-04
5.886633378124247465e-04
5.877516166679220937e-04
5.868413075961476100e-04
5.859324084100843433e-04
5.850249169261031480e-04
5.841188309639560716e-04
5.832141483467728846e-04
5.823108669010540342e-04
5.814089844566670655e-04
5.805084988468397914e-04
5.796094079081564980e-04
5.787117094805521982e-04
5.778154014073071023e-04
5.769204815350419558e-04
5.760269477137122934e-04
5.751347977966043187e-04
5.742440296403282908e-04
5.733546411048148382e-04
5.724666300533086697e-04
5.715799943523639133e-04
5.706947318718392365e-04
5.698108404848923171e-04
5.689283180679747479e-04
5.680471625008274824e-04
5.671673716664749803e-04
5.662889434512204372e-04
5.654118757446409058e-04
5.645361664395821995e-04
5.636618134321533637e-04
5.627888146217221218e-04
5.619171679109093457e-04
5.610468712055849362e-04
5.601779224148617509e-04
5.593103194510911595e-04
5.584440602298578393e-04
5.575791426699744629e-04
5.567155646934779031e-04
5.558533242256222945e-04
5.549924191948762140e-04
5.541328475329158508e-04
5.532746071746208862e-04
5.524176960580699401e-04
5.515621121245348245e-04
5.507078533184755565e-04
5.498549175875364547e-04
5.490033028825400683e-04
5.481530071574829480e-04
5.473040283695302256e-04
5.464563644790112768e-04
5.456100134494141921e-04
5.447649732473816564e-04
5.439212418427050947e-04
5.430788172083205519e-04
5.422376973203039225e-04
5.413978801578653126e-04
5.405593637033444861e-04
5.397221459422066369e-04
5.388862248630368586e-04
5.380515984575352665e-04
5.372182647205132021e-04
5.363862216498866201e-04
5.355554672466730521e-04
5.347259995149856440e-04
5.338978164620291440e-04
5.330709160980941566e-04
5.322452964365536731e-04
5.314209554938570000e-04
5.305978912895260727e-04
5.297761018461492758e-04
5.289555851893786237e-04
5.281363393479235812e-04
5.273183623535466179e-04
5.265016522410587629e-04
5.256862070483149432e-04
5.248720248162086705e-04
5.240591035886675965e-04
5.232474414126495011e-04
5.224370363381368714e-04
5.216278864181320227e-04
5.208199897086530873e-04
5.200133442687287014e-04
5.192079481603942108e-04
5.184037994486862498e-04
5.176008962016380791e-04
5.167992364902752487e-04
5.159988183886112618e-04
5.151996399736423699e-04
5.144016993253430195e-04
5.136049945266617320e-04
5.128095236635154663e-04
5.120152848247867990e-04
5.112222761023174199e-04
5.104304955909042289e-04
5.096399413882956491e-04
5.088506115951857726e-04
5.080625043152107827e-04
5.072756176549432072e-04
5.064899497238887745e-04
5.057054986344811012e-04
5.049222625020769210e-04
5.041402394449522907e-04
5.033594275842974940e-04
5.025798250442127047e-04
5.018014299517036501e-04
5.010242404366765153e-04
5.002482546319343649e-04
4.994734706731722646e-04
4.986998866989724019e-04
4.979275008507996411e-04
4.971563112729977287e-04
4.963863161127846308e-04
4.956175135202475464e-04
4.948499016483388956e-04
4.940834786528719826e-04
4.933182426925160086e-04
4.925541919287923856e-04
4.917913245260698571e-04
4.910296386515604870e-04
4.902691324753142383e-04
4.895098041702159375e-04
4.887516519119798532e-04
4.879946738791458480e-04
4.872388682530750408e-04
4.864842332179449827e-04
4.857307669607458076e-04
4.849784676712753538e-04
4.842273335421354232e-04
4.834773627687267397e-04
4.827285535492454802e-04
4.819809040846779070e-04
4.812344125787970076e-04
4.804890772381575068e-04
4.797448962720919641e-04
4.790018678927064361e-04
4.782599903148757612e-04
4.775192617562397097e-04
4.767796804371985395e-04
4.760412445809090380e-04
4.753039524132795894e-04
4.745678021629663257e-04
4.738327920613690609e-04
4.730989203426266831e-04
4.723661852436129805e-04
4.716345850039325755e-04
4.709041178659165877e-04
4.701747820746184059e-04
4.694465758778094055e-04
4.687194975259746654e-04
4.679935452723093907e-04
4.672687173727138165e-04
4.665450120857896304e-04
4.658224276728354729e-04
4.651009623978429801e-04
4.643806145274924466e-04
4.636613823311487061e-04
4.629432640808572278e-04
4.622262580513394003e-04
4.615103625199890080e-04
4.607955757668676772e-04
4.600818960747007566e-04
4.593693217288735220e-04
4.586578510174267858e-04
4.579474822310527766e-04
4.572382136630911281e-04
4.565300436095247045e-04
4.558229703689756435e-04
4.551169922427010192e-04
4.544121075345890475e-04
4.537083145511550206e-04
4.530056116015367530e-04
4.523039969974911663e-04
4.516034690533897900e-04
4.509040260862145870e-04
4.502056664155548640e-04
4.495083883636019585e-04
4.488121902551459865e-04
4.481170704175716684e-04
4.474230271808542084e-04
4.467300588775552296e-04
4.460381638428191956e-04
4.453473404143688569e-04
4.446575869325014563e-04
4.439689017400849343e-04
4.432812831825539172e-04
4.425947296079052180e-04
4.419092393666944210e-04
4.412248108120321415e-04
4.405414422995791463e-04
4.398591321875433731e-04
4.391778788366751591e-04
4.384976806102642058e-04
4.378185358741347542e-04
4.371404429966421149e-04
4.364634003486689284e-04
4.357874063036207735e-04
4.351124592374225352e-04
4.344385575285146105e-04
4.337656995578486252e-04
4.330938837088839106e-04
4.324231083675835461e-04
4.317533719224104019e-04
4.310846727643232357e-04
4.304170092867729523e-04
4.297503798856985922e-04
4.290847829595237535e-04
4.284202169091522552e-04
4.277566801379647761e-04
4.270941710518150062e-04
4.264326880590253092e-04
4.257722295703834166e-04
4.251127939991384695e-04
4.244543797609969535e-04
4.237969852741194456e-04
4.231406089591161694e-04
4.224852492390435794e-04
4.218309045394006210e-04
4.211775732881247185e-04
4.205252539155882518e-04
4.198739448545942736e-04
4.192236445403735821e-04
4.185743514105801132e-04
4.179260639052877961e-04
4.172787804669864336e-04
4.166324995405781785e-04
4.159872195733736299e-04
4.153429390150883646e-04
4.146996563178387079e-04
4.140573699361388069e-04
4.134160783268961306e-04
4.127757799494081092e-04
4.121364732653585018e-04
4.114981567388136018e-04
4.108608288362186048e-04
4.102244880263936511e-04
4.095891327805305194e-04
4.089547615721889399e-04
4.083213728772925287e-04
4.076889651741256440e-04
4.070575369433291030e-04
4.064270866678974174e-04
4.057976128331742941e-04
4.051691139268494366e-04
4.045415884389547503e-04
4.039150348618607647e-04
4.032894516902731097e-04
4.026648374212288294e-04
4.020411905540928043e-04
4.014185095905536851e-04
4.007967930346212370e-04
4.001760393926220025e-04
3.995562471731958862e-04
3.989374148872925773e-04
3.983195410481681336e-04
3.977026241713812419e-04
3.970866627747896395e-04
3.964716553785465909e-04
3.958576005050974179e-04
3.952444966791758682e-04
3.946323424278005911e-04
3.940211362802713974e-04
3.934108767681661692e-04
3.928015624253370112e-04
3.921931917879066185e-04
3.915857633942652406e-04
3.909792757850666161e-04
3.903737275032248826e-04
3.897691170939107273e-04
3.891654431045482978e-04
3.885627040848114609e-04
3.879608985866200626e-04
3.873600251641369464e-04
3.867600823737644294e-04
3.861610687741403995e-04
3.855629829261352252e-04
3.849658233928482322e-04
3.843695887396041252e-04
3.837742775339496814e-04
3.831798883456503349e-04
3.825864197466865451e-04
3.819938703112506521e-04
3.814022386157429737e-04
3.808115232387690409e-04
3.802217227611356942e-04
3.796328357658477234e-04
3.790448608381046685e-04
3.784577965652974590e-04
3.778716415370045648e-04
3.772863943449891776e-04
3.767020535831951990e-04
3.761186178477446927e-04
3.755360857369338732e-04
3.749544558512296361e-04
3.743737267932669018e-04
3.737938971678445499e-04
3.732149655819224916e-04
3.726369306446179297e-04
3.720597909672027559e-04
3.714835451630992143e-04
3.709081918478772995e-04
3.703337296392512326e-04
3.697601571570760461e-04
3.691874730233443312e-04
3.686156758621830397e-04
3.680447642998500683e-04
3.674747369647307356e-04
3.669055924873350165e-04
3.663373295002937484e-04
3.657699466383557032e-04
3.652034425383839013e-04
3.646378158393529553e-04
3.640730651823451667e-04
3.635091892105474904e-04
3.629461865692486071e-04
3.623840559058350203e-04
3.618227958697884002e-04
3.612624051126820052e-04
3.607028822881774301e-04
3.601442260520217866e-04
3.595864350620437463e-04
3.590295079781512092e-04
3.584734434623271303e-04
3.579182401786271334e-04
3.573638967931758257e-04
3.568104119741637072e-04
3.562577843918440269e-04
3.557060127185295299e-04
3.551550956285891509e-04
3.546050317984452489e-04
3.540558199065698135e-04
3.535074586334818617e-04
3.529599466617439150e-04
3.524132826759589633e-04
3.518674653627672667e-04
3.513224934108431568e-04
3.507783655108921640e-04
3.502350803556473851e-04
3.496926366398667185e-04
3.491510330603296119e-04
3.486102683158340807e-04
3.480703411071932383e-04
3.475312501372324232e-04
3.469929941107860547e-04
3.464555717346947056e-04
3.459189817178013075e-04
3.453832227709490907e-04
3.448482936069775188e-04
3.443141929407197944e-04
3.437809194889995530e-04
3.432484719706278809e-04
3.427168491063999544e-04
3.421860496190923294e-04
3.416560722334597970e-04
3.411269156762321850e-04
3.405985786761113227e-04
3.400710599637679502e-04
3.395443582718390084e-04
3.390184723349240611e-04
3.384934008895824757e-04
3.379691426743308756e-04
3.374456964296392372e-04
3.369230608979282876e-04
3.364012348235667941e-04
3.358802169528680949e-04
3.353600060340872257e-04
3.348406008174177758e-04
3.343220000549893402e-04
3.338042025008639956e-04
3.332872069110335363e-04
3.327710120434166545e-04
3.322556166578556343e-04
3.317410195161133151e-04
3.312272193818707614e-04
3.307142150207236300e-04
3.302020052001792432e-04
3.296905886896540406e-04
3.291799642604703265e-04
3.286701306858533971e-04
3.281610867409284499e-04
3.276528312027179282e-04
3.271453628501384847e-04
3.266386804639976205e-04
3.261327828269915173e-04
3.256276687237014589e-04
3.251233369405913376e-04
3.246197862660045647e-04
3.241170154901609800e-04
3.236150234051543041e-04
3.231138088049489944e-04
3.226133704853774800e-04
3.221137072441370721e-04
3.216148178807872533e-04
3.211167011967468589e-04
3.206193559952910405e-04
3.201227810815483396e-04
3.196269752624979221e-04
3.191319373469668681e-04
3.186376661456269735e-04
3.181441604709921481e-04
3.176514191374154336e-04
3.171594409610861850e-04
3.166682247600273057e-04
3.161777693540922664e-04
3.156880735649625564e-04
3.151991362161444318e-04
3.147109561329662587e-04
3.142235321425759114e-04
3.137368630739376823e-04
3.132509477578294629e-04
3.127657850268403044e-04
3.122813737153671112e-04
3.117977126596121465e-04
3.113148006975801599e-04
3.108326366690756224e-04
3.103512194156998532e-04
3.098705477808483093e-04
3.093906206097078748e-04
3.089114367492539880e-04
3.084329950482478226e-04
3.079552943572335224e-04
3.074783335285357624e-04
3.070021114162565503e-04
3.065266268762726243e-04
3.060518787662327967e-04
3.055778659455552979e-04
3.051045872754245777e-04
3.046320416187891914e-04
3.041602278403586555e-04
3.036891448066006828e-04
3.032187913857387431e-04
3.027491664477491361e-04
3.022802688643584971e-04
3.018120975090406535e-04
3.013446512570144018e-04
3.008779289852405803e-04
3.004119295724192503e-04
2.999466518989873649e-04
2.994820948471157334e-04
2.990182573007063105e-04
2.985551381453900284e-04
2.980927362685233811e-04
2.976310505591864188e-04
2.971700799081794411e-04
2.967098232080210454e-04
2.962502793529448201e-04
2.957914472388970678e-04
2.953333257635341489e-04
2.948759138262195003e-04
2.944192103280214123e-04
2.939632141717102103e-04
2.935079242617554354e-04
2.930533395043235676e-04
2.925994588072750990e-04
2.921462810801620934e-04
2.916938052342254225e-04
2.912420301823922717e-04
2.907909548392735924e-04
2.903405781211612288e-04
2.898908989460254244e-04
2.894419162335125448e-04
2.889936289049417715e-04
2.885460358833034748e-04
2.880991360932556367e-04
2.876529284611220073e-04
2.872074119148892318e-04
2.867625853842039772e-04
2.863184478003710895e-04
2.858749980963503951e-04
2.854322352067543696e-04
2.849901580678454818e-04
2.845487656175339710e-04
2.841080567953747568e-04
2.836680305425653254e-04
2.832286858019430185e-04
2.827900215179824858e-04
2.823520366367931371e-04
2.819147301061167570e-04
2.814781008753247942e-04
2.810421478954158139e-04
2.806068701190134380e-04
2.801722665003629291e-04
2.797383359953295109e-04
2.793050775613956571e-04
2.788724901576582183e-04
2.784405727448265250e-04
2.780093242852192973e-04
2.775787437427624767e-04
2.771488300829867864e-04
2.767195822730249668e-04
2.762909992816095527e-04
2.758630800790702717e-04
2.754358236373317123e-04
2.750092289299106143e-04
2.745832949319134829e-04
2.741580206200344206e-04
2.737334049725522541e-04
2.733094469693281487e-04
2.728861455918035490e-04
2.724634998229971965e-04
2.720415086475029619e-04
2.716201710514875678e-04
2.711994860226876617e-04
2.707794525504079184e-04
2.703600696255183838e-04
2.699413362404517644e-04
2.695232513892016927e-04
2.691058140673195827e-04
2.686890232719126785e-04
2.682728780016413440e-04
2.678573772567170567e-04
2.674425200388996977e-04
2.670283053514950575e-04
2.666147321993527766e-04
2.662017995888638511e-04
2.657895065279578689e-04
2.653778520261012739e-04
2.649668350942944398e-04
2.645564547450694466e-04
2.641467099924879667e-04
2.637375998521387715e-04
2.633291233411348578e-04
2.629212794781118760e-04
2.625140672832252569e-04
2.621074857781481517e-04
2.617015339860689384e-04
2.612962109316885654e-04
2.608915156412189252e-04
2.604874471423799273e-04
2.600840044643973293e-04
2.596811866380006233e-04
2.592789926954200538e-04
2.588774216703852086e-04
2.584764725981220914e-04
2.580761445153509533e-04
2.576764364602837447e-04
2.572773474726224355e-04
2.568788765935559786e-04
2.564810228657583586e-04
2.560837853333865861e-04
2.556871630420776620e-04
2.552911550389469508e-04
2.548957603725856332e-04
2.545009780930583207e-04
2.541068072519008869e-04
2.537132469021183539e-04
2.533202960981823437e-04
2.529279538960288020e-04
2.525362193530560464e-04
2.521450915281220556e-04
2.517545694815426270e-04
2.513646522750890449e-04
2.509753389719853703e-04
2.505866286369069231e-04
2.501985203359774089e-04
2.498110131367670215e-04
2.494241061082899495e-04
2.490377983210024246e-04
2.486520888468004989e-04
2.482669767590173346e-04
2.478824611324215231e-04
2.474985410432147003e-04
2.471152155690290527e-04
2.467324837889255822e-04
2.463503447833915593e-04
2.459687976343383534e-04
2.455878414250991571e-04
2.452074752404271424e-04
2.448276981664929131e-04
2.444485092908822276e-04
2.440699077025944004e-04
2.436918924920392386e-04
2.433144627510356868e-04
2.429376175728090626e-04
2.425613560519891590e-04
2.421856772846080761e-04
2.418105803680978630e-04
2.414360644012885390e-04
2.410621284844057899e-04
2.406887717190689890e-04
2.403159932082887308e-04
2.399437920564650962e-04
2.395721673693851047e-04
2.392011182542207355e-04
2.388306438195269220e-04
2.384607431752391123e-04
2.380914154326713443e-04
2.377226597045140511e-04
2.373544751048319728e-04
2.369868607490619350e-04
2.366198157540106795e-04
2.362533392378529944e-04
2.358874303201294645e-04
2.355220881217441403e-04
2.351573117649627485e-04
2.347931003734104159e-04
2.344294530720696362e-04
2.340663689872780472e-04
2.337038472467265068e-04
2.333418869794567886e-04
2.329804873158598203e-04
2.326196473876731088e-04
2.322593663279790596e-04
2.318996432712028082e-04
2.315404773531099978e-04
2.311818677108048818e-04
2.308238134827280742e-04
2.304663138086546518e-04
2.301093678296919323e-04
2.297529746882775222e-04
2.293971335281772570e-04
2.290418434944830326e-04
2.286871037336109355e-04
2.283329133932989385e-04
2.279792716226050847e-04
2.276261775719053463e-04
2.272736303928915645e-04
2.269216292385694438e-04
2.265701732632566278e-04
2.262192616225803946e-04
2.258688934734758144e-04
2.255190679741837431e-04
2.251697842842487359e-04
2.248210415645170406e-04
2.244728389771346200e-04
2.241251756855450368e-04
2.237780508544875838e-04
2.234314636499950613e-04
2.230854132393921777e-04
2.227398987912930560e-04
2.223949194755995532e-04
2.220504744634991460e-04
2.217065629274630881e-04
2.213631840412441328e-04
2.210203369798748800e-04
2.206780209196655533e-04
2.203362350382021028e-04
2.199949785143442808e-04
2.196542505282235544e-04
2.193140502612413438e-04
2.189743768960667185e-04
2.186352296166347707e-04
2.182966076081444473e-04
2.179585100570566791e-04
2.176209361510924299e-04
2.172838850792306630e-04
2.169473560317064986e-04
2.166113482000092075e-04
2.162758607768803143e-04
2.159408929563115098e-04
2.156064439335429706e-04
2.152725129050611641e-04
2.149390990685971672e-04
2.146062016231244985e-04
2.142738197688573020e-04
2.139419527072485580e-04
2.136105996409879424e-04
2.132797597740000099e-04
2.129494323114422159e-04
2.126196164597031273e-04
2.122903114264005795e-04
2.119615164203793995e-04
2.116332306517099149e-04
2.113054533316858943e-04
2.109781836728225957e-04
2.106514208888549773e-04
2.103251641947357189e-04
2.099994128066334602e-04
2.096741659419307409e-04
2.093494228192222656e-04
2.090251826583130069e-04
2.087014446802161992e-04
2.083782081071517398e-04
2.080554721625439663e-04
2.077332360710201114e-04
2.074114990584082158e-04
2.070902603517354751e-04
2.067695191792261254e-04
2.064492747702997898e-04
2.061295263555695811e-04
2.058102731668402048e-04
2.054915144371062237e-04
2.051732494005500257e-04
2.048554772925401969e-04
2.045381973496294623e-04
2.042214088095530586e-04
2.039051109112268378e-04
2.035893028947453691e-04
2.032739840013802048e-04
2.029591534735779280e-04
2.026448105549585269e-04
2.023309544903133890e-04
2.020175845256036472e-04
2.017046999079582018e-04
2.013922998856720664e-04
2.010803837082044440e-04
2.007689506261770191e-04
2.004579998913721419e-04
2.001475307567308491e-04
1.998375424763514281e-04
1.995280343054872479e-04
1.992190055005452415e-04
1.989104553190839818e-04
1.986023830198118648e-04
1.982947878625855652e-04
1.979876691084079762e-04
1.976810260194265291e-04
1.973748578589315397e-04
1.970691638913542299e-04
1.967639433822651824e-04
1.964591955983723080e-04
1.961549198075193548e-04
1.958511152786840653e-04
1.955477812819762784e-04
1.952449170886363581e-04
1.949425219710333767e-04
1.946405952026632994e-04
1.943391360581473576e-04
1.940381438132302602e-04
1.937376177447782961e-04
1.934375571307779789e-04
1.931379612503339330e-04
1.928388293836672939e-04
1.925401608121140283e-04
1.922419548181231446e-04
1.919442106852550399e-04
1.916469276981797108e-04
1.913501051426750731e-04
1.910537423056251185e-04
1.907578384750184509e-04
1.904623929399463893e-04
1.901674049906013140e-04
1.898728739182749595e-04
1.895787990153566249e-04
1.892851795753316567e-04
1.889920148927796593e-04
1.886993042633726793e-04
1.884070469838737419e-04
1.881152423521349531e-04
1.878238896670959281e-04
1.875329882287821918e-04
1.872425373383032545e-04
1.869525362978510937e-04
1.866629844106985014e-04
1.863738809811972671e-04
1.860852253147767964e-04
1.857970167179419959e-04
1.855092544982720273e-04
1.852219379644184092e-04
1.849350664261033641e-04
1.846486391941183820e-04
1.843626555803222413e-04
1.840771148976395183e-04
1.837920164600590964e-04
1.835073595826321332e-04
1.832231435814708135e-04
1.829393677737463982e-04
1.826560314776877871e-04
1.823731340125797845e-04
1.820906746987615004e-04
1.818086528576246690e-04
1.815270678116120506e-04
1.812459188842159400e-04
1.809652053999761883e-04
1.806849266844789287e-04
1.804050820643547876e-04
1.801256708672773128e-04
1.798466924219614010e-04
1.795681460581615091e-04
1.792900311066703261e-04
1.790123468993168483e-04
1.787350927689651601e-04
1.784582680495122922e-04
1.781818720758872191e-04
1.779059041840488258e-04
1.776303637109845259e-04
1.773552499947085809e-04
1.770805623742605008e-04
1.768063001897035808e-04
1.765324627821230848e-04
1.762590494936249722e-04
1.759860596673339724e-04
1.757134926473923932e-04
1.754413477789581143e-04
1.751696244082034221e-04
1.748983218823131126e-04
1.746274395494830812e-04
1.743569767589188597e-04
1.740869328608337459e-04
1.738173072064475835e-04
1.735480991479848925e-04
1.732793080386736760e-04
1.730109332327434959e-04
1.727429740854241180e-04
1.724754299529438850e-04
1.722083001925283350e-04
1.719415841623983575e-04
1.716752812217690286e-04
1.714093907308477673e-04
1.711439120508328180e-04
1.708788445439120035e-04
1.706141875732608277e-04
1.703499405030411474e-04
1.700861026983996273e-04
1.698226735254662221e-04
1.695596523513524692e-04
1.692970385441503497e-04
1.690348314729303917e-04
1.687730305077402872e-04
1.685116350196035648e-04
1.682506443805176916e-04
1.679900579634529623e-04
1.677298751423507103e-04
1.674700952921219792e-04
1.672107177886458698e-04
1.669517420087682116e-04
1.666931673302999098e-04
1.664349931320154811e-04
1.661772187936517260e-04
1.659198436959059668e-04
1.656628672204348007e-04
1.654062887498524467e-04
1.651501076677294711e-04
1.648943233585909449e-04
1.646389352079153051e-04
1.643839426021327286e-04
1.641293449286237765e-04
1.638751415757177415e-04
1.636213319326913188e-04
1.633679153897670076e-04
1.631148913381118368e-04
1.628622591698357391e-04
1.626100182779901952e-04
1.623581680565666077e-04
1.621067079004951360e-04
1.618556372056429338e-04
1.616049553688129027e-04
1.613546617877421202e-04
1.611047558611005380e-04
1.608552369884893565e-04
1.606061045704397505e-04
1.603573580084112428e-04
1.601089967047904575e-04
1.598610200628896292e-04
1.596134274869451123e-04
1.593662183821158900e-04
1.591193921544823819e-04
1.588729482110447634e-04
1.586268859597216919e-04
1.583812048093488428e-04
1.581359041696774460e-04
1.578909834513729852e-04
1.576464420660135437e-04
1.574022794260888296e-04
1.571584949449982504e-04
1.569150880370497752e-04
1.566720581174585252e-04
1.564294046023454181e-04
1.561871269087355149e-04
1.559452244545568816e-04
1.557036966586391254e-04
1.554625429407119580e-04
1.552217627214037864e-04
1.549813554222402763e-04
1.547413204656431320e-04
1.545016572749286334e-04
1.542623652743061445e-04
1.540234438888768941e-04
1.537848925446323766e-04
1.535467106684533219e-04
1.533088976881079063e-04
1.530714530322506959e-04
1.528343761304211282e-04
1.525976664130421028e-04
1.523613233114188160e-04
1.521253462577370802e-04
1.518897346850623211e-04
1.516544880273379512e-04
1.514196057193840147e-04
1.511850871968960491e-04
1.509509318964434858e-04
1.507171392554684580e-04
1.504837087122842820e-04
1.502506397060743466e-04
1.500179316768905679e-04
1.497855840656521151e-04
1.495535963141440827e-04
1.493219678650160539e-04
1.490906981617809890e-04
1.488597866488134910e-04
1.486292327713489923e-04
1.483990359754819386e-04
1.481691957081647591e-04
1.479397114172063756e-04
1.477105825512710097e-04
1.474818085598768281e-04
1.472533888933944511e-04
1.470253230030458690e-04
1.467976103409029509e-04
1.465702503598862794e-04
1.463432425137636600e-04
1.461165862571489821e-04
1.458902810455007832e-04
1.456643263351209742e-04
1.454387215831535931e-04
1.452134662475834496e-04
1.449885597872347428e-04
1.447640016617699496e-04
1.445397913316883885e-04
1.443159282583249183e-04
1.440924119038486915e-04
1.438692417312618802e-04
1.436464172043983749e-04
1.434239377879224298e-04
1.432018029473274424e-04
1.429800121489346800e-04
1.427585648598919243e-04
1.425374605481722517e-04
1.423166986825727864e-04
1.420962787327133725e-04
1.418762001690351913e-04
1.416564624627997856e-04
1.414370650860874608e-04
1.412180075117962003e-04
1.409992892136404188e-04
1.407809096661496345e-04
1.405628683446671402e-04
1.403451647253488115e-04
1.401277982851619678e-04
1.399107685018839361e-04
1.396940748541008039e-04
1.394777168212062808e-04
1.392616938834004519e-04
1.390460055216883413e-04
1.388306512178789356e-04
1.386156304545836399e-04
1.384009427152152472e-04
1.381865874839866915e-04
1.379725642459097472e-04
1.377588724867937549e-04
1.375455116932444287e-04
1.373324813526626909e-04
1.371197809532433436e-04
1.369074099839738491e-04
1.366953679346331646e-04
1.364836542957904679e-04
1.362722685588039107e-04
1.360612102158194261e-04
1.358504787597695628e-04
1.356400736843722116e-04
1.354299944841293310e-04
1.352202406543258361e-04
1.350108116910284063e-04
1.348017070910840479e-04
1.345929263521192004e-04
1.343844689725382999e-04
1.341763344515227213e-04
1.339685222890294239e-04
1.337610319857899480e-04
1.335538630433089785e-04
1.333470149638632605e-04
1.331404872505005427e-04
1.329342794070381944e-04
1.327283909380620134e-04
1.325228213489251686e-04
1.323175701457468989e-04
1.321126368354113212e-04
1.319080209255664264e-04
1.317037219246226169e-04
1.314997393417517571e-04
1.312960726868858457e-04
1.310927214707159854e-04
1.308896852046910009e-04
1.306869634010164626e-04
1.304845555726534675e-04
1.302824612333173377e-04
1.300806798974765905e-04
1.298792110803518272e-04
1.296780542979143237e-04
1.294772090668850815e-04
1.292766749047337166e-04
1.290764513296769689e-04
1.288765378606779430e-04
1.286769340174446987e-04
1.284776393204292212e-04
1.282786532908260658e-04
1.280799754505715989e-04
1.278816053223423988e-04
1.276835424295544698e-04
1.274857862963619409e-04
1.272883364476557649e-04
1.270911924090629053e-04
1.268943537069450081e-04
1.266978198683972633e-04
1.265015904212472397e-04
1.263056648940539628e-04
1.261100428161065058e-04
1.259147237174229324e-04
1.257197071287493207e-04
1.255249925815585439e-04
1.253305796080490505e-04
1.251364677411438339e-04
1.249426565144893218e-04
1.247491454624542100e-04
1.245559341201283785e-04
1.243630220233217802e-04
1.241704087085631670e-04
1.239780937130993850e-04
1.237860765748936939e-04
1.235943568326251438e-04
1.234029340256872196e-04
1.232118076941868387e-04
1.230209773789431033e-04
1.228304426214863799e-04
1.226402029640571328e-04
1.224502579496046777e-04
1.222606071217862875e-04
1.220712500249661076e-04
1.218821862042137873e-04
1.216934152053037344e-04
1.215049365747137601e-04
1.213167498596241572e-04
1.211288546079164940e-04
1.209412503681725574e-04
1.207539366896734036e-04
1.205669131223980446e-04
1.203801792170225117e-04
1.201937345249188405e-04
1.200075785981537550e-04
1.198217109894878283e-04
1.196361312523743165e-04
1.194508389409580477e-04
1.192658336100744192e-04
1.190811148152482721e-04
1.188966821126929431e-04
1.187125350593089637e-04
1.185286732126831919e-04
1.183450961310877561e-04
1.181618033734788619e-04
1.179787944994958166e-04
1.177960690694599582e-04
1.176136266443736394e-04
1.174314667859190753e-04
1.172495890564573680e-04
1.170679930190274352e-04
1.168866782373449676e-04
1.167056442758013983e-04
1.165248906994627510e-04
1.163444170740687318e-04
1.161642229660316049e-04
1.159843079424352432e-04
1.158046715710339225e-04
1.156253134202514136e-04
1.154462330591799385e-04
1.152674300575791134e-04
1.150889039858748509e-04
1.149106544151584522e-04
1.147326809171854683e-04
1.145549830643747652e-04
1.143775604298073582e-04
1.142004125872255718e-04
1.140235391110318064e-04
1.138469395762877926e-04
1.136706135587132229e-04
1.134945606346850601e-04
1.133187803812362772e-04
1.131432723760550032e-04
1.129680361974833854e-04
1.127930714245166670e-04
1.126183776368021305e-04
1.124439544146381491e-04
1.122698013389730612e-04
1.120959179914042634e-04
1.119223039541771659e-04
1.117489588101842039e-04
1.115758821429638480e-04
1.114030735366995200e-04
1.112305325762187255e-04
1.110582588469919563e-04
1.108862519351317414e-04
1.107145114273916310e-04
1.105430369111651934e-04
1.103718279744850798e-04
1.102008842060219672e-04
1.100302051950835828e-04
1.098597905316138094e-04
1.096896398061914793e-04
1.095197526100297371e-04
1.093501285349746712e-04
1.091807671735046362e-04
1.090116681187291005e-04
1.088428309643877252e-04
1.086742553048494016e-04
1.085059407351112891e-04
1.083378868507977580e-04
1.081700932481595223e-04
1.080025595240725824e-04
1.078352852760373307e-04
1.076682701021775083e-04
1.075015136012393642e-04
1.073350153725905311e-04
1.071687750162191575e-04
1.070027921327329322e-04
1.068370663233581626e-04
1.066715971899386770e-04
1.065063843349522234e-04
1.063414273614665586e-04
1.061767258731641689e-04
1.060122794743497370e-04
1.058480877699408449e-04
1.056841503654671341e-04
1.055204668670691126e-04
1.053570368814973554e-04
1.051938600161114203e-04
1.050309358788790618e-04
1.048682640783751743e-04
1.047058442237809242e-04
1.045436759248827475e-04
1.043817587920714687e-04
1.042200924363412842e-04
1.040586764692889632e-04
1.038975105031127627e-04
1.037365941506116152e-04
1.035759270251841117e-04
1.034155087408276480e-04
1.032553389121374085e-04
1.030954171543055527e-04
1.029357430831201990e-04
1.027763163149645166e-04
1.026171364668158583e-04
1.024582031562447842e-04
1.022995160014141544e-04
1.021410746210782205e-04
1.019828786345817041e-04
1.018249276618588890e-04
1.016672213234327533e-04
1.015097592404138861e-04
1.013525410344998361e-04
1.011955663279739601e-04
1.010388347437046909e-04
1.008823459051445348e-04
1.007260994363292039e-04
1.005700949618767081e-04
1.004143321069863931e-04
1.002588104974381811e-04
1.001035297595915548e-04
9.994848952038464906e-05
9.979368940733345135e-05
9.963912904853082606e-05
9.948480807264563353e-05
9.933072610892188978e-05
9.917688278717781789e-05
9.902327773780496701e-05
9.886991059176733151e-05
9.871678098060052424e-05
9.856388853641074655e-05
9.841123289187405645e-05
9.825881368023540638e-05
9.810663053530778942e-05
9.795468309147133124e-05
9.780297098367240918e-05
9.765149384742286627e-05
9.750025131879900826e-05
9.734924303444076341e-05
9.719846863155089643e-05
9.704792774789404626e-05
9.689762002179583159e-05
9.674754509214213258e-05
9.659770259837802023e-05
9.644809218050706516e-05
9.629871347909037542e-05
9.614956613524574267e-05
9.600064979064680190e-05
9.585196408752220476e-05
9.570350866865464377e-05
9.555528317738013399e-05
9.540728725758706444e-05
9.525952055371537128e-05
9.511198271075567054e-05
9.496467337424841784e-05
9.481759219028309518e-05
9.467073880549728947e-05
9.452411286707585218e-05
9.437771402275011334e-05
9.423154192079697354e-05
9.408559621003809072e-05
9.393987653983903996e-05
9.379438256010844610e-05
9.364911392129714348e-05
9.350407027439736280e-05
9.335925127094186376e-05
9.321465656300313544e-05
9.307028580319251542e-05
9.292613864465939014e-05
9.278221474109034112e-05
9.263851374670830469e-05
9.249503531627178597e-05
9.235177910507397789e-05
9.220874476894198879e-05
9.206593196423590720e-05
9.192334034784815141e-05
9.178096957720245294e-05
9.163881931025319254e-05
9.149688920548443793e-05
9.135517892190927970e-05
9.121368811906888270e-05
9.107241645703172703e-05
9.093136359639275427e-05
9.079052919827259498e-05
9.064991292431676909e-05
9.050951443669476434e-05
9.036933339809935864e-05
9.022936947174572562e-05
9.008962232137066213e-05
8.995009161123178863e-05
8.981077700610668184e-05
8.967167817129210225e-05
8.953279477260328936e-05
8.939412647637293174e-05
8.925567294945062488e-05
8.911743385920186831e-05
8.897940887350736091e-05
8.884159766076224192e-05
8.870399988987515583e-05
8.856661523026761542e-05
8.842944335187309375e-05
8.829248392513625162e-05
8.815573662101220580e-05
8.801920111096568872e-05
8.788287706697027598e-05
8.774676416150753260e-05
8.761086206756634885e-05
8.747517045864207298e-05
8.733968900873572512e-05
8.720441739235325188e-05
8.706935528450471327e-05
8.693450236070353722e-05
8.679985829696565229e-05
8.666542276980886421e-05
8.653119545625190723e-05
8.639717603381380712e-05
8.626336418051300031e-05
8.612975957486664264e-05
8.599636189588979627e-05
8.586317082309464360e-05
8.573018603648974189e-05
8.559740721657930498e-05
8.546483404436228169e-05
8.533246620133178668e-05
8.520030336947417881e-05
8.506834523126839708e-05
8.493659146968510687e-05
8.480504176818602223e-05
8.467369581072310637e-05
8.454255328173782621e-05
8.441161386616035278e-05
8.428087724940887010e-05
8.415034311738877552e-05
8.402001115649194790e-05
8.388988105359594801e-05
8.375995249606330028e-05
8.363022517174081513e-05
8.350069876895869451e-05
8.337137297652985428e-05
8.324224748374920596e-05
8.311332198039289771e-05
8.298459615671747417e-05
8.285606970345928005e-05
8.272774231183364706e-05
8.259961367353412139e-05
8.247168348073174538e-05
8.234395142607436641e-05
8.221641720268585082e-05
8.208908050416531142e-05
8.196194102458645697e-05
8.183499845849681966e-05
8.170825250091699624e-05
8.158170284733991609e-05
8.145534919373015011e-05
8.132919123652317887e-05
8.120322867262460653e-05
8.107746119940951036e-05
8.095188851472164113e-05
8.082651031687271834e-05
8.070132630464175267e-05
8.057633617727428697e-05
8.045153963448161024e-05
8.032693637644016131e-05
8.020252610379074282e-05
8.007830851763776225e-05
7.995428331954860851e-05
7.983045021155282524e-05
7.970680889614150093e-05
7.958335907626646938e-05
7.946010045533965908e-05
7.933703273723234791e-05
7.921415562627445836e-05
7.909146882725382572e-05
7.896897204541554753e-05
7.884666498646122467e-05
7.872454735654820239e-05
7.860261886228904179e-05
7.848087921075061176e-05
7.835932810945353338e-05
7.823796526637139383e-05
7.811679038993006878e-05
7.799580318900701766e-05
7.787500337293060603e-05
7.775439065147938731e-05
7.763396473488139800e-05
7.751372533381350723e-05
7.739367215940063066e-05
7.727380492321513420e-05
7.715412333727610214e-05
7.703462711404863246e-05
7.691531596644315917e-05
7.679618960781474759e-05
7.667724775196243028e-05
7.655849011312850232e-05
7.643991640599783009e-05
7.632152634569721434e-05
7.620331964779465835e-05
7.608529602829863607e-05
7.596745520365752295e-05
7.584979689075886406e-05
7.573232080692864228e-05
7.561502666993070911e-05
7.549791419796597148e-05
7.538098310967182255e-05
7.526423312412145058e-05
7.514766396082307991e-05
7.503127533971944250e-05
7.491506698118696468e-05
7.479903860603517092e-05
7.468318993550600619e-05
7.456752069127313117e-05
7.445203059544128535e-05
7.433671937054565004e-05
7.422158673955106230e-05
7.410663242585151353e-05
7.399185615326936340e-05
7.387725764605474355e-05
7.376283662888479865e-05
7.364859282686315783e-05
7.353452596551920289e-05
7.342063577080739061e-05
7.330692196910662940e-05
7.319338428721961518e-05
7.308002245237218085e-05
7.296683619221261874e-05
7.285382523481098932e-05
7.274098930865864697e-05
7.262832814266733186e-05
7.251584146616870926e-05
7.240352900891366473e-05
7.229139050107159944e-05
7.217942567322983382e-05
7.206763425639298420e-05
7.195601598198228511e-05
7.184457058183491170e-05
7.173329778820339698e-05
7.162219733375496775e-05
7.151126895157086693e-05
7.140051237514575730e-05
7.128992733838709808e-05
7.117951357561438594e-05
7.106927082155869426e-05
7.095919881136187354e-05
7.084929728057604991e-05
7.073956596516286621e-05
7.063000460149298056e-05
7.052061292634528031e-05
7.041139067690636703e-05
7.030233759076989243e-05
7.019345340593589433e-05
7.008473786081026804e-05
6.997619069420396684e-05
6.986781164533254114e-05
6.975960045381543375e-05
6.965155685967532940e-05
6.954368060333761259e-05
6.943597142562964934e-05
6.932842906778024508e-05
6.922105327141900766e-05
6.911384377857566976e-05
6.900680033167951965e-05
6.889992267355876427e-05
6.879321054743991928e-05
6.868666369694722640e-05
6.858028186610197572e-05
6.847406479932189585e-05
6.836801224142058473e-05
6.826212393760685909e-05
6.815639963348417169e-05
6.805083907504997438e-05
6.794544200869513531e-05
6.784020818120327487e-05
6.773513733975023712e-05
6.763022923190341220e-05
6.752548360562116712e-05
6.742090020925222229e-05
6.731647879153509594e-05
6.721221910159738580e-05
6.710812088895528119e-05
6.700418390351295318e-05
6.690040789556184989e-05
6.679679261578024918e-05
6.669333781523248622e-05
6.659004324536853335e-05
6.648690865802326820e-05
6.638393380541593165e-05
6.628111844014954505e-05
6.617846231521028676e-05
6.607596518396690948e-05
6.597362680017013030e-05
6.587144691795207509e-05
6.576942529182569573e-05
6.566756167668410605e-05
6.556585582780008036e-05
6.546430750082538942e-05
6.536291645179027182e-05
6.526168243710285131e-05
6.516060521354845910e-05
6.505968453828920022e-05
6.495892016886318100e-05
6.485831186318417028e-05
6.475785937954074559e-05
6.465756247659592724e-05
6.455742091338650067e-05
6.445743444932244728e-05
6.435760284418638873e-05
6.425792585813297714e-05
6.415840325168832581e-05
6.405903478574948072e-05
6.395982022158377002e-05
6.386075932082831608e-05
6.376185184548939858e-05
6.366309755794188527e-05
6.365085990639350263e-05
