0.000000000000000000e+00
1.525447383835622228e-03
3.049255259375011767e-03
6.093594195730466477e-03
9.131384350122706203e-03
1.216263542335621964e-02
4.211759748702044448e-02
7.142946875011380037e-02
1.001081227988982469e-01
1.281635707662131807e-01
2.120159753382483137e-01
2.901787105624608065e-01
3.629610596703701786e-01
4.306667349035160908e-01
4.935912961604342897e-01
5.765377782953898800e-01
6.509344388646713941e-01
7.175399423618298300e-01
7.770569086908306611e-01
8.301326305388242455e-01
8.400279822063538848e-01
8.496941050480657509e-01
8.505660756498475417e-01
8.514361726579238177e-01
8.523043994082860619e-01
8.540352543417338849e-01
8.557586683102527125e-01
8.561023124650195548e-01
8.564456608522039716e-01
8.571317648991231275e-01
8.571630007241339833e-01
8.571942341289384704e-01
8.572566959439282819e-01
8.572661243769658101e-01
8.572754536695619265e-01
8.572753884283695891e-01
8.572753231871829138e-01
8.572752579460019007e-01
8.572751927048254394e-01
8.572751274636527530e-01
8.572749969813249216e-01
8.572748664990195167e-01
8.572747360167369823e-01
8.572734311951593078e-01
8.572721263758515953e-01
8.572708215588137337e-01
8.572577735132728138e-01
8.572447256947093308e-01
8.572316781031186217e-01
8.572186307384973558e-01
8.570881695746924711e-01
8.569577311033578226e-01
8.568273153204628567e-01
8.566969222219786850e-01
8.553942379937904406e-01
8.540938177797730013e-01
8.527956575624628943e-01
8.514997533315460387e-01
8.502061010838455335e-01
8.422172398875276134e-01
8.343142374068743816e-01
8.264961512986054304e-01
8.187620495944777366e-01
8.111110105856955688e-01
8.035421227099074359e-01
7.960544844395518460e-01
7.886472041713427084e-01
7.813194001169713188e-01
7.740702001950137134e-01
7.668987419240275161e-01
7.598041723168258432e-01
7.527856477759169440e-01
7.458423339900933646e-01
7.389734058321627552e-01
7.321780472578031107e-01
7.254554512055320092e-01
7.188048194977789684e-01
7.122253627423603684e-01
7.057163002361115378e-01
6.992768598720094930e-01
6.929062780406251010e-01
6.866037995377344272e-01
6.803686774719190922e-01
6.742001731730182801e-01
6.680975561015874975e-01
6.620601037593552007e-01
6.560871016006659673e-01
6.501778431596986207e-01
6.443316294227523500e-01
6.385477690699388198e-01
6.328255785000499456e-01
6.271643816360419343e-01
6.215635098422380711e-01
6.160223018423942598e-01
6.105401036386478575e-01
6.051162684313619033e-01
5.997501565398518641e-01
5.944411353239857920e-01
5.891885791066471256e-01
5.839918690970529180e-01
5.788503933149148351e-01
5.737635465154374836e-01
5.687307301151407479e-01
5.637513521185002485e-01
5.588248270453961553e-01
5.539505758593594731e-01
5.491280258966101391e-01
5.443566107958766054e-01
5.396357704289866941e-01
5.349649508322251723e-01
5.303436041384457234e-01
5.257711885099315419e-01
5.212471680719945599e-01
5.167710128473068654e-01
5.123421986909548753e-01
5.079602068682556038e-01
5.036245251521327404e-01
4.993346464708372512e-01
4.950900693332902502e-01
4.908902978072349765e-01
4.867348415668369954e-01
4.826232154572563937e-01
4.785549396623377527e-01
4.745295397218675104e-01
4.705465460726054872e-01
4.666054950416066438e-01
4.627059276222362794e-01
4.588473898591616251e-01
4.550294328285755530e-01
4.512516125463735261e-01
4.475134899138759614e-01
4.438146306640120553e-01
4.401546053081099030e-01
4.365329890832745363e-01
4.329493619003464966e-01
4.294033082924316735e-01
4.258944173640003550e-01
4.224222827405444969e-01
4.189865025187914371e-01
4.155866792190551218e-01
4.122224197319933614e-01
4.088933352740006244e-01
4.055990413402119632e-01
4.023391576557584504e-01
3.991133081295366591e-01
3.959211208081879763e-01
3.927622278305328285e-01
3.896362653825068412e-01
3.865428736525931552e-01
3.834816967877457405e-01
3.804523828497978766e-01
3.774545837723511377e-01
3.744879553181383880e-01
3.715521570368575666e-01
3.686468522234688239e-01
3.657717078769515684e-01
3.629263946595153723e-01
3.601105868562602952e-01
3.573239623352815197e-01
3.545662025082138014e-01
3.518369922912089609e-01
3.491360200663453650e-01
3.464629776434605124e-01
3.438175602224048388e-01
3.411994663557117446e-01
3.386083979116771836e-01
3.360440600378478693e-01
3.335061611249097169e-01
3.309944127709755768e-01
3.285085297462652654e-01
3.260482299581748955e-01
3.236132344167311770e-01
3.212032672004258571e-01
3.188180554224264718e-01
3.164573291971594649e-01
3.141208216072612358e-01
3.118082686708929518e-01
3.095194093094157384e-01
3.072539853154216960e-01
3.050117413211168027e-01
3.027924247670524815e-01
3.005957858712010600e-01
2.984215775983722341e-01
2.962695556299661526e-01
2.941394783340596231e-01
2.920311067358217216e-01
2.899442044882556413e-01
2.878785378432621167e-01
2.858338756230222044e-01
2.838099891916945339e-01
2.818066524274250861e-01
2.798236416946645599e-01
2.778607358167909380e-01
2.759177160490337011e-01
2.739943660516958590e-01
2.720904718636710795e-01
2.702058218762526387e-01
2.683402068072308078e-01
2.664934196752751783e-01
2.646652557745996504e-01
2.628555126499056982e-01
2.610639900716026363e-01
2.592904900112998345e-01
2.575348166175694953e-01
2.557967761919758831e-01
2.540761771653689549e-01
2.523728300744388364e-01
2.506865475385287034e-01
2.490171442367027643e-01
2.473644368850670960e-01
2.457282442143400858e-01
2.441083869476698975e-01
2.425046877786964927e-01
2.409169713498546250e-01
2.393450642309167264e-01
2.377887948977713828e-01
2.362479937114356776e-01
2.347224928972989344e-01
2.332121265245948316e-01
2.317167304860996424e-01
2.302361424780540733e-01
2.287702019803063425e-01
2.273187502366736945e-01
2.258816302355205197e-01
2.244586866905501632e-01
2.230497660218082046e-01
2.216547163368952633e-01
2.202733874123865010e-01
2.189056306754557646e-01
2.175512991857021516e-01
2.162102476171765542e-01
2.148823322406067382e-01
2.135674109058172676e-01
2.122653430243438555e-01
2.109759895522387851e-01
2.096992129730657628e-01
2.084348772810821204e-01
2.071828479646061760e-01
2.059429919895676697e-01
2.047151777832399155e-01
2.034992752181500886e-01
2.022951555961678416e-01
2.011026916327683101e-01
1.999217574414689502e-01
1.987522285184374904e-01
1.975939817272694965e-01
1.964468952839336646e-01
1.953108487418827588e-01
1.941857229773286675e-01
1.930714001746794972e-01
1.919677638121372321e-01
1.908746986474538221e-01
1.897920907038442295e-01
1.887198272560546841e-01
1.876577968165841770e-01
1.866058891220579996e-01
1.855639951197509685e-01
1.845320069542594754e-01
1.835098179543200869e-01
1.824973226197731946e-01
1.814944166086707167e-01
1.805009967245251312e-01
1.795169609036994796e-01
1.785422082029360369e-01
1.775766387870222895e-01
1.766201539165928036e-01
1.756726559360654027e-01
1.747340482617102952e-01
1.738042353698505127e-01
1.728831227851923280e-01
1.719706170692841263e-01
1.710666258091025904e-01
1.701710576057642310e-01
1.692838220633616220e-01
1.684048297779222325e-01
1.675339923264893560e-01
1.666712222563224988e-01
1.658164330742176173e-01
1.649695392359442070e-01
1.641304561357993241e-01
1.632991000962760730e-01
1.624753883578463620e-01
1.616592390688560976e-01
1.608505712755311789e-01
1.600493049120943756e-01
1.592553607909902857e-01
1.584686605932184855e-01
1.576891268587727879e-01
1.569166829771859173e-01
1.561512531781785174e-01
1.553927625224107434e-01
1.546411368923360508e-01
1.538963029831554863e-01
1.531581882938717887e-01
1.524267211184417437e-01
1.517018305370263775e-01
1.509834464073371574e-01
1.502714993560775592e-01
1.495659207704790605e-01
1.488666427899301703e-01
1.481735982976977450e-01
1.474867209127393719e-01
1.468059449816061235e-01
1.461312055704342416e-01
1.454624384570251672e-01
1.447995801230128055e-01
1.441425677461168897e-01
1.434913391924818038e-01
1.428458330090999207e-01
1.422059884163178189e-01
1.415717453004258775e-01
1.409430442063285827e-01
1.403198263302962712e-01
1.397020335127963087e-01
1.390896082314032611e-01
1.384824935937873369e-01
1.378806333307797949e-01
1.372839717895148470e-01
1.366924539266471672e-01
1.361060253016439237e-01
1.355246320701506968e-01
1.349482209774307273e-01
1.343767393518759956e-01
1.338101350985901328e-01
1.332483566930417473e-01
1.326913531747877795e-01
1.321390741412659386e-01
1.315914697416555312e-01
1.310484906708057617e-01
1.305100881632312304e-01
1.299762139871730171e-01
1.294468204387257959e-01
1.289218603360291482e-01
1.284012870135229356e-01
1.278850543162662889e-01
1.273731165943185195e-01
1.268654286971825362e-01
1.263619459683090751e-01
1.258626242396616857e-01
1.253674198263411976e-01
1.248762895212698759e-01
1.243891905899338068e-01
1.239060807651832241e-01
1.234269182420900945e-01
1.229516616728624778e-01
1.224802701618146611e-01
1.220127032603928463e-01
1.215489209622556271e-01
1.210888836984084366e-01
1.206325523323918542e-01
1.201798881555227877e-01
1.197308528821878770e-01
1.192854086451891060e-01
1.188435179911402628e-01
1.184051438759144426e-01
1.179702496601414408e-01
1.175387991047548431e-01
1.171107563665881590e-01
1.166860859940193756e-01
1.162647529226635279e-01
1.158467224711127036e-01
1.154319603367229691e-01
1.150204325914476744e-01
1.146121056777165276e-01
1.142069464043603544e-01
1.138049219425804059e-01
1.134059998219621862e-01
1.130101479265332165e-01
1.126173344908641960e-01
1.122275280962130029e-01
1.118406976667112862e-01
1.114568124655929415e-01
1.110758420914642330e-01
1.106977564746148279e-01
1.103225258733696312e-01
1.099501208704807137e-01
1.095805123695588884e-01
1.092136715915447281e-01
1.088495700712183711e-01
1.084881796537476850e-01
1.081294724912747196e-01
1.077734210395393244e-01
1.074199980545403055e-01
1.070691765892331504e-01
1.067209299902642794e-01
1.063752318947410042e-01
1.060320562270373884e-01
1.056913771956349835e-01
1.053531692899984801e-01
1.050174072774858330e-01
1.046840662002922751e-01
1.043531213724279705e-01
1.040245483767292256e-01
1.036983230619022006e-01
1.033744215395994565e-01
1.030528201815286149e-01
1.027334956165928542e-01
1.024164247280628937e-01
1.021015846507801333e-01
1.017889527683905337e-01
1.014785067106090261e-01
1.011702243505139820e-01
1.008640838018715485e-01
1.005600634164894036e-01
1.002581417815996551e-01
9.995829771727045288e-02
9.966051027384634220e-02
9.936475872941656629e-02
9.907102258731140254e-02
9.877928157362594885e-02
9.848951563477124915e-02
9.820170493505241127e-02
9.791582985427324526e-02
9.763187098536749153e-02
9.734980913205595887e-02
9.706962530652946120e-02
9.679130072715748379e-02
9.651481681622176012e-02
9.624015519767503690e-02
9.596729769492440276e-02
9.569622632863915290e-02
9.542692331458262067e-02
9.515937106146794833e-02
9.489355216883756106e-02
9.462944942496583078e-02
9.436704580478499915e-02
9.410632446783374905e-02
9.384726875622854958e-02
9.358986219265719164e-02
9.333408847839456957e-02
9.307993149134011213e-02
9.282737528407689065e-02
9.257640408195240422e-02
9.232700228117982078e-02
9.207915444696088136e-02
9.183284531162894115e-02
9.158805977281267441e-02
9.134478289162002718e-02
9.110299989084182093e-02
9.086269615317575654e-02
9.062385721946948636e-02
9.038646878698310128e-02
9.015051670767088021e-02
8.991598698648189947e-02
8.968286577967934936e-02
8.945113939317829443e-02
8.922079428090183562e-02
8.899181704315531349e-02
8.876419442501840007e-02
8.853791331475496795e-02
8.831296074224040393e-02
8.808932387740617265e-02
8.786699002870168584e-02
8.764594664157293602e-02
8.742618129695792217e-02
8.720768170979877054e-02
8.699043572757000908e-02
8.677443132882321775e-02
8.655965662174761044e-02
8.634609984274659034e-02
8.613374935502973728e-02
8.592259364722060200e-02
8.571262133197957156e-02
8.550382114464200045e-02
8.529618194187141289e-02
8.508969270032729071e-02
8.488434251534782149e-02
8.468012059964699634e-02
8.447701628202598789e-02
8.427501900609887797e-02
8.407411832903227689e-02
8.387430392029884829e-02
8.367556556044468408e-02
8.347789313987004356e-02
8.328127665762359577e-02
8.308570622021005381e-02
8.289117204041077103e-02
8.269766443611736850e-02
8.250517382917825493e-02
8.231369074425776144e-02
8.212320580770800238e-02
8.193370974645285132e-02
8.174519338688450432e-02
8.155764765377207515e-02
8.137106356918213934e-02
8.118543225141126862e-02
8.100074491393025045e-02
8.081699286433992324e-02
8.063416750333864125e-02
8.045226032370079994e-02
8.027126290926700491e-02
8.009116693394498221e-02
7.991196416072181286e-02
7.973364644068672846e-02
7.955620571206495351e-02
7.937963399926195596e-02
7.920392341191834218e-02
7.902906614397513241e-02
7.885505447274929192e-02
7.868188075801303694e-02
7.850953744109341603e-02
7.833801704400424060e-02
7.816731216852526587e-02
7.799741549533882601e-02
7.782831978316628874e-02
7.766001786791258688e-02
7.749250266182018676e-02
7.732576715263209111e-02
7.715980440276443142e-02
7.699460754848792832e-02
7.683016979911838629e-02
7.666648443621616738e-02
7.650354481279444951e-02
7.634134435253615847e-02
7.617987654901957340e-02
7.601913496495245337e-02
7.585911323141450446e-02
7.569980504710831226e-02
7.554120417761844841e-02
7.538330445467868179e-02
7.522609977544744697e-02
7.506958410179098706e-02
7.491375145957469839e-02
7.475859593796198299e-02
7.460411168872113641e-02
7.445029292553950739e-02
7.429713392334555411e-02
7.414462901763803349e-02
7.399277260382290666e-02
7.384155913655718328e-02
7.369098312910031534e-02
7.354103915267252989e-02
7.339172183582030884e-02
7.324302586378875213e-02
7.309494597790097692e-02
7.294747697494430305e-02
7.280061370656309983e-02
7.265435107865843289e-02
7.250868405079434476e-02
7.236360763561044962e-02
7.221911689824127289e-02
7.207520695574179403e-02
7.193187297651934542e-02
7.178911017977181175e-02
7.164691383493201893e-02
7.150527926111809041e-02
7.136420182659009015e-02
7.122367694821238326e-02
7.108370009092219999e-02
7.094426676720369529e-02
7.080537253656819796e-02
7.066701300503977490e-02
7.052918382464683222e-02
7.039188069291898997e-02
7.025509935238968828e-02
7.011883559010426148e-02
6.998308523713324403e-02
6.984784416809132479e-02
6.971310830066124176e-02
6.957887359512326952e-02
6.944513605388967503e-02
6.931189172104421092e-02
6.917913668188693799e-02
6.904686706248396033e-02
6.891507902922185125e-02
6.878376878836747754e-02
6.865293258563212597e-02
6.852256670574088937e-02
6.839266747200650753e-02
6.826323124590798208e-02
6.813425442667379872e-02
6.800573345086979860e-02
6.787766479199155989e-02
6.775004496006116483e-02
6.762287050122856025e-02
6.749613799737723407e-02
6.736984406573409689e-02
6.724398535848398473e-02
6.711855856238796436e-02
6.699356039840628774e-02
6.686898762132513496e-02
6.674483701938764557e-02
6.662110541392897434e-02
6.649778965901534389e-02
6.637488664108706637e-02
6.625239327860552030e-02
6.613030652170397150e-02
6.600862335184230767e-02
6.588734078146542272e-02
6.576645585366552860e-02
6.564596564184806138e-02
6.552586724940133445e-02
6.540615780936978596e-02
6.528683448413082069e-02
6.516789446507523231e-02
6.504933497229108130e-02
6.493115325425112550e-02
6.481334658750366462e-02
6.469591227636674324e-02
6.457884765262569826e-02
6.446215007523417584e-02
6.434581693001834024e-02
6.422984562938419129e-02
6.411423361202842064e-02
6.399897834265212693e-02
6.388407731167793091e-02
6.376952803497000499e-02
6.365532805355735013e-02
6.354147493335993158e-02
6.342796626491802037e-02
6.331479966312437979e-02
6.320197276695942168e-02
6.308948323922930479e-02
6.297732876630685039e-02
6.286550705787544158e-02
6.275401584667555932e-02
6.264285288825420517e-02
6.253201596071712720e-02
6.242150286448361340e-02
6.231131142204415080e-02
6.220143947772064502e-02
6.209188489742929057e-02
6.198264556844607087e-02
6.187371939917482577e-02
6.176510431891790026e-02
6.165679827764920101e-02
6.154879924578991052e-02
6.144110521398653962e-02
6.133371419289146420e-02
6.122662421294590429e-02
6.111983332416522086e-02
6.101333959592664113e-02
6.090714111675923220e-02
6.080123599413631008e-02
6.069562235426998603e-02
6.059029834190808594e-02
6.048526212013324160e-02
6.038051187016418853e-02
6.027604579115925648e-02
6.017186210002208047e-02
6.006795903120932395e-02
5.996433483654062258e-02
5.986098778501054013e-02
5.975791616260269640e-02
5.965511827210575463e-02
5.955259243293165028e-02
5.945033698093564467e-02
5.934835026823846033e-02
5.924663066305028286e-02
5.914517654949678904e-02
5.904398632744701364e-02
5.894305841234316612e-02
5.884239123503222368e-02
5.874198324159950191e-02
5.864183289320396009e-02
5.854193866591531764e-02
5.844229905055301627e-02
5.834291255252693070e-02
5.824377769167977253e-02
5.814489300213129819e-02
5.804625703212420995e-02
5.794786834387171542e-02
5.784972551340679392e-02
5.775182713043308658e-02
5.765417179817752813e-02
5.755675813324438728e-02
5.745958476547114585e-02
5.736265033778580741e-02
5.726595350606580176e-02
5.716949293899848544e-02
5.707326731794313407e-02
5.697727533679445427e-02
5.688151570184761530e-02
5.678598713166468220e-02
5.669068835694268671e-02
5.659561812038294004e-02
5.650077517656192094e-02
5.640615829180355145e-02
5.631176624405284659e-02
5.621759782275092404e-02
5.612365182871151270e-02
5.602992707399868239e-02
5.593642238180594056e-02
5.584313658633675154e-02
5.575006853268622137e-02
5.565721707672421914e-02
5.556458108497966397e-02
5.547215943452615122e-02
5.537995101286886240e-02
5.528795471783260612e-02
5.519616945745121211e-02
5.510459414985799387e-02
5.501322772317759208e-02
5.492206911541887976e-02
5.483111727436904004e-02
5.474037115748888599e-02
5.464982973180924908e-02
5.455949197382857496e-02
5.446935686941154625e-02
5.437942341368894733e-02
5.428969061095849369e-02
5.420015747458686167e-02
5.411082302691271051e-02
5.402168629915080067e-02
5.393274633129718776e-02
5.384400217203541561e-02
5.375545287864375021e-02
5.366709751690342672e-02
5.357893516100793035e-02
5.349096489347324873e-02
5.340318580504911650e-02
5.331559699463118973e-02
5.322819756917426814e-02
5.314098664360639851e-02
5.305396334074396342e-02
5.296712679120763739e-02
5.288047613333932834e-02
5.279401051312005572e-02
5.270772908408858509e-02
5.262163100746548167e-02
5.253571545155895361e-02
5.244998159199749238e-02
5.236442861175624741e-02
5.227905570053021506e-02
5.219386205610013207e-02
5.210884688265605968e-02
5.202400939132812568e-02
5.193934880016206485e-02
5.185486433399606049e-02
5.177055522438877427e-02
5.168642070954820866e-02
5.160246003426126327e-02
5.151867244982406835e-02
5.143505721397308855e-02
5.135161359081702459e-02
5.126834085076934638e-02
5.118523827048173519e-02
5.110230513277810166e-02
5.101954072658937411e-02
5.093694434688905703e-02
5.085451529462944181e-02
5.077225287667846282e-02
5.069015640575740000e-02
5.060822520037908806e-02
5.052645858478692353e-02
5.044485588889449645e-02
5.036341644822588115e-02
5.028213960385657239e-02
5.020102470235506681e-02
5.012007109572516605e-02
5.003927814134875168e-02
4.995864520192932340e-02
4.987817164543611320e-02
4.979785684504878240e-02
4.971770017910274314e-02
4.963770103103509745e-02
4.955785878933118005e-02
4.947817284747155209e-02
4.939864260387980682e-02
4.931926746187074301e-02
4.924004682959918361e-02
4.916098012000938433e-02
4.908206675078490011e-02
4.900330614429915244e-02
4.892469772756635749e-02
4.884624093219312735e-02
4.876793519433054308e-02
4.868977995462675512e-02
4.861177465818007637e-02
4.853391875449269283e-02
4.845621169742470036e-02
4.837865294514888392e-02
4.830124196010569804e-02
4.822397820895904519e-02
4.814686116255226939e-02
4.806989029586481582e-02
4.799306508796927911e-02
4.791638502198892341e-02
4.783984958505571594e-02
4.776345826826876306e-02
4.768721056665319036e-02
4.761110597911955705e-02
4.753514400842363818e-02
4.745932416112665780e-02
4.738364594755595238e-02
4.730810888176611995e-02
4.723271248150046758e-02
4.715745626815308345e-02
4.708233976673109611e-02
4.700736250581745435e-02
4.693252401753417180e-02
4.685782383750587698e-02
4.678326150482375184e-02
4.670883656200996992e-02
4.663454855498241208e-02
4.656039703301984023e-02
4.648638154872736933e-02
4.641250165800244604e-02
4.633875692009013780e-02
4.626514689732552643e-02
4.619167115523629269e-02
4.611832926255544918e-02
4.604512079114329859e-02
4.597204531595547317e-02
4.589910241501137661e-02
4.582629166936295906e-02
4.575361266306377656e-02
4.568106498313847380e-02
4.560864821955253751e-02
4.553636196518236895e-02
4.546420581578577980e-02
4.539217936997265446e-02
4.532028222917607735e-02
4.524851399762368220e-02
4.517687428230935526e-02
4.510536269296522988e-02
4.503397884203400731e-02
4.496272234464152029e-02
4.489159281856968525e-02
4.482058988422968349e-02
4.474971316463542681e-02
4.467896228537736325e-02
4.460833687459653252e-02
4.453783656295892679e-02
4.446746098363004579e-02
4.439720977224989595e-02
4.432708256690808674e-02
4.425707900811930856e-02
4.418719873879903282e-02
4.411744140423944777e-02
4.404780665208576224e-02
4.397829413231264806e-02
4.390890349720099478e-02
4.383963440131490030e-02
4.377048650147893905e-02
4.370145945675565219e-02
4.363255292842327382e-02
4.356376657995371382e-02
4.349510007699076281e-02
4.342655308732863012e-02
4.335812528089051654e-02
4.328981632970761023e-02
4.322162590789817987e-02
4.315355369164702859e-02
4.308559935918502420e-02
4.301776259076894871e-02
4.295004306866150728e-02
4.288244047711164270e-02
4.281495450233492595e-02
4.274758483249428698e-02
4.268033115768090496e-02
4.261319316989527900e-02
4.254617056302852085e-02
4.247926303284391136e-02
4.241247027695853322e-02
4.234579199482522982e-02
4.227922788771466128e-02
4.221277765869761722e-02
4.214644101262749604e-02
4.208021765612295073e-02
4.201410729755079843e-02
4.194810964700899231e-02
4.188222441630992665e-02
4.181645131896379042e-02
4.175079007016216370e-02
4.168524038676178073e-02
4.161980198726851488e-02
4.155447459182139841e-02
4.148925792217700997e-02
4.142415170169384819e-02
4.135915565531698285e-02
4.129426950956287951e-02
4.122949299250427968e-02
4.116482583375534465e-02
4.110026776445698665e-02
4.103581851726220697e-02
4.097147782632170471e-02
4.090724542726971447e-02
4.084312105720979552e-02
4.077910445470091239e-02
4.071519535974367499e-02
4.065139351376664822e-02
4.058769865961284889e-02
4.052411054152640912e-02
4.046062890513935778e-02
4.039725349745850597e-02
4.033398406685258231e-02
4.027082036303938906e-02
4.020776213707315944e-02
4.014480914133203987e-02
4.008196112950572487e-02
4.001921785658316133e-02
3.995657907884047483e-02
3.989404455382891679e-02
3.983161404036308917e-02
3.976928729850912753e-02
3.970706408957313388e-02
3.964494417608971366e-02
3.958292732181054041e-02
3.952101329169319111e-02
3.945920185188997453e-02
3.939749276973699560e-02
3.933588581374319187e-02
3.927438075357961300e-02
3.921297736006877643e-02
3.915167540517412725e-02
3.909047466198959514e-02
3.902937490472929705e-02
3.896837590871732315e-02
3.890747745037768240e-02
3.884667930722426193e-02
3.878598125785097384e-02
3.872538308192199907e-02
3.866488456016209385e-02
3.860448547434703476e-02
3.854418560729416104e-02
3.848398474285300713e-02
3.842388266589603224e-02
3.836387916230946105e-02
3.830397401898423537e-02
3.824416702380701444e-02
3.818445796565134165e-02
3.812484663436879750e-02
3.806533282078040925e-02
3.800591631666793563e-02
3.794659691476551244e-02
3.788737440875109691e-02
3.782824859323826588e-02
3.776921926376788224e-02
3.771028621680001108e-02
3.765144924970586365e-02
3.759270816075974825e-02
3.753406274913129170e-02
3.747551281487756375e-02
3.741705815893532627e-02
3.735869858311347685e-02
3.730043389008541599e-02
3.724226388338164329e-02
3.718418836738222877e-02
3.712620714730965193e-02
3.706832002922141184e-02
3.701052682000295635e-02
3.695282732736056980e-02
3.689522135981430223e-02
3.683770872669107216e-02
3.678028923811780398e-02
3.672296270501462789e-02
3.666572893908809361e-02
3.660858775282462702e-02
3.655153895948382720e-02
3.649458237309204101e-02
3.643771780843586133e-02
3.638094508105579883e-02
3.632426400723989812e-02
3.626767440401755527e-02
3.621117608915334213e-02
3.615476888114081688e-02
3.609845259919659821e-02
3.604222706325421743e-02
3.598609209395836617e-02
3.593004751265890112e-02
3.587409314140510563e-02
3.581822880293995814e-02
3.576245432069441454e-02
3.570676951878182237e-02
3.565117422199232805e-02
3.559566825578742294e-02
3.554025144629445465e-02
3.548492362030125635e-02
3.542968460525081076e-02
3.537453422923596963e-02
3.531947232099426348e-02
3.526449870990268354e-02
3.520961322597262327e-02
3.515481569984477139e-02
3.510010596278415052e-02
3.504548384667511424e-02
3.499094918401651072e-02
3.493650180791674220e-02
3.488214155208906736e-02
3.482786825084675797e-02
3.477368173909844290e-02
3.471958185234345906e-02
3.466556842666723010e-02
3.461164129873670753e-02
3.455780030579588824e-02
3.450404528566130419e-02
3.445037607671766478e-02
3.439679251791345066e-02
3.434329444875656306e-02
3.428988170931010493e-02
3.423655414018809962e-02
3.418331158255129981e-02
3.413015387810307277e-02
3.407708086908524392e-02
3.402409239827408616e-02
3.397118830897623287e-02
3.391836844502474357e-02
3.386563265077517648e-02
3.381298077110164030e-02
3.376041265139296393e-02
3.370792813754885930e-02
3.365552707597620208e-02
3.360320931358515978e-02
3.355097469778562519e-02
3.349882307648348323e-02
3.344675429807699579e-02
3.339476821145319352e-02
3.334286466598434390e-02
3.329104351152444019e-02
3.323930459840567647e-02
3.318764777743504063e-02
3.313607289989090737e-02
3.308457981751961735e-02
3.303316838253218118e-02
3.298183844760095573e-02
3.293058986585634118e-02
3.287942249088359609e-02
3.282833617671958304e-02
3.277733077784961840e-02
3.272640614920428737e-02
3.267556214615639082e-02
3.262479862451783674e-02
3.257411544053657321e-02
3.252351245089359078e-02
3.247298951269995265e-02
3.242254648349378321e-02
3.237218322123739528e-02
3.232189958431435500e-02
3.227169543152662301e-02
3.222157062209173722e-02
3.217152501563995404e-02
3.212155847221151439e-02
3.207167085225384739e-02
3.202186201661886417e-02
3.197213182656027247e-02
3.192248014373084974e-02
3.187290683017983406e-02
3.182341174835032205e-02
3.177399476107663906e-02
3.172465573158176483e-02
3.167539452347485629e-02
3.162621100074861774e-02
3.157710502777691386e-02
3.152807646931225088e-02
3.147912519048334107e-02
3.143025105679269487e-02
3.138145393411419237e-02
3.133273368869077258e-02
3.128409018713201872e-02
3.123552329641185801e-02
3.118703288386629607e-02
3.113861881719107855e-02
3.109028096443948452e-02
3.104201919402004711e-02
3.099383337469438504e-02
3.094572337557498914e-02
3.089768906612304356e-02
3.084973031614629546e-02
3.080184699579692140e-02
3.075403897556942476e-02
3.070630612629854719e-02
3.065864831915720429e-02
3.061106542565442470e-02
3.056355731763336567e-02
3.051612386726925558e-02
3.046876494706746846e-02
3.042148042986148396e-02
3.037427018881101032e-02
3.032713409740000685e-02
3.028007202943479997e-02
3.023308385904217854e-02
3.018616946066753418e-02
3.013932870907298778e-02
3.009256147933557501e-02
3.004586764684539016e-02
2.999924708730382708e-02
2.995269967672176473e-02
2.990622529141781852e-02
2.985982380801656746e-02
2.981349510344684720e-02
2.976723905494000136e-02
2.972105554002820935e-02
2.967494443654278974e-02
2.962890562261252109e-02
2.958293897666200087e-02
2.953704437741001138e-02
2.949122170386789255e-02
2.944547083533793214e-02
2.939979165141176631e-02
2.935418403196884268e-02
2.930864785717480006e-02
2.926318300747997314e-02
2.921778936361782777e-02
2.917246680660346564e-02
2.912721521773210809e-02
2.908203447857760082e-02
2.903692447099094978e-02
2.899188507709886051e-02
2.894691617930228791e-02
2.890201766027499300e-02
2.885718940296213425e-02
2.881243129057884864e-02
2.876774320660886383e-02
2.872312503480311044e-02
2.867857665917836543e-02
2.863409796401587479e-02
2.858968883386002816e-02
2.854534915351703006e-02
2.850107880805353988e-02
2.845687768279542285e-02
2.841274566332641777e-02
2.836868263548686375e-02
2.832468848537241998e-02
2.828076309933282365e-02
2.823690636397062012e-02
2.819311816613993826e-02
2.814939839294527263e-02
2.810574693174023794e-02
2.806216367012639296e-02
2.801864849595204696e-02
2.797520129731105587e-02
2.793182196254167041e-02
2.788851038022537032e-02
2.784526643918570216e-02
2.780209002848715860e-02
2.775898103743403011e-02
2.771593935556929122e-02
2.767296487267349378e-02
2.763005747876367060e-02
2.758721706409223567e-02
2.754444351914588779e-02
2.750173673464458013e-02
2.745909660154042392e-02
2.741652301101665107e-02
2.737401585448656638e-02
2.733157502359251367e-02
2.728920041020484882e-02
2.724689190642093015e-02
2.720464940456410532e-02
2.716247279718270874e-02
2.712036197704909349e-02
2.707831683715862178e-02
2.703633727072870044e-02
2.699442317119783372e-02
2.695257443222465535e-02
2.691079094768696750e-02
2.686907261168082484e-02
2.682741931851959083e-02
2.678583096273301836e-02
2.674430743906632338e-02
2.670284864247928630e-02
2.666145446814536385e-02
2.662012481145076617e-02
2.657885956799360683e-02
2.653765863358299726e-02
2.649652190423819331e-02
2.645544927618772441e-02
2.641444064586854351e-02
2.637349590992516674e-02
2.633261496520886494e-02
2.629179770877678596e-02
2.625104403789115318e-02
2.621035385001844673e-02
2.616972704282857776e-02
2.612916351419409394e-02
2.608866316218936415e-02
2.604822588508981171e-02
2.600785158137108172e-02
2.596754014970831595e-02
2.592729148897534447e-02
2.588710549824391541e-02
2.584698207678295251e-02
2.580692112405779184e-02
2.576692253972942895e-02
2.572698622365377635e-02
2.568711207588093154e-02
2.564729999665444488e-02
2.560754988641058064e-02
2.556786164577761963e-02
2.552823517557514105e-02
2.548867037681329037e-02
2.544916715069211327e-02
2.540972539860082355e-02
2.537034502211713699e-02
2.533102592300658096e-02
2.529176800322181090e-02
2.525257116490191647e-02
2.521343531037179356e-02
2.517436034214143997e-02
2.513534616290532403e-02
2.509639267554170453e-02
2.505749978311200277e-02
2.501866738886015379e-02
2.497989539621196450e-02
2.494118370877446145e-02
2.490253223033529750e-02
2.486394086486210658e-02
2.482540951650188954e-02
2.478693808958037925e-02
2.474852648860145776e-02
2.471017461824653871e-02
2.467188238337396367e-02
2.463364968901840535e-02
2.459547644039028827e-02
2.455736254287518502e-02
2.451930790203322649e-02
2.448131242359855714e-02
2.444337601347871744e-02
2.440549857775410614e-02
2.436768002267739736e-02
2.432992025467298203e-02
2.429221918033641278e-02
2.425457670643383842e-02
2.421699273990148005e-02
2.417946718784504817e-02
2.414199995753923619e-02
2.410459095642716529e-02
2.406724009211982929e-02
2.402994727239562631e-02
2.399271240519975507e-02
2.395553539864376039e-02
2.391841616100495380e-02
2.388135460072594168e-02
2.384435062641411182e-02
2.380740414684109560e-02
2.377051507094228230e-02
2.373368330781632299e-02
2.369690876672462393e-02
2.366019135709086438e-02
2.362353098850047267e-02
2.358692757070019602e-02
2.355038101359754540e-02
2.351389122726038963e-02
2.347745812191641759e-02
2.344108160795270457e-02
2.340476159591521610e-02
2.336849799650834655e-02
2.333229072059447157e-02
2.329613967919345538e-02
2.326004478348222063e-02
2.322400594479429037e-02
2.318802307461930931e-02
2.315209608460263094e-02
2.311622488654484567e-02
2.308040939240135411e-02
2.304464951428190911e-02
2.300894516445019591e-02
2.297329625532339506e-02
2.293770269947172438e-02
2.290216440961806432e-02
2.286668129863748261e-02
2.283125327955681447e-02
2.279588026555427749e-02
2.276056216995902756e-02
2.272529890625073906e-02
2.269009038805919892e-02
2.265493652916391806e-02
2.261983724349369076e-02
2.258479244512619916e-02
2.254980204828762463e-02
2.251486596735224541e-02
2.247998411684200976e-02
2.244515641142618909e-02
2.241038276592094425e-02
2.237566309528896472e-02
2.234099731463904878e-02
2.230638533922577049e-02
2.227182708444903556e-02
2.223732246585374134e-02
2.220287139912938829e-02
2.216847380010970522e-02
2.213412958477226425e-02
2.209983866923811990e-02
2.206560096977144142e-02
2.203141640277914842e-02
2.199728488481052929e-02
2.196320633255689769e-02
2.192918066285121440e-02
2.189520779266775768e-02
2.186128763912171050e-02
2.182742011946889327e-02
2.179360515110531291e-02
2.175984265156689912e-02
2.172613253852909154e-02
2.169247472980653443e-02
2.165886914335271238e-02
2.162531569725961028e-02
2.159181430975739072e-02
2.155836489921401922e-02
2.152496738413496591e-02
2.149162168316284816e-02
2.145832771507710790e-02
2.142508539879367166e-02
2.139189465336462440e-02
2.135875539797789380e-02
2.132566755195690333e-02
2.129263103476027041e-02
2.125964576598146291e-02
2.122671166534850079e-02
2.119382865272361957e-02
2.116099664810295808e-02
2.112821557161626007e-02
2.109548534352652382e-02
2.106280588422972805e-02
2.103017711425450575e-02
2.099759895426182507e-02
2.096507132504471169e-02
2.093259414752790537e-02
2.090016734276759283e-02
2.086779083195107465e-02
2.083546453639648424e-02
2.080318837755248951e-02
2.077096227699798056e-02
2.073878615644178178e-02
2.070665993772235688e-02
2.067458354280752794e-02
2.064255689379415268e-02
2.061057991290786082e-02
2.057865252250276611e-02
2.054677464506117143e-02
2.051494620319327389e-02
2.048316711963689071e-02
2.045143731725717132e-02
2.041975671904632320e-02
2.038812524812333438e-02
2.035654282773366811e-02
2.032500938124902345e-02
2.029352483216703348e-02
2.026208910411098074e-02
2.023070212082956829e-02
2.019936380619659355e-02
2.016807408421071937e-02
2.013683287899516519e-02
2.010564011479749197e-02
2.007449571598927604e-02
2.004339960706587320e-02
2.001235171264616197e-02
1.998135195747225215e-02
1.995040026640926625e-02
1.991949656444502725e-02
1.988864077668981920e-02
1.985783282837614780e-02
1.982707264485845250e-02
1.979636015161287746e-02
1.976569527423698361e-02
1.973507793844953007e-02
1.970450807009018965e-02
1.967398559511931988e-02
1.964351043961770973e-02
1.961308252978629513e-02
1.958270179194597158e-02
1.955236815253728888e-02
1.952208153812023603e-02
1.949184187537400179e-02
1.946164909109669369e-02
1.943150311220513682e-02
1.940140386573459622e-02
1.937135127883855834e-02
1.934134527878848472e-02
1.931138579297355870e-02
1.928147274890048418e-02
1.925160607419319769e-02
1.922178569659267755e-02
1.919201154395668019e-02
1.916228354425950769e-02
1.913260162559178926e-02
1.910296571616023481e-02
1.907337574428740953e-02
1.904383163841151180e-02
1.901433332708611992e-02
1.898488073897996661e-02
1.895547380287675512e-02
1.892611244767486087e-02
1.889679660238717876e-02
1.886752619614082832e-02
1.883830115817697673e-02
1.880912141785060637e-02
1.877998690463027545e-02
1.875089754809790982e-02
1.872185327794858439e-02
1.869285402399029419e-02
1.866389971614373922e-02
1.863499028444210934e-02
1.860612565903085880e-02
1.857730577016749110e-02
1.854853054822134389e-02
1.851979992367338082e-02
1.849111382711597293e-02
1.846247218925267317e-02
1.843387494089802209e-02
1.840532201297732234e-02
1.837681333652644439e-02
1.834834884269158015e-02
1.831992846272907302e-02
1.829155212800519237e-02
1.826321976999591840e-02
1.823493132028674441e-02
1.820668671057247556e-02
1.817848587265699992e-02
1.815032873845310799e-02
1.812221523998226377e-02
1.809414530937444171e-02
1.806611887886786297e-02
1.803813588080884975e-02
1.801019624765158936e-02
1.798229991195795380e-02
1.795444680639726731e-02
1.792663686374615373e-02
1.789887001688829360e-02
1.787114619881425767e-02
1.784346534262128484e-02
1.781582738151310172e-02
1.778823224879972145e-02
1.776067987789723898e-02
1.773317020232764718e-02
1.770570315571864603e-02
1.767827867180343099e-02
1.765089668442051257e-02
1.762355712751352554e-02
1.759625993513103115e-02
1.756900504142633671e-02
1.754179238065727356e-02
1.751462188718604790e-02
1.748749349547901177e-02
1.746040714010652778e-02
1.743336275574271579e-02
1.740636027716531767e-02
1.737939963925547171e-02
1.735248077699756003e-02
1.732560362547898997e-02
1.729876811989004490e-02
1.727197419552366567e-02
1.724522178777528406e-02
1.721851083214263195e-02
1.719184126422556094e-02
1.716521301972586538e-02
1.713862603444709851e-02
1.711208024429436772e-02
1.708557558527420278e-02
1.705911199349431293e-02
1.703268940516346891e-02
1.700630775659128791e-02
1.697996698418804615e-02
1.695366702446452975e-02
1.692740781403184389e-02
1.690118928960122197e-02
1.687501138798388686e-02
1.684887404609081846e-02
1.682277720093263568e-02
1.679672078961937792e-02
1.677070474936035241e-02
1.674472901746395723e-02
1.671879353133750093e-02
1.669289822848703600e-02
1.666704304651718538e-02
1.664122792313096552e-02
1.661545279612961293e-02
1.658971760341243495e-02
1.656402228297659471e-02
1.653836677291700002e-02
1.651275101142606755e-02
1.648717493679360477e-02
1.646163848740662961e-02
1.643614160174917960e-02
1.641068421840216965e-02
1.638526627604320815e-02
1.635988771344644779e-02
1.633454846948239822e-02
1.630924848311775949e-02
1.628398769341529023e-02
1.625876603953360297e-02
1.623358346072701491e-02
1.620843989634537796e-02
1.618333528583393993e-02
1.615826956873313638e-02
1.613324268467846573e-02
1.610825457340030881e-02
1.608330517472376237e-02
1.605839442856849680e-02
1.603352227494858964e-02
1.600868865397233123e-02
1.598389350584211027e-02
1.595913677085423338e-02
1.593441838939875857e-02
1.590973830195935648e-02
1.588509644911311608e-02
1.586049277153043016e-02
1.583592720997479067e-02
1.581139970530268113e-02
1.578691019846337543e-02
1.576245863049880597e-02
1.573804494254340755e-02
1.571366907582393349e-02
1.568933097165933419e-02
1.566503057146058017e-02
1.564076781673051642e-02
1.561654264906370097e-02
1.559235501014626449e-02
1.556820484175573498e-02
1.554409208576090079e-02
1.552001668412165622e-02
1.549597857888883497e-02
1.547197771220407310e-02
1.544801402629964945e-02
1.542408746349834339e-02
1.540019796621325959e-02
1.537634547694770315e-02
1.535252993829501825e-02
1.532875129293843723e-02
1.530500948365092796e-02
1.528130445329505677e-02
1.525763614482281844e-02
1.523400450127550786e-02
1.521040946578355695e-02
1.518685098156639587e-02
1.516332899193229694e-02
1.513984344027823926e-02
1.511639427008974398e-02
1.509298142494074242e-02
1.506960484849342169e-02
1.504626448449808765e-02
1.502296027679300011e-02
1.499969216930424794e-02
1.497646010604559638e-02
1.495326403111833444e-02
1.493010388871114126e-02
1.490697962309993525e-02
1.488389117864773702e-02
1.486083849980451670e-02
1.483782153110705174e-02
1.481484021717879677e-02
1.479189450272972231e-02
1.476898433255618981e-02
1.474610965154079384e-02
1.472327040465222850e-02
1.470046653694515038e-02
1.467769799356002935e-02
1.465496471972300811e-02
1.463226666074576854e-02
1.460960376202538602e-02
1.458697596904419067e-02
1.456438322736962679e-02
1.454182548265411760e-02
1.451930268063491777e-02
1.449681476713398504e-02
1.447436168805783623e-02
1.445194338939740850e-02
1.442955981722792574e-02
1.440721091770875290e-02
1.438489663708326753e-02
1.436261692167872112e-02
1.434037171790609501e-02
1.431816097225997730e-02
1.429598463131841191e-02
1.427384264174277884e-02
1.425173495027763637e-02
1.422966150375061002e-02
1.420762224907224681e-02
1.418561713323587478e-02
1.416364610331747806e-02
1.414170910647555637e-02
1.411980608995099667e-02
1.409793700106693609e-02
1.407610178722862836e-02
1.405430039592331370e-02
1.403253277472008009e-02
1.401079887126973310e-02
1.398909863330467795e-02
1.396743200863876343e-02
1.394579894516716212e-02
1.392419939086623690e-02
1.390263329379342293e-02
1.388110060208707155e-02
1.385960126396634275e-02
1.383813522773105764e-02
1.381670244176158233e-02
1.379530285451869079e-02
1.377393641454343134e-02
1.375260307045700521e-02
1.373130277096063466e-02
1.371003546483543639e-02
1.368880110094228622e-02
1.366759962822169244e-02
1.364643099569368134e-02
1.362529515245764281e-02
1.360419204769223143e-02
1.358312163065522084e-02
1.356208385068337872e-02
1.354107865719234721e-02
1.352010599967651099e-02
1.349916582770887066e-02
1.347825809094091963e-02
1.345738273910251914e-02
1.343653972200176128e-02
1.341572898952485965e-02
1.339495049163601584e-02
1.337420417837729449e-02
1.335348999986850013e-02
1.333280790630705578e-02
1.331215784796786934e-02
1.329153977520321737e-02
1.327095363844262368e-02
1.325039938819272747e-02
1.322987697503717058e-02
1.320938634963646045e-02
1.318892746272786083e-02
1.316850026512526167e-02
1.314810470771905597e-02
1.312774074147602700e-02
1.310740831743921649e-02
1.308710738672780489e-02
1.306683790053699522e-02
1.304659981013788460e-02
1.302639306687735157e-02
1.300621762217792597e-02
1.298607342753767616e-02
1.296596043453008239e-02
1.294587859480392407e-02
1.292582786008315658e-02
1.290580818216678811e-02
1.288581951292876171e-02
1.286586180431784077e-02
1.284593500835748414e-02
1.282603907714573686e-02
1.280617396285509656e-02
1.278633961773240936e-02
1.276653599409873982e-02
1.274676304434926855e-02
1.272702072095315516e-02
1.270730897645343943e-02
1.268762776346690768e-02
1.266797703468398872e-02
1.264835674286863415e-02
1.262876684085819171e-02
1.260920728156330120e-02
1.258967801796777308e-02
1.257017900312847568e-02
1.255071019017521550e-02
1.253127153231062274e-02
1.251186298281003161e-02
1.249248449502138140e-02
1.247313602236507953e-02
1.245381751833390255e-02
1.243452893649287481e-02
1.241527023047915221e-02
1.239604135400192327e-02
1.237684226084227040e-02
1.235767290485307625e-02
1.233853323995890219e-02
1.231942322015587565e-02
1.230034279951157904e-02
1.228129193216493525e-02
1.226227057232608803e-02
1.224327867427631340e-02
1.222431619236787233e-02
1.220538308102392562e-02
1.218647929473841256e-02
1.216760478807593811e-02
1.214875951567166538e-02
1.212994343223119942e-02
1.211115649253047960e-02
1.209239865141566866e-02
1.207366986380304166e-02
1.205497008467887494e-02
1.203629926909932993e-02
1.201765737219035596e-02
1.199904434914757061e-02
1.198046015523615039e-02
1.196190474579072842e-02
1.194337807621527123e-02
1.192488010198298684e-02
1.190641077863620334e-02
1.188797006178626131e-02
1.186955790711340976e-02
1.185117427036669682e-02
1.183281910736386222e-02
1.181449237399121756e-02
1.179619402620355958e-02
1.177792402002404183e-02
1.175968231154408267e-02
1.174146885692324560e-02
1.172328361238914214e-02
1.170512653423732251e-02
1.168699757883115940e-02
1.166889670260175781e-02
1.165082386204783355e-02
1.163277901373561615e-02
1.161476211429873957e-02
1.159677312043813462e-02
1.157881198892192313e-02
1.156087867658532609e-02
1.154297314033053690e-02
1.152509533712662085e-02
1.150724522400942661e-02
1.148942275808147000e-02
1.147162789651182298e-02
1.145386059653601650e-02
1.143612081545594163e-02
1.141840851063972984e-02
1.140072363952167149e-02
1.138306615960208400e-02
1.136543602844723722e-02
1.134783320368922682e-02
1.133025764302588237e-02
1.131270930422066841e-02
1.129518814510256652e-02
1.127769412356599207e-02
1.126022719757066928e-02
1.124278732514155145e-02
1.122537446436870125e-02
1.120798857340720225e-02
1.119062961047704099e-02
1.117329753386302887e-02
1.115599230191467207e-02
1.113871387304609176e-02
1.112146220573591651e-02
1.110423725852717654e-02
1.108703899002721344e-02
1.106986735890756572e-02
1.105272232390388729e-02
1.103560384381581730e-02
1.101851187750691602e-02
1.100144638390453816e-02
1.098440732199974443e-02
1.096739465084719568e-02
1.095040832956506276e-02
1.093344831733491888e-02
1.091651457340164083e-02
1.089960705707332216e-02
1.088272572772114831e-02
1.086587054477932725e-02
1.084904146774496973e-02
1.083223845617800780e-02
1.081546146970108029e-02
1.079871046799944605e-02
1.078198541082087819e-02
1.076528625797557905e-02
1.074861296933606394e-02
1.073196550483707795e-02
1.071534382447550220e-02
1.069874788831023764e-02
1.068217765646212701e-02
1.066563308911384553e-02
1.064911414650981936e-02
1.063262078895610765e-02
1.061615297682032798e-02
1.059971067053154352e-02
1.058329383058017811e-02
1.056690241751791735e-02
1.055053639195760798e-02
1.053419571457316940e-02
1.051788034609949483e-02
1.050159024733235760e-02
1.048532537912831054e-02
1.046908570240460100e-02
1.045287117813907193e-02
1.043668176737005786e-02
1.042051743119630849e-02
1.040437813077688470e-02
1.038826382733105437e-02
1.037217448213821960e-02
1.035611005653780912e-02
1.034007051192918636e-02
1.032405580977155575e-02
1.030806591158387603e-02
1.029210077894475613e-02
1.027616037349237364e-02
1.026024465692437250e-02
1.024435359099777620e-02
1.022848713752889070e-02
1.021264525839321591e-02
1.019682791552535377e-02
1.018103507091891111e-02
1.016526668662641117e-02
1.014952272475920340e-02
1.013380314748737500e-02
1.011810791703963812e-02
1.010243699570327093e-02
1.008679034582399964e-02
1.007116792980592909e-02
1.005556971011142657e-02
1.003999564926105759e-02
1.002444570983347313e-02
1.000891985446533336e-02
9.993418045851213891e-03
9.977940246743512154e-03
9.962486419952360645e-03
9.947056528345529780e-03
9.931650534848356776e-03
9.916268402443631155e-03
9.900910094171525358e-03
9.885575573129495863e-03
9.870264802472191248e-03
9.854977745411372392e-03
9.839714365215820532e-03
9.824474625211243595e-03
9.809258488780187718e-03
9.794065919361957459e-03
9.778896880452518647e-03
9.763751335604413384e-03
9.748629248426676774e-03
9.733530582584739785e-03
9.718455301800342505e-03
9.703403369851459556e-03
9.688374750572189067e-03
9.673369407852698901e-03
9.658387305639096546e-03
9.643428407933385751e-03
9.628492678793345097e-03
9.613580082332467275e-03
9.598690582719846334e-03
9.583824144180111762e-03
9.568980730993343481e-03
9.554160307494964297e-03
9.539362838075679182e-03
9.524588287181364257e-03
9.509836619313007805e-03
9.495107799026599252e-03
9.480401790933058043e-03
9.465718559698153844e-03
9.451058070042402462e-03
9.436420286740996449e-03
9.421805174623709700e-03
9.407212698574821119e-03
9.392642823533027888e-03
9.378095514491353521e-03
9.363570736497075012e-03
9.349068454651630888e-03
9.334588634110536215e-03
9.320131240083302793e-03
9.305696237833352424e-03
9.291283592677935382e-03
9.276893269988047142e-03
9.262525235188338174e-03
9.248179453757041091e-03
9.233855891225875231e-03
9.219554513179980745e-03
9.205275285257811038e-03
9.191018173151078996e-03
9.176783142604644228e-03
9.162570159416455820e-03
9.148379189437449988e-03
9.134210198571492828e-03
9.120063152775265830e-03
9.105938018058210362e-03
9.091834760482428793e-03
9.077753346162613368e-03
9.063693741265962944e-03
9.049655912012091047e-03
9.035639824672966891e-03
9.021645445572799155e-03
9.007672741087994345e-03
8.993721677647047510e-03
8.979792221730471119e-03
8.965884339870718728e-03
8.951997998652089575e-03
8.938133164710666129e-03
8.924289804734223883e-03
8.910467885462151558e-03
8.896667373685366101e-03
8.882888236246248501e-03
8.869130440038548377e-03
8.855393952007309388e-03
8.841678739148785965e-03
8.827984768510380859e-03
8.814312007190535855e-03
8.800660422338684938e-03
8.787029981155144998e-03
8.773420650891058589e-03
8.759832398848303725e-03
8.746265192379429690e-03
8.732718998887551223e-03
8.719193785826298213e-03
8.705689520699718548e-03
8.692206171062212203e-03
8.678743704518446234e-03
8.665302088723269777e-03
8.651881291381660274e-03
8.638481280248615918e-03
8.625102023129101875e-03
8.611743487877951408e-03
8.598405642399810367e-03
8.585088454649048711e-03
8.571791892629673781e-03
8.558515924395273047e-03
8.545260518048922171e-03
8.532025641743120822e-03
8.518811263679697265e-03
8.505617352109754586e-03
8.492443875333577016e-03
8.479290801700558808e-03
8.466158099609131377e-03
8.453045737506681770e-03
8.439953683889479807e-03
8.426881907302610428e-03
8.413830376339867870e-03
8.400799059643724448e-03
8.387787925905219530e-03
8.374796943863902290e-03
8.361826082307746710e-03
8.348875310073083922e-03
8.335944596044515473e-03
8.323033909154861285e-03
8.310143218385062508e-03
8.297272492764110399e-03
8.284421701368980401e-03
8.271590813324555813e-03
8.258779797803546263e-03
8.245988624026420050e-03
8.233217261261331285e-03
8.220465678824036629e-03
8.207733846077831102e-03
8.195021732433475231e-03
8.182329307349106573e-03
8.169656540330185943e-03
8.157003400929412409e-03
8.144369858746650440e-03
8.131755883428860507e-03
8.119161444670019295e-03
8.106586512211062454e-03
8.094031055839787450e-03
8.081495045390808471e-03
8.068978450745455805e-03
8.056481241831727272e-03
8.044003388624199752e-03
8.031544861143970204e-03
8.019105629458568932e-03
8.006685663681898865e-03
7.994284933974159235e-03
7.981903410541769245e-03
7.969541063637314293e-03
7.957197863559445361e-03
7.944873780652835643e-03
7.932568785308093812e-03
7.920282847961692893e-03
7.908015939095907818e-03
7.895768029238733887e-03
7.883539088963820857e-03
7.871329088890410483e-03
7.859137999683249790e-03
7.846965792052525146e-03
7.834812436753806758e-03
7.822677904587956726e-03
7.810562166401072669e-03
7.798465193084412259e-03
7.786386955574323837e-03
7.774327424852179626e-03
7.762286571944299399e-03
7.750264367921886298e-03
7.738260783900960046e-03
7.726275791042275416e-03
7.714309360551267584e-03
7.702361463677969734e-03
7.690432071716954941e-03
7.678521156007259846e-03
7.666628687932316132e-03
7.654754638919888943e-03
7.642898980441996219e-03
7.631061684014850584e-03
7.619242721198788218e-03
7.607442063598194269e-03
7.595659682861441268e-03
7.583895550680823210e-03
7.572149638792479223e-03
7.560421918976326788e-03
7.548712363056006222e-03
7.537020942898792208e-03
7.525347630415545226e-03
7.513692397560633486e-03
7.502055216331867879e-03
7.490436058770434322e-03
7.478834896960826970e-03
7.467251703030784900e-03
7.455686449151215783e-03
7.444139107536138639e-03
7.432609650442610107e-03
7.421098050170661133e-03
7.409604279063231047e-03
7.398128309506099912e-03
7.386670113927819997e-03
7.375229664799651599e-03
7.363806934635497986e-03
7.352401895991836009e-03
7.341014521467653653e-03
7.329644783704381515e-03
7.318292655385830354e-03
7.306958109238119101e-03
7.295641118029615874e-03
7.284341654570869462e-03
7.273059691714544271e-03
7.261795202355355271e-03
7.250548159429999473e-03
7.239318535917101290e-03
7.228106304837132734e-03
7.216911439252359645e-03
7.205733912266774031e-03
7.194573697026027288e-03
7.183430766717366876e-03
7.172305094569570404e-03
7.161196653852888380e-03
7.150105417878968757e-03
7.139031360000803149e-03
7.127974453612653978e-03
7.116934672149997226e-03
7.105911989089453915e-03
7.094906377948731122e-03
7.083917812286551728e-03
7.072946265702599773e-03
7.061991711837445861e-03
7.051054124372493383e-03
7.040133477029914336e-03
7.029229743572574726e-03
7.018342897803988602e-03
7.007472913568246059e-03
6.996619764749944723e-03
6.985783425274136836e-03
6.974963869106265944e-03
6.964161070252096637e-03
6.953375002757659906e-03
6.942605640709186357e-03
6.931852958233043760e-03
6.921116929495679804e-03
6.910397528703550972e-03
6.899694730103070502e-03
6.889008507980541596e-03
6.878338836662091504e-03
6.867685690513620350e-03
6.857049043940730872e-03
6.846428871388665974e-03
6.835825147342254951e-03
6.825237846325848436e-03
6.814666942903253345e-03
6.804112411677677372e-03
6.793574227291663062e-03
6.783052364427033173e-03
6.772546797804823021e-03
6.762057502185223230e-03
6.751584452367519890e-03
6.741127623190031233e-03
6.730686989530047792e-03
6.720262526303776018e-03
6.709854208466271494e-03
6.699462011011383424e-03
6.689085908971689580e-03
6.678725877418447733e-03
6.668381891461520189e-03
6.658053926249325218e-03
6.647741956968772001e-03
6.637445958845201652e-03
6.627165907142333438e-03
6.616901777162196262e-03
6.606653544245074013e-03
6.596421183769444856e-03
6.586204671151925719e-03
6.576003981847211577e-03
6.565819091348008667e-03
6.555649975184991117e-03
6.545496608926726356e-03
6.535358968179624806e-03
6.525237028587883500e-03
6.515130765833418436e-03
6.505040155635814260e-03
6.494965173752264426e-03
6.484905795977512211e-03
6.474861998143787399e-03
6.464833756120754241e-03
6.454821045815455939e-03
6.444823843172247865e-03
6.434842124172747251e-03
6.424875864835772471e-03
6.414925041217286669e-03
6.404989629410337039e-03
6.395069605545001049e-03
6.385164945788328328e-03
6.375275626344282555e-03
6.365401623453680741e-03
6.355542913394145524e-03
6.345699472480041854e-03
6.335871277062413674e-03
6.326058303528944021e-03
6.316260528303881301e-03
6.306477927847990717e-03
6.296710478658500490e-03
6.286958157269035945e-03
6.277220940249573534e-03
6.267498804206377526e-03
6.257791725781945355e-03
6.248099681654952983e-03
6.238422648540197651e-03
6.228760603188544104e-03
6.219113522386863005e-03
6.209481382957981500e-03
6.199864161760624236e-03
6.190261835689358713e-03
6.180674381674538045e-03
6.171101776682250649e-03
6.161543997714260396e-03
6.152001021807945898e-03
6.142472826036259742e-03
6.132959387507662570e-03
6.123460683366068434e-03
6.113976690790794491e-03
6.104507386996502888e-03
6.095052749233147854e-03
6.085612754785919322e-03
6.076187380975190018e-03
6.066776605156457350e-03
6.057380404720295701e-03
6.047998757092296583e-03
6.038631639733014859e-03
6.029279030137915836e-03
6.019940905837322352e-03
6.010617244396357535e-03
6.001308023414894492e-03
5.992013220527502536e-03
5.982732813403385599e-03
5.973466779746338003e-03
5.964215097294689807e-03
5.954977743821249572e-03
5.945754697133248841e-03
5.936545935072296172e-03
5.927351435514320761e-03
5.918171176369514327e-03
5.909005135582286877e-03
5.899853291131205990e-03
5.890715621028949980e-03
5.881592103322247182e-03
5.872482716091832582e-03
5.863387437452387101e-03
5.854306245552494230e-03
5.845239118574576710e-03
5.836186034734851431e-03
5.827146972283270450e-03
5.818121909503480224e-03
5.809110824712760031e-03
5.800113696261968189e-03
5.791130502535499561e-03
5.782161221951223964e-03
5.773205832960442811e-03
5.764264314047826653e-03
5.755336643731375282e-03
5.746422800562359622e-03
5.737522763125267947e-03
5.728636510037763384e-03
5.719764019950620594e-03
5.710905271547684139e-03
5.702060243545812104e-03
5.693228914694829258e-03
5.684411263777472412e-03
5.675607269609339242e-03
5.666816911038836252e-03
5.658040166947138003e-03
5.649277016248119461e-03
5.640527437888322171e-03
5.631791410846890070e-03
5.623068914135526987e-03
5.614359926798445470e-03
5.605664427912313875e-03
5.596982396586206929e-03
5.588313811961557152e-03
5.579658653212101090e-03
5.571016899543833334e-03
5.562388530194955355e-03
5.553773524435824324e-03
5.545171861568903675e-03
5.536583520928714530e-03
5.528008481881784529e-03
5.519446723826599253e-03
5.510898226193554524e-03
5.502362968444901754e-03
5.493840930074702852e-03
5.485332090608779042e-03
5.476836429604666628e-03
5.468353926651559754e-03
5.459884561370263560e-03
5.451428313413153419e-03
5.442985162464114221e-03
5.434555088238498741e-03
5.426138070483077329e-03
5.417734088975987607e-03
5.409343123526690229e-03
5.400965153975915110e-03
5.392600160195617186e-03
5.384248122088923505e-03
5.375909019590088996e-03
5.367582832664446156e-03
5.359269541308360821e-03
5.350969125549175781e-03
5.342681565445171754e-03
5.334406841085515341e-03
5.326144932590210455e-03
5.317895820110050617e-03
5.309659483826574718e-03
5.301435903952013244e-03
5.293225060729249247e-03
5.285026934431762830e-03
5.276841505363586912e-03
5.268668753859260395e-03
5.260508660283783056e-03
5.252361205032559169e-03
5.244226368531363681e-03
5.236104131236284966e-03
5.227994473633684053e-03
5.219897376240142592e-03
5.211812819602416880e-03
5.203740784297397962e-03
5.195681250932056988e-03
5.187634200143398377e-03
5.179599612598422519e-03
5.171577468994068526e-03
5.163567750057172605e-03
5.155570436544424685e-03
5.147585509242315512e-03
5.139612948967096744e-03
5.131652736564729783e-03
5.123704852910843273e-03
5.115769278910687126e-03
5.107845995499083087e-03
5.099934983640383966e-03
5.092036224328423330e-03
5.084149698586473004e-03
5.076275387467196233e-03
5.068413272052598242e-03
5.060563333453991543e-03
5.052725552811939552e-03
5.044899911296214096e-03
5.037086390105757240e-03
5.029284970468624050e-03
5.021495633641947023e-03
5.013718360911889257e-03
5.005953133593595006e-03
4.998199933031148914e-03
4.990458740597530050e-03
4.982729537694568535e-03
4.975012305752897837e-03
4.967307026231912274e-03
4.959613680619723644e-03
4.951932250433113518e-03
4.944262717217491609e-03
4.936605062546849804e-03
4.928959268023717921e-03
4.921325315279120351e-03
4.913703185972530078e-03
4.906092861791829657e-03
4.898494324453262633e-03
4.890907555701388444e-03
4.883332537309039052e-03
4.875769251077284247e-03
4.868217678835373534e-03
4.860677802440705776e-03
4.853149603778770214e-03
4.845633064763121313e-03
4.838128167335319779e-03
4.830634893464898737e-03
4.823153225149316020e-03
4.815683144413909940e-03
4.808224633311862853e-03
4.800777673924151723e-03
4.793342248359503018e-03
4.785918338754355413e-03
4.778505927272818157e-03
4.771104996106619901e-03
4.763715527475072264e-03
4.756337503625029939e-03
4.748970906830838647e-03
4.741615719394298711e-03
4.734271923644622557e-03
4.726939501938393941e-03
4.719618436659516782e-03
4.712308710219183065e-03
4.705010305055827742e-03
4.697723203635081890e-03
4.690447388449734550e-03
4.683182842019692829e-03
4.675929546891932458e-03
4.668687485640463965e-03
4.661456640866288442e-03
4.654236995197350707e-03
4.647028531288505473e-03
4.639831231821468782e-03
4.632645079504781570e-03
4.625470057073762832e-03
4.618306147290475797e-03
4.611153332943677616e-03
4.604011596848782938e-03
4.596880921847824875e-03
4.589761290809409901e-03
4.582652686628676218e-03
4.575555092227253859e-03
4.568468490553225653e-03
4.561392864581084727e-03
4.554328197311692875e-03
4.547274471772238050e-03
4.540231671016197942e-03
4.533199778123298343e-03
4.526178776199468907e-03
4.519168648376804993e-03
4.512169377813528628e-03
4.505180947693946877e-03
4.498203341228408474e-03
4.491236541653267390e-03
4.484280532230840340e-03
4.477335296249371210e-03
4.470400817022980762e-03
4.463477077891639735e-03
4.456564062221114210e-03
4.449661753402942184e-03
4.442770134854379799e-03
4.435889190018366644e-03
4.429018902363487595e-03
4.422159255383930308e-03
4.415310232599447063e-03
4.408471817555314858e-03
4.401643993822293779e-03
4.394826744996595778e-03
4.388020054699831758e-03
4.381223906578983820e-03
4.374438284306359295e-03
4.367663171579556046e-03
4.360898552121420836e-03
4.354144409680009431e-03
4.347400728028547566e-03
4.340667490965397120e-03
4.333944682314008409e-03
4.327232285922890699e-03
4.320530285665564497e-03
4.313838665440529463e-03
4.307157409171222771e-03
4.300486500805980085e-03
4.293825924318000857e-03
4.287175663705303230e-03
4.280535702990690208e-03
4.273906026221712361e-03
4.267286617470627055e-03
4.260677460834356826e-03
4.254078540434459883e-03
4.247489840417084141e-03
4.240911344952932524e-03
4.234343038237226541e-03
4.227784904489661176e-03
4.221236927954375405e-03
4.214699092899913159e-03
4.208171383619178224e-03
4.201653784429404750e-03
4.195146279672116486e-03
4.188648853713087747e-03
4.182161490942308719e-03
4.175684175773942096e-03
4.169216892646295317e-03
4.162759626021775468e-03
4.156312360386854587e-03
4.149875080252032368e-03
4.143447770151797126e-03
4.137030414644591106e-03
4.130622998312774921e-03
4.124225505762585051e-03
4.117837921624098278e-03
4.111460230551200468e-03
4.105092417221544929e-03
4.098734466336512519e-03
4.092386362621183021e-03
4.086048090824291774e-03
4.079719635718195847e-03
4.073400982098835874e-03
4.067092114785702227e-03
4.060793018621796854e-03
4.054503678473594247e-03
4.048224079231009347e-03
4.041954205807361984e-03
4.035694043139334379e-03
4.029443576186940781e-03
4.023202789933491043e-03
4.016971669385548983e-03
4.010750199572902033e-03
4.004538365548523937e-03
3.998336152388539191e-03
3.992143545192184881e-03
3.985960529081777719e-03
3.979787089202673281e-03
3.973623210723239985e-03
3.967468878834813119e-03
3.961324078751663619e-03
3.955188795710966841e-03
3.949063014972757461e-03
3.942946721819903452e-03
3.936839901558063584e-03
3.930742539515656199e-03
3.924654621043826251e-03
3.918576131516400204e-03
3.912507056329864348e-03
3.906447380903317959e-03
3.900397090678446414e-03
3.894356171119480858e-03
3.888324607713166976e-03
3.882302385968726833e-03
3.876289491417828515e-03
3.870285909614546230e-03
3.864291626135327781e-03
3.858306626578962908e-03
3.852330896566542959e-03
3.846364421741431394e-03
3.840407187769226925e-03
3.834459180337726654e-03
3.828520385156898749e-03
3.822590787958840813e-03
3.816670374497749523e-03
3.810759130549885940e-03
3.804857041913539076e-03
3.798964094408995538e-03
3.793080273878502665e-03
3.787205566186234700e-03
3.781339957218260266e-03
3.775483432882507234e-03
3.769635979108730637e-03
3.763797581848474065e-03
3.757968227075043650e-03
3.752147900783466862e-03
3.746336588990462589e-03
3.740534277734409042e-03
3.734740953075305590e-03
3.728956601094743709e-03
3.723181207895870110e-03
3.717414759603356392e-03
3.711657242363363470e-03
3.705908642343509491e-03
3.700168945732835567e-03
3.694438138741774121e-03
3.688716207602113321e-03
3.683003138566967160e-03
3.677298917910739456e-03
3.671603531929093934e-03
3.665916966938917790e-03
3.660239209278291772e-03
3.654570245306455051e-03
3.648910061403774861e-03
3.643258643971710939e-03
3.637615979432787337e-03
3.631982054230552953e-03
3.626356854829555949e-03
3.620740367715306451e-03
3.615132579394247491e-03
3.609533476393719017e-03
3.603943045261928397e-03
3.598361272567917896e-03
3.592788144901529548e-03
3.587223648873376098e-03
3.581667771114808475e-03
3.576120498277882403e-03
3.570581817035325869e-03
3.565051714080510071e-03
3.559530176127413421e-03
3.554017189910594222e-03
3.548512742185153373e-03
3.543016819726707914e-03
3.537529409331355030e-03
3.532050497815642127e-03
3.526580072016536910e-03
3.521118118791392252e-03
3.515664625017917572e-03
3.510219577594144574e-03
3.504782963438399061e-03
3.499354769489265368e-03
3.493934982705559043e-03
3.488523590066294321e-03
3.483120578570650730e-03
3.477725935237944467e-03
3.472339647107595007e-03
3.466961701239097780e-03
3.461592084711986872e-03
3.456230784625810310e-03
3.450877788100094930e-03
3.445533082274316889e-03
3.440196654307871738e-03
3.434868491380041466e-03
3.429548580689965008e-03
3.424236909456607452e-03
3.418933464918729251e-03
3.413638234334855862e-03
3.408351204983244356e-03
3.403072364161857394e-03
3.397801699188331571e-03
3.392539197399942284e-03
3.387284846153580751e-03
3.382038632825716713e-03
3.376800544812373715e-03
3.371570569529093540e-03
3.366348694410911929e-03
3.361134906912323014e-03
3.355929194507252002e-03
3.350731544689024809e-03
3.345541944970336842e-03
3.340360382883224809e-03
3.335186845979034621e-03
3.330021321828393645e-03
3.324863798021179470e-03
3.319714262166489557e-03
3.314572701892614347e-03
3.309439104847003866e-03
3.304313458696240841e-03
3.299195751126008172e-03
3.294085969841062909e-03
3.288984102565205465e-03
3.283890137041247520e-03
3.278804061030986001e-03
3.273725862315171424e-03
3.268655528693481006e-03
3.263593047984486573e-03
3.258538408025626800e-03
3.253491596673176861e-03
3.248452601802221101e-03
3.243421411306623547e-03
3.238398013098996685e-03
3.233382395110674570e-03
3.228374545291683335e-03
3.223374451610711271e-03
3.218382102055082367e-03
3.213397484630725089e-03
3.208420587362143320e-03
3.203451398292388608e-03
3.198489905483033278e-03
3.193536097014137900e-03
3.188589959994748112e-03
3.183651483533591654e-03
3.178720655766796663e-03
3.173797466326376288e-03
3.168881901409993217e-03
3.163973949700800686e-03
3.159073599407819476e-03
3.154180838758002640e-03
3.149295655996539513e-03
3.144418039386827086e-03
3.139547977210436613e-03
3.134685457765960023e-03
3.129830469372626815e-03
3.124983000366248712e-03
3.120143039100701978e-03
3.115310573948027600e-03
3.110485593298274731e-03
3.105668085559472498e-03
3.100858039157606150e-03
3.096055442536585836e-03
3.091260284158219278e-03
3.086472552502184889e-03
3.081692236066003142e-03
3.076919323365010991e-03
3.072153802932331510e-03
3.067395663318848303e-03
3.062644893093177320e-03
3.057901480841638230e-03
3.053165415168229702e-03
3.048436684694599483e-03
3.043715278060017942e-03
3.039001183921352049e-03
3.034294390953036318e-03
3.029594887847046353e-03
3.024902663312871529e-03
3.020217706077487230e-03
3.015540004885330569e-03
3.010869548498269158e-03
3.006206325695576394e-03
3.001550325273904998e-03
2.996901536047259264e-03
2.992259946846968603e-03
2.987625546521659355e-03
2.982998323937230932e-03
2.978378267976824166e-03
2.973765367540801355e-03
2.969159611546712870e-03
2.964560988929275474e-03
2.959969488640342827e-03
2.955385099648879469e-03
2.950807810940936967e-03
2.946237611519621821e-03
2.941674490405076382e-03
2.937118436634444593e-03
2.932569439261852907e-03
2.928027487358379494e-03
2.923492570012028655e-03
2.918964676327705666e-03
2.914443795427190762e-03
2.909929916449110511e-03
2.905423028548915262e-03
2.900923120898850956e-03
2.896430182687932675e-03
2.891944203121920784e-03
2.887465171423293179e-03
2.882993076831218398e-03
2.878527908601535238e-03
2.874069656006718928e-03
2.869618308335861179e-03
2.865173854894644163e-03
2.860736285005309291e-03
2.856305588006640295e-03
2.851881753253929837e-03
2.847464770118958693e-03
2.843054627989967994e-03
2.838651316271632776e-03
2.834254824385042462e-03
2.829865141767665734e-03
2.825482257873334051e-03
2.821106162172212599e-03
2.816736844150772526e-03
2.812374293311770568e-03
2.808018499174221288e-03
2.803669451273371922e-03
2.799327139160676797e-03
2.794991552403773907e-03
2.790662680586457594e-03
2.786340513308657296e-03
2.782025040186407623e-03
2.777716250851827110e-03
2.773414134953090457e-03
2.769118682154406413e-03
2.764829882135991755e-03
2.760547724594047871e-03
2.756272199240731701e-03
2.752003295804135354e-03
2.747741004028260957e-03
2.743485313672993330e-03
2.739236214514079171e-03
2.734993696343097566e-03
2.730757748967442642e-03
2.726528362210290605e-03
2.722305525910581527e-03
2.718089229922992459e-03
2.713879464117914010e-03
2.709676218381424327e-03
2.705479482615267411e-03
2.701289246736826230e-03
2.697105500679101465e-03
2.692928234390682893e-03
2.688757437835729430e-03
2.684593100993942685e-03
2.680435213860545701e-03
2.676283766446253907e-03
2.672138748777256462e-03
2.668000150895189371e-03
2.663867962857110767e-03
2.659742174735480087e-03
2.655622776618132060e-03
2.651509758608251981e-03
2.647403110824355331e-03
2.643302823400261320e-03
2.639208886485069037e-03
2.635121290243135333e-03
2.631040024854051397e-03
2.626965080512615874e-03
2.622896447428815347e-03
2.618834115827798313e-03
2.614778075949854372e-03
2.610728318050386902e-03
2.606684832399891807e-03
2.602647609283933669e-03
2.598616639003126661e-03
2.594591911873100724e-03
2.590573418224490724e-03
2.586561148402904357e-03
2.582555092768903070e-03
2.578555241697977774e-03
2.574561585580524992e-03
2.570574114821825608e-03
2.566592819842019278e-03
2.562617691076085353e-03
2.558648718973815551e-03
2.554685893999792713e-03
2.550729206633369980e-03
2.546778647368643476e-03
2.542834206714434959e-03
2.538895875194263196e-03
2.534963643346325752e-03
2.531037501723474702e-03
2.527117440893192780e-03
2.523203451437573425e-03
2.519295523953294334e-03
2.515393649051598807e-03
2.511497817358271031e-03
2.507608019513612226e-03
2.503724246172423732e-03
2.499846488003976217e-03
2.495974735691994500e-03
2.492108979934631527e-03
2.488249211444447991e-03
2.484395420948387178e-03
2.480547599187755449e-03
2.476705736918198824e-03
2.472869824909681730e-03
2.469039853946462717e-03
2.465215814827074071e-03
2.461397698364300567e-03
2.457585495385153015e-03
2.453779196730852645e-03
2.449978793256804219e-03
2.446184275832575649e-03
2.442395635341876314e-03
2.438612862682534941e-03
2.434835948766477052e-03
2.431064884519704584e-03
2.427299660882272034e-03
2.423540268808267381e-03
2.419786699265788661e-03
2.416038943236920988e-03
2.412296991717718334e-03
2.408560835718177515e-03
2.404830466262222136e-03
2.401105874387675278e-03
2.397387051146242145e-03
2.393673987603486646e-03
2.389966674838809712e-03
2.386265103945429782e-03
2.382569266030358512e-03
2.378879152214382134e-03
2.375194753632038028e-03
2.371516061431595216e-03
2.367843066775032670e-03
2.364175760838015464e-03
2.360514134809878293e-03
2.356858179893600320e-03
2.353207887305785659e-03
2.349563248276643861e-03
2.345924254049963024e-03
2.342290895883096784e-03
2.338663165046938729e-03
2.335041052825900711e-03
2.331424550517892467e-03
2.327813649434305136e-03
2.324208340899983072e-03
2.320608616253207364e-03
2.317014466845676319e-03
2.313425884042482044e-03
2.309842859222087895e-03
2.306265383776313731e-03
2.302693449110308592e-03
2.299127046642535522e-03
2.295566167804747280e-03
2.292010804041968563e-03
2.288460946812471714e-03
2.284916587587761116e-03
2.281377717852547168e-03
2.277844329104731971e-03
2.274316412855382011e-03
2.270793960628714712e-03
2.267276963962072851e-03
2.263765414405906774e-03
2.260259303523752712e-03
2.256758622892215006e-03
2.253263364100941812e-03
2.249773518752609062e-03
2.246289078462897475e-03
2.242810034860473912e-03
2.239336379586970120e-03
2.235868104296963657e-03
2.232405200657957504e-03
2.228947660350358816e-03
2.225495475067462876e-03
2.222048636515427944e-03
2.218607136413257470e-03
2.215170966492782754e-03
2.211740118498639520e-03
2.208314584188247973e-03
2.204894355331796750e-03
2.201479423712218633e-03
2.198069781125176238e-03
2.194665419379035563e-03
2.191266330294850805e-03
2.187872505706343982e-03
2.184483937459885845e-03
2.181100617414474200e-03
2.177722537441716122e-03
2.174349689425808443e-03
2.170982065263515632e-03
2.167619656864154618e-03
2.164262456149572671e-03
2.160910455054128321e-03
2.157563645524671406e-03
2.154222019520525729e-03
2.150885569013466937e-03
2.147554285987706042e-03
2.144228162439869041e-03
2.140907190378976525e-03
2.137591361826425909e-03
2.134280668815971473e-03
2.130975103393707021e-03
2.127674657618042458e-03
2.124379323559690350e-03
2.121089093301644236e-03
2.117803958939156513e-03
2.114523912579726293e-03
2.111248946343073814e-03
2.107979052361124393e-03
2.104714222777991084e-03
2.101454449749951253e-03
2.098199725445434437e-03
2.094950042044996762e-03
2.091705391741304886e-03
2.088465766739120832e-03
2.085231159255275957e-03
2.082001561518657951e-03
2.078776965770190444e-03
2.075557364262813932e-03
2.072342749261467127e-03
2.069133113043069606e-03
2.065928447896502734e-03
2.062728746122588844e-03
2.059534000034076492e-03
2.056344201955620510e-03
2.053159344223761621e-03
2.049979419186910828e-03
2.046804419205330329e-03
2.043634336651113572e-03
2.040469163908167904e-03
2.037308893372197661e-03
2.034153517450683780e-03
2.031003028562867324e-03
2.027857419139729531e-03
2.024716681623974900e-03
2.021580808470012543e-03
2.018449792143938402e-03
2.015323625123516607e-03
2.012202299898161687e-03
2.009085808968921229e-03
2.005974144848455057e-03
2.002867300061022659e-03
1.999765267142458898e-03
1.996668038640160570e-03
1.993575607113067319e-03
1.990487965131642559e-03
1.987405105277856993e-03
1.984327020145170394e-03
1.981253702338513396e-03
1.978185144474270581e-03
1.975121339180262690e-03
1.972062279095726251e-03
1.969007956871300560e-03
1.965958365169006000e-03
1.962913496662229296e-03
1.959873344035704436e-03
1.956837899985494015e-03
1.953807157218973630e-03
1.950781108454814096e-03
1.947759746422963014e-03
1.944743063864628075e-03
1.941731053532259497e-03
1.938723708189531375e-03
1.935721020611327154e-03
1.932722983583719245e-03
1.929729589903953196e-03
1.926740832380430561e-03
1.923756703832690471e-03
1.920777197091394235e-03
1.917802304998306043e-03
1.914832020406277355e-03
1.911866336179227814e-03
1.908905245192131592e-03
1.905948740330996351e-03
1.902996814492848065e-03
1.900049460585714542e-03
1.897106671528606776e-03
1.894168440251503766e-03
1.891234759695333651e-03
1.888305622811957451e-03
1.885381022564153230e-03
1.882460951925597889e-03
1.879545403880850032e-03
1.876634371425334787e-03
1.873727847565325377e-03
1.870825825317926853e-03
1.867928297711059617e-03
1.865035257783442292e-03
1.862146698584574590e-03
1.859262613174722349e-03
1.856382994624898456e-03
1.853507836016847444e-03
1.850637130443029887e-03
1.847770871006603963e-03
1.844909050821409192e-03
1.842051663011951262e-03
1.839198700713384023e-03
1.836350157071493664e-03
1.833506025242682882e-03
1.830666298393952450e-03
1.827830969702886905e-03
1.825000032357637202e-03
1.822173479556904018e-03
1.819351304509922787e-03
1.816533500436445271e-03
1.813720060566725249e-03
1.810910978141501166e-03
1.808106246411980526e-03
1.805305858639823409e-03
1.802509808097125122e-03
1.799718088066402325e-03
1.796930691840575248e-03
1.794147612722951863e-03
1.791368844027212050e-03
1.788594379077391560e-03
1.785824211207865959e-03
1.783058333763334370e-03
1.780296740098803428e-03
1.777539423579571447e-03
1.774786377581213459e-03
1.772037595489562569e-03
1.769293070700697591e-03
1.766552796620925268e-03
1.763816766666763359e-03
1.761084974264927848e-03
1.758357412852314073e-03
1.755634075875982638e-03
1.752914956793143577e-03
1.750200049071140096e-03
1.747489346187433394e-03
1.744782841629586613e-03
1.742080528895249012e-03
1.739382401492141437e-03
1.736688452938038975e-03
1.733998676760757076e-03
1.731313066498136157e-03
1.728631615698022952e-03
1.725954317918258155e-03
1.723281166726660808e-03
1.720612155701011815e-03
1.717947278429038122e-03
1.715286528508399048e-03
1.712629899546668508e-03
1.709977385161322219e-03
1.707328978979720351e-03
1.704684674639093218e-03
1.702044465786525882e-03
1.699408346078942972e-03
1.696776309183092423e-03
1.694148348775532031e-03
1.691524458542612757e-03
1.688904632180464630e-03
1.686288863394980056e-03
1.683677145901801018e-03
1.681069473426301730e-03
1.678465839703574981e-03
1.675866238478416516e-03
1.673270663505310079e-03
1.670679108548412447e-03
1.668091567381538472e-03
1.665508033788145464e-03
1.662928501561320620e-03
1.660352964503762586e-03
1.657781416427769102e-03
1.655213851155222038e-03
1.652650262517570481e-03
1.650090644355818592e-03
1.647534990520508908e-03
1.644983294871708249e-03
1.642435551278993190e-03
1.639891753621434663e-03
1.637351895787584515e-03
1.634815971675459244e-03
1.632283975192525905e-03
1.629755900255687798e-03
1.627231740791270807e-03
1.624711490735006054e-03
1.622195144032018187e-03
1.619682694636808687e-03
1.617174136513243503e-03
1.614669463634535928e-03
1.612168669983234234e-03
1.609671749551206494e-03
1.607178696339625623e-03
1.604689504358956581e-03
1.602204167628940110e-03
1.599722680178579295e-03
1.597245036046124594e-03
1.594771229279061267e-03
1.592301253934092680e-03
1.589835104077127288e-03
1.587372773783264331e-03
1.584914257136780386e-03
1.582459548231113103e-03
1.580008641168848416e-03
1.577561530061706661e-03
1.575118209030527613e-03
1.572678672205256398e-03
1.570242913724930259e-03
1.567810927737663378e-03
1.565382708400633654e-03
1.562958249880067735e-03
1.560537546351228443e-03
1.558120591998399598e-03
1.555707381014871269e-03
1.553297907602929368e-03
1.550892165973837000e-03
1.548490150347823840e-03
1.546091854954071386e-03
1.543697274030698214e-03
1.541306401824747837e-03
1.538919232592173307e-03
1.536535760597823987e-03
1.534155980115431894e-03
1.531779885427598251e-03
1.529407470825778744e-03
1.527038730610270944e-03
1.524673659090199779e-03
1.522312250583504525e-03
1.519954499416924709e-03
1.517600399925986884e-03
1.515249946454989447e-03
1.512903133356992020e-03
1.510559954993798745e-03
1.508220405735946797e-03
1.505884479962692288e-03
1.503552172061996609e-03
1.501223476430513194e-03
1.498898387473573870e-03
1.496576899605175622e-03
1.494259007247966285e-03
1.491944704833233050e-03
1.489633986800886854e-03
1.487326847599450665e-03
1.485023281686045178e-03
1.482723283526376449e-03
1.480426847594721153e-03
1.478133968373915308e-03
1.475844640355338661e-03
1.473558858038903630e-03
1.471276615933040776e-03
1.468997908554685794e-03
1.466722730429267148e-03
1.464451076090691767e-03
1.462182940081332462e-03
1.459918316952014917e-03
1.457657201262004465e-03
1.455399587578993723e-03
1.453145470479086983e-03
1.450894844546790890e-03
1.448647704374999255e-03
1.446404044564979403e-03
1.444163859726361326e-03
1.441927144477122506e-03
1.439693893443577287e-03
1.437464101260361483e-03
1.435237762570422187e-03
1.433014872025002153e-03
1.430795424283629394e-03
1.428579414014102432e-03
1.426366835892478157e-03
1.424157684603059902e-03
1.421951954838383348e-03
1.419749641299204810e-03
1.417550738694487800e-03
1.415355241741390446e-03
1.413163145165252915e-03
1.410974443699584838e-03
1.408789132086053168e-03
1.406607205074467863e-03
1.404428657422770836e-03
1.402253483897023369e-03
1.400081679271392024e-03
1.397913238328138234e-03
1.395748155857603340e-03
1.393586426658199049e-03
1.391428045536391824e-03
1.389273007306692257e-03
1.387121306791642712e-03
1.384972938821803874e-03
1.382827898235742831e-03
1.380686179880021578e-03
1.378547778609181835e-03
1.376412689285736379e-03
1.374280906780153862e-03
1.372152425970847968e-03
1.370027241744164841e-03
1.367905348994370067e-03
1.365786742623636973e-03
1.363671417542035779e-03
1.361559368667517988e-03
1.359450590925907710e-03
1.357345079250887139e-03
1.355242828583985053e-03
1.353143833874565329e-03
1.351048090079813276e-03
1.348955592164726314e-03
1.346866335102098362e-03
1.344780313872509644e-03
1.342697523464315198e-03
1.340617958873631648e-03
1.338541615104325280e-03
1.336468487168001196e-03
1.334398570083989875e-03
1.332331858879336108e-03
1.330268348588786644e-03
1.328208034254778260e-03
1.326150910927426053e-03
1.324096973664512164e-03
1.322046217531471900e-03
1.319998637601385062e-03
1.317954228954959896e-03
1.315912986680525722e-03
1.313874905874017757e-03
1.311839981638966701e-03
1.309808209086488337e-03
1.307779583335267910e-03
1.305754099511553194e-03
1.303731752749138226e-03
1.301712538189356153e-03
1.299696450981062965e-03
1.297683486280629692e-03
1.295673639251928742e-03
1.293666905066321758e-03
1.291663278902650076e-03
1.289662755947221934e-03
1.287665331393800325e-03
1.285671000443593028e-03
1.283679758305239157e-03
1.281691600194799626e-03
1.279706521335743702e-03
1.277724516958939679e-03
1.275745582302640789e-03
1.273769712612477390e-03
1.271796903141441141e-03
1.269827149149876976e-03
1.267860445905470311e-03
1.265896788683236853e-03
1.263936172765509373e-03
1.261978593441926430e-03
1.260024046009424565e-03
1.258072525772221603e-03
1.256124028041810149e-03
1.254178548136943711e-03
1.252236081383625637e-03
1.250296623115099148e-03
1.248360168671834754e-03
1.246426713401520064e-03
1.244496252659047647e-03
1.242568781806505053e-03
1.240644296213161803e-03
1.238722791255460936e-03
1.236804262317006209e-03
1.234888704788549962e-03
1.232976114067984436e-03
1.231066485560330069e-03
1.229159814677722269e-03
1.227256096839404037e-03
1.225355327471711444e-03
1.223457502008064952e-03
1.221562615888958144e-03
1.219670664561945360e-03
1.217781643481632373e-03
1.215895548109664900e-03
1.214012373914717755e-03
1.212132116372483144e-03
1.210254770965661121e-03
1.208380333183947447e-03
1.206508798524024697e-03
1.204640162489548387e-03
1.202774420591139811e-03
1.200911568346372388e-03
1.199051601279761681e-03
1.197194514922755209e-03
1.195340304813721603e-03
1.193488966497939551e-03
1.191640495527586732e-03
1.189794887461729633e-03
1.187952137866313783e-03
1.186112242314151400e-03
1.184275196384911846e-03
1.182440995665109918e-03
1.180609635748096744e-03
1.178781112234048283e-03
1.176955420729954927e-03
1.175132556849611083e-03
1.173312516213603903e-03
1.171495294449303960e-03
1.169680887190854401e-03
1.167869290079159026e-03
1.166060498761874046e-03
1.164254508893395939e-03
1.162451316134852346e-03
1.160650916154090358e-03
1.158853304625666759e-03
1.157058477230837618e-03
1.155266429657548100e-03
1.153477157600421186e-03
1.151690656760749219e-03
1.149906922846480892e-03
1.148125951572213877e-03
1.146347738659181381e-03
1.144572279835244987e-03
1.142799570834882733e-03
1.141029607399178048e-03
1.139262385275811949e-03
1.137497900219050680e-03
1.135736147989735954e-03
1.133977124355275631e-03
1.132220825089633089e-03
1.130467245973316819e-03
1.128716382793370013e-03
1.126968231343361245e-03
1.125222787423374275e-03
1.123480046839997210e-03
1.121740005406312961e-03
1.120002658941888834e-03
1.118268003272767644e-03
1.116536034231455999e-03
1.114806747656915849e-03
1.113080139394553207e-03
1.111356205296208178e-03
1.109634941220146928e-03
1.107916343031048901e-03
1.106200406599999872e-03
1.104487127804478505e-03
1.102776502528350069e-03
1.101068526661854070e-03
1.099363196101595802e-03
1.097660506750534849e-03
1.095960454517977281e-03
1.094263035319564380e-03
1.092568245077263312e-03
1.090876079719357156e-03
1.089186535180435142e-03
1.087499607401384199e-03
1.085815292329375941e-03
1.084133585917861032e-03
1.082454484126555523e-03
1.080777982921434562e-03
1.079104078274720473e-03
1.077432766164873644e-03
1.075764042576583856e-03
1.074097903500758787e-03
1.072434344934515560e-03
1.070773362881172067e-03
1.069114953350234608e-03
1.067459112357390522e-03
1.065805835924498856e-03
1.064155120079579315e-03
1.062506960856803148e-03
1.060861354296484043e-03
1.059218296445069022e-03
1.057577783355127593e-03
1.055939811085342865e-03
1.054304375700502875e-03
1.052671473271491040e-03
1.051041099875274021e-03
1.049413251594897168e-03
1.047787924519470639e-03
1.046165114744161814e-03
1.044544818370186836e-03
1.042927031504799771e-03
1.041311750261282630e-03
1.039698970758939738e-03
1.038088689123083629e-03
1.036480901485028116e-03
1.034875603982080049e-03
1.033272792757527385e-03
1.031672463960632688e-03
1.030074613746621414e-03
1.028479238276674545e-03
1.026886333717918175e-03
1.025295896243414622e-03
1.023707922032153972e-03
1.022122407269043885e-03
1.020539348144900707e-03
1.018958740856440361e-03
1.017380581606269242e-03
1.015804866602876408e-03
1.014231592060621436e-03
1.012660754199727706e-03
1.011092349246273288e-03
1.009526373432180100e-03
1.007962822995207624e-03
1.006401694178940759e-03
1.004842983232783317e-03
1.003286686411947615e-03
1.001732799977445802e-03
1.000181320196081181e-03
9.986322433404388934e-04
9.970855656888772366e-04
9.955412835255185618e-04
9.939993931402403820e-04
9.924598908286653975e-04
9.909227728921554245e-04
9.893880356377994685e-04
9.878556753784067859e-04
9.863256884324964752e-04
9.847980711242905385e-04
9.832728197837032561e-04
9.817499307463333803e-04
9.802294003534550281e-04
9.787112249520092244e-04
9.771954008945943609e-04
9.756819245394582818e-04
9.741707922504890677e-04
9.726620003972063621e-04
9.711555453547523727e-04
9.696514235038840648e-04
9.681496312309635123e-04
9.666501649279495489e-04
9.651530209923892033e-04
9.636581958274092422e-04
9.621656858417066294e-04
9.606754874495413701e-04
9.591875970707261024e-04
9.577020111306192669e-04
9.562187260601151323e-04
9.547377382956360970e-04
9.532590442791235826e-04
9.517826404580300098e-04
9.503085232853098006e-04
9.488366892194110289e-04
9.473671347242670730e-04
9.458998562692873995e-04
9.444348503293502990e-04
9.429721133847933454e-04
9.415116419214058065e-04
9.400534324304191027e-04
9.385974814084996516e-04
9.371437853577394353e-04
9.356923407856479772e-04
9.342431442051439940e-04
9.327961921345473721e-04
9.313514810975699523e-04
9.299090076233073980e-04
9.284687682462319314e-04
9.270307595061825752e-04
9.255949779483576721e-04
9.241614201233057770e-04
9.227300825869188270e-04
9.213009619004226000e-04
9.198740546303685837e-04
9.184493573486261688e-04
9.170268666323744093e-04
9.156065790640933490e-04
9.141884912315563234e-04
9.127725997278211779e-04
9.113589011512223531e-04
9.099473921053634036e-04
9.085380691991076741e-04
9.071309290465708183e-04
9.057259682671126673e-04
9.043231834853285560e-04
9.029225713310422763e-04
9.015241284392967519e-04
9.001278514503466667e-04
8.987337370096507667e-04
8.973417817678627523e-04
8.959519823808237979e-04
8.945643355095546367e-04
8.931788378202476465e-04
8.917954859842580672e-04
8.904142766780969538e-04
8.890352065834223943e-04
8.876582723870325708e-04
8.862834707808562185e-04
8.849107984619465541e-04
8.835402521324716265e-04
8.821718284997075946e-04
8.808055242760300541e-04
8.794413361789066644e-04
8.780792609308890172e-04
8.767192952596049391e-04
8.753614358977502511e-04
8.740056795830812878e-04
8.726520230584067662e-04
8.713004630715807377e-04
8.699509963754932648e-04
8.686036197280643488e-04
8.672583298922343894e-04
8.659151236359583295e-04
8.645739977321965485e-04
8.632349489589068387e-04
8.618979740990379002e-04
8.605630699405211010e-04
8.592302332762624542e-04
8.578994609041348113e-04
8.565707496269708149e-04
8.552440962525546591e-04
8.539194975936150421e-04
8.525969504678166007e-04
8.512764516977529717e-04
8.499579981109389856e-04
8.486415865398028602e-04
8.473272138216788284e-04
8.460148767987993312e-04
8.447045723182879714e-04
8.433962972321509474e-04
8.420900483972704404e-04
8.407858226753965906e-04
8.394836169331398000e-04
8.381834280419640099e-04
8.368852528781779189e-04
8.355890883229286949e-04
8.342949312621938431e-04
8.330027785867737252e-04
8.317126271922844040e-04
8.304244739791498365e-04
8.291383158525949355e-04
8.278541497226373294e-04
8.265719725040806404e-04
8.252917811165065695e-04
8.240135724842683916e-04
8.227373435364823901e-04
8.214630912070210265e-04
8.201908124345058931e-04
8.189205041622996898e-04
8.176521633384991770e-04
8.163857869159285617e-04
8.151213718521306073e-04
8.138589151093605619e-04
8.125984136545788940e-04
8.113398644594431615e-04
8.100832645003016143e-04
8.088286107581849549e-04
8.075759002188000494e-04
8.063251298725226642e-04
8.050762967143890083e-04
8.038293977440897709e-04
8.025844299659627484e-04
8.013413903889848216e-04
8.001002760267661006e-04
7.988610838975413603e-04
7.976238110241638595e-04
7.963884544340978609e-04
7.951550111594110409e-04
7.939234782367684184e-04
7.926938527074243318e-04
7.914661316172156083e-04
7.902403120165542999e-04
7.890163909604215034e-04
7.877943655083582530e-04
7.865742327244610753e-04
7.853559896773727733e-04
7.841396334402763553e-04
7.829251610908883122e-04
7.817125697114504865e-04
7.805018563887245429e-04
7.792930182139834027e-04
7.780860522830051725e-04
7.768809556960665306e-04
7.756777255579344870e-04
7.744763589778607456e-04
7.732768530695742232e-04
7.720792049512733516e-04
7.708834117456205481e-04
7.696894705797347348e-04
7.684973785851837488e-04
7.673071328979784878e-04
7.661187306585655376e-04
7.649321690118202326e-04
7.637474451070398263e-04
7.625645560979372019e-04
7.613834991426330669e-04
7.602042714036494472e-04
7.590268700479038330e-04
7.578512922467009385e-04
7.566775351757268472e-04
7.555055960150416396e-04
7.543354719490731044e-04
7.531671601666099086e-04
7.520006578607943328e-04
7.508359622291163084e-04
7.496730704734059364e-04
7.485119797998274161e-04
7.473526874188718893e-04
7.461951905453509349e-04
7.450394863983895218e-04
7.438855722014202625e-04
7.427334451821753902e-04
7.415831025726812289e-04
7.404345416092511468e-04
7.392877595324786168e-04
7.381427535872313620e-04
7.369995210226435497e-04
7.358580590921103698e-04
7.347183650532810965e-04
7.335804361680518240e-04
7.324442697025597198e-04
7.313098629271760865e-04
7.301772131164997476e-04
7.290463175493510847e-04
7.279171735087645563e-04
7.267897782819825181e-04
7.256641291604493680e-04
7.245402234398043905e-04
7.234180584198749266e-04
7.222976314046707352e-04
7.211789397023768379e-04
7.200619806253477726e-04
7.189467514901000042e-04
7.178332496173070454e-04
7.167214723317913254e-04
7.156114169625189857e-04
7.145030808425931581e-04
7.133964613092471339e-04
7.122915557038384015e-04
7.111883613718422486e-04
7.100868756628452580e-04
7.089870959305388017e-04
7.078890195327130781e-04
7.067926438312502812e-04
7.056979661921187466e-04
7.046049839853663370e-04
7.035136945851139375e-04
7.024240953695496011e-04
7.013361837209220427e-04
7.002499570255344601e-04
6.991654126737377028e-04
6.980825480599247429e-04
6.970013605825241699e-04
6.959218476439936853e-04
6.948440066508142481e-04
6.937678350134834611e-04
6.926933301465098246e-04
6.916204894684057974e-04
6.905493104016822677e-04
6.894797903728422644e-04
6.884119268123743435e-04
6.873457171547468422e-04
6.862811588384019152e-04
6.852182493057483795e-04
6.841569860031567266e-04
6.830973663809525092e-04
6.820393878934099445e-04
6.809830479987460591e-04
6.799283441591150515e-04
6.788752738406011360e-04
6.778238345132133391e-04
6.767740236508791021e-04
6.757258387314382100e-04
6.746792772366369366e-04
6.736343366521214309e-04
6.725910144674322961e-04
6.715493081759983012e-04
6.705092152751304180e-04
6.694707332660158579e-04
6.684338596537117835e-04
6.673985919471394539e-04
6.663649276590789122e-04
6.653328643061613961e-04
6.643023994088652177e-04
6.632735304915086082e-04
6.622462550822440794e-04
6.612205707130527866e-04
6.601964749197382397e-04
6.591739652419202318e-04
6.581530392230295267e-04
6.571336944103012452e-04
6.561159283547699861e-04
6.550997386112623454e-04
6.540851227383927963e-04
6.530720782985568584e-04
6.520606028579251350e-04
6.510506939864378921e-04
6.500423492577989864e-04
6.490355662494704447e-04
6.480303425426658503e-04
6.470266757223451385e-04
6.460245633772088505e-04
6.450240030996920622e-04
6.440249924859584203e-04
6.430275291358948306e-04
6.420316106531056026e-04
6.410372346449064868e-04
6.400443987223186030e-04
6.390531005000639952e-04
6.380633375965581505e-04
6.370751076339054454e-04
6.360884082378932911e-04
6.351032370379862792e-04
6.341195916673200011e-04
6.331374697626966034e-04
6.321568689645777400e-04
6.311777869170796937e-04
6.302002212679674127e-04
6.292241696686494152e-04
6.282496297741711755e-04
6.272765992432103536e-04
6.263050757380708320e-04
6.253350569246765361e-04
6.243665404725672052e-04
6.233995240548916711e-04
6.224340053484023281e-04
6.214699820334503629e-04
6.205074517939792493e-04
6.195464123175193271e-04
6.185868612951831401e-04
6.176287964216584971e-04
6.166722153952042436e-04
6.157171159176438651e-04
6.147634956943601745e-04
6.138113524342905412e-04
6.128606838499196276e-04
6.119114876572758106e-04
6.109637615759244602e-04
6.100175033289634936e-04
6.090727106430163284e-04
6.081293812482280875e-04
6.071875128782593112e-04
6.062471032702806441e-04
6.053081501649669807e-04
6.043706513064929118e-04
6.034346044425269780e-04
6.025000073242254900e-04
6.015668577062282998e-04
6.006351533466527297e-04
5.997048920070881511e-04
5.987760714525909968e-04
5.978486894516789069e-04
5.969227437763260664e-04
5.959982322019568082e-04
5.950751525074417106e-04
5.941535024750906578e-04
5.932332798906485034e-04
5.923144825432896492e-04
5.913971082256127328e-04
5.904811547336348814e-04
5.895666198667867241e-04
5.886535014279077301e-04
5.877417972232394866e-04
5.868315050624217958e-04
5.859226227584870368e-04
5.850151481278538772e-04
5.841090789903240210e-04
5.832044131690749438e-04
5.823011484906562068e-04
5.813992827849836023e-04
5.804988138853330818e-04
5.795997396283375036e-04
5.787020578539795856e-04
5.778057664055880017e-04
5.769108631298310941e-04
5.760173458767129696e-04
5.751252124995669948e-04
5.742344608550517841e-04
5.733450888031451287e-04
5.724570942071396593e-04
5.715704749336369917e-04
5.706852288525431733e-04
5.698013538370630448e-04
5.689188477636960119e-04
5.680377085122297574e-04
5.671579339657359040e-04
5.662795220105650267e-04
5.654024705363407989e-04
5.645267774359558717e-04
5.636524406055664531e-04
5.627794579445868873e-04
5.619078273556845585e-04
5.610375467447760965e-04
5.601686140210206544e-04
5.593010270968160058e-04
5.584347838877932318e-04
5.575698823128116257e-04
5.567063202939534884e-04
5.558440957565200088e-04
5.549832066290247582e-04
5.541236508431906550e-04
5.532654263339432422e-04
5.524085310394064594e-04
5.515529629008978718e-04
5.506987198629236836e-04
5.498457998731733163e-04
5.489942008825149638e-04
5.481439208449902798e-04
5.472949577178102577e-04
5.464473094613492678e-04
5.456009740391406116e-04
5.447559494178720770e-04
5.439122335673801916e-04
5.430698244606458865e-04
5.422287200737897252e-04
5.413889183860669165e-04
5.405504173798618937e-04
5.397132150406846280e-04
5.388773093571645571e-04
5.380426983210465737e-04
5.372093799271858211e-04
5.363773521735433567e-04
5.355466130611806225e-04
5.347171605942551082e-04
5.338889927800155805e-04
5.330621076287968794e-04
5.322365031540156896e-04
5.314121773721654446e-04
5.305891283028118816e-04
5.297673539685872953e-04
5.289468523951871767e-04
5.281276216113646839e-04
5.273096596489258714e-04
5.264929645427252449e-04
5.256775343306606656e-04
5.248633670536696641e-04
5.240504607557229348e-04
5.232388134838213004e-04
5.224284232879901823e-04
5.216192882212752641e-04
5.208114063397373955e-04
5.200047757024486893e-04
5.191993943714865584e-04
5.183952604119306798e-04
5.175923718918570317e-04
5.167907268823338819e-04
5.159903234574170173e-04
5.151911596941452986e-04
5.143932336725355646e-04
5.135965434755784039e-04
5.128010871892336011e-04
5.120068629024251495e-04
5.112138687070372396e-04
5.104221026979090551e-04
5.096315629728306526e-04
5.088422476325380828e-04
5.080541547807090538e-04
5.072672825239584859e-04
5.064816289718334155e-04
5.056971922368089841e-04
5.049139704342835589e-04
5.041319616825748300e-04
5.033511641029141722e-04
5.025715758194433929e-04
5.017931949592092022e-04
5.010160196521593100e-04
5.002400480311376555e-04
4.994652782318802870e-04
4.986917083930104836e-04
4.979193366560342006e-04
4.971481611653360590e-04
4.963781800681743572e-04
4.956093915146773856e-04
4.948417936578382217e-04
4.940753846535105021e-04
4.933101626604043024e-04
4.925461258400811500e-04
4.917832723569502294e-04
4.910216003782638282e-04
4.902611080741124585e-04
4.895017936174205202e-04
4.887436551839430482e-04
4.879866909522596950e-04
4.872308991037714782e-04
4.864762778226959018e-04
4.857228252960627815e-04
4.849705397137099084e-04
4.842194192682787121e-04
4.834694621552095982e-04
4.827206665727381001e-04
4.819730307218903246e-04
4.812265528064784532e-04
4.804812310330966755e-04
4.797370636111167991e-04
4.789940487526839663e-04
4.782521846727124260e-04
4.775114695888808716e-04
4.767719017216288631e-04
4.760334792941518399e-04
4.752962005323972173e-04
4.745600636650599961e-04
4.738250669235788046e-04
4.730912085421310745e-04
4.723584867576294624e-04
4.716268998097169173e-04
4.708964459407633191e-04
4.701671233958602748e-04
4.694389304228175947e-04
4.687118652721590636e-04
4.679859261971175085e-04
4.672611114536318164e-04
4.665374193003415677e-04
4.658148479985835667e-04
4.650933958123873425e-04
4.643730610084712994e-04
4.636538418562381639e-04
4.629357366277709728e-04
4.622187435978290619e-04
4.615028610438437831e-04
4.607880872459143846e-04
4.600744204868037826e-04
4.593618590519348748e-04
4.586504012293857158e-04
4.579400453098859394e-04
4.572307895868125299e-04
4.565226323561855939e-04
4.558155719166644029e-04
4.551096065695432193e-04
4.544047346187472846e-04
4.537009543708287536e-04
4.529982641349625206e-04
4.522966622229423160e-04
4.515961469491764236e-04
4.508967166306837777e-04
4.501983695870900057e-04
4.495011041406233080e-04
4.488049186161103383e-04
4.481098113409721375e-04
4.474157806452205561e-04
4.467228248614536464e-04
4.460309423248518131e-04
4.453401313731743445e-04
4.446503903467546957e-04
4.439617175884969110e-04
4.432741114438713413e-04
4.425875702609112288e-04
4.419020923902080991e-04
4.412176761849081834e-04
4.405343200007082985e-04
4.398520221958518894e-04
4.391707811311253975e-04
4.384905951698537608e-04
4.378114626778969987e-04
4.371333820236459841e-04
4.364563515780187021e-04
4.357803697144562393e-04
4.351054348089187715e-04
4.344315452398819864e-04
4.337586993883328005e-04
4.330868956377656193e-04
4.324161323741787044e-04
4.317464079860698373e-04
4.310777208644330123e-04
4.304100694027538829e-04
4.297434519970064551e-04
4.290778670456489672e-04
4.284133129496202580e-04
4.277497881123355924e-04
4.270872909396831378e-04
4.264258198400200069e-04
4.257653732241685170e-04
4.251059495054121244e-04
4.244475470994918463e-04
4.237901644246024123e-04
4.231337999013885234e-04
4.224784519529408951e-04
4.218241190047924624e-04
4.211707994849149647e-04
4.205184918237145548e-04
4.198671944540285461e-04
4.192169058111216724e-04
4.185676243326816965e-04
4.179193484588163750e-04
4.172720766320492294e-04
4.166258072973162935e-04
4.159805389019617227e-04
4.153362698957346498e-04
4.146929987307851188e-04
4.140507238616605076e-04
4.134094437453019496e-04
4.127691568410401602e-04
4.121298616105922917e-04
4.114915565180577600e-04
4.108542400299149914e-04
4.102179106150174114e-04
4.095825667445899751e-04
4.089482068922251556e-04
4.083148295338798542e-04
4.076824331478711176e-04
4.070510162148729396e-04
4.064205772179123040e-04
4.057911146423658771e-04
4.051626269759560513e-04
4.045351127087473664e-04
4.039085703331429865e-04
4.032829983438810675e-04
4.026583952380311253e-04
4.020347595149904038e-04
4.014120896764802426e-04
4.007903842265424449e-04
4.001696416715359167e-04
3.995498605201327092e-04
3.989310392833147665e-04
3.983131764743703474e-04
3.976962706088899599e-04
3.970803202047634879e-04
3.964653237821761256e-04
3.958512798636051248e-04
3.952381869738160001e-04
3.946260436398591680e-04
3.940148483910662605e-04
3.934045997590469271e-04
3.927952962776846057e-04
3.921869364831339212e-04
3.915795189138164024e-04
3.909730421104173383e-04
3.903675046158821996e-04
3.897629049754132240e-04
3.891592417364656757e-04
3.885565134487446465e-04
3.879547186642014244e-04
3.873538559370299692e-04
3.867539238236634980e-04
3.861549208827710694e-04
3.855568456752540060e-04
3.849596967642425873e-04
3.843634727150924721e-04
3.837681720953812830e-04
3.831737934749050289e-04
3.825803354256752313e-04
3.819877965219145338e-04
3.813961753400542084e-04
3.808054704587303060e-04
3.802156804587800251e-04
3.796268039232388383e-04
3.790388394373366975e-04
3.784517855884947271e-04
3.778656409663218633e-04
3.772804041626113842e-04
3.766960737713377660e-04
3.761126483886529964e-04
3.755301266128833223e-04
3.749485070445259969e-04
3.743677882862457562e-04
3.737879689428714580e-04
3.732090476213930459e-04
3.726310229309575382e-04
3.720538934828664795e-04
3.714776578905720382e-04
3.709023147696739698e-04
3.703278627379160402e-04
3.697543004151830431e-04
3.691816264234969516e-04
3.686098393870143705e-04
3.680389379320226327e-04
3.674689206869364926e-04
3.668997862822952530e-04
3.663315333507591331e-04
3.657641605271059072e-04
3.651976664482283028e-04
3.646320497531297181e-04
3.640673090829216738e-04
3.635034430808202900e-04
3.629404503921430871e-04
3.623783296643057336e-04
3.618170795468186852e-04
3.612566986912841486e-04
3.606971857513925584e-04
3.601385393829197577e-04
3.595807582437233118e-04
3.590238409937395272e-04
3.584677862949801983e-04
3.579125928115294637e-04
3.573582592095404993e-04
3.568047841572322652e-04
3.562521663248864709e-04
3.557004043848441591e-04
3.551494970115028332e-04
3.545994428813128790e-04
3.540502406727748003e-04
3.535018890664356952e-04
3.529543867448861117e-04
3.524077323927574459e-04
3.518619246967177134e-04
3.513169623454695436e-04
3.507728440297461139e-04
3.502295684423086561e-04
3.496871342779429869e-04
3.491455402334563097e-04
3.486047850076742869e-04
3.480648673014379501e-04
3.475257858176002850e-04
3.469875392610233039e-04
3.464501263385750640e-04
3.459135457591263610e-04
3.453777962335476386e-04
3.448428764747059534e-04
3.443087851974618299e-04
3.437755211186663338e-04
3.432430829571577109e-04
3.427114694337586760e-04
3.421806792712728360e-04
3.416507111944821953e-04
3.411215639301436327e-04
3.405932362069861909e-04
3.400657267557076068e-04
3.395390343089717635e-04
3.390131576014051131e-04
3.384880953695941822e-04
3.379638463520822657e-04
3.374404092893660656e-04
3.369177829238933055e-04
3.363959660000593699e-04
3.358749572642042141e-04
3.353547554646095453e-04
3.348353593514955700e-04
3.343167676770183918e-04
3.337989791952665963e-04
3.332819926622585405e-04
3.327658068359391004e-04
3.322504204761770144e-04
3.317358323447616307e-04
3.312220412054000889e-04
3.307090458237141751e-04
3.301968449672376118e-04
3.296854374054129680e-04
3.291748219095886230e-04
3.286649972530158396e-04
3.281559622108459989e-04
3.276477155601272397e-04
3.271402560798023439e-04
3.266335825507046711e-04
3.261276937555561526e-04
3.256225884789640387e-04
3.251182655074178092e-04
3.246147236292865165e-04
3.241119616348159130e-04
3.236099783161251438e-04
3.231087724672043076e-04
3.226083428839113666e-04
3.221086883639691107e-04
3.216098077069624471e-04
3.211116997143357438e-04
3.206143631893893062e-04
3.201177969372771001e-04
3.196219997650035535e-04
3.191269704814210626e-04
3.186327078972265225e-04
3.181392108249589423e-04
3.176464780789965713e-04
3.171545084755538640e-04
3.166633008326786062e-04
3.161728539702494760e-04
3.156831667099725203e-04
3.151942378753792027e-04
3.147060662918225549e-04
3.142186507864754420e-04
3.137319901883268221e-04
3.132460833281794149e-04
3.127609290386468288e-04
3.122765261541506879e-04
3.117928735109177585e-04
3.113099699469774558e-04
3.108278143021587538e-04
3.103464054180874745e-04
3.098657421381834152e-04
3.093858233076579090e-04
3.089066477735107888e-04
3.084282143845275140e-04
3.079505219912765149e-04
3.074735694461065900e-04
3.069973556031440872e-04
3.065218793182898139e-04
3.060471394492167603e-04
3.055731348553671176e-04
3.050998643979494591e-04
3.046273269399363010e-04
3.041555213460610122e-04
3.036844464828153205e-04
3.032141012184465484e-04
3.027444844229548477e-04
3.022755949680904896e-04
3.018074317273512623e-04
3.013399935759795978e-04
3.008732793909599159e-04
3.004072880510160219e-04
2.999420184366083418e-04
2.994774694299312664e-04
2.990136399149103319e-04
2.985505287771997806e-04
2.980881349041797422e-04
2.976264571849533604e-04
2.971654945103446789e-04
2.967052457728952802e-04
2.962457098668621713e-04
2.957868856882148569e-04
2.953287721346328451e-04
2.948713681055027745e-04
2.944146725019161377e-04
2.939586842266661364e-04
2.935034021842454596e-04
2.930488252808435726e-04
2.925949524243438979e-04
2.921417825243214305e-04
2.916893144920400271e-04
2.912375472404495872e-04
2.907864796841838303e-04
2.903361107395574232e-04
2.898864393245634318e-04
2.894374643588707731e-04
2.889891847638213426e-04
2.885415994624281164e-04
2.880947073793716819e-04
2.876485074409982864e-04
2.872029985753169639e-04
2.867581797119970956e-04
2.863140497823657535e-04
2.858706077194051527e-04
2.854278524577501578e-04
2.849857829336856262e-04
2.845443980851439692e-04
2.841036968517023325e-04
2.836636781745804285e-04
2.832243409966377166e-04
2.827856842623710184e-04
2.823477069179118615e-04
2.819104079110239854e-04
2.814737861911009568e-04
2.810378407091632417e-04
2.806025704178563085e-04
2.801679742714474836e-04
2.797340512258237829e-04
2.793008002384895268e-04
2.788682202685633586e-04
2.784363102767761842e-04
2.780050692254686789e-04
2.775744960785883056e-04
2.771445898016875798e-04
2.767153493619206551e-04
2.762867737280418588e-04
2.758588618704022771e-04
2.754316127609480200e-04
2.750050253732172403e-04
2.745790986823380729e-04
2.741538316650257625e-04
2.737292232995805485e-04
2.733052725658850638e-04
2.728819784454017861e-04
2.724593399211709243e-04
2.720373559778074368e-04
2.716160256014992424e-04
2.711953477800041305e-04
2.707753215026479179e-04
2.703559457603215213e-04
2.699372195454789519e-04
2.695191418521346045e-04
2.691017116758609266e-04
2.686849280137861419e-04
2.682687898645914849e-04
2.678532962285092500e-04
2.674384461073201348e-04
2.670242385043507466e-04
2.666106724244714883e-04
2.661977468740939017e-04
2.657854608611683912e-04
2.653738133951821093e-04
2.649628034871558666e-04
2.645524301496425057e-04
2.641426923967241363e-04
2.637335892440098584e-04
2.633251197086334313e-04
2.629172828092507801e-04
2.625100775660377727e-04
2.621035030006879977e-04
2.616975581364098906e-04
2.612922419979249455e-04
2.608875536114653297e-04
2.604834920047711185e-04
2.600800562070881817e-04
2.596772452491661774e-04
2.592750581632556790e-04
2.588734939831062237e-04
2.584725517439637643e-04
2.580722304825686098e-04
2.576725292371529310e-04
2.572734470474383759e-04
2.568749829546339552e-04
2.564771360014336029e-04
2.560799052320140079e-04
2.556832896920321744e-04
2.552872884286230912e-04
2.548919004903977257e-04
2.544971249274405301e-04
2.541029607913069480e-04
2.537094071350217339e-04
2.533164630130759713e-04
2.529241274814253383e-04
2.525323995974877223e-04
2.521412784201405638e-04
2.517507630097192838e-04
2.513608524280143571e-04
2.509715457382695231e-04
2.505828420051792920e-04
2.501947402948867766e-04
2.498072396749815237e-04
2.494203392144971293e-04
2.490340379839090152e-04
2.486483350551323157e-04
2.482632295015194915e-04
2.478787203978584331e-04
2.474948068203696415e-04
2.471114878467046017e-04
2.467287625559433438e-04
2.463466300285921113e-04
2.459650893465811935e-04
2.455841395932629729e-04
2.452037798534094869e-04
2.448240092132100958e-04
2.444448267602697487e-04
2.440662315836061370e-04
2.436882227736483124e-04
2.433107994222337596e-04
2.429339606226065527e-04
2.425577054694152957e-04
2.421820330587106827e-04
2.418069424879434924e-04
2.414324328559622841e-04
2.410585032630113917e-04
2.406851528107287013e-04
2.403123806021433744e-04
2.399401857416739504e-04
2.395685673351259615e-04
2.391975244896898186e-04
2.388270563139387507e-04
2.384571619178266373e-04
2.380878404126858939e-04
2.377190909112252492e-04
2.373509125275276852e-04
2.369833043770481877e-04
2.366162655766119571e-04
2.362497952444117522e-04
2.358838925000063453e-04
2.355185564643179743e-04
2.351537862596304721e-04
2.347895810095869363e-04
2.344259398391879124e-04
2.340628618747891173e-04
2.337003462440992983e-04
2.333383920761782266e-04
2.329769985014346653e-04
2.326161646516240375e-04
2.322558896598466381e-04
2.318961726605453836e-04
2.315370127895036980e-04
2.311784091838435886e-04
2.308203609820233960e-04
2.304628673238359239e-04
2.301059273504061080e-04
2.297495402041892817e-04
2.293937050289688174e-04
2.290384209698542565e-04
2.286836871732790869e-04
2.283295027869989809e-04
2.279758669600893831e-04
2.276227788429437213e-04
2.272702375872712925e-04
2.269182423460952569e-04
2.265667922737504695e-04
2.262158865258816372e-04
2.258655242594412315e-04
2.255157046326872661e-04
2.251664268051816430e-04
2.248176899377877949e-04
2.244694931926688420e-04
2.241218357332855858e-04
2.237747167243943954e-04
2.234281353320452827e-04
2.230820907235798968e-04
2.227365820676294910e-04
2.223916085341129173e-04
2.220471692942347286e-04
2.217032635204829836e-04
2.213598903866275660e-04
2.210170490677178538e-04
2.206747387400809571e-04
2.203329585813197395e-04
2.199917077703107313e-04
2.196509854872022590e-04
2.193107909134123853e-04
2.189711232316270118e-04
2.186319816257979005e-04
2.182933652811407219e-04
2.179552733841330495e-04
2.176177051225124082e-04
2.172806596852744582e-04
2.169441362626707993e-04
2.166081340462072907e-04
2.162726522286419098e-04
2.159376900039829085e-04
2.156032465674868892e-04
2.152693211156567719e-04
2.149359128462399781e-04
2.146030209582264518e-04
2.142706446518467085e-04
2.139387831285699646e-04
2.136074355911022130e-04
2.132766012433842716e-04
2.129462792905898860e-04
2.126164689391238046e-04
2.122871693966199634e-04
2.119583798719394793e-04
2.116300995751687264e-04
2.113023277176175464e-04
2.109750635118173520e-04
2.106483061715190661e-04
2.103220549116914149e-04
2.099963089485190300e-04
2.096710674994004160e-04
2.093463297829462153e-04
2.090220950189772568e-04
2.086983624285228213e-04
2.083751312338184456e-04
2.080524006583044593e-04
2.077301699266238160e-04
2.074084382646203587e-04
2.070872048993370310e-04
2.067664690590137629e-04
2.064462299730859254e-04
2.061264868721822711e-04
2.058072389881231720e-04
2.054884855539186952e-04
2.051702258037669494e-04
2.048524589730519707e-04
2.045351842983421777e-04
2.042184010173882030e-04
2.039021083691213755e-04
2.035863055936517957e-04
2.032709919322663841e-04
2.029561666274271742e-04
2.026418289227694953e-04
2.023279780631001036e-04
2.020146132943954464e-04
2.017017338637997923e-04
2.013893390196233612e-04
2.010774280113406432e-04
2.007660000895885287e-04
2.004550545061644924e-04
2.001445905140248856e-04
1.998346073672830389e-04
1.995251043212074729e-04
1.992160806322202456e-04
1.989075355578949456e-04
1.985994683569551210e-04
1.982918782892723541e-04
1.979847646158645544e-04
1.976781265988941693e-04
1.973719635016663683e-04
1.970662745886274164e-04
1.967610591253626687e-04
1.964563163785949709e-04
1.961520456161829789e-04
1.958482461071190718e-04
1.955449171215280235e-04
1.952420579306649430e-04
1.949396678069136208e-04
1.946377460237847131e-04
1.943362918559141963e-04
1.940353045790613889e-04
1.937347834701073251e-04
1.934347278070530738e-04
1.931351368690177876e-04
1.928360099362372662e-04
1.925373462900619771e-04
1.922391452129554844e-04
1.919414059884926591e-04
1.916441279013579720e-04
1.913473102373437317e-04
1.910509522833484311e-04
1.907550533273750398e-04
1.904596126585292694e-04
1.901646295670177849e-04
1.898701033441466861e-04
1.895760332823196110e-04
1.892824186750361360e-04
1.889892588168900957e-04
1.886965530035677942e-04
1.884043005318464324e-04
1.881125006995923736e-04
1.878211528057593276e-04
1.875302561503869141e-04
1.872398100345988190e-04
1.869498137606010878e-04
1.866602666316805525e-04
1.863711679522031246e-04
1.860825170276120060e-04
1.857943131644263066e-04
1.855065556702390384e-04
1.852192438537157335e-04
1.849323770245925465e-04
1.846459544936747367e-04
1.843599755728350686e-04
1.840744395750119422e-04
1.837893458142080103e-04
1.835046936054883352e-04
1.832204822649787900e-04
1.829367111098644048e-04
1.826533794583878488e-04
1.823704866298476144e-04
1.820880319445964454e-04
1.818060147240397912e-04
1.815244342906340458e-04
1.812432899678850025e-04
1.809625810803462546e-04
1.806823069536174877e-04
1.804024669143427996e-04
1.801230602902093719e-04
1.798440864099454370e-04
1.795655446033191127e-04
1.792874342011363965e-04
1.790097545352398645e-04
1.787325049385068011e-04
1.784556847448478167e-04
1.781792932892051673e-04
1.779033299075510736e-04
1.776277939368862036e-04
1.773526847152382356e-04
1.770780015816599072e-04
1.768037438762277405e-04
1.765299109400402812e-04
1.762565021152166344e-04
1.759835167448947841e-04
1.757109541732300483e-04
1.754388137453936696e-04
1.751670948075708637e-04
1.748957967069595450e-04
1.746249187917688094e-04
1.743544604112170636e-04
1.740844209155307783e-04
1.738147996559427264e-04
1.735455959846904654e-04
1.732768092550148462e-04
1.730084388211584683e-04
1.727404840383640265e-04
1.724729442628727385e-04
1.722058188519229630e-04
1.719391071637485187e-04
1.716728085575772752e-04
1.714069223936294452e-04
1.711414480331161208e-04
1.708763848382378100e-04
1.706117321721828102e-04
1.703474893991256906e-04
1.700836558842258009e-04
1.698202309936257270e-04
1.695572140944498539e-04
1.692946045548026040e-04
1.690324017437671363e-04
1.687706050314038552e-04
1.685092137887487574e-04
1.682482273878119412e-04
1.679876452015761424e-04
1.677274666039952711e-04
1.674676909699928122e-04
1.672083176754603619e-04
1.669493460972561638e-04
1.666907756132035643e-04
1.664326056020895214e-04
1.661748354436631684e-04
1.659174645186341874e-04
1.656604922086715628e-04
1.654039178964017919e-04
1.651477409654076927e-04
1.648919608002266690e-04
1.646365767863494634e-04
1.643815883102184771e-04
1.641269947592263875e-04
1.638727955217147384e-04
1.636189899869723683e-04
1.633655775452340006e-04
1.631125575876788076e-04
1.628599295064287291e-04
1.626076926945473891e-04
1.623558465460383062e-04
1.621043904558435930e-04
1.618533238198425193e-04
1.616026460348499400e-04
1.613523564986149941e-04
1.611024546098195327e-04
1.608529397680767096e-04
1.606038113739296255e-04
1.603550688288497839e-04
1.601067115352356265e-04
1.598587388964112601e-04
1.596111503166249110e-04
1.593639452010474074e-04
1.591171229557708782e-04
1.588706829878073980e-04
1.586246247050873606e-04
1.583789475164581778e-04
1.581336508316827621e-04
1.578887340614384147e-04
1.576441966173148471e-04
1.574000379118133683e-04
1.571562573583450953e-04
1.569128543712296523e-04
1.566698283656937885e-04
1.564271787578699142e-04
1.561849049647947186e-04
1.559430064044078413e-04
1.557014824955504093e-04
1.554603326579635726e-04
1.552195563122872851e-04
1.549791528800587047e-04
1.547391217837109745e-04
1.544994624465718122e-04
1.542601742928619935e-04
1.540212567476940768e-04
1.537827092370710493e-04
1.535445311878848892e-04
1.533067220279152115e-04
1.530692811858277763e-04
1.528322080911734054e-04
1.525955021743862741e-04
1.523591628667827732e-04
1.521231896005600991e-04
1.518875818087947634e-04
1.516523389254413731e-04
1.514174603853312752e-04
1.511829456241710389e-04
1.509487940785413443e-04
1.507150051858953562e-04
1.504815783845576396e-04
1.502485131137225338e-04
1.500158088134531491e-04
1.497834649246796053e-04
1.495514808891980016e-04
1.493198561496690612e-04
1.490885901496165865e-04
1.488576823334263749e-04
1.486271321463446195e-04
1.483969390344767978e-04
1.481671024447862352e-04
1.479376218250927496e-04
1.477084966240714862e-04
1.474797262912513993e-04
1.472513102770140326e-04
1.470232480325921371e-04
1.467955390100685053e-04
1.465681826623743721e-04
1.463411784432883849e-04
1.461145258074352481e-04
1.458882242102841243e-04
1.456622731081477122e-04
1.454366719581807565e-04
1.452114202183786649e-04
1.449865173475763970e-04
1.447619628054470551e-04
1.445377560525005556e-04
1.443138965500824098e-04
1.440903837603723140e-04
1.438672171463830653e-04
1.436443961719590442e-04
1.434219203017751026e-04
1.431997890013351549e-04
1.429780017369709040e-04
1.427565579758407024e-04
1.425354571859281162e-04
1.423146988360406238e-04
1.420942823958085046e-04
1.418742073356834567e-04
1.416544731269373230e-04
1.414350792416607899e-04
1.412160251527622764e-04
1.409973103339664700e-04
1.407789342598132700e-04
1.405608964056562151e-04
1.403431962476615891e-04
1.401258332628068488e-04
1.399088069288796209e-04
1.396921167244762659e-04
1.394757621290007392e-04
1.392597426226632089e-04
1.390440576864789988e-04
1.388287068022671790e-04
1.386136894526493999e-04
1.383990051210485378e-04
1.381846532916876640e-04
1.379706334495886359e-04
1.377569450805708772e-04
1.375435876712502122e-04
1.373305607090375649e-04
1.371178636821377935e-04
1.369054960795483349e-04
1.366934573910582023e-04
1.364817471072464939e-04
1.362703647194813631e-04
1.360593097199187449e-04
1.358485816015010000e-04
1.356381798579559938e-04
1.354281039837956324e-04
1.352183534743146430e-04
1.350089278255895439e-04
1.347998265344772621e-04
1.345910490986140491e-04
1.343825950164141529e-04
1.341744637870687063e-04
1.339666549105444806e-04
1.337591678875827469e-04
1.335520022196979477e-04
1.333451574091766676e-04
1.331386329590762230e-04
1.329324283732237141e-04
1.327265431562146966e-04
1.325209768134119072e-04
1.323157288509442888e-04
1.321107987757056345e-04
1.319061860953533950e-04
1.317018903183077576e-04
1.314979109537500193e-04
1.312942475116218551e-04
1.310908995026238276e-04
1.308878664382143837e-04
1.306851478306085264e-04
1.304827431927769207e-04
1.302806520384442942e-04
1.300788738820887595e-04
1.298774082389402148e-04
1.296762546249795311e-04
1.294754125569370343e-04
1.292748815522917728e-04
1.290746611292698919e-04
1.288747508068438475e-04
1.286751501047310507e-04
1.284758585433928109e-04
1.282768756440331157e-04
1.280782009285974933e-04
1.278798339197719273e-04
1.276817741409816648e-04
1.274840211163900234e-04
1.272865743708973343e-04
1.270894334301397226e-04
1.268925978204880499e-04
1.266960670690466949e-04
1.264998407036524962e-04
1.263039182528735054e-04
1.261082992460080385e-04
1.259129832130833476e-04
1.257179696848545643e-04
1.255232581928036146e-04
1.253288482691380815e-04
1.251347394467900657e-04
1.249409312594150479e-04
1.247474232413908041e-04
1.245542149278161862e-04
1.243613058545101188e-04
1.241686955580104882e-04
1.239763835755729768e-04
1.237843694451698973e-04
1.235926527054892444e-04
1.234012328959334479e-04
1.232101095566182883e-04
1.230192822283718670e-04
1.228287504527333864e-04
1.226385137719521743e-04
1.224485717289864369e-04
1.222589238675023376e-04
1.220695697318727630e-04
1.218805088671762665e-04
1.216917408191959838e-04
1.215032651344185758e-04
1.213150813600330497e-04
1.211271890439297557e-04
1.209395877346992627e-04
1.207522769816312872e-04
1.205652563347135958e-04
1.203785253446309480e-04
1.201920835627639714e-04
1.200059305411881180e-04
1.198200658326726480e-04
1.196344889906793827e-04
1.194491995693618239e-04
1.192641971235639610e-04
1.190794812088192547e-04
1.188950513813495527e-04
1.187109071980640192e-04
1.185270482165580642e-04
1.183434739951123133e-04
1.181601840926915103e-04
1.179771780689435005e-04
1.177944554841980923e-04
1.176120158994661087e-04
1.174298588764382216e-04
1.172479839774840304e-04
1.170663907656508421e-04
1.168850788046628039e-04
1.167040476589196974e-04
1.165232968934960166e-04
1.163428260741398160e-04
1.161626347672717216e-04
1.159827225399839140e-04
1.158030889600390582e-04
1.156237335958692732e-04
1.154446560165750345e-04
1.152658557919242389e-04
1.150873324923511204e-04
1.149090856889552198e-04
1.147311149535003825e-04
1.145534198584136467e-04
1.143759999767843217e-04
1.141988548823628772e-04
1.140219841495599941e-04
1.138453873534454804e-04
1.136690640697472819e-04
1.134930138748504525e-04
1.133172363457961507e-04
1.131417310602805831e-04
1.129664975966540688e-04
1.127915355339199151e-04
1.126168444517335087e-04
1.124424239304012730e-04
1.122682735508796103e-04
1.120943928947739672e-04
1.119207815443377501e-04
1.117474390824714714e-04
1.115743650927215436e-04
1.114015591592794249e-04
1.112290208669805899e-04
1.110567498013034451e-04
1.108847455483685427e-04
1.107130076949373204e-04
1.105415358284112881e-04
1.103703295368309713e-04
1.101993884088749615e-04
1.100287120338589006e-04
1.098583000017344777e-04
1.096881519030884532e-04
1.095182673291417511e-04
1.093486458717483201e-04
1.091792871233942939e-04
1.090101906771969744e-04
1.088413561269037881e-04
1.086727830668914464e-04
1.085044710921648198e-04
1.083364197983560445e-04
1.081686287817235727e-04
1.080010976391511298e-04
1.078338259681467927e-04
1.076668133668420542e-04
1.075000594339907937e-04
1.073335637689683145e-04
1.071673259717704222e-04
1.070013456430124899e-04
1.068356223839284145e-04
1.066701557963697087e-04
1.065049454828045114e-04
1.063399910463166937e-04
1.061752920906218776e-04
1.060108482200240547e-04
1.058466590394399669e-04
1.056827241544065196e-04
1.055190431710717697e-04
1.053556156961937595e-04
1.051924413371396229e-04
1.050295197018845546e-04
1.048668503990109435e-04
1.047044330377074100e-04
1.045422672277678303e-04
1.043803525795904694e-04
1.042186887041770047e-04
1.040572752131315235e-04
1.038961117186597505e-04
1.037351978335679771e-04
1.035745331712621941e-04
1.034141173457471291e-04
1.032539499716253391e-04
1.030940306640963292e-04
1.029343590389555089e-04
1.027749347125934065e-04
1.026157573019946388e-04
1.024568264247370573e-04
1.022981416989907999e-04
1.021397027435173822e-04
1.019815091776688035e-04
1.018235606213865576e-04
1.016658566952008326e-04
1.015083970202294817e-04
1.013511812181772093e-04
1.011942089113345821e-04
1.010374797225772160e-04
1.008809932753647456e-04
1.007247491937400796e-04
1.005687471023283429e-04
1.004129866263360504e-04
1.002574673915501854e-04
1.001021890243373590e-04
9.994715115164279416e-05
9.979235340098956629e-05
9.963779540047760066e-05
9.948347677878283200e-05
9.932939716515629656e-05
9.917555618942323762e-05
9.902195348198226520e-05
9.886858867380435322e-05
9.871546139643210763e-05
9.856257128197872289e-05
9.840991796312725012e-05
9.825750107312958065e-05
9.810532024580563288e-05
9.795337511554249850e-05
9.780166531729349376e-05
9.765019048657733278e-05
9.749895025947724668e-05
9.734794427264007550e-05
9.719717216327541443e-05
9.704663356915478709e-05
9.689632812861071040e-05
9.674625548053584080e-05
9.659641526438212040e-05
9.644680712015995031e-05
9.629743068843718773e-05
9.614828561033846835e-05
9.599937152754423053e-05
9.585068808228982087e-05
9.570223491736478945e-05
9.555401167611183276e-05
9.540601800242608894e-05
9.525825354075424334e-05
9.511071793609363403e-05
9.496341083399141157e-05
9.481633188054373938e-05
9.466948072239487219e-05
9.452285700673634288e-05
9.437646038130618998e-05
9.423029049438790060e-05
9.408434699480980052e-05
9.393862953194407847e-05
9.379313775570595935e-05
9.364787131655290470e-05
9.350282986548373175e-05
9.335801305403775962e-05
9.321342053429406392e-05
9.306905195887054164e-05
9.292490698092311155e-05
9.278098525414488749e-05
9.263728643276536521e-05
9.249381017154952793e-05
9.235055612579710091e-05
9.220752395134161638e-05
9.206471330454973586e-05
9.192212384232028796e-05
9.177975522208348233e-05
9.163760710180012361e-05
9.149567913996077117e-05
9.135397099558488531e-05
9.121248232822006831e-05
9.107121279794116997e-05
9.093016206534956932e-05
9.078932979157225305e-05
9.064871563826111078e-05
9.050831926759201349e-05
9.036814034226404101e-05
9.022817852549875023e-05
9.008843348103926700e-05
8.994890487314950017e-05
8.980959236661332839e-05
8.967049562673384117e-05
8.953161431933252573e-05
8.939294811074835901e-05
8.925449666783719777e-05
8.911625965797081636e-05
8.897823674903614782e-05
8.884042760943451134e-05
8.870283190808083979e-05
8.856544931440282591e-05
8.842827949834010913e-05
8.829132213034359799e-05
8.815457688137457565e-05
8.801804342290390029e-05
8.788172142691131391e-05
8.774561056588457502e-05
8.760971051281867255e-05
8.747402094121509402e-05
8.733854152508097176e-05
8.720327193892833749e-05
8.706821185777337691e-05
8.693336095713556243e-05
8.679871891303693476e-05
8.666428540200135763e-05
8.653006010105360971e-05
8.639604268771874766e-05
8.626223284002125231e-05
8.612863023648429685e-05
8.599523455612894719e-05
8.586204547847341661e-05
8.572906268353226614e-05
8.559628585181560496e-05
8.546371466432843989e-05
8.533134880256980804e-05
8.519918794853201781e-05
8.506723178469994423e-05
8.493547999405020221e-05
8.480393226005044185e-05
8.467258826665849457e-05
8.454144769832173619e-05
8.441051023997626023e-05
8.427977557704609182e-05
8.414924339544251010e-05
8.401891338156326219e-05
8.388878522229175000e-05
8.375885860499636621e-05
8.362913321752972170e-05
8.349960874822783246e-05
8.337028488590944196e-05
8.324116131987526217e-05
8.311223773990720110e-05
8.298351383626763095e-05
8.285498929969862918e-05
8.272666382142130086e-05
8.259853709313495199e-05
8.247060880701637120e-05
8.234287865571912504e-05
8.221534633237275835e-05
8.208801153058219798e-05
8.196087394442677697e-05
8.183393326845970605e-05
8.170718919770731466e-05
8.158064142766819715e-05
8.145428965431257583e-05
8.132813357408160977e-05
8.120217288388652743e-05
8.107640728110803038e-05
8.095083646359549367e-05
8.082546012966627469e-05
8.070027797810499484e-05
8.057528970816273995e-05
8.045049501955643689e-05
8.032589361246809457e-05
8.020148518754404506e-05
8.007726944589430658e-05
7.995324608909178392e-05
7.982941481917156371e-05
7.970577533863026389e-05
7.958232735042524764e-05
7.945907055797398648e-05
7.933600466515319284e-05
7.921312937629831864e-05
7.909044439620267438e-05
7.896794943011684639e-05
7.884564418374787010e-05
7.872352836325857955e-05
7.860160167526694327e-05
7.847986382684531896e-05
7.835831452551969447e-05
7.823695347926911867e-05
7.811578039652483402e-05
7.799479498616976162e-05
7.787399695753760673e-05
7.775338602041231666e-05
7.763296188502729473e-05
7.751272426206476331e-05
7.739267286265500486e-05
7.727280739837573853e-05
7.715312758125138833e-05
7.703363312375237837e-05
7.691432373879440103e-05
7.679519913973790199e-05
7.667625904038717220e-05
7.655750315498981932e-05
7.643893119823600877e-05
7.632054288525775903e-05
7.620233793162834530e-05
7.608431605336154059e-05
7.596647696691093805e-05
7.584882038916931403e-05
7.573134603746786914e-05
7.561405362957568615e-05
7.549694288369886261e-05
7.538001351848003652e-05
7.526326525299754607e-05
7.514669780676484692e-05
7.503031089972978028e-05
7.491410425227397669e-05
7.479807758521212413e-05
7.468223061979126329e-05
7.456656307769024550e-05
7.445107468101891954e-05
7.433576515231758958e-05
7.422063421455622908e-05
7.410568159113389809e-05
7.399090700587805203e-05
7.387631018304391829e-05
7.376189084731371018e-05
7.364764872379616614e-05
7.353358353802568240e-05
7.341969501596177085e-05
7.330598288398843562e-05
7.319244686891331932e-05
7.307908669796735061e-05
7.296590209880378201e-05
7.285289279949778334e-05
7.274005852854558785e-05
7.262739901486401793e-05
7.251491398778967196e-05
7.240260317707842284e-05
7.229046631290461840e-05
7.217850312586057996e-05
7.206671334695584341e-05
7.195509670761656286e-05
7.184365293968490078e-05
7.173238177541828265e-05
7.162128294748885482e-05
7.151035618898275270e-05
7.139960123339955862e-05
7.128901781465159715e-05
7.117860566706328454e-05
7.106836452537054598e-05
7.095829412472009730e-05
7.084839420066891646e-05
7.073866448918352521e-05
7.062910472663935216e-05
7.051971464982019066e-05
7.041049399591742632e-05
7.030144250252954913e-05
7.019255990766142157e-05
7.008384594972365527e-05
6.997530036753206884e-05
6.986692290030698319e-05
6.975871328767259806e-05
6.965067126965636868e-05
6.954279658668845003e-05
6.943508897960095152e-05
6.932754818962744907e-05
6.922017395840223970e-05
6.911296602795978592e-05
6.900592414073410585e-05
6.889904803955813623e-05
6.879233746766309548e-05
6.868579216867788737e-05
6.857941188662847762e-05
6.847319636593729756e-05
6.836714535142262076e-05
6.826125858829791245e-05
6.815553582217128749e-05
6.804997679904485977e-05
6.794458126531410531e-05
6.783934896776726590e-05
6.773427965358484769e-05
6.762937307033882158e-05
6.752462896599218951e-05
6.742004708889825268e-05
6.731562718780011005e-05
6.721136901182996721e-05
6.710727231050859424e-05
6.700333683374468878e-05
6.689956233183429321e-05
6.679594855546019841e-05
6.669249525569134740e-05
6.658920218398218485e-05
6.648606909217216916e-05
6.638309573248501354e-05
6.628028185752827942e-05
6.617762722029265818e-05
6.607513157415134772e-05
6.597279467285961879e-05
6.587061627055405605e-05
6.576859612175209725e-05
6.566673398135130146e-05
6.556502960462891533e-05
6.546348274724114128e-05
6.536209316522271736e-05
6.526086061498611766e-05
6.515978485332117283e-05
6.505886563739436538e-05
6.495810272474826042e-05
6.485749587330099069e-05
6.475704484134555186e-05
6.465674938754936880e-05
6.455660927095356377e-05
6.445662425097253628e-05
6.435679408739327192e-05
6.425711854037475959e-05
6.415759737044749009e-05
6.405823033851285975e-05
6.395901720584254706e-05
6.385995773407797057e-05
6.376105168522974676e-05
6.366229882167706664e-05
6.365006134657051227e-05
