0.000000000000000000e+00
1.525423430064392662e-03
3.049207403634532441e-03
6.093498704626089391e-03
9.131241431034671507e-03
1.216244528325751730e-02
4.211694643067636495e-02
7.142837703027835050e-02
1.001066102647859279e-01
1.281616568670042866e-01
2.120129270819262612e-01
2.901747024968820421e-01
3.629562548398164723e-01
4.306612853048045197e-01
4.935853432497281368e-01
5.765313283032409419e-01
6.509277374195897581e-01
7.175332092037021159e-01
7.770503398459597255e-01
8.301264003858717100e-01
8.400218389512714712e-01
8.496880547224332503e-01
8.505600341113379592e-01
8.514301399555738170e-01
8.522983755910197301e-01
8.540292484409788276e-01
8.557526809120796774e-01
8.560963287172841385e-01
8.564396803661914470e-01
8.571257917761523348e-01
8.571570279382709767e-01
8.571882616419290724e-01
8.572507241350324492e-01
8.572601526715664111e-01
8.572695380956691924e-01
8.572698596108850877e-01
8.572701583558774985e-01
8.572704343306463137e-01
8.572706875351914224e-01
8.572709179695132686e-01
8.572713105274858414e-01
8.572716120045642541e-01
8.572718224007483956e-01
8.572709965539772048e-01
8.572696919490541134e-01
8.572683873464000959e-01
8.572553414446574260e-01
8.572422957698165868e-01
8.572292503218739146e-01
8.572162051008260786e-01
8.570857653686401179e-01
8.569553483214066292e-01
8.568249539551128224e-01
8.566945822657312526e-01
8.553921117166043420e-01
8.540919044339706501e-01
8.527939564023854224e-01
8.514982636135017824e-01
8.502048220661166944e-01
8.422172537115760749e-01
8.343155159739223947e-01
8.264986669717402368e-01
8.187657751918536730e-01
8.111159193738661788e-01
8.035481883972476203e-01
7.960616811697680539e-01
7.886555065170737233e-01
7.813287830734780837e-01
7.740806391739537551e-01
7.669102127473164110e-01
7.598166512105840598e-01
7.527991113644987298e-01
7.458567592901998999e-01
7.389887702470349096e-01
7.321943285714958005e-01
7.254726275772671595e-01
7.188228694563760790e-01
7.122442651807452396e-01
7.057360344059051549e-01
6.992974053781838562e-01
6.929276148362353283e-01
6.866259079187275738e-01
6.803915380720133577e-01
6.742237669586539361e-01
6.681218643669464274e-01
6.620851081214516043e-01
6.561127839947387130e-01
6.502041858340812386e-01
6.443586149337081626e-01
6.385753802779875477e-01
6.328537985650843911e-01
6.271931940127298821e-01
6.215928982755738463e-01
6.160522503633110158e-01
6.105705965596910367e-01
6.051472903424239824e-01
5.997816923039658299e-01
5.944731700731784585e-01
5.892210982378511819e-01
5.840248582680742651e-01
5.788838384404595416e-01
5.737974337631920330e-01
5.687650459019086835e-01
5.637860831063932210e-01
5.588599601380787041e-01
5.539860981983459887e-01
5.491639248576153376e-01
5.443928739852160748e-01
5.396723856800298424e-01
5.350019062018973592e-01
5.303808879037796853e-01
5.258087891646687773e-01
5.212850743232336770e-01
5.168092136122002245e-01
5.123806830929924505e-01
5.079989642353046619e-01
5.036635450126034641e-01
4.993739185498338728e-01
4.951295835502557141e-01
4.909300442730102354e-01
4.867748105803937908e-01
4.826633975024205991e-01
4.785953254055588246e-01
4.745701200087315552e-01
4.705873119260820525e-01
4.666464376586740848e-01
4.627470383704743728e-01
4.588886602747007659e-01
4.550708546133694909e-01
4.512931775655379951e-01
4.475551901931015264e-01
4.438564583870145963e-01
4.401965528141172368e-01
4.365750488645494531e-01
4.329915265997452134e-01
4.294455707009980361e-01
4.259367704185941239e-01
4.224647195215044393e-01
4.190290162476336677e-01
4.156292632561991995e-01
4.122650675745247462e-01
4.089360405534713250e-01
4.056417978204658326e-01
4.023819592307883442e-01
3.991561488213754560e-01
3.959639947648289637e-01
3.928051293238802311e-01
3.896791888063573239e-01
3.865858135206453605e-01
3.835246477316400782e-01
3.804953396171840696e-01
3.774975412249842455e-01
3.745309084300034730e-01
3.715951008923203958e-01
3.686897820154550476e-01
3.658146189051516561e-01
3.629692823286163605e-01
3.601534466742037921e-01
3.573667899115468560e-01
3.546089935521262171e-01
3.518797426102739379e-01
3.491787255646060517e-01
3.465056343198805733e-01
3.438601641692748401e-01
3.412420137570785217e-01
3.386508850417976335e-01
3.360864832596646146e-01
3.335485168885503615e-01
3.310366976122731675e-01
3.285507402853017345e-01
3.260903628978456537e-01
3.236552865413313551e-01
3.212452353742573652e-01
3.188599365884262626e-01
3.164991203755480043e-01
3.141625198942111785e-01
3.118498712372180792e-01
3.095609133992793804e-01
3.072953882450641938e-01
3.050530404776027327e-01
3.028336176070363650e-01
3.006368699197118355e-01
2.984625504476157709e-01
2.963104149381462493e-01
2.941802218242164368e-01
2.920717321946881273e-01
2.899847097651305772e-01
2.879189208489014717e-01
2.858741343285458592e-01
2.838501216275108874e-01
2.818466566821711816e-01
2.798635159141626971e-01
2.779004782030214393e-01
2.759573248591227213e-01
2.740338395969194041e-01
2.721298085084737917e-01
2.702450200372818467e-01
2.683792649523851770e-01
2.665323363227684039e-01
2.647040294920378067e-01
2.628941420533799644e-01
2.611024738247948451e-01
2.593288268246025652e-01
2.575730052472193221e-01
2.558348154392006135e-01
2.541140658755474124e-01
2.524105671362742442e-01
2.507241318832346133e-01
2.490545748372019474e-01
2.474017127552024520e-01
2.457653644080982080e-01
2.441453505584170180e-01
2.425414939384256674e-01
2.409536192284455480e-01
2.393815530354063970e-01
2.378251238716368177e-01
2.362841621338877263e-01
2.347585000825871404e-01
2.332479718213232578e-01
2.317524132765537703e-01
2.302716621775381112e-01
2.288055580364911079e-01
2.273539421289548224e-01
2.259166574743869949e-01
2.244935488169628734e-01
2.230844626065882630e-01
2.216892469801223786e-01
2.203077517428067289e-01
2.189398283498988351e-01
2.175853298885081222e-01
2.162441110596320382e-01
2.149160281603894607e-01
2.136009390664503627e-01
2.122987032146585740e-01
2.110091815858459174e-01
2.097322366878357491e-01
2.084677325386335434e-01
2.072155346498025241e-01
2.059755100100226499e-01
2.047475270688300930e-01
2.035314557205364638e-01
2.023271672883243943e-01
2.011345345085188696e-01
1.999534315150314212e-01
1.987837338239755725e-01
1.976253183184520368e-01
1.964780632335009214e-01
1.953418481412202978e-01
1.942165539360479198e-01
1.931020628202055334e-01
1.919982582893033918e-01
1.909050251181029223e-01
1.898222493464367666e-01
1.887498182652833645e-01
1.876876204029948036e-01
1.866355455116771866e-01
1.855934845537197120e-01
1.845613296884731080e-01
1.835389742590742002e-01
1.825263127794158058e-01
1.815232409212601539e-01
1.805296555014936910e-01
1.795454544695231358e-01
1.785705368948093952e-01
1.776048029545395368e-01
1.766481539214337093e-01
1.757004921516871487e-01
1.747617210730443293e-01
1.738317451730048702e-01
1.729104699871588102e-01
1.719978020876509195e-01
1.710936490717717140e-01
1.701979195506739262e-01
1.693105231382136533e-01
1.684313704399139633e-01
1.675603730420504311e-01
1.666974435008564681e-01
1.658424953318477779e-01
1.649954429992641913e-01
1.641562019056279631e-01
1.633246883814168104e-01
1.625008196748509159e-01
1.616845139417920907e-01
1.608756902357544316e-01
1.600742684980249186e-01
1.592801695478925916e-01
1.584933150729856133e-01
1.577136276197144138e-01
1.569410305838205288e-01
1.561754482010289102e-01
1.554168055378036539e-01
1.546650284822053134e-01
1.539200437348489103e-01
1.531817787999615321e-01
1.524501619765383231e-01
1.517251223495958423e-01
1.510065897815220382e-01
1.502944949035210920e-01
1.495887691071524084e-01
1.488893445359633638e-01
1.481961540772135100e-01
1.475091313536902315e-01
1.468282107156144989e-01
1.461533272326357713e-01
1.454844166859149412e-01
1.448214155602944586e-01
1.441642610365548027e-01
1.435128909837561917e-01
1.428672439516643355e-01
1.422272591632600947e-01
1.415928765073311280e-01
1.409640365311454202e-01
1.403406804332053837e-01
1.397227500560817015e-01
1.391101878793261359e-01
1.385029370124624126e-01
1.379009411880541547e-01
1.373041447548492000e-01
1.367124926709995247e-01
1.361259304973556350e-01
1.355444043908349272e-01
1.349678610978629900e-01
1.343962479478871819e-01
1.338295128469615125e-01
1.332676042714024400e-01
1.327104712615141402e-01
1.321580634153831091e-01
1.316103308827412111e-01
1.310672243588957842e-01
1.305286950787272748e-01
1.299946948107524314e-01
1.294651758512530559e-01
1.289400910184694271e-01
1.284193936468576991e-01
1.279030375814103060e-01
1.273909771720391770e-01
1.268831672680205691e-01
1.263795632125013779e-01
1.258801208370654567e-01
1.253847964563602202e-01
1.248935468627821871e-01
1.244063293212211013e-01
1.239231015638618538e-01
1.234438217850436920e-01
1.229684486361761198e-01
1.224969412207106423e-01
1.220292590891678269e-01
1.215653622342192930e-01
1.211052110858238107e-01
1.206487665064168990e-01
1.201959897861532706e-01
1.197468426382019141e-01
1.193012871940929143e-01
1.188592859991152717e-01
1.184208020077657242e-01
1.179857985792474723e-01
1.175542394730184764e-01
1.171260888443888815e-01
1.167013112401668051e-01
1.162798715943521716e-01
1.158617352238777987e-01
1.154468678243974755e-01
1.150352354661205445e-01
1.146268045896920856e-01
1.142215420021185923e-01
1.138194148727386112e-01
1.134203907292375135e-01
1.130244374537063140e-01
1.126315232787438864e-01
1.122416167836019357e-01
1.118546868903726732e-01
1.114707028602181932e-01
1.110896342896415673e-01
1.107114511067988083e-01
1.103361235678517183e-01
1.099636222533605379e-01
1.095939180647166888e-01
1.092269822206143742e-01
1.088627862535614388e-01
1.085013020064284350e-01
1.081425016290355479e-01
1.077863575747774888e-01
1.074328425972850970e-01
1.070819297471240633e-01
1.067335923685298477e-01
1.063878040961784566e-01
1.060445388519929005e-01
1.057037708419848732e-01
1.053654745531309306e-01
1.050296247502834485e-01
1.046961964731151773e-01
1.043651650330978120e-01
1.040365060105135353e-01
1.037101952514996595e-01
1.033862088651257283e-01
1.030645232205026907e-01
1.027451149439241318e-01
1.024279609160388543e-01
1.021130382690544902e-01
1.018003243839720739e-01
1.014897968878510359e-01
1.011814336511041301e-01
1.008752127848223379e-01
1.005711126381292481e-01
1.002691117955642752e-01
9.996918907449507674e-02
9.967132352255814176e-02
9.937549441512769088e-02
9.908168125281256733e-02
9.878986375898031469e-02
9.850002187730896863e-02
9.821213576936543843e-02
9.792618581221078367e-02
9.764215259603171992e-02
9.736001692179817313e-02
9.707975979894681307e-02
9.680136244308995552e-02
9.652480627374952771e-02
9.625007291211643001e-02
9.597714417883403126e-02
9.570600209180640805e-02
9.543662886403071755e-02
9.516900690145323194e-02
9.490311880084911778e-02
9.463894734772548833e-02
9.437647551424763193e-02
9.411568645718797199e-02
9.385656351589773128e-02
9.359909021030066167e-02
9.334325023890926998e-02
9.308902747686242929e-02
9.283640597398506999e-02
9.258536995286868743e-02
9.233590380697349886e-02
9.208799209875118130e-02
9.184161955778834263e-02
9.159677107897047643e-02
9.135343172066617834e-02
9.111158670293094397e-02
9.087122140573156148e-02
9.063232136718910037e-02
9.039487228184203693e-02
9.015885999892801761e-02
8.992427052068459326e-02
8.969109000066891046e-02
8.945930474209569383e-02
8.922890119619347749e-02
8.899986596057905819e-02
8.877218577764992014e-02
8.854584753299403477e-02
8.832083825381756292e-02
8.809714510738958504e-02
8.787475539950397041e-02
8.765365657295838553e-02
8.743383620604980311e-02
8.721528201108670608e-02
8.699798183291766740e-02
8.678192364747602805e-02
8.656709556034071495e-02
8.635348580531281015e-02
8.614108274300795454e-02
8.592987485946386450e-02
8.571985076476371090e-02
8.551099919167415297e-02
8.530330899429869329e-02
8.509676914674568771e-02
8.489136874181116288e-02
8.468709698967590016e-02
8.448394321661714668e-02
8.428189686373421807e-02
8.408094748568843702e-02
8.388108474945660253e-02
8.368229843309847593e-02
8.348457842453765876e-02
8.328791472035600163e-02
8.309229742460107204e-02
8.289771674760711140e-02
8.270416300482859306e-02
8.251162661568682555e-02
8.232009810242921222e-02
8.212956808900112593e-02
8.194002729992999612e-02
8.175146655922195527e-02
8.156387678927042029e-02
8.137724900977671982e-02
8.119157433668278134e-02
8.100684398111525353e-02
8.082304924834154969e-02
8.064018153673720157e-02
8.045823233676453745e-02
8.027719322996292040e-02
8.009705588794961695e-02
7.991781207143210108e-02
7.973945362922404967e-02
7.956197249728316767e-02
7.938536069778363846e-02
7.920961033813195273e-02
7.903471361004434093e-02
7.886066278862409462e-02
7.868745023144722850e-02
7.851506837765837021e-02
7.834350974707650350e-02
7.817276693931056453e-02
7.800283263288484981e-02
7.783369958437387492e-02
7.766536062754689218e-02
7.749780867252190064e-02
7.733103670492877391e-02
7.716503778508160272e-02
7.699980504716041896e-02
7.683533169840153776e-02
7.667161101829708669e-02
7.650863635780331962e-02
7.634640113855746535e-02
7.618489885210338874e-02
7.602412305912567558e-02
7.586406738869219679e-02
7.570472553750486056e-02
7.554609126915888540e-02
7.538815841341001134e-02
7.523092086544967694e-02
7.507437258518859236e-02
7.491850759654766767e-02
7.476331998675721235e-02
7.460880390566350384e-02
7.445495356504311379e-02
7.430176323792490878e-02
7.414922725791919800e-02
7.399734001855465260e-02
7.384609597262213609e-02
7.369548963152609822e-02
7.354551556464282436e-02
7.339616839868588760e-02
7.324744281707862292e-02
7.309933355933338761e-02
7.295183542043767733e-02
7.280494325024722269e-02
7.265865195288519207e-02
7.251295648614879130e-02
7.236785186092173361e-02
7.222333314059345422e-02
7.207939544048473646e-02
7.193603392727961066e-02
7.179324381846337311e-02
7.165102038176708599e-02
7.150935893461783655e-02
7.136825484359535232e-02
7.122770352389448667e-02
7.108770043879339418e-02
7.094824109912792331e-02
7.080932106277165738e-02
7.067093593412140939e-02
7.053308136358893421e-02
7.039575304709769221e-02
7.025894672558533061e-02
7.012265818451186850e-02
6.998688325337289184e-02
6.985161780521845221e-02
6.971685775617704472e-02
6.958259906498488745e-02
6.944883773252040482e-02
6.931556980134379042e-02
6.918279135524164902e-02
6.905049851877673173e-02
6.891868745684236186e-02
6.878735437422212051e-02
6.865649551515413951e-02
6.852610716290020998e-02
6.839618563931970652e-02
6.826672730444809101e-02
6.813772855608024592e-02
6.800918582935816525e-02
6.788109559636322510e-02
6.775345436571317270e-02
6.762625868216319558e-02
6.749950512621161192e-02
6.737319031370979372e-02
6.724731089547657248e-02
6.712186355691653061e-02
6.699684501764278932e-02
6.687225203110387650e-02
6.674808138421457759e-02
6.662432989699113017e-02
6.650099442218994350e-02
6.637807184495091162e-02
6.625555908244405712e-02
6.613345308352050478e-02
6.601175082836703567e-02
6.589044932816449929e-02
6.576954562475009758e-02
6.564903679028318007e-02
6.552891992691491085e-02
6.540919216646141898e-02
6.528985067008068188e-02
6.517089262795273952e-02
6.505231525896373879e-02
6.493411581039314207e-02
6.481629155760462724e-02
6.469883980374012411e-02
6.458175787941757007e-02
6.446504314243162170e-02
6.434869297745780814e-02
6.423270479576008440e-02
6.411707603490132690e-02
6.400180415845724280e-02
6.388688665573324932e-02
6.377232104148458647e-02
6.365810485563948296e-02
6.354423566302530579e-02
6.343071105309776303e-02
6.331752863967313183e-02
6.320468606066330375e-02
6.309218097781392476e-02
6.298001107644517205e-02
6.286817406519565332e-02
6.275666767576885963e-02
6.264548966268264352e-02
6.253463780302123687e-02
6.242410989619016914e-02
6.231390376367376693e-02
6.220401724879533883e-02
6.209444821648007345e-02
6.198519455302042153e-02
6.187625416584414256e-02
6.176762498328488421e-02
6.165930495435525960e-02
6.155129204852247127e-02
6.144358425548630126e-02
6.133617958495963390e-02
6.122907606645135864e-02
6.112227174905168758e-02
6.101576470121974904e-02
6.090955301057361659e-02
6.080363478368255165e-02
6.069800814586163301e-02
6.059267124096853058e-02
6.048762223120261045e-02
6.038285929690617032e-02
6.027838063636791616e-02
6.017418446562854129e-02
6.007026901828853988e-02
5.996663254531798409e-02
5.986327331486852171e-02
5.976018961208739294e-02
5.965737973893345952e-02
5.955484201399527389e-02
5.945257477231124382e-02
5.935057636519155966e-02
5.924884516004227941e-02
5.914737954019125971e-02
5.904617790471601568e-02
5.894523866827342667e-02
5.884456026093135006e-02
5.874414112800214333e-02
5.864397972987791391e-02
5.854407454186759396e-02
5.844442405403588170e-02
5.834502677104386192e-02
5.824588121199145152e-02
5.814698591026148250e-02
5.804833941336561692e-02
5.794994028279181614e-02
5.785178709385365575e-02
5.775387843554109779e-02
5.765621291037307389e-02
5.755878913425156729e-02
5.746160573631736018e-02
5.736466135880737699e-02
5.726795465691350562e-02
5.717148429864309100e-02
5.707524896468084419e-02
5.697924734825237508e-02
5.688347815498911303e-02
5.678794010279479554e-02
5.669263192171339338e-02
5.659755235379851368e-02
5.650270015298407972e-02
5.640807408495676634e-02
5.631367292702944144e-02
5.621949546801626590e-02
5.612554050810907719e-02
5.603180685875512601e-02
5.593829334253615226e-02
5.584499879304877928e-02
5.575192205478632368e-02
5.565906198302168068e-02
5.556641744369174990e-02
5.547398731328295751e-02
5.538177047871807590e-02
5.528976583724434096e-02
5.519797229632270041e-02
5.510638877351833192e-02
5.501501419639241719e-02
5.492384750239497765e-02
5.483288763875897309e-02
5.474213356239558681e-02
5.465158423979051688e-02
5.456123864690160669e-02
5.447109576905740519e-02
5.438115460085700403e-02
5.429141414607083216e-02
5.420187341754263005e-02
5.411253143709249952e-02
5.402338723542092491e-02
5.393443985201397395e-02
5.384568833504945612e-02
5.375713174130407335e-02
5.366876913606172944e-02
5.358059959302269998e-02
5.349262219421390546e-02
5.340483602990005879e-02
5.331724019849588131e-02
5.322983380647927643e-02
5.314261596830535672e-02
5.305558580632152577e-02
5.296874245068346199e-02
5.288208503927196991e-02
5.279561271761101793e-02
5.270932463899264536e-02
5.262321996387576278e-02
5.253729786012288627e-02
5.245155750302510356e-02
5.236599807467023221e-02
5.228061876532252156e-02
5.219541877172644700e-02
5.211039729764543882e-02
5.202555355383637475e-02
5.194088675792475629e-02
5.185639613433226658e-02
5.177208091420456432e-02
5.168794033534018784e-02
5.160397364211998655e-02
5.152018008543755162e-02
5.143655892263020168e-02
5.135310941741087071e-02
5.126983083980068967e-02
5.118672246606228993e-02
5.110378357863385596e-02
5.102101346606390669e-02
5.093841142294681934e-02
5.085597674985890826e-02
5.077370875329546146e-02
5.069160674560820035e-02
5.060967004494363458e-02
5.052789797518195125e-02
5.044628986587662567e-02
5.036484505219472607e-02
5.028356287485780118e-02
5.020244268008347555e-02
5.012148381952760690e-02
5.004068565022724152e-02
4.996004753454390268e-02
4.987956884010784353e-02
4.979924893976268863e-02
4.971908721151066524e-02
4.963908303845860487e-02
4.955923580876438195e-02
4.947954491558394924e-02
4.940000975701910185e-02
4.932062973606561596e-02
4.924140426056203279e-02
4.916233274313908802e-02
4.908341460116957128e-02
4.900464925671872696e-02
4.892603613649538358e-02
4.884757467180333296e-02
4.876926429849350042e-02
4.869110445691646888e-02
4.861309459187562049e-02
4.853523415258071544e-02
4.845752259260201200e-02
4.837995936982494166e-02
4.830254394640514509e-02
4.822527578872417425e-02
4.814815436734549980e-02
4.807117915697111526e-02
4.799434963639858526e-02
4.791766528847860029e-02
4.784112560007286463e-02
4.776473006201261556e-02
4.768847816905747578e-02
4.761236941985479143e-02
4.753640331689944903e-02
4.746057936649406700e-02
4.738489707870962436e-02
4.730935596734663767e-02
4.723395554989658768e-02
4.715869534750388031e-02
4.708357488492816156e-02
4.700859369050715275e-02
4.693375129611974256e-02
4.685904723714954395e-02
4.678448105244888827e-02
4.671005228430320788e-02
4.663576047839571026e-02
4.656160518377254476e-02
4.648758595280837874e-02
4.641370234126221406e-02
4.633995390801664421e-02
4.626634021518227780e-02
4.619286082811009664e-02
4.611951531531256060e-02
4.604630324843137640e-02
4.597322420220550238e-02
4.590027775443961122e-02
4.582746348597280944e-02
4.575478098064769683e-02
4.568222982527984227e-02
4.560980960962749547e-02
4.553751992636168033e-02
4.546536037103662831e-02
4.539333054206047546e-02
4.532143004066634118e-02
4.524965847088366355e-02
4.517801543950991650e-02
4.510650055608253495e-02
4.503511343285127033e-02
4.496385368475076805e-02
4.489272092937338782e-02
4.482171478694248201e-02
4.475083488028580581e-02
4.468008083480930204e-02
4.460945227847117056e-02
4.453894884175615271e-02
4.446857015765017657e-02
4.439831586161523819e-02
4.432818559156454646e-02
4.425817898783793863e-02
4.418829569317762884e-02
4.411853535270411630e-02
4.404889761389239877e-02
4.397938212654849827e-02
4.390998854278615332e-02
4.384071651700383737e-02
4.377156570586195061e-02
4.370253576826033104e-02
4.363362636531598754e-02
4.356483716034104808e-02
4.349616781882098548e-02
4.342761800839303049e-02
4.335918739882489714e-02
4.329087566199361914e-02
4.322268247186477480e-02
4.315460750447180222e-02
4.308665043789555726e-02
4.301881095224415613e-02
4.295108872963303986e-02
4.288348345416512220e-02
4.281599481191133288e-02
4.274862249089122351e-02
4.268136618105391328e-02
4.261422557425909724e-02
4.254720036425839458e-02
4.248029024667678705e-02
4.241349491899436969e-02
4.234681408052819868e-02
4.228024743241438899e-02
4.221379467759040632e-02
4.214745552077750479e-02
4.208122966846341434e-02
4.201511682888518784e-02
4.194911671201222853e-02
4.188322902952951871e-02
4.181745349482095253e-02
4.175178982295302960e-02
4.168623773065849303e-02
4.162079693632034921e-02
4.155546715995590834e-02
4.149024812320106781e-02
4.142513954929482461e-02
4.136014116306376692e-02
4.129525269090697503e-02
4.123047386078085991e-02
4.116580440218435555e-02
4.110124404614410448e-02
4.103679252519994158e-02
4.097244957339046117e-02
4.090821492623870209e-02
4.084408832073813111e-02
4.078006949533859171e-02
4.071615818993257196e-02
4.065235414584146556e-02
4.058865710580215891e-02
4.052506681395356969e-02
4.046158301582345601e-02
4.039820545831537130e-02
4.033493388969567467e-02
4.027176805958074257e-02
4.020870771892431916e-02
4.014575262000497774e-02
4.008290251641372093e-02
4.002015716304176129e-02
3.995751631606830195e-02
3.989497973294864330e-02
3.983254717240223425e-02
3.977021839440098711e-02
3.970799316015759944e-02
3.964587123211412573e-02
3.958385237393058365e-02
3.952193635047368536e-02
3.946012292780572139e-02
3.939841187317358329e-02
3.933680295499782792e-02
3.927529594286194303e-02
3.921389060750168215e-02
3.915258672079450358e-02
3.909138405574913433e-02
3.903028238649528664e-02
3.896928148827341620e-02
3.890838113742465382e-02
3.884758111138077175e-02
3.878688118865434437e-02
3.872628114882891576e-02
3.866578077254936852e-02
3.860537984151232727e-02
3.854507813845673564e-02
3.848487544715441244e-02
3.842477155240083680e-02
3.836476624000595415e-02
3.830485929678512091e-02
3.824505051055013261e-02
3.818533967010029340e-02
3.812572656521370784e-02
3.806621098663852398e-02
3.800679272608437076e-02
3.794747157621383010e-02
3.788824733063404782e-02
3.782911978388836527e-02
3.777008873144809681e-02
3.771115396970439737e-02
3.765231529596019255e-02
3.759357250842214337e-02
3.753492540619283308e-02
3.747637378926289148e-02
3.741791745850332057e-02
3.735955621565779233e-02
3.730128986333512003e-02
3.724311820500176423e-02
3.718504104497442203e-02
3.712705818841270655e-02
3.706916944131187497e-02
3.701137461049568839e-02
3.695367350360932029e-02
3.689606592911227195e-02
3.683855169627147513e-02
3.678113061515440874e-02
3.672380249662229174e-02
3.666656715232337327e-02
3.660942439468620885e-02
3.655237403691315862e-02
3.649541589297379540e-02
3.643854977759850705e-02
3.638177550627205714e-02
3.632509289522733303e-02
3.626850176143903148e-02
3.621200192261752465e-02
3.615559319720271919e-02
3.609927540435800553e-02
3.604304836396425571e-02
3.598691189661391843e-02
3.593086582360514869e-02
3.587490996693596529e-02
3.581904414929856090e-02
3.576326819407359137e-02
3.570758192532454828e-02
3.565198516779222171e-02
3.559647774688914218e-02
3.554105948869418913e-02
3.548573021994715082e-02
3.543048976804342998e-02
3.537533796102874245e-02
3.532027462759389225e-02
3.526529959706960204e-02
3.521041269942137841e-02
3.515561376524452275e-02
3.510090262575901038e-02
3.504627911280463332e-02
3.499174305883601122e-02
3.493729429691782434e-02
3.488293266071990778e-02
3.482865798451259542e-02
3.477447010316194603e-02
3.472036885212508722e-02
3.466635406744566356e-02
3.461242558574922912e-02
3.455858324423875111e-02
3.450482688069013426e-02
3.445115633344781464e-02
3.439757144142034651e-02
3.434407204407614184e-02
3.429065798143911270e-02
3.423732909408449404e-02
3.418408522313461095e-02
3.413092621025471535e-02
3.407785189764891975e-02
3.402486212805608951e-02
3.397195674474582511e-02
3.391913559151450708e-02
3.386639851268129914e-02
3.381374535308431101e-02
3.376117595807666405e-02
3.370869017352270958e-02
3.365628784579427490e-02
3.360396882176686778e-02
3.355173294881593632e-02
3.349958007481333017e-02
3.344751004812351186e-02
3.339552271760009433e-02
3.334361793258219797e-02
3.329179554289096732e-02
3.324005539882610161e-02
3.318839735116233675e-02
3.313682125114610078e-02
3.308532695049213462e-02
3.303391430138007123e-02
3.298258315645122979e-02
3.293133336880524342e-02
3.288016479199687425e-02
3.282907728003278680e-02
3.277807068736836998e-02
3.272714486890456603e-02
3.267629967998479656e-02
3.262553497639185396e-02
3.257485061434486212e-02
3.252424645049625113e-02
3.247372234192875962e-02
3.242327814615246495e-02
3.237291372110188969e-02
3.232262892513308727e-02
3.227242361702073459e-02
3.222229765595532869e-02
3.217225090154038347e-02
3.212228321378956392e-02
3.207239445312404236e-02
3.202258448036968824e-02
3.197285315675437584e-02
3.192320034390534050e-02
3.187362590384648642e-02
3.182412969899580529e-02
3.177471159216276042e-02
3.172537144654571234e-02
3.167610912572936532e-02
3.162692449368226244e-02
3.157781741475431531e-02
3.152878775367425751e-02
3.147983537554729233e-02
3.143096014585260861e-02
3.138216193044100766e-02
3.133344059553253014e-02
3.128479600771408298e-02
3.123622803393715647e-02
3.118773654151546851e-02
3.113932139812273375e-02
3.109098247179035990e-02
3.104271963090524111e-02
3.099453274420754106e-02
3.094642168078848982e-02
3.089838631008821890e-02
3.085042650189360677e-02
3.080254212633614860e-02
3.075473305388986417e-02
3.070699915536918845e-02
3.065934030192693158e-02
3.061175636505220066e-02
3.056424721656839441e-02
3.051681272863118397e-02
3.046945277372654567e-02
3.042216722466875925e-02
3.037495595459849609e-02
3.032781883698085906e-02
3.028075574560348121e-02
3.023376655457463841e-02
3.018685113832137237e-02
3.014000937158763452e-02
3.009324112943242285e-02
3.004654628722801257e-02
2.999992472065809296e-02
2.995337630571602225e-02
2.990690091870304781e-02
2.986049843622654715e-02
2.981416873519830008e-02
2.976791169283275751e-02
2.972172718664535876e-02
2.967561509445082804e-02
2.962957529436151607e-02
2.958360766478572781e-02
2.953771208442610222e-02
2.949188843227798507e-02
2.944613658762781916e-02
2.940045643005154141e-02
2.935484783941302508e-02
2.930931069586249771e-02
2.926384487983501106e-02
2.921845027204889381e-02
2.917312675350423878e-02
2.912787420548139730e-02
2.908269250953948379e-02
2.903758154751490475e-02
2.899254120151989814e-02
2.894757135394107617e-02
2.890267188743799592e-02
2.885784268494173688e-02
2.881308362965347147e-02
2.876839460504312246e-02
2.872377549484790918e-02
2.867922618307102919e-02
2.863474655398027743e-02
2.859033649210670353e-02
2.854599588224329340e-02
2.850172460944363009e-02
2.845752255902058922e-02
2.841338961654505182e-02
2.836932566784460680e-02
2.832533059900229494e-02
2.828140429635532527e-02
2.823754664649384682e-02
2.819375753625969969e-02
2.815003685274517289e-02
2.810638448329183525e-02
2.806280031548926551e-02
2.801928423717391439e-02
2.797583613642789374e-02
2.793245590157779693e-02
2.788914342119356779e-02
2.784589858408731411e-02
2.780272127931218695e-02
2.775961139616123230e-02
2.771656882416631204e-02
2.767359345309692437e-02
2.763068517295916987e-02
2.758784387399460664e-02
2.754506944667920940e-02
2.750236178172226625e-02
2.745972077006535172e-02
2.741714630288121304e-02
2.737463827157280566e-02
2.733219656777218301e-02
2.728982108333952855e-02
2.724751171036210798e-02
2.720526834115323880e-02
2.716309086825137095e-02
2.712097918441901123e-02
2.707893318264176924e-02
2.703695275612742061e-02
2.699503779830488004e-02
2.695318820282329927e-02
2.691140386355107481e-02
2.686968467457494583e-02
2.682803053019902975e-02
2.678644132494392011e-02
2.674491695354576024e-02
2.670345731095533776e-02
2.666206229233718597e-02
2.662073179306867488e-02
2.657946570873915768e-02
2.653826393514905138e-02
2.649712636830900761e-02
2.645605290443901747e-02
2.641504343996757889e-02
2.637409787153081539e-02
2.633321609597168503e-02
2.629239801033909571e-02
2.625164351188709680e-02
2.621095249807406727e-02
2.617032486656190038e-02
2.612976051521517101e-02
2.608925934210036893e-02
2.604882124548508343e-02
2.600844612383722623e-02
2.596813387582423346e-02
2.592788440031231628e-02
2.588769759636567330e-02
2.584757336324574467e-02
2.580751160041042450e-02
2.576751220751336349e-02
2.572757508440316060e-02
2.568770013112268991e-02
2.564788724790831309e-02
2.560813633518919941e-02
2.556844729358657975e-02
2.552882002391302502e-02
2.548925442717175915e-02
2.544975040455595486e-02
2.541030785744801193e-02
2.537092668741890156e-02
2.533160679622744119e-02
2.529234808581964228e-02
2.525315045832801295e-02
2.521401381607092651e-02
2.517493806155190333e-02
2.513592309745898978e-02
2.509696882666408516e-02
2.505807515222230331e-02
2.501924197737131345e-02
2.498046920553070871e-02
2.494175674030139206e-02
2.490310448546489627e-02
2.486451234498281843e-02
2.482598022299613641e-02
2.478750802382465382e-02
2.474909565196634770e-02
2.471074301209678567e-02
2.467245000906850491e-02
2.463421654791042928e-02
2.459604253382727951e-02
2.455792787219896259e-02
2.451987246858000971e-02
2.448187622869899688e-02
2.444393905845795162e-02
2.440606086393179788e-02
2.436824155136778011e-02
2.433048102718491160e-02
2.429277919797340549e-02
2.425513597049412315e-02
2.421755125167801906e-02
2.418002494862561691e-02
2.414255696860643022e-02
2.410514721905846272e-02
2.406779560758764633e-02
2.403050204196731376e-02
2.399326643013767815e-02
2.395608868020531607e-02
2.391896870044264017e-02
2.388190639928737535e-02
2.384490168534206603e-02
2.380795446737354534e-02
2.377106465431245291e-02
2.373423215525271440e-02
2.369745687945105234e-02
2.366073873632649344e-02
2.362407763545987596e-02
2.358747348659335705e-02
2.355092619962993045e-02
2.351443568463295122e-02
2.347800185182566043e-02
2.344162461159069594e-02
2.340530387446962748e-02
2.336903955116251264e-02
2.333283155252738328e-02
2.329667978957983970e-02
2.326058417349253019e-02
2.322454461559476588e-02
2.318856102737200386e-02
2.315263332046544123e-02
2.311676140667155363e-02
2.308094519794164079e-02
2.304518460638141711e-02
2.300947954425052941e-02
2.297382992396216489e-02
2.293823565808258275e-02
2.290269665933072560e-02
2.286721284057776152e-02
2.283178411484666076e-02
2.279641039531179678e-02
2.276109159529850906e-02
2.272582762828268682e-02
2.269061840789038387e-02
2.265546384789736065e-02
2.262036386222872342e-02
2.258531836495849751e-02
2.255032727030921794e-02
2.251539049265154427e-02
2.248050794650384432e-02
2.244567954653183331e-02
2.241090520754814713e-02
2.237618484451196418e-02
2.234151837252862025e-02
2.230690570684921298e-02
2.227234676287024803e-02
2.223784145613320884e-02
2.220338970232422354e-02
2.216899141727366948e-02
2.213464651695579155e-02
2.210035491748835873e-02
2.206611653513226162e-02
2.203193128629116551e-02
2.199779908751113219e-02
2.196371985548027303e-02
2.192969350702837425e-02
2.189571995912654306e-02
2.186179912888686419e-02
2.182793093356200434e-02
2.179411529054492425e-02
2.176035211736845193e-02
2.172664133170501208e-02
2.169298285136622012e-02
2.165937659430255263e-02
2.162582247860303855e-02
2.159232042249486019e-02
2.155887034434306876e-02
2.152547216265021657e-02
2.149212579605602746e-02
2.145883116333706722e-02
2.142558818340641741e-02
2.139239677531332498e-02
2.135925685824292125e-02
2.132616835151582291e-02
2.129313117458788221e-02
2.126014524704982270e-02
2.122721048862691653e-02
2.119432681917869654e-02
2.116149415869860578e-02
2.112871242731369920e-02
2.109598154528433481e-02
2.106330143300385455e-02
2.103067201099825118e-02
2.099809319992591503e-02
2.096556492057726276e-02
2.093308709387449104e-02
2.090065964087121572e-02
2.086828248275222203e-02
2.083595554083311763e-02
2.080367873656007241e-02
2.077145199150950972e-02
2.073927522738776980e-02
2.070714836603088430e-02
2.067507132940423625e-02
2.064304403960227213e-02
2.061106641884823468e-02
2.057913838949384025e-02
2.054725987401902557e-02
2.051543079503162850e-02
2.048365107526714524e-02
2.045192063758840759e-02
2.042023940498530893e-02
2.038860730057454398e-02
2.035702424759931392e-02
2.032549016942905226e-02
2.029400498955913693e-02
2.026256863161063695e-02
2.023118101933002455e-02
2.019984207658890099e-02
2.016855172738373295e-02
2.013730989583558881e-02
2.010611650618984725e-02
2.007497148281593355e-02
2.004387475020709408e-02
2.001282623298006672e-02
1.998182585587487958e-02
1.995087354375452843e-02
1.991996922160478578e-02
1.988911281453385749e-02
1.985830424777219189e-02
1.982754344667219532e-02
1.979683033670797884e-02
1.976616484347508418e-02
1.973554689269027551e-02
1.970497641019123419e-02
1.967445332193633323e-02
1.964397755400438747e-02
1.961354903259439689e-02
1.958316768402529329e-02
1.955283343473571134e-02
1.952254621128372142e-02
1.949230594034657982e-02
1.946211254872052751e-02
1.943196596332048137e-02
1.940186611117984336e-02
1.937181291945023337e-02
1.934180631540125678e-02
1.931184622642026505e-02
1.928193258001212329e-02
1.925206530379895697e-02
1.922224432551992643e-02
1.919246957303098397e-02
1.916274097430465881e-02
1.913305845742979336e-02
1.910342195061132814e-02
1.907383138217007279e-02
1.904428668054247709e-02
1.901478777428037073e-02
1.898533459205078294e-02
1.895592706263567878e-02
1.892656511493173710e-02
1.889724867795013891e-02
1.886797768081632104e-02
1.883875205276977494e-02
1.880957172316380724e-02
1.878043662146531775e-02
1.875134667725457741e-02
1.872230182022501660e-02
1.869330198018299624e-02
1.866434708704759263e-02
1.863543707085037887e-02
1.860657186173519592e-02
1.857775138995795133e-02
1.854897558588639375e-02
1.852024437999990128e-02
1.849155770288926637e-02
1.846291548525649459e-02
1.843431765791455137e-02
1.840576415178719893e-02
1.837725489790875341e-02
1.834878982742388712e-02
1.832036887158740995e-02
1.829199196176408554e-02
1.826365902942837446e-02
1.823537000616428164e-02
1.820712482366509261e-02
1.817892341373323131e-02
1.815076570828000682e-02
1.812265163932540862e-02
1.809458113899794010e-02
1.806655413953437567e-02
1.803857057327959076e-02
1.801063037268632247e-02
1.798273347031500644e-02
1.795487979883354443e-02
1.792706929101714475e-02
1.789930187974806547e-02
1.787157749801547568e-02
1.784389607891521262e-02
1.781625755564960473e-02
1.778866186152728082e-02
1.776110892996296195e-02
1.773359869447726361e-02
1.770613108869651883e-02
1.767870604635256304e-02
1.765132350128255714e-02
1.762398338742878628e-02
1.759668563883847250e-02
1.756943018966358044e-02
1.754221697416061612e-02
1.751504592669047081e-02
1.748791698171818162e-02
1.746083007381277891e-02
1.743378513764709883e-02
1.740678210799757528e-02
1.737982091974406632e-02
1.735290150786965302e-02
1.732602380746048332e-02
1.729918775370553607e-02
1.727239328189650661e-02
1.724564032742754993e-02
1.721892882579514200e-02
1.719225871259788541e-02
1.716562992353632550e-02
1.713904239441277344e-02
1.711249606113110847e-02
1.708599085969661133e-02
1.705952672621578736e-02
1.703310359689617220e-02
1.700672140804616178e-02
1.698038009607484231e-02
1.695407959749178559e-02
1.692781984890688596e-02
1.690160078703020416e-02
1.687542234867175570e-02
1.684928447074134431e-02
1.682318709024840583e-02
1.679713014430180007e-02
1.677111357010967890e-02
1.674513730497926428e-02
1.671920128631670596e-02
1.669330545162689763e-02
1.666744973851331385e-02
1.664163408467782962e-02
1.661585842792052958e-02
1.659012270613959006e-02
1.656442685733103617e-02
1.653877081958864820e-02
1.651315453110372561e-02
1.648757793016495179e-02
1.646204095515822405e-02
1.643654354456647662e-02
1.641108563696951420e-02
1.638566717104384535e-02
1.636028808556252642e-02
1.633494831939496378e-02
1.630964781150678194e-02
1.628438650095963627e-02
1.625916432691107416e-02
1.623398122861432341e-02
1.620883714541817427e-02
1.618373201676679210e-02
1.615866578219954733e-02
1.613363838135088366e-02
1.610864975395011681e-02
1.608369983982130616e-02
1.605878857888305700e-02
1.603391591114839559e-02
1.600908177672458535e-02
1.598428611581297065e-02
1.595952886870881729e-02
1.593480997580115632e-02
1.591012937757262102e-02
1.588548701459929074e-02
1.586088282755052786e-02
1.583631675718881471e-02
1.581178874436961479e-02
1.578729873004120279e-02
1.576284665524449111e-02
1.573843246111291186e-02
1.571405608887222610e-02
1.568971747984037809e-02
1.566541657542735305e-02
1.564115331713500714e-02
1.561692764655691137e-02
1.559273950537821106e-02
1.556858883537545236e-02
1.554447557841645219e-02
1.552039967646012472e-02
1.549636107155633914e-02
1.547235970584576355e-02
1.544839552155971227e-02
1.542446846101999669e-02
1.540057846663877260e-02
1.537672548091839099e-02
1.535290944645124195e-02
1.532913030591960546e-02
1.530538800209550743e-02
1.528168247784056875e-02
1.525801367610584401e-02
1.523438153993169307e-02
1.521078601244761630e-02
1.518722703687210886e-02
1.516370455651252017e-02
1.514021851476489607e-02
1.511676885511383829e-02
1.509335552113236049e-02
1.506997845648173212e-02
1.504663760491133963e-02
1.502333291025853904e-02
1.500006431644850674e-02
1.497683176749409900e-02
1.495363520749570449e-02
1.493047458064110031e-02
1.490734983120530974e-02
1.488426090355045306e-02
1.486120774212560877e-02
1.483819029146666614e-02
1.481520849619618815e-02
1.479226230102326234e-02
1.476935165074336198e-02
1.474647649023820561e-02
1.472363676447561130e-02
1.470083241850935786e-02
1.467806339747904434e-02
1.465532964660994086e-02
1.463263111121285848e-02
1.460996773668401041e-02
1.458733946850486289e-02
1.456474625224199633e-02
1.454218803354697699e-02
1.451966475815620432e-02
1.449717637189078083e-02
1.447472282065636988e-02
1.445230405044306207e-02
1.442992000732522609e-02
1.440757063746139245e-02
1.438525588709409220e-02
1.436297570254973371e-02
1.434073003023846396e-02
1.431851881665402969e-02
1.429634200837364560e-02
1.427419955205785039e-02
1.425209139445038353e-02
1.423001748237803787e-02
1.420797776275053471e-02
1.418597218256038156e-02
1.416400068888273509e-02
1.414206322887527970e-02
1.412015974977808355e-02
1.409829019891346846e-02
1.407645452368587631e-02
1.405465267158173374e-02
1.403288459016932034e-02
1.401115022709863676e-02
1.398944953010127987e-02
1.396778244699029350e-02
1.394614892566004884e-02
1.392454891408611770e-02
1.390298236032512860e-02
1.388144921251463666e-02
1.385994941887301428e-02
1.383848292769928809e-02
1.381704968737303141e-02
1.379564964635423240e-02
1.377428275318315007e-02
1.375294895648020502e-02
1.373164820494583542e-02
1.371038044736037562e-02
1.368914563258392253e-02
1.366794370955621077e-02
1.364677462729648252e-02
1.362563833490336267e-02
1.360453478155473038e-02
1.358346391650758558e-02
1.356242568909793271e-02
1.354142004874064366e-02
1.352044694492933984e-02
1.349950632723625511e-02
1.347859814531212307e-02
1.345772234888604167e-02
1.343687888776534840e-02
1.341606771183550054e-02
1.339528877105994158e-02
1.337454201547998676e-02
1.335382739521468257e-02
1.333314486046070779e-02
1.331249436149221400e-02
1.329187584866073878e-02
1.327128927239505478e-02
1.325073458320106222e-02
1.323021173166165354e-02
1.320972066843659719e-02
1.318926134426242139e-02
1.316883370995227537e-02
1.314843771639582007e-02
1.312807331455909630e-02
1.310774045548442068e-02
1.308743909029023642e-02
1.306716917017101791e-02
1.304693064639713719e-02
1.302672347031473554e-02
1.300654759334562635e-02
1.298640296698714593e-02
1.296628954281206329e-02
1.294620727246842753e-02
1.292615610767947586e-02
1.290613600024349654e-02
1.288614690203371445e-02
1.286618876499818001e-02
1.284626154115964258e-02
1.282636518261542381e-02
1.280649964153731703e-02
1.278666487017145539e-02
1.276686082083819743e-02
1.274708744593201250e-02
1.272734469792135593e-02
1.270763252934855973e-02
1.268795089282971113e-02
1.266829974105453810e-02
1.264867902678628621e-02
1.262908870286160758e-02
1.260952872219044292e-02
1.258999903775590706e-02
1.257049960261416924e-02
1.255103036989434553e-02
1.253159129279836533e-02
1.251218232460088800e-02
1.249280341864914511e-02
1.247345452836286402e-02
1.245413560723413263e-02
1.243484660882728313e-02
1.241558748677879659e-02
1.239635819479716593e-02
1.237715868666279702e-02
1.235798891622789421e-02
1.233884883741633368e-02
1.231973840422356109e-02
1.230065757071648752e-02
1.228160629103335587e-02
1.226258451938363851e-02
1.224359221004792629e-02
1.222462931737781748e-02
1.220569579579579636e-02
1.218679159979513087e-02
1.216791668393976157e-02
1.214907100286417851e-02
1.213025451127332059e-02
1.211146716394246280e-02
1.209270891571709999e-02
1.207397972151284284e-02
1.205527953631530674e-02
1.203660831517999394e-02
1.201796601323219110e-02
1.199935258566685314e-02
1.198076798774850432e-02
1.196221217481111335e-02
1.194368510225800317e-02
1.192518672556171395e-02
1.190671700026392325e-02
1.188827588197532460e-02
1.186986332637551302e-02
1.185147928921288438e-02
1.183312372630452962e-02
1.181479659353611156e-02
1.179649784686177642e-02
1.177822744230403937e-02
1.175998533595366824e-02
1.174177148396958643e-02
1.172358584257875841e-02
1.170542836807609254e-02
1.168729901682432140e-02
1.166919774525391508e-02
1.165112450986294235e-02
1.163307926721699956e-02
1.161506197394908055e-02
1.159707258675948642e-02
1.157911106241570065e-02
1.156117735775230582e-02
1.154327142967086564e-02
1.152539323513981917e-02
1.150754273119438016e-02
1.148971987493643473e-02
1.147192462353442514e-02
1.145415693422325611e-02
1.143641676430418724e-02
1.141870407114473421e-02
1.140101881217855245e-02
1.138336094490534009e-02
1.136573042689074248e-02
1.134812721576623426e-02
1.133055126922902917e-02
1.131300254504196204e-02
1.129548100103340211e-02
1.127798659509714370e-02
1.126051928519229521e-02
1.124307902934319758e-02
1.122566578563928899e-02
1.120827951223504412e-02
1.119092016734983715e-02
1.117358770926786191e-02
1.115628209633801569e-02
1.113900328697381252e-02
1.112175123965326688e-02
1.110452591291880356e-02
1.108732726537715353e-02
1.107015525569925510e-02
1.105300984262013939e-02
1.103589098493885923e-02
1.101879864151836079e-02
1.100173277128539337e-02
1.098469333323042092e-02
1.096768028640750410e-02
1.095069358993420658e-02
1.093373320299150311e-02
1.091679908482368067e-02
1.089989119473821697e-02
1.088300949210571633e-02
1.086615393635978304e-02
1.084932448699693630e-02
1.083252110357650969e-02
1.081574374572055047e-02
1.079899237311372079e-02
1.078226694550320913e-02
1.076556742269861588e-02
1.074889376457187525e-02
1.073224593105714247e-02
1.071562388215070542e-02
1.069902757791088045e-02
1.068245697845791875e-02
1.066591204397391787e-02
1.064939273470271071e-02
1.063289901094977528e-02
1.061643083308214282e-02
1.059998816152829884e-02
1.058357095677808259e-02
1.056717917938259678e-02
1.055081278995411223e-02
1.053447174916596202e-02
1.051815601775246863e-02
1.050186555650881905e-02
1.048560032629099366e-02
1.046936028801566561e-02
1.045314540266009846e-02
1.043695563126205428e-02
1.042079093491971031e-02
1.040465127479154629e-02
1.038853661209626807e-02
1.037244690811270180e-02
1.035638212417970376e-02
1.034034222169607012e-02
1.032432716212043460e-02
1.030833690697118867e-02
1.029237141782637401e-02
1.027643065632360096e-02
1.026051458415994447e-02
1.024462316309186598e-02
1.022875635493510765e-02
1.021291412156460562e-02
1.019709642491439458e-02
1.018130322697752277e-02
1.016553448980595659e-02
1.014979017551047649e-02
1.013407024626060936e-02
1.011837466428451571e-02
1.010270339186890819e-02
1.008705639135896656e-02
1.007143362515822149e-02
1.005583505572849555e-02
1.004026064558979740e-02
1.002471035732022120e-02
1.000918415355587718e-02
9.993681996990784119e-03
9.978203850376786074e-03
9.962749676523467365e-03
9.947319438298048502e-03
9.931913098625309855e-03
9.916530620487497977e-03
9.901171966924231932e-03
9.885837101032423496e-03
9.870525985966173074e-03
9.855238584936695106e-03
9.839974861212224394e-03
9.824734778117920689e-03
9.809518299035790631e-03
9.794325387404595809e-03
9.779156006719752145e-03
9.764010120533267445e-03
9.748887692453628642e-03
9.733788686145727204e-03
9.718713065330768924e-03
9.703660793786180253e-03
9.688631835345528492e-03
9.673626153898431598e-03
9.658643713390476643e-03
9.643684477823117468e-03
9.628748411253605297e-03
9.613835477794886383e-03
9.598945641615532626e-03
9.584078866939635746e-03
9.569235118046736169e-03
9.554414359271732812e-03
9.539616555004789417e-03
9.524841669691263418e-03
9.510089667831600133e-03
9.495360513981265099e-03
9.480654172750653877e-03
9.465970608804996633e-03
9.451309786864292226e-03
9.436671671703193709e-03
9.422056228150958029e-03
9.407463421091341940e-03
9.392893215462506593e-03
9.378345576256956820e-03
9.363820468521447463e-03
9.349317857356889694e-03
9.334837707918281630e-03
9.320379985414607715e-03
9.305944655108772806e-03
9.291531682317505023e-03
9.277141032411281157e-03
9.262772670814233000e-03
9.248426563004072745e-03
9.234102674512006254e-03
9.219800970922648053e-03
9.205521417873945011e-03
9.191263981057087862e-03
9.177028626216421001e-03
9.162815319149383506e-03
9.148624025706401583e-03
9.134454711790810505e-03
9.120307343358799099e-03
9.106181886419283111e-03
9.092078307033858373e-03
9.077996571316710589e-03
9.063936645434525138e-03
9.049898495606405538e-03
9.035882088103810994e-03
9.021887389250448849e-03
9.007914365422210398e-03
8.993962983047087620e-03
8.980033208605086442e-03
8.966125008628153883e-03
8.952238349700086112e-03
8.938373198456460791e-03
8.924529521584550346e-03
8.910707285823238691e-03
8.896906457962941439e-03
8.883127004845538244e-03
8.869368893364275655e-03
8.855632090463697731e-03
8.841916563139566240e-03
8.828222278438772191e-03
8.814549203459269913e-03
8.800897305349985114e-03
8.787266551310743759e-03
8.773656908592188802e-03
8.760068344495707329e-03
8.746500826373349025e-03
8.732954321627730762e-03
8.719428797711991502e-03
8.705924222129684739e-03
8.692440562434719520e-03
8.678977786231268504e-03
8.665535861173693372e-03
8.652114754966471963e-03
8.638714435364116748e-03
8.625334870171101967e-03
8.611976027241773426e-03
8.598637874480284313e-03
8.585320379840517130e-03
8.572023511325991760e-03
8.558747236989811685e-03
8.545491524934566846e-03
8.532256343312260780e-03
8.519041660324248172e-03
8.505847444221142917e-03
8.492673663302743522e-03
8.479520285917963723e-03
8.466387280464747478e-03
8.453274615390006519e-03
8.440182259189526678e-03
8.427110180407903703e-03
8.414058347638463456e-03
8.401026729523190795e-03
8.388015294752648038e-03
8.375024012065903842e-03
8.362052850250456873e-03
8.349101778142152541e-03
8.336170764625130958e-03
8.323259778631722852e-03
8.310368789142397530e-03
8.297497765185667465e-03
8.284646675838037988e-03
8.271815490223917086e-03
8.259004177515537337e-03
8.246212706932900399e-03
8.233441047743685071e-03
8.220689169263174431e-03
8.207957040854195127e-03
8.195244631927030635e-03
8.182551911939353606e-03
8.169878850396158215e-03
8.157225416849669952e-03
8.144591580899286642e-03
8.131977312191498650e-03
8.119382580419819487e-03
8.106807355324709488e-03
8.094251606693513360e-03
8.081715304360366503e-03
8.069198418206139506e-03
8.056700918158367017e-03
8.044222774191161010e-03
8.031763956325157008e-03
8.019324434627418674e-03
8.006904179211385766e-03
7.994503160236801284e-03
7.982121347909621259e-03
7.969758712481967919e-03
7.957415224252037747e-03
7.945090853564037298e-03
7.932785570808120745e-03
7.920499346420303149e-03
7.908232150882398004e-03
7.895983954721947848e-03
7.883754728512141000e-03
7.871544442871769923e-03
7.859353068465115000e-03
7.847180576001918512e-03
7.835026936237290962e-03
7.822892119971641689e-03
7.810776098050615547e-03
7.798678841365014845e-03
7.786600320850739498e-03
7.774540507488703761e-03
7.762499372304781584e-03
7.750476886369725947e-03
7.738473020799101210e-03
7.726487746753217187e-03
7.714521035437057160e-03
7.702572858100207621e-03
7.690643186036791486e-03
7.678731990585397835e-03
7.666839243129015997e-03
7.654964915094959223e-03
7.643108977954802229e-03
7.631271403224313549e-03
7.619452162463380071e-03
7.607651227275947191e-03
7.595868569309944217e-03
7.584104160257216717e-03
7.572357971853463203e-03
7.560629975878164870e-03
7.548920144154511874e-03
7.537228448549341750e-03
7.525554860973074356e-03
7.513899353379637283e-03
7.502261897766401670e-03
7.490642466174116283e-03
7.479041030686835526e-03
7.467457563431858722e-03
7.455892036579658128e-03
7.444344422343816478e-03
7.432814692980952397e-03
7.421302820790662280e-03
7.409808778115450044e-03
7.398332537340659466e-03
7.386874070894407403e-03
7.375433351247524805e-03
7.364010350913477790e-03
7.352605042448311264e-03
7.341217398450583867e-03
7.329847391561292516e-03
7.318494994463814289e-03
7.307160179883840506e-03
7.295842920589308209e-03
7.284543189390337709e-03
7.273260959139160597e-03
7.261996202730066838e-03
7.250748893099324965e-03
7.239519003225127446e-03
7.228306506127524754e-03
7.217111374868353385e-03
7.205933582551180341e-03
7.194773102321229408e-03
7.183629907365325640e-03
7.172503970911822506e-03
7.161395266230544641e-03
7.150303766632715857e-03
7.139229445470904496e-03
7.128172276138952310e-03
7.117132232071912874e-03
7.106109286745983938e-03
7.095103413678453645e-03
7.084114586427622470e-03
7.073142778592754649e-03
7.062187963814001851e-03
7.051250115772349399e-03
7.040329208189548618e-03
7.029425214828050050e-03
7.018538109490947939e-03
7.007667866021914313e-03
6.996814458305133065e-03
6.985977860265240973e-03
6.975158045867262645e-03
6.964354989116550675e-03
6.953568664058718853e-03
6.942799044779583185e-03
6.932046105405100314e-03
6.921309820101301594e-03
6.910590163074235848e-03
6.899887108569901714e-03
6.889200630874187797e-03
6.878530704312817157e-03
6.867877303251271846e-03
6.857240402094746945e-03
6.846619975288078565e-03
6.836015997315684004e-03
6.825428442701503631e-03
6.814857286008940175e-03
6.804302501840790197e-03
6.793764064839192054e-03
6.783241949685557375e-03
6.772736131100518149e-03
6.762246583843859078e-03
6.751773282714461193e-03
6.741316202550235066e-03
6.730875318228070510e-03
6.720450604663767182e-03
6.710042036811978208e-03
6.699649589666150339e-03
6.689273238258461492e-03
6.678912957659762645e-03
6.668568722979517117e-03
6.658240509365740724e-03
6.647928292004942792e-03
6.637632046122067184e-03
6.627351746980428109e-03
6.617087369881657216e-03
6.606838890165641145e-03
6.596606283210460810e-03
6.586389524432334150e-03
6.576188589285558023e-03
6.566003453262443147e-03
6.555834091893265533e-03
6.545680480746195358e-03
6.535542595427253597e-03
6.525420411580238299e-03
6.515313904886671677e-03
6.505223051065746331e-03
6.495147825874259331e-03
6.485088205106560172e-03
6.475044164594488325e-03
6.465015680207315124e-03
6.455002727851693461e-03
6.445005283471585793e-03
6.435023323048221638e-03
6.425056822600023858e-03
6.415105758182570485e-03
6.405170105888516666e-03
6.395249841847553025e-03
6.385344942226340616e-03
6.375455383228451067e-03
6.365581141094320619e-03
6.355722192101179863e-03
6.345878512563009506e-03
6.336050078830468384e-03
6.326236867290850087e-03
6.316438854368018781e-03
6.306656016522358896e-03
6.296888330250710944e-03
6.287135772086318609e-03
6.277398318598770635e-03
6.267675946393953118e-03
6.257968632113978386e-03
6.248276352437141627e-03
6.238599084077858445e-03
6.228936803786610209e-03
6.219289488349890281e-03
6.209657114590143301e-03
6.200039659365714877e-03
6.190437099570793474e-03
6.180849412135355769e-03
6.171276574025108541e-03
6.161718562241436624e-03
6.152175353821343930e-03
6.142646925837405743e-03
6.133133255397703668e-03
6.123634319645779658e-03
6.114150095760571835e-03
6.104680560956366776e-03
6.095225692482746614e-03
6.085785467624524846e-03
6.076359863701702099e-03
6.066948858069401082e-03
6.057552428117824080e-03
6.048170551272187903e-03
6.038803204992677053e-03
6.029450366774386470e-03
6.020112014147262561e-03
6.010788124676064159e-03
6.001478675960289673e-03
5.992183645634137183e-03
5.982903011366445464e-03
5.973636750860638472e-03
5.964384841854676773e-03
5.955147262120998562e-03
5.945923989466472825e-03
5.936715001732336024e-03
5.927520276794153928e-03
5.918339792561749628e-03
5.909173526979168839e-03
5.900021458024611379e-03
5.890883563710390403e-03
5.881759822082872555e-03
5.872650211222425060e-03
5.863554709243368884e-03
5.854473294293920625e-03
5.845405944556140466e-03
5.836352638245883608e-03
5.827313353612741283e-03
5.818288068939997393e-03
5.809276762544567790e-03
5.800279412776953442e-03
5.791295998021185783e-03
5.782326496694776413e-03
5.773370887248665054e-03
5.764429148167165770e-03
5.755501257967918401e-03
5.746587195201834780e-03
5.737686938453048432e-03
5.728800466338859927e-03
5.719927757509691776e-03
5.711068790649030322e-03
5.702223544473378897e-03
5.693391997732204050e-03
5.684574129207887842e-03
5.675769917715672332e-03
5.666979342103613607e-03
5.658202381252525406e-03
5.649439014075935753e-03
5.640689219520029704e-03
5.631952976563598182e-03
5.623230264217994601e-03
5.614521061527078492e-03
5.605825347567166064e-03
5.597143101446980760e-03
5.588474302307606424e-03
5.579818929322427450e-03
5.571176961697088884e-03
5.562548378669445251e-03
5.553933159509501574e-03
5.545331283519372607e-03
5.536742730033233396e-03
5.528167478417264635e-03
5.519605508069600625e-03
5.511056798420292842e-03
5.502521328931244890e-03
5.493999079096174333e-03
5.485490028440555450e-03
5.476994156521579338e-03
5.468511442928096662e-03
5.460041867280566487e-03
5.451585409231019842e-03
5.443142048462999878e-03
5.434711764691513292e-03
5.426294537662990428e-03
5.417890347155227167e-03
5.409499172977338954e-03
5.401120994969715698e-03
5.392755793003969726e-03
5.384403546982888082e-03
5.376064236840386555e-03
5.367737842541457638e-03
5.359424344082124557e-03
5.351123721489395302e-03
5.342835954821209717e-03
5.334561024166395264e-03
5.326298909644615852e-03
5.318049591406332800e-03
5.309813049632745863e-03
5.301589264535748990e-03
5.293378216357886960e-03
5.285179885372305077e-03
5.276994251882700590e-03
5.268821296223278466e-03
5.260660998758699344e-03
5.252513339884040504e-03
5.244378300024736018e-03
5.236255859636544663e-03
5.228145999205493534e-03
5.220048699247830347e-03
5.211963940309980066e-03
5.203891702968502404e-03
5.195831967830034578e-03
5.187784715531254011e-03
5.179749926738824554e-03
5.171727582149358328e-03
5.163717662489363674e-03
5.155720148515195722e-03
5.147735021013020822e-03
5.139762260798760168e-03
5.131801848718044699e-03
5.123853765646178664e-03
5.115917992488081510e-03
5.107994510178250590e-03
5.100083299680708247e-03
5.092184341988962790e-03
5.084297618125961649e-03
5.076423109144038472e-03
5.068560796124878427e-03
5.060710660179466164e-03
5.052872682448040706e-03
5.045046844100052087e-03
5.037233126334114512e-03
5.029431510377962988e-03
5.021641977488406489e-03
5.013864508951283716e-03
5.006099086081418001e-03
4.998345690222571330e-03
4.990604302747404450e-03
4.982874905057422220e-03
4.975157478582939788e-03
4.967452004783033150e-03
4.959758465145490576e-03
4.952076841186775318e-03
4.944407114451978766e-03
4.936749266514771015e-03
4.929103278977367032e-03
4.921469133470472886e-03
4.913846811653244107e-03
4.906236295213244926e-03
4.898637565866401436e-03
4.891050605356956488e-03
4.883475395457431527e-03
4.875911917968572817e-03
4.868360154719318482e-03
4.860820087566750797e-03
4.853291698396047620e-03
4.845774969120444226e-03
4.838269881681191674e-03
4.830776418047507369e-03
4.823294560216537762e-03
4.815824290213309780e-03
4.808365590090689194e-03
4.800918441929342452e-03
4.793482827837685506e-03
4.786058729951847383e-03
4.778646130435623349e-03
4.771245011480432403e-03
4.763855355305278254e-03
4.756477144156703342e-03
4.749110360308743742e-03
4.741754986062892731e-03
4.734411003748055687e-03
4.727078395720504117e-03
4.719757144363835762e-03
4.712447232088938162e-03
4.705148641333934019e-03
4.697861354564149966e-03
4.690585354272068866e-03
4.683320622977289911e-03
4.676067143226487859e-03
4.668824897593365324e-03
4.661593868678616352e-03
4.654374039109884786e-03
4.647165391541717427e-03
4.639967908655529341e-03
4.632781573159557020e-03
4.625606367788816752e-03
4.618442275305068186e-03
4.611289278496766633e-03
4.604147360179025768e-03
4.597016503193576860e-03
4.589896690408724542e-03
4.582787904719304306e-03
4.575690129046649547e-03
4.568603346338540386e-03
4.561527539569169842e-03
4.554462691739101336e-03
4.547408785875223583e-03
4.540365805030715032e-03
4.533333732285002235e-03
4.526312550743719076e-03
4.519302243538661674e-03
4.512302793827757154e-03
4.505314184795010737e-03
4.498336399650478858e-03
4.491369421630217115e-03
4.484413233996247319e-03
4.477467820036517589e-03
4.470533163064854647e-03
4.463609246420932597e-03
4.456696053470224350e-03
4.449793567603974737e-03
4.442901772239141525e-03
4.436020650818377209e-03
4.429150186809968290e-03
4.422290363707811860e-03
4.415441165031369630e-03
4.408602574325623698e-03
4.401774575161044450e-03
4.394957151133550670e-03
4.388150285864464428e-03
4.381353963000474659e-03
4.374568166213603330e-03
4.367792879201153403e-03
4.361028085685684542e-03
4.354273769414961082e-03
4.347529914161923394e-03
4.340796503724641923e-03
4.334073521926280759e-03
4.327360952615059465e-03
4.320658779664213189e-03
4.313966986971952758e-03
4.307285558461429985e-03
4.300614478080694303e-03
4.293953729802658069e-03
4.287303297625053196e-03
4.280663165570398193e-03
4.274033317685959135e-03
4.267413738043706294e-03
4.260804410740282912e-03
4.254205319896957500e-03
4.247616449659597816e-03
4.241037784198622290e-03
4.234469307708968802e-03
4.227911004410051313e-03
4.221362858545726036e-03
4.214824854384254145e-03
4.208296976218258399e-03
4.201779208364691924e-03
4.195271535164797443e-03
4.188773940984066510e-03
4.182286410212211758e-03
4.175808927263116588e-03
4.169341476574806547e-03
4.162884042609410300e-03
4.156436609853122327e-03
4.149999162816161297e-03
4.143571686032737102e-03
4.137154164061019636e-03
4.130746581483085884e-03
4.124348922904896506e-03
4.117961172956251595e-03
4.111583316290762929e-03
4.105215337585803662e-03
4.098857221542481430e-03
4.092508952885601063e-03
4.086170516363618610e-03
4.079841896748619655e-03
4.073523078836269878e-03
4.067214047445784700e-03
4.060914787419892848e-03
4.054625283624795594e-03
4.048345520950135529e-03
4.042075484308957530e-03
4.035815158637672331e-03
4.029564528896020098e-03
4.023323580067042667e-03
4.017092297157027168e-03
4.010870665195493887e-03
4.004658669235145081e-03
3.998456294351832897e-03
3.992263525644524670e-03
3.986080348235267364e-03
3.979906747269149406e-03
3.973742707914265995e-03
3.967588215361686141e-03
3.961443254825411028e-03
3.955307811542348867e-03
3.949181870772263715e-03
3.943065417797758133e-03
3.936958437924222877e-03
3.930860916479810008e-03
3.924772838815396465e-03
3.918694190304544168e-03
3.912624956343470524e-03
3.906565122351013733e-03
3.900514673768588989e-03
3.894473596060165060e-03
3.888441874712221785e-03
3.882419495233718418e-03
3.876406443156057199e-03
3.870402704033047789e-03
3.864408263440877785e-03
3.858423106978070647e-03
3.852447220265456645e-03
3.846480588946135561e-03
3.840523198685444600e-03
3.834575035170919785e-03
3.828636084112266476e-03
3.822706331241322066e-03
3.816785762312021289e-03
3.810874363100364131e-03
3.804972119404381129e-03
3.799079017044098248e-03
3.793195041861502186e-03
3.787320179720508277e-03
3.781454416506927537e-03
3.775597738128428499e-03
3.769750130514505550e-03
3.763911579616447713e-03
3.758082071407300908e-03
3.752261591881836302e-03
3.746450127056515610e-03
3.740647662969459435e-03
3.734854185680411276e-03
3.729069681270705434e-03
3.723294135843234053e-03
3.717527535522412423e-03
3.711769866454146891e-03
3.706021114805799731e-03
3.700281266766157484e-03
3.694550308545399304e-03
3.688828226375058354e-03
3.683115006507994924e-03
3.677410635218360431e-03
3.671715098801564027e-03
3.666028383574240507e-03
3.660350475874218652e-03
3.654681362060485227e-03
3.649021028513155501e-03
3.643369461633438108e-03
3.637726647843604697e-03
3.632092573586954368e-03
3.626467225327785048e-03
3.620850589551355327e-03
3.615242652763858006e-03
3.609643401492384530e-03
3.604052822284891603e-03
3.598470901710172556e-03
3.592897626357821356e-03
3.587332982838202684e-03
3.581776957782418103e-03
3.576229537842275270e-03
3.570690709690255843e-03
3.565160460019482086e-03
3.559638775543687815e-03
3.554125642997181100e-03
3.548621049134819544e-03
3.543124980731972122e-03
3.537637424584490990e-03
3.532158367508678523e-03
3.526687796341257397e-03
3.521225697939334588e-03
3.515772059180374484e-03
3.510326866962166364e-03
3.504890108202789699e-03
3.499461769840587263e-03
3.494041838834130442e-03
3.488630302162189743e-03
3.483227146823702266e-03
3.477832359837741347e-03
3.472445928243485334e-03
3.467067839100186795e-03
3.461698079487137824e-03
3.456336636503645320e-03
3.450983497268995427e-03
3.445638648922423608e-03
3.440302078623085590e-03
3.434973773550021800e-03
3.429653720902132216e-03
3.424341907898141666e-03
3.419038321776572079e-03
3.413742949795708220e-03
3.408455779233571237e-03
3.403176797387883964e-03
3.397905991576044039e-03
3.392643349135090070e-03
3.387388857421675184e-03
3.382142503812032765e-03
3.376904275701948267e-03
3.371674160506727986e-03
3.366452145661170871e-03
3.361238218619533400e-03
3.356032366855507456e-03
3.350834577862181300e-03
3.345644839152016586e-03
3.340463138256813663e-03
3.335289462727685558e-03
3.330123800135023713e-03
3.324966138068471532e-03
3.319816464136895323e-03
3.314674765968348737e-03
3.309541031210050215e-03
3.304415247528349163e-03
3.299297402608696896e-03
3.294187484155617577e-03
3.289085479892678299e-03
3.283991377562459589e-03
3.278905164926526790e-03
3.273826829765401000e-03
3.268756359878525683e-03
3.263693743084243679e-03
3.258638967219761647e-03
3.253592020141127077e-03
3.248552889723192727e-03
3.243521563859593643e-03
3.238498030462713759e-03
3.233482277463656848e-03
3.228474292812222226e-03
3.223474064476867899e-03
3.218481580444689742e-03
3.213496828721388969e-03
3.208519797331241784e-03
3.203550474317073352e-03
3.198588847740227448e-03
3.193634905680538694e-03
3.188688636236303078e-03
3.183750027524250622e-03
3.178819067677436400e-03
3.173895743867856563e-03
3.168980045254019776e-03
3.164071960029200305e-03
3.159171477867214230e-03
3.154278585031987641e-03
3.149393270259846084e-03
3.144515521813901187e-03
3.139645327975500427e-03
3.134782677044143425e-03
3.129927557337450726e-03
3.125079957191134305e-03
3.120239864957850915e-03
3.115407269010798171e-03
3.110582157739674811e-03
3.105764519552165620e-03
3.100954342874035537e-03
3.096151616148970064e-03
3.091356327838557915e-03
3.086568466422256758e-03
3.081788020397366757e-03
3.077014978279003690e-03
3.072249328600072486e-03
3.067491059911236443e-03
3.062740160780890765e-03
3.057996619795137414e-03
3.053260425557755182e-03
3.048531566690174111e-03
3.043810031831447292e-03
3.039095809638221388e-03
3.034388888784714938e-03
3.029689257962685841e-03
3.024996905881404893e-03
3.020311821267633243e-03
3.015633992865588992e-03
3.010963409436922481e-03
3.006300059760694168e-03
3.001643932633339066e-03
2.996995016868646364e-03
2.992353301297729067e-03
2.987718774769000576e-03
2.983091426148142163e-03
2.978471244318084323e-03
2.973858218178971648e-03
2.969252336648142438e-03
2.964653588660098350e-03
2.960061963166480108e-03
2.955477449136040616e-03
2.950900035554614598e-03
2.946329711425100823e-03
2.941766465767424801e-03
2.937210287618521876e-03
2.932661166032303826e-03
2.928119090079638488e-03
2.923584048848318091e-03
2.919056031443038011e-03
2.914535026985365547e-03
2.910021024613718664e-03
2.905514013483336943e-03
2.901013982766254690e-03
2.896520921651279251e-03
2.892034819343959791e-03
2.887555665066565604e-03
2.883083448058057496e-03
2.878618157574062628e-03
2.874159782886849795e-03
2.869708313285301675e-03
2.865263738074891840e-03
2.860826046577655702e-03
2.856395228132167091e-03
2.851971272093513973e-03
2.847554167833268521e-03
2.843143904739465003e-03
2.838740472216573323e-03
2.834343859685474736e-03
2.829954056583433662e-03
2.825571052364075127e-03
2.821194836497358319e-03
2.816825398469549688e-03
2.812462727783201707e-03
2.808106813957122940e-03
2.803757646526356794e-03
2.799415215042153331e-03
2.795079509071946283e-03
2.790750518199327460e-03
2.786428232024021606e-03
2.782112640161859933e-03
2.777803732244757580e-03
2.773501497920688452e-03
2.769205926853658337e-03
2.764917008723681915e-03
2.760634733226756312e-03
2.756359090074839407e-03
2.752090068995821214e-03
2.747827659733502199e-03
2.743571852047566387e-03
2.739322635713559249e-03
2.735080000522860811e-03
2.730843936282663104e-03
2.726614432815944577e-03
2.722391479961444073e-03
2.718175067573639150e-03
2.713965185522721358e-03
2.709761823694570217e-03
2.705564971990731538e-03
2.701374620328387925e-03
2.697190758640343172e-03
2.693013376874989293e-03
2.688842464996286583e-03
2.684678012983740623e-03
2.680520010832374532e-03
2.676368448552709448e-03
2.672223316170736340e-03
2.668084603727894754e-03
2.663952301281046799e-03
2.659826398902456323e-03
2.655706886679760296e-03
2.651593754715951459e-03
2.647486993129348834e-03
2.643386592053575176e-03
2.639292541637535718e-03
2.635204832045392586e-03
2.631123453456542683e-03
2.627048396065590364e-03
2.622979650082329223e-03
2.618917205731713469e-03
2.614861053253838413e-03
2.610811182903915745e-03
2.606767584952247949e-03
2.602730249684207919e-03
2.598699167400214671e-03
2.594674328415708629e-03
2.590655723061131670e-03
2.586643341681899803e-03
2.582637174638382355e-03
2.578637212305879851e-03
2.574643445074597560e-03
2.570655863349625113e-03
2.566674457550913516e-03
2.562699218113249130e-03
2.558730135486235457e-03
2.554767200134264952e-03
2.550810402536500803e-03
2.546859733186850917e-03
2.542915182593946232e-03
2.538976741281118166e-03
2.535044399786374764e-03
2.531118148662379885e-03
2.527197978476428478e-03
2.523283879810425765e-03
2.519375843260861225e-03
2.515473859438790809e-03
2.511577918969811786e-03
2.507688012494038894e-03
2.503804130666084822e-03
2.499926264155036357e-03
2.496054403644429234e-03
2.492188539832232517e-03
2.488328663430820417e-03
2.484474765166949737e-03
2.480626835781742090e-03
2.476784866030658748e-03
2.472948846683478089e-03
2.469118768524274782e-03
2.465294622351396799e-03
2.461476398977443299e-03
2.457664089229242947e-03
2.453857683947832224e-03
2.450057173988432879e-03
2.446262550220428510e-03
2.442473803527345916e-03
2.438690924806830810e-03
2.434913904970626569e-03
2.431142734944551683e-03
2.427377405668480238e-03
2.423617908096315898e-03
2.419864233195976287e-03
2.416116371949365241e-03
2.412374315352353721e-03
2.408638054414759862e-03
2.404907580160324694e-03
2.401182883626692185e-03
2.397463955865386260e-03
2.393750787941789984e-03
2.390043370935125613e-03
2.386341695938430305e-03
2.382645754058537475e-03
2.378955536416054242e-03
2.375271034145338446e-03
2.371592238394480863e-03
2.367919140325279621e-03
2.364251731113224588e-03
2.360590001947469613e-03
2.356933944030817785e-03
2.353283548579695409e-03
2.349638806824132058e-03
2.345999710007742791e-03
2.342366249387700834e-03
2.338738416234723266e-03
2.335116201833045430e-03
2.331499597480403158e-03
2.327888594488008046e-03
2.324283184180529673e-03
2.320683357896075223e-03
2.317089106986164760e-03
2.313500422815716485e-03
2.309917296763018112e-03
2.306339720219714295e-03
2.302767684590781468e-03
2.299201181294506600e-03
2.295640201762467678e-03
2.292084737439516358e-03
2.288534779783751513e-03
2.284990320266503186e-03
2.281451350372309603e-03
2.277917861598897226e-03
2.274389845457162104e-03
2.270867293471147755e-03
2.267350197178025651e-03
2.263838548128073100e-03
2.260332337884653729e-03
2.256831558024200574e-03
2.253336200136190921e-03
2.249846255823128097e-03
2.246361716700521084e-03
2.242882574396868039e-03
2.239408820553628107e-03
2.235940446825209274e-03
2.232477444878943652e-03
2.229019806395069261e-03
2.225567523066709647e-03
2.222120586599853065e-03
2.218678988713337300e-03
2.215242721138820179e-03
2.211811775620769593e-03
2.208386143916437911e-03
2.204965817795844635e-03
2.201550789041754278e-03
2.198141049449660323e-03
2.194736590827760930e-03
2.191337404996942899e-03
2.187943483790761711e-03
2.184554819055418984e-03
2.181171402649746422e-03
2.177793226445183267e-03
2.174420282325759818e-03
2.171052562188074443e-03
2.167690057941277539e-03
2.164332761507050708e-03
2.160980664819584646e-03
2.157633759825566128e-03
2.154292038484151555e-03
2.150955492766952644e-03
2.147624114658014307e-03
2.144297896153797740e-03
2.140976829263159173e-03
2.137660906007331219e-03
2.134350118419905528e-03
2.131044458546808070e-03
2.127743918446288723e-03
2.124448490188895686e-03
2.121158165857455966e-03
2.117872937547062365e-03
2.114592797365049629e-03
2.111317737430973632e-03
2.108047749876599663e-03
2.104782826845876410e-03
2.101522960494920343e-03
2.098268142991997504e-03
2.095018366517503120e-03
2.091773623263943390e-03
2.088533905435916403e-03
2.085299205250093924e-03
2.082069514935203178e-03
2.078844826732005602e-03
2.075625132893281662e-03
2.072410425683810474e-03
2.069200697380349421e-03
2.065995940271621138e-03
2.062796146658288365e-03
2.059601308852940064e-03
2.056411419180070605e-03
2.053226469976061550e-03
2.050046453589167341e-03
2.046871362379487115e-03
2.043701188718959495e-03
2.040535924991331365e-03
2.037375563592150069e-03
2.034220096928738251e-03
2.031069517420178248e-03
2.027923817497294737e-03
2.024782989602634357e-03
2.021647026190449229e-03
2.018515919726677002e-03
2.015389662688926980e-03
2.012268247566455399e-03
2.009151666860153722e-03
2.006039913082526948e-03
2.002932978757677139e-03
1.999830856421283033e-03
1.996733538620587035e-03
1.993641017914372666e-03
1.990553286872947646e-03
1.987470338078128288e-03
1.984392164123219109e-03
1.981318757612996785e-03
1.978250111163690206e-03
1.975186217402965724e-03
1.972127068969907211e-03
1.969072658515000004e-03
1.966022978700109232e-03
1.962978022198469830e-03
1.959937781694661395e-03
1.956902249884592566e-03
1.953871419475488452e-03
1.950845283185865262e-03
1.947823833745518157e-03
1.944807063895503041e-03
1.941794966388117258e-03
1.938787533986884200e-03
1.935784759466534005e-03
1.932786635612988163e-03
1.929793155223341085e-03
1.926804311105842537e-03
1.923820096079881161e-03
1.920840502975967130e-03
1.917865524635713713e-03
1.914895153911822315e-03
1.911929383668062527e-03
1.908968206779257815e-03
1.906011616131266006e-03
1.903059604620964103e-03
1.900112165156230080e-03
1.897169290655925308e-03
1.894230974049879385e-03
1.891297208278871480e-03
1.888367986294614944e-03
1.885443301059738438e-03
1.882523145547770546e-03
1.879607512743121768e-03
1.876696395641069132e-03
1.873789787247737756e-03
1.870887680580085675e-03
1.867990068665885189e-03
1.865096944543708120e-03
1.862208301262907161e-03
1.859324131883600051e-03
1.856444429476654390e-03
1.853569187123668130e-03
1.850698397916954391e-03
1.847832054959525636e-03
1.844970151365076102e-03
1.842112680257964675e-03
1.839259634773200789e-03
1.836411008056424267e-03
1.833566793263892306e-03
1.830726983562461479e-03
1.827891572129570824e-03
1.825060552153226229e-03
1.822233916831984823e-03
1.819411659374936974e-03
1.816593773001690679e-03
1.813780250942355950e-03
1.810971086437527470e-03
1.808166272738268325e-03
1.805365803106095480e-03
1.802569670812961562e-03
1.799777869141239032e-03
1.796990391383706739e-03
1.794207230843528674e-03
1.791428380834243122e-03
1.788653834679742715e-03
1.785883585714261642e-03
1.783117627282356128e-03
1.780355952738891211e-03
1.777598555449024040e-03
1.774845428788187837e-03
1.772096566142075409e-03
1.769351960906623538e-03
1.766611606487997590e-03
1.763875496302576111e-03
1.761143623776933054e-03
1.758415982347823463e-03
1.755692565462168729e-03
1.752973366577037940e-03
1.750258379159634874e-03
1.747547596687280651e-03
1.744841012647399200e-03
1.742138620537500571e-03
1.739440413865166180e-03
1.736746386148032553e-03
1.734056530913775929e-03
1.731370841700096861e-03
1.728689312054705694e-03
1.726011935535304125e-03
1.723338705709573501e-03
1.720669616155155951e-03
1.718004660459641376e-03
1.715343832220550752e-03
1.712687125045321817e-03
1.710034532551291944e-03
1.707386048365684477e-03
1.704741666125593989e-03
1.702101379477967847e-03
1.699465182079593637e-03
1.696833067597083551e-03
1.694205029706859645e-03
1.691581062095135618e-03
1.688961158457906626e-03
1.686345312500928681e-03
1.683733517939708891e-03
1.681125768499486164e-03
1.678522057915217544e-03
1.675922379931564336e-03
1.673326728302874976e-03
1.670735096793171800e-03
1.668147479176135435e-03
1.665563869235088968e-03
1.662984260762984936e-03
1.660408647562388630e-03
1.657837023445463782e-03
1.655269382233957604e-03
1.652705717759186911e-03
1.650146023862022072e-03
1.647590294392872919e-03
1.645038523211672264e-03
1.642490704187864843e-03
1.639946831200388665e-03
1.637406898137663087e-03
1.634870898897572119e-03
1.632338827387450975e-03
1.629810677524071551e-03
1.627286443233627025e-03
1.624766118451717329e-03
1.622249697123335707e-03
1.619737173202852234e-03
1.617228540654001238e-03
1.614723793449865689e-03
1.612222925572863105e-03
1.609725931014730372e-03
1.607232803776511383e-03
1.604743537868538825e-03
1.602258127310424640e-03
1.599776566131041154e-03
1.597298848368510025e-03
1.594824968070185974e-03
1.592354919292643129e-03
1.589888696101660493e-03
1.587426292572209369e-03
1.584967702788435580e-03
1.582512920843649274e-03
1.580061940840307580e-03
1.577614756890001598e-03
1.575171363113443170e-03
1.572731753640449264e-03
1.570295922609929191e-03
1.567863864169869630e-03
1.565435572477320110e-03
1.563011041698380427e-03
1.560590266008185902e-03
1.558173239590892201e-03
1.555759956639664061e-03
1.553350411356658805e-03
1.550944597953013556e-03
1.548542510648831787e-03
1.546144143673168362e-03
1.543749491264015438e-03
1.541358547668290760e-03
1.538971307141820963e-03
1.536587763949329860e-03
1.534207912364424567e-03
1.531831746669580106e-03
1.529459261156127263e-03
1.527090450124238274e-03
1.524725307882913387e-03
1.522363828749967191e-03
1.520006007052014316e-03
1.517651837124455762e-03
1.515301313311467630e-03
1.512954429965983772e-03
1.510611181449684733e-03
1.508271562132984089e-03
1.505935566395014786e-03
1.503603188623613748e-03
1.501274423215312112e-03
1.498949264575317672e-03
1.496627707117503597e-03
1.494309745264396508e-03
1.491995373447159347e-03
1.489684586105581620e-03
1.487377377688062696e-03
1.485073742651602273e-03
1.482773675461783675e-03
1.480477170592761496e-03
1.478184222527249674e-03
1.475894825756506957e-03
1.473608974780324333e-03
1.471326664107010067e-03
1.469047888253379721e-03
1.466772641744740115e-03
1.464500919114877396e-03
1.462232714906043160e-03
1.459968023668943614e-03
1.457706839962722876e-03
1.455449158354952567e-03
1.453194973421618802e-03
1.450944279747107442e-03
1.448697071924191955e-03
1.446453344554020403e-03
1.444213092246102214e-03
1.441976309618297558e-03
1.439742991296799569e-03
1.437513131916126532e-03
1.435286726119105625e-03
1.433063768556861210e-03
1.430844253888802469e-03
1.428628176782609747e-03
1.426415531914221975e-03
1.424206313967823437e-03
1.422000517635832288e-03
1.419798137618887316e-03
1.417599168625833855e-03
1.415403605373712287e-03
1.413211442587746121e-03
1.411022675001327460e-03
1.408837297356005510e-03
1.406655304401474224e-03
1.404476690895558200e-03
1.402301451604201846e-03
1.400129581301455929e-03
1.397961074769464357e-03
1.395795926798453759e-03
1.393634132186718751e-03
1.391475685740609786e-03
1.389320582274522313e-03
1.387168816610882685e-03
1.385020383580136015e-03
1.382875278020734029e-03
1.380733494779123362e-03
1.378595028709731461e-03
1.376459874674955744e-03
1.374328027545150153e-03
1.372199482198613665e-03
1.370074233521578148e-03
1.367952276408195347e-03
1.365833605760524315e-03
1.363718216488520778e-03
1.361606103510022399e-03
1.359497261750739665e-03
1.357391686144241143e-03
1.355289371631942423e-03
1.353190313163093756e-03
1.351094505694768128e-03
1.349001944191848684e-03
1.346912623627017020e-03
1.344826538980741035e-03
1.342743685241263012e-03
1.340664057404586601e-03
1.338587650474466848e-03
1.336514459462395882e-03
1.334444479387592725e-03
1.332377705276990062e-03
1.330314132165223186e-03
1.328253755094616767e-03
1.326196569115175097e-03
1.324142569284568211e-03
1.322091750668121261e-03
1.320044108338801724e-03
1.317999637377207907e-03
1.315958332871558110e-03
1.313920189917677393e-03
1.311885203618985869e-03
1.309853369086488297e-03
1.307824681438761287e-03
1.305799135801941156e-03
1.303776727309713303e-03
1.301757451103300071e-03
1.299741302331448379e-03
1.297728276150419968e-03
1.295718367723977093e-03
1.293711572223373409e-03
1.291707884827340532e-03
1.289707300722077845e-03
1.287709815101239705e-03
1.285715423165925035e-03
1.283724120124664749e-03
1.281735901193411121e-03
1.279750761595526299e-03
1.277768696561768641e-03
1.275789701330285559e-03
1.273813771146597692e-03
1.271840901263590010e-03
1.269871086941500330e-03
1.267904323447905865e-03
1.265940606057715419e-03
1.263979930053153776e-03
1.262022290723754112e-03
1.260067683366345196e-03
1.258116103285039037e-03
1.256167545791221120e-03
1.254222006203537833e-03
1.252279479847887575e-03
1.250339962057406664e-03
1.248403448172459790e-03
1.246469933540628747e-03
1.244539413516700067e-03
1.242611883462655916e-03
1.240687338747661081e-03
1.238765774748052349e-03
1.236847186847328094e-03
1.234931570436136137e-03
1.233018920912263986e-03
1.231109233680626478e-03
1.229202504153254936e-03
1.227298727749287629e-03
1.225397899894956110e-03
1.223500016023577408e-03
1.221605071575539506e-03
1.219713061998293742e-03
1.217823982746342459e-03
1.215937829281227072e-03
1.214054597071518096e-03
1.212174281592805171e-03
1.210296878327684483e-03
1.208422382765749663e-03
1.206550790403579203e-03
1.204682096744725834e-03
1.202816297299707854e-03
1.200953387585996547e-03
1.199093363128004696e-03
1.197236219457077904e-03
1.195381952111481804e-03
1.193530556636393600e-03
1.191682028583888409e-03
1.189836363512931667e-03
1.187993556989366123e-03
1.186153604585903380e-03
1.184316501882109801e-03
1.182482244464400653e-03
1.180650827926024498e-03
1.178822247867056900e-03
1.176996499894386768e-03
1.175173579621707678e-03
1.173353482669507036e-03
1.171536204665053716e-03
1.169721741242390253e-03
1.167910088042321349e-03
1.166101240712401951e-03
1.164295194906929442e-03
1.162491946286930630e-03
1.160691490520152861e-03
1.158893823281053606e-03
1.157098940250789621e-03
1.155306837117205890e-03
1.153517509574827167e-03
1.151730953324845179e-03
1.149947164075110608e-03
1.148166137540121380e-03
1.146387869441013556e-03
1.144612355505548323e-03
1.142839591468105707e-03
1.141069573069671125e-03
1.139302296057827365e-03
1.137537756186741359e-03
1.135775949217157892e-03
1.134016870916387029e-03
1.132260517058294134e-03
1.130506883423289038e-03
1.128755965798318439e-03
1.127007759976853766e-03
1.125262261758880984e-03
1.123519466950890621e-03
1.121779371365869095e-03
1.120041970823286784e-03
1.118307261149090225e-03
1.116575238175688232e-03
1.114845897741946696e-03
1.113119235693175568e-03
1.111395247881118891e-03
1.109673930163945690e-03
1.107955278406239997e-03
1.106239288478991526e-03
1.104525956259583535e-03
1.102815277631785012e-03
1.101107248485740488e-03
1.099401864717958763e-03
1.097699122231305313e-03
1.095999016934990364e-03
1.094301544744560439e-03
1.092606701581887727e-03
1.090914483375160548e-03
1.089224886058873590e-03
1.087537905573818589e-03
1.085853537867073268e-03
1.084171778891993530e-03
1.082492624608202185e-03
1.080816070981578756e-03
1.079142113984253191e-03
1.077470749594591336e-03
1.075801973797188647e-03
1.074135782582860211e-03
1.072472171948629259e-03
1.070811137897719791e-03
1.069152676439545950e-03
1.067496783589701398e-03
1.065843455369951728e-03
1.064192687808224484e-03
1.062544476938597892e-03
1.060898818801293267e-03
1.059255709442663953e-03
1.057615144915188170e-03
1.055977121277456871e-03
1.054341634594165283e-03
1.052708680936104450e-03
1.051078256380150828e-03
1.049450357009255874e-03
1.047824978912439324e-03
1.046202118184776835e-03
1.044581770927392825e-03
1.042963933247449638e-03
1.041348601258139514e-03
1.039735771078673966e-03
1.038125438834275110e-03
1.036517600656166552e-03
1.034912252681563635e-03
1.033309391053664110e-03
1.031709011921639468e-03
1.030111111440625395e-03
1.028515685771712014e-03
1.026922731081935649e-03
1.025332243544268629e-03
1.023744219337611051e-03
1.022158654646779935e-03
1.020575545662502940e-03
1.018994888581406652e-03
1.017416679606007257e-03
1.015840914944704477e-03
1.014267590811768118e-03
1.012696703427333955e-03
1.011128249017389635e-03
1.009562223813769257e-03
1.007998624054142747e-03
1.006437445982006317e-03
1.004878685846675741e-03
1.003322339903273998e-03
1.001768404412726283e-03
1.000216875641746347e-03
9.986677498628328091e-04
9.971210233542541958e-04
9.955766924000456885e-04
9.940347532899967628e-04
9.924952023196435998e-04
9.909580357902595445e-04
9.894232500088459992e-04
9.878908412881252672e-04
9.863608059465292770e-04
9.848331403081932948e-04
9.833078407029437803e-04
9.817849034662931833e-04
9.802643249394288848e-04
9.787461014692049564e-04
9.772302294081339213e-04
9.757167051143761285e-04
9.742055249517343318e-04
9.726966852896413301e-04
9.711901825031537877e-04
9.696860129729422588e-04
9.681841730852832738e-04
9.666846592320499061e-04
9.651874678107034240e-04
9.636925952242849421e-04
9.622000378814064229e-04
9.607097921962418942e-04
9.592218545885195348e-04
9.577362214835121335e-04
9.562528893120293911e-04
9.547718545104084877e-04
9.532931135205063855e-04
9.518166627896908292e-04
9.503424987708315643e-04
9.488706179222922057e-04
9.474010167079217806e-04
9.459336915970457298e-04
9.444686390644581016e-04
9.430058555904127695e-04
9.415453376606147586e-04
9.400870817662117891e-04
9.386310844037866865e-04
9.371773420753478408e-04
9.357258512883212921e-04
9.342766085555425986e-04
9.328296103952480548e-04
9.313848533310666684e-04
9.299423338920112699e-04
9.285020486124704892e-04
9.270639940322011668e-04
9.256281666963183784e-04
9.241945631552888219e-04
9.227631799649213843e-04
9.213340136863595528e-04
9.199070608860727407e-04
9.184823181358480479e-04
9.170597820127825628e-04
9.156394490992742548e-04
9.142213159830143857e-04
9.128053792569793771e-04
9.113916355194221375e-04
9.099800813738644729e-04
9.085707134290881958e-04
9.071635282991278616e-04
9.057585226032617695e-04
9.043556929660046982e-04
9.029550360170990157e-04
9.015565483915068731e-04
9.001602267294022894e-04
8.987660676761628038e-04
8.973740678823619943e-04
8.959842240037605874e-04
8.945965327012986518e-04
8.932109906410883341e-04
8.918275944944049688e-04
8.904463409376791629e-04
8.890672266524895324e-04
8.876902483255538117e-04
8.863154026487215890e-04
8.849426863189659587e-04
8.835720960383756060e-04
8.822036285141470011e-04
8.808372804585767012e-04
8.794730485890530020e-04
8.781109296280484571e-04
8.767509203031115294e-04
8.753930173468595435e-04
8.740372174969696876e-04
8.726835174961723989e-04
8.713319140922424740e-04
8.699824040379916957e-04
8.686349840912614608e-04
8.672896510149145401e-04
8.659464015768270550e-04
8.646052325498809971e-04
8.632661407119567466e-04
8.619291228459251579e-04
8.605941757396392113e-04
8.592612961859272909e-04
8.579304809825849445e-04
8.566017269323671860e-04
8.552750308429810143e-04
8.539503895270772818e-04
8.526277998022437554e-04
8.513072584909969851e-04
8.499887624207743894e-04
8.486723084239277499e-04
8.473578933377144294e-04
8.460455140042899991e-04
8.447351672707014087e-04
8.434268499888785287e-04
8.421205590156266704e-04
8.408162912126201883e-04
8.395140434463929397e-04
8.382138125883327549e-04
8.369155955146726552e-04
8.356193891064832638e-04
8.343251902496670591e-04
8.330329958349478583e-04
8.317428027578669140e-04
8.304546079187721808e-04
8.291684082228130024e-04
8.278842005799317639e-04
8.266019819048569519e-04
8.253217491170954578e-04
8.240434991409246622e-04
8.227672289053866890e-04
8.214929353442787562e-04
8.202206153961477545e-04
8.189502660042817907e-04
8.176818841167032489e-04
8.164154666861613095e-04
8.151510106701250098e-04
8.138885130307751134e-04
8.126279707349978211e-04
8.113693807543765311e-04
8.101127400651858762e-04
8.088580456483822909e-04
8.076052944895991325e-04
8.063544835791380079e-04
8.051056099119619424e-04
8.038586704876883333e-04
8.026136623105810343e-04
8.013705823895439593e-04
8.001294277381138182e-04
7.988901953744523103e-04
7.976528823213399448e-04
7.964174856061674752e-04
7.951840022609304786e-04
7.939524293222208987e-04
7.927227638312201070e-04
7.914950028336927229e-04
7.902691433799785906e-04
7.890451825249856230e-04
7.878231173281834056e-04
7.866029448535958235e-04
7.853846621697935801e-04
7.841682663498883432e-04
7.829537544715236370e-04
7.817411236168705056e-04
7.805303708726180805e-04
7.793214933299682677e-04
7.781144880846276165e-04
7.769093522368009227e-04
7.757060828911843979e-04
7.745046771569582969e-04
7.733051321477798709e-04
7.721074449817774037e-04
7.709116127815418638e-04
7.697176326741210495e-04
7.685255017910126501e-04
7.673352172681564397e-04
7.661467762459283140e-04
7.649601758691334597e-04
7.637754132869986569e-04
7.625924856531660989e-04
7.614113901256864539e-04
7.602321238670119250e-04
7.590546840439896378e-04
7.578790678278542669e-04
7.567052723942222902e-04
7.555332949230837486e-04
7.543631325987970419e-04
7.531947826100807977e-04
7.520282421500083412e-04
7.508635084159998897e-04
7.497005786098161553e-04
7.485394499375522736e-04
7.473801196096303227e-04
7.462225848407922756e-04
7.450668428500949051e-04
7.439128908609012178e-04
7.427607261008752505e-04
7.416103458019744805e-04
7.404617472004434292e-04
7.393149275368073731e-04
7.381698840558652969e-04
7.370266140066832799e-04
7.358851146425885326e-04
7.347453832211612657e-04
7.336074170042302441e-04
7.324712132578644393e-04
7.313367692523672827e-04
7.302040822622699436e-04
7.290731495663248241e-04
7.279439684474987285e-04
7.268165361929669003e-04
7.256908500941057581e-04
7.245669074464873658e-04
7.234447055498720606e-04
7.223242417082020557e-04
7.212055132295954775e-04
7.200885174263396433e-04
7.189732516148845563e-04
7.178597131158362919e-04
7.167478992539510346e-04
7.156378073581278138e-04
7.145294347614035164e-04
7.134227788009447555e-04
7.123178368180427744e-04
7.112146061581063996e-04
7.101130841706559688e-04
7.090132682093169348e-04
7.079151556318131425e-04
7.068187437999609753e-04
7.057240300796628488e-04
7.046310118409004897e-04
7.035396864577297309e-04
7.024500513082727058e-04
7.013621037747125352e-04
7.002758412432867141e-04
6.991912611042811485e-04
6.981083607520232161e-04
6.970271375848764543e-04
6.959475890052334041e-04
6.948697124195099724e-04
6.937935052381388181e-04
6.927189648755633896e-04
6.916460887502317439e-04
6.905748742845897173e-04
6.895053189050759368e-04
6.884374200421142318e-04
6.873711751301089714e-04
6.863065816074374751e-04
6.852436369164442665e-04
6.841823385034360864e-04
6.831226838186738688e-04
6.820646703163681882e-04
6.810082954546718866e-04
6.799535566956754111e-04
6.789004515053992253e-04
6.778489773537886044e-04
6.767991317147075640e-04
6.757509120659319210e-04
6.747043158891448487e-04
6.736593406699289618e-04
6.726159838977618715e-04
6.715742430660089210e-04
6.705341156719181982e-04
6.694955992166135971e-04
6.684586912050892882e-04
6.674233891462039723e-04
6.663896905526747001e-04
6.653575929410701509e-04
6.643270938318058616e-04
6.632981907491377217e-04
6.622708812211557930e-04
6.612451627797785638e-04
6.602210329607474193e-04
6.591984893036200279e-04
6.581775293517647032e-04
6.571581506523549833e-04
6.561403507563630172e-04
6.551241272185538179e-04
6.541094775974801677e-04
6.530963994554754614e-04
6.520848903586490448e-04
6.510749478768792760e-04
6.500665695838089711e-04
6.490597530568383575e-04
6.480544958771197609e-04
6.470507956295520760e-04
6.460486499027743700e-04
6.450480562891607863e-04
6.440490123848141481e-04
6.430515157895603205e-04
6.420555641069424641e-04
6.410611549442159392e-04
6.400682859123412588e-04
6.390769546259794263e-04
6.380871587034855387e-04
6.370988957669039077e-04
6.361121634419612293e-04
6.351269593580617049e-04
6.341432811482810780e-04
6.331611264493611051e-04
6.321804929017033753e-04
6.312013781493643234e-04
6.302237798400490499e-04
6.292476956251060079e-04
6.282731231595210407e-04
6.273000601019123939e-04
6.263285041145238855e-04
6.253584528632204599e-04
6.243899040174821172e-04
6.234228552503981663e-04
6.224573042386622379e-04
6.214932486625659959e-04
6.205306862059934998e-04
6.195696145564167593e-04
6.186100314048886871e-04
6.176519344460386536e-04
6.166953213780665237e-04
6.157401899027372359e-04
6.147865377253748393e-04
6.138343625548576144e-04
6.128836621036123271e-04
6.119344340876088075e-04
6.109866762263543123e-04
6.100403862428876696e-04
6.090955618637750512e-04
6.081522008191029248e-04
6.072103008424739341e-04
6.062698596710007189e-04
6.053308750453002774e-04
6.043933447094896293e-04
6.034572664111788765e-04
6.025226379014674092e-04
6.015894569349372915e-04
6.006577212696480577e-04
5.997274286671320500e-04
5.987985768923879135e-04
5.978711637138763675e-04
5.969451869035139174e-04
5.960206442366687346e-04
5.950975334921530671e-04
5.941758524522205293e-04
5.932555989025591623e-04
5.923367706322862306e-04
5.914193654339435597e-04
5.905033811034915729e-04
5.895888154403047376e-04
5.886756662471654940e-04
5.877639313302590509e-04
5.868536084991690487e-04
5.859446955668709458e-04
5.850371903497280073e-04
5.841310906674851249e-04
5.832263943432641545e-04
5.823230992035582790e-04
5.814212030782271289e-04
5.805207038004914699e-04
5.796215992069277817e-04
5.787238871374634878e-04
5.778275654353711007e-04
5.769326319472638850e-04
5.760390845230897857e-04
5.751469210161276342e-04
5.742561392829795578e-04
5.733667371835690293e-04
5.724787125811328431e-04
5.715920633422179710e-04
5.707067873366747325e-04
5.698228824376537580e-04
5.689403465215988340e-04
5.680591774682431077e-04
5.671793731606034495e-04
5.663009314849753572e-04
5.654238503309282939e-04
5.645481275913001584e-04
5.636737611621927321e-04
5.628007489429654982e-04
5.619290888362321731e-04
5.610587787478545259e-04
5.601898165869377165e-04
5.593222002658254166e-04
5.584559277000946060e-04
5.575909968085505843e-04
5.567274055132215510e-04
5.558651517393549185e-04
5.550042334154108069e-04
5.541446484730577077e-04
5.532863948471679295e-04
5.524294704758119607e-04
5.515738733002539156e-04
5.507196012649461132e-04
5.498666523175247409e-04
5.490150244088051919e-04
5.481647154927753434e-04
5.473157235265929546e-04
5.464680464705797035e-04
5.456216822882158741e-04
5.447766289461355863e-04
5.439328844141233261e-04
5.430904466651070069e-04
5.422493136751542833e-04
5.414094834234676719e-04
5.405709538923792390e-04
5.397337230673459382e-04
5.388977889369451655e-04
5.380631494928695552e-04
5.372298027299214499e-04
5.363977466460098653e-04
5.355669792421442017e-04
5.347374985224296901e-04
5.339093024940626221e-04
5.330823891673266632e-04
5.322567565555863479e-04
5.314324026752828512e-04
5.306093255459301940e-04
5.297875231901092797e-04
5.289669936334639912e-04
5.281477349046953366e-04
5.273297450355584129e-04
5.265130220608562261e-04
5.256975640184351380e-04
5.248833689491811793e-04
5.240704348970143039e-04
5.232587599088838349e-04
5.224483420347640194e-04
5.216391793276496918e-04
5.208312698435507444e-04
5.200246116414880071e-04
5.192192027834884776e-04
5.184150413345808752e-04
5.176121253627904376e-04
5.168104529391350172e-04
5.160100221376196601e-04
5.152108310352324864e-04
5.144128777119404616e-04
5.136161602506833252e-04
5.128206767373707717e-04
5.120264252608764874e-04
5.112334039130344643e-04
5.104416107886341212e-04
5.096510439854147739e-04
5.088617016040633588e-04
5.080735817482068435e-04
5.072866825244107085e-04
5.065010020421724423e-04
5.057165384139169877e-04
5.049332897549934892e-04
5.041512541836695466e-04
5.033704298211275291e-04
5.025908147914594790e-04
5.018124072216629920e-04
5.010352052416362301e-04
5.002592069841739096e-04
4.994844105849630730e-04
4.987108141825775595e-04
4.979384159184745357e-04
4.971672139369895079e-04
4.963972063853319856e-04
4.956283914135808195e-04
4.948607671746810569e-04
4.940943318244371118e-04
4.933290835215104874e-04
4.925650204274143558e-04
4.918021407065091121e-04
4.910404425259983635e-04
4.902799240559243751e-04
4.895205834691634082e-04
4.887624189414219254e-04
4.880054286512314405e-04
4.872496107799447786e-04
4.864949635117314674e-04
4.857414850335731843e-04
4.849891735352596903e-04
4.842380272093846556e-04
4.834880442513405101e-04
4.827392228593150821e-04
4.819915612342865570e-04
4.812450575800196820e-04
4.804997101030609422e-04
4.797555170127346569e-04
4.790124765211384804e-04
4.782705868431392279e-04
4.775298461963684298e-04
4.767902528012179413e-04
4.760518048808363642e-04
4.753145006611237885e-04
4.745783383707282690e-04
4.738433162410411086e-04
4.731094325061930097e-04
4.723766854030496290e-04
4.716450731712071320e-04
4.709145940529883985e-04
4.701852462934385233e-04
4.694570281403206416e-04
4.687299378441117550e-04
4.680039736579983951e-04
4.672791338378728281e-04
4.665554166423282307e-04
4.658328203326550575e-04
4.651113431728365962e-04
4.643909834295448474e-04
4.636717393721365133e-04
4.629536092726483894e-04
4.622365914057938955e-04
4.615206840489583049e-04
4.608058854821948957e-04
4.600921939882208307e-04
4.593796078524131458e-04
4.586681253628040883e-04
4.579577448100777552e-04
4.572484644875652151e-04
4.565402826912413089e-04
4.558331977197196093e-04
4.551272078742490046e-04
4.544223114587093624e-04
4.537185067796073554e-04
4.530157921460728834e-04
4.523141658698541403e-04
4.516136262653144698e-04
4.509141716494277576e-04
4.502158003417744739e-04
4.495185106645378250e-04
4.488223009424996326e-04
4.481271695030361059e-04
4.474331146761141554e-04
4.467401347942872181e-04
4.460482281926911384e-04
4.453573932090402641e-04
4.446676281836237066e-04
4.439789314593009495e-04
4.432913013814981083e-04
4.426047362982037017e-04
4.419192345599651283e-04
4.412347945198842754e-04
4.405514145336137245e-04
4.398690929593530104e-04
4.391878281578441763e-04
4.385076184923683584e-04
4.378284623287413951e-04
4.371503580353104657e-04
4.364733039829495368e-04
4.357972985450559475e-04
4.351223400975461259e-04
4.344484270188520665e-04
4.337755576899169924e-04
4.331037304941918868e-04
4.324329438176314263e-04
4.317631960486899702e-04
4.310944855783179278e-04
4.304268107999579098e-04
4.297601701095404457e-04
4.290945619054805683e-04
4.284299845886740195e-04
4.277664365624928586e-04
4.271039162327824271e-04
4.264424220078566322e-04
4.257819522984946942e-04
4.251225055179375144e-04
4.244640800818831215e-04
4.238066744084834732e-04
4.231502869183406072e-04
4.224949160345024672e-04
4.218405601824595959e-04
4.211872177901410151e-04
4.205348872879104854e-04
4.198835671085628194e-04
4.192332556873203044e-04
4.185839514618285820e-04
4.179356528721529622e-04
4.172883583607748994e-04
4.166420663725881979e-04
4.159967753548948375e-04
4.153524837574021009e-04
4.147091900322178565e-04
4.140668926338477948e-04
4.134255900191908194e-04
4.127852806475361207e-04
4.121459629805590552e-04
4.115076354823172427e-04
4.108702966192475303e-04
4.102339448601616560e-04
4.095985786762430499e-04
4.089641965410427686e-04
4.083307969304761343e-04
4.076983783228189397e-04
4.070669391987038707e-04
4.064364780411164942e-04
4.058069933353924941e-04
4.051784835692127376e-04
4.045509472326010527e-04
4.039243828179193497e-04
4.032987888198649642e-04
4.026741637354662126e-04
4.020505060640796268e-04
4.014278143073855094e-04
4.008060869693851687e-04
4.001853225563964736e-04
3.995655195770511973e-04
3.989466765422903008e-04
3.983287919653616025e-04
3.977118643618151694e-04
3.970958922495003906e-04
3.964808741485619653e-04
3.958668085814369213e-04
3.952536940728503326e-04
3.946415291498125001e-04
3.940303123416149405e-04
3.934200421798268624e-04
3.928107171982919677e-04
3.922023359331245490e-04
3.915948969227063450e-04
3.909883987076827458e-04
3.903828398309592694e-04
3.897782188376983092e-04
3.891745342753152848e-04
3.885717846934757689e-04
3.879699686440913134e-04
3.873690846813161964e-04
3.867691313615441700e-04
3.861701072434046652e-04
3.855720108877597565e-04
3.849748408577002043e-04
3.843785957185422023e-04
3.837832740378242877e-04
3.831888743853032213e-04
3.825953953329510595e-04
3.820028354549516859e-04
3.814111933276970157e-04
3.808204675297840688e-04
3.802306566420112833e-04
3.796417592473748837e-04
3.790537739310662784e-04
3.784666992804674524e-04
3.778805338851486356e-04
3.772952763368646171e-04
3.767109252295510044e-04
3.761274791593210249e-04
3.755449367244626533e-04
3.749632965254344366e-04
3.743825571648626760e-04
3.738027172475379026e-04
3.732237753804114083e-04
3.726457301725922644e-04
3.720685802353435262e-04
3.714923241820792523e-04
3.709169606283608720e-04
3.703424881918942037e-04
3.697689054925258232e-04
3.691962111522399193e-04
3.686244037951549326e-04
3.680534820475202490e-04
3.674834445377130011e-04
3.669142898962344905e-04
3.663460167557070976e-04
3.657786237508712460e-04
3.652121095185815536e-04
3.646464726978040135e-04
3.640817119296125247e-04
3.635178258571859105e-04
3.629548131258039613e-04
3.623926723828451574e-04
3.618314022777823868e-04
3.612710014621806141e-04
3.607114685896931397e-04
3.601528023160583476e-04
3.595950012990967778e-04
3.590380641987076025e-04
3.584819896768655909e-04
3.579267763976179103e-04
3.573724230270805481e-04
3.568189282334356563e-04
3.562662906869281895e-04
3.557145090598623277e-04
3.551635820265986029e-04
3.546135082635509177e-04
3.540642864491829671e-04
3.535159152640052031e-04
3.529683933905718531e-04
3.524217195134773419e-04
3.518758923193536351e-04
3.513309104968665537e-04
3.507867727367132253e-04
3.502434777316183983e-04
3.497010241763315146e-04
3.491594107676237275e-04
3.486186362042843789e-04
3.480786991871183422e-04
3.475395984189424991e-04
3.470013326045829748e-04
3.464639004508717228e-04
3.459273006666435972e-04
3.453915319627330464e-04
3.448565930519713481e-04
3.443224826491832484e-04
3.437891994711839258e-04
3.432567422367761184e-04
3.427251096667466540e-04
3.421943004838637402e-04
3.416643134128736028e-04
3.411351471804978299e-04
3.406068005154296854e-04
3.400792721483317780e-04
3.395525608118323208e-04
3.390266652405227459e-04
3.385015841709539640e-04
3.379773163416341960e-04
3.374538604930250700e-04
3.369312153675390188e-04
3.364093797095362988e-04
3.358883522653218455e-04
3.353681317831423464e-04
3.348487170131831509e-04
3.343301067075652886e-04
3.338122996203426508e-04
3.332952945074985746e-04
3.327790901269432958e-04
3.322636852385107498e-04
3.317490786039556448e-04
3.312352689869504257e-04
3.307222551530823468e-04
3.302100358698506532e-04
3.296986099066632732e-04
3.291879760348341089e-04
3.286781330275802162e-04
3.281690796600183905e-04
3.276608147091626720e-04
3.271533369539213112e-04
3.266466451750937318e-04
3.261407381553674961e-04
3.256356146793157021e-04
3.251312735333938939e-04
3.246277135059369716e-04
3.241249333871566436e-04
3.236229319691382822e-04
3.231217080458378878e-04
3.226212604130795957e-04
3.221215878685524227e-04
3.216226892118076116e-04
3.211245632442555407e-04
3.206272087691630678e-04
3.201306245916503857e-04
3.196348095186884205e-04
3.191397623590958499e-04
3.186454819235362839e-04
3.181519670245151754e-04
3.176592164763773806e-04
3.171672290953038518e-04
3.166760036993093068e-04
3.161855391082389220e-04
3.156958341437655674e-04
3.152068876293874760e-04
3.147186983904247740e-04
3.142312652540168788e-04
3.137445870491198429e-04
3.132586626065033178e-04
3.127734907587480608e-04
3.122890703402426277e-04
3.118054001871810419e-04
3.113224791375597046e-04
3.108403060311749010e-04
3.103588797096196563e-04
3.098781990162811331e-04
3.093982627963379759e-04
3.089190698967572745e-04
3.084406191662919625e-04
3.079629094554780524e-04
3.074859396166318166e-04
3.070097085038469686e-04
3.065342149729921692e-04
3.060594578817078825e-04
3.055854360894039363e-04
3.051121484572568115e-04
3.046395938482066609e-04
3.041677711269546525e-04
3.036966791599603676e-04
3.032263168154390905e-04
3.027566829633588264e-04
3.022877764754379709e-04
3.018195962251421114e-04
3.013521410876819130e-04
3.008854099400099197e-04
3.004194016608180071e-04
2.999541151305347799e-04
2.994895492313229160e-04
2.990257028470762386e-04
2.985625748634172230e-04
2.981001641676945028e-04
2.976384696489795087e-04
2.971774901980647342e-04
2.967172247074602656e-04
2.962576720713916683e-04
2.957988311857969507e-04
2.953407009483243416e-04
2.948832802583292007e-04
2.944265680168714158e-04
2.939705631267131264e-04
2.935152644923158505e-04
2.930606710198377742e-04
2.926067816171313120e-04
2.921535951937401796e-04
2.917011106608972254e-04
2.912493269315215034e-04
2.907982429202155624e-04
2.903478575432633319e-04
2.898981697186267612e-04
2.894491783659440846e-04
2.890008824065264602e-04
2.885532807633558561e-04
2.881063723610823393e-04
2.876601561260213116e-04
2.872146309861513410e-04
2.867697958711110714e-04
2.863256497121971630e-04
2.858821914423612023e-04
2.854394199962075333e-04
2.849973343099906561e-04
2.845559333216125157e-04
2.841152159706200088e-04
2.836751811982024898e-04
2.832358279471891148e-04
2.827971551620465105e-04
2.823591617888759008e-04
2.819218467754109930e-04
2.814852090710151587e-04
2.810492476266789942e-04
2.806139613950175559e-04
2.801793493302684630e-04
2.797454103882886993e-04
2.793121435265527152e-04
2.788795477041492300e-04
2.784476218817793884e-04
2.780163650217539416e-04
2.775857760879907538e-04
2.771558540460124166e-04
2.767265978629435933e-04
2.762980065075089039e-04
2.758700789500297818e-04
2.754428141624229009e-04
2.750162111181968694e-04
2.745902687924503321e-04
2.741649861618690432e-04
2.737403622047238604e-04
2.733163959008681428e-04
2.728930862317350409e-04
2.724704321803352730e-04
2.720484327312548494e-04
2.716270868706521986e-04
2.712063935862562159e-04
2.707863518673633905e-04
2.703669607048356368e-04
2.699482190910979093e-04
2.695301260201357087e-04
2.691126804874923177e-04
2.686958814902670116e-04
2.682797280271124020e-04
2.678642190982317268e-04
2.674493537053768437e-04
2.670351308518457371e-04
2.666215495424799158e-04
2.662086087836622989e-04
2.657963075833148303e-04
2.653846449508955518e-04
2.649736198973970847e-04
2.645632314353434859e-04
2.641534785787885134e-04
2.637443603433128067e-04
2.633358757460215025e-04
2.629280238055423905e-04
2.625208035420229327e-04
2.621142139771281488e-04
2.617082541340385563e-04
2.613029230374472431e-04
2.608982197135579161e-04
2.604941431900828952e-04
2.600906924962397525e-04
2.596878666627499025e-04
2.592856647218361090e-04
2.588840857072197198e-04
2.584831286541188779e-04
2.580827925992458115e-04
2.576830765808048275e-04
2.572839796384897098e-04
2.568855008134815509e-04
2.564876391484466919e-04
2.560903936875339034e-04
2.556937634763724885e-04
2.552977475620697885e-04
2.549023449932090696e-04
2.545075548198472994e-04
2.541133760935122203e-04
2.537198078672011563e-04
2.533268491953776522e-04
2.529344991339699559e-04
2.525427567403683619e-04
2.521516210734231511e-04
2.517610911934422603e-04
2.513711661621888423e-04
2.509818450428795314e-04
2.505931269001813533e-04
2.502050108002104242e-04
2.498174958105289691e-04
2.494305810001435871e-04
2.490442654395023784e-04
2.486585482004937515e-04
2.482734283564428995e-04
2.478889049821107163e-04
2.475049771536909230e-04
2.471216439488080081e-04
2.467389044465150591e-04
2.463567577272914315e-04
2.459752028730409056e-04
2.455942389670888134e-04
2.452138650941805206e-04
2.448340803404786621e-04
2.444548837935615697e-04
2.440762745424204262e-04
2.436982516774574494e-04
2.433208142904836962e-04
2.429439614747167864e-04
2.425676923247787340e-04
2.421920059366937784e-04
2.418169014078862982e-04
2.414423778371785334e-04
2.410684343247884178e-04
2.406950699723275184e-04
2.403222838827988133e-04
2.399500751605944686e-04
2.395784429114939144e-04
2.392073862426613237e-04
2.388369042626438778e-04
2.384669960813693269e-04
2.380976608101439843e-04
2.377288975616505577e-04
2.373607054499460355e-04
2.369930835904595723e-04
2.366260310999902122e-04
2.362595470967050726e-04
2.358936307001368508e-04
2.355282810311821432e-04
2.351634972120988432e-04
2.347992783665043800e-04
2.344356236193736033e-04
2.340725320970364804e-04
2.337100029271761714e-04
2.333480352388268603e-04
2.329866281623716145e-04
2.326257808295404057e-04
2.322654923734080498e-04
2.319057619283918762e-04
2.315465886302499657e-04
2.311879716160788469e-04
2.308299100243115171e-04
2.304724029947154368e-04
2.301154496683903070e-04
2.297590491877660906e-04
2.294032006966009523e-04
2.290479033399792259e-04
2.286931562643092458e-04
2.283389586173215037e-04
2.279853095480663719e-04
2.276322082069122876e-04
2.272796537455434212e-04
2.269276453169579149e-04
2.265761820754656872e-04
2.262252631766865625e-04
2.258748877775479944e-04
2.255250550362832495e-04
2.251757641124292933e-04
2.248270141668248117e-04
2.244788043616081777e-04
2.241311338602154190e-04
2.237840018273782119e-04
2.234374074291219298e-04
2.230913498327635562e-04
2.227458282069097332e-04
2.224008417214547824e-04
2.220563895475786184e-04
2.217124708577449595e-04
2.213690848256991053e-04
2.210262306264659847e-04
2.206839074363483948e-04
2.203421144329247505e-04
2.200008507950472415e-04
2.196601157028399084e-04
2.193199083376965277e-04
2.189802278822787962e-04
2.186410735205142168e-04
2.183024444375943366e-04
2.179643398199725243e-04
2.176267588553622626e-04
2.172897007327350338e-04
2.169531646423185313e-04
2.166171497755944636e-04
2.162816553252969285e-04
2.159466804854101899e-04
2.156122244511668624e-04
2.152782864190460677e-04
2.149448655867713205e-04
2.146119611533087396e-04
2.142795723188650964e-04
2.139476982848858633e-04
2.136163382540532351e-04
2.132854914302843667e-04
2.129551570187293683e-04
2.126253342257693527e-04
2.122960222590145930e-04
2.119672203273027062e-04
2.116389276406964578e-04
2.113111434104822980e-04
2.109838668491680850e-04
2.106570971704812959e-04
2.103308335893673466e-04
2.100050753219873416e-04
2.096798215857165291e-04
2.093550715991421870e-04
2.090308245820619425e-04
2.087070797554817388e-04
2.083838363416139379e-04
2.080610935638756674e-04
2.077388506468866791e-04
2.074171068164678037e-04
2.070958612996387288e-04
2.067751133246163991e-04
2.064548621208132006e-04
2.061351069188347655e-04
2.058158469504785888e-04
2.054970814487318070e-04
2.051788096477695435e-04
2.048610307829529849e-04
2.045437440908276733e-04
2.042269488091214729e-04
2.039106441767429443e-04
2.035948294337792844e-04
2.032795038214948080e-04
2.029646665823288073e-04
2.026503169598940063e-04
2.023364541989745012e-04
2.020230775455241065e-04
2.017101862466644583e-04
2.013977795506833603e-04
2.010858567070326973e-04
2.007744169663268894e-04
2.004634595803409956e-04
2.001529838020089241e-04
1.998429888854215896e-04
1.995334740858252054e-04
1.992244386596193862e-04
1.989158818643554948e-04
1.986078029587347988e-04
1.983002012026066814e-04
1.979930758569667176e-04
1.976864261839552642e-04
1.973802514468554000e-04
1.970745509100910826e-04
1.967693238392256578e-04
1.964645695009599891e-04
1.961602871631305334e-04
1.958564760947078501e-04
1.955531355657945955e-04
1.952502648476239777e-04
1.949478632125578321e-04
1.946459299340850494e-04
1.943444642868195969e-04
1.940434655464990819e-04
1.937429329899826918e-04
1.934428658952496490e-04
1.931432635413975305e-04
1.928441252086402619e-04
1.925454501783067625e-04
1.922472377328388851e-04
1.919494871557898168e-04
1.916521977318224798e-04
1.913553687467076613e-04
1.910589994873222513e-04
1.907630892416477795e-04
1.904676372987684091e-04
1.901726429488694188e-04
1.898781054832353874e-04
1.895840241942486481e-04
1.892903983753873914e-04
1.889972273212241476e-04
1.887045103274238617e-04
1.884122466907425114e-04
1.881204357090251284e-04
1.878290766812043078e-04
1.875381689072984186e-04
1.872477116884099508e-04
1.869577043267238892e-04
1.866681461255058697e-04
1.863790363891008244e-04
1.860903744229309216e-04
1.858021595334941023e-04
1.855143910283625348e-04
1.852270682161806362e-04
1.849401904066637174e-04
1.846537569105961938e-04
1.843677670398298236e-04
1.840822201072822714e-04
1.837971154269352919e-04
1.835124523138331038e-04
1.832282300840809260e-04
1.829444480548429719e-04
1.826611055443412026e-04
1.823782018718534835e-04
1.820957363577118500e-04
1.818137083233011518e-04
1.815321170910571289e-04
1.812509619844651643e-04
1.809702423280581160e-04
1.806899574474151783e-04
1.804101066691600388e-04
1.801306893209593605e-04
1.798517047315210200e-04
1.795731522305925895e-04
1.792950311489597648e-04
1.790173408184447931e-04
1.787400805719045760e-04
1.784632497432295033e-04
1.781868476673415024e-04
1.779108736801925464e-04
1.776353271187632184e-04
1.773602073210607869e-04
1.770855136261179855e-04
1.768112453739911164e-04
1.765374019057586673e-04
1.762639825635196314e-04
1.759909866903920162e-04
1.757184136305111092e-04
1.754462627290280139e-04
1.751745333321080779e-04
1.749032247869292936e-04
1.746323364416807261e-04
1.743618676455611037e-04
1.740918177487768125e-04
1.738221861025408658e-04
1.735529720590710614e-04
1.732841749715884636e-04
1.730157941943158038e-04
1.727478290824761256e-04
1.724802789922909145e-04
1.722131432809789048e-04
1.719464213067542642e-04
1.716801124288251570e-04
1.714142160073922800e-04
1.711487314036471015e-04
1.708836579797705325e-04
1.706189950989314631e-04
1.703547421252849198e-04
1.700908984239707909e-04
1.698274633611122821e-04
1.695644363038142357e-04
1.693018166201618025e-04
1.690396036792187341e-04
1.687777968510261091e-04
1.685163955066005983e-04
1.682553990179330012e-04
1.679948067579868361e-04
1.677346181006967413e-04
1.674748324209670116e-04
1.672154490946701068e-04
1.669564674986450802e-04
1.666978870106961420e-04
1.664397070095911682e-04
1.661819268750601832e-04
1.659245459877938683e-04
1.656675637294421259e-04
1.654109794826125342e-04
1.651547926308688562e-04
1.648990025587296034e-04
1.646436086516665450e-04
1.643886102961032171e-04
1.641340068794134048e-04
1.638797977899198680e-04
1.636259824168925802e-04
1.633725601505474541e-04
1.631195303820448506e-04
1.628668925034880888e-04
1.626146459079220086e-04
1.623627899893313991e-04
1.621113241426397789e-04
1.618602477637076881e-04
1.616095602493314418e-04
1.613592609972415307e-04
1.611093494061012932e-04
1.608598248755052618e-04
1.606106868059781060e-04
1.603619345989727620e-04
1.601135676568692676e-04
1.598655853829732978e-04
1.596179871815145391e-04
1.593707724576455239e-04
1.591239406174400580e-04
1.588774910678917576e-04
1.586314232169127474e-04
1.583857364733321437e-04
1.581404302468946441e-04
1.578955039482591726e-04
1.576509569889973617e-04
1.574067887815922516e-04
1.571629987394368259e-04
1.569195862768325215e-04
1.566765508089879542e-04
1.564338917520174824e-04
1.561916085229397161e-04
1.559497005396762702e-04
1.557081672210502196e-04
1.554670079867846624e-04
1.552262222575016089e-04
1.549858094547203278e-04
1.547457690008559642e-04
1.545061003192183468e-04
1.542668028340103887e-04
1.540278759703268407e-04
1.537893191541527460e-04
1.535511318123623564e-04
1.533133133727174787e-04
1.530758632638661737e-04
1.528387809153414548e-04
1.526020657575597708e-04
1.523657172218198942e-04
1.521297347403013217e-04
1.518941177460628926e-04
1.516588656730417310e-04
1.514239779560514300e-04
1.511894540307811576e-04
1.509552933337938942e-04
1.507214953025254030e-04
1.504880593752826580e-04
1.502549849912425699e-04
1.500222715904507662e-04
1.497899186138199924e-04
1.495579255031290276e-04
1.493262917010210308e-04
1.490950166510025658e-04
1.488640997974420555e-04
1.486335405855683999e-04
1.484033384614697566e-04
1.481734928720922662e-04
1.479440032652384537e-04
1.477148690895662797e-04
1.474860897945874595e-04
1.472576648306663796e-04
1.470295936490187687e-04
1.468018757017101265e-04
1.465745104416546929e-04
1.463474973226140392e-04
1.461208357991956852e-04
1.458945253268519341e-04
1.456685653618784357e-04
1.454429553614129125e-04
1.452176947834338315e-04
1.449927830867592390e-04
1.447682197310452693e-04
1.445440041767849526e-04
1.443201358853069677e-04
1.440966143187741516e-04
1.438734389401824423e-04
1.436506092133595504e-04
1.434281246029633873e-04
1.432059845744811978e-04
1.429841885942279608e-04
1.427627361293452781e-04
1.425416266478000461e-04
1.423208596183830736e-04
1.421004345107080246e-04
1.418803507952099547e-04
1.416606079431440913e-04
1.414412054265846140e-04
1.412221427184233533e-04
1.410034192923684628e-04
1.407850346229433077e-04
1.405669881854850010e-04
1.403492794561432653e-04
1.401319079118792401e-04
1.399148730304640453e-04
1.396981742904776968e-04
1.394818111713077245e-04
1.392657831531480606e-04
1.390500897169975761e-04
1.388347303446590508e-04
1.386197045187378724e-04
1.384050117226407080e-04
1.381906514405743119e-04
1.379766231575443327e-04
1.377629263593540664e-04
1.375495605326030202e-04
1.373365251646861262e-04
1.371238197437920064e-04
1.369114437589020517e-04
1.366993966997891207e-04
1.364876780570162924e-04
1.362762873219357013e-04
1.360652239866871817e-04
1.358544875441971840e-04
1.356440774881775542e-04
1.354339933131241795e-04
1.352242345143159577e-04
1.350148005878134422e-04
1.348056910304576764e-04
1.345969053398689470e-04
1.343884430144458623e-04
1.341803035533635361e-04
1.339724864565730459e-04
1.337649912247998061e-04
1.335578173595425387e-04
1.333509643630720256e-04
1.331444317384299439e-04
1.329382189894276456e-04
1.327323256206450197e-04
1.325267511374291364e-04
1.323214950458932986e-04
1.321165568529157142e-04
1.319119360661382486e-04
1.317076321939654221e-04
1.315036447455631091e-04
1.312999732308573722e-04
1.310966171605332698e-04
1.308935760460337987e-04
1.306908493995584853e-04
1.304884367340625173e-04
1.302863375632552269e-04
1.300845514015992765e-04
1.298830777643092773e-04
1.296819161673506504e-04
1.294810661274384343e-04
1.292805271620362548e-04
1.290802987893550512e-04
1.288803805283520192e-04
1.286807718987292284e-04
1.284814724209327552e-04
1.282824816161514357e-04
1.280837990063155647e-04
1.278854241140960015e-04
1.276873564629027328e-04
1.274895955768840330e-04
1.272921409809250274e-04
1.270949922006468791e-04
1.268981487624052165e-04
1.267016101932894837e-04
1.265053760211214487e-04
1.263094457744541469e-04
1.261138189825709323e-04
1.259184951754840139e-04
1.257234738839336694e-04
1.255287546393868360e-04
1.253343369740362158e-04
1.251402204207989206e-04
1.249464045133157129e-04
1.247528887859493526e-04
1.245596727737839464e-04
1.243667560126237009e-04
1.241741380389915403e-04
1.239818183901284833e-04
1.237897966039920702e-04
1.235980722192555779e-04
1.234066447753066637e-04
1.232155138122465528e-04
1.230246788708884930e-04
1.228341394927572126e-04
1.226438952200872401e-04
1.224539455958223346e-04
1.222642901636139144e-04
1.220749284678204327e-04
1.218858600535058061e-04
1.216970844664386691e-04
1.215086012530911680e-04
1.213204099606378085e-04
1.211325101369544941e-04
1.209449013306173058e-04
1.207575830909015676e-04
1.205705549677805989e-04
1.203838165119247800e-04
1.201973672747003321e-04
1.200112068081684094e-04
1.198253346650838793e-04
1.196397503988942923e-04
1.194544535637388251e-04
1.192694437144472099e-04
1.190847204065386365e-04
1.189002831962207227e-04
1.187161316403884158e-04
1.185322652966229093e-04
1.183486837231906665e-04
1.181653864790422687e-04
1.179823731238113582e-04
1.177996432178137165e-04
1.176171963220459907e-04
1.174350319981848259e-04
1.172531498085856996e-04
1.170715493162819191e-04
1.168902300849835913e-04
1.167091916790764572e-04
1.165284336636210517e-04
1.163479556043514433e-04
1.161677570676743394e-04
1.159878376206679887e-04
1.158081968310810969e-04
1.156288342673318919e-04
1.154497494985070119e-04
1.152709420943604895e-04
1.150924116253126945e-04
1.149141576624493984e-04
1.147361797775205822e-04
1.145584775429395283e-04
1.143810505317817904e-04
1.142038983177840958e-04
1.140270204753433966e-04
1.138504165795157857e-04
1.136740862060155345e-04
1.134980289312140223e-04
1.133222443321387467e-04
1.131467319864722803e-04
1.129714914725513222e-04
1.127965223693656269e-04
1.126218242565569746e-04
1.124473967144182089e-04
1.122732393238921932e-04
1.120993516665708893e-04
1.119257333246942188e-04
1.117523838811491417e-04
1.115793029194686397e-04
1.114064900238307272e-04
1.112339447790574074e-04
1.110616667706137647e-04
1.108896555846068530e-04
1.107179108077847878e-04
1.105464320275357029e-04
1.103752188318868148e-04
1.102042708095033797e-04
1.100335875496877172e-04
1.098631686423782484e-04
1.096930136781484660e-04
1.095231222482060123e-04
1.093534939443916630e-04
1.091841283591783246e-04
1.090150250856700853e-04
1.088461837176012121e-04
1.086776038493352295e-04
1.085092850758638625e-04
1.083412269928061688e-04
1.081734291964074818e-04
1.080058912835383812e-04
1.078386128516939602e-04
1.076715934989926201e-04
1.075048328241751756e-04
1.073383304266039737e-04
1.071720859062617962e-04
1.070060988637510193e-04
1.068403689002925971e-04
1.066748956177422300e-04
1.065096786185466441e-04
1.063447175057682432e-04
1.061800118830925763e-04
1.060155613548190948e-04
1.058513655258602173e-04
1.056874240017402050e-04
1.055237363885942937e-04
1.053603022931677460e-04
1.051971213228148613e-04
1.050341930854981087e-04
1.048715171897871104e-04
1.047090932448577341e-04
1.045469208604911572e-04
1.043849996470729323e-04
1.042233292155920381e-04
1.040619091776399176e-04
1.039007391454096509e-04
1.037398187316948848e-04
1.035791475498890198e-04
1.034187252139841256e-04
1.032585513385702366e-04
1.030986255388342403e-04
1.029389474305590646e-04
1.027795166301226338e-04
1.026203327544970964e-04
1.024613954212478221e-04
1.023027042485324532e-04
1.021442588551000371e-04
1.019860588602901049e-04
1.018281038840317766e-04
1.016703935468427994e-04
1.015129274698286257e-04
1.013557052746815731e-04
1.011987265836799025e-04
1.010419910196868292e-04
1.008854982061496957e-04
1.007292477670990643e-04
1.005732393271478221e-04
1.004174725114901647e-04
1.002619469459008103e-04
1.001066622567341592e-04
9.995161807092316935e-05
9.979681401597873241e-05
9.964224971998858992e-05
9.948792481161647936e-05
9.933383892010128036e-05
9.917999167525610668e-05
9.902638270746739817e-05
9.887301164769410767e-05
9.871987812746664385e-05
9.856698177888618007e-05
9.841432223462367860e-05
9.826189912791900968e-05
9.810971209258008419e-05
9.795776076298195914e-05
9.780604477406592970e-05
9.765456376133877024e-05
9.750331736087170431e-05
9.735230520929967284e-05
9.720152694382033125e-05
9.705098220219326337e-05
9.690067062273908702e-05
9.675059184433862727e-05
9.660074550643191356e-05
9.645113124901750210e-05
9.630174871265145939e-05
9.615259753844656264e-05
9.600367736807143243e-05
9.585498784374967885e-05
9.570652860825903420e-05
9.555829930493048557e-05
9.541029957764743461e-05
9.526252907084480309e-05
9.511498742950824680e-05
9.496767429917324756e-05
9.482058932592425942e-05
9.467373215639392258e-05
9.452710243776210120e-05
9.438069981775519220e-05
9.423452394464513593e-05
9.408857446724858944e-05
9.394285103492620826e-05
9.379735329758164344e-05
9.365208090566079621e-05
9.350703351015097770e-05
9.336221076258000094e-05
9.321761231501539478e-05
9.307323782006361788e-05
9.292908693086911003e-05
9.278515930111356027e-05
9.264145458501495828e-05
9.249797243732693023e-05
9.235471251333774952e-05
9.221167446886960491e-05
9.206885796027773313e-05
9.192626264444963289e-05
9.178388817880417036e-05
9.164173422129079317e-05
9.149980043038878500e-05
9.135808646510631687e-05
9.121659198497966117e-05
9.107531665007245975e-05
9.093426012097480238e-05
9.079342205880246782e-05
9.065280212519606997e-05
9.051239998232032610e-05
9.037221529286313521e-05
9.023224772003485977e-05
9.009249692756741772e-05
8.995296257971364549e-05
8.981364434124628154e-05
8.967454187745728877e-05
8.953565485415702777e-05
8.939698293767344372e-05
8.925852579485130740e-05
8.912028309305130723e-05
8.898225450014939867e-05
8.884443968453584206e-05
8.870683831511455206e-05
8.856945006130223031e-05
8.843227459302757936e-05
8.829531158073050310e-05
8.815856069536133423e-05
8.802202160838004826e-05
8.788569399175542320e-05
8.774957751796429422e-05
8.761367185999082178e-05
8.747797669132558363e-05
8.734249168596487005e-05
8.720721651840985719e-05
8.707215086366588877e-05
8.693729439724166288e-05
8.680264679514840536e-05
8.666820773389915145e-05
8.653397689050795977e-05
8.639995394248913983e-05
8.626613856785638466e-05
8.613253044512218803e-05
8.599912925329686873e-05
8.586593467188796062e-05
8.573294638089930470e-05
8.560016406083039851e-05
8.546758739267559660e-05
8.533521605792325666e-05
8.520304973855508904e-05
8.507108811704535713e-05
8.493933087636007778e-05
8.480777769995627587e-05
8.467642827178129320e-05
8.454528227627193461e-05
8.441433939835373619e-05
8.428359932344020632e-05
8.415306173743210738e-05
8.402272632671669683e-05
8.389259277816691403e-05
8.376266077914064844e-05
8.363293001748010262e-05
8.350340018151081645e-05
8.337407096004115215e-05
8.324494204236139981e-05
8.311601311824304554e-05
8.298728387793809387e-05
8.285875401217830877e-05
8.273042321217438698e-05
8.260229116961529392e-05
8.247435757666751830e-05
8.234662212597431319e-05
8.221908451065495062e-05
8.209174442430400330e-05
8.196460156099059924e-05
8.183765561525770344e-05
8.171090628212137252e-05
8.158435325706996869e-05
8.145799623606354985e-05
8.133183491553300226e-05
8.120586899237945775e-05
8.108009816397338573e-05
8.095452212815405107e-05
8.082914058322863320e-05
8.070395322797162979e-05
8.057895976162404359e-05
8.045415988389267772e-05
8.032955329494944447e-05
8.020513969543061994e-05
8.008091878643616636e-05
7.995689026952890546e-05
7.983305384673394919e-05
7.970940922053788662e-05
7.958595609388803853e-05
7.946269417019190175e-05
7.933962315331625473e-05
7.921674274758653406e-05
7.909405265778614335e-05
7.897155258915568071e-05
7.884924224739228824e-05
7.872712133864890661e-05
7.860518956953359748e-05
7.848344664710883874e-05
7.836189227889073846e-05
7.824052617284847925e-05
7.811934803740350512e-05
7.799835758142883025e-05
7.787755451424844275e-05
7.775693854563643724e-05
7.763650938581645922e-05
7.751626674546091902e-05
7.739621033569036841e-05
7.727633986807278226e-05
7.715665505462279965e-05
7.703715560780114108e-05
7.691784124051383599e-05
7.679871166611159934e-05
7.667976659838905912e-05
7.656100575158414649e-05
7.644242884037736393e-05
7.632403557989113471e-05
7.620582568568905755e-05
7.608779887377528314e-05
7.596995486059383656e-05
7.585229336302787187e-05
7.573481409839906225e-05
7.561751678446686816e-05
7.550040113942791396e-05
7.538346688191522888e-05
7.526671373099765082e-05
7.515014140617912153e-05
7.503374962739803615e-05
7.491753811502647065e-05
7.480150658986966692e-05
7.468565477316523309e-05
7.456998238658254727e-05
7.445448915222202568e-05
7.433917479261455347e-05
7.422403903072068512e-05
7.410908158993012942e-05
7.399430219406093634e-05
7.387970056735894137e-05
7.376527643449706079e-05
7.365102952057461403e-05
7.353695955111671384e-05
7.342306625207357506e-05
7.330934934981983705e-05
7.319580857115391313e-05
7.308244364329740783e-05
7.296925429389435796e-05
7.285624025101062272e-05
7.274340124313321968e-05
7.263073699916975550e-05
7.251824724844758573e-05
7.240593172071339465e-05
7.229379014613234150e-05
7.218182225528755897e-05
7.207002777917946210e-05
7.195840644922501638e-05
7.184695799725723635e-05
7.173568215552442661e-05
7.162457865668959913e-05
7.151364723382984975e-05
7.140288762043562644e-05
7.129229955041016000e-05
7.118188275806884070e-05
7.107163697813848643e-05
7.096156194575685481e-05
7.085165739647184360e-05
7.074192306624093500e-05
7.063235869143059942e-05
7.052296400881561777e-05
7.041373875557841746e-05
7.030468266930847601e-05
7.019579548800173837e-05
7.008707695005988504e-05
6.997852679428978996e-05
6.987014475990284293e-05
6.976193058651435324e-05
6.965388401414289920e-05
6.954600478320971824e-05
6.943829263453806997e-05
6.933074730935265338e-05
6.922336854927895638e-05
6.911615609634260522e-05
6.900910969296878176e-05
6.890222908198161361e-05
6.879551400660352360e-05
6.868896421045460636e-05
6.858257943755211332e-05
6.847635943230969378e-05
6.837030393953685283e-05
6.826441270443836854e-05
6.815868547261357371e-05
6.805312199005588152e-05
6.794772200315208081e-05
6.784248525868175333e-05
6.773741150381666382e-05
6.763250048612017733e-05
6.752775195354662220e-05
6.742316565444065311e-05
6.731874133753673606e-05
6.721447875195845723e-05
6.711037764721800795e-05
6.700643777321546644e-05
6.690265888023833702e-05
6.679904071896077759e-05
6.669558304044317953e-05
6.659228559613150362e-05
6.648914813785660241e-05
6.638617041783370523e-05
6.628335218866187608e-05
6.618069320332324113e-05
6.607819321518259572e-05
6.597585197798668606e-05
6.587366924586362648e-05
6.577164477332241152e-05
6.566977831525215700e-05
6.556806962692169347e-05
6.546651846397879366e-05
6.536512458244976597e-05
6.526388773873873612e-05
6.516280768962711865e-05
6.506188419227302059e-05
6.496111700421065870e-05
6.486050588334981739e-05
6.476005058797517104e-05
6.465975087674575553e-05
6.455960650869446672e-05
6.445961724322734222e-05
6.435978284012304636e-05
6.426010305953235523e-05
6.416057766197746546e-05
6.406120640835149280e-05
6.396198905991790291e-05
6.386292537830986083e-05
6.376401512552974313e-05
6.366525806394847376e-05
6.365302006857896883e-05
