0.000000000000000000e+00
1.525423807302683397e-03
3.049208144975841962e-03
6.093500168475682148e-03
9.131243564915694777e-03
1.216244803482072895e-02
4.211695250647663064e-02
7.142838133655464439e-02
1.001066078316484309e-01
1.281616428477564962e-01
2.120128468444114067e-01
2.901745133604519689e-01
3.629559175085176337e-01
4.306607636689814833e-01
4.935846041979322085e-01
5.765302228209244761e-01
6.509262102148732909e-01
7.175312120950598782e-01
7.770478310997411819e-01
8.301233441072606301e-01
8.400186693325355503e-01
8.496847705799557282e-01
8.505567394465736175e-01
8.514268347590028263e-01
8.522950598531456867e-01
8.540259115920948441e-01
8.557493229145596292e-01
8.560929664877100498e-01
8.564363138976343048e-01
8.571224168262230325e-01
8.571536526074293727e-01
8.571848859246479213e-01
8.572473476394066871e-01
8.572567760647898938e-01
8.572650563439905280e-01
8.572649911090928221e-01
8.572649258741950051e-01
8.572648606393192816e-01
8.572647954044485541e-01
8.572647301695779376e-01
8.572645996998384810e-01
8.572644692302054947e-01
8.572643387605726195e-01
8.572630340650977399e-01
8.572617293715462106e-01
8.572604246802640882e-01
8.572473778922612420e-01
8.572343313311986401e-01
8.572212849970722859e-01
8.572082388898777383e-01
8.570777902982911201e-01
8.569473643954528264e-01
8.568169611773345240e-01
8.566865806399077687e-01
8.553840218179440402e-01
8.540837266392472538e-01
8.527856910872595453e-01
8.514899111525671138e-01
8.501963828329028861e-01
8.422082835610436025e-01
8.343060290358512709e-01
8.264886771273076693e-01
8.187552960762348730e-01
8.111049643800407605e-01
8.035367706797413856e-01
7.960498136483034060e-01
7.886432018801503574e-01
7.813160537819037188e-01
7.740674974643257933e-01
7.668966706354551910e-01
7.598027204949148183e-01
7.527848036293894873e-01
7.458420859092500521e-01
7.389737423863174115e-01
7.321789571927534990e-01
7.254569234404488753e-01
7.188068431223413324e-01
7.122279270174111110e-01
7.057193945904687293e-01
6.992804738972940859e-01
6.929104014902950359e-01
6.866084223249524499e-01
6.803737896672845675e-01
6.742057650023274284e-01
6.681036179436243838e-01
6.620666261437138100e-01
6.560940752055997027e-01
6.501852585952002661e-01
6.443394775547579556e-01
6.385560410172060886e-01
6.328342657099440549e-01
6.271734756181366333e-01
6.215730021299897823e-01
6.160321840967464269e-01
6.105503676530470436e-01
6.051269061298309992e-01
5.997611599751160316e-01
5.944524966756223883e-01
5.892002906792612738e-01
5.840039233184766143e-01
5.788627827344322574e-01
5.737762638020325046e-01
5.687437680557696495e-01
5.637647036163877523e-01
5.588384851183539892e-01
5.539645336381286977e-01
5.491422766232259001e-01
5.443711478220546462e-01
5.396505872145325178e-01
5.349800409434645188e-01
5.303589612466770298e-01
5.257868063898986088e-01
5.212630406003814221e-01
5.167871340012519799e-01
5.123585622164847919e-01
5.079768073447408216e-01
5.036413568132525054e-01
4.993517036439800161e-01
4.951073464763479093e-01
4.909077896066614821e-01
4.867525425955397389e-01
4.826411203732899335e-01
4.785730432834227055e-01
4.745478366535658687e-01
4.705650316718721360e-01
4.666241643496439329e-01
4.627247757622397484e-01
4.588664120696548943e-01
4.550486245521994100e-01
4.512709692551682417e-01
4.475330070842207797e-01
4.438343038447688516e-01
4.401744298535913980e-01
4.365529607321133598e-01
4.329694764674284491e-01
4.294235616303549996e-01
4.259148053940657319e-01
4.224428014558467837e-01
4.190071479806252164e-01
4.156074475545027958e-01
4.122433071370962265e-01
4.089143380118886451e-01
4.056201557387907330e-01
4.023603801068431629e-01
3.991346350877501559e-01
3.959425487911392150e-01
3.927837534173682088e-01
3.896578852128516068e-01
3.865645844269264275e-01
3.835034952642480954e-01
3.804742658436572889e-01
3.774765481559719804e-01
3.745099980200463086e-01
3.715742750407698969e-01
3.686690425674514771e-01
3.657939676525924222e-01
3.629487210111092543e-01
3.601329769800057368e-01
3.573464134784885005e-01
3.545887119685223743e-01
3.518595574158120409e-01
3.491586382512408271e-01
3.464856463327043445e-01
3.438402769073679033e-01
3.412222285743503614e-01
3.386312032478175360e-01
3.360669061204789032e-01
3.335290456274861426e-01
3.310173334107305854e-01
3.285314842835330151e-01
3.260712161957227684e-01
3.236362501991011387e-01
3.212263104132856428e-01
3.188411239919294871e-01
3.164804210893141789e-01
3.141439348273095677e-01
3.118314012626970388e-01
3.095425593548540300e-01
3.072771509337930973e-01
3.050349206685539216e-01
3.028156160359427584e-01
3.006189872896163351e-01
2.984447874295065306e-01
2.962927721715816198e-01
2.941626999179400292e-01
2.920543317272341621e-01
2.899674312854197966e-01
2.879017648768271709e-01
2.858571013555512019e-01
2.838332121171563416e-01
2.818298710706934607e-01
2.798468546110245425e-01
2.778839415914524658e-01
2.759409132966518241e-01
2.740175534158983961e-01
2.721136480165928795e-01
2.702289855180766143e-01
2.683633566657352976e-01
2.665165545053884144e-01
2.646883743579603876e-01
2.628786137944302270e-01
2.610870726110580131e-01
2.593135528048835514e-01
2.575578585494950890e-01
2.558197961710645951e-01
2.540991741246473312e-01
2.523958029707423778e-01
2.507094953521109004e-01
2.490400659708503217e-01
2.473873315657205696e-01
2.457511108897199037e-01
2.441312246879083214e-01
2.425274956754743250e-01
2.409397485160439389e-01
2.393678098002282595e-01
2.378115080244075918e-01
2.362706735697485683e-01
2.347451386814530250e-01
2.332347374482353075e-01
2.317393057820250069e-01
2.302586813978940161e-01
2.287927037942040775e-01
2.273412142329732655e-01
2.259040557204587407e-01
2.244810729879547218e-01
2.230721124727957361e-01
2.216770222995765316e-01
2.202956522615768242e-01
2.189278538023896048e-01
2.175734799977475098e-01
2.162323855375633541e-01
2.149044267081537118e-01
2.135894613746606163e-01
2.122873489636710187e-01
2.109979504460279820e-01
2.097211283198287257e-01
2.084567465936105757e-01
2.072046707697222656e-01
2.059647678278783145e-01
2.047369062088940928e-01
2.035209557986009110e-01
2.023167879119373014e-01
2.011242752772160469e-01
1.999432920205643782e-01
1.987737136505354218e-01
1.976154170428891244e-01
1.964682804255409587e-01
1.953321833636760541e-01
1.942070067450277771e-01
1.930926327653177399e-01
1.919889449138567628e-01
1.908958279593042651e-01
1.898131679355840595e-01
1.887408521279558826e-01
1.876787690592397473e-01
1.866268084761926183e-01
1.855848613360344679e-01
1.845528197931232128e-01
1.835305771857772550e-01
1.825180280232390762e-01
1.815150679727868810e-01
1.805215938469877379e-01
1.795375035910895534e-01
1.785626962705495757e-01
1.775970720587093932e-01
1.766405322245960807e-01
1.756929791208587111e-01
1.747543161718410898e-01
1.738244478617855804e-01
1.729032797231656871e-01
1.719907183251472849e-01
1.710866712621768593e-01
1.701910471426958393e-01
1.693037555779786096e-01
1.684247071710940347e-01
1.675538135059881639e-01
1.666909871366872853e-01
1.658361415766199665e-01
1.649891912880576406e-01
1.641500516716675184e-01
1.633186390561852386e-01
1.624948706881999272e-01
1.616786647220510020e-01
1.608699402098363318e-01
1.600686170915306406e-01
1.592746161852127418e-01
1.584878591774002699e-01
1.577082686134911316e-01
1.569357678883098184e-01
1.561702812367581350e-01
1.554117337245688735e-01
1.546600512391610172e-01
1.539151604805960860e-01
1.531769889526336803e-01
1.524454649538857787e-01
1.517205175690683472e-01
1.510020766603492604e-01
1.502900728587915069e-01
1.495844375558907924e-01
1.488851028952060951e-01
1.481920017640824816e-01
1.475050677854651271e-01
1.468242353098034303e-01
1.461494394070442793e-01
1.454806158587134413e-01
1.448177011500843270e-01
1.441606324624327695e-01
1.435093476653772626e-01
1.428637853093033816e-01
1.422238846178719984e-01
1.415895854806093479e-01
1.409608284455794169e-01
1.403375547121365197e-01
1.397197061237578364e-01
1.391072251609549726e-01
1.385000549342635390e-01
1.378981391773096699e-01
1.373014222399533690e-01
1.367098490815069622e-01
1.361233652640283509e-01
1.355419169456882900e-01
1.349654508742104131e-01
1.343939143803836722e-01
1.338272553716462476e-01
1.332654223257399295e-01
1.327083642844346656e-01
1.321560308473218870e-01
1.316083721656763905e-01
1.310653389363858889e-01
1.305268823959469804e-01
1.299929543145278976e-01
1.294635069900960112e-01
1.289384932426104191e-01
1.284178664082781807e-01
1.279015803338741653e-01
1.273895893711229910e-01
1.268818483711432188e-01
1.263783126789526090e-01
1.258789381280337738e-01
1.253836810349597541e-01
1.248924981940788131e-01
1.244053468722577105e-01
1.239221848036829304e-01
1.234429701847190169e-01
1.229676616688236135e-01
1.224962183615186245e-01
1.220285998154164442e-01
1.215647660253012796e-01
1.211046774232644035e-01
1.206482948738931416e-01
1.201955796695126505e-01
1.197464935254803353e-01
1.193009985755318497e-01
1.188590573671784861e-01
1.184206328571551781e-01
1.179856884069186707e-01
1.175541877781952349e-01
1.171260951285774399e-01
1.167013750071693862e-01
1.162799923502798594e-01
1.158619124771629871e-01
1.154471010858057478e-01
1.150355242487618307e-01
1.146271484090314874e-01
1.142219403759865970e-01
1.138198673213407230e-01
1.134208967751635377e-01
1.130249966219389890e-01
1.126321350966671547e-01
1.122422807810086465e-01
1.118554025994717982e-01
1.114714698156417383e-01
1.110904520284508312e-01
1.107123191684904057e-01
1.103370414943629640e-01
1.099645895890746378e-01
1.095949343564672496e-01
1.092280470176897750e-01
1.088638991077086893e-01
1.085024624718564784e-01
1.081437092624186191e-01
1.077876119352575573e-01
1.074341432464743784e-01
1.070832762491070178e-01
1.067349842898646928e-01
1.063892410058985827e-01
1.060460203216078701e-01
1.057052964454809341e-01
1.053670438669714743e-01
1.050312373534089266e-01
1.046978519469428381e-01
1.043668629615211313e-01
1.040382459799012865e-01
1.037119768506947481e-01
1.033880316854436932e-01
1.030663868557301077e-01
1.027470189903165187e-01
1.024299049723183808e-01
1.021150219364075767e-01
1.018023472660465889e-01
1.014918585907532006e-01
1.011835337833954240e-01
1.008773509575159738e-01
1.005732884646863834e-01
1.002713248918902511e-01
9.997143905893511595e-02
9.967361001589312985e-02
9.937781704056959653e-02
9.908403963599958508e-02
9.879225752797207716e-02
9.850245066258134230e-02
9.821459920380515296e-02
9.792868353110995017e-02
9.764468423708216882e-02
9.736258212508563936e-02
9.708235820694484375e-02
9.680399370065370657e-02
9.652747002810957433e-02
9.625276881287204989e-02
9.597987187794673747e-02
9.570876124359309345e-02
9.543941912515672976e-02
9.517182793092525406e-02
9.490597026000800740e-02
9.464182890023897787e-02
9.437938682610277907e-02
9.411862719668363797e-02
9.385953335363683703e-02
9.360208881918241630e-02
9.334627729412114938e-02
9.309208265587226583e-02
9.283948895653275357e-02
9.258848042095803310e-02
9.233904144486383692e-02
9.209115659294894729e-02
9.184481059703854255e-02
9.159998835424806862e-02
9.135667492516721944e-02
9.111485553206405408e-02
9.087451555710876483e-02
9.063564054061712394e-02
9.039821617931313724e-02
9.016222832461089076e-02
8.992766298091524335e-02
8.969450630394142088e-02
8.946274459905281806e-02
8.923236431961742432e-02
8.900335206538199928e-02
8.877569458086444210e-02
8.854937875376377165e-02
8.832439161338745404e-02
8.810072032909629924e-02
8.787835220876621944e-02
8.765727469726720955e-02
8.743747537495877298e-02
8.721894195620216728e-02
8.700166228788876188e-02
8.678562434798496594e-02
8.657081624409276865e-02
8.635722621202637783e-02
8.614484261440449875e-02
8.593365393925804507e-02
8.572364879865318477e-02
8.551481592732963766e-02
8.530714418135378063e-02
8.510062253678681021e-02
8.489524008836739355e-02
8.469098604820883558e-02
8.448784974451073460e-02
8.428582062028457111e-02
8.408488823209363250e-02
8.388504224880651006e-02
8.368627245036446005e-02
8.348856872656246209e-02
8.329192107584337812e-02
8.309631960410565621e-02
8.290175452352413488e-02
8.270821615138358729e-02
8.251569490892546321e-02
8.232418132020698220e-02
8.213366601097310538e-02
8.194413970754062249e-02
8.175559323569471515e-02
8.156801751959766311e-02
8.138140358070941605e-02
8.119574253672025288e-02
8.101102560049500134e-02
8.082724407902897035e-02
8.064438937241548422e-02
8.046245297282439424e-02
8.028142646349235856e-02
8.010130151772391904e-02
7.992206989790351379e-02
7.974372345451860578e-02
7.956625412519340024e-02
7.938965393373322021e-02
7.921391498917945695e-02
7.903902948487483149e-02
7.886498969753905075e-02
7.869178798635455274e-02
7.851941679206234093e-02
7.834786863606776897e-02
7.817713611955622033e-02
7.800721192261844683e-02
7.783808880338548286e-02
7.766975959717326017e-02
7.750221721563654853e-02
7.733545464593205576e-02
7.716946494989106176e-02
7.700424126320078166e-02
7.683977679459515209e-02
7.667606482505404109e-02
7.651309870701177018e-02
7.635087186357394917e-02
7.618937778774316494e-02
7.602861004165314962e-02
7.586856225581120605e-02
7.570922812834927906e-02
7.555060142428295100e-02
7.539267597477883331e-02
7.523544567642991010e-02
7.507890449053886139e-02
7.492304644240925515e-02
7.476786562064462183e-02
7.461335617645518947e-02
7.445951232297212674e-02
7.430632833456969621e-02
7.415379854619436051e-02
7.400191735270171545e-02
7.385067920820047316e-02
7.370007862540371713e-02
7.355011017498735981e-02
7.340076848495553918e-02
7.325204824001313453e-02
7.310394418094511015e-02
7.295645110400265920e-02
7.280956386029616145e-02
7.266327735519484410e-02
7.251758654773290957e-02
7.237248645002240799e-02
7.222797212667242395e-02
7.208403869421457777e-02
7.194068132053513254e-02
7.179789522431304083e-02
7.165567567446436137e-02
7.151401798959271250e-02
7.137291753744585965e-02
7.123236973437808983e-02
7.109237004481874789e-02
7.095291398074646261e-02
7.081399710116917379e-02
7.067561501160991855e-02
7.053776336359826593e-02
7.040043785416730260e-02
7.026363422535623904e-02
7.012734826371838648e-02
6.999157579983469879e-02
6.985631270783236590e-02
6.972155490490913876e-02
6.958729835086248372e-02
6.945353904762419095e-02
6.932027303879990943e-02
6.918749640921388611e-02
6.905520528445860395e-02
6.892339583044959639e-02
6.879206425298474425e-02
6.866120679730884635e-02
6.853081974768279738e-02
6.840089942695744274e-02
6.827144219615222109e-02
6.814244445403838668e-02
6.801390263672692227e-02
6.788581321726083750e-02
6.775817270521196367e-02
6.763097764628239750e-02
6.750422462190998341e-02
6.737791024887845870e-02
6.725203117893166493e-02
6.712658409839218632e-02
6.700156572778395714e-02
6.687697282145918520e-02
6.675280216722943860e-02
6.662905058600052111e-02
6.650571493141170520e-02
6.638279208947860111e-02
6.626027897824020296e-02
6.613817254740977924e-02
6.601646977802934357e-02
6.589516768212841380e-02
6.577426330238597685e-02
6.565375371179661690e-02
6.553363601334005750e-02
6.541390733965439519e-02
6.529456485271302457e-02
6.517560574350496350e-02
6.505702723171680191e-02
6.493882656542085408e-02
6.482100102077484327e-02
6.470354790170496084e-02
6.458646453960617539e-02
6.446974829304388810e-02
6.435339654745815541e-02
6.423740671487131182e-02
6.412177623359840983e-02
6.400650256796125426e-02
6.389158320800529534e-02
6.377701566921981091e-02
6.366279749226104456e-02
6.354892624267843848e-02
6.343539951064389171e-02
6.332221491068397434e-02
6.320937008141509772e-02
6.309686268528155728e-02
6.298469040829650367e-02
6.287285095978574490e-02
6.276134207213433791e-02
6.265016150053606681e-02
6.253930702274544673e-02
6.242877643883278094e-02
6.231856757094162563e-02
6.220867826304905812e-02
6.209910638072853317e-02
6.198984981091539698e-02
6.188090646167493381e-02
6.177227426197296617e-02
6.166395116144898075e-02
6.155593513019176621e-02
6.144822415851750735e-02
6.134081625675027322e-02
6.123370945500499624e-02
6.112690180297280368e-02
6.102039136970865280e-02
6.091417624342138765e-02
6.080825453126605801e-02
6.070262435913853505e-02
6.059728387147233358e-02
6.049223123103776578e-02
6.038746461874321125e-02
6.028298223343859369e-02
6.017878229172106408e-02
6.007486302774274478e-02
5.997122269302065239e-02
5.986785955624866762e-02
5.976477190311157289e-02
5.966195803610115783e-02
5.955941627433433000e-02
5.945714495337321021e-02
5.935514242504725396e-02
5.925340705727723256e-02
5.915193723390126113e-02
5.905073135450266547e-02
5.894978783423972940e-02
5.884910510367740571e-02
5.874868160862073418e-02
5.864851580995022323e-02
5.854860618345895246e-02
5.844895121969147928e-02
5.834954942378459825e-02
5.825039931530968246e-02
5.815149942811694700e-02
5.805284831018123898e-02
5.795444452344970798e-02
5.785628664369097535e-02
5.775837326034607283e-02
5.766070297638097725e-02
5.756327440814078267e-02
5.746608618520542000e-02
5.736913695024706272e-02
5.727242535888897590e-02
5.717595007956601666e-02
5.707970979338662654e-02
5.698370319399629486e-02
5.688792898744262500e-02
5.679238589204178844e-02
5.669707263824646376e-02
5.660198796851527436e-02
5.650713063718360019e-02
5.641249941033583959e-02
5.631809306567907986e-02
5.622391039241809302e-02
5.612995019113180273e-02
5.603621127365104176e-02
5.594269246293762099e-02
5.584939259296486241e-02
5.575631050859923554e-02
5.566344506548348559e-02
5.557079512992093434e-02
5.547835957876111335e-02
5.538613729928654889e-02
5.529412718910095559e-02
5.520232815601847087e-02
5.511073911795424246e-02
5.501935900281619551e-02
5.492818674839787529e-02
5.483722130227265679e-02
5.474646162168890495e-02
5.465590667346647419e-02
5.456555543389420004e-02
5.447540688862860525e-02
5.438546003259366046e-02
5.429571386988170378e-02
5.420616741365535951e-02
5.411681968605062260e-02
5.402766971808097701e-02
5.393871654954251332e-02
5.384995922892017728e-02
5.376139681329494130e-02
5.367302836825212087e-02
5.358485296779055829e-02
5.349686969423291666e-02
5.340907763813690368e-02
5.332147589820745992e-02
5.323406358120993248e-02
5.314683980188419921e-02
5.305980368285972276e-02
5.297295435457153451e-02
5.288629095517718287e-02
5.279981263047450052e-02
5.271351853382034297e-02
5.262740782605025008e-02
5.254147967539888470e-02
5.245573325742140802e-02
5.237016775491573628e-02
5.228478235784559530e-02
5.219957626326442168e-02
5.211454867524019374e-02
5.202969880478091474e-02
5.194502586976107450e-02
5.186052909484881873e-02
5.177620771143397888e-02
5.169206095755683045e-02
5.160808807783767022e-02
5.152428832340714970e-02
5.144066095183739279e-02
5.135720522707382801e-02
5.127392041936781192e-02
5.119080580520995322e-02
5.110786066726419330e-02
5.102508429430259451e-02
5.094247598114083619e-02
5.086003502857445319e-02
5.077776074331570577e-02
5.069565243793121984e-02
5.061370943078022377e-02
5.053193104595356949e-02
5.045031661321328770e-02
5.036886546793294117e-02
5.028757695103851927e-02
5.020645040895004713e-02
5.012548519352380549e-02
5.004468066199518894e-02
4.996403617692218163e-02
4.988355110612946453e-02
4.980322482265314710e-02
4.972305670468604027e-02
4.964304613552359552e-02
4.956319250351046840e-02
4.948349520198749157e-02
4.940395362923942491e-02
4.932456718844320520e-02
4.924533528761670942e-02
4.916625733956816319e-02
4.908733276184601424e-02
4.900856097668946504e-02
4.892994141097942867e-02
4.885147349619009538e-02
4.877315666834099867e-02
4.869499036794965041e-02
4.861697403998459927e-02
4.853910713381909270e-02
4.846138910318521786e-02
4.838381940612852122e-02
4.830639750496314860e-02
4.822912286622747791e-02
4.815199496064020285e-02
4.807501326305693018e-02
4.799817725242723487e-02
4.792148641175222185e-02
4.784494022804245544e-02
4.776853819227647180e-02
4.769227979935966588e-02
4.761616454808358795e-02
4.754019194108584367e-02
4.746436148481024409e-02
4.738867268946751754e-02
4.731312506899639642e-02
4.723771814102514788e-02
4.716245142683350017e-02
4.708732445131501299e-02
4.701233674293986420e-02
4.693748783371796962e-02
4.686277725916261627e-02
4.678820455825441482e-02
4.671376927340564755e-02
4.663947095042506041e-02
4.656530913848298814e-02
4.649128339007684713e-02
4.641739326099703078e-02
4.634363831029324893e-02
4.627001810024108930e-02
4.619653219638820280e-02
4.612318016733150949e-02
4.604996158478056462e-02
4.597687602358522391e-02
4.590392306166270198e-02
4.583110227996339825e-02
4.575841326243999807e-02
4.568585559601694157e-02
4.561342887056013540e-02
4.554113267884707383e-02
4.546896661653727217e-02
4.539693028214299153e-02
4.532502327700028283e-02
4.525324520524042632e-02
4.518159567376153068e-02
4.511007429220060400e-02
4.503868067290580507e-02
4.496741443090906953e-02
4.489627518389898569e-02
4.482526255219401734e-02
4.475437615871596247e-02
4.468361562896376593e-02
4.461298059098749852e-02
4.454247067536279414e-02
4.447208551516539099e-02
4.440182474594607520e-02
4.433168800570581186e-02
4.426167493487123683e-02
4.419178517627028735e-02
4.412201837510822122e-02
4.405237417894382335e-02
4.398285223766591756e-02
4.391345220347007278e-02
4.384417373083561442e-02
4.377501647650289263e-02
4.370598009945073081e-02
4.363706426087417961e-02
4.356826862416249974e-02
4.349959285487735999e-02
4.343103662073132670e-02
4.336259959156649191e-02
4.329428143933343465e-02
4.322608183807037652e-02
4.315800046388247602e-02
4.309003699492151146e-02
4.302219111136566104e-02
4.295446249539951883e-02
4.288685083119436747e-02
4.281935580488865217e-02
4.275197710456862810e-02
4.268471442024925067e-02
4.261756744385530177e-02
4.255053586920262698e-02
4.248361939197971282e-02
4.241681770972930560e-02
4.235013052183034948e-02
4.228355752948008417e-02
4.221709843567632292e-02
4.215075294519989718e-02
4.208452076459740648e-02
4.201840160216398917e-02
4.195239516792639151e-02
4.188650117362622410e-02
4.182071933270329472e-02
4.175504936027927411e-02
4.168949097314139651e-02
4.162404388972641006e-02
4.155870783010472136e-02
4.149348251596460951e-02
4.142836767059674546e-02
4.136336301887875294e-02
4.129846828726004698e-02
4.123368320374674184e-02
4.116900749788677399e-02
4.110444090075517087e-02
4.103998314493948613e-02
4.097563396452538753e-02
4.091139309508239758e-02
4.084726027364976586e-02
4.078323523872257744e-02
4.071931773023786116e-02
4.065550748956103799e-02
4.059180425947230691e-02
4.052820778415339859e-02
4.046471780917422489e-02
4.040133408147995181e-02
4.033805634937794038e-02
4.027488436252499304e-02
4.021181787191473178e-02
4.014885662986503179e-02
4.008600039000564247e-02
4.002324890726591949e-02
3.996060193786275805e-02
3.989805923928850528e-02
3.983562057029919889e-02
3.977328569090275018e-02
3.971105436234738384e-02
3.964892634711011249e-02
3.958690140888538461e-02
3.952497931257387825e-02
3.946315982427132246e-02
3.940144271125752690e-02
3.933982774198550164e-02
3.927831468607067417e-02
3.921690331428023119e-02
3.915559339852261317e-02
3.909438471183705049e-02
3.903327702838326613e-02
3.897227012343125463e-02
3.891136377335126240e-02
3.885055775560364300e-02
3.878985184872915659e-02
3.872924583233908202e-02
3.866873948710555786e-02
3.860833259475206225e-02
3.854802493804390662e-02
3.848781630077887511e-02
3.842770646777796811e-02
3.836769522487624984e-02
3.830778235891374450e-02
3.824796765772651985e-02
3.818825091013774986e-02
3.812863190594896479e-02
3.806911043593136368e-02
3.800968629181722402e-02
3.795035926629137385e-02
3.789112915298278872e-02
3.783199574645630670e-02
3.777295884220431554e-02
3.771401823663867586e-02
3.765517372708259564e-02
3.759642511176273377e-02
3.753777218980123426e-02
3.747921476120794071e-02
3.742075262687271503e-02
3.736238558855773523e-02
3.730411344888993203e-02
3.724593601135357812e-02
3.718785308028279418e-02
3.712986446085431852e-02
3.707196995908013798e-02
3.701416938180045885e-02
3.695646253667652509e-02
3.689884923218359619e-02
3.684132927760405685e-02
3.678390248302047111e-02
3.672656865930885861e-02
3.666932761813191527e-02
3.661217917193238663e-02
3.655512313392646206e-02
3.649815931809724523e-02
3.644128753918837726e-02
3.638450761269754197e-02
3.632781935487026936e-02
3.627122258269360050e-02
3.621471711388995346e-02
3.615830276691098938e-02
3.610197936093158949e-02
3.604574671584380441e-02
3.598960465225101851e-02
3.593355299146198251e-02
3.587759155548510270e-02
3.582172016702266787e-02
3.576593864946515239e-02
3.571024682688559576e-02
3.565464452403406537e-02
3.559913156633215392e-02
3.554370777986750468e-02
3.548837299138844076e-02
3.543312702829861521e-02
3.537796971865178608e-02
3.532290089114650811e-02
3.526792037512103267e-02
3.521302800054819382e-02
3.515822359803029429e-02
3.510350699879415115e-02
3.504887803468611368e-02
3.499433653816717837e-02
3.493988234230811091e-02
3.488551528078465830e-02
3.483123518787281658e-02
3.477704189844408461e-02
3.472293524796083580e-02
3.466891507247171766e-02
3.461498120860707906e-02
3.456113349357445297e-02
3.450737176515412952e-02
3.445369586169470810e-02
3.440010562210869816e-02
3.434660088586827947e-02
3.429318149300091684e-02
3.423984728408518280e-02
3.418659810024658047e-02
3.413343378315332466e-02
3.408035417501229652e-02
3.402735911856493572e-02
3.397444845708325056e-02
3.392162203436580731e-02
3.386887969473382359e-02
3.381622128302721325e-02
3.376364664460077686e-02
3.371115562532036453e-02
3.365874807155907339e-02
3.360642383019354917e-02
3.355418274860023919e-02
3.350202467465170780e-02
3.344994945671310449e-02
3.339795694363846545e-02
3.334604698476720253e-02
3.329421942992058514e-02
3.324247412939826396e-02
3.319081093397480836e-02
3.313922969489627862e-02
3.308773026387689525e-02
3.303631249309565282e-02
3.298497623519303090e-02
3.293372134326770506e-02
3.288254767087333413e-02
3.283145507201530588e-02
3.278044340114760063e-02
3.272951251316962018e-02
3.267866226342309305e-02
3.262789250768895893e-02
3.257720310218437804e-02
3.252659390355967101e-02
3.247606476889531441e-02
3.242561555569904025e-02
3.237524612190283840e-02
3.232495632586011164e-02
3.227474602634276130e-02
3.222461508253840479e-02
3.217456335404748902e-02
3.212459070088055646e-02
3.207469698345549042e-02
3.202488206259475334e-02
3.197514579952270841e-02
3.192548805586294114e-02
3.187590869363561563e-02
3.182640757525483088e-02
3.177698456352606726e-02
3.172763952164356360e-02
3.167837231318782615e-02
3.162918280212308197e-02
3.158007085279476711e-02
3.153103632992710487e-02
3.148207909862062864e-02
3.143319902434977414e-02
3.138439597296046463e-02
3.133566981066777946e-02
3.128702040405356710e-02
3.123844762006414491e-02
3.118995132600796416e-02
3.114153138955334799e-02
3.109318767872626399e-02
3.104492006190804135e-02
3.099672840783318506e-02
3.094861258558716591e-02
3.090057246460427981e-02
3.085260791466547248e-02
3.080471880589622305e-02
3.075690500876442426e-02
3.070916639407832160e-02
3.066150283298442816e-02
3.061391419696548460e-02
3.056640035783842607e-02
3.051896118775238378e-02
3.047159655918671786e-02
3.042430634494899117e-02
3.037709041817309233e-02
3.032994865231726164e-02
3.028288092116218633e-02
3.023588709880913050e-02
3.018896705967802352e-02
3.014212067850564891e-02
3.009534783034375702e-02
3.004864839055730250e-02
3.000202223482257777e-02
2.995546923912549217e-02
2.990898927975974356e-02
2.986258223332510439e-02
2.981624797672568702e-02
2.976998638716820550e-02
2.972379734216028246e-02
2.967768071950876996e-02
2.963163639731807714e-02
2.958566425398850494e-02
2.953976416821463280e-02
2.949393601898367065e-02
2.944817968557386992e-02
2.940249504755292412e-02
2.935688198477638677e-02
2.931134037738612752e-02
2.926587010580875697e-02
2.922047105075412099e-02
2.917514309321377064e-02
2.912988611445945647e-02
2.908469999604164358e-02
2.903958461978802669e-02
2.899453986780208339e-02
2.894956562246161352e-02
2.890466176641730625e-02
2.885982818259132110e-02
2.881506475417586893e-02
2.877037136463185193e-02
2.872574789768741338e-02
2.868119423733665393e-02
2.863671026783819185e-02
2.859229587371387923e-02
2.854795093974743514e-02
2.850367535098314448e-02
2.845946899272454658e-02
2.841533175053312030e-02
2.837126351022703150e-02
2.832726415787983551e-02
2.828333357981922813e-02
2.823947166262580008e-02
2.819567829313178453e-02
2.815195335841983934e-02
2.810829674582183968e-02
2.806470834291766372e-02
2.802118803753398876e-02
2.797773571774314280e-02
2.793435127186187986e-02
2.789103458845027320e-02
2.784778555631052879e-02
2.780460406448586816e-02
2.776149000225935567e-02
2.771844325915284041e-02
2.767546372492578344e-02
2.763255128957419621e-02
2.758970584332955459e-02
2.754692727665767477e-02
2.750421548025768631e-02
2.746157034506093580e-02
2.741899176222998072e-02
2.737647962315747571e-02
2.733403381946521160e-02
2.729165424300303289e-02
2.724934078584785938e-02
2.720709334030265228e-02
2.716491179889543930e-02
2.712279605437829810e-02
2.708074599972639870e-02
2.703876152813701819e-02
2.699684253302858661e-02
2.695498890803969816e-02
2.691320054702821957e-02
2.687147734407028740e-02
2.682981919345943725e-02
2.678822598970563226e-02
2.674669762753436458e-02
2.670523400188575328e-02
2.666383500791363881e-02
2.662250054098468793e-02
2.658123049667750898e-02
2.654002477078177408e-02
2.649888325929735527e-02
2.645780585843346411e-02
2.641679246460777383e-02
2.637584297444559717e-02
2.633495728477902934e-02
2.629413529264611540e-02
2.625337689529002455e-02
2.621268199015824515e-02
2.617205047490174172e-02
2.613148224737416384e-02
2.609097720563104475e-02
2.605053524792902420e-02
2.601015627272502614e-02
2.596984017867549899e-02
2.592958686463565574e-02
2.588939622965865522e-02
2.584926817299491170e-02
2.580920259409128642e-02
2.576919939259034176e-02
2.572925846832962993e-02
2.568937972134092626e-02
2.564956305184950755e-02
2.560980836027342000e-02
2.557011554722278535e-02
2.553048451349904102e-02
2.549091516009427405e-02
2.545140738819049939e-02
2.541196109915897297e-02
2.537257619455947355e-02
2.533325257613965736e-02
2.529399014583433650e-02
2.525478880576484050e-02
2.521564845823832252e-02
2.517656900574709658e-02
2.513755035096798540e-02
2.509859239676166462e-02
2.505969504617200708e-02
2.502085820242544445e-02
2.498208176893033233e-02
2.494336564927630492e-02
2.490470974723364359e-02
2.486611396675266622e-02
2.482757821196309583e-02
2.478910238717345338e-02
2.475068639687043326e-02
2.471233014571831699e-02
2.467403353855835910e-02
2.463579648040818346e-02
2.459761887646120734e-02
2.455950063208604123e-02
2.452144165282591978e-02
2.448344184439809126e-02
2.444550111269328321e-02
2.440761936377511265e-02
2.436979650387949281e-02
2.433203243941413699e-02
2.429432707695792365e-02
2.425668032326039683e-02
2.421909208524119714e-02
2.418156226998950664e-02
2.414409078476352846e-02
2.410667753698993512e-02
2.406932243426331344e-02
2.403202538434569616e-02
2.399478629516595823e-02
2.395760507481934157e-02
2.392048163156694496e-02
2.388341587383515860e-02
2.384640771021520264e-02
2.380945704946258595e-02
2.377256380049662388e-02
2.373572787239991433e-02
2.369894917441786597e-02
2.366222761595818125e-02
2.362556310659037415e-02
2.358895555604529834e-02
2.355240487421462678e-02
2.351591097115041107e-02
2.347947375706456799e-02
2.344309314232844235e-02
2.340676903747230045e-02
2.337050135318489291e-02
2.333429000031296205e-02
2.329813488986079428e-02
2.326203593298977954e-02
2.322599304101791856e-02
2.319000612541939968e-02
2.315407509782414081e-02
2.311819987001733495e-02
2.308238035393902696e-02
2.304661646168364858e-02
2.301090810549959870e-02
2.297525519778879921e-02
2.293965765110626831e-02
2.290411537815970414e-02
2.286862829180902335e-02
2.283319630506597253e-02
2.279781933109369108e-02
2.276249728320629828e-02
2.272723007486846664e-02
2.269201761969502629e-02
2.265685983145055565e-02
2.262175662404895468e-02
2.258670791155304239e-02
2.255171360817417522e-02
2.251677362827183421e-02
2.248188788635322247e-02
2.244705629707288014e-02
2.241227877523228190e-02
2.237755523577946229e-02
2.234288559380861322e-02
2.230826976455969543e-02
2.227370766341807071e-02
2.223919920591412372e-02
2.220474430772285609e-02
2.217034288466354641e-02
2.213599485269934081e-02
2.210170012793691643e-02
2.206745862662607902e-02
2.203327026515941589e-02
2.199913496007194214e-02
2.196505262804069811e-02
2.193102318588442678e-02
2.189704655056319907e-02
2.186312263917806337e-02
2.182925136897067089e-02
2.179543265732296689e-02
2.176166642175678817e-02
2.172795257993354393e-02
2.169429104965387919e-02
2.166068174885730363e-02
2.162712459562186537e-02
2.159361950816380063e-02
2.156016640483720756e-02
2.152676520413370626e-02
2.149341582468209180e-02
2.146011818524801856e-02
2.142687220473366017e-02
2.139367780217736603e-02
2.136053489675337341e-02
2.132744340777143963e-02
2.129440325467654022e-02
2.126141435704854282e-02
2.122847663460188453e-02
2.119559000718525266e-02
2.116275439478127601e-02
2.112996971750620220e-02
2.109723589560957499e-02
2.106455284947394632e-02
2.103192049961454327e-02
2.099933876667896965e-02
2.096680757144689725e-02
2.093432683482977091e-02
2.090189647787047897e-02
2.086951642174306870e-02
2.083718658775245494e-02
2.080490689733409740e-02
2.077267727205371964e-02
2.074049763360700030e-02
2.070836790381930248e-02
2.067628800464534761e-02
2.064425785816894482e-02
2.061227738660269954e-02
2.058034651228771508e-02
2.054846515769331861e-02
2.051663324541676964e-02
2.048485069818295826e-02
2.045311743884415528e-02
2.042143339037969310e-02
2.038979847589572625e-02
2.035821261862491571e-02
2.032667574192616872e-02
2.029518776928436116e-02
2.026374862431007048e-02
2.023235823073927034e-02
2.020101651243310162e-02
2.016972339337757408e-02
2.013847879768329227e-02
2.010728264958520917e-02
2.007613487344234518e-02
2.004503539373751753e-02
2.001398413507708349e-02
1.998298102219066980e-02
1.995202597993091936e-02
1.992111893327322761e-02
1.989025980731547530e-02
1.985944852727777182e-02
1.982868501850220885e-02
1.979796920645258279e-02
1.976730101671416232e-02
1.973668037499341429e-02
1.970610720711776440e-02
1.967558143903531953e-02
1.964510299681467356e-02
1.961467180664459853e-02
1.958428779483380872e-02
1.955395088781073862e-02
1.952366101212326885e-02
1.949341809443850063e-02
1.946322206154248863e-02
1.943307284034002588e-02
1.940297035785437663e-02
1.937291454122703691e-02
1.934290531771752294e-02
1.931294261470308665e-02
1.928302635967851439e-02
1.925315648025586329e-02
1.922333290416424270e-02
1.919355555924958864e-02
1.916382437347437934e-02
1.913413927491746519e-02
1.910450019177379818e-02
1.907490705235419248e-02
1.904535978508513708e-02
1.901585831850850436e-02
1.898640258128139052e-02
1.895699250217582760e-02
1.892762801007859264e-02
1.889830903399095444e-02
1.886903550302848273e-02
1.883980734642078797e-02
1.881062449351132357e-02
1.878148687375714304e-02
1.875239441672869878e-02
1.872334705210960959e-02
1.869434470969643172e-02
1.866538731939845763e-02
1.863647481123748006e-02
1.860760711534759082e-02
1.857878416197495872e-02
1.855000588147759713e-02
1.852127220432517318e-02
1.849258306109878222e-02
1.846393838249072578e-02
1.843533809930431380e-02
1.840678214245364611e-02
1.837827044296340070e-02
1.834980293196861872e-02
1.832137954071449970e-02
1.829300020055618647e-02
1.826466484295857437e-02
1.823637339949607875e-02
1.820812580185245111e-02
1.817992198182056401e-02
1.815176187130217514e-02
1.812364540230778504e-02
1.809557250695639080e-02
1.806754311747527791e-02
1.803955716619985022e-02
1.801161458557339404e-02
1.798371530814689076e-02
1.795585926657883302e-02
1.792804639363499222e-02
1.790027662218823812e-02
1.787254988521835494e-02
1.784486611581180895e-02
1.781722524716157843e-02
1.778962721256693857e-02
1.776207194543328802e-02
1.773455937927194415e-02
1.770708944769991411e-02
1.767966208443976991e-02
1.765227722331939517e-02
1.762493479827182546e-02
1.759763474333503330e-02
1.757037699265176153e-02
1.754316148046930826e-02
1.751598814113935684e-02
1.748885690911777466e-02
1.746176771896443269e-02
1.743472050534299045e-02
1.740771520302075367e-02
1.738075174686845234e-02
1.735383007186006021e-02
1.732695011307262833e-02
1.730011180568605603e-02
1.727331508498296947e-02
1.724655988634847190e-02
1.721984614527000482e-02
1.719317379733715026e-02
1.716654277824143301e-02
1.713995302377617491e-02
1.711340446983627972e-02
1.708689705241805620e-02
1.706043070761906547e-02
1.703400537163790932e-02
1.700762098077405679e-02
1.698127747142767763e-02
1.695497478009946532e-02
1.692871284339042895e-02
1.690249159800176135e-02
1.687631098073463787e-02
1.685017092849001863e-02
1.682407137826852361e-02
1.679801226717020715e-02
1.677199353239442262e-02
1.674601511123961078e-02
1.672007694110317494e-02
1.669417895948124841e-02
1.666832110396858010e-02
1.664250331225831242e-02
1.661672552214183904e-02
1.659098767150862450e-02
1.656528969834604112e-02
1.653963154073919209e-02
1.651401313687072755e-02
1.648843442502070933e-02
1.646289534356640966e-02
1.643739583098215509e-02
1.641193582583915650e-02
1.638651526680535639e-02
1.636113409264523810e-02
1.633579224221967316e-02
1.631048965448574084e-02
1.628522626849659288e-02
1.626000202340125225e-02
1.623481685844446742e-02
1.620967071296654932e-02
1.618456352640320131e-02
1.615949523828535614e-02
1.613446578823901634e-02
1.610947511598507381e-02
1.608452316133919188e-02
1.605960986421158324e-02
1.603473516460689197e-02
1.600989900262402357e-02
1.598510131845596802e-02
1.596034205238967135e-02
1.593562114480583450e-02
1.591093853617879181e-02
1.588629416707632025e-02
1.586168797815951451e-02
1.583711991018259269e-02
1.581258990399276448e-02
1.578809790053007506e-02
1.576364384082721420e-02
1.573922766600940187e-02
1.571484931729421816e-02
1.569050873599141943e-02
1.566620586350283076e-02
1.564194064132215511e-02
1.561771301103482765e-02
1.559352291431787170e-02
1.556937029293972534e-02
1.554525508876011125e-02
1.552117724372986153e-02
1.549713669989078411e-02
1.547313339937548583e-02
1.544916728440724578e-02
1.542523829729985398e-02
1.540134638045745526e-02
1.537749147637440007e-02
1.535367352763509184e-02
1.532989247691384990e-02
1.530614826697474298e-02
1.528244084067144695e-02
1.525877014094709390e-02
1.523513611083412642e-02
1.521153869345414147e-02
1.518797783201775511e-02
1.516445346982443938e-02
1.514096555026238008e-02
1.511751401680834148e-02
1.509409881302750146e-02
1.507071988257330762e-02
1.504737716918735056e-02
1.502407061669919046e-02
1.500080016902623214e-02
1.497756577017356379e-02
1.495436736423382679e-02
1.493120489538706484e-02
1.490807830790057825e-02
1.488498754612877471e-02
1.486193255451304270e-02
1.483891327758159011e-02
1.481592965994930899e-02
1.479298164631763848e-02
1.477006918147441041e-02
1.474719221029371571e-02
1.472435067773575357e-02
1.470154452884670990e-02
1.467877370875858914e-02
1.465603816268909801e-02
1.463333783594148244e-02
1.461067267390440960e-02
1.458804262205181008e-02
1.456544762594275122e-02
1.454288763122128618e-02
1.452036258361632734e-02
1.449787242894149362e-02
1.447541711309498561e-02
1.445299658205943978e-02
1.443061078190178634e-02
1.440825965877312771e-02
1.438594315890858073e-02
1.436366122862715693e-02
1.434141381433161333e-02
1.431920086250832759e-02
1.429702231972714878e-02
1.427487813264127769e-02
1.425276824798711248e-02
1.423069261258412717e-02
1.420865117333473295e-02
1.418664387722414454e-02
1.416467067132023971e-02
1.414273150277343093e-02
1.412082631881653519e-02
1.409895506676462837e-02
1.407711769401492549e-02
1.405531414804663329e-02
1.403354437642083223e-02
1.401180832678033429e-02
1.399010594684954936e-02
1.396843718443436730e-02
1.394680198742200526e-02
1.392520030378089496e-02
1.390363208156053694e-02
1.388209726889137914e-02
1.386059581398468854e-02
1.383912766513240543e-02
1.381769277070703239e-02
1.379629107916149379e-02
1.377492253902900046e-02
1.375358709892293523e-02
1.373228470753671930e-02
1.371101531364366834e-02
1.368977886609688659e-02
1.366857531382911946e-02
1.364740460585263902e-02
1.362626669125911044e-02
1.360516151921946360e-02
1.358408903898376992e-02
1.356304919988110709e-02
1.354204195131943761e-02
1.352106724278548736e-02
1.350012502384460682e-02
1.347921524414065660e-02
1.345833785339587384e-02
1.343749280141075600e-02
1.341668003806391861e-02
1.339589951331198424e-02
1.337515117718946281e-02
1.335443497980860240e-02
1.333375087135929213e-02
1.331309880210892159e-02
1.329247872240226121e-02
1.327189058266133904e-02
1.325133433338531938e-02
1.323080992515037087e-02
1.321031730860955898e-02
1.318985643449270030e-02
1.316942725360626884e-02
1.314902971683324512e-02
1.312866377513301729e-02
1.310832937954124408e-02
1.308802648116973687e-02
1.306775503120634167e-02
1.304751498091481950e-02
1.302730628163471620e-02
1.300712888478124801e-02
1.298698274184518532e-02
1.296686780439271908e-02
1.294678402406535672e-02
1.292673135257979035e-02
1.290670974172778047e-02
1.288671914337604328e-02
1.286675950946611878e-02
1.284683079201426152e-02
1.282693294311131917e-02
1.280706591492261279e-02
1.278722965968781891e-02
1.276742412972085156e-02
1.274764927740975121e-02
1.272790505521654777e-02
1.270819141567717039e-02
1.268850831140130864e-02
1.266885569507229629e-02
1.264923351944701423e-02
1.262964173735574638e-02
1.261008030170209307e-02
1.259054916546282175e-02
1.257104828168778034e-02
1.255157760349977052e-02
1.253213708409442115e-02
1.251272667674008764e-02
1.249334633477773397e-02
1.247399601162081650e-02
1.245467566075516598e-02
1.243538523573887132e-02
1.241612469020217727e-02
1.239689397784735428e-02
1.237769305244860313e-02
1.235852186785192132e-02
1.233938037797500248e-02
1.232026853680712360e-02
1.230118629840901839e-02
1.228213361691278364e-02
1.226311044652175081e-02
1.224411674151038194e-02
1.222515245622415175e-02
1.220621754507944003e-02
1.218731196256342061e-02
1.216843566323394348e-02
1.214958860171943232e-02
1.213077073271875798e-02
1.211198201100115342e-02
1.209322239140606103e-02
1.207449182884307547e-02
1.205579027829178917e-02
1.203711769480170224e-02
1.201847403349210266e-02
1.199985924955196750e-02
1.198127329823983969e-02
1.196271613488373610e-02
1.194418771488102091e-02
1.192568799369830672e-02
1.190721692687133487e-02
1.188877447000488176e-02
1.187036057877264260e-02
1.185197520891711001e-02
1.183361831624949942e-02
1.181528985664959640e-02
1.179698978606569248e-02
1.177871806051444120e-02
1.176047463608077652e-02
1.174225946891778970e-02
1.172407251524663560e-02
1.170591373135640607e-02
1.168778307360404667e-02
1.166968049841423001e-02
1.165160596227926039e-02
1.163355942175896100e-02
1.161554083348058375e-02
1.159755015413867739e-02
1.157958734049500255e-02
1.156165234937841547e-02
1.154374513768477439e-02
1.152586566237681458e-02
1.150801388048406336e-02
1.149018974910272564e-02
1.147239322539558154e-02
1.145462426659187884e-02
1.143688282998722890e-02
1.141916887294350952e-02
1.140148235288875218e-02
1.138382322731704838e-02
1.136619145378842816e-02
1.134858698992878036e-02
1.133100979342973290e-02
1.131345982204854869e-02
1.129593703360803891e-02
1.127844138599643810e-02
1.126097283716732608e-02
1.124353134513949963e-02
1.122611686799689090e-02
1.120872936388845470e-02
1.119136879102806958e-02
1.117403510769443727e-02
1.115672827223098025e-02
1.113944824304574123e-02
1.112219497861128073e-02
1.110496843746457303e-02
1.108776857820690902e-02
1.107059535950380078e-02
1.105344874008486883e-02
1.103632867874375194e-02
1.101923513433800128e-02
1.100216806578898678e-02
1.098512743208178606e-02
1.096811319226509429e-02
1.095112530545112699e-02
1.093416373081550902e-02
1.091722842759718440e-02
1.090031935509831393e-02
1.088343647268418674e-02
1.086657973978309363e-02
1.084974911588626641e-02
1.083294456054774597e-02
1.081616603338430779e-02
1.079941349407534910e-02
1.078268690236279873e-02
1.076598621805101644e-02
1.074931140100669757e-02
1.073266241115877241e-02
1.071603920849830728e-02
1.069944175307841784e-02
1.068287000501415805e-02
1.066632392448243691e-02
1.064980347172191262e-02
1.063330860703289721e-02
1.061683929077726282e-02
1.060039548337834807e-02
1.058397714532085393e-02
1.056758423715075529e-02
1.055121671947520205e-02
1.053487455296242374e-02
1.051855769834163581e-02
1.050226611640294773e-02
1.048599976799725539e-02
1.046975861403615787e-02
1.045354261549185683e-02
1.043735173339707493e-02
1.042118592884493621e-02
1.040504516298889487e-02
1.038892939704263302e-02
1.037283859227996520e-02
1.035677271003474301e-02
1.034073171170077007e-02
1.032471555873169800e-02
1.030872421264093959e-02
1.029275763500157349e-02
1.027681578744625221e-02
1.026089863166711018e-02
1.024500612941566316e-02
1.022913824250273017e-02
1.021329493279833113e-02
1.019747616223158973e-02
1.018168189279065362e-02
1.016591208652259729e-02
1.015016670553332660e-02
1.013444571198748867e-02
1.011874906810838852e-02
1.010307673617788157e-02
1.008742867853630251e-02
1.007180485758235426e-02
1.005620523577302819e-02
1.004062977562351737e-02
1.002507843970710903e-02
1.000955119065511517e-02
9.994047991156763261e-03
9.978568803959123393e-03
9.963113591867002461e-03
9.947682317742864364e-03
9.932274944506732858e-03
9.916891435136116970e-03
9.901531752665894762e-03
9.886195860188256093e-03
9.870883720852584656e-03
9.855595297865385115e-03
9.840330554490192908e-03
9.825089454047485765e-03
9.809871959914581371e-03
9.794678035525573173e-03
9.779507644371219360e-03
9.764360749998863068e-03
9.749237316012356047e-03
9.734137306071945911e-03
9.719060683894213681e-03
9.704007413251969708e-03
9.688977457974170399e-03
9.673970781945833222e-03
9.658987349107949968e-03
9.644027123457396544e-03
9.629090069046844502e-03
9.614176149984676040e-03
9.599285330434902466e-03
9.584417574617077468e-03
9.569572846806191288e-03
9.554751111332616953e-03
9.539952332581995778e-03
9.525176474995166245e-03
9.510423503068072063e-03
9.495693381351685836e-03
9.480986074451910189e-03
9.466301547029496236e-03
9.451639763799972449e-03
9.437000689533535380e-03
9.422384289054982001e-03
9.407790527243617765e-03
9.393219369033180277e-03
9.378670779411742153e-03
9.364144723421634689e-03
9.349641166159361125e-03
9.335160072775509910e-03
9.320701408474681843e-03
9.306265138515387725e-03
9.291851228209982438e-03
9.277459642924567804e-03
9.263090348078923189e-03
9.248743309146401428e-03
9.234418491653868105e-03
9.220115861181600939e-03
9.205835383363218660e-03
9.191577023885590808e-03
9.177340748488757929e-03
9.163126522965843110e-03
9.148934313162991258e-03
9.134764084979249410e-03
9.120615804366518156e-03
9.106489437329454498e-03
9.092384949925390314e-03
9.078302308264256035e-03
9.064241478508488700e-03
9.050202426872960837e-03
9.036185119624897191e-03
9.022189523083787993e-03
9.008215603621310894e-03
8.994263327661256371e-03
8.980332661679425385e-03
8.966423572203580800e-03
8.952536025813341569e-03
8.938669989140106409e-03
8.924825428866986141e-03
8.911002311728708283e-03
8.897200604511544195e-03
8.883420274053224069e-03
8.869661287242869285e-03
8.855923611020895259e-03
8.842207212378945524e-03
8.828512058359808470e-03
8.814838116057328865e-03
8.801185352616345409e-03
8.787553735232600527e-03
8.773943231152658839e-03
8.760353807673832566e-03
8.746785432144108668e-03
8.733238071962060381e-03
8.719711694576769145e-03
8.706206267487763897e-03
8.692721758244910044e-03
8.679258134448359155e-03
8.665815363748460495e-03
8.652393413845688164e-03
8.638992252490552623e-03
8.625611847483531311e-03
8.612252166674990578e-03
8.598913177965107624e-03
8.585594849303792436e-03
8.572297148690609728e-03
8.559020044174700872e-03
8.545763503854716253e-03
8.532527495878719850e-03
8.519311988444135467e-03
8.506116949797651317e-03
8.492942348235150637e-03
8.479788152101640566e-03
8.466654329791167138e-03
8.453540849746738958e-03
8.440447680460266486e-03
8.427374790472461422e-03
8.414322148372782931e-03
8.401289722799350906e-03
8.388277482438874846e-03
8.375285396026568852e-03
8.362313432346092645e-03
8.349361560229464838e-03
8.336429748556988331e-03
8.323517966257182668e-03
8.310626182306699028e-03
8.297754365730256043e-03
8.284902485600556532e-03
8.272070511038218110e-03
8.259258411211696863e-03
8.246466155337211015e-03
8.233693712678675017e-03
8.220941052547616271e-03
8.208208144303105747e-03
8.195494957351681653e-03
8.182801461147278313e-03
8.170127625191158510e-03
8.157473419031819814e-03
8.144838812264944272e-03
8.132223774533315144e-03
8.119628275526749248e-03
8.107052284982001547e-03
8.094495772682733931e-03
8.081958708459395513e-03
8.069441062189191410e-03
8.056942803795983862e-03
8.044463903250229780e-03
8.032004330568900952e-03
8.019564055815426792e-03
8.007143049099607612e-03
7.994741280577546960e-03
7.982358720451585704e-03
7.969995338970220500e-03
7.957651106428039606e-03
7.945325993165650025e-03
7.933019969569604646e-03
7.920733006072331120e-03
7.908465073152059002e-03
7.896216141332757302e-03
7.883986181184049480e-03
7.871775163321154470e-03
7.859583058404808614e-03
7.847409837141203215e-03
7.835255470281904736e-03
7.823119928623790617e-03
7.811003183008974685e-03
7.798905204324743830e-03
7.786825963503478214e-03
7.774765431522591419e-03
7.762723579404454122e-03
7.750700378216322968e-03
7.738695799070280726e-03
7.726709813123153886e-03
7.714742391576452814e-03
7.702793505676298023e-03
7.690863126713354259e-03
7.678951226022756767e-03
7.667057774984045379e-03
7.655182745021096857e-03
7.643326107602052902e-03
7.631487834239254232e-03
7.619667896489169465e-03
7.607866265952330058e-03
7.596082914273258324e-03
7.584317813140402376e-03
7.572570934286065869e-03
7.560842249486342086e-03
7.549131730561041941e-03
7.537439349373630665e-03
7.525765077831161019e-03
7.514108887884197834e-03
7.502470751526760760e-03
7.490850640796249682e-03
7.479248527773380527e-03
7.467664384582115011e-03
7.456098183389599059e-03
7.444549896406092541e-03
7.433019495884901628e-03
7.421506954122312864e-03
7.410012243457528118e-03
7.398535336272593459e-03
7.387076204992341043e-03
7.375634822084313653e-03
7.364211160058704853e-03
7.352805191468287857e-03
7.341416888908354824e-03
7.330046225016649195e-03
7.318693172473294574e-03
7.307357704000738349e-03
7.296039792363679700e-03
7.284739410369002813e-03
7.273456530865721366e-03
7.262191126744896134e-03
7.250943170939588150e-03
7.239712636424784110e-03
7.228499496217328721e-03
7.217303723375866585e-03
7.206125291000774549e-03
7.194964172234098385e-03
7.183820340259479929e-03
7.172693768302108516e-03
7.161584429628642043e-03
7.150492297547148858e-03
7.139417345407045312e-03
7.128359546599025501e-03
7.117318874555007488e-03
7.106295302748054377e-03
7.095288804692326604e-03
7.084299353943006479e-03
7.073326924096240073e-03
7.062371488789073032e-03
7.051433021699387259e-03
7.040511496545834996e-03
7.029606887087780712e-03
7.018719167125231709e-03
7.007848310498781749e-03
6.996994291089540796e-03
6.986157082819081238e-03
6.975336659649365896e-03
6.964532995582693384e-03
6.953746064661628715e-03
6.942975840968945191e-03
6.932222298627564554e-03
6.921485411800486730e-03
6.910765154690732583e-03
6.900061501541281464e-03
6.889374426635013100e-03
6.878703904294640806e-03
6.868049908882647298e-03
6.857412414801230052e-03
6.846791396492233651e-03
6.836186828437096873e-03
6.825598685156779831e-03
6.815026941211709335e-03
6.804471571201720775e-03
6.793932549765988732e-03
6.783409851582973202e-03
6.772903451370353677e-03
6.762413323884976235e-03
6.751939443922777215e-03
6.741481786318742446e-03
6.731040325946831791e-03
6.720615037719926237e-03
6.710205896589763706e-03
6.699812877546881817e-03
6.689435955620555430e-03
6.679075105878737664e-03
6.668730303427999190e-03
6.658401523413472710e-03
6.648088741018784442e-03
6.637791931466001209e-03
6.627511070015573193e-03
6.617246131966265411e-03
6.606997092655105680e-03
6.596763927457324761e-03
6.586546611786289578e-03
6.576345121093458979e-03
6.566159430868307410e-03
6.555989516638278947e-03
6.545835353968723104e-03
6.535696918462837596e-03
6.525574185761606749e-03
6.515467131543746862e-03
6.505375731525645487e-03
6.495299961461306788e-03
6.485239797142283019e-03
6.475195214397631155e-03
6.465166189093841768e-03
6.455152697134790458e-03
6.445154714461670195e-03
6.435172217052945350e-03
6.425205180924284040e-03
6.415253582128505223e-03
6.405317396755517111e-03
6.395396600932271199e-03
6.385491170822685074e-03
6.375601082627603382e-03
6.365726312584733641e-03
6.355866836968586397e-03
6.346022632090423179e-03
6.336193674298192316e-03
6.326379939976483832e-03
6.316581405546464398e-03
6.306798047465818347e-03
6.297029842228696501e-03
6.287276766365662399e-03
6.277538796443624634e-03
6.267815909065792626e-03
6.258108080871614166e-03
6.248415288536719910e-03
6.238737508772866126e-03
6.229074718327882662e-03
6.219426893985613089e-03
6.209794012565863532e-03
6.200176050924340217e-03
6.190572985952599167e-03
6.180984794577989820e-03
6.171411453763597788e-03
6.161852940508191073e-03
6.152309231846164565e-03
6.142780304847484524e-03
6.133266136617632203e-03
6.123766704297551808e-03
6.114281985063594119e-03
6.104811956127457508e-03
6.095356594736144572e-03
6.085915878171891877e-03
6.076489783752127456e-03
6.067078288829411831e-03
6.057681370791385099e-03
6.048299007060708825e-03
6.038931175095017465e-03
6.029577852386859387e-03
6.020239016463643962e-03
6.010914644887588656e-03
6.001604715255665252e-03
5.992309205199546941e-03
5.983028092385550209e-03
5.973761354514585398e-03
5.964508969322099459e-03
5.955270914578027382e-03
5.946047168086735814e-03
5.936837707686968418e-03
5.927642511251794699e-03
5.918461556688557092e-03
5.909294821938816319e-03
5.900142284978297617e-03
5.891003923816842160e-03
5.881879716498352416e-03
5.872769641100731436e-03
5.863673675735844686e-03
5.854591798549455862e-03
5.845523987721178323e-03
5.836470221464424776e-03
5.827430478026350037e-03
5.818404735687805057e-03
5.809392972763277076e-03
5.800395167600842783e-03
5.791411298582118013e-03
5.782441344122199629e-03
5.773485282669619557e-03
5.764543092706287536e-03
5.755614752747443413e-03
5.746700241341604239e-03
5.737799537070513087e-03
5.728912618549087885e-03
5.720039464425369369e-03
5.711180053380469045e-03
5.702334364128516277e-03
5.693502375416614920e-03
5.684684066024781740e-03
5.675879414765905642e-03
5.667088400485688696e-03
5.658311002062597558e-03
5.649547198407815773e-03
5.640796968465189125e-03
5.632060291211177065e-03
5.623337145654803276e-03
5.614627510837601893e-03
5.605931365833569796e-03
5.597248689749116310e-03
5.588579461723011156e-03
5.579923660926335016e-03
5.571281266562430959e-03
5.562652257866855000e-03
5.554036614107319726e-03
5.545434314583653525e-03
5.536845338627745076e-03
5.528269665603497383e-03
5.519707274906770524e-03
5.511158145965346089e-03
5.502622258238863001e-03
5.494099591218775010e-03
5.485590124428303856e-03
5.477093837422382892e-03
5.468610709787616320e-03
5.460140721142226275e-03
5.451683851135998189e-03
5.443240079450242623e-03
5.434809385797737154e-03
5.426391749922684742e-03
5.417987151600661688e-03
5.409595570638567330e-03
5.401216986874578935e-03
5.392851380178098793e-03
5.384498730449714318e-03
5.376159017621137334e-03
5.367832221655168511e-03
5.359518322545640985e-03
5.351217300317373526e-03
5.342929135026126299e-03
5.334653806758549686e-03
5.326391295632134856e-03
5.318141581795170388e-03
5.309904645426694568e-03
5.301680466736439015e-03
5.293469025964795717e-03
5.285270303382757183e-03
5.277084279291871342e-03
5.268910934024199043e-03
5.260750247942266346e-03
5.252602201439011617e-03
5.244466774937742160e-03
5.236343948892088242e-03
5.228233703785951925e-03
5.220136020133468030e-03
5.212050878478946894e-03
5.203978259396836205e-03
5.195918143491672428e-03
5.187870511398025297e-03
5.179835343780469191e-03
5.171812621333518947e-03
5.163802324781593435e-03
5.155804434878966981e-03
5.147818932409722534e-03
5.139845798187705692e-03
5.131885013056476999e-03
5.123936557889272048e-03
5.116000413588944230e-03
5.108076561087933516e-03
5.100164981348205735e-03
5.092265655361220486e-03
5.084378564147873023e-03
5.076503688758458692e-03
5.068641010272618291e-03
5.060790509799303373e-03
5.052952168476722468e-03
5.045125967472297718e-03
5.037311887982620640e-03
5.029509911233405288e-03
5.021720018479446622e-03
5.013942191004573667e-03
5.006176410121600945e-03
4.998422657172288570e-03
4.990680913527295419e-03
4.982951160586134888e-03
4.975233379777129795e-03
4.967527552557366409e-03
4.959833660412652813e-03
4.952151684857472938e-03
4.944481607434938857e-03
4.936823409716756088e-03
4.929177073303164618e-03
4.921542579822911143e-03
4.913919910933190957e-03
4.906309048319612391e-03
4.898709973696148239e-03
4.891122668805097592e-03
4.883547115417031202e-03
4.875983295330761982e-03
4.868431190373287767e-03
4.860890782399757484e-03
4.853362053293421713e-03
4.845844984965593655e-03
4.838339559355597959e-03
4.830845758430740364e-03
4.823363564186248717e-03
4.815892958645244352e-03
4.808433923858686579e-03
4.800986441905337986e-03
4.793550494891718472e-03
4.786126064952061013e-03
4.778713134248271759e-03
4.771311684969884934e-03
4.763921699334018600e-03
4.756543159585334760e-03
4.749176047995997720e-03
4.741820346865627256e-03
4.734476038521257847e-03
4.727143105317301378e-03
4.719821529635494228e-03
4.712511293884861716e-03
4.705212380501679927e-03
4.697924771949423678e-03
4.690648450718732689e-03
4.683383399327360405e-03
4.676129600320142778e-03
4.668887036268948819e-03
4.661655689772644176e-03
4.654435543457043425e-03
4.647226579974869307e-03
4.640028782005717160e-03
4.632842132256004622e-03
4.625666613458940396e-03
4.618502208374471348e-03
4.611348899789248675e-03
4.604206670516584540e-03
4.597075503396410440e-03
4.589955381295234699e-03
4.582846287106106913e-03
4.575748203748567638e-03
4.568661114168617171e-03
4.561585001338664368e-03
4.554519848257497158e-03
4.547465637950232238e-03
4.540422353468278639e-03
4.533389977889296096e-03
4.526368494317154281e-03
4.519357885881892904e-03
4.512358135739679213e-03
4.505369227072770696e-03
4.498391143089472584e-03
4.491423867024098814e-03
4.484467382136926930e-03
4.477521671714165125e-03
4.470586719067908867e-03
4.463662507536101005e-03
4.456749020482487535e-03
4.449846241296584633e-03
4.442954153393634427e-03
4.436072740214566830e-03
4.429201985225960508e-03
4.422341871919998647e-03
4.415492383814435991e-03
4.408653504452552871e-03
4.401825217403118780e-03
4.395007506260355072e-03
4.388200354643890730e-03
4.381403746198726801e-03
4.374617664595193897e-03
4.367842093528916635e-03
4.361077016720774600e-03
4.354322417916853781e-03
4.347578280888422277e-03
4.340844589431880861e-03
4.334121327368729154e-03
4.327408478545520520e-03
4.320706026833832578e-03
4.314013956130220359e-03
4.307332250356180753e-03
4.300660893458114337e-03
4.293999869407287215e-03
4.287349162199789385e-03
4.280708755856500042e-03
4.274078634423047682e-03
4.267458781969769334e-03
4.260849182591677602e-03
4.254249820408417294e-03
4.247660679564229866e-03
4.241081744227915250e-03
4.234512998592793696e-03
4.227954426876667608e-03
4.221406013321782509e-03
4.214867742194790615e-03
4.208339597786711801e-03
4.201821564412899779e-03
4.195313626412998723e-03
4.188815768150908579e-03
4.182327974014747769e-03
4.175850228416812422e-03
4.169382515793546018e-03
4.162924820605496019e-03
4.156477127337275708e-03
4.150039420497530357e-03
4.143611684618900802e-03
4.137193904257982675e-03
4.130786063995291711e-03
4.124388148435225582e-03
4.118000142206026601e-03
4.111622029959747029e-03
4.105253796372208309e-03
4.098895426142972441e-03
4.092546903995290808e-03
4.086208214676082494e-03
4.079879342955888312e-03
4.073560273628841315e-03
4.067250991512618222e-03
4.060951481448419470e-03
4.054661728300915438e-03
4.048381716958226496e-03
4.042111432331873568e-03
4.035850859356750371e-03
4.029599982991083525e-03
4.023358788216395247e-03
4.017127260037471267e-03
4.010905383482322659e-03
4.004693143602145074e-03
3.998490525471293591e-03
3.992297514187237613e-03
3.986114094870528771e-03
3.979940252664765366e-03
3.973775972736553336e-03
3.967621240275475032e-03
3.961476040494055391e-03
3.955340358627714228e-03
3.949214179934746292e-03
3.943097489696278761e-03
3.936990273216231344e-03
3.930892515821290262e-03
3.924804202860864878e-03
3.918725319707059944e-03
3.912655851754632229e-03
3.906595784420963634e-03
3.900545103146018256e-03
3.894503793392314634e-03
3.888471840644885415e-03
3.882449230411246562e-03
3.876435948221358761e-03
3.870431979627596188e-03
3.864437310204707487e-03
3.858451925549787141e-03
3.852475811282235138e-03
3.846508953043725320e-03
3.840551336498169380e-03
3.834602947331685642e-03
3.828663771252560025e-03
3.822733793991214823e-03
3.816813001300175742e-03
3.810901378954030701e-03
3.804998912749404678e-03
3.799105588504920680e-03
3.793221392061164616e-03
3.787346309280655802e-03
3.781480326047807067e-03
3.775623428268896995e-03
3.769775601872031763e-03
3.763936832807111745e-03
3.758107107045800289e-03
3.752286410581488155e-03
3.746474729429258820e-03
3.740672049625857684e-03
3.734878357229655214e-03
3.729093638320617882e-03
3.723317879000270000e-03
3.717551065391662933e-03
3.711793183639341270e-03
3.706044219909309864e-03
3.700304160388998703e-03
3.694572991287232988e-03
3.688850698834198003e-03
3.683137269281404856e-03
3.677432688901660553e-03
3.671736943989032873e-03
3.666050020858817402e-03
3.660371905847505016e-03
3.654702585312750215e-03
3.649042045633336430e-03
3.643390273209143933e-03
3.637747254461118612e-03
3.632112975831236837e-03
3.626487423782475111e-03
3.620870584798775802e-03
3.615262445385015923e-03
3.609662992066973736e-03
3.604072211391299262e-03
3.598490089925476549e-03
3.592916614257795488e-03
3.587351770997319715e-03
3.581795546773851920e-03
3.576247928237902621e-03
3.570708902060661105e-03
3.565178454933957269e-03
3.559656573570236029e-03
3.554143244702522193e-03
3.548638455084387935e-03
3.543142191489922436e-03
3.537654440713699795e-03
3.532175189570748233e-03
3.526704424896514537e-03
3.521242133546838467e-03
3.515788302397916763e-03
3.510342918346270619e-03
3.504905968308720532e-03
3.499477439222348565e-03
3.494057318044467998e-03
3.488645591752595563e-03
3.483242247344415891e-03
3.477847271837752885e-03
3.472460652270537625e-03
3.467082375700776715e-03
3.461712429206523656e-03
3.456350799885844153e-03
3.450997474856787491e-03
3.445652441257354443e-03
3.440315686245469518e-03
3.434987196998943657e-03
3.429666960715449953e-03
3.424354964612489390e-03
3.419051195927361782e-03
3.413755641917132384e-03
3.408468289858605435e-03
3.403189127048290765e-03
3.397918140802371704e-03
3.392655318456680794e-03
3.387400647366661192e-03
3.382154114907344120e-03
3.376915708473311999e-03
3.371685415478672000e-03
3.366463223357025244e-03
3.361249119561436020e-03
3.356043091564400987e-03
3.350845126857820554e-03
3.345655212952968090e-03
3.340473337380460862e-03
3.335299487690227081e-03
3.330133651451480745e-03
3.324975816252686515e-03
3.319825969701534121e-03
3.314684099424906709e-03
3.309550193068852217e-03
3.304424238298550847e-03
3.299306222798288613e-03
3.294196134271426980e-03
3.289093960440372510e-03
3.283999689046546936e-03
3.278913307850359841e-03
3.273834804631177865e-03
3.268764167187293915e-03
3.263701383335902012e-03
3.258646440913063030e-03
3.253599327773678239e-03
3.248560031791460686e-03
3.243528540858904401e-03
3.238504842887255774e-03
3.233488925806485802e-03
3.228480777565258426e-03
3.223480386130904516e-03
3.218487739489390639e-03
3.213502825645292178e-03
3.208525632621762533e-03
3.203556148460504505e-03
3.198594361221745574e-03
3.193640258984202767e-03
3.188693829845059245e-03
3.183755061919931340e-03
3.178823942421469748e-03
3.173900460360489645e-03
3.168984603973762186e-03
3.164076362826893137e-03
3.159175723385981502e-03
3.154282674205518677e-03
3.149397203562200476e-03
3.144519299718099431e-03
3.139648950953471442e-03
3.134786145566728459e-03
3.129930871874403355e-03
3.125083118210096513e-03
3.120242872927664248e-03
3.115410124397857781e-03
3.110584861009295550e-03
3.105767071168703472e-03
3.100956743300767923e-03
3.096153865848106247e-03
3.091358427271237268e-03
3.086570416048552232e-03
3.081789820676286186e-03
3.077016629668493253e-03
3.072250831557015848e-03
3.067492414891459518e-03
3.062741368239166057e-03
3.057997680185181848e-03
3.053261339332236177e-03
3.048532334300708274e-03
3.043810653728603027e-03
3.039096286271524092e-03
3.034389220602645276e-03
3.029689445412683639e-03
3.024996949409872616e-03
3.020311721319936422e-03
3.015633749886057965e-03
3.010963023868857159e-03
3.006299532046362733e-03
3.001643263213982313e-03
2.996994206184479866e-03
2.992352349787944042e-03
2.987717682871766055e-03
2.983090194300610197e-03
2.978469872956386079e-03
2.973856707738225646e-03
2.969250687562453254e-03
2.964651801362559649e-03
2.960060038089176379e-03
2.955475386710048474e-03
2.950897836210008857e-03
2.946327375590949288e-03
2.941763993871798679e-03
2.937207680088490570e-03
2.932658423293942312e-03
2.928116212558027308e-03
2.923581036967544226e-03
2.919052885626197916e-03
2.914531747654568617e-03
2.910017612190087238e-03
2.905510468387008903e-03
2.901010305416387800e-03
2.896517112466048989e-03
2.892030878740564116e-03
2.887551593461226262e-03
2.883079245866022183e-03
2.878613825209607163e-03
2.874155320763280719e-03
2.869703721814956688e-03
2.865259017669142400e-03
2.860821197646909193e-03
2.856390251085871163e-03
2.851966167340152201e-03
2.847548935780369952e-03
2.843138545793601115e-03
2.838734986783361929e-03
2.834338248169581721e-03
2.829948319388574714e-03
2.825565189893017911e-03
2.821188849151922903e-03
2.816819286650615057e-03
2.812456491890701418e-03
2.808100454390052500e-03
2.803751163682771923e-03
2.799408609319174734e-03
2.795072780865759648e-03
2.790743667905186062e-03
2.786421260036246739e-03
2.782105546873846983e-03
2.777796518048974289e-03
2.773494163208677088e-03
2.769198472016038293e-03
2.764909434150151883e-03
2.760627039306097312e-03
2.756351277194913491e-03
2.752082137543576234e-03
2.747819610094972675e-03
2.743563684607875676e-03
2.739314350856921279e-03
2.735071598632580949e-03
2.730835417741142492e-03
2.726605798004678397e-03
2.722382729261027621e-03
2.718166201363767832e-03
2.713956204182191561e-03
2.709752727601282343e-03
2.705555761521690437e-03
2.701365295859708537e-03
2.697181320547247050e-03
2.693003825531809382e-03
2.688832800776471115e-03
2.684668236259850089e-03
2.680510121976089049e-03
2.676358447934824424e-03
2.672213204161169413e-03
2.668074380695685793e-03
2.663941967594359202e-03
2.659815954928579189e-03
2.655696332785111892e-03
2.651583091266078353e-03
2.647476220488928066e-03
2.643375710586418157e-03
2.639281551706589100e-03
2.635193734012740430e-03
2.631112247683405157e-03
2.627037082912330682e-03
2.622968229908451045e-03
2.618905678895864803e-03
2.614849420113813348e-03
2.610799443816655321e-03
2.606755740273843189e-03
2.602718299769900268e-03
2.598687112604399895e-03
2.594662169091935949e-03
2.590643459562106364e-03
2.586630974359486676e-03
2.582624703843606172e-03
2.578624638388925337e-03
2.574630768384814170e-03
2.570643084235527467e-03
2.566661576360182266e-03
2.562686235192735296e-03
2.558717051181958694e-03
2.554754014791419184e-03
2.550797116499451626e-03
2.546846346799141233e-03
2.542901696198296251e-03
2.538963155219426272e-03
2.535030714399720553e-03
2.531104364291025897e-03
2.527184095459821499e-03
2.523269898487196829e-03
2.519361763968831682e-03
2.515459682514970159e-03
2.511563644750400715e-03
2.507673641314430574e-03
2.503789662860867078e-03
2.499911700057991671e-03
2.496039743588542113e-03
2.492173784149683425e-03
2.488313812452990544e-03
2.484459819224425770e-03
2.480611795204314043e-03
2.476769731147323000e-03
2.472933617822438684e-03
2.469103446012945163e-03
2.465279206516402411e-03
2.461460890144621591e-03
2.457648487723646837e-03
2.453841990093730101e-03
2.450041388109310773e-03
2.446246672638992693e-03
2.442457834565523768e-03
2.438674864785772122e-03
2.434897754210705277e-03
2.431126493765368470e-03
2.427361074388862099e-03
2.423601487034321347e-03
2.419847722668892320e-03
2.416099772273712538e-03
2.412357626843887951e-03
2.408621277388472114e-03
2.404890714930441910e-03
2.401165930506681499e-03
2.397446915167954998e-03
2.393733659978888699e-03
2.390026156017947215e-03
2.386324394377414403e-03
2.382628366163369073e-03
2.378938062495667208e-03
2.375253474507917680e-03
2.371574593347462734e-03
2.367901410175354132e-03
2.364233916166335811e-03
2.360572102508818725e-03
2.356915960404863068e-03
2.353265481070154850e-03
2.349620655733986388e-03
2.345981475639233316e-03
2.342347932042335070e-03
2.338720016213272773e-03
2.335097719435551451e-03
2.331481033006172279e-03
2.327869948235620438e-03
2.324264456447836923e-03
2.320664548980201202e-03
2.317070217183509525e-03
2.313481452421955412e-03
2.309898246073107102e-03
2.306320589527887169e-03
2.302748474190553004e-03
2.299181891478674702e-03
2.295620832823115545e-03
2.292065289668011614e-03
2.288515253470748811e-03
2.284970715701946809e-03
2.281431667845433466e-03
2.277898101398228344e-03
2.274370007870519725e-03
2.270847378785645528e-03
2.267330205680073794e-03
2.263818480103380135e-03
2.260312193618227352e-03
2.256811337800348517e-03
2.253315904238523126e-03
2.249825884534558448e-03
2.246341270303270441e-03
2.242862053172460339e-03
2.239388224782897733e-03
2.235919776788300190e-03
2.232456700855309402e-03
2.228998988663477305e-03
2.225546631905241362e-03
2.222099622285905480e-03
2.218657951523622229e-03
2.215221611349369856e-03
2.211790593506935809e-03
2.208364889752893311e-03
2.204944491856583588e-03
2.201529391600097214e-03
2.198119580778250693e-03
2.194715051198571718e-03
2.191315794681274881e-03
2.187921803059244327e-03
2.184533068178013803e-03
2.181149581895746713e-03
2.177771336083218334e-03
2.174398322623792394e-03
2.171030533413405468e-03
2.167667960360546153e-03
2.164310595386235124e-03
2.160958430424005615e-03
2.157611457419885206e-03
2.154269668332375008e-03
2.150933055132431878e-03
2.147601609803448906e-03
2.144275324341233298e-03
2.140954190753992063e-03
2.137638201062308160e-03
2.134327347299124454e-03
2.131021621509724632e-03
2.127721015751709785e-03
2.124425522094985398e-03
2.121135132621737498e-03
2.117849839426416605e-03
2.114569634615717786e-03
2.111294510308561138e-03
2.108024458636072272e-03
2.104759471741566700e-03
2.101499541780525986e-03
2.098244660920583430e-03
2.094994821341503687e-03
2.091750015235161950e-03
2.088510234805527905e-03
2.085275472268647082e-03
2.082045719852619169e-03
2.078820969797581970e-03
2.075601214355692319e-03
2.072386445791107434e-03
2.069176656379964965e-03
2.065971838410366954e-03
2.062771984182359877e-03
2.059577086007913834e-03
2.056387136210909104e-03
2.053202127127114023e-03
2.050022051104168509e-03
2.046846900501562809e-03
2.043676667690623189e-03
2.040511345054488949e-03
2.037350924988099842e-03
2.034195399898172229e-03
2.031044762203183460e-03
2.027899004333354963e-03
2.024758118730630562e-03
2.021622097848662161e-03
2.018490934152788064e-03
2.015364620120017793e-03
2.012243148239012142e-03
2.009126511010064526e-03
2.006014700945087104e-03
2.002907710567588661e-03
1.999805532412655094e-03
1.996708159026938136e-03
1.993615582968633233e-03
1.990527796807459171e-03
1.987444793124644622e-03
1.984366564512909069e-03
1.981293103576444586e-03
1.978224402930896762e-03
1.975160455203351251e-03
1.972101253032309490e-03
1.969046789067677855e-03
1.965997055970744676e-03
1.962952046414166360e-03
1.959911753081947441e-03
1.956876168669422801e-03
1.953845285883242921e-03
1.950819097441353067e-03
1.947797596072978112e-03
1.944780774518603669e-03
1.941768625529958960e-03
1.938761141870000123e-03
1.935758316312891775e-03
1.932760141643990537e-03
1.929766610659827469e-03
1.926777716168090720e-03
1.923793450987607099e-03
1.920813807948327546e-03
1.917838779891306317e-03
1.914868359668687970e-03
1.911902540143685901e-03
1.908941314190568247e-03
1.905984674694639457e-03
1.903032614552223594e-03
1.900085126670647637e-03
1.897142203968222402e-03
1.894203839374229096e-03
1.891270025828899149e-03
1.888340756283398173e-03
1.885416023699810345e-03
1.882495821051119542e-03
1.879580141321193949e-03
1.876668977504767624e-03
1.873762322607425970e-03
1.870860169645586655e-03
1.867962511646484216e-03
1.865069341648152492e-03
1.862180652699408365e-03
1.859296437859835494e-03
1.856416690199766536e-03
1.853541402800267532e-03
1.850670568753119910e-03
1.847804181160806174e-03
1.844942233136490821e-03
1.842084717804005163e-03
1.839231628297831496e-03
1.836382957763084238e-03
1.833538699355495615e-03
1.830698846241399398e-03
1.827863391597711606e-03
1.825032328611918362e-03
1.822205650482054858e-03
1.819383350416693646e-03
1.816565421634924911e-03
1.813751857366341499e-03
1.810942650851022446e-03
1.808137795339517144e-03
1.805337284092828863e-03
1.802541110382397619e-03
1.799749267490086081e-03
1.796961748708161138e-03
1.794178547339279808e-03
1.791399656696471233e-03
1.788625070103122810e-03
1.785854780892961102e-03
1.783088782410039916e-03
1.780327068008720351e-03
1.777569631053656923e-03
1.774816464919781733e-03
1.772067562992287121e-03
1.769322918666611571e-03
1.766582525348422581e-03
1.763846376453601051e-03
1.761114465408226103e-03
1.758386785648557733e-03
1.755663330621023803e-03
1.752944093782200959e-03
1.750229068598801400e-03
1.747518248547655969e-03
1.744811627115699188e-03
1.742109197799952998e-03
1.739410954107511141e-03
1.736716889555524205e-03
1.734026997671184005e-03
1.731341271991707108e-03
1.728659706064320086e-03
1.725982293446243687e-03
1.723309027704677436e-03
1.720639902416784463e-03
1.717974911169675885e-03
1.715314047560394543e-03
1.712657305195901996e-03
1.710004677693059650e-03
1.707356158678617272e-03
1.704711741789194119e-03
1.702071420671266580e-03
1.699435188981150615e-03
1.696803040384987655e-03
1.694174968558729861e-03
1.691550967188123859e-03
1.688931029968695780e-03
1.686315150605737379e-03
1.683703322814288908e-03
1.681095540319124801e-03
1.678491796854740016e-03
1.675892086165332905e-03
1.673296402004790899e-03
1.670704738136676200e-03
1.668117088334209732e-03
1.665533446380256834e-03
1.662953806067312724e-03
1.660378161197486246e-03
1.657806505582486200e-03
1.655238833043605516e-03
1.652675137411708031e-03
1.650115412527211568e-03
1.647559652240074279e-03
1.645007850409780335e-03
1.642460000905323660e-03
1.639916097605195137e-03
1.637376134397365698e-03
1.634840105179273962e-03
1.632308003857809754e-03
1.629779824349300230e-03
1.627255560579495127e-03
1.624735206483552677e-03
1.622218756006023549e-03
1.619706203100838501e-03
1.617197541731291675e-03
1.614692765870027807e-03
1.612191869499027264e-03
1.609694846609589780e-03
1.607201691202323835e-03
1.604712397287128001e-03
1.602226958883179453e-03
1.599745370018918790e-03
1.597267624732035289e-03
1.594793717069453026e-03
1.592323641087316135e-03
1.589857390850975358e-03
1.587394960434973306e-03
1.584936343923028625e-03
1.582481535408025372e-03
1.580030528991995236e-03
1.577583318786106477e-03
1.575139898910646579e-03
1.572700263495010759e-03
1.570264406677685919e-03
1.567832322606238504e-03
1.565404005437298889e-03
1.562979449336547935e-03
1.560558648478703328e-03
1.558141597047504401e-03
1.555728289235699122e-03
1.553318719245031084e-03
1.550912881286222378e-03
1.548510769578963827e-03
1.546112378351897432e-03
1.543717701842605089e-03
1.541326734297592980e-03
1.538939469972279645e-03
1.536555903130979285e-03
1.534176028046891575e-03
1.531799839002085176e-03
1.529427330287484298e-03
1.527058496202856989e-03
1.524693331056799304e-03
1.522331829166721859e-03
1.519973984858837479e-03
1.517619792468146659e-03
1.515269246338423479e-03
1.512922340822203237e-03
1.510579070280767926e-03
1.508239429084133002e-03
1.505903411611033728e-03
1.503571012248912158e-03
1.501242225393903049e-03
1.498917045450820626e-03
1.496595466833145361e-03
1.494277483963009877e-03
1.491963091271185935e-03
1.489652283197072293e-03
1.487345054188678878e-03
1.485041398702615506e-03
1.482741311204077142e-03
1.480444786166832402e-03
1.478151818073207514e-03
1.475862401414076335e-03
1.473576530688843877e-03
1.471294200405436113e-03
1.469015405080284151e-03
1.466740139238313168e-03
1.464468397412927673e-03
1.462200174145999792e-03
1.459935463987854527e-03
1.457674261497258041e-03
1.455416561241404437e-03
1.453162357795901661e-03
1.450911645744759788e-03
1.448664419680376070e-03
1.446420674203525167e-03
1.444180403923342893e-03
1.441943603457315369e-03
1.439710267431264495e-03
1.437480390479336893e-03
1.435253967243989379e-03
1.433030992375976817e-03
1.430811460534339328e-03
1.428595366386389495e-03
1.426382704607698920e-03
1.424173469882086080e-03
1.421967656901603535e-03
1.419765260366524480e-03
1.417566274985331259e-03
1.415370695474701046e-03
1.413178516559495225e-03
1.410989732972743995e-03
1.408804339455636172e-03
1.406622330757505753e-03
1.404443701635818900e-03
1.402268446856161366e-03
1.400096561192226132e-03
1.397928039425801921e-03
1.395762876346758443e-03
1.393601066753035345e-03
1.391442605450629198e-03
1.389287487253582001e-03
1.387135706983967523e-03
1.384987259471879379e-03
1.382842139555417581e-03
1.380700342080679217e-03
1.378561861901741971e-03
1.376426693880654578e-03
1.374294832887422739e-03
1.372166273799999350e-03
1.370041011504268685e-03
1.367919040894037281e-03
1.365800356871020062e-03
1.363684954344827763e-03
1.361572828232955655e-03
1.359463973460771618e-03
1.357358384961502261e-03
1.355256057676222734e-03
1.353156986553842199e-03
1.351061166551095370e-03
1.348968592632526255e-03
1.346879259770478827e-03
1.344793162945083801e-03
1.342710297144246705e-03
1.340630657363636822e-03
1.338554238606672660e-03
1.336481035884513934e-03
1.334411044216045296e-03
1.332344258627867015e-03
1.330280674154282619e-03
1.328220285837286314e-03
1.326163088726551491e-03
1.324109077879419239e-03
1.322058248360885330e-03
1.320010595243589595e-03
1.317966113607803129e-03
1.315924798541417235e-03
1.313886645139930847e-03
1.311851648506440118e-03
1.309819803751624111e-03
1.307791105993736346e-03
1.305765550358590696e-03
1.303743131979549687e-03
1.301723845997514737e-03
1.299707687560911623e-03
1.297694651825682466e-03
1.295684733955270113e-03
1.293677929120609464e-03
1.291674232500114464e-03
1.289673639279667909e-03
1.287676144652607352e-03
1.285681743819715780e-03
1.283690431989209469e-03
1.281702204376726495e-03
1.279717056205314802e-03
1.277734982705421365e-03
1.275755979114880046e-03
1.273780040678900534e-03
1.271807162650058151e-03
1.269837340288279331e-03
1.267870568860832940e-03
1.265906843642318784e-03
1.263946159914654168e-03
1.261988512967065221e-03
1.260033898096073234e-03
1.258082310605485336e-03
1.256133745806381702e-03
1.254188199017105144e-03
1.252245665563249183e-03
1.250306140777647426e-03
1.248369620000362723e-03
1.246436098578674809e-03
1.244505571867069891e-03
1.242578035227228945e-03
1.240653484028018168e-03
1.238731913645474674e-03
1.236813319462799331e-03
1.234897696870342456e-03
1.232985041265594267e-03
1.231075348053173616e-03
1.229168612644816706e-03
1.227264830459366685e-03
1.225363996922761069e-03
1.223466107468023289e-03
1.221571157535249023e-03
1.219679142571597312e-03
1.217790058031278412e-03
1.215903899375543390e-03
1.214020662072673278e-03
1.212140341597967583e-03
1.210262933433734096e-03
1.208388433069277615e-03
1.206516836000889967e-03
1.204648137731837440e-03
1.202782333772351451e-03
1.200919419639618138e-03
1.199059390857765139e-03
1.197202242957853780e-03
1.195347971477866934e-03
1.193496571962697527e-03
1.191648039964140083e-03
1.189802371040877714e-03
1.187959560758472142e-03
1.186119604689354597e-03
1.184282498412812584e-03
1.182448237514980996e-03
1.180616817588831489e-03
1.178788234234160771e-03
1.176962483057581495e-03
1.175139559672510768e-03
1.173319459699159089e-03
1.171502178764521679e-03
1.169687712502365685e-03
1.167876056553221508e-03
1.166067206564372393e-03
1.164261158189841419e-03
1.162457907090384129e-03
1.160657448933476599e-03
1.158859779393305468e-03
1.157064894150756874e-03
1.155272788893406703e-03
1.153483459315510608e-03
1.151696901117992737e-03
1.149913110008435107e-03
1.148132081701069363e-03
1.146353811916764201e-03
1.144578296383016482e-03
1.142805530833939948e-03
1.141035511010255908e-03
1.139268232659282603e-03
1.137503691534924588e-03
1.135741883397663188e-03
1.133982804014546306e-03
1.132226449159177799e-03
1.130472814611707287e-03
1.128721896158820393e-03
1.126973689593729205e-03
1.125228190716159914e-03
1.123485395332345657e-03
1.121745299255013945e-03
1.120007898303378852e-03
1.118273188303128872e-03
1.116541165086418035e-03
1.114811824491855922e-03
1.113085162364497484e-03
1.111361174555832408e-03
1.109639856923776884e-03
1.107921205332661023e-03
1.106205215653221271e-03
1.104491883762590216e-03
1.102781205544284878e-03
1.101073176888198689e-03
1.099367793690591080e-03
1.097665051854076861e-03
1.095964947287617758e-03
1.094267475906512011e-03
1.092572633632383095e-03
1.090880416393172564e-03
1.089190820123128560e-03
1.087503840762795836e-03
1.085819474259007520e-03
1.084137716564873618e-03
1.082458563639772560e-03
1.080782011449341008e-03
1.079108055965463881e-03
1.077436693166265464e-03
1.075767919036099002e-03
1.074101729565537372e-03
1.072438120751363112e-03
1.070777088596560180e-03
1.069118629110301592e-03
1.067462738307942485e-03
1.065809412211009711e-03
1.064158646847192073e-03
1.062510438250330140e-03
1.060864782460408003e-03
1.059221675523543517e-03
1.057581113491977464e-03
1.055943092424065739e-03
1.054307608384269165e-03
1.052674657443143950e-03
1.051044235677332794e-03
1.049416339169554051e-03
1.047790964008593921e-03
1.046168106289296689e-03
1.044547762112554758e-03
1.042929927585299751e-03
1.041314598820492973e-03
1.039701771937115871e-03
1.038091443060161359e-03
1.036483608320623844e-03
1.034878263855490551e-03
1.033275405807731117e-03
1.031675030326290217e-03
1.030077133566076070e-03
1.028481711687953071e-03
1.026888760858730943e-03
1.025298277251158238e-03
1.023710257043908669e-03
1.022124696421576997e-03
1.020541591574666016e-03
1.018960938699578966e-03
1.017382733998610208e-03
1.015806973679937416e-03
1.014233653957609220e-03
1.012662771051539134e-03
1.011094321187495796e-03
1.009528300597092127e-03
1.007964705517779046e-03
1.006403532192834622e-03
1.004844776871355186e-03
1.003288435808246662e-03
1.001734505264215884e-03
1.000182981505760849e-03
9.986338608051624662e-04
9.970871394404752421e-04
9.955428136955179509e-04
9.940008798598656131e-04
9.924613342288397377e-04
9.909241731034998651e-04
9.893893927906351107e-04
9.878569896027535394e-04
9.863269598580758774e-04
9.847992998805251037e-04
9.832740059997164758e-04
9.817510745509521082e-04
9.802305018752088296e-04
9.787122843191308104e-04
9.771964182350208888e-04
9.756828999808318977e-04
9.741717259201573397e-04
9.726628924222226061e-04
9.711563958618769530e-04
9.696522326195842860e-04
9.681503990814144863e-04
9.666508916390351711e-04
9.651537066897022607e-04
9.636588406362518473e-04
9.621662898870917378e-04
9.606760508561920219e-04
9.591881199630774820e-04
9.577024936328181609e-04
9.562191682960210137e-04
9.547381403888217759e-04
9.532594063528757478e-04
9.517829626353497717e-04
9.503088056889127987e-04
9.488369319717291674e-04
9.473673379474476528e-04
9.459000200851950700e-04
9.444349748595669497e-04
9.429721987506186481e-04
9.415116882438578656e-04
9.400534398302351057e-04
9.385974500061366283e-04
9.371437152733745829e-04
9.356922321391790941e-04
9.342429971161907805e-04
9.327960067224508886e-04
9.313512574813941373e-04
9.299087459218393931e-04
9.284684685779825150e-04
9.270304219893863796e-04
9.255946027009743756e-04
9.241610072630210802e-04
9.227296322311435853e-04
9.213004741662943415e-04
9.198735296347521594e-04
9.184487952081140782e-04
9.170262674632873425e-04
9.156059429824806202e-04
9.141878183531967385e-04
9.127718901682232511e-04
9.113581550256254996e-04
9.099466095287377229e-04
9.085372502861548171e-04
9.071300739117247464e-04
9.057250770245398692e-04
9.043222562489290238e-04
9.029216082144493963e-04
9.015231295558786065e-04
9.001268169132062508e-04
8.987326669316263129e-04
8.973406762615284901e-04
8.959508415584906040e-04
8.945631594832705773e-04
8.931776267017980855e-04
8.917942398851669674e-04
8.904129957096264432e-04
8.890338908565746092e-04
8.876569220125487885e-04
8.862820858692184835e-04
8.849093791233775697e-04
8.835387984769356223e-04
8.821703406369105433e-04
8.808040023154205386e-04
8.794397802296766370e-04
8.780776711019735829e-04
8.767176716596833310e-04
8.753597786352464811e-04
8.740039887661642552e-04
8.726502987949915583e-04
8.712987054693279798e-04
8.699492055418110714e-04
8.686017957701072396e-04
8.672564729169054574e-04
8.659132337499085910e-04
8.645720750418255931e-04
8.632329935703643474e-04
8.618959861182231034e-04
8.605610494730834290e-04
8.592281804276020790e-04
8.578973757794040563e-04
8.565686323310732877e-04
8.552419468901469859e-04
8.539173162691063258e-04
8.525947372853696134e-04
8.512742067612848055e-04
8.499557215241208353e-04
8.486392784060612163e-04
8.473248742441955852e-04
8.460125058805126547e-04
8.447021701618922986e-04
8.433938639400979627e-04
8.420875840717694004e-04
8.407833274184146497e-04
8.394810908464030944e-04
8.381808712269571155e-04
8.368826654361455862e-04
8.355864703548757403e-04
8.342922828688854745e-04
8.330000998687363007e-04
8.317099182498057571e-04
8.304217349122802521e-04
8.291355467611467162e-04
8.278513507061862047e-04
8.265691436619659839e-04
8.252889225478319407e-04
8.240106842879013193e-04
8.227344258110559985e-04
8.214601440509338185e-04
8.201878359459224008e-04
8.189174984391509081e-04
8.176491284784833226e-04
8.163827230165109647e-04
8.151182790105447953e-04
8.138557934226088022e-04
8.125952632194320853e-04
8.113366853724417009e-04
8.100800568577558314e-04
8.088253746561754366e-04
8.075726357531786163e-04
8.063218371389118278e-04
8.050729758081835979e-04
8.038260487604570416e-04
8.025810529998424897e-04
8.013379855350903332e-04
8.000968433795840841e-04
7.988576235513330029e-04
7.976203230729648347e-04
7.963849389717190868e-04
7.951514682794393312e-04
7.939199080325662653e-04
7.926902552721310988e-04
7.914625070437472047e-04
7.902366603976049156e-04
7.890127123884626333e-04
7.877906600756402148e-04
7.865705005230125757e-04
7.853522307990024260e-04
7.841358479765725724e-04
7.829213491332195213e-04
7.817087313509661064e-04
7.804979917163548751e-04
7.792891273204404987e-04
7.780821352587837013e-04
7.768770126314430199e-04
7.756737565429690576e-04
7.744723641023967863e-04
7.732728324232387160e-04
7.720751586234783897e-04
7.708793398255626853e-04
7.696853731563957444e-04
7.684932557473314911e-04
7.673029847341668016e-04
7.661145572571349989e-04
7.649279704608983720e-04
7.637432214945418874e-04
7.625603075115664669e-04
7.613792256698808563e-04
7.601999731317966380e-04
7.590225470640202081e-04
7.578469446376460538e-04
7.566731630281506825e-04
7.555011994153844898e-04
7.543310509835669895e-04
7.531627149212775972e-04
7.519961884214511859e-04
7.508314686813698452e-04
7.496685529026565938e-04
7.485074382912690902e-04
7.473481220574919358e-04
7.461906014159309279e-04
7.450348735855055792e-04
7.438809357894435878e-04
7.427287852552728149e-04
7.415784192148154293e-04
7.404298349041809691e-04
7.392830295637598361e-04
7.381380004382164656e-04
7.369947447764833631e-04
7.358532598317534066e-04
7.347135428614741002e-04
7.335755911273408522e-04
7.324394018952897108e-04
7.313049724354919430e-04
7.301723000223468794e-04
7.290413819344748660e-04
7.279122154547115189e-04
7.267847978701010014e-04
7.256591264718890858e-04
7.245351985555174065e-04
7.234130114206161963e-04
7.222925623709981063e-04
7.211738487146519177e-04
7.200568677637358191e-04
7.189416168345709023e-04
7.178280932476349815e-04
7.167162943275560884e-04
7.156062174031057503e-04
7.144978598071930267e-04
7.133912188768577875e-04
7.122862919532644242e-04
7.111830763816952370e-04
7.100815695115442541e-04
7.089817686963113775e-04
7.078836712935949018e-04
7.067872746650858762e-04
7.056925761765620335e-04
7.045995731978807420e-04
7.035082631029731517e-04
7.024186432698374715e-04
7.013307110805336569e-04
7.002444639211758207e-04
6.991598991819267033e-04
6.980770142569913848e-04
6.969958065446106707e-04
6.959162734470554544e-04
6.948384123706196703e-04
6.937622207256145465e-04
6.926876959263626428e-04
6.916148353911910195e-04
6.905436365424253830e-04
6.894740968063840141e-04
6.884062136133712630e-04
6.873399843976710439e-04
6.862754065975420646e-04
6.852124776552101287e-04
6.841511950168630398e-04
6.830915561326434456e-04
6.820335584566436342e-04
6.809771994468995704e-04
6.799224765653834150e-04
6.788693872779987546e-04
6.778179290545744209e-04
6.767680993688574443e-04
6.757198956985081741e-04
6.746733155250929067e-04
6.736283563340794396e-04
6.725850156148295914e-04
6.715432908605939964e-04
6.705031795685058174e-04
6.694646792395746735e-04
6.684277873786806769e-04
6.673925014945686872e-04
6.663588190998418056e-04
6.653267377109560628e-04
6.642962548482136964e-04
6.632673680357580558e-04
6.622400748015666626e-04
6.612143726774463324e-04
6.601902591990264522e-04
6.591677319057532344e-04
6.581467883408838619e-04
6.571274260514807421e-04
6.561096425884057606e-04
6.550934355063134503e-04
6.540788023636463300e-04
6.530657407226282902e-04
6.520542481492589554e-04
6.510443222133078297e-04
6.500359604883085502e-04
6.490291605515525987e-04
6.480239199840844228e-04
6.470202363706946055e-04
6.460181072999144443e-04
6.450175303640107464e-04
6.440185031589786739e-04
6.430210232845376232e-04
6.420250883441240694e-04
6.410306959448865789e-04
6.400378436976800634e-04
6.390465292170594913e-04
6.380567501212745752e-04
6.370685040322640255e-04
6.360817885756499127e-04
6.350966013807314873e-04
6.341129400804801928e-04
6.331308023115334851e-04
6.321501857141891955e-04
6.311710879324001090e-04
6.301935066137678929e-04
6.292174394095380015e-04
6.282428839745936040e-04
6.272698379674499468e-04
6.262982990502491496e-04
6.253282648887539168e-04
6.243597331523424417e-04
6.233927015140028772e-04
6.224271676503273726e-04
6.214631292415065443e-04
6.205005839713242715e-04
6.195395295271518415e-04
6.185799635999419867e-04
6.176218838842243309e-04
6.166652880780991008e-04
6.157101738832319220e-04
6.147565390048478559e-04
6.138043811517263039e-04
6.128536980361955861e-04
6.119044873741270874e-04
6.109567468849299438e-04
6.100104742915458391e-04
6.090656673204424996e-04
6.081223237016097904e-04
6.071804411685532109e-04
6.062400174582885815e-04
6.053010503113365149e-04
6.043635374717178620e-04
6.034274766869468813e-04
6.024928657080269026e-04
6.015597022894444718e-04
6.006279841891645809e-04
5.996977091686239453e-04
5.987688749927267762e-04
5.978414794298395757e-04
5.969155202517844152e-04
5.959909952338352489e-04
5.950679021547115172e-04
5.941462387965725086e-04
5.932260029450133485e-04
5.923071923890583850e-04
5.913898049211569613e-04
5.904738383371770181e-04
5.895592904364005404e-04
5.886461590215180282e-04
5.877344418986234003e-04
5.868241368772085737e-04
5.859152417701580422e-04
5.850077543937437811e-04
5.841016725676202595e-04
5.831969941148184775e-04
5.822937168617418457e-04
5.813918386381595723e-04
5.804913572772028678e-04
5.795922706153588738e-04
5.786945764924655670e-04
5.777982727517065554e-04
5.769033572396060905e-04
5.760098278060240802e-04
5.751176823041503428e-04
5.742269185904997275e-04
5.733375345249072360e-04
5.724495279705224928e-04
5.715628967938047580e-04
5.706776388645176147e-04
5.697937520557246321e-04
5.689112342437827518e-04
5.680300833083391440e-04
5.671502971323240513e-04
5.662718736019474279e-04
5.653948106066928681e-04
5.645191060393127272e-04
5.636447577958234598e-04
5.627717637754999815e-04
5.619001218808710070e-04
5.610298300177134125e-04
5.601608860950485491e-04
5.592932880251357377e-04
5.584270337234682573e-04
5.575621211087674906e-04
5.566985481029785871e-04
5.558363126312655840e-04
5.549754126220055516e-04
5.541158460067845820e-04
5.532576107203923677e-04
5.524007047008166723e-04
5.515451258892401865e-04
5.506908722300332638e-04
5.498379416707504510e-04
5.489863321621255010e-04
5.481360416580656264e-04
5.472870681156474879e-04
5.464394094951118821e-04
5.455930637598584284e-04
5.447480288764418831e-04
5.439043028145658506e-04
5.430618835470787725e-04
5.422207690499683975e-04
5.413809573023582039e-04
5.405424462865010028e-04
5.397052339877747096e-04
5.388693183946781156e-04
5.380346974988251419e-04
5.372013692949401771e-04
5.363693317808540658e-04
5.355385829574981459e-04
5.347091208288999109e-04
5.338809434021789995e-04
5.330540486875409061e-04
5.322284346982736206e-04
5.314040994507415565e-04
5.305810409643820814e-04
5.297592572616997711e-04
5.289387463682620723e-04
5.281195063126947493e-04
5.273015351266765712e-04
5.264848308449351921e-04
5.256693915052417301e-04
5.248552151484070808e-04
5.240422998182760628e-04
5.232306435617237314e-04
5.224202444286497405e-04
5.216111004719744398e-04
5.208032097476341044e-04
5.199965703145754048e-04
5.191911802347515042e-04
5.183870375731182640e-04
5.175841403976273042e-04
5.167824867792234021e-04
5.159820747918388538e-04
5.151829025123893548e-04
5.143849680207692289e-04
5.135882693998461163e-04
5.127928047354577204e-04
5.119985721164057365e-04
5.112055696344529245e-04
5.104137953843167121e-04
5.096232474636660506e-04
5.088339239731159936e-04
5.080458230162233609e-04
5.072589426994828345e-04
5.064732811323213214e-04
5.056888364270938335e-04
5.049056066990792587e-04
5.041235900664756998e-04
5.033427846503957031e-04
5.025631885748619221e-04
5.017847999668026719e-04
5.010076169560472676e-04
5.002316376753214704e-04
4.994568602602435844e-04
4.986832828493193608e-04
4.979109035839374446e-04
4.971397206083651458e-04
4.963697320697445367e-04
4.956009361180868135e-04
4.948333309062692611e-04
4.940669145900290727e-04
4.933016853279607481e-04
4.925376412815104556e-04
4.917747806149721287e-04
4.910131014954825877e-04
4.902526020930179614e-04
4.894932805803884832e-04
4.887351351332343708e-04
4.879781639300214357e-04
4.872223651520370710e-04
4.864677369833853731e-04
4.857142776109828588e-04
4.849619852245543451e-04
4.842108580166283962e-04
4.834608941825331487e-04
4.827120919203918667e-04
4.819644494311184422e-04
4.812179649184135464e-04
4.804726365887598588e-04
4.797284626514178394e-04
4.789854413184217708e-04
4.782435708045750422e-04
4.775028493274459753e-04
4.767632751073636499e-04
4.760248463674135672e-04
4.752875613334335840e-04
4.745514182340090340e-04
4.738164153004690410e-04
4.730825507668823455e-04
4.723498228700525876e-04
4.716182298495142961e-04
4.708877699475286596e-04
4.701584414090797322e-04
4.694302424818692292e-04
4.687031714163131116e-04
4.679772264655373041e-04
4.672524058853731949e-04
4.665287079343537874e-04
4.658061308737089837e-04
4.650846729673620067e-04
4.643643324819250631e-04
4.636451076866948988e-04
4.629269968536490034e-04
4.622099982574410571e-04
4.614941101753971360e-04
4.607793308875117542e-04
4.600656586764429856e-04
4.593530918275089939e-04
4.586416286286836420e-04
4.579312673705925344e-04
4.572220063465088431e-04
4.565138438523490250e-04
4.558067781866689729e-04
4.551008076506597331e-04
4.543959305481438189e-04
4.536921451855704945e-04
4.529894498720123054e-04
4.522878429191607417e-04
4.515873226413220638e-04
4.508878873554134537e-04
4.501895353809590031e-04
4.494922650400855939e-04
4.487960746575187778e-04
4.481009625605788193e-04
4.474069270791766295e-04
4.467139665458101346e-04
4.460220792955595049e-04
4.453312636660840111e-04
4.446415179976173073e-04
4.439528406329640168e-04
4.432652299174951772e-04
4.425786841991449349e-04
4.418932018284059361e-04
4.412087811583256954e-04
4.405254205445027467e-04
4.398431183450824148e-04
4.391618729207529123e-04
4.384816826347416531e-04
4.378025458528110245e-04
4.371244609432546461e-04
4.364474262768933588e-04
4.357714402270712129e-04
4.350965011696519445e-04
4.344226074830146930e-04
4.337497575480502065e-04
4.330779497481568839e-04
4.324071824692370353e-04
4.317374540996929779e-04
4.310687630304234049e-04
4.304011076548186140e-04
4.297344863687577437e-04
4.290688975706044898e-04
4.284043396612029317e-04
4.277408110438741173e-04
4.270783101244121052e-04
4.264168353110802247e-04
4.257563850146069552e-04
4.250969576481823491e-04
4.244385516274543448e-04
4.237811653705244848e-04
4.231247972979446082e-04
4.224694458327128395e-04
4.218151094002697940e-04
4.211617864284948371e-04
4.205094753477022352e-04
4.198581745906375786e-04
4.192078825924738772e-04
4.185585977908075502e-04
4.179103186256551724e-04
4.172630435394495177e-04
4.166167709770354386e-04
4.159714993856669391e-04
4.153272272150025667e-04
4.146839529171023769e-04
4.140416749464236501e-04
4.134003917598178023e-04
4.127601018165261561e-04
4.121208035781763631e-04
4.114824955087788803e-04
4.108451760747229586e-04
4.102088437447736066e-04
4.095734969900669291e-04
4.089391342841073077e-04
4.083057541027633355e-04
4.076733549242642931e-04
4.070419352291963539e-04
4.064114935004988979e-04
4.057820282234614220e-04
4.051535378857190400e-04
4.045260209772493930e-04
4.038994759903689630e-04
4.032739014197293326e-04
4.026492957623136609e-04
4.020256575174329977e-04
4.014029851867227053e-04
4.007812772741389351e-04
4.001605322859549409e-04
3.995407487307573932e-04
3.989219251194431803e-04
3.983040599652153428e-04
3.976871517835797666e-04
3.970711990923417680e-04
3.964562004116019733e-04
3.958421542637535545e-04
3.952290591734778378e-04
3.946169136677415393e-04
3.940057162757926992e-04
3.933954655291572663e-04
3.927861599616357374e-04
3.921777981092994161e-04
3.915703785104869983e-04
3.909638997058012110e-04
3.903583602381048004e-04
3.897537586525178215e-04
3.891500934964133018e-04
3.885473633194145844e-04
3.879455666733909913e-04
3.873447021124548965e-04
3.867447681929583100e-04
3.861457634734889754e-04
3.855476865148672254e-04
3.849505358801425122e-04
3.843543101345897215e-04
3.837590078457061909e-04
3.831646275832076439e-04
3.825711679190253712e-04
3.819786274273022733e-04
3.813870046843897705e-04
3.807962982688442794e-04
3.802065067614238516e-04
3.796176287450845417e-04
3.790296628049774261e-04
3.784426075284448077e-04
3.778564615050170180e-04
3.772712233264088389e-04
3.766868915865164130e-04
3.761034648814136111e-04
3.755209418093488887e-04
3.749393209707415991e-04
3.743586009681790119e-04
3.737787804064125730e-04
3.731998578923548682e-04
3.726218320350760459e-04
3.720447014458008348e-04
3.714684647379045876e-04
3.708931205269106238e-04
3.703186674304863269e-04
3.697451040684402715e-04
3.691724290627186990e-04
3.686006410374022117e-04
3.680297386187024108e-04
3.674597204349588616e-04
3.668905851166353520e-04
3.663223312963171286e-04
3.657549576087071016e-04
3.651884626906229175e-04
3.646228451809936525e-04
3.640581037208562884e-04
3.634942369533527857e-04
3.629312435237265055e-04
3.623691220793192279e-04
3.618078712695676829e-04
3.612474897460004599e-04
3.606879761622347556e-04
3.601293291739728498e-04
3.595715474389995039e-04
3.590146296171781658e-04
3.584585743704477717e-04
3.579033803628198728e-04
3.573490462603753286e-04
3.567955707312609457e-04
3.562429524456862256e-04
3.556911900759204912e-04
3.551402822962893089e-04
3.545902277831717241e-04
3.540410252149966833e-04
3.534926732722401066e-04
3.529451706374216353e-04
3.523985159951013792e-04
3.518527080318770432e-04
3.513077454363804043e-04
3.507636268992744377e-04
3.502203511132500648e-04
3.496779167730229543e-04
3.491363225753303786e-04
3.485955672189282859e-04
3.480556494045881021e-04
3.475165678350933154e-04
3.469783212152369287e-04
3.464409082518175561e-04
3.459043276536372547e-04
3.453685781314976217e-04
3.448336583981970833e-04
3.442995671685276427e-04
3.437663031592720609e-04
3.432338650892004955e-04
3.427022516790675737e-04
3.421714616516091396e-04
3.416414937315395434e-04
3.411123466455481183e-04
3.405840191222963610e-04
3.400565098924150046e-04
3.395298176885008746e-04
3.390039412451134734e-04
3.384788792987726493e-04
3.379546305879549102e-04
3.374311938530907677e-04
3.369085678365615379e-04
3.363867512826965774e-04
3.358657429377698137e-04
3.353455415499971429e-04
3.348261458695331230e-04
3.343075546484684259e-04
3.337897666408261516e-04
3.332727806025594422e-04
3.327565952915483385e-04
3.322412094675965266e-04
3.317266218924285739e-04
3.312128313296870555e-04
3.306998365449293560e-04
3.301876363056249590e-04
3.296762293811522485e-04
3.291656145427954735e-04
3.286557905637422540e-04
3.281467562190801658e-04
3.276385102857939761e-04
3.271310515427627700e-04
3.266243787707569148e-04
3.261184907524351871e-04
3.256133862723418993e-04
3.251090641169037017e-04
3.246055230744269797e-04
3.241027619350948731e-04
3.236007794909644564e-04
3.230995745359633783e-04
3.225991458658875846e-04
3.220994922783980115e-04
3.216006125730178750e-04
3.211025055511295269e-04
3.206051700159721777e-04
3.201086047726383189e-04
3.196128086280711753e-04
3.191177803910620484e-04
3.186235188722469553e-04
3.181300228841042440e-04
3.176372912409515027e-04
3.171453227589425246e-04
3.166541162560650310e-04
3.161636705521372556e-04
3.156739844688053430e-04
3.151850568295407463e-04
3.146968864596369204e-04
3.142094721862068825e-04
3.137228128381802845e-04
3.132369072463003236e-04
3.127517542431214651e-04
3.122673526630063523e-04
3.117837013421227710e-04
3.113007991184413184e-04
3.108186448317323131e-04
3.103372373235630845e-04
3.098565754372951541e-04
3.093766580180814705e-04
3.088974839128637534e-04
3.084190519703696202e-04
3.079413610411097131e-04
3.074644099773750426e-04
3.069881976332343855e-04
3.065127228645312491e-04
3.060379845288812694e-04
3.055639814856695542e-04
3.050907125960476479e-04
3.046181767229311460e-04
3.041463727309967678e-04
3.036752994866795375e-04
3.032049558581703988e-04
3.027353407154131796e-04
3.022664529301019891e-04
3.017982913756784538e-04
3.013308549273290612e-04
3.008641424619825570e-04
3.003981528583069644e-04
2.999328849967072526e-04
2.994683377593224094e-04
2.990045100300226227e-04
2.985414006944072198e-04
2.980790086398010363e-04
2.976173327552525719e-04
2.971563719315309555e-04
2.966961250611231801e-04
2.962365910382318800e-04
2.957777687587721327e-04
2.953196571203692907e-04
2.948622550223559450e-04
2.944055613657693238e-04
2.939495750533491236e-04
2.934942949895342568e-04
2.930397200804604665e-04
2.925858492339579410e-04
2.921326813595482240e-04
2.916802153684419380e-04
2.912284501735360734e-04
2.907773846894112237e-04
2.903270178323293636e-04
2.898773485202308666e-04
2.894283756727320119e-04
2.889800982111224363e-04
2.885325150583625321e-04
2.880856251390810077e-04
2.876394273795718519e-04
2.871939207077922195e-04
2.867491040533596668e-04
2.863049763475496580e-04
2.858615365232928000e-04
2.854187835151724578e-04
2.849767162594223145e-04
2.845353336939234986e-04
2.840946347582020358e-04
2.836546183934268435e-04
2.832152835424065862e-04
2.827766291495871281e-04
2.823386541610496355e-04
2.819013575245074327e-04
2.814647381893035081e-04
2.810287951064084546e-04
2.805935272284173251e-04
2.801589335095476269e-04
2.797250129056366654e-04
2.792917643741387249e-04
2.788591868741231174e-04
2.784272793662712010e-04
2.779960408128741571e-04
2.775654701778303341e-04
2.771355664266429708e-04
2.767063285264174857e-04
2.762777554458588749e-04
2.758498461552698691e-04
2.754225996265477353e-04
2.749960148331821079e-04
2.745700907502527125e-04
2.741448263544264924e-04
2.737202206239554942e-04
2.732962725386742665e-04
2.728729810799974194e-04
2.724503452309170776e-04
2.720283639760007655e-04
2.716070363013886428e-04
2.711863611947910651e-04
2.707663376454864696e-04
2.703469646443185559e-04
2.699282411836940641e-04
2.695101662575804429e-04
2.690927388615032482e-04
2.686759579925438119e-04
2.682598226493367478e-04
2.678443318320678380e-04
2.674294845424711594e-04
2.670152797838271324e-04
2.666017165609598102e-04
2.661887938802346559e-04
2.657765107495562123e-04
2.653648661783654990e-04
2.649538591776376276e-04
2.645434887598797414e-04
2.641337539391284137e-04
2.637246537309473706e-04
2.633161871524248893e-04
2.629083532221717376e-04
2.625011509603187351e-04
2.620945793885142588e-04
2.616886375299220754e-04
2.612833244092189013e-04
2.608786390525919636e-04
2.604745804877369396e-04
2.600711477438553011e-04
2.596683398516521995e-04
2.592661558433340813e-04
2.588645947526063023e-04
2.584636556146708512e-04
2.580633374662240180e-04
2.576636393454542263e-04
2.572645602920394848e-04
2.568660993471450025e-04
2.564682555534214536e-04
2.560710279550019964e-04
2.556744155975004297e-04
2.552784175280085909e-04
2.548830327950943504e-04
2.544882604487991719e-04
2.540940995406357813e-04
2.537005491235859445e-04
2.533076082520984069e-04
2.529152759820861292e-04
2.525235513709245521e-04
2.521324334774489406e-04
2.517419213619522694e-04
2.513520140861830545e-04
2.509627107133430768e-04
2.505740103080847793e-04
2.501859119365095873e-04
2.497984146661652517e-04
2.494115175660438976e-04
2.490252197065792594e-04
2.486395201596452715e-04
2.482544179985530868e-04
2.478699122980491791e-04
2.474860021343132290e-04
2.471026865849556848e-04
2.467199647290155935e-04
2.463378356469583786e-04
2.459562984206738884e-04
2.455753521334736855e-04
2.451949958700894204e-04
2.448152287166701756e-04
2.444360497607802967e-04
2.440574580913977120e-04
2.436794527989110868e-04
2.433020329751180882e-04
2.429251977132229189e-04
2.425489461078343114e-04
2.421732772549633052e-04
2.417981902520210784e-04
2.414236841978167523e-04
2.410497581925552502e-04
2.406764113378351830e-04
2.403036427366465454e-04
2.399314514933687372e-04
2.395598367137682591e-04
2.391887975049967075e-04
2.388183329755884702e-04
2.384484422354587476e-04
2.380791243959013304e-04
2.377103785695864040e-04
2.373422038705585969e-04
2.369745994142345952e-04
2.366075643174012999e-04
2.362410976982134145e-04
2.358751986761916286e-04
2.355098663722202600e-04
2.351450999085452761e-04
2.347808984087720982e-04
2.344172609978635417e-04
2.340541868021378102e-04
2.336916749492661373e-04
2.333297245682710251e-04
2.329683347895238857e-04
2.326075047447429813e-04
2.322472335669914999e-04
2.318875203906754139e-04
2.315283643515412030e-04
2.311697645866740388e-04
2.308117202344956158e-04
2.304542304347620646e-04
2.300972943285618376e-04
2.297409110583137576e-04
2.293850797677649033e-04
2.290297996019885225e-04
2.286750697073819990e-04
2.283208892316648472e-04
2.279672573238765974e-04
2.276141731343747632e-04
2.272616358148328358e-04
2.269096445182382509e-04
2.265581983988903289e-04
2.262072966123981606e-04
2.258569383156787641e-04
2.255071226669548622e-04
2.251578488257530662e-04
2.248091159529016266e-04
2.244609232105285895e-04
2.241132697620597909e-04
2.237661547722166343e-04
2.234195774070144101e-04
2.230735368337599374e-04
2.227280322210499106e-04
2.223830627387685956e-04
2.220386275580860406e-04
2.216947258514559893e-04
2.213513567926139833e-04
2.210085195565752211e-04
2.206662133196327688e-04
2.203244372593553648e-04
2.199831905545856310e-04
2.196424723854380125e-04
2.193022819332968805e-04
2.189626183808143637e-04
2.186234809119086951e-04
2.182848687117619620e-04
2.179467809668183718e-04
2.176092168647821099e-04
2.172721755946155516e-04
2.169356563465371201e-04
2.165996583120196608e-04
2.162641806837880556e-04
2.159292226558177322e-04
2.155947834233323606e-04
2.152608621828021719e-04
2.149274581319419260e-04
2.145945704697089325e-04
2.142621983963012892e-04
2.139303411131557406e-04
2.135989978229459706e-04
2.132681677295805418e-04
2.129378500382010533e-04
2.126080439551801884e-04
2.122787486881198447e-04
2.119499634458491823e-04
2.116216874384228353e-04
2.112939198771188513e-04
2.109666599744369298e-04
2.106399069440964436e-04
2.103136600010346499e-04
2.099879183614046844e-04
2.096626812425737179e-04
2.093379478631211409e-04
2.090137174428366115e-04
2.086899892027182396e-04
2.083667623649706352e-04
2.080440361530031196e-04
2.077218097914278281e-04
2.074000825060577852e-04
2.070788535239051974e-04
2.067581220731794201e-04
2.064378873832852499e-04
2.061181486848210004e-04
2.057989052095766588e-04
2.054801561905319617e-04
2.051619008618547956e-04
2.048441384588990557e-04
2.045268682182030471e-04
2.042100893774874513e-04
2.038938011756536730e-04
2.035780028527819430e-04
2.032626936501294207e-04
2.029478728101284863e-04
2.026335395763848165e-04
2.023196931936757312e-04
2.020063329079481332e-04
2.016934579663168822e-04
2.013810676170630059e-04
2.010691611096316667e-04
2.007577376946306715e-04
2.004467966238284381e-04
2.001363371501523427e-04
1.998263585276866591e-04
1.995168600116712038e-04
1.992078408584991678e-04
1.988993003257155169e-04
1.985912376720151489e-04
1.982836521572411048e-04
1.979765430423828065e-04
1.976699095895743496e-04
1.973637510620925787e-04
1.970580667243554342e-04
1.967528558419202173e-04
1.964481176814816116e-04
1.961438515108701922e-04
1.958400565990505013e-04
1.955367322161193674e-04
1.952338776333040898e-04
1.949314921229607577e-04
1.946295749585723800e-04
1.943281254147473131e-04
1.940271427672173911e-04
1.937266262928361905e-04
1.934265752695774044e-04
1.931269889765329175e-04
1.928278666939113161e-04
1.925292077030358814e-04
1.922310112863431265e-04
1.919332767273808718e-04
1.916360033108066997e-04
1.913391903223859763e-04
1.910428370489905233e-04
1.907469427785964762e-04
1.904515068002829567e-04
1.901565284042300394e-04
1.898620068817172073e-04
1.895679415251217792e-04
1.892743316279169583e-04
1.889811764846702604e-04
1.886884753910417244e-04
1.883962276437824764e-04
1.881044325407326421e-04
1.878130893808200458e-04
1.875221974640582862e-04
1.872317560915451914e-04
1.869417645654609754e-04
1.866522221890666935e-04
1.863631282667025887e-04
1.860744821037863298e-04
1.857862830068114396e-04
1.854985302833454786e-04
1.852112232420284458e-04
1.849243611925712881e-04
1.846379434457540028e-04
1.843519693134240385e-04
1.840664381084948043e-04
1.837813491449437721e-04
1.834967017378110680e-04
1.832124952031976011e-04
1.829287288582636002e-04
1.826454020212268253e-04
1.823625140113610760e-04
1.820800641489944574e-04
1.817980517555078078e-04
1.815164761533329910e-04
1.812353366659513515e-04
1.809546326178920609e-04
1.806743633347304104e-04
1.803945281430863472e-04
1.801151263706226853e-04
1.798361573460436963e-04
1.795576203990933203e-04
1.792795148605535397e-04
1.790018400622429698e-04
1.787245953370151239e-04
1.784477800187566786e-04
1.781713934423861186e-04
1.778954349438521105e-04
1.776199038601316324e-04
1.773447995292287542e-04
1.770701212901727674e-04
1.767958684830167485e-04
1.765220404488359056e-04
1.762486365297259792e-04
1.759756560688017786e-04
1.757030984101953927e-04
1.754309628990548893e-04
1.751592488815425532e-04
1.748879557048332867e-04
1.746170827171132005e-04
1.743466292675778788e-04
1.740765947064309429e-04
1.738069783848824516e-04
1.735377796551473297e-04
1.732689978704437682e-04
1.730006323849917881e-04
1.727326825540115871e-04
1.724651477337219940e-04
1.721980272813389517e-04
1.719313205550740257e-04
1.716650269141327780e-04
1.713991457187132494e-04
1.711336763300044144e-04
1.708686181101847174e-04
1.706039704224204465e-04
1.703397326308641886e-04
1.700759041006534740e-04
1.698124841979090148e-04
1.695494722897334305e-04
1.692868677442094596e-04
1.690246699303986041e-04
1.687628782183396927e-04
1.685014919790471738e-04
1.682405105845096783e-04
1.679799334076885562e-04
1.677197598225163588e-04
1.674599892038952664e-04
1.672006209276956791e-04
1.669416543707545901e-04
1.666830889108743394e-04
1.664249239268207159e-04
1.661671587983219278e-04
1.659097929060667051e-04
1.656528256317031341e-04
1.653962563578369226e-04
1.651400844680300719e-04
1.648843093467993316e-04
1.646289303796147092e-04
1.643739469528980330e-04
1.641193584540215702e-04
1.638651642713062108e-04
1.636113637940205185e-04
1.633579564123787526e-04
1.631049415175397292e-04
1.628523185016052493e-04
1.626000867576186894e-04
1.623482456795634831e-04
1.620967946623615770e-04
1.618457331018722373e-04
1.615950603948903695e-04
1.613447759391451906e-04
1.610948791332986565e-04
1.608453693769441883e-04
1.605962460706050732e-04
1.603475086157331092e-04
1.600991564147072224e-04
1.598511888708318413e-04
1.596036053883355952e-04
1.593564053723699051e-04
1.591095882290075470e-04
1.588631533652411340e-04
1.586171001889817881e-04
1.583714281090576226e-04
1.581261365352124406e-04
1.578812248781042988e-04
1.576366925493039083e-04
1.573925389612934687e-04
1.571487635274651236e-04
1.569053656621196050e-04
1.566623447804646615e-04
1.564197002986140279e-04
1.561774316335855554e-04
1.559355382033002083e-04
1.556940194265803298e-04
1.554528747231486113e-04
1.552121035136263042e-04
1.549717052195321351e-04
1.547316792632808153e-04
1.544920250681816045e-04
1.542527420584369278e-04
1.540138296591411023e-04
1.537752872962787917e-04
1.535371143967238414e-04
1.532993103882376786e-04
1.530618746994680116e-04
1.528248067599475830e-04
1.525881060000926518e-04
1.523517718512016109e-04
1.521158037454537404e-04
1.518802011159077980e-04
1.516449633965005826e-04
1.514100900220456875e-04
1.511755804282320366e-04
1.509414340516225831e-04
1.507076503296530363e-04
1.504742287006303428e-04
1.502411686037314405e-04
1.500084694790019028e-04
1.497761307673545564e-04
1.495441519105682345e-04
1.493125323512862047e-04
1.490812715330151663e-04
1.488503689001237048e-04
1.486198238978408558e-04
1.483896359722550477e-04
1.481598045703125298e-04
1.479303291398162607e-04
1.477012091294243093e-04
1.474724439886488248e-04
1.472440331678544646e-04
1.470159761182572285e-04
1.467882722919231582e-04
1.465609211417668190e-04
1.463339221215502158e-04
1.461072746858814106e-04
1.458809782902130588e-04
1.456550323908414066e-04
1.454294364449046644e-04
1.452041899103819226e-04
1.449792922460917696e-04
1.447547429116909090e-04
1.445305413676730756e-04
1.443066870753675717e-04
1.440831794969379390e-04
1.438600180953808472e-04
1.436372023345246305e-04
1.434147316790280677e-04
1.431926055943790810e-04
1.429708235468935440e-04
1.427493850037138716e-04
1.425282894328077732e-04
1.423075363029669793e-04
1.420871250838059941e-04
1.418670552457608220e-04
1.416473262600876932e-04
1.414279375988616817e-04
1.412088887349756481e-04
1.409901791421387489e-04
1.407718082948754062e-04
1.405537756685237903e-04
1.403360807392347079e-04
1.401187229839704371e-04
1.399017018805032088e-04
1.396850169074142047e-04
1.394686675440921200e-04
1.392526532707320526e-04
1.390369735683341472e-04
1.388216279187025120e-04
1.386066158044436459e-04
1.383919367089655713e-04
1.381775901164764247e-04
1.379635755119831288e-04
1.377498923812903349e-04
1.375365402109989866e-04
1.373235184885053441e-04
1.371108267019994663e-04
1.368984643404642888e-04
1.366864308936740254e-04
1.364747258521933275e-04
1.362633487073757930e-04
1.360522989513628285e-04
1.358415760770824291e-04
1.356311795782480132e-04
1.354211089493570670e-04
1.352113636856901418e-04
1.350019432833094173e-04
1.347928472390575632e-04
1.345840750505566822e-04
1.343756262162069004e-04
1.341675002351852021e-04
1.339596966074443722e-04
1.337522148337116142e-04
1.335450544154874117e-04
1.333382148550443628e-04
1.331316956554260149e-04
1.329254963204455631e-04
1.327196163546847123e-04
1.325140552634925385e-04
1.323088125529841880e-04
1.321038877300397658e-04
1.318992803023032244e-04
1.316949897781809274e-04
1.314910156668408091e-04
1.312873574782109920e-04
1.310840147229785132e-04
1.308809869125883755e-04
1.306782735592423004e-04
1.304758741758974818e-04
1.302737882762654742e-04
1.300720153748110002e-04
1.298705549867508122e-04
1.296694066280524996e-04
1.294685698154333779e-04
1.292680440663592683e-04
1.290678288990433327e-04
1.288679238324449625e-04
1.286683283862685582e-04
1.284690420809625271e-04
1.282700644377179552e-04
1.280713949784674955e-04
1.278730332258843380e-04
1.276749787033808550e-04
1.274772309351077061e-04
1.272797894459524559e-04
1.270826537615385985e-04
1.268858234082243647e-04
1.266892979131015293e-04
1.264930768039943811e-04
1.262971596094585036e-04
1.261015458587796630e-04
1.259062350819726975e-04
1.257112268097804056e-04
1.255165205736722995e-04
1.253221159058436833e-04
1.251280123392143522e-04
1.249342094074275082e-04
1.247407066448487844e-04
1.245475035865648082e-04
1.243545997683824424e-04
1.241619947268274575e-04
1.239696879991434469e-04
1.237776791232908242e-04
1.235859676379454954e-04
1.233945530824979368e-04
1.232034349970521382e-04
1.230126129224242207e-04
1.228220864001416501e-04
1.226318549724418822e-04
1.224419181822714682e-04
1.222522755732848075e-04
1.220629266898430777e-04
1.218738710770132311e-04
1.216851082805668025e-04
1.214966378469788517e-04
1.213084593234268799e-04
1.211205722577897448e-04
1.209329761986465768e-04
1.207456706952756272e-04
1.205586552976532918e-04
1.203719295564529732e-04
1.201854930230440097e-04
1.199993452494905913e-04
1.198134857885506751e-04
1.196279141936749290e-04
1.194426300190056602e-04
1.192576328193757315e-04
1.190729221503075176e-04
1.188884975680118075e-04
1.187043586293867200e-04
1.185205048920166874e-04
1.183369359141713716e-04
1.181536512548045928e-04
1.179706504735532867e-04
1.177879331307364738e-04
1.176054987873540944e-04
1.174233470050860869e-04
1.172414773462912763e-04
1.170598893740062903e-04
1.168785826519445697e-04
1.166975567444952436e-04
1.165168112167222215e-04
1.163363456343629600e-04
1.161561595638275953e-04
1.159762525721977643e-04
1.157966242272256692e-04
1.156172740973329801e-04
1.154382017516097778e-04
1.152594067598136185e-04
1.150808886923683548e-04
1.149026471203632685e-04
1.147246816155519049e-04
1.145469917503510836e-04
1.143695770978398819e-04
1.141924372317586455e-04
1.140155717265079182e-04
1.138389801571473571e-04
1.136626620993948927e-04
1.134866171296255365e-04
1.133108448248704451e-04
1.131353447628158371e-04
1.129601165218020975e-04
1.127851596808226536e-04
1.126104738195230263e-04
1.124360585181997452e-04
1.122619133577994552e-04
1.120880379199178041e-04
1.119144317867985355e-04
1.117410945413323497e-04
1.115680257670560369e-04
1.113952250481514060e-04
1.112226919694442957e-04
1.110504261164036122e-04
1.108784270751402582e-04
1.107066944324062118e-04
1.105352277755934827e-04
1.103640266927331500e-04
1.101930907724944000e-04
1.100224196041834555e-04
1.098520127777426680e-04
1.096818698837494736e-04
1.095119905134154723e-04
1.093423742585853970e-04
1.091730207117361251e-04
1.090039294659757562e-04
1.088351001150425691e-04
1.086665322533040862e-04
1.084982254757561117e-04
1.083301793780216878e-04
1.081623935563502139e-04
1.079948676076164163e-04
1.078276011293194002e-04
1.076605937195816731e-04
1.074938449771481967e-04
1.073273545013853840e-04
1.071611218922802178e-04
1.069951467504391674e-04
1.068294286770873474e-04
1.066639672740675156e-04
1.064987621438545737e-04
1.063338128895178239e-04
1.061691191147382207e-04
1.060046804238187664e-04
1.058404964216759996e-04
1.056765667138384639e-04
1.055128909064456644e-04
1.053494686062471191e-04
1.051862994206014099e-04
1.050233829574753156e-04
1.048607188254427547e-04
1.046983066336839045e-04
1.045361459919842928e-04
1.043742365107338225e-04
1.042125778009257822e-04
1.040511694741560463e-04
1.038900111426220048e-04
1.037291024191217361e-04
1.035684429170529775e-04
1.034080322504123118e-04
1.032478700337941370e-04
1.030879558823897862e-04
1.029282894119866053e-04
1.027688702389670451e-04
1.026096979803076993e-04
1.024507722535783423e-04
1.022920926769411835e-04
1.021336588691497562e-04
1.019754704495481179e-04
1.018175270380699019e-04
1.016598282552373547e-04
1.015023737221605230e-04
1.013451630605362915e-04
1.011881958926474343e-04
1.010314718413618014e-04
1.008749905301313163e-04
1.007187515829911084e-04
1.005627546245586862e-04
1.004069992800328803e-04
1.002514851751930709e-04
1.000962119363982120e-04
9.994117919058604564e-05
9.978638656527201705e-05
9.963183368854857053e-05
9.947752018908414629e-05
9.932344569612231312e-05
9.916960983948088751e-05
9.901601224955105271e-05
9.886265255729642361e-05
9.870953039425220648e-05
9.855664539252430452e-05
9.840399718478842338e-05
9.825158540428924445e-05
9.809940968483938132e-05
9.794746966081870217e-05
9.779576496717334042e-05
9.764429523941484091e-05
9.749306011361925190e-05
9.734205922642633904e-05
9.719129221503859596e-05
9.704075871722045834e-05
9.689045837129739577e-05
9.674039081615508514e-05
9.659055569123843480e-05
9.644095263655089341e-05
9.629158129265340640e-05
9.614244130066367054e-05
9.599353230225521241e-05
9.584485393965658879e-05
9.569640585565042444e-05
9.554818769357266667e-05
9.540019909731165025e-05
9.525243971130727073e-05
9.510490918055015768e-05
9.495760715058076669e-05
9.481053326748852558e-05
9.466368717791106191e-05
9.451706852903329491e-05
9.437067696858658173e-05
9.422451214484786359e-05
9.407857370663892042e-05
9.393286130332536795e-05
9.378737458481595300e-05
9.364211320156161833e-05
9.349707680455473016e-05
9.335226504532819728e-05
9.320767757595463073e-05
9.306331404904555783e-05
9.291917411775052764e-05
9.277525743575631143e-05
9.263156365728608948e-05
9.248809243709855661e-05
9.234484343048714975e-05
9.220181629327918048e-05
9.205901068183504907e-05
9.191642625304741773e-05
9.177406266434030260e-05
9.163191957366836904e-05
9.148999663951605066e-05
9.134829352089669557e-05
9.120680987735180743e-05
9.106554536895023226e-05
9.092449965628726400e-05
9.078367240048391268e-05
9.064306326318605060e-05
9.050267190656359918e-05
9.036249799330972935e-05
9.022254118664003487e-05
9.008280115029175983e-05
8.994327754852293126e-05
8.980397004611160021e-05
8.966487830835502863e-05
8.952600200106886259e-05
8.938734079058637341e-05
8.924889434375759027e-05
8.911066232794856835e-05
8.897264441104054864e-05
8.883484026142918536e-05
8.869724954802367866e-05
8.855987194024612409e-05
8.842270710803055035e-05
8.828575472182221455e-05
8.814901445257685689e-05
8.801248597175977898e-05
8.787616895134517988e-05
8.774006306381528864e-05
8.760416798215964608e-05
8.746848337987425095e-05
8.733300893096078747e-05
8.719774430992586632e-05
8.706268919178027934e-05
8.692784325203810499e-05
8.679320616671607142e-05
8.665877761233262133e-05
8.652455726590728858e-05
8.639054480495980367e-05
8.625673990750937551e-05
8.612314225207398665e-05
8.598975151766940399e-05
8.585656738380865018e-05
8.572358953050108208e-05
8.559081763825171312e-05
8.545825138806034595e-05
8.532589046142090836e-05
8.519373454032062659e-05
8.506178330723927988e-05
8.493003644514840098e-05
8.479849363751062552e-05
8.466715456827878406e-05
8.453601892189522443e-05
8.440508638329106636e-05
8.427435663788541542e-05
8.414382937158457697e-05
8.401350427078139213e-05
8.388338102235437033e-05
8.375345931366705245e-05
8.362373883256715690e-05
8.349421926738588855e-05
8.336490030693719324e-05
8.323578164051697182e-05
8.310686295790237535e-05
8.297814394935100555e-05
8.284962430560023714e-05
8.272130371786644537e-05
8.259318187784423350e-05
8.246525847770572811e-05
8.233753321009986076e-05
8.221000576815156845e-05
8.208267584546107530e-05
8.195554313610321491e-05
8.182860733462661725e-05
8.170186813605299035e-05
8.157532523587644269e-05
8.144897833006269712e-05
8.132282711504839972e-05
8.119687128774029307e-05
8.107111054551464707e-05
8.094554458621640509e-05
8.082017310815849283e-05
8.069499581012114068e-05
8.057001239135104347e-05
8.044522255156079122e-05
8.032062599092806962e-05
8.019622241009484681e-05
8.007201151016685842e-05
7.994799299271274019e-05
7.982416655976330971e-05
7.970053191381095651e-05
7.957708875780878830e-05
7.945383679517004820e-05
7.933077572976734223e-05
7.920790526593190746e-05
7.908522510845290734e-05
7.896273496257675401e-05
7.884043453400643069e-05
7.871832352890066500e-05
7.859640165387334618e-05
7.847466861599273905e-05
7.835312412278086058e-05
7.823176788221269386e-05
7.811059960271549694e-05
7.798961899316815224e-05
7.786882576290048901e-05
7.774821962169241589e-05
7.762780027977348731e-05
7.750756744782194118e-05
7.738752083696425171e-05
7.726766015877419426e-05
7.714798512527233035e-05
7.702849544892524875e-05
7.690919084264488778e-05
7.679007101978780356e-05
7.667113569415456007e-05
7.655238457998895672e-05
7.643381739197740489e-05
7.631543384524823676e-05
7.619723365537098704e-05
7.607921653835568823e-05
7.596138221065230141e-05
7.584373038914990310e-05
7.572626079117610249e-05
7.560897313449629605e-05
7.549186713731301701e-05
7.537494251826525775e-05
7.525819899642781927e-05
7.514163629131057932e-05
7.502525412285784194e-05
7.490905221144770045e-05
7.479303027789134626e-05
7.467718804343232352e-05
7.456152522974600057e-05
7.444604155893879739e-05
7.433073675354750804e-05
7.421561053653874496e-05
7.410066263130813942e-05
7.398589276167977225e-05
7.387130065190546915e-05
7.375688602666409597e-05
7.364264861106104368e-05
7.352858813062738811e-05
7.341470431131933436e-05
7.330099687951756619e-05
7.318746556202651425e-05
7.307411008607380039e-05
7.296093017930945163e-05
7.284792556980539872e-05
7.273509598605467654e-05
7.262244115697088196e-05
7.250996081188745563e-05
7.239765468055711270e-05
7.228552249315105683e-05
7.217356398025845160e-05
7.206177887288575646e-05
7.195016690245603554e-05
7.183872780080830715e-05
7.172746130019697455e-05
7.161636713329110765e-05
7.150544503317384675e-05
7.139469473334172488e-05
7.128411596770407150e-05
7.117370847058232129e-05
7.106347197670939079e-05
7.095340622122908204e-05
7.084351093969540498e-05
7.073378586807196758e-05
7.062423074273129820e-05
7.051484530045426286e-05
7.040562927842938757e-05
7.029658241425228919e-05
7.018770444592501128e-05
7.007899511185530588e-05
6.997045415085615912e-05
6.986208130214511364e-05
6.975387630534356383e-05
6.964583890047620018e-05
6.953796882797041296e-05
6.943026582865558752e-05
6.932272964376254862e-05
6.921536001492288278e-05
6.910815668416836911e-05
6.900111939393032876e-05
6.889424788703900153e-05
6.878754190672300376e-05
6.868100119660855581e-05
6.857462550071903487e-05
6.846841456347424308e-05
6.836236812968983837e-05
6.825648594457673810e-05
6.815076775374048215e-05
6.804521330318060942e-05
6.793982233929008873e-05
6.783459460885464109e-05
6.772952985905222477e-05
6.762462783745235766e-05
6.751988829201550739e-05
6.741531097109257635e-05
6.731089562342415630e-05
6.720664199814002692e-05
6.710254984475855949e-05
6.699861891318601218e-05
6.689484895371606925e-05
6.679123971702910923e-05
6.668779095419171700e-05
6.658450241665599264e-05
6.648137385625900930e-05
6.637840502522221692e-05
6.627559567615081879e-05
6.617294556203321592e-05
6.607045443624034293e-05
6.596812205252518019e-05
6.586594816502208975e-05
6.576393252824617834e-05
6.566207489709289082e-05
6.556037502683716991e-05
6.545883267313306318e-05
6.535744759201305896e-05
6.525621953988750359e-05
6.515514827354408644e-05
6.505423355014710804e-05
6.495347512723701931e-05
6.485287276272978460e-05
6.475242621491633958e-05
6.465213524246198138e-05
6.455199960440577227e-05
6.445201906016003823e-05
6.435219336950967776e-05
6.425252229261167400e-05
6.415300558999447128e-05
6.405364302255744664e-05
6.395443435157027279e-05
6.385537933867238959e-05
6.375647774587243487e-05
6.365772933554598111e-05
6.364549241256947795e-05
