0.000000000000000000e+00
1.525472290782906156e-03
3.049305060491103430e-03
6.093693559016113634e-03
9.131533024354239816e-03
1.216283315782050629e-02
4.211827214601369940e-02
7.143059582173423572e-02
1.001096782758681136e-01
1.281655311418383736e-01
2.120190560059650453e-01
2.901827011541933676e-01
3.629657640992762779e-01
4.306719707510547890e-01
4.935968940191214349e-01
5.765436247440660633e-01
6.509402413503255769e-01
7.175454401043432906e-01
7.770618699663028872e-01
8.301368501138581824e-01
8.400320309724411683e-01
8.496979759488234585e-01
8.505699299524819290e-01
8.514400103051404933e-01
8.523082203429219739e-01
8.540390416802343676e-01
8.557624209566654372e-01
8.561060583157683590e-01
8.564494007670145903e-01
8.571354911082964545e-01
8.571667263113693647e-01
8.571979591711463842e-01
8.572604197204187759e-01
8.572698479656022386e-01
8.572792760184195782e-01
8.572792537883100472e-01
8.572791885323618466e-01
8.572791232764193081e-01
8.572790580204824318e-01
8.572789927645512176e-01
8.572788622527058866e-01
8.572787317408834262e-01
8.572786012290835034e-01
8.572772961123332758e-01
8.572759909978540094e-01
8.572746858856454821e-01
8.572616348884590787e-01
8.572485841183561384e-01
8.572355335753329975e-01
8.572224832593854371e-01
8.570919925881832491e-01
8.569615246201093273e-01
8.568310793511305645e-01
8.567006567772149639e-01
8.553976783799767114e-01
8.540969650589760320e-01
8.527985127939311516e-01
8.515023175716629478e-01
8.502083753861507942e-01
8.422177358819891158e-01
8.343129949942458268e-01
8.264932097144843670e-01
8.187574474191340324e-01
8.111047857537467820e-01
8.035343125198650682e-01
7.960451255632357004e-01
7.886363326631650184e-01
7.813070514230923136e-01
7.740564091623706178e-01
7.668835428092382056e-01
7.597875987949688215e-01
7.527677329491899716e-01
7.458231103963519626e-01
7.389529054533395813e-01
7.321563015282104292e-01
7.254324910200489196e-01
7.187806752199246141e-01
7.122000642122539027e-01
7.056898767783216231e-01
6.992493403032999932e-01
6.928776906775830913e-01
6.865741722042961737e-01
6.803380375067921149e-01
6.741685474369973896e-01
6.680649709847702455e-01
6.620265851882556341e-01
6.560526750452285727e-01
6.501425336406547739e-01
6.442954615174765198e-01
6.385107669196836699e-01
6.327877658166718433e-01
6.271257817084499031e-01
6.215241455428389683e-01
6.159821956334455839e-01
6.104992775785217374e-01
6.050747441807207139e-01
5.997079553677365782e-01
5.943982781138186233e-01
5.891450863621494616e-01
5.839477609480798748e-01
5.788056895232069898e-01
5.737182664802908949e-01
5.686848928789977053e-01
5.637049763724605311e-01
5.587779311346490196e-01
5.539031777885405905e-01
5.490801433350809280e-01
5.443082610829287349e-01
5.395869705789736459e-01
5.349157175396194175e-01
5.302939537828250671e-01
5.257211371608936368e-01
5.211967314940018081e-01
5.167202065044618209e-01
5.122910377517078118e-01
5.079087062093632365e-01
5.035726993651712391e-01
4.992825098648475679e-01
4.950376359398199755e-01
4.908375813847671854e-01
4.866818556053575939e-01
4.825699731818615112e-01
4.785014540377837688e-01
4.744758234567641453e-01
4.704926116228217436e-01
4.665513546160242608e-01
4.626515931850327390e-01
4.587928731342512112e-01
4.549747453034969080e-01
4.511967654760412616e-01
4.474584943243140600e-01
4.437594973560347600e-01
4.400993448609475944e-01
4.364776118581483733e-01
4.328938780439902656e-01
4.293477277405634562e-01
4.258387498447424591e-01
4.223665377777949814e-01
4.189306894355455668e-01
4.155308071406823567e-01
4.121664975894543392e-01
4.088373718070310581e-01
4.055430451004564674e-01
4.022831370098546300e-01
3.990572712621566209e-01
3.958650757250349317e-01
3.927061823612933988e-01
3.895802271837609521e-01
3.864868502106802994e-01
3.834256954215894408e-01
3.803964107136885153e-01
3.773986478586878190e-01
3.744320624601302772e-01
3.714963139111855384e-01
3.685910653529076431e-01
3.657159836329531011e-01
3.628707392647541052e-01
3.600550063871406081e-01
3.572684627244082090e-01
3.545107895468250225e-01
3.517816716315744219e-01
3.490807972241276036e-01
3.464078580000415353e-01
3.437625490271785100e-01
3.411445687283405914e-01
3.385536188443171168e-01
3.359894043973384870e-01
3.334516336549323556e-01
3.309400180941789449e-01
3.284542723663588237e-01
3.259941142619915411e-01
3.235592646762580626e-01
3.211494475748051802e-01
3.187643899599261754e-01
3.164038218371138522e-01
3.140674761819823302e-01
3.117550889075533238e-01
3.094663988319025227e-01
3.072011476461623536e-01
3.049590798828777927e-01
3.027399428847099006e-01
3.005434867734849691e-01
2.983694644195839518e-01
2.962176314116696796e-01
2.940877460267470878e-01
2.919795692005536236e-01
2.898928644982755598e-01
2.878273980855873271e-01
2.857829387000091481e-01
2.837592576225809182e-01
2.817561286498480033e-01
2.797733280661550692e-01
2.778106346162460549e-01
2.758678294781652385e-01
2.739446962364570637e-01
2.720410208556612308e-01
2.701565916540999979e-01
2.682911992779537513e-01
2.664446366756226259e-01
2.646166990723701762e-01
2.628071839452467140e-01
2.610158909982888131e-01
2.592426221379915963e-01
2.574871814490520827e-01
2.557493751703789897e-01
2.540290116713669333e-01
2.523259014284324753e-01
2.506398570018079641e-01
2.489706930125917816e-01
2.473182261200505550e-01
2.456822749991721955e-01
2.440626603184656296e-01
2.424592047180054721e-01
2.408717327877184511e-01
2.393000710459089464e-01
2.377440479180210064e-01
2.362034937156347048e-01
2.346782406156935896e-01
2.331681226399609230e-01
2.316729756347023494e-01
2.301926372505923579e-01
2.287269469228422336e-01
2.272757458515465290e-01
2.258388769822464726e-01
2.244161849867073455e-01
2.230075162439074110e-01
2.216127188212365651e-01
2.202316424559020158e-01
2.188641385365386605e-01
2.175100600850221888e-01
2.161692617384825543e-01
2.148415997315154535e-01
2.135269318785897874e-01
2.122251175566492454e-01
2.109360176879047644e-01
2.096594947228176964e-01
2.083954126232692161e-01
2.071436368459160793e-01
2.059040343257292349e-01
2.046764734597139868e-01
2.034608240908092891e-01
2.022569574919645397e-01
2.010647463503920651e-01
1.998840647519923852e-01
1.987147881659516724e-01
1.975567934295087147e-01
1.964099587328895224e-01
1.952741636044080520e-01
1.941492888957310203e-01
1.930352167673050623e-01
1.919318306739443147e-01
1.908390153505770126e-01
1.897566567981488206e-01
1.886846422696814851e-01
1.876228602564853631e-01
1.865712004745234409e-01
1.855295538509258435e-01
1.844978125106527256e-01
1.834758697633041558e-01
1.824636200900754956e-01
1.814609591308558034e-01
1.804677836714694283e-01
1.794839916310571326e-01
1.785094820495968237e-01
1.775441550755615105e-01
1.765879119537134279e-01
1.756406550130321653e-01
1.747022876547764114e-01
1.737727143406768426e-01
1.728518405812588532e-01
1.719395729242945425e-01
1.710358189433812681e-01
1.701404872266464863e-01
1.692534873655767158e-01
1.683747299439697920e-01
1.675041265270085511e-01
1.666415896504552796e-01
1.657870328099646517e-01
1.649403704505147950e-01
1.641015179559549286e-01
1.632703916386674114e-01
1.624469087293445579e-01
1.616309873668773933e-01
1.608225465883562078e-01
1.600215063191811060e-01
1.592277873632812757e-01
1.584413113934426132e-01
1.576620009417410984e-01
1.568897793900822790e-01
1.561245709608443943e-01
1.553663007076249991e-01
1.546148945060892843e-01
1.538702790449192337e-01
1.531323818168625339e-01
1.524011311098801835e-01
1.516764559983912741e-01
1.509582863346146109e-01
1.502465527400055345e-01
1.495411865967870291e-01
1.488421200395740607e-01
1.481492859470905921e-01
1.474626179339772469e-01
1.467820503426895962e-01
1.461075182354856505e-01
1.454389573865014496e-01
1.447763042739142192e-01
1.441194960721914609e-01
1.434684706444258884e-01
1.428231665347543256e-01
1.421835229608606199e-01
1.415494798065606297e-01
1.409209776144692006e-01
1.402979575787478561e-01
1.396803615379324792e-01
1.390681319678396255e-01
1.384612119745515513e-01
1.378595452874779581e-01
1.372630762524943981e-01
1.366717498251565632e-01
1.360855115639887092e-01
1.355043076238464095e-01
1.349280847493524726e-01
1.343567902684049409e-01
1.337903720857565593e-01
1.332287786766654103e-01
1.326719590806149096e-01
1.321198628951033571e-01
1.315724402695017947e-01
1.310296418989794764e-01
1.304914190184962852e-01
1.299577233968614298e-01
1.294285073308573397e-01
1.289037236394285357e-01
1.283833256579343662e-01
1.278672672324651094e-01
1.273555027142206364e-01
1.268479869539511085e-01
1.263446752964586528e-01
1.258455235751599621e-01
1.253504881067085130e-01
1.248595256856761815e-01
1.243725935792932419e-01
1.238896495222465005e-01
1.234106517115347301e-01
1.229355588013806011e-01
1.224643298981988176e-01
1.219969245556195570e-01
1.215333027695669199e-01
1.210734249733912138e-01
1.206172520330554276e-01
1.201647452423741935e-01
1.197158663183054000e-01
1.192705773962936810e-01
1.188288410256653216e-01
1.183906201650734846e-01
1.179558781779941334e-01
1.175245788282711368e-01
1.170966862757106403e-01
1.166721650717240100e-01
1.162509801550185573e-01
1.158330968473360312e-01
1.154184808492377118e-01
1.150070982359362448e-01
1.145989154531731613e-01
1.141938993131418889e-01
1.137920169904557410e-01
1.133932360181601345e-01
1.129975242837889526e-01
1.126048500254641510e-01
1.122151818280384544e-01
1.118284886192804639e-01
1.114447396661018552e-01
1.110639045708260580e-01
1.106859532674980551e-01
1.103108560182348985e-01
1.099385834096163195e-01
1.095691063491150835e-01
1.092023960615668976e-01
1.088384240856787727e-01
1.084771622705763272e-01
1.081185827723887272e-01
1.077626580508714016e-01
1.074093608660661447e-01
1.070586642749974948e-01
1.067105416284061248e-01
1.063649665675176909e-01
1.060219130208476107e-01
1.056813552010408969e-01
1.053432676017466985e-01
1.050076249945274542e-01
1.046744024258021433e-01
1.043435752138227868e-01
1.040151189456847841e-01
1.036890094743698060e-01
1.033652229158214531e-01
1.030437356460529447e-01
1.027245242982869067e-01
1.024075657601264122e-01
1.020928371707573445e-01
1.017803159181814993e-01
1.014699796364802731e-01
1.011618062031082454e-01
1.008557737362168055e-01
1.005518605920072278e-01
1.002500453621127802e-01
9.995030687100969757e-02
9.965262417345678581e-02
9.935697655196311373e-02
9.906334351428364160e-02
9.877170479094232736e-02
9.848204033278272485e-02
9.819433030854539390e-02
9.790855510247194193e-02
9.762469531193572470e-02
9.734273174509827653e-02
9.706264541859188633e-02
9.678441755522741718e-02
9.650802958172761958e-02
9.623346312648516088e-02
9.596070001734563482e-02
9.568972227941471842e-02
9.542051213288955946e-02
9.515305199091415866e-02
9.488732445745828858e-02
9.462331232521974111e-02
9.436099857354965370e-02
9.410036636640085883e-02
9.384139905029864615e-02
9.358408015233395105e-02
9.332839337817860903e-02
9.307432261012248131e-02
9.282185190513229933e-02
9.257096549293164500e-02
9.232164777410239997e-02
9.207388331820678951e-02
9.182765686193022914e-02
9.158295330724486316e-02
9.133975771959283729e-02
9.109805532608991618e-02
9.085783151374897393e-02
9.061907182772269143e-02
9.038176196956593245e-02
9.014588779551709063e-02
8.991143531479842133e-02
8.967839068793492796e-02
8.944674022509220557e-02
8.921647038443199229e-02
8.898756777048627553e-02
8.876001913254909226e-02
8.853381136308620392e-02
8.830893149616197979e-02
8.808536670588408557e-02
8.786310430486471423e-02
8.764213174269933071e-02
8.742243660446175069e-02
8.720400660921601155e-02
8.698682960854452195e-02
8.677089358509246231e-02
8.655618665112829735e-02
8.634269704711998450e-02
8.613041314032690576e-02
8.591932342340738438e-02
8.570941651304156417e-02
8.550068114856922141e-02
8.529310619064273125e-02
8.508668061989506370e-02
8.488139353562204614e-02
8.467723415447937774e-02
8.447419180919406301e-02
8.427225594728976477e-02
8.407141612982646506e-02
8.387166203015386512e-02
8.367298343267853822e-02
8.347537023164464109e-02
8.327881242992804522e-02
8.308330013784381851e-02
8.288882357196680761e-02
8.269537305396514049e-02
8.250293900944657977e-02
8.231151196681772697e-02
8.212108255615557795e-02
8.193164150809172097e-02
8.174317965270856690e-02
8.155568791844794441e-02
8.136915733103169956e-02
8.118357901239402208e-02
8.099894417962563709e-02
8.081524414392965427e-02
8.063247030958885231e-02
8.045061417294437078e-02
8.026966732138554605e-02
8.008962143235107134e-02
7.991046827234095373e-02
7.973219969593943468e-02
7.955480764484867962e-02
7.937828414693311185e-02
7.920262131527418259e-02
7.902781134723570189e-02
7.885384652353930046e-02
7.868071920734368008e-02
7.850842184334427820e-02
7.833694695690512910e-02
7.816628715313805875e-02
7.799643511603916723e-02
7.782738360762553320e-02
7.765912546707959274e-02
7.749165360990299678e-02
7.732496102707987762e-02
7.715904078424923318e-02
7.699388602088645672e-02
7.682948994949390098e-02
7.666584585480021308e-02
7.650294709296877327e-02
7.634078709081451586e-02
7.617935934502961803e-02
7.601865742141761251e-02
7.585867495413586847e-02
7.569940564494655189e-02
7.554084326247580139e-02
7.538298164148087011e-02
7.522581468212570510e-02
7.506933634926404864e-02
7.491354067173085218e-02
7.475842174164122611e-02
7.460397371369711927e-02
7.445019080450183957e-02
7.429706729188190195e-02
7.414459751421638434e-02
7.399277586977372201e-02
7.384159681605581560e-02
7.369105486914927228e-02
7.354114460308386336e-02
7.339186064919799024e-02
7.324319769551117243e-02
7.309515048610346066e-02
7.294771382050159458e-02
7.280088255307202993e-02
7.265465159242057158e-02
7.250901590079859849e-02
7.236397049351595001e-02
7.221951043836002948e-02
7.207563085502161071e-02
7.193232691452672301e-02
7.178959383867494770e-02
7.164742689948369603e-02
7.150582141863889851e-02
7.136477276695143979e-02
7.122427636381971350e-02
7.108432767669820018e-02
7.094492222057170727e-02
7.080605555743541002e-02
7.066772329578081824e-02
7.052992109008708599e-02
7.039264464031827484e-02
7.025588969142583518e-02
7.011965203285666637e-02
6.998392749806676971e-02
6.984871196403998062e-02
6.971400135081211313e-02
6.957979162100039194e-02
6.944607877933803297e-02
6.931285887221383391e-02
6.918012798721707990e-02
6.904788225268713997e-02
6.891611783726823981e-02
6.878483094946913345e-02
6.865401783722754891e-02
6.852367478747935226e-02
6.839379812573258277e-02
6.826438421564624826e-02
6.813542945861349176e-02
6.800693029334954620e-02
6.787888319548411598e-02
6.775128467715843539e-02
6.762413128662655981e-02
6.749741960786097283e-02
6.737114626016285635e-02
6.724530789777637130e-02
6.711990120950726835e-02
6.699492291834573121e-02
6.687036978109327234e-02
6.674623858799384746e-02
6.662252616236898073e-02
6.649922936025685904e-02
6.637634507005546469e-02
6.625387021216957995e-02
6.613180173866178846e-02
6.601013663290708489e-02
6.588887190925153681e-02
6.576800461267454101e-02
6.564753181845492391e-02
6.552745063184051144e-02
6.540775818772158468e-02
6.528845165030774944e-02
6.516952821280835861e-02
6.505098509711662591e-02
6.493281955349700096e-02
6.481502886027611099e-02
6.469761032353703312e-02
6.458056127681703618e-02
6.446387908080850049e-02
6.434756112306320996e-02
6.423160481769994712e-02
6.411600760511516894e-02
6.400076695169699958e-02
6.388588034954224837e-02
6.377134531617664748e-02
6.365715939427810111e-02
6.354332015140301548e-02
6.342982517971558487e-02
6.331667209572014454e-02
6.320385853999632708e-02
6.309138217693728568e-02
6.297924069449072071e-02
6.286743180390273744e-02
6.275595323946450699e-02
6.264480275826188327e-02
6.253397813992743470e-02
6.242347718639561921e-02
6.231329772166025599e-02
6.220343759153496715e-02
6.209389466341608960e-02
6.198466682604821670e-02
6.187575198929238379e-02
6.176714808389670297e-02
6.165885306126961396e-02
6.155086489325557048e-02
6.144318157191322460e-02
6.133580110929597040e-02
6.122872153723505489e-02
6.112194090712492339e-02
6.101545728971100035e-02
6.090926877487977398e-02
6.080337347145121224e-02
6.069776950697344797e-02
6.059245502751968437e-02
6.048742819748743893e-02
6.038268719939988982e-02
6.027823023370940114e-02
6.017405551860329632e-02
6.007016128981171321e-02
5.996654580041756860e-02
5.986320732066859746e-02
5.976014413779150852e-02
5.965735455580811059e-02
5.955483689535352732e-02
5.945258949349640359e-02
5.935061070356103391e-02
5.924889889495147527e-02
5.914745245297760995e-02
5.904626977868313725e-02
5.894534928867531387e-02
5.884468941495683142e-02
5.874428860475924830e-02
5.864414532037844074e-02
5.854425803901183722e-02
5.844462525259735974e-02
5.834524546765420400e-02
5.824611720512538893e-02
5.814723900022193692e-02
5.804860940226886507e-02
5.795022697455281396e-02
5.785209029417141130e-02
5.775419795188416194e-02
5.765654855196515605e-02
5.755914071205721350e-02
5.746197306302778390e-02
5.736504424882628989e-02
5.726835292634316343e-02
5.717189776527038803e-02
5.707567744796350484e-02
5.697969066930521492e-02
5.688393613657045239e-02
5.678841256929294951e-02
5.669311869913323809e-02
5.659805326974816364e-02
5.650321503666169698e-02
5.640860276713736271e-02
5.631421524005187501e-02
5.622005124577033469e-02
5.612610958602261280e-02
5.603238907378125383e-02
5.593888853314062798e-02
5.584560679919745030e-02
5.575254271793256278e-02
5.565969514609409724e-02
5.556706295108181787e-02
5.547464501083283761e-02
5.538244021370848647e-02
5.529044745838255365e-02
5.519866565373054285e-02
5.510709371872040546e-02
5.501573058230425223e-02
5.492457518331142485e-02
5.483362647034258075e-02
5.474288340166508227e-02
5.465234494510939900e-02
5.456201007796682850e-02
5.447187778688809129e-02
5.438194706778329973e-02
5.429221692572282210e-02
5.420268637483936086e-02
5.411335443823100944e-02
5.402422014786546767e-02
5.393528254448523573e-02
5.384654067751385581e-02
5.375799360496323620e-02
5.366964039334195385e-02
5.358148011756451445e-02
5.349351186086170190e-02
5.340573471469186456e-02
5.331814777865314520e-02
5.323075016039673091e-02
5.314354097554101902e-02
5.305651934758674054e-02
5.296968440783296483e-02
5.288303529529412433e-02
5.279657115661785804e-02
5.271029114600375709e-02
5.262419442532753622e-02
5.253828016354643998e-02
5.245254753693276428e-02
5.236699572909978007e-02
5.228162393037478345e-02
5.219643133916609945e-02
5.211141716028450804e-02
5.202658060547613733e-02
5.194192089339733087e-02
5.185743724949137129e-02
5.177312890591676681e-02
5.168899510147605125e-02
5.160503508154541674e-02
5.152124809800506106e-02
5.143763340917036769e-02
5.135419027972382144e-02
5.127091798064763173e-02
5.118781578915712616e-02
5.110488298863488654e-02
5.102211886856557188e-02
5.093952272447148377e-02
5.085709385784877717e-02
5.077483157610446912e-02
5.069273519249411358e-02
5.061080402606002449e-02
5.052903740157035223e-02
5.044743464945880551e-02
5.036599510576483113e-02
5.028471811207475134e-02
5.020360301546333143e-02
5.012264916843604118e-02
5.004185592887194778e-02
4.996122265996730261e-02
4.988074873017962763e-02
4.980043351317246098e-02
4.972027638776078950e-02
4.964027673785693928e-02
4.956043395241714611e-02
4.948074742538868809e-02
4.940121655565761494e-02
4.932184074699698384e-02
4.924261940801577531e-02
4.916355195210823925e-02
4.908463779740388638e-02
4.900587636671802083e-02
4.892726708750273074e-02
4.884880939179851028e-02
4.877050271618640215e-02
4.869234650174056322e-02
4.861434019398146872e-02
4.853648324282958115e-02
4.845877510255949122e-02
4.838121523175463456e-02
4.830380309326242488e-02
4.822653815414995604e-02
4.814941988566005804e-02
4.807244776316806079e-02
4.799562126613873131e-02
4.791893987808398120e-02
4.784240308652079610e-02
4.776601038292974111e-02
4.768976126271396582e-02
4.761365522515851462e-02
4.753769177339019214e-02
4.746187041433782422e-02
4.738619065869299068e-02
4.731065202087111204e-02
4.723525401897302883e-02
4.715999617474699729e-02
4.708487801355105279e-02
4.700989906431583820e-02
4.693505885950775142e-02
4.686035693509266187e-02
4.678579283049979359e-02
4.671136608858623279e-02
4.663707625560162273e-02
4.656292288115339989e-02
4.648890551817231459e-02
4.641502372287836103e-02
4.634127705483621906e-02
4.626766507669737016e-02
4.619418735430316086e-02
4.612084345669734825e-02
4.604763295604791945e-02
4.597455542761540170e-02
4.590161044972115856e-02
4.582879760371629668e-02
4.575611647395068371e-02
4.568356664774252118e-02
4.561114771534804935e-02
4.553885926993170297e-02
4.546670090753657245e-02
4.539467222705514948e-02
4.532277283020044040e-02
4.525100232147736407e-02
4.517936030815444121e-02
4.510784640023585146e-02
4.503646021043374026e-02
4.496520135414081715e-02
4.489406944940338429e-02
4.482306411689443437e-02
4.475218497988722038e-02
4.468143166422907514e-02
4.461080379831542514e-02
4.454030101306422768e-02
4.446992294189059530e-02
4.439966922068169092e-02
4.432953948777192815e-02
4.425953338391847014e-02
4.418965055227690869e-02
4.411989063837728348e-02
4.405025329010033019e-02
4.398073815765399242e-02
4.391134489355018322e-02
4.384207315258180360e-02
4.377292259180001061e-02
4.370389287049174232e-02
4.363498365015746477e-02
4.356619459448916876e-02
4.349752536934860941e-02
4.342897564274579569e-02
4.336054508481767406e-02
4.329223336780711057e-02
4.322404016604197013e-02
4.315596515591461901e-02
4.308800801586146201e-02
4.302016842634281968e-02
4.295244606982296515e-02
4.288484063075039682e-02
4.281735179553834009e-02
4.274997925254540171e-02
4.268272269205655028e-02
4.261558180626414533e-02
4.254855628924933408e-02
4.248164583696349694e-02
4.241485014720999813e-02
4.234816891962611685e-02
4.228160185566516571e-02
4.221514865857874110e-02
4.214880903339927182e-02
4.208258268692270654e-02
4.201646932769136089e-02
4.195046866597698654e-02
4.188458041376402069e-02
4.181880428473300215e-02
4.175313999424414696e-02
4.168758725932122933e-02
4.162214579863537239e-02
4.155681533248933163e-02
4.149159558280170190e-02
4.142648627309141601e-02
4.136148712846236114e-02
4.129659787558823819e-02
4.123181824269742807e-02
4.116714795955821876e-02
4.110258675746402551e-02
4.103813436921890240e-02
4.097379052912306086e-02
4.090955497295869353e-02
4.084542743797587444e-02
4.078140766287861180e-02
4.071749538781106736e-02
4.065369035434390071e-02
4.058999230546083553e-02
4.052640098554521897e-02
4.046291614036690715e-02
4.039953751706917839e-02
4.033626486415578527e-02
4.027309793147820782e-02
4.021003647022300398e-02
4.014708023289927791e-02
4.008422897332633572e-02
4.002148244662143833e-02
3.995884040918768615e-02
3.989630261870203559e-02
3.983386883410348217e-02
3.977153881558127824e-02
3.970931232456339360e-02
3.964718912370500392e-02
3.958516897687715252e-02
3.952325164915554412e-02
3.946143690680941479e-02
3.939972451729052694e-02
3.933811424922235150e-02
3.927660587238922946e-02
3.921519915772582465e-02
3.915389387730656978e-02
3.909268980433516782e-02
3.903158671313443351e-02
3.897058437913600987e-02
3.890968257887029991e-02
3.884888108995650235e-02
3.878817969109272373e-02
3.872757816204625003e-02
3.866707628364388083e-02
3.860667383776233280e-02
3.854637060731884446e-02
3.848616637626177395e-02
3.842606092956137726e-02
3.836605405320066969e-02
3.830614553416628737e-02
3.824633516043965398e-02
3.818662272098798105e-02
3.812700800575564292e-02
3.806749080565532267e-02
3.800807091255962306e-02
3.794874811929240671e-02
3.788952221962050421e-02
3.783039300824535267e-02
3.777136028079475932e-02
3.771242383381479685e-02
3.765358346476176815e-02
3.759483897199415031e-02
3.753619015476483689e-02
3.747763681321322066e-02
3.741917874835758856e-02
3.736081576208739874e-02
3.730254765715580040e-02
3.724437423717210510e-02
3.718629530659441768e-02
3.712831067072232955e-02
3.707042013568968147e-02
3.701262350845738180e-02
3.695492059680632879e-02
3.689731120933043701e-02
3.683979515542964989e-02
3.678237224530308408e-02
3.672504228994228487e-02
3.666780510112446767e-02
3.661066049140587059e-02
3.655360827411521102e-02
3.649664826334713535e-02
3.643978027395578662e-02
3.638300412154848312e-02
3.632631962247932778e-02
3.626972659384306713e-02
3.621322485346882558e-02
3.615681421991407546e-02
3.610049451245855162e-02
3.604426555109826319e-02
3.598812715653961630e-02
3.593207915019352994e-02
3.587612135416963499e-02
3.582025359127059827e-02
3.576447568498635626e-02
3.570878745948859179e-02
3.565318873962512042e-02
3.559767935091442265e-02
3.554225911954021766e-02
3.548692787234603019e-02
3.543168543682991695e-02
3.537653164113918614e-02
3.532146631406515858e-02
3.526648928503801211e-02
3.521160038412173704e-02
3.515679944200897356e-02
3.510208629001609903e-02
3.504746076007825284e-02
3.499292268474443746e-02
3.493847189717266127e-02
3.488410823112517850e-02
3.482983152096368051e-02
3.477564160164468149e-02
3.472153830871482078e-02
3.466752147830623465e-02
3.461359094713210155e-02
3.455974655248202770e-02
3.450598813221765482e-02
3.445231552476825387e-02
3.439872856912632587e-02
3.434522710484327890e-02
3.429181097202518846e-02
3.423848001132855090e-02
3.418523406395607145e-02
3.413207297165254256e-02
3.407899657670075688e-02
3.402600472191740638e-02
3.397309725064908553e-02
3.392027400676832227e-02
3.386753483466967141e-02
3.381487957926571086e-02
3.376230808598333633e-02
3.370982020075978525e-02
3.365741577003904250e-02
3.360509464076792685e-02
3.355285666039250353e-02
3.350070167685439970e-02
3.344862953858713378e-02
3.339664009451259047e-02
3.334473319403746805e-02
3.329290868704968404e-02
3.324116642391500287e-02
3.318950625547353178e-02
3.313792803303632073e-02
3.308643160838200398e-02
3.303501683375345555e-02
3.298368356185447936e-02
3.293243164584654104e-02
3.288126093934554128e-02
3.283017129641859627e-02
3.277916257158088043e-02
3.272823461979245535e-02
3.267738729645523060e-02
3.262662045740977873e-02
3.257593395893240706e-02
3.252532765773204215e-02
3.247480141094733624e-02
3.242435507614362111e-02
3.237398851131008393e-02
3.232370157485675577e-02
3.227349412561177772e-02
3.222336602281843099e-02
3.217331712613244465e-02
3.212334729561912988e-02
3.207345639175067376e-02
3.202364427540341230e-02
3.197391080785508266e-02
3.192425585078224881e-02
3.187467926625756065e-02
3.182518091674719357e-02
3.177576066510823943e-02
3.172641837458614611e-02
3.167715390881217091e-02
3.162796713180087566e-02
3.157885790794761477e-02
3.152982610202612057e-02
3.148087157918598444e-02
3.143199420495032537e-02
3.138319384521333355e-02
3.133447036623795284e-02
3.128582363465349375e-02
3.123725351745330892e-02
3.118875988199255184e-02
3.114034259598583154e-02
3.109200152750501295e-02
3.104373654497693050e-02
3.099554751718124751e-02
3.094743431324819410e-02
3.089939680265646471e-02
3.085143485523103232e-02
3.080354834114102866e-02
3.075573713089766598e-02
3.070800109535213110e-02
3.066034010569352111e-02
3.061275403344681720e-02
3.056524275047084807e-02
3.051780612895629505e-02
3.047044404142371099e-02
3.042315636072153925e-02
3.037594296002419855e-02
3.032880371283011925e-02
3.028173849295986986e-02
3.023474717455424537e-02
3.018782963207241113e-02
3.014098574029003622e-02
3.009421537429746510e-02
3.004751840949791350e-02
3.000089472160564000e-02
2.995434418664418355e-02
2.990786668094459755e-02
2.986146208114369427e-02
2.981513026418232751e-02
2.976887110730363703e-02
2.972268448805140406e-02
2.967657028426833390e-02
2.963052837409440102e-02
2.958455863596518715e-02
2.953866094861026803e-02
2.949283519105155849e-02
2.944708124260174767e-02
2.940139898286267886e-02
2.935578829172379861e-02
2.931024904936057468e-02
2.926478113623297642e-02
2.921938443308391697e-02
2.917405882093775799e-02
2.912880418109881422e-02
2.908362039514982011e-02
2.903850734495052460e-02
2.899346491263617848e-02
2.894849298061610843e-02
2.890359143157228416e-02
2.885876014845789247e-02
2.881399901449593903e-02
2.876930791317785369e-02
2.872468672826209227e-02
2.868013534377280432e-02
2.863565364399844881e-02
2.859124151349046183e-02
2.854689883706193476e-02
2.850262549978626811e-02
2.845842138699590171e-02
2.841428638428100673e-02
2.837022037748818115e-02
2.832622325271922509e-02
2.828229489632984317e-02
2.823843519492841639e-02
2.819464403537475308e-02
2.815092130477888158e-02
2.810726689049982199e-02
2.806368068014439623e-02
2.802016256156601715e-02
2.797671242286353319e-02
2.793333015238004188e-02
2.789001563870172062e-02
2.784676877065670256e-02
2.780358943731392127e-02
2.776047752798197626e-02
2.771743293220804358e-02
2.767445553977672390e-02
2.763154524070897747e-02
2.758870192526102078e-02
2.754592548392325799e-02
2.750321580741918112e-02
2.746057278670436044e-02
2.741799631296533424e-02
2.737548627761861655e-02
2.733304257230963208e-02
2.729066508891171000e-02
2.724835371952506746e-02
2.720610835647579648e-02
2.716392889231486127e-02
2.712181521981713028e-02
2.707976723198037353e-02
2.703778482202431888e-02
2.699586788338964941e-02
2.695401630973710133e-02
2.691222999494645787e-02
2.687050883311564720e-02
2.682885271855981954e-02
2.678726154581040353e-02
2.674573520961419718e-02
2.670427360493245889e-02
2.666287662694002969e-02
2.662154417102440690e-02
2.658027613278488022e-02
2.653907240803166784e-02
2.649793289278502134e-02
2.645685748327437567e-02
2.641584607593750605e-02
2.637489856741966412e-02
2.633401485457274177e-02
2.629319483445443847e-02
2.625243840432744599e-02
2.621174546165861222e-02
2.617111590411815014e-02
2.613054962957879826e-02
2.609004653611505728e-02
2.604960652200237828e-02
2.600922948571638554e-02
2.596891532593207860e-02
2.592866394152309323e-02
2.588847523156089306e-02
2.584834909531405142e-02
2.580828543224745336e-02
2.576828414202158787e-02
2.572834512449179156e-02
2.568846827970748189e-02
2.564865350791148066e-02
2.560890070953925068e-02
2.556920978521818807e-02
2.552958063576691444e-02
2.549001316219456914e-02
2.545050726570009803e-02
2.541106284767155957e-02
2.537167980968544484e-02
2.533235805350598016e-02
2.529309748108446790e-02
2.525389799455857870e-02
2.521475949625171659e-02
2.517568188867232160e-02
2.513666507451324181e-02
2.509770895665107068e-02
2.505881343814548787e-02
2.501997842223862428e-02
2.498120381235442375e-02
2.494248951209800808e-02
2.490383542525504215e-02
2.486524145579112333e-02
2.482670750785116037e-02
2.478823348575873511e-02
2.474981929401552996e-02
2.471146483730069301e-02
2.467317002047025171e-02
2.463493474855651955e-02
2.459675892676748549e-02
2.455864246048625188e-02
2.452058525527043079e-02
2.448258721685158540e-02
2.444464825113463330e-02
2.440676826419728787e-02
2.436894716228950666e-02
2.433118485183289464e-02
2.429348123942018725e-02
2.425583623181466406e-02
2.421824973594962488e-02
2.418072165892781386e-02
2.414325190802093027e-02
2.410584039066901441e-02
2.406848701447998617e-02
2.403119168722908650e-02
2.399395431685833260e-02
2.395677481147603233e-02
2.391965307935623938e-02
2.388258902893824684e-02
2.384558256882607363e-02
2.380863360778796844e-02
2.377174205475588234e-02
2.373490781882499345e-02
2.369813080925319351e-02
2.366141093546060212e-02
2.362474810702907407e-02
2.358814223370170673e-02
2.355159322538236122e-02
2.351510099213520444e-02
2.347866544418418869e-02
2.344228649191261102e-02
2.340596404586262405e-02
2.336969801673478841e-02
2.333348831538759743e-02
2.329733485283701222e-02
2.326123754025601065e-02
2.322519628897412591e-02
2.318921101047700939e-02
2.315328161640596918e-02
2.311740801855752259e-02
2.308159012888296238e-02
2.304582785948790929e-02
2.301012112263189913e-02
2.297446983072789356e-02
2.293887389634190546e-02
2.290333323219256173e-02
2.286784775115063492e-02
2.283241736623867549e-02
2.279704199063055034e-02
2.276172153765105774e-02
2.272645592077547280e-02
2.269124505362917626e-02
2.265608884998723468e-02
2.262098722377395635e-02
2.258594008906255474e-02
2.255094736007468362e-02
2.251600895118005888e-02
2.248112477689609076e-02
2.244629475188744672e-02
2.241151879096566976e-02
2.237679680908881072e-02
2.234212872136102229e-02
2.230751444303217743e-02
2.227295388949748073e-02
2.223844697629710765e-02
2.220399361911579855e-02
2.216959373378251524e-02
2.213524723627004892e-02
2.210095404269463853e-02
2.206671406931562385e-02
2.203252723253506726e-02
2.199839344889738951e-02
2.196431263508901582e-02
2.193028470793800117e-02
2.189630958441368680e-02
2.186238718162632905e-02
2.182851741682676622e-02
2.179470020740603697e-02
2.176093547089506808e-02
2.172722312496427888e-02
2.169356308742328987e-02
2.165995527622052719e-02
2.162639960944292769e-02
2.159289600531555733e-02
2.155944438220129891e-02
2.152604465860050165e-02
2.149269675315066200e-02
2.145940058462606978e-02
2.142615607193750632e-02
2.139296313413188710e-02
2.135982169039194606e-02
2.132673166003591983e-02
2.129369296251720084e-02
2.126070551742404238e-02
2.122776924447922556e-02
2.119488406353972620e-02
2.116204989459643387e-02
2.112926665777379448e-02
2.109653427332955009e-02
2.106385266165435727e-02
2.103122174327153385e-02
2.099864143883675011e-02
2.096611166913767491e-02
2.093363235509371548e-02
2.090120341775569823e-02
2.086882477830555652e-02
2.083649635805605305e-02
2.080421807845046767e-02
2.077198986106228856e-02
2.073981162759493818e-02
2.070768329988147485e-02
2.067560479988428748e-02
2.064357604969479718e-02
2.061159697153320744e-02
2.057966748774816765e-02
2.054778752081652324e-02
2.051595699334300346e-02
2.048417582805996118e-02
2.045244394782705019e-02
2.042076127563099627e-02
2.038912773458528144e-02
2.035754324792987680e-02
2.032600773903095112e-02
2.029452113138063146e-02
2.026308334859668048e-02
2.023169431442225358e-02
2.020035395272562484e-02
2.016906218749989557e-02
2.013781894286275492e-02
2.010662414305618845e-02
2.007547771244621096e-02
2.004437957552262714e-02
2.001332965689872970e-02
1.998232788131106691e-02
1.995137417361915466e-02
1.992046845880523706e-02
1.988961066197401234e-02
1.985880070835238306e-02
1.982803852328918551e-02
1.979732403225496068e-02
1.976665716084166288e-02
1.973603783476243073e-02
1.970546597985133042e-02
1.967494152206308855e-02
1.964446438747286666e-02
1.961403450227598363e-02
1.958365179278769366e-02
1.955331618544292258e-02
1.952302760679602150e-02
1.949278598352053096e-02
1.946259124240892063e-02
1.943244331037236386e-02
1.940234211444049131e-02
1.937228758176112384e-02
1.934227963960008859e-02
1.931231821534091023e-02
1.928240323648462359e-02
1.925253463064953083e-02
1.922271232557093423e-02
1.919293624910092463e-02
1.916320632920816627e-02
1.913352249397759844e-02
1.910388467161028628e-02
1.907429279042311895e-02
1.904474677884862577e-02
1.901524656543472636e-02
1.898579207884449824e-02
1.895638324785594436e-02
1.892702000136179882e-02
1.889770226836926317e-02
1.886842997799980867e-02
1.883920305948892648e-02
1.881002144218592992e-02
1.878088505555369769e-02
1.875179382916850740e-02
1.872274769271974407e-02
1.869374657600975098e-02
1.866479040895354866e-02
1.863587912157865442e-02
1.860701264402486385e-02
1.857819090654401484e-02
1.854941383949977943e-02
1.852068137336745912e-02
1.849199343873374896e-02
1.846334996629655015e-02
1.843475088686474112e-02
1.840619613135797278e-02
1.837768563080642917e-02
1.834921931635067130e-02
1.832079711924138390e-02
1.829241897083917420e-02
1.826408480261437761e-02
1.823579454614683570e-02
1.820754813312569845e-02
1.817934549534921951e-02
1.815118656472453074e-02
1.812307127326746869e-02
1.809499955310234914e-02
1.806697133646177622e-02
1.803898655568643081e-02
1.801104514322485195e-02
1.798314703163329809e-02
1.795529215357546601e-02
1.792748044182234171e-02
1.789971182925199564e-02
1.787198624884937109e-02
1.784430363370609687e-02
1.781666391702028257e-02
1.778906703209632428e-02
1.776151291234471033e-02
1.773400149128184083e-02
1.770653270252980915e-02
1.767910647981620412e-02
1.765172275697395390e-02
1.762438146794109359e-02
1.759708254676059860e-02
1.756982592758018699e-02
1.754261154465211470e-02
1.751543933233300904e-02
1.748830922508366401e-02
1.746122115746884251e-02
1.743417506415712026e-02
1.740717087992066023e-02
1.738020853963506002e-02
1.735328797827914021e-02
1.732640913093476051e-02
1.729957193278664970e-02
1.727277631912221140e-02
1.724602222533134707e-02
1.721930958690624097e-02
1.719263833944122827e-02
1.716600841863257301e-02
1.713941976027830508e-02
1.711287230027802586e-02
1.708636597463273482e-02
1.705990071944466294e-02
1.703347647091705760e-02
1.700709316535403345e-02
1.698075073916038846e-02
1.695444912884140620e-02
1.692818827100272053e-02
1.690196810235008659e-02
1.687578855968923860e-02
1.684964957992570594e-02
1.682355110006462581e-02
1.679749305721059405e-02
1.677147538856745695e-02
1.674549803143815865e-02
1.671956092322457454e-02
1.669366400142731008e-02
1.666780720364555851e-02
1.664199046757690661e-02
1.661621373101717508e-02
1.659047693186023464e-02
1.656478000809785689e-02
1.653912289781951997e-02
1.651350553921225248e-02
1.648792787056047385e-02
1.646238983024579314e-02
1.643689135674687371e-02
1.641143238863925283e-02
1.638601286459516124e-02
1.636063272338338093e-02
1.633529190386905777e-02
1.630999034501354542e-02
1.628472798587423873e-02
1.625950476560440380e-02
1.623432062345302532e-02
1.620917549876462610e-02
1.618406933097910408e-02
1.615900205963159350e-02
1.613397362435226023e-02
1.610898396486618381e-02
1.608403302099315965e-02
1.605912073264755338e-02
1.603424703983814467e-02
1.600941188266794685e-02
1.598461520133406463e-02
1.595985693612752762e-02
1.593513702743313068e-02
1.591045541572926741e-02
1.588581204158779139e-02
1.586120684567382533e-02
1.583663976874563617e-02
1.581211075165445470e-02
1.578761973534433677e-02
1.576316666085197937e-02
1.573875146930659580e-02
1.571437410192972825e-02
1.569003450003512296e-02
1.566573260502854975e-02
1.564146835840766331e-02
1.561724170176183833e-02
1.559305257677201170e-02
1.556890092521054543e-02
1.554478668894105839e-02
1.552070980991828060e-02
1.549667023018789537e-02
1.547266789188638664e-02
1.544870273724089499e-02
1.542477470856905633e-02
1.540088374827885270e-02
1.537702979886846483e-02
1.535321280292612466e-02
1.532943270312995231e-02
1.530568944224781382e-02
1.528198296313717369e-02
1.525831320874494745e-02
1.523468012210733857e-02
1.521108364634970837e-02
1.518752372468641643e-02
1.516400030042067311e-02
1.514051331694439735e-02
1.511706271773806398e-02
1.509364844637056495e-02
1.507027044649904973e-02
1.504692866186878829e-02
1.502362303631303055e-02
1.500035351375284334e-02
1.497712003819698379e-02
1.495392255374173793e-02
1.493076100457079412e-02
1.490763533495507998e-02
1.488454548925263569e-02
1.486149141190845450e-02
1.483847304745435081e-02
1.481549034050881446e-02
1.479254323577686853e-02
1.476963167804992011e-02
1.474675561220562849e-02
1.472391498320775420e-02
1.470110973610603070e-02
1.467833981603600298e-02
1.465560516821890619e-02
1.463290573796151468e-02
1.461024147065600846e-02
1.458761231177982225e-02
1.456501820689551883e-02
1.454245910165064166e-02
1.451993494177758123e-02
1.449744567309342765e-02
1.447499124149984225e-02
1.445257159298291363e-02
1.443018667361301889e-02
1.440783642954469174e-02
1.438552080701648722e-02
1.436323975235082560e-02
1.434099321195388133e-02
1.431878113231543209e-02
1.429660346000872530e-02
1.427446014169033925e-02
1.425235112410005826e-02
1.423027635406072175e-02
1.420823577847810798e-02
1.418622934434077797e-02
1.416425699871996097e-02
1.414231868876940530e-02
1.412041436172525172e-02
1.409854396490590675e-02
1.407670744571189007e-02
1.405490475162572174e-02
1.403313583021177473e-02
1.401140062911615178e-02
1.398969909606654835e-02
1.396803117887212252e-02
1.394639682542336140e-02
1.392479598369195451e-02
1.390322860173065327e-02
1.388169462767315128e-02
1.386019400973395252e-02
1.383872669620822386e-02
1.381729263547168407e-02
1.379589177598047195e-02
1.377452406627101451e-02
1.375318945495988127e-02
1.373188789074368359e-02
1.371061932239892554e-02
1.368938369878188940e-02
1.366818096882848645e-02
1.364701108155415114e-02
1.362587398605370238e-02
1.360476963150121683e-02
1.358369796714990058e-02
1.356265894233196767e-02
1.354165250645850832e-02
1.352067860901936397e-02
1.349973719958299546e-02
1.347882822779637030e-02
1.345795164338481689e-02
1.343710739615192745e-02
1.341629543597940184e-02
1.339551571282693483e-02
1.337476817673210333e-02
1.335405277781022068e-02
1.333336946625423083e-02
1.331271819233457131e-02
1.329209890639905349e-02
1.327151155887273774e-02
1.325095610025782064e-02
1.323043248113348752e-02
1.320994065215581707e-02
1.318948056405764083e-02
1.316905216764842866e-02
1.314865541381415523e-02
1.312829025351719588e-02
1.310795663779618959e-02
1.308765451776592453e-02
1.306738384461721483e-02
1.304714456961677399e-02
1.302693664410711251e-02
1.300676001950639218e-02
1.298661464730831855e-02
1.296650047908202985e-02
1.294641746647195481e-02
1.292636556119770679e-02
1.290634471505396411e-02
1.288635487991035208e-02
1.286639600771131119e-02
1.284646805047599989e-02
1.282657096029814724e-02
1.280670468934596781e-02
1.278686918986201258e-02
1.276706441416306480e-02
1.274729031464003244e-02
1.272754684375780945e-02
1.270783395405516818e-02
1.268815159814464834e-02
1.266849972871243388e-02
1.264887829851822978e-02
1.262928726039515628e-02
1.260972656724962740e-02
1.259019617206123647e-02
1.257069602788263817e-02
1.255122608783943230e-02
1.253178630513005799e-02
1.251237663302565660e-02
1.249299702486998329e-02
1.247364743407926996e-02
1.245432781414212292e-02
1.243503811861940145e-02
1.241577830114411023e-02
1.239654831542128834e-02
1.237734811522787394e-02
1.235817765441261755e-02
1.233903688689595365e-02
1.231992576666988623e-02
1.230084424779788292e-02
1.228179228441476402e-02
1.226276983072657409e-02
1.224377684101048483e-02
1.222481326961468232e-02
1.220587907095824383e-02
1.218697419953103551e-02
1.216809860989360136e-02
1.214925225667703827e-02
1.213043509458290765e-02
1.211164707838309484e-02
1.209288816291972934e-02
1.207415830310505298e-02
1.205545745392131926e-02
1.203678557042067374e-02
1.201814260772505159e-02
1.199952852102606493e-02
1.198094326558489693e-02
1.196238679673218563e-02
1.194385906986792333e-02
1.192536004046132990e-02
1.190688966405076786e-02
1.188844789624361568e-02
1.187003469271616547e-02
1.185165000921351540e-02
1.183329380154945695e-02
1.181496602560637606e-02
1.179666663733512991e-02
1.177839559275495676e-02
1.176015284795335451e-02
1.174193835908597834e-02
1.172375208237653836e-02
1.170559397411668687e-02
1.168746399066591078e-02
1.166936208845142757e-02
1.165128822396808116e-02
1.163324235377822917e-02
1.161522443451164406e-02
1.159723442286540035e-02
1.157927227560377748e-02
1.156133794955814358e-02
1.154343140162685313e-02
1.152555258877515677e-02
1.150770146803507463e-02
1.148987799650530613e-02
1.147208213135110684e-02
1.145431382980421908e-02
1.143657304916272446e-02
1.141885974679097450e-02
1.140117388011946571e-02
1.138351540664474942e-02
1.136588428392932074e-02
1.134828046960151098e-02
1.133070392135539922e-02
1.131315459695069262e-02
1.129563245421263268e-02
1.127813745103189644e-02
1.126066954536447846e-02
1.124322869523160760e-02
1.122581485871962555e-02
1.120842799397990877e-02
1.119106805922874016e-02
1.117373501274722576e-02
1.115642881288118372e-02
1.113914941804105413e-02
1.112189678670178448e-02
1.110467087740273084e-02
1.108747164874756760e-02
1.107029905940418169e-02
1.105315306810455804e-02
1.103603363364471027e-02
1.101894071488453836e-02
1.100187427074777666e-02
1.098483426022184989e-02
1.096782064235780375e-02
1.095083337627019218e-02
1.093387242113697845e-02
1.091693773619944151e-02
1.090002928076207016e-02
1.088314701419246938e-02
1.086629089592125973e-02
1.084946088544198016e-02
1.083265694231098572e-02
1.081587902614735731e-02
1.079912709663278549e-02
1.078240111351150277e-02
1.076570103659016224e-02
1.074902682573773867e-02
1.073237844088545043e-02
1.071575584202664327e-02
1.069915898921670362e-02
1.068258784257295792e-02
1.066604236227457550e-02
1.064952250856247666e-02
1.063302824173923029e-02
1.061655952216896195e-02
1.060011631027725151e-02
1.058369856655104989e-02
1.056730625153856802e-02
1.055093932584919014e-02
1.053459775015337316e-02
1.051828148518256338e-02
1.050199049172908378e-02
1.048572473064605069e-02
1.046948416284727845e-02
1.045326874930717527e-02
1.043707845106066172e-02
1.042091322920307012e-02
1.040477304489004738e-02
1.038865785933746309e-02
1.037256763382132449e-02
1.035650232967766024e-02
1.034046190830245279e-02
1.032444633115153082e-02
1.030845555974047728e-02
1.029248955564453227e-02
1.027654828049851497e-02
1.026063169599671261e-02
1.024473976389280068e-02
1.022887244599974058e-02
1.021302970418969808e-02
1.019721150039394099e-02
1.018141779660275241e-02
1.016564855486533706e-02
1.014990373728972932e-02
1.013418330604270653e-02
1.011848722334968663e-02
1.010281545149464659e-02
1.008716795282002705e-02
1.007154468972664210e-02
1.005594562467358732e-02
1.004037072017815481e-02
1.002481993881573080e-02
1.000929324321971417e-02
9.993790596081426197e-03
9.978311960150013440e-03
9.962857298232367931e-03
9.947426573193026561e-03
9.932019747954087818e-03
9.916636785495123313e-03
9.901277648853085839e-03
9.885942301122212228e-03
9.870630705453947024e-03
9.855342825056850539e-03
9.840078623196505184e-03
9.824838063195425256e-03
9.809621108432978881e-03
9.794427722345287399e-03
9.779257868425147299e-03
9.764111510221929607e-03
9.748988611341508764e-03
9.733889135446155069e-03
9.718813046254465293e-03
9.703760307541265534e-03
9.688730883137521011e-03
9.673724736930254531e-03
9.658741832862456286e-03
9.643782134933000585e-03
9.628845607196555648e-03
9.613932213763495133e-03
9.599041918799816608e-03
9.584174686527047876e-03
9.569330481222170642e-03
9.554509267217521640e-03
9.539711008900723238e-03
9.524935670714575892e-03
9.510183217156993954e-03
9.495453612780901595e-03
9.480746822194159942e-03
9.466062810059482080e-03
9.451401541094330699e-03
9.436762980070855650e-03
9.422147091815798528e-03
9.407553841210400739e-03
9.392983193190327165e-03
9.378435112745589844e-03
9.363909564920445613e-03
9.349406514813318053e-03
9.334925927576717686e-03
9.320467768417160445e-03
9.306032002595074001e-03
9.291618595424712759e-03
9.277227512274091939e-03
9.262858718564885227e-03
9.248512179772350184e-03
9.234187861425241506e-03
9.219885729105732966e-03
9.205605748449323736e-03
9.191347885144774202e-03
9.177112104934000147e-03
9.162898373612010303e-03
9.148706657026805730e-03
9.134536921079320845e-03
9.120389131723312393e-03
9.106263254965298731e-03
9.092159256864478303e-03
9.078077103532627284e-03
9.064016761134044073e-03
9.049978195885445206e-03
9.035961374055899442e-03
9.021966261966737552e-03
9.007992825991481198e-03
8.994041032555747522e-03
8.980110848137178026e-03
8.966202239265355298e-03
8.952315172521723222e-03
8.938449614539508911e-03
8.924605532003630770e-03
8.910782891650634308e-03
8.896981660268598463e-03
8.883201804697069687e-03
8.869443291826964795e-03
8.855706088600503317e-03
8.841990162011125962e-03
8.828295479103411350e-03
8.814622006972997956e-03
8.800969712766509509e-03
8.787338563681466527e-03
8.773728526966222130e-03
8.760139569919864894e-03
8.746571659892147729e-03
8.733024764283421962e-03
8.719498850544536717e-03
8.705993886176774735e-03
8.692509838731769106e-03
8.679046675811430411e-03
8.665604365067859985e-03
8.652182874203277058e-03
8.638782170969940694e-03
8.625402223170075197e-03
8.612042998655786846e-03
8.598704465328989299e-03
8.585386591141325532e-03
8.572089344094089777e-03
8.558812692238158132e-03
8.545556603673893151e-03
8.532321046551090069e-03
8.519105989068890064e-03
8.505911399475686585e-03
8.492737246069083715e-03
8.479583497195793823e-03
8.466450121251568178e-03
8.453337086681117149e-03
8.440244361978046020e-03
8.427171915684769990e-03
8.414119716392436110e-03
8.401087732740852160e-03
8.388075933418410318e-03
8.375084287162016042e-03
8.362112762757003062e-03
8.349161329037067467e-03
8.336229954884187901e-03
8.323318609228550977e-03
8.310427261048474942e-03
8.297555879370343765e-03
8.284704433268518659e-03
8.271872891865280839e-03
8.259061224330737846e-03
8.246269399882757631e-03
8.233497387786906097e-03
8.220745157356353430e-03
8.208012677951811650e-03
8.195299918981463483e-03
8.182606849900880830e-03
8.169933440212946707e-03
8.157279659467803201e-03
8.144645477262756061e-03
8.132030863242210514e-03
8.119435787097598403e-03
8.106860218567305335e-03
8.094304127436596080e-03
8.081767483537543456e-03
8.069250256748950259e-03
8.056752416996290286e-03
8.044273934251625069e-03
8.031814778533525809e-03
8.019374919907014398e-03
8.006954328483488828e-03
7.994552974420639918e-03
7.982170827922404482e-03
7.969807859238854306e-03
7.957464038666170122e-03
7.945139336546532330e-03
7.932833723268067211e-03
7.920547169264784484e-03
7.908279645016473222e-03
7.896031121048679297e-03
7.883801567932587420e-03
7.871590956284974308e-03
7.859399256768142758e-03
7.847226440089833180e-03
7.835072477003169819e-03
7.822937338306574021e-03
7.810820994843716523e-03
7.798723417503418583e-03
7.786644577219607732e-03
7.774584444971232786e-03
7.762542991782202251e-03
7.750520188721306269e-03
7.738516006902154167e-03
7.726530417483104193e-03
7.714563391667188068e-03
7.702614900702046789e-03
7.690684915879865587e-03
7.678773408537294988e-03
7.666880350055387504e-03
7.655005711859531707e-03
7.643149465419373303e-03
7.631311582248761355e-03
7.619492033905665013e-03
7.607690791992111935e-03
7.595907828154124103e-03
7.584143114081641490e-03
7.572396621508458749e-03
7.560668322212155817e-03
7.548958188014029402e-03
7.537266190779030525e-03
7.525592302415684727e-03
7.513936494876040026e-03
7.502298740155585385e-03
7.490679010293194336e-03
7.479077277371048646e-03
7.467493513514581946e-03
7.455927690892399928e-03
7.444379781716219634e-03
7.432849758240808735e-03
7.421337592763908343e-03
7.409843257626170555e-03
7.398366725211094272e-03
7.386907967944955807e-03
7.375466958296742967e-03
7.364043668778090870e-03
7.352638071943212554e-03
7.341250140388835659e-03
7.329879846754136508e-03
7.318527163720669852e-03
7.307192064012312492e-03
7.295874520395186948e-03
7.284574505677601612e-03
7.273291992709989169e-03
7.262026954384829397e-03
7.250779363636600597e-03
7.239549193441695459e-03
7.228336416818372488e-03
7.217141006826684017e-03
7.205962936568409416e-03
7.194802179186995245e-03
7.183658707867486733e-03
7.172532495836465329e-03
7.161423516361987984e-03
7.150331742753511695e-03
7.139257148361840589e-03
7.128199706579057410e-03
7.117159390838461927e-03
7.106136174614500686e-03
7.095130031422710627e-03
7.084140934819651431e-03
7.073168858402842200e-03
7.062213775810698146e-03
7.051275660722471604e-03
7.040354486858180043e-03
7.029450227978551423e-03
7.018562857884953071e-03
7.007692350419337038e-03
6.996838679464170707e-03
6.986001818942377817e-03
6.975181742817274273e-03
6.964378425092503967e-03
6.953591839811978925e-03
6.942821961059816860e-03
6.932068762960276985e-03
6.921332219677698433e-03
6.910612305416440407e-03
6.899908994420815393e-03
6.889222260975031049e-03
6.878552079403129488e-03
6.867898424068920489e-03
6.857261269375925991e-03
6.846640589767310700e-03
6.836036359725829181e-03
6.825448553773759072e-03
6.814877146472843837e-03
6.804322112424226847e-03
6.793783426268392399e-03
6.783261062685105869e-03
6.772754996393352996e-03
6.762265202151275696e-03
6.751791654756116555e-03
6.741334329044154638e-03
6.730893199890642178e-03
6.720468242209755132e-03
6.710059430954518588e-03
6.699666741116759063e-03
6.689290147727033377e-03
6.678929625854579215e-03
6.668585150607249205e-03
6.658256697131446737e-03
6.647944240612079989e-03
6.637647756272486467e-03
6.627367219374385304e-03
6.617102605217810470e-03
6.606853889141056126e-03
6.596621046520612444e-03
6.586404052771113564e-03
6.576202883345273406e-03
6.566017513733820622e-03
6.555847919465458695e-03
6.545694076106785275e-03
6.535555959262247076e-03
6.525433544574079162e-03
6.515326807722237289e-03
6.505235724424356276e-03
6.495160270435674545e-03
6.485100421548988144e-03
6.475056153594586569e-03
6.465027442440193783e-03
6.455014263990913569e-03
6.445016594189174886e-03
6.435034409014660749e-03
6.425067684484268328e-03
6.415116396652036090e-03
6.405180521609092625e-03
6.395260035483604603e-03
6.385354914440706520e-03
6.375465134682458193e-03
6.365590672447771908e-03
6.355731504012369915e-03
6.345887605688718507e-03
6.336058953825971646e-03
6.326245524809920653e-03
6.316447295062929158e-03
6.306664241043881056e-03
6.296896339248121525e-03
6.287143566207404125e-03
6.277405898489830938e-03
6.267683312699798802e-03
6.257975785477940325e-03
6.248283293501070979e-03
6.238605813482129246e-03
6.228943322170123718e-03
6.219295796350074110e-03
6.209663212842961820e-03
6.200045548505666616e-03
6.190442780230916327e-03
6.180854884947226124e-03
6.171281839618850823e-03
6.161723621245720692e-03
6.152180206863395485e-03
6.142651573542995923e-03
6.133137698391164655e-03
6.123638558550001214e-03
6.114154131197008235e-03
6.104684393545038550e-03
6.095229322842238805e-03
6.085788896371997422e-03
6.076363091452884752e-03
6.066951885438604496e-03
6.057555255717937334e-03
6.048173179714682809e-03
6.038805634887612489e-03
6.029452598730408383e-03
6.020114048771613505e-03
6.010789962574574624e-03
6.001480317737391962e-03
5.992185091892861942e-03
5.982904262708425153e-03
5.973637807886116036e-03
5.964385705162501307e-03
5.955147932308631382e-03
5.945924467129988338e-03
5.936715287466429528e-03
5.927520371192138149e-03
5.918339696215563391e-03
5.909173240479372730e-03
5.900020981960399022e-03
5.890882898669584124e-03
5.881758968651931187e-03
5.872649169986443943e-03
5.863553480786084203e-03
5.854471879197710275e-03
5.845404343402028392e-03
5.836350851613542404e-03
5.827311382080494796e-03
5.818285913084823326e-03
5.809274422942102035e-03
5.800276890001488349e-03
5.791293292645680567e-03
5.782323609290853685e-03
5.773367818386614288e-03
5.764425898415949379e-03
5.755497827895169997e-03
5.746583585373864385e-03
5.737683149434845940e-03
5.728796498694095976e-03
5.719923611800720349e-03
5.711064467436893950e-03
5.702219044317810397e-03
5.693387321191628256e-03
5.684569276839422473e-03
5.675764890075137535e-03
5.666974139745525885e-03
5.658197004730107157e-03
5.649433463941114404e-03
5.640683496323438580e-03
5.631947080854586909e-03
5.623224196544623910e-03
5.614514822436125416e-03
5.605818937604129144e-03
5.597136521156079181e-03
5.588467552231781744e-03
5.579812010003350545e-03
5.571169873675162545e-03
5.562541122483799852e-03
5.553925735698005475e-03
5.545323692618633026e-03
5.536734972578594670e-03
5.528159554942815163e-03
5.519597419108177201e-03
5.511048544503476324e-03
5.502512910589369734e-03
5.493990496858326862e-03
5.485481282834580793e-03
5.476985248074076225e-03
5.468502372164426098e-03
5.460032634724856955e-03
5.451576015406162101e-03
5.443132493890655635e-03
5.434702049892115201e-03
5.426284663155743829e-03
5.417880313458113550e-03
5.409488980607120301e-03
5.401110644441935345e-03
5.392745284832954969e-03
5.384392881681751911e-03
5.376053414921031122e-03
5.367726864514576861e-03
5.359413210457209323e-03
5.351112432774728263e-03
5.342824511523875698e-03
5.334549426792279531e-03
5.326287158698410178e-03
5.318037687391532001e-03
5.309800993051653865e-03
5.301577055889483171e-03
5.293365856146378147e-03
5.285167374094301013e-03
5.276981590035767673e-03
5.268808484303803483e-03
5.260648037261896406e-03
5.252500229303944113e-03
5.244365040854216675e-03
5.236242452367299328e-03
5.228132444328053435e-03
5.220034997251560976e-03
5.211950091683090723e-03
5.203877708198037522e-03
5.195817827401884997e-03
5.187770429930156114e-03
5.179735496448364604e-03
5.171713007651968994e-03
5.163702944266332709e-03
5.155705287046668563e-03
5.147720016777994519e-03
5.139747114275096396e-03
5.131786560382468020e-03
5.123838335974277396e-03
5.115902421954310331e-03
5.107978799255934003e-03
5.100067448842044923e-03
5.092168351705023827e-03
5.084281488866693177e-03
5.076406841378269461e-03
5.068544390320318081e-03
5.060694116802706526e-03
5.052856001964558391e-03
5.045030026974216091e-03
5.037216173029180136e-03
5.029414421356081383e-03
5.021624753210622918e-03
5.013847149877540162e-03
5.006081592670558363e-03
4.998328062932342296e-03
4.990586542034453760e-03
4.982857011377308208e-03
4.975139452390127913e-03
4.967433846530899463e-03
4.959740175286327796e-03
4.952058420171789356e-03
4.944388562731295671e-03
4.936730584537436101e-03
4.929084467191349218e-03
4.921450192322662960e-03
4.913827741589464268e-03
4.906217096678246181e-03
4.898618239303864468e-03
4.891031151209497725e-03
4.883455814166602280e-03
4.875892209974865346e-03
4.868340320462165131e-03
4.860800127484523996e-03
4.853271612926065952e-03
4.845754758698975900e-03
4.838249546743453658e-03
4.830755959027667988e-03
4.823273977547719304e-03
4.815803584327588496e-03
4.808344761419103969e-03
4.800897490901889601e-03
4.793461754883323982e-03
4.786037535498503109e-03
4.778624814910185752e-03
4.771223575308766555e-03
4.763833798912214465e-03
4.756455467966049303e-03
4.749088564743280186e-03
4.741733071544381242e-03
4.734388970697234363e-03
4.727056244557093639e-03
4.719734875506547203e-03
4.712424845955459976e-03
4.705126138340949386e-03
4.697838735127330724e-03
4.690562618806080712e-03
4.683297771895793271e-03
4.676044176942139620e-03
4.668801816517819704e-03
4.661570673222533573e-03
4.654350729682924133e-03
4.647141968552546791e-03
4.639944372511823484e-03
4.632757924267999310e-03
4.625582606555103497e-03
4.618418402133909507e-03
4.611265293791889062e-03
4.604123264343173982e-03
4.596992296628513684e-03
4.589872373515233549e-03
4.582763477897199358e-03
4.575665592694765256e-03
4.568578700854742519e-03
4.561502785350353591e-03
4.554437829181194781e-03
4.547383815373188566e-03
4.540340726978552358e-03
4.533308547075749068e-03
4.526287258769451545e-03
4.519276845190502677e-03
4.512277289495871153e-03
4.505288574868612436e-03
4.498310684517825390e-03
4.491343601678622795e-03
4.484387309612077564e-03
4.477441791605188924e-03
4.470507030970844245e-03
4.463583011047774808e-03
4.456669715200516774e-03
4.449767126819371282e-03
4.442875229320368893e-03
4.435994006145221012e-03
4.429123440761287799e-03
4.422263516661537400e-03
4.415414217364498246e-03
4.408575526414234766e-03
4.401747427380290137e-03
4.394929903857660268e-03
4.388122939466751297e-03
4.381326517853332755e-03
4.374540622688508074e-03
4.367765237668671217e-03
4.361000346515465052e-03
4.354245932975750119e-03
4.347501980821553459e-03
4.340768473850042594e-03
4.334045395883476086e-03
4.327332730769172311e-03
4.320630462379465228e-03
4.313938574611669678e-03
4.307257051388038022e-03
4.300585876655726308e-03
4.293925034386752645e-03
4.287274508577962502e-03
4.280634283250982740e-03
4.274004342452192989e-03
4.267384670252677946e-03
4.260775250748196144e-03
4.254176068059139192e-03
4.247587106330491004e-03
4.241008349731794844e-03
4.234439782457111688e-03
4.227881388724983799e-03
4.221333152778393091e-03
4.214795058884732507e-03
4.208267091335754842e-03
4.201749234447547596e-03
4.195241472560487864e-03
4.188743790039207646e-03
4.182256171272554814e-03
4.175778600673556683e-03
4.169311062679380980e-03
4.162853541751299416e-03
4.156406022374653855e-03
4.149968489058812084e-03
4.143540926337135714e-03
4.137123318766940290e-03
4.130715650929460588e-03
4.124317907429812455e-03
4.117930072896957248e-03
4.111552131983658466e-03
4.105184069366453990e-03
4.098825869745617058e-03
4.092477517845110289e-03
4.086138998412561403e-03
4.079810296219222449e-03
4.073491396059929041e-03
4.067182282753068270e-03
4.060882941140539666e-03
4.054593356087722242e-03
4.048313512483435461e-03
4.042043395239901943e-03
4.035782989292714500e-03
4.029532279600794506e-03
4.023291251146365009e-03
4.017059888934903025e-03
4.010838177995114384e-03
4.004626103378890363e-03
3.998423650161274726e-03
3.992230803440427293e-03
3.986047548337587516e-03
3.979873869997043248e-03
3.973709753586084775e-03
3.967555184294981399e-03
3.961410147336937200e-03
3.955274627948058945e-03
3.949148611387321393e-03
3.943032082936527398e-03
3.936925027900281017e-03
3.930827431605941544e-03
3.924739279403598353e-03
3.918660556666024065e-03
3.912591248788654594e-03
3.906531341189540575e-03
3.900480819309318312e-03
3.894439668611175947e-03
3.888407874580813994e-03
3.882385422726415420e-03
3.876372298578607042e-03
3.870368487690426570e-03
3.864373975637287913e-03
3.858388748016946049e-03
3.852412790449461465e-03
3.846446088577168496e-03
3.840488628064636732e-03
3.834540394598640652e-03
3.828601373888123639e-03
3.822671551664162844e-03
3.816750913679934493e-03
3.810839445710680930e-03
3.804937133553677655e-03
3.799043963028196028e-03
3.793159919975472912e-03
3.787284990258672074e-03
3.781419159762854695e-03
3.775562414394942508e-03
3.769714740083686139e-03
3.763876122779627811e-03
3.758046548455072286e-03
3.752226003104049135e-03
3.746414472742282380e-03
3.740611943407154503e-03
3.734818401157672611e-03
3.729033832074437217e-03
3.723258222259607109e-03
3.717491557836865960e-03
3.711733824951390232e-03
3.705985009769814913e-03
3.700245098480200133e-03
3.694514077291997760e-03
3.688791932436020181e-03
3.683078650164405173e-03
3.677374216750583374e-03
3.671678618489244896e-03
3.665991841696309393e-03
3.660313872708887036e-03
3.654644697885252921e-03
3.648984303604809343e-03
3.643332676268053270e-03
3.637689802296546412e-03
3.632055668132881405e-03
3.626430260240647106e-03
3.620813565104401277e-03
3.615205569229630253e-03
3.609606259142724219e-03
3.604015621390940782e-03
3.598433642542373315e-03
3.592860309185918859e-03
3.587295607931246036e-03
3.581739525408762521e-03
3.576192048269583382e-03
3.570653163185499423e-03
3.565122856848942489e-03
3.559601115972957711e-03
3.554087927291167074e-03
3.548583277557742967e-03
3.543087153547370451e-03
3.537599542055219499e-03
3.532120429896912044e-03
3.526649803908489880e-03
3.521187650946383009e-03
3.515733957887380579e-03
3.510288711628594890e-03
3.504851899087433643e-03
3.499423507201566974e-03
3.494003522928895798e-03
3.488591933247520583e-03
3.483188725155712297e-03
3.477793885671877708e-03
3.472407401834530765e-03
3.467029260702259204e-03
3.461659449353695923e-03
3.456297954887485157e-03
3.450944764422255156e-03
3.445599865096583489e-03
3.440263244068969290e-03
3.434934888517799864e-03
3.429614785641320763e-03
3.424302922657605861e-03
3.418999286804525264e-03
3.413703865339716252e-03
3.408416645540550752e-03
3.403137614704106716e-03
3.397866760147136896e-03
3.392604069206037621e-03
3.387349529236817567e-03
3.382103127615071741e-03
3.376864851735945482e-03
3.371634689014108011e-03
3.366412626883720765e-03
3.361198652798407481e-03
3.355992754231224267e-03
3.350794918674628812e-03
3.345605133640449595e-03
3.340423386659861164e-03
3.335249665283345107e-03
3.330083957080669232e-03
3.324926249640849409e-03
3.319776530572127876e-03
3.314634787501937255e-03
3.309501008076873654e-03
3.304375179962667185e-03
3.299257290844150297e-03
3.294147328425230028e-03
3.289045280428857642e-03
3.283951134597000443e-03
3.278864878690609247e-03
3.273786500489593229e-03
3.268715987792786964e-03
3.263653328417922671e-03
3.258598510201600722e-03
3.253551520999261454e-03
3.248512348685152640e-03
3.243480981152304776e-03
3.238457406312500279e-03
3.233441612096242274e-03
3.228433586452727263e-03
3.223433317349819974e-03
3.218440792774015635e-03
3.213456000730419582e-03
3.208478929242715178e-03
3.203509566353132144e-03
3.198547900122424882e-03
3.193593918629836041e-03
3.188647608982751996e-03
3.183708960290706699e-03
3.178777960688238414e-03
3.173854599807809582e-03
3.168938863843433033e-03
3.164030741479421666e-03
3.159130220923601906e-03
3.154237290402122761e-03
3.149351938159370388e-03
3.144474152457939469e-03
3.139603921578601551e-03
3.134741233819148855e-03
3.129886077498015944e-03
3.125038440950217433e-03
3.120198312528835085e-03
3.115365680605119720e-03
3.110540533568326420e-03
3.105722859825697183e-03
3.100912647802429260e-03
3.096109885941644799e-03
3.091314562704366997e-03
3.086526666569492771e-03
3.081746186033758935e-03
3.076973109611722684e-03
3.072207425835728201e-03
3.067449123255881500e-03
3.062698190440022675e-03
3.057954615973697710e-03
3.053218388460131154e-03
3.048489496520201403e-03
3.043767928792408609e-03
3.039053673932850825e-03
3.034346720615196686e-03
3.029647057530654615e-03
3.024954673387950273e-03
3.020269556913298802e-03
3.015591696850373170e-03
3.010921081960282915e-03
3.006257701021544226e-03
3.001601542830052618e-03
2.996952596199058214e-03
2.992310849959134954e-03
2.987676292958158040e-03
2.983048914061275751e-03
2.978428702150881253e-03
2.973815646126586575e-03
2.969209734905197892e-03
2.964610957420685602e-03
2.960019302624159604e-03
2.955434759483845011e-03
2.950857316985048759e-03
2.946286964130142693e-03
2.941723689938527571e-03
2.937167483446613981e-03
2.932618333707791552e-03
2.928076229792405099e-03
2.923541160787726870e-03
2.919013115797933558e-03
2.914492083944072477e-03
2.909978054364045948e-03
2.905471016212576169e-03
2.900970958661184401e-03
2.896477870898161912e-03
2.891991742128547857e-03
2.887512561574097185e-03
2.883040318473262861e-03
2.878575002081161169e-03
2.874116601669553933e-03
2.869665106526816858e-03
2.865220505957916976e-03
2.860782789284385761e-03
2.856351945844293975e-03
2.851927964992225211e-03
2.847510836099251610e-03
2.843100548552907406e-03
2.838697091757163334e-03
2.834300455132403220e-03
2.829910628115392748e-03
2.825527600159264286e-03
2.821151360733479153e-03
2.816781899323812875e-03
2.812419205432323960e-03
2.808063268577329612e-03
2.803714078293384048e-03
2.799371624131247703e-03
2.795035895657866851e-03
2.790706882456344979e-03
2.786384574125922407e-03
2.782068960281945062e-03
2.777760030555844091e-03
2.773457774595111582e-03
2.769162182063270635e-03
2.764873242639855847e-03
2.760590946020386859e-03
2.756315281916339732e-03
2.752046240055130467e-03
2.747783810180082047e-03
2.743527982050403616e-03
2.739278745441167499e-03
2.735036090143279277e-03
2.730800005963459568e-03
2.726570482724215410e-03
2.722347510263816838e-03
2.718131078436273468e-03
2.713921177111308040e-03
2.709717796174333868e-03
2.705520925526429254e-03
2.701330555084316236e-03
2.697146674780331529e-03
2.692969274562405715e-03
2.688798344394038951e-03
2.684633874254274515e-03
2.680475854137678426e-03
2.676324274054312120e-03
2.672179124029709901e-03
2.668040394104853347e-03
2.663908074336151371e-03
2.659782154795413325e-03
2.655662625569823847e-03
2.651549476761920748e-03
2.647442698489573757e-03
2.643342280885955468e-03
2.639248214099523121e-03
2.635160488293988683e-03
2.631079093648302798e-03
2.627004020356624430e-03
2.622935258628301351e-03
2.618872798687844113e-03
2.614816630774904806e-03
2.610766745144251898e-03
2.606723132065748988e-03
2.602685781824327482e-03
2.598654684719968379e-03
2.594629831067673652e-03
2.590611211197447160e-03
2.586598815454270364e-03
2.582592634198077174e-03
2.578592657803732268e-03
2.574598876661010269e-03
2.570611281174567560e-03
2.566629861763922767e-03
2.562654608863434644e-03
2.558685512922274745e-03
2.554722564404408782e-03
2.550765753788572336e-03
2.546815071568247005e-03
2.542870508251638718e-03
2.538932054361654322e-03
2.534999700435878588e-03
2.531073437026552537e-03
2.527153254700549578e-03
2.523239144039353832e-03
2.519331095639037142e-03
2.515429100110235655e-03
2.511533148078128139e-03
2.507643230182414300e-03
2.503759337077289624e-03
2.499881459431425867e-03
2.496009587927946333e-03
2.492143713264405487e-03
2.488283826152765978e-03
2.484429917319374778e-03
2.480581977504941939e-03
2.476739997464519338e-03
2.472903967967478561e-03
2.469073879797485313e-03
2.465249723752481643e-03
2.461431490644661654e-03
2.457619171300449816e-03
2.453812756560477554e-03
2.450012237279564162e-03
2.446217604326692083e-03
2.442428848584987395e-03
2.438645960951694655e-03
2.434868932338159122e-03
2.431097753669801166e-03
2.427332415886096755e-03
2.423572909940554469e-03
2.419819226800695115e-03
2.416071357448028745e-03
2.412329292878032973e-03
2.408593024100132585e-03
2.404862542137675696e-03
2.401137838027917696e-03
2.397418902821990463e-03
2.393705727584889351e-03
2.389998303395447603e-03
2.386296621346315535e-03
2.382600672543939285e-03
2.378910448108539997e-03
2.375225939174091701e-03
2.371547136888300499e-03
2.367874032412583315e-03
2.364206616922046207e-03
2.360544881605462254e-03
2.356888817665253339e-03
2.353238416317467597e-03
2.349593668791755130e-03
2.345954566331353262e-03
2.342321100193059651e-03
2.338693261647213639e-03
2.335071041977676738e-03
2.331454432481809211e-03
2.327843424470450121e-03
2.324238009267896518e-03
2.320638178211883052e-03
2.317043922653560292e-03
2.313455233957474339e-03
2.309872103501546883e-03
2.306294522677053080e-03
2.302722482888599001e-03
2.299155975554108625e-03
2.295594992104793477e-03
2.292039523985137887e-03
2.288489562652878603e-03
2.284945099578982678e-03
2.281406126247624479e-03
2.277872634156171382e-03
2.274344614815156877e-03
2.270822059748264527e-03
2.267304960492306284e-03
2.263793308597202101e-03
2.260287095625958254e-03
2.256786313154650423e-03
2.253290952772400279e-03
2.249801006081355963e-03
2.246316464696674741e-03
2.242837320246497852e-03
2.239363564371934026e-03
2.235895188727039101e-03
2.232432184978793473e-03
2.228974544807086483e-03
2.225522259904691696e-03
2.222075321977250422e-03
2.218633722743249600e-03
2.215197453934002712e-03
2.211766507293631574e-03
2.208340874579042042e-03
2.204920547559910144e-03
2.201505518018657351e-03
2.198095777750431936e-03
2.194691318563092488e-03
2.191292132277184498e-03
2.187898210725921708e-03
2.184509545755166163e-03
2.181126129223410429e-03
2.177747953001757213e-03
2.174375008973897239e-03
2.171007289036094075e-03
2.167644785097162016e-03
2.164287489078448295e-03
2.160935392913807939e-03
2.157588488549595090e-03
2.154246767944633517e-03
2.150910223070202736e-03
2.147578845910017627e-03
2.144252628460207623e-03
2.140931562729300221e-03
2.137615640738199738e-03
2.134304854520166928e-03
2.130999196120805534e-03
2.127698657598034969e-03
2.124403231022078606e-03
2.121112908475439925e-03
2.117827682052886035e-03
2.114547543861428156e-03
2.111272486020300369e-03
2.108002500660944439e-03
2.104737579926989864e-03
2.101477715974231757e-03
2.098222900970616537e-03
2.094973127096220675e-03
2.091728386543231181e-03
2.088488671515930425e-03
2.085253974230671416e-03
2.082024286915866093e-03
2.078799601811961474e-03
2.075579911171422740e-03
2.072365207258715022e-03
2.069155482350284753e-03
2.065950728734538850e-03
2.062750938711830836e-03
2.059556104594438726e-03
2.056366218706545939e-03
2.053181273384226124e-03
2.050001260975422342e-03
2.046826173839929285e-03
2.043656004349374625e-03
2.040490744887202106e-03
2.037330387848651156e-03
2.034174925640740844e-03
2.031024350682247761e-03
2.027878655403693442e-03
2.024737832247321383e-03
2.021601873667083597e-03
2.018470772128615025e-03
2.015344520109222260e-03
2.012223110097863601e-03
2.009106534595131270e-03
2.005994786113230160e-03
2.002887857175964827e-03
1.999785740318717805e-03
1.996688428088434861e-03
1.993595913043601578e-03
1.990508187754232508e-03
1.987425244801849494e-03
1.984347076779462149e-03
1.981273676291554417e-03
1.978205035954064186e-03
1.975141148394364641e-03
1.972082006251249086e-03
1.969027602174911427e-03
1.965977928826930562e-03
1.962932978880248692e-03
1.959892745019158316e-03
1.956857219939281845e-03
1.953826396347555991e-03
1.950800266962210948e-03
1.947778824512756950e-03
1.944762061739964756e-03
1.941749971395848083e-03
1.938742546243645394e-03
1.935739779057804935e-03
1.932741662623966737e-03
1.929748189738942016e-03
1.926759353210701249e-03
1.923775145858352053e-03
1.920795560512124876e-03
1.917820590013355432e-03
1.914850227214465184e-03
1.911884464978947469e-03
1.908923296181348414e-03
1.905966713707249157e-03
1.903014710453252182e-03
1.900067279326959641e-03
1.897124413246959471e-03
1.894186105142807832e-03
1.891252347955010675e-03
1.888323134635008565e-03
1.885398458145158681e-03
1.882478311458718771e-03
1.879562687559829370e-03
1.876651579443497538e-03
1.873744980115579512e-03
1.870842882592764012e-03
1.867945279902556840e-03
1.865052165083261587e-03
1.862163531183965532e-03
1.859279371264519918e-03
1.856399678395527150e-03
1.853524445658320417e-03
1.850653666144949378e-03
1.847787332958163034e-03
1.844925439211392163e-03
1.842067978028735006e-03
1.839214942544937755e-03
1.836366325905381541e-03
1.833522121266061835e-03
1.830682321793576086e-03
1.827846920665104642e-03
1.825015911068395133e-03
1.822189286201746214e-03
1.819367039273991947e-03
1.816549163504483809e-03
1.813735652123075288e-03
1.810926498370105629e-03
1.808121695496384867e-03
1.805321236763173876e-03
1.802525115442173099e-03
1.799733324815503245e-03
1.796945858175688377e-03
1.794162708825643117e-03
1.791383870078653347e-03
1.788609335258362337e-03
1.785839097698753604e-03
1.783073150744134876e-03
1.780311487749122474e-03
1.777554102078625483e-03
1.774800987107829492e-03
1.772052136222181194e-03
1.769307542817370824e-03
1.766567200299318718e-03
1.763831102084157309e-03
1.761099241598216604e-03
1.758371612278008134e-03
1.755648207570209346e-03
1.752929020931647333e-03
1.750214045829283881e-03
1.747503275740198330e-03
1.744796704151573485e-03
1.742094324560679785e-03
1.739396130474858172e-03
1.736702115411506214e-03
1.734012272898062057e-03
1.731326596471988383e-03
1.728645079680756792e-03
1.725967716081833496e-03
1.723294499242663050e-03
1.720625422740652095e-03
1.717960480163155043e-03
1.715299665107458682e-03
1.712642971180766563e-03
1.709990392000182956e-03
1.707341921192697884e-03
1.704697552395173683e-03
1.702057279254325485e-03
1.699421095426711242e-03
1.696788994578711995e-03
1.694160970386518862e-03
1.691537016536117212e-03
1.688917126723272566e-03
1.686301294653513470e-03
1.683689514042117832e-03
1.681081778614098394e-03
1.678478082104185604e-03
1.675878418256813301e-03
1.673282780826106141e-03
1.670691163575860078e-03
1.668103560279531527e-03
1.665519964720220229e-03
1.662940370690654725e-03
1.660364771993177611e-03
1.657793162439730357e-03
1.655225535851838565e-03
1.652661886060597654e-03
1.650102206906657468e-03
1.647546492240207095e-03
1.644994735920961640e-03
1.642446931818144660e-03
1.639903073810477108e-03
1.637363155786159333e-03
1.634827171642858502e-03
1.632295115287693207e-03
1.629766980637218070e-03
1.627242761617410513e-03
1.624722452163656012e-03
1.622206046220731621e-03
1.619693537742794261e-03
1.617184920693363805e-03
1.614680189045310504e-03
1.612179336780838936e-03
1.609682357891474569e-03
1.607189246378047708e-03
1.604699996250682223e-03
1.602214601528777985e-03
1.599733056240997854e-03
1.597255354425253585e-03
1.594781490128691082e-03
1.592311457407675872e-03
1.589845250327778792e-03
1.587382862963763411e-03
1.584924289399569121e-03
1.582469523728298987e-03
1.580018560052204356e-03
1.577571392482671198e-03
1.575128015140206004e-03
1.572688422154421267e-03
1.570252607664022462e-03
1.567820565816792225e-03
1.565392290769577989e-03
1.562967776688277020e-03
1.560547017747821895e-03
1.558130008132168134e-03
1.555716742034278814e-03
1.553307213656110681e-03
1.550901417208601146e-03
1.548499346911654407e-03
1.546100996994125834e-03
1.543706361693809610e-03
1.541315435257425287e-03
1.538928211940601958e-03
1.536544686007866979e-03
1.534164851732630142e-03
1.531788703397170878e-03
1.529416235292624382e-03
1.527047441718968170e-03
1.524682316985007764e-03
1.522320855408363250e-03
1.519963051315455617e-03
1.517608899041493530e-03
1.515258392930460100e-03
1.512911527335097060e-03
1.510568296616893701e-03
1.508228695146071911e-03
1.505892717301573385e-03
1.503560357471046393e-03
1.501231610050830171e-03
1.498906469445944944e-03
1.496584930070074797e-03
1.494266986345557484e-03
1.491952632703368812e-03
1.489641863583109852e-03
1.487334673432994360e-03
1.485031056709834249e-03
1.482731007879027228e-03
1.480434521414542926e-03
1.478141591798909880e-03
1.475852213523202528e-03
1.473566381087026240e-03
1.471284088998508002e-03
1.469005331774279281e-03
1.466730103939463230e-03
1.464458400027664501e-03
1.462190214580952980e-03
1.459925542149852510e-03
1.457664377293327231e-03
1.455406714578768137e-03
1.453152548581981146e-03
1.450901873887172145e-03
1.448654685086935706e-03
1.446410976782241432e-03
1.444170743582421377e-03
1.441933980105156382e-03
1.439700680976463507e-03
1.437470840830683662e-03
1.435244454310467734e-03
1.433021516066764227e-03
1.430802020758806465e-03
1.428585963054099803e-03
1.426373337628408615e-03
1.424164139165743281e-03
1.421958362358348481e-03
1.419756001906688232e-03
1.417557052519435694e-03
1.415361508913460164e-03
1.413169365813811244e-03
1.410980617953710168e-03
1.408795260074535271e-03
1.406613286925809418e-03
1.404434693265187422e-03
1.402259473858443470e-03
1.400087623479458979e-03
1.397919136910209153e-03
1.395754008940751920e-03
1.393592234369213411e-03
1.391433808001777111e-03
1.389278724652670853e-03
1.387126979144153805e-03
1.384978566306505413e-03
1.382833480978011521e-03
1.380691718004952015e-03
1.378553272241590409e-03
1.376418138550158671e-03
1.374286311800846381e-03
1.372157786871789666e-03
1.370032558649055812e-03
1.367910622026633936e-03
1.365791971906420892e-03
1.363676603198208694e-03
1.361564510819675408e-03
1.359455689696368675e-03
1.357350134761696600e-03
1.355247840956913877e-03
1.353148803231110945e-03
1.351053016541200764e-03
1.348960475851907100e-03
1.346871176135753254e-03
1.344785112373048184e-03
1.342702279551875877e-03
1.340622672668082991e-03
1.338546286725266713e-03
1.336473116734761962e-03
1.334403157715631852e-03
1.332336404694652726e-03
1.330272852706303752e-03
1.328212496792755427e-03
1.326155332003856567e-03
1.324101353397123034e-03
1.322050556037725373e-03
1.320002934998477971e-03
1.317958485359825831e-03
1.315917202209833945e-03
1.313879080644174500e-03
1.311844115766116906e-03
1.309812302686513483e-03
1.307783636523788618e-03
1.305758112403928792e-03
1.303735725460468918e-03
1.301716470834480633e-03
1.299700343674561453e-03
1.297687339136823718e-03
1.295677452384880494e-03
1.293670678589836903e-03
1.291667012930276673e-03
1.289666450592250871e-03
1.287668986769266834e-03
1.285674616662276252e-03
1.283683335479663236e-03
1.281695138437234345e-03
1.279710020758204709e-03
1.277727977673188487e-03
1.275749004420186289e-03
1.273773096244575423e-03
1.271800248399096011e-03
1.269830456143841669e-03
1.267863714746246279e-03
1.265900019481075098e-03
1.263939365630410228e-03
1.261981748483642814e-03
1.260027163337457861e-03
1.258075605495827297e-03
1.256127070269993928e-03
1.254181552978464714e-03
1.252239048946995588e-03
1.250299553508583440e-03
1.248363062003453100e-03
1.246429569779046063e-03
1.244499072190010953e-03
1.242571564598189855e-03
1.240647042372609431e-03
1.238725500889468990e-03
1.236806935532128345e-03
1.234891341691098272e-03
1.232978714764029239e-03
1.231069050155699472e-03
1.229162343278003902e-03
1.227258589549944838e-03
1.225357784397618742e-03
1.223459923254206251e-03
1.221565001559961339e-03
1.219673014762201338e-03
1.217783958315293283e-03
1.215897827680644363e-03
1.214014618326693471e-03
1.212134325728896241e-03
1.210256945369715936e-03
1.208382472738613695e-03
1.206510903332036174e-03
1.204642232653404914e-03
1.202776456213106590e-03
1.200913569528480650e-03
1.199053568123809770e-03
1.197196447530309450e-03
1.195342203286115434e-03
1.193490830936274824e-03
1.191642326032733715e-03
1.189796684134328524e-03
1.187953900806773848e-03
1.186113971622651617e-03
1.184276892161402212e-03
1.182442658009311880e-03
1.180611264759502546e-03
1.178782708011922925e-03
1.176956983373335288e-03
1.175134086457307230e-03
1.173314012884199521e-03
1.171496758281156784e-03
1.169682318282096005e-03
1.167870688527695468e-03
1.166061864665386954e-03
1.164255842349343380e-03
1.162452617240467738e-03
1.160652185006383558e-03
1.158854541321425145e-03
1.157059681866626742e-03
1.155267602329710383e-03
1.153478298405078307e-03
1.151691765793801244e-03
1.149908000203607797e-03
1.148126997348874676e-03
1.146348752950616511e-03
1.144573262736475012e-03
1.142800522440709423e-03
1.141030527804184815e-03
1.139263274574364064e-03
1.137498758505296140e-03
1.135736975357605916e-03
1.133977920898485061e-03
1.132221590901679896e-03
1.130467981147483371e-03
1.128717087422724009e-03
1.126968905520755061e-03
1.125223431241446264e-03
1.123480660391171487e-03
1.121740588782800486e-03
1.120003212235687632e-03
1.118268526575662584e-03
1.116536527635020749e-03
1.114807211252511355e-03
1.113080573273329430e-03
1.111356609549104743e-03
1.109635315937892910e-03
1.107916688304163037e-03
1.106200722518791216e-03
1.104487414459047511e-03
1.102776760008588588e-03
1.101068755057444922e-03
1.099363395502014288e-03
1.097660677245049623e-03
1.095960596195649046e-03
1.094263148269247624e-03
1.092568329387606741e-03
1.090876135478803695e-03
1.089186562477222585e-03
1.087499606323544558e-03
1.085815262964737616e-03
1.084133528354048158e-03
1.082454398450989272e-03
1.080777869221332278e-03
1.079103936637096969e-03
1.077432596676541855e-03
1.075763845324153971e-03
1.074097678570639768e-03
1.072434092412916226e-03
1.070773082854099357e-03
1.069114645903495751e-03
1.067458777576593470e-03
1.065805473895050986e-03
1.064154730886689810e-03
1.062506544585482132e-03
1.060860911031544316e-03
1.059217826271124539e-03
1.057577286356595203e-03
1.055939287346443177e-03
1.054303825305259821e-03
1.052670896303731229e-03
1.051040496418629991e-03
1.049412621732805431e-03
1.047787268335172552e-03
1.046164432320704444e-03
1.044544109790423395e-03
1.042926296851388532e-03
1.041310989616691047e-03
1.039698184205439671e-03
1.038087876742755690e-03
1.036480063359761228e-03
1.034874740193570796e-03
1.033271903387281533e-03
1.031671549089964099e-03
1.030073673456654432e-03
1.028478272648343126e-03
1.026885342831966325e-03
1.025294880180397262e-03
1.023706880872436937e-03
1.022121341092804142e-03
1.020538257032127657e-03
1.018957624886935621e-03
1.017379440859647079e-03
1.015803701158563303e-03
1.014230401997858041e-03
1.012659539597568405e-03
1.011091110183586200e-03
1.009525109987648595e-03
1.007961535247329458e-03
1.006400382206029155e-03
1.004841647112967402e-03
1.003285326223171767e-03
1.001731415797472470e-03
1.000179912102488067e-03
9.986308114106219862e-04
9.970841100000501622e-04
9.955398041547121497e-04
9.939978901643035328e-04
9.924583643242674679e-04
9.909212229357838419e-04
9.893864623057612492e-04
9.878540787468287517e-04
9.863240685773261209e-04
9.847964281212953815e-04
9.832711537084719202e-04
9.817482416742766803e-04
9.802276883598046685e-04
9.787094901118193174e-04
9.771936432827416433e-04
9.756801442306423317e-04
9.741689893192321962e-04
9.726601749178549142e-04
9.711536974014769443e-04
9.696495531506789606e-04
9.681477385516481550e-04
9.666482499961682627e-04
9.651510838816118642e-04
9.636562366109313865e-04
9.621637045926503210e-04
9.606734842408544417e-04
9.591855719751841069e-04
9.576999642208243934e-04
9.562166574084975069e-04
9.547356479744537831e-04
9.532569323604630140e-04
9.517805070138060999e-04
9.503063683872664839e-04
9.488345129391219119e-04
9.473649371331352171e-04
9.458976374385465137e-04
9.444326103300637642e-04
9.429698522878560574e-04
9.415093597975435257e-04
9.400511293501891043e-04
9.385951574422909428e-04
9.371414405757736224e-04
9.356899752579791573e-04
9.342407580016591885e-04
9.327937853249665271e-04
9.313490537514470223e-04
9.299065598100304548e-04
9.284663000350229468e-04
9.270282709660983972e-04
9.255924691482900245e-04
9.241588911319821272e-04
9.227275334729019519e-04
9.212983927321114538e-04
9.198714654759986226e-04
9.184467482762696767e-04
9.170242377099403893e-04
9.156039303593286076e-04
9.141858228120448198e-04
9.127699116609857589e-04
9.113561935043239942e-04
9.099446649455017510e-04
9.085353225932215867e-04
9.071281630614385846e-04
9.057231829693521141e-04
9.043203789413980240e-04
9.029197476072406197e-04
9.015212856017632307e-04
9.001249895650622473e-04
8.987308561424372545e-04
8.973388819843840930e-04
8.959490637465860772e-04
8.945613980899062975e-04
8.931758816803798138e-04
8.917925111892051988e-04
8.904112832927368404e-04
8.890321946724770268e-04
8.876552420150673811e-04
8.862804220122815976e-04
8.849077313610173101e-04
8.835371667632878519e-04
8.821687249262146662e-04
8.808024025620191750e-04
8.794381963880151896e-04
8.780761031266007786e-04
8.767161195052501372e-04
8.753582422565063222e-04
8.740024681179729043e-04
8.726487938323067035e-04
8.712972161472091158e-04
8.699477318154190657e-04
8.686003375947047665e-04
8.672550302478562387e-04
8.659118065426769624e-04
8.645706632519771550e-04
8.632315971535647718e-04
8.618946050302385680e-04
8.605596836697804002e-04
8.592268298649469865e-04
8.578960404134626429e-04
8.565673121180115849e-04
8.552406417862296875e-04
8.539160262306974385e-04
8.525934622689322400e-04
8.512729467233804944e-04
8.499544764214099057e-04
8.486380481953019993e-04
8.473236588822448574e-04
8.460113053243250962e-04
8.447009843685200593e-04
8.433926928666908790e-04
8.420864276755744534e-04
8.407821856567762901e-04
8.394799636767622669e-04
8.381797586068520179e-04
8.368815673232105849e-04
8.355853867068414789e-04
8.342912136435787652e-04
8.329990450240801246e-04
8.317088777438187220e-04
8.304207087030763754e-04
8.291345348069357503e-04
8.278503529652726615e-04
8.265681600927494597e-04
8.252879531088065743e-04
8.240097289376565508e-04
8.227334845082746179e-04
8.214592167543935917e-04
8.201869226144946606e-04
8.189165990318010959e-04
8.176482429542703380e-04
8.163818513345871657e-04
8.151174211301556727e-04
8.138549493030930882e-04
8.125944328202211030e-04
8.113358686530596896e-04
8.100792537778189707e-04
8.088245851753930390e-04
8.075718598313515011e-04
8.063210747359328629e-04
8.050722268840372663e-04
8.038253132752193331e-04
8.025803309136807923e-04
8.013372768082635414e-04
8.000961479724414066e-04
7.988569414243147215e-04
7.976196541866019786e-04
7.963842832866329996e-04
7.951508257563413449e-04
7.939192786322580263e-04
7.926896389555040251e-04
7.914619037717824865e-04
7.902360701313730813e-04
7.890121350891233327e-04
7.877900957044425443e-04
7.865699490412945364e-04
7.853516921681903814e-04
7.841353221581818991e-04
7.829208360888536330e-04
7.817082310423169962e-04
7.804975041052020310e-04
7.792886523686520968e-04
7.780816729283145453e-04
7.768765628843362758e-04
7.756733193413547361e-04
7.744719394084919597e-04
7.732724201993476263e-04
7.720747588319920151e-04
7.708789524289586317e-04
7.696849981172378119e-04
7.684928930282699990e-04
7.673026342979378297e-04
7.661142190665606042e-04
7.649276444788863719e-04
7.637429076840855343e-04
7.625600058357444484e-04
7.613789360918570785e-04
7.601996956148200082e-04
7.590222815714240930e-04
7.578466911328489300e-04
7.566729214746553776e-04
7.555009697767780738e-04
7.543308332235202328e-04
7.531625090035461633e-04
7.519959943098737882e-04
7.508312863398690059e-04
7.496683822952384269e-04
7.485072793820225431e-04
7.473479748105895477e-04
7.461904657956276374e-04
7.450347495561398083e-04
7.438808233154356160e-04
7.427286843011257546e-04
7.415783297451142503e-04
7.404297568835930404e-04
7.392829629570343841e-04
7.381379452101844655e-04
7.369947008920572137e-04
7.358532272559270386e-04
7.347135215593225428e-04
7.335755810640200159e-04
7.324394030360369297e-04
7.313049847456249992e-04
7.301723234672638941e-04
7.290414164796544085e-04
7.279122610657129313e-04
7.267848545125628812e-04
7.256591941115305864e-04
7.245352771581370453e-04
7.234131009520920709e-04
7.222926627972877864e-04
7.211739600017923364e-04
7.200569898778427314e-04
7.189417497418389928e-04
7.178282369143378647e-04
7.167164487200460921e-04
7.156063824878131563e-04
7.144980355506268298e-04
7.133914052456046115e-04
7.122864889139893891e-04
7.111832839011405496e-04
7.100817875565304006e-04
7.089819972337359309e-04
7.078839102904326301e-04
7.067875240883891765e-04
7.056928359934597390e-04
7.045998433755786645e-04
7.035085436087537558e-04
7.024189340710599834e-04
7.013310121446333055e-04
7.002447752156639458e-04
6.991602206743910810e-04
6.980773459150950346e-04
6.969961483360930486e-04
6.959166253397311517e-04
6.948387743323784132e-04
6.937625927244220640e-04
6.926880779302592569e-04
6.916152273682916454e-04
6.905440384609205047e-04
6.894745086345378414e-04
6.884066353195228156e-04
6.873404159502341515e-04
6.862758479650040658e-04
6.852129288061326300e-04
6.841516559198811565e-04
6.830920267564664526e-04
6.820340387700544234e-04
6.809776894187536756e-04
6.799229761646100956e-04
6.788698964736006704e-04
6.778184478156265482e-04
6.767686276645078344e-04
6.757204334979773032e-04
6.746738627976741091e-04
6.736289130491379326e-04
6.725855817418030166e-04
6.715438663689920953e-04
6.705037644279097800e-04
6.694652734196378978e-04
6.684283908491281184e-04
6.673931142251962080e-04
6.663594410605172590e-04
6.653273688716176667e-04
6.642968951788712261e-04
6.632680175064916512e-04
6.622407333825276960e-04
6.612150403388565405e-04
6.601909359111775028e-04
6.591684176390074854e-04
6.581474830656737105e-04
6.571281297383085168e-04
6.561103552078432870e-04
6.550941570290027020e-04
6.540795327602985610e-04
6.530664799640241436e-04
6.520549962062483548e-04
6.510450790568095454e-04
6.500367260893105247e-04
6.490299348811117298e-04
6.480247030133258045e-04
6.470210280708120704e-04
6.460189076421704547e-04
6.450183393197355276e-04
6.440193206995707556e-04
6.430218493814632980e-04
6.420259229689177175e-04
6.410315390691500182e-04
6.400386952930826575e-04
6.390473892553378242e-04
6.380576185742327768e-04
6.370693808717732293e-04
6.360826737736481476e-04
6.350974949092234607e-04
6.341138419115376155e-04
6.331317124172940961e-04
6.321511040668574121e-04
6.311720145042467017e-04
6.301944413771296601e-04
6.292183823368176611e-04
6.282438350382597934e-04
6.272707971400370060e-04
6.262992663043566877e-04
6.253292401970473539e-04
6.243607164875522499e-04
6.233936928489247978e-04
6.224281669578220905e-04
6.214641364944995796e-04
6.205015991428061966e-04
6.195405525901774135e-04
6.185809945276307979e-04
6.176229226497600500e-04
6.166663346547299066e-04
6.157112282442696359e-04
6.147576011236682673e-04
6.138054510017692785e-04
6.128547755909646323e-04
6.119055726071890309e-04
6.109578397699154699e-04
6.100115748021480832e-04
6.090667754304184564e-04
6.081234393847791218e-04
6.071815643987985706e-04
6.062411482095552903e-04
6.053021885576325605e-04
6.043646831871134651e-04
6.034286298455750382e-04
6.024940262840825173e-04
6.015608702571847901e-04
6.006291595229083227e-04
5.996988918427518470e-04
5.987700649816818073e-04
5.978426767081253127e-04
5.969167247939666677e-04
5.959922070145409756e-04
5.950691211486281752e-04
5.941474649784495715e-04
5.932272362896605714e-04
5.923084328713464552e-04
5.913910525160173898e-04
5.904750930196014892e-04
5.895605521814414537e-04
5.886474278042881734e-04
5.877357176942955234e-04
5.868254196610153770e-04
5.859165315173920762e-04
5.850090510797575525e-04
5.841029761678257978e-04
5.831983046046874432e-04
5.822950342168049884e-04
5.813931628340073812e-04
5.804926882894850294e-04
5.795936084197837301e-04
5.786959210648002236e-04
5.777996240677770986e-04
5.769047152752973702e-04
5.760111925372793850e-04
5.751190537069712913e-04
5.742282966409461599e-04
5.733389191990975395e-04
5.724509192446324089e-04
5.715642946440684666e-04
5.706790432672271922e-04
5.697951629872292922e-04
5.689126516804897133e-04
5.680315072267126545e-04
5.671517275088860379e-04
5.662733104132766301e-04
5.653962538294254880e-04
5.645205556501415624e-04
5.636462137714984451e-04
5.627732260928273219e-04
5.619015905167136114e-04
5.610313049489912187e-04
5.601623672987370061e-04
5.592947754782669981e-04
5.584285274031304189e-04
5.575636209921047042e-04
5.567000541671908399e-04
5.558378248536085912e-04
5.549769309797905397e-04
5.541173704773786138e-04
5.532591412812175834e-04
5.524022413293508318e-04
5.515466685630158019e-04
5.506924209266379246e-04
5.498394963678270410e-04
5.489878928373712226e-04
5.481376082892327594e-04
5.472886406805428476e-04
5.464409879715963854e-04
5.455946481258479612e-04
5.447496191099059993e-04
5.439058988935283143e-04
5.430634854496173411e-04
5.422223767542153636e-04
5.413825707864987694e-04
5.405440655287741458e-04
5.397068589664734016e-04
5.388709490881485624e-04
5.380363338854665667e-04
5.372030113532054712e-04
5.363709794892490296e-04
5.355402362945812719e-04
5.347107797732831430e-04
5.338826079325263230e-04
5.330557187825694324e-04
5.322301103367527196e-04
5.314057806114935072e-04
5.305827276262808792e-04
5.297609494036717784e-04
5.289404439692860184e-04
5.281212093518008631e-04
5.273032435829474486e-04
5.264865446975047119e-04
5.256711107332957041e-04
5.248569397311828207e-04
5.240440297350623796e-04
5.232323787918601770e-04
5.224219849515280168e-04
5.216128462670367727e-04
5.208049607943734602e-04
5.199983265925358158e-04
5.191929417235285026e-04
5.183888042523569295e-04
5.175859122470239998e-04
5.167842637785244721e-04
5.159838569208414919e-04
5.151846897509408446e-04
5.143867603487664022e-04
5.135900667972364371e-04
5.127946071822380922e-04
5.120003795926235867e-04
5.112073821202047950e-04
5.104156128597488011e-04
5.096250699089742127e-04
5.088357513685450896e-04
5.080476553420682330e-04
5.072607799360866806e-04
5.064751232600766704e-04
5.056906834264425455e-04
5.049074585505115495e-04
5.041254467505308992e-04
5.033446461476616049e-04
5.025650548659750007e-04
5.017866710324474320e-04
5.010094927769568945e-04
5.002335182322776132e-04
4.994587455340757055e-04
4.986851728209047360e-04
4.979127982342015967e-04
4.971416199182814109e-04
4.963716360203337388e-04
4.956028446904178070e-04
4.948352440814577377e-04
4.940688323492388630e-04
4.933036076524024115e-04
4.925395681524419311e-04
4.917767120136986268e-04
4.910150374033562647e-04
4.902545424914378112e-04
4.894952254508002287e-04
4.887370844571306810e-04
4.879801176889413290e-04
4.872243233275662952e-04
4.864696995571558629e-04
4.857162445646728984e-04
4.849639565398885686e-04
4.842128336753775161e-04
4.834628741665136309e-04
4.827140762114663099e-04
4.819664380111952527e-04
4.812199577694467752e-04
4.804746336927491479e-04
4.797304639904084755e-04
4.789874468745043061e-04
4.782455805598854570e-04
4.775048632641652985e-04
4.767652932077182841e-04
4.760268686136747470e-04
4.752895877079174841e-04
4.745534487190767150e-04
4.738184498785264495e-04
4.730845894203797720e-04
4.723518655814849918e-04
4.716202766014211440e-04
4.708898207224938696e-04
4.701604961897312414e-04
4.694323012508792099e-04
4.687052341563978635e-04
4.679792931594570909e-04
4.672544765159320824e-04
4.665307824843995888e-04
4.658082093261333681e-04
4.650867553051001740e-04
4.643664186879556898e-04
4.636471977440400835e-04
4.629290907453739961e-04
4.622120959666545302e-04
4.614962116852510754e-04
4.607814361812007011e-04
4.600677677372045781e-04
4.593552046386239129e-04
4.586437451734752860e-04
4.579333876324268569e-04
4.572241303087942982e-04
4.565159714985366217e-04
4.558089095002521127e-04
4.551029426151741554e-04
4.543980691471673846e-04
4.536942874027233481e-04
4.529915956909564417e-04
4.522899923236000600e-04
4.515894756150024762e-04
4.508900438821224514e-04
4.501916954445258734e-04
4.494944286243810947e-04
4.487982417464550294e-04
4.481031331381096295e-04
4.474091011292969516e-04
4.467161440525560133e-04
4.460242602430083470e-04
4.453334480383539895e-04
4.446437057788678489e-04
4.439550318073950974e-04
4.432674244693477557e-04
4.425808821127005192e-04
4.418954030879865833e-04
4.412109857482941744e-04
4.405276284492620504e-04
4.398453295490758683e-04
4.391640874084642271e-04
4.384839003906945481e-04
4.378047668615693338e-04
4.371266851894220484e-04
4.364496537451137024e-04
4.357736709020279737e-04
4.350987350360683344e-04
4.344248445256535516e-04
4.337519977517137839e-04
4.330801930976871123e-04
4.324094289495150948e-04
4.317397036956395137e-04
4.310710157269979307e-04
4.304033634370200002e-04
4.297367452216239460e-04
4.290711594792121159e-04
4.284066046106676747e-04
4.277430790193504848e-04
4.270805811110932023e-04
4.264191092941977540e-04
4.257586619794312172e-04
4.250992375800220790e-04
4.244408345116564962e-04
4.237834511924743375e-04
4.231270860430657145e-04
4.224717374864668073e-04
4.218174039481562866e-04
4.211640838560514106e-04
4.205117756405043388e-04
4.198604777342984998e-04
4.192101885726443630e-04
4.185609065931761318e-04
4.179126302359480031e-04
4.172653579434298845e-04
4.166190881605044130e-04
4.159738193344624554e-04
4.153295499150000728e-04
4.146862783542141833e-04
4.140440031065994726e-04
4.134027226290440025e-04
4.127624353808259585e-04
4.121231398236100177e-04
4.114848344214431207e-04
4.108475176407514352e-04
4.102111879503361281e-04
4.095758438213700585e-04
4.089414837273939291e-04
4.083081061443128161e-04
4.076757095503918873e-04
4.070442924262536368e-04
4.064138532548737656e-04
4.057843905215773863e-04
4.051559027140358253e-04
4.045283883222623939e-04
4.039018458386093528e-04
4.032762737577640631e-04
4.026516705767452459e-04
4.020280347948994044e-04
4.014053649138974627e-04
4.007836594377308086e-04
4.001629168727081497e-04
3.995431357274513927e-04
3.989243145128923375e-04
3.983064517422692068e-04
3.976895459311229606e-04
3.970735955972936639e-04
3.964585992609170168e-04
3.958445554444206147e-04
3.952314626725208580e-04
3.946193194722187776e-04
3.940081243727968914e-04
3.933978759058158426e-04
3.927885726051103346e-04
3.921802130067860402e-04
3.915727956492158078e-04
3.909663190730365708e-04
3.903607818211452820e-04
3.897561824386956610e-04
3.891525194730951044e-04
3.885497914740003488e-04
3.879479969933148143e-04
3.873471345851844851e-04
3.867472028059948733e-04
3.861482002143673867e-04
3.855501253711559142e-04
3.849529768394431388e-04
3.843567531845374480e-04
3.837614529739692476e-04
3.831670747774876544e-04
3.825736171670568648e-04
3.819810787168529016e-04
3.813894580032602534e-04
3.807987536048680795e-04
3.802089641024673371e-04
3.796200880790468238e-04
3.790321241197903588e-04
3.784450708120726628e-04
3.778589267454566473e-04
3.772736905116897289e-04
3.766893607047001966e-04
3.761059359205944476e-04
3.755234147576529211e-04
3.749417958163273881e-04
3.743610776992371022e-04
3.737812590111656559e-04
3.732023383590574563e-04
3.726243143520146356e-04
3.720471856012936901e-04
3.714709507203017391e-04
3.708956083245937068e-04
3.703211570318686897e-04
3.697475954619667583e-04
3.691749222368656503e-04
3.686031359806773555e-04
3.680322353196447543e-04
3.674622188821386371e-04
3.668930852986541794e-04
3.663248332018074192e-04
3.657574612263326543e-04
3.651909680090783226e-04
3.646253521890045085e-04
3.640606124071789308e-04
3.634967473067743414e-04
3.629337555330648928e-04
3.623716357334229397e-04
3.618103865573158405e-04
3.612500066563026509e-04
3.606904946840309252e-04
3.601318492962335719e-04
3.595740691507252223e-04
3.590171529073998987e-04
3.584610992282266238e-04
3.579059067772471440e-04
3.573515742205721343e-04
3.567981002263784338e-04
3.562454834649055220e-04
3.556937226084525374e-04
3.551428163313747536e-04
3.545927633100809232e-04
3.540435622230296998e-04
3.534952117507264395e-04
3.529477105757203824e-04
3.524010573826010743e-04
3.518552508579956021e-04
3.513102896905650162e-04
3.507661725710014568e-04
3.502228981920251188e-04
3.496804652483805650e-04
3.491388724368344495e-04
3.485981184561716688e-04
3.480582020071922716e-04
3.475191217927088572e-04
3.469808765175429969e-04
3.464434648885223074e-04
3.459068856144773062e-04
3.453711374062379421e-04
3.448362189766315897e-04
3.443021290404786041e-04
3.437688663145900439e-04
3.432364295177644728e-04
3.427048173707847073e-04
3.421740285964150518e-04
3.416440619193976663e-04
3.411149160664501273e-04
3.405865897662620125e-04
3.400590817494920275e-04
3.395323907487645906e-04
3.390065154986674476e-04
3.384814547357479315e-04
3.379572071985104142e-04
3.374337716274130000e-04
3.369111467648646524e-04
3.363893313552219957e-04
3.358683241447867128e-04
3.353481238818019675e-04
3.348287293164496940e-04
3.343101392008478319e-04
3.337923522890466404e-04
3.332753673370265294e-04
3.327591831026943735e-04
3.322437983458811808e-04
3.317292118283384069e-04
3.312154223137354610e-04
3.307024285676568327e-04
3.301902293575984600e-04
3.296788234529655069e-04
3.291682096250690562e-04
3.286583866471231284e-04
3.281493532942420790e-04
3.276411083434370214e-04
3.271336505736134950e-04
3.266269787655682677e-04
3.261210917019864621e-04
3.256159881674385199e-04
3.251116669483771664e-04
3.246081268331352959e-04
3.241053666119219604e-04
3.236033850768200927e-04
3.231021810217834167e-04
3.226017532426337904e-04
3.221021005370579542e-04
3.216032217046048739e-04
3.211051155466827052e-04
3.206077808665563542e-04
3.201112164693438455e-04
3.196154211620139368e-04
3.191203937533834624e-04
3.186261330541138100e-04
3.181326378767087518e-04
3.176399070355111383e-04
3.171479393467001328e-04
3.166567336282886101e-04
3.161662887001198490e-04
3.156766033838652561e-04
3.151876765030211126e-04
3.146995068829061353e-04
3.142120933506581154e-04
3.137254347352313164e-04
3.132395298673940889e-04
3.127543775797255636e-04
3.122699767066129954e-04
3.117863260842488899e-04
3.113034245506283472e-04
3.108212709455462973e-04
3.103398641105944099e-04
3.098592028891587096e-04
3.093792861264165936e-04
3.089001126693340137e-04
3.084216813666627107e-04
3.079439910689376128e-04
3.074670406284740168e-04
3.069908288993646061e-04
3.065153547374769574e-04
3.060406170004506673e-04
3.055666145476946963e-04
3.050933462403846038e-04
3.046208109414597293e-04
3.041490075156205362e-04
3.036779348293258468e-04
3.032075917507901864e-04
3.027379771499808555e-04
3.022690898986155994e-04
3.018009288701595716e-04
3.013334929398226781e-04
3.008667809845569753e-04
3.004007918830539593e-04
2.999355245157418011e-04
2.994709777647825279e-04
2.990071505140698004e-04
2.985440416492257686e-04
2.980816500575986868e-04
2.976199746282597145e-04
2.971590142520011283e-04
2.966987678213327977e-04
2.962392342304801798e-04
2.957804123753812828e-04
2.953223011536839021e-04
2.948648994647435598e-04
2.944082062096201437e-04
2.939522202910757392e-04
2.934969406135719727e-04
2.930423660832670845e-04
2.925884956080135975e-04
2.921353280973554983e-04
2.916828624625256898e-04
2.912310976164434427e-04
2.907800324737118479e-04
2.903296659506146723e-04
2.898799969651146241e-04
2.894310244368499918e-04
2.889827472871325841e-04
2.885351644389446942e-04
2.880882748169367688e-04
2.876420773474248601e-04
2.871965709583879697e-04
2.867517545794653921e-04
2.863076271419542755e-04
2.858641875788069109e-04
2.854214348246284015e-04
2.849793678156737893e-04
2.845379854898459409e-04
2.840972867866922952e-04
2.836572706474031281e-04
2.832179360148084630e-04
2.827792818333757941e-04
2.823413070492072127e-04
2.819040106100373475e-04
2.814673914652306001e-04
2.810314485657783258e-04
2.805961808642969905e-04
2.801615873150249724e-04
2.797276668738205019e-04
2.792944184981590054e-04
2.788618411471305574e-04
2.784299337814373867e-04
2.779986953633914915e-04
2.775681248569119826e-04
2.771382212275226445e-04
2.767089834423496581e-04
2.762804104701186737e-04
2.758525012811529676e-04
2.754252548473701896e-04
2.749986701422805742e-04
2.745727461409841214e-04
2.741474818201682659e-04
2.737228761581053291e-04
2.732989281346500255e-04
2.728756367312374026e-04
2.724530009308798054e-04
2.720310197181645450e-04
2.716096920792521099e-04
2.711890170018728592e-04
2.707689934753251793e-04
2.703496204904727194e-04
2.699308970397421687e-04
2.695128221171208169e-04
2.690953947181540609e-04
2.686786138399428563e-04
2.682624784811416582e-04
2.678469876419558725e-04
2.674321403241392003e-04
2.670179355309916318e-04
2.666043722673568442e-04
2.661914495396197080e-04
2.657791663557041730e-04
2.653675217250705577e-04
2.649565146587135977e-04
2.645461441691595184e-04
2.641364092704643544e-04
2.637273089782108055e-04
2.633188423095064474e-04
2.629110082829812928e-04
2.625038059187849719e-04
2.620972342385852151e-04
2.616912922655644912e-04
2.612859790244185447e-04
2.608812935413536843e-04
2.604772348440841817e-04
2.600738019618305903e-04
2.596709939253166017e-04
2.592688097667674731e-04
2.588672485199073714e-04
2.584663092199566622e-04
2.580659909036305552e-04
2.576662926091357426e-04
2.572672133761688272e-04
2.568687522459136121e-04
2.564709082610391487e-04
2.560736804656968640e-04
2.556770679055188800e-04
2.552810696276154655e-04
2.548856846805727596e-04
2.544909121144502779e-04
2.540967509807789612e-04
2.537032003325588440e-04
2.533102592242566153e-04
2.529179267118033419e-04
2.525262018525922998e-04
2.521350837054768599e-04
2.517445713307679949e-04
2.513546637902319475e-04
2.509653601470882792e-04
2.505766594660073228e-04
2.501885608131081758e-04
2.498010632559564785e-04
2.494141658635617032e-04
2.490278677063755279e-04
2.486421678562892885e-04
2.482570653866315391e-04
2.478725593721665347e-04
2.474886488890913573e-04
2.471053330150336938e-04
2.467226108290501013e-04
2.463404814116232962e-04
2.459589438446603657e-04
2.455779972114902196e-04
2.451976405968616930e-04
2.448178730869408903e-04
2.444386937693095586e-04
2.440601017329625127e-04
2.436820960683055753e-04
2.433046758671532459e-04
2.429278402227268304e-04
2.425515882296520019e-04
2.421759189839566050e-04
2.418008315830687586e-04
2.414263251258143349e-04
2.410523987124150080e-04
2.406790514444861399e-04
2.403062824250344219e-04
2.399340907584558691e-04
2.395624755505336250e-04
2.391914359084358198e-04
2.388209709407134026e-04
2.384510797572980808e-04
2.380817614695000437e-04
2.377130151900059564e-04
2.373448400328767105e-04
2.369772351135454179e-04
2.366101995488152426e-04
2.362437324568572052e-04
2.358778329572080957e-04
2.355125001707684951e-04
2.351477332198004982e-04
2.347835312279255996e-04
2.344198933201227422e-04
2.340568186227260945e-04
2.336943062634229363e-04
2.333323553712516533e-04
2.329709650765995682e-04
2.326101345112009081e-04
2.322498628081346632e-04
2.318901491018225268e-04
2.315309925280268624e-04
2.311723922238484268e-04
2.308143473277247167e-04
2.304568569794274754e-04
2.300999203200607135e-04
2.297435364920589205e-04
2.293877046391846520e-04
2.290324239065266330e-04
2.286776934404978056e-04
2.283235123888329983e-04
2.279698799005871915e-04
2.276167951261332402e-04
2.272642572171599770e-04
2.269122653266700707e-04
2.265608186089780476e-04
2.262099162197082859e-04
2.258595573157929010e-04
2.255097410554698760e-04
2.251604665982807842e-04
2.248117331050690005e-04
2.244635397379776145e-04
2.241158856604473428e-04
2.237687700372146865e-04
2.234221920343097082e-04
2.230761508190542432e-04
2.227306455600597311e-04
2.223856754272252100e-04
2.220412395917356629e-04
2.216973372260594975e-04
2.213539675039469191e-04
2.210111296004278714e-04
2.206688226918098947e-04
2.203270459556764724e-04
2.199857985708846735e-04
2.196450797175636069e-04
2.193048885771119822e-04
2.189652243321965380e-04
2.186260861667498458e-04
2.182874732659683585e-04
2.179493848163106763e-04
2.176118200054952961e-04
2.172747780224988504e-04
2.169382580575541012e-04
2.166022593021479611e-04
2.162667809490195965e-04
2.159318221921585298e-04
2.155973822268025797e-04
2.152634602494360179e-04
2.149300554577876715e-04
2.145971670508288909e-04
2.142647942287716786e-04
2.139329361930667655e-04
2.136015921464017129e-04
2.132707612926990699e-04
2.129404428371140965e-04
2.126106359860333809e-04
2.122813399470725357e-04
2.119525539290745449e-04
2.116242771421076490e-04
2.112965087974636651e-04
2.109692481076558994e-04
2.106424942864173588e-04
2.103162465486987714e-04
2.099905041106669068e-04
2.096652661897024613e-04
2.093405320043982153e-04
2.090163007745573522e-04
2.086925717211912906e-04
2.083693440665181117e-04
2.080466170339604183e-04
2.077243898481436813e-04
2.074026617348942339e-04
2.070814319212374826e-04
2.067606996353960373e-04
2.064404641067878405e-04
2.061207245660243517e-04
2.058014802449086771e-04
2.054827303764337261e-04
2.051644741947803688e-04
2.048467109353154837e-04
2.045294398345903590e-04
2.042126601303387409e-04
2.038963710614748550e-04
2.035805718680919424e-04
2.032652617914598747e-04
2.029504400740239612e-04
2.026361059594026723e-04
2.023222586923860671e-04
2.020088975189338152e-04
2.016960216861735154e-04
2.013836304423987722e-04
2.010717230370674604e-04
2.007602987208000176e-04
2.004493567453774386e-04
2.001388963637395406e-04
1.998289168299832827e-04
1.995194173993608143e-04
1.992103973282779300e-04
1.989018558742919557e-04
1.985937922961101491e-04
1.982862058535879652e-04
1.979790958077271858e-04
1.976724614206741039e-04
1.973663019557179781e-04
1.970606166772889461e-04
1.967554048509564794e-04
1.964506657434274858e-04
1.961463986225447107e-04
1.958426027572848121e-04
1.955392774177566804e-04
1.952364218751997309e-04
1.949340354019820330e-04
1.946321172715986575e-04
1.943306667586698871e-04
1.940296831389395633e-04
1.937291656892731076e-04
1.934291136876561392e-04
1.931295264131924693e-04
1.928304031461023662e-04
1.925317431677209831e-04
1.922335457604966511e-04
1.919358102079888999e-04
1.916385357948669399e-04
1.913417218069079823e-04
1.910453675309953681e-04
1.907494722551169696e-04
1.904540352683633197e-04
1.901590558609262294e-04
1.898645333240967556e-04
1.895704669502636011e-04
1.892768560329114889e-04
1.889836998666193459e-04
1.886909977470587309e-04
1.883987489709920725e-04
1.881069528362709349e-04
1.878156086418344723e-04
1.875247156877075862e-04
1.872342732749993262e-04
1.869442807059012632e-04
1.866547372836856742e-04
1.863656423127039421e-04
1.860769950983849033e-04
1.857887949472332206e-04
1.855010411668275405e-04
1.852137330658190563e-04
1.849268699539297468e-04
1.846404511419505597e-04
1.843544759417400838e-04
1.840689436662225429e-04
1.837838536293865223e-04
1.834992051462829086e-04
1.832149975330236156e-04
1.829312301067796329e-04
1.826479021857796978e-04
1.823650130893083438e-04
1.820825621377044907e-04
1.818005486523597105e-04
1.815189719557166548e-04
1.812378313712672932e-04
1.809571262235515040e-04
1.806768558381552305e-04
1.803970195417090451e-04
1.801176166618864141e-04
1.798386465274020717e-04
1.795601084680105289e-04
1.792820018145043664e-04
1.790043258987126346e-04
1.787270800534992553e-04
1.784502636127614761e-04
1.781738759114281088e-04
1.778979162854581739e-04
1.776223840718391394e-04
1.773472786085852936e-04
1.770725992347362281e-04
1.767983452903553463e-04
1.765245161165280479e-04
1.762511110553604274e-04
1.759781294499773502e-04
1.757055706445212321e-04
1.754334339841502513e-04
1.751617188150367212e-04
1.748904244843657086e-04
1.746195503403334074e-04
1.743490957321454577e-04
1.740790600100154825e-04
1.738094425251635153e-04
1.735402426298145097e-04
1.732714596771965773e-04
1.730030930215396595e-04
1.727351420180738473e-04
1.724676060230278358e-04
1.722004843936274883e-04
1.719337764880940738e-04
1.716674816656430208e-04
1.714015992864821277e-04
1.711361287118101269e-04
1.708710693038151664e-04
1.706064204256732379e-04
1.703421814415466049e-04
1.700783517165824741e-04
1.698149306169111528e-04
1.695519175096448015e-04
1.692893117628758081e-04
1.690271127456752698e-04
1.687653198280913936e-04
1.685039323811482503e-04
1.682429497768439303e-04
1.679823713881491620e-04
1.677221965890060378e-04
1.674624247543260349e-04
1.672030552599889860e-04
1.669440874828412357e-04
1.666855208006943936e-04
1.664273545923237356e-04
1.661695882374665501e-04
1.659122211168209454e-04
1.656552526120441964e-04
1.653986821057512266e-04
1.651425089815132801e-04
1.648867326238561597e-04
1.646313524182591698e-04
1.643763677511531106e-04
1.641217780099193837e-04
1.638675825828880676e-04
1.636137808593365894e-04
1.633603722294883157e-04
1.631073560845111158e-04
1.628547318165157623e-04
1.626024988185545222e-04
1.623506564846197197e-04
1.620992042096423000e-04
1.618481413894904200e-04
1.615974674209678485e-04
1.613471817018125845e-04
1.610972836306954201e-04
1.608477726072185586e-04
1.605986480319140962e-04
1.603499093062425859e-04
1.601015558325915732e-04
1.598535870142743227e-04
1.596060022555280834e-04
1.593588009615130039e-04
1.591119825383103983e-04
1.588655463929215263e-04
1.586194919332660751e-04
1.583738185681808316e-04
1.581285257074180556e-04
1.578836127616442878e-04
1.576390791424388043e-04
1.573949242622922889e-04
1.571511475346053688e-04
1.569077483736871516e-04
1.566647261947538697e-04
1.564220804139275251e-04
1.561798104482345069e-04
1.559379157156039382e-04
1.556963956348666187e-04
1.554552496257534801e-04
1.552144771088940947e-04
1.549740775058154835e-04
1.547340502389405706e-04
1.544943947315867200e-04
1.542551104079647323e-04
1.540161966931769477e-04
1.537776530132163241e-04
1.535394787949647571e-04
1.533016734661917782e-04
1.530642364555532544e-04
1.528271671925898972e-04
1.525904651077260429e-04
1.523541296322681617e-04
1.521181601984034754e-04
1.518825562391987378e-04
1.516473171885986896e-04
1.514124424814249743e-04
1.511779315533743218e-04
1.509437838410176817e-04
1.507099987817985692e-04
1.504765758140317916e-04
1.502435143769021472e-04
1.500108139104630155e-04
1.497784738556350297e-04
1.495464936542047207e-04
1.493148727488232709e-04
1.490836105830050230e-04
1.488527066011262063e-04
1.486221602484236626e-04
1.483919709709934640e-04
1.481621382157894491e-04
1.479326614306222744e-04
1.477035400641576253e-04
1.474747735659152133e-04
1.472463613862672852e-04
1.470183029764374032e-04
1.467905977884990899e-04
1.465632452753745001e-04
1.463362448908330654e-04
1.461095960894903017e-04
1.458832983268064268e-04
1.456573510590850051e-04
1.454317537434717011e-04
1.452065058379530048e-04
1.449816068013548499e-04
1.447570560933413670e-04
1.445328531744135279e-04
1.443089975059080074e-04
1.440854885499956114e-04
1.438623257696803009e-04
1.436395086287976471e-04
1.434170365920136659e-04
1.431949091248235979e-04
1.429731256935503638e-04
1.427516857653436156e-04
1.425305888081782187e-04
1.423098342908530863e-04
1.420894216829897969e-04
1.418693504550314836e-04
1.416496200782413968e-04
1.414302300247017392e-04
1.412111797673123645e-04
1.409924687797895306e-04
1.407740965366645715e-04
1.405560625132827319e-04
1.403383661858017574e-04
1.401210070311908378e-04
1.399039845272291702e-04
1.396872981525048207e-04
1.394709473864133966e-04
1.392549317091568801e-04
1.390392506017423010e-04
1.388239035459805436e-04
1.386088900244849642e-04
1.383942095206703888e-04
1.381798615187516488e-04
1.379658455037425515e-04
1.377521609614544161e-04
1.375388073784949896e-04
1.373257842422671458e-04
1.371130910409677469e-04
1.369007272635862880e-04
1.366886923999038135e-04
1.364769859404913713e-04
1.362656073767093087e-04
1.360545562007056458e-04
1.358438319054149101e-04
1.356334339845571065e-04
1.354233619326363077e-04
1.352136152449395431e-04
1.350041934175354706e-04
1.347950959472733734e-04
1.345863223317817240e-04
1.343778720694671267e-04
1.341697446595130165e-04
1.339619396018786024e-04
1.337544563972975118e-04
1.335472945472765708e-04
1.333404535540948016e-04
1.331339329208020667e-04
1.329277321512178770e-04
1.327218507499303341e-04
1.325162882222948024e-04
1.323110440744326081e-04
1.321061178132301988e-04
1.319015089463377341e-04
1.316972169821678930e-04
1.314932414298947627e-04
1.312895817994526456e-04
1.310862376015348130e-04
1.308832083475923935e-04
1.306804935498332614e-04
1.304780927212207634e-04
1.302760053754725526e-04
1.300742310270594233e-04
1.298727691912041993e-04
1.296716193838805958e-04
1.294707811218119456e-04
1.292702539224700330e-04
1.290700373040741186e-04
1.288701307855895297e-04
1.286705338867267384e-04
1.284712461279400339e-04
1.282722670304264380e-04
1.280735961161245668e-04
1.278752329077134653e-04
1.276771769286115499e-04
1.274794277029751453e-04
1.272819847556978063e-04
1.270848476124088818e-04
1.268880157994724028e-04
1.266914888439859719e-04
1.264952662737796785e-04
1.262993476174148250e-04
1.261037324041830866e-04
1.259084201641048851e-04
1.257134104279288196e-04
1.255187027271301755e-04
1.253242965939098950e-04
1.251301915611934652e-04
1.249363871626298073e-04
1.247428829325901380e-04
1.245496784061667496e-04
1.243567731191721158e-04
1.241641666081376449e-04
1.239718584103125139e-04
1.237798480636626388e-04
1.235881351068695633e-04
1.233967190793293475e-04
1.232055995211514023e-04
1.230147759731574050e-04
1.228242479768803510e-04
1.226340150745631444e-04
1.224440768091577842e-04
1.222544327243241453e-04
1.220650823644288532e-04
1.218760252745442542e-04
1.216872610004473041e-04
1.214987890886184160e-04
1.213106090862405120e-04
1.211227205411977761e-04
1.209351230020746647e-04
1.207478160181548230e-04
1.205607991394199189e-04
1.203740719165486675e-04
1.201876339009156519e-04
1.200014846445903610e-04
1.198156237003360105e-04
1.196300506216084860e-04
1.194447649625553394e-04
1.192597662780146243e-04
1.190750541235139059e-04
1.188906280552691637e-04
1.187064876301836803e-04
1.185226324058470378e-04
1.183390619405339802e-04
1.181557757932035320e-04
1.179727735234976975e-04
1.177900546917405524e-04
1.176076188589371462e-04
1.174254655867724994e-04
1.172435944376104381e-04
1.170620049744926450e-04
1.168806967611375617e-04
1.166996693619393589e-04
1.165189223419669064e-04
1.163384552669626345e-04
1.161582677033416532e-04
1.159783592181905324e-04
1.157987293792663941e-04
1.156193777549958414e-04
1.154403039144738746e-04
1.152615074274629018e-04
1.150829878643916816e-04
1.149047447963543204e-04
1.147267777951092426e-04
1.145490864330780923e-04
1.143716702833447716e-04
1.141945289196544104e-04
1.140176619164123497e-04
1.138410688486830581e-04
1.136647492921891552e-04
1.134887028233104634e-04
1.133129290190828560e-04
1.131374274571972675e-04
1.129621977159988130e-04
1.127872393744855817e-04
1.126125520123077566e-04
1.124381352097666244e-04
1.122639885478133969e-04
1.120901116080483977e-04
1.119165039727199648e-04
1.117431652247234604e-04
1.115700949476002148e-04
1.113972927255366856e-04
1.112247581433632379e-04
1.110524907865533179e-04
1.108804902412224228e-04
1.107087560941270437e-04
1.105372879326636896e-04
1.103660853448680068e-04
1.101951479194135999e-04
1.100244752456111774e-04
1.098540669134076038e-04
1.096839225133847470e-04
1.095140416367586115e-04
1.093444238753784025e-04
1.091750688217253885e-04
1.090059760689120601e-04
1.088371452106811005e-04
1.086685758414043964e-04
1.085002675560821155e-04
1.083322199503416506e-04
1.081644326204367243e-04
1.079969051632464133e-04
1.078296371762740917e-04
1.076626282576465904e-04
1.074958780061131402e-04
1.073293860210444500e-04
1.071631519024317312e-04
1.069971752508857085e-04
1.068314556676357521e-04
1.066659927545287939e-04
1.065007861140284599e-04
1.063358353492140811e-04
1.061711400637968479e-04
1.060066998620762252e-04
1.058425143489644284e-04
1.056785831299939719e-04
1.055149058113084810e-04
1.053514819996615798e-04
1.051883113024159705e-04
1.050253933275425110e-04
1.048627276836192263e-04
1.047003139798303323e-04
1.045381518259654632e-04
1.043762408324185200e-04
1.042145806101868705e-04
1.040531707708703329e-04
1.038920109266704036e-04
1.037311006903890778e-04
1.035704396754281585e-04
1.034100274957881180e-04
1.032498637660673660e-04
1.030899481014611792e-04
1.029302801177608474e-04
1.027708594313527245e-04
1.026116856592172938e-04
1.024527584189283006e-04
1.022940773286518031e-04
1.021356420071452108e-04
1.019774520737564571e-04
1.018195071484230243e-04
1.016618068516710077e-04
1.015043508046142758e-04
1.013471386289535353e-04
1.011901699469753684e-04
1.010334443815514064e-04
1.008769615561373674e-04
1.007207210947722162e-04
1.005647226220770932e-04
1.004089657632546511e-04
1.002534501440880375e-04
1.000981753909399065e-04
9.994314113075165895e-05
9.978834699104252148e-05
9.963379259990861106e-05
9.947947758602201354e-05
9.932540157863001110e-05
9.917156420755402521e-05
9.901796510318892539e-05
9.886460389650197217e-05
9.871148021903199034e-05
9.855859370288847453e-05
9.840594398075074890e-05
9.825353068586701851e-05
9.810135345205356968e-05
9.794941191369380780e-05
9.779770570573741704e-05
9.764623446369949302e-05
9.749499782365962121e-05
9.734399542226107734e-05
9.719322689670986518e-05
9.704269188477395759e-05
9.689239002478226652e-05
9.674232095562397896e-05
9.659248431674747270e-05
9.644287974815963875e-05
9.629350689042487843e-05
9.614436538466431730e-05
9.599545487255495139e-05
9.584677499632867140e-05
9.569832539877159863e-05
9.555010572322300078e-05
9.540211561357461430e-05
9.525435471426973641e-05
9.510682267030231706e-05
9.495951912721615931e-05
9.481244373110406557e-05
9.466559612860699731e-05
9.451897596691316702e-05
9.437258289375725223e-05
9.422641655741948743e-05
9.408047660672493224e-05
9.393476269104249568e-05
9.378927446028420426e-05
9.364401156490421269e-05
9.349897365589815337e-05
9.335416038480217412e-05
9.320957140369211149e-05
9.306520636518270475e-05
9.292106492242671492e-05
9.277714672911412520e-05
9.263345143947124651e-05
9.248997870825998563e-05
9.234672819077693721e-05
9.220369954285257059e-05
9.206089242085044376e-05
9.191830648166629536e-05
9.177594138272733993e-05
9.163379678199130569e-05
9.149187233794572980e-05
9.135016770960707744e-05
9.120868255651992868e-05
9.106741653875620598e-05
9.092636931691425260e-05
9.078554055211814143e-05
9.064492990601679409e-05
9.050453704078315423e-05
9.036436161911340142e-05
9.022440330422616520e-05
9.008466175986169831e-05
8.994513665028100935e-05
8.980582764026514447e-05
8.966673439511432006e-05
8.952785658064720442e-05
8.938919386319994201e-05
8.925074590962557065e-05
8.911251238729305934e-05
8.897449296408654928e-05
8.883668730840466271e-05
8.869909508915947293e-05
8.856171597577596215e-05
8.842454963819107287e-05
8.828759574685294891e-05
8.815085397272016292e-05
8.801432398726091678e-05
8.787800546245224200e-05
8.774189807077922723e-05
8.760600148523420511e-05
8.747031537931600686e-05
8.733483942702914918e-05
8.719957330288306168e-05
8.706451668189130091e-05
8.692966923957072360e-05
8.679503065194082263e-05
8.666060059552285961e-05
8.652637874733907890e-05
8.639236478491200283e-05
8.625855838626357791e-05
8.612495922991441591e-05
8.599156699488312973e-05
8.585838136068538477e-05
8.572540200733326195e-05
8.559262861533447166e-05
8.546006086569149995e-05
8.532769843990093089e-05
8.519554101995268768e-05
8.506358828832915166e-05
8.493183992800457961e-05
8.480029562244418217e-05
8.466895505560344617e-05
8.453781791192736220e-05
8.440688387634962496e-05
8.427615263429194211e-05
8.414562387166326176e-05
8.401529727485897289e-05
8.388517253076018703e-05
8.375524932673296581e-05
8.362552735062762975e-05
8.349600629077791802e-05
8.336668583600031080e-05
8.323756567559325681e-05
8.310864549933645498e-05
8.297992499748998714e-05
8.285140386079377589e-05
8.272308178046664949e-05
8.259495844820571842e-05
8.246703355618561647e-05
8.233930679705771466e-05
8.221177786394941655e-05
8.208444645046341281e-05
8.195731225067699006e-05
8.183037495914119062e-05
8.170363427088021618e-05
8.157708988139054690e-05
8.145074148664033155e-05
8.132458878306860145e-05
8.119863146758453864e-05
8.107286923756677115e-05
8.094730179086262760e-05
8.082192882578740538e-05
8.069675004112369303e-05
8.057176513612059770e-05
8.044697381049298627e-05
8.032237576442091611e-05
8.019797069854869994e-05
8.007375831398437732e-05
7.994973831229887438e-05
7.982591039552536683e-05
7.970227426615848038e-05
7.957882962715368089e-05
7.945557618192646118e-05
7.933251363435169054e-05
7.920964168876288289e-05
7.908696004995146493e-05
7.896446842316613918e-05
7.884216651411204372e-05
7.872005402895019654e-05
7.859813067429670950e-05
7.847639615722207002e-05
7.835485018525047704e-05
7.823349246635914983e-05
7.811232270897751481e-05
7.799134062198667704e-05
7.787054591471857996e-05
7.774993829695540904e-05
7.762951747892877868e-05
7.750928317131916296e-05
7.738923508525512318e-05
7.726937293231258956e-05
7.714969642451427847e-05
7.703020527432889286e-05
7.691089919467048526e-05
7.679177789889772598e-05
7.667284110081326609e-05
7.655408851466301919e-05
7.643551985513548374e-05
7.631713483736103838e-05
7.619893317691130488e-05
7.608091458979842996e-05
7.596307879247438046e-05
7.584542550183030643e-05
7.572795443519583639e-05
7.561066531033839970e-05
7.549355784546258957e-05
7.537663175920937704e-05
7.525988677065558244e-05
7.514332259931310286e-05
7.502693896512824809e-05
7.491073558848109013e-05
7.479471219018478552e-05
7.467886849148488418e-05
7.456320421405870599e-05
7.444771908001459541e-05
7.433241281189139293e-05
7.421728513265756768e-05
7.410233576571074315e-05
7.398756443487689754e-05
7.387297086440978099e-05
7.375855477899023803e-05
7.364431590372548921e-05
7.353025396414853484e-05
7.341636868621753155e-05
7.330265979631497917e-05
7.318912702124723280e-05
7.307577008824373032e-05
7.296258872495646388e-05
7.284958265945913961e-05
7.273675162024666261e-05
7.262409533623451359e-05
7.251161353675793567e-05
7.239930595157147359e-05
7.228717231084821481e-05
7.217521234517908473e-05
7.206342578557235886e-05
7.195181236345290381e-05
7.184037181066155393e-05
7.172910385945451494e-05
7.161800824250261861e-05
7.150708469289076706e-05
7.139633294411728225e-05
7.128575273009326902e-05
7.117534378514188322e-05
7.106510584399783033e-05
7.095503864180664711e-05
7.084514191412407823e-05
7.073541539691545281e-05
7.062585882655500686e-05
7.051647193982535464e-05
7.040725447391672981e-05
7.029820616642642973e-05
7.018932675535817847e-05
7.008061597912147635e-05
6.997207357653094937e-05
6.986369928680580710e-05
6.975549284956915157e-05
6.964745400484734022e-05
6.953958249306937608e-05
6.943187805506633857e-05
6.932434043207065164e-05
6.921696936571555521e-05
6.910976459803446826e-05
6.900272587146035180e-05
6.889585292882503126e-05
6.878914551335873573e-05
6.868260336868933899e-05
6.857622623884176321e-05
6.847001386823743684e-05
6.836396600169357635e-05
6.825808238442272540e-05
6.815236276203194175e-05
6.804680688052234996e-05
6.794141448628849092e-05
6.783618532611763064e-05
6.773111914718927238e-05
6.762621569707447902e-05
6.752147472373526318e-05
6.741689597552403157e-05
6.731247920118290740e-05
6.720822414984321531e-05
6.710413057102480384e-05
6.700019821463547613e-05
6.689642683097035301e-05
6.679281617071135800e-05
6.668936598492651254e-05
6.658607602506944815e-05
6.648294604297870166e-05
6.637997579087717313e-05
6.627716502137154307e-05
6.617451348745164905e-05
6.607202094248991648e-05
6.596968714024073520e-05
6.586751183483989026e-05
6.576549478080396562e-05
6.566363573302977494e-05
6.556193444679372462e-05
6.546039067775127169e-05
6.535900418193631395e-05
6.525777471576060720e-05
6.515670203601318250e-05
6.505578589985977695e-05
6.495502606484222384e-05
6.485442228887786987e-05
6.475397433025903307e-05
6.465368194765233872e-05
6.455354490009824499e-05
6.445356294701040602e-05
6.435373584817510265e-05
6.425406336375063263e-05
6.415454525426680910e-05
6.405518128062429658e-05
6.395597120409415013e-05
6.385691478631707002e-05
6.375801178930304931e-05
6.365926197543057428e-05
6.364702487842018811e-05
